setting,iteration,use_selection,use_selection,mean_error,mean_error,variance,variance,dispersion,dispersion,dispersion_ratio,dispersion_ratio,swd_to_truth,swd_to_truth,num_samples,num_samples,run,run,seed,seed
,,mean,std,mean,std,mean,std,mean,std,mean,std,mean,std,mean,std,mean,std,mean,std
Accumulate,0,0.0,0.0,0.0,0.0,84.12649828456804,20.561120228712866,168.64424041594552,40.493765640014516,1.006383727084933,0.012378786191534971,0.07593369170294517,0.009771846750773975,,,3.0,1.5811388300841898,686.8,803.9674744664737
Accumulate,1,0.0,0.0,0.351443611673056,0.44987017131104956,83.4775444016407,21.30321459058132,165.17021879253758,40.692638154742056,0.9840110392369033,0.01783145784571022,0.18237264049461963,0.10966000581912774,300.0,0.0,3.0,1.5811388300841898,686.8,803.9674744664737
Accumulate,2,0.0,0.0,0.32850259948292626,0.23772398684600332,83.27215695190812,21.502219517752717,166.16906671453108,42.813709350662435,0.9883464636678687,0.017093280719256802,0.17990012317882975,0.08253970914674981,600.0,0.0,3.0,1.5811388300841898,686.8,803.9674744664737
Accumulate,3,0.0,0.0,0.3495589261741154,0.29693698682043,81.95897682546945,21.129856875242965,163.31341432212662,44.37178939151907,0.9684917332485394,0.03336204705431274,0.1818464938489853,0.06541927564123948,900.0,0.0,3.0,1.5811388300841898,686.8,803.9674744664737
Accumulate,4,0.0,0.0,0.3272400028731825,0.23964300530768656,81.33741722595212,20.958391052822027,162.16709199099355,40.9000684576323,0.9650498020292739,0.016697412672431064,0.16738893789981876,0.05064035265129273,1200.0,0.0,3.0,1.5811388300841898,686.8,803.9674744664737
Accumulate,5,0.0,0.0,0.3981833973895436,0.34605381307231403,81.01255081765983,20.89087955900866,161.79486293288176,41.93784340295863,0.9612740646690797,0.026128771383158875,0.19793471797903472,0.06598630350213555,1500.0,0.0,3.0,1.5811388300841898,686.8,803.9674744664737
Accumulate,6,0.0,0.0,0.38328695609709335,0.30061759142051414,81.3235485836313,21.475018556831515,162.58753744217833,43.24196026457892,0.9654418730090448,0.029372505438231417,0.19412638461341372,0.06028251491438737,1800.0,0.0,3.0,1.5811388300841898,686.8,803.9674744664737
Accumulate,7,0.0,0.0,0.4060027930894382,0.3179528906063342,81.52204268050725,21.401140339567707,163.22413040819984,42.89964164778237,0.9691233046243214,0.030095835534210576,0.19848256081850746,0.06516662595734647,2100.0,0.0,3.0,1.5811388300841898,686.8,803.9674744664737
Accumulate,8,0.0,0.0,0.3986483611606775,0.2630406573666602,81.46693857378439,21.201293540019492,162.43158007109088,41.8275122964666,0.9651950148131796,0.03245752049671585,0.18750953966250483,0.04646157044028413,2400.0,0.0,3.0,1.5811388300841898,686.8,803.9674744664737
Accumulate,9,0.0,0.0,0.3830476660304245,0.24752984703156242,81.2429166660233,21.260713012745292,163.17896854842184,41.21658058535828,0.9709217409952791,0.01969062865124517,0.20217200052115358,0.0565476157304641,2700.0,0.0,3.0,1.5811388300841898,686.8,803.9674744664737
Accumulate,10,0.0,0.0,0.3881914123053865,0.2546463221795073,81.13196493892454,21.25417658511843,161.38374120029553,41.35204173405308,0.9595570255308985,0.019272315379416,0.1913904812489128,0.0654525223781137,3000.0,0.0,3.0,1.5811388300841898,686.8,803.9674744664737
Accumulate,11,0.0,0.0,0.38763388530970755,0.26648390765423224,81.36799434578504,21.681753624023244,163.47399543946807,43.770764281854426,0.9700431483169633,0.031000028920200953,0.19348031089307274,0.05500740163927145,3300.0,0.0,3.0,1.5811388300841898,686.8,803.9674744664737
Accumulate,12,0.0,0.0,0.38735310686406305,0.27093344235022265,81.35490871684587,21.804247035254775,163.46619878173843,44.81540249649522,0.9689948660146976,0.032999814650915865,0.21265577548021194,0.07428495772249359,3600.0,0.0,3.0,1.5811388300841898,686.8,803.9674744664737
Accumulate,13,0.0,0.0,0.38729020968167543,0.2675937845567794,81.3922558666876,21.872460981257287,163.08075120270263,44.63271658561724,0.9670314735642256,0.0348779424637915,0.18339428538718378,0.05585509682519338,3900.0,0.0,3.0,1.5811388300841898,686.8,803.9674744664737
Accumulate,14,0.0,0.0,0.37258765394054566,0.25960284741449496,81.29826137394794,21.718855916872243,162.9296732492042,43.859035514830936,0.9667171307180327,0.030082261186110706,0.19932692675875868,0.0630933689177067,4200.0,0.0,3.0,1.5811388300841898,686.8,803.9674744664737
Accumulate,15,0.0,0.0,0.3781922814723636,0.2573518535458653,81.26110910929027,21.60872348077819,162.2775790573733,42.24076504890398,0.964196595087859,0.023525255717060614,0.20111141695346055,0.05551980987751568,4500.0,0.0,3.0,1.5811388300841898,686.8,803.9674744664737
Accumulate,16,0.0,0.0,0.37767288133242205,0.25519974563700887,81.19167904738707,21.406774865600333,162.74427585107588,44.52303616643241,0.9647504084534171,0.035801848736081845,0.18354901166732845,0.06943905767767303,4800.0,0.0,3.0,1.5811388300841898,686.8,803.9674744664737
Accumulate,17,0.0,0.0,0.3850861819688868,0.2574938577179508,81.19915734716467,21.627008481454506,162.86154642976663,41.757718707713074,0.968426691385945,0.021599544359492174,0.18778441426208226,0.05463610568294901,5100.0,0.0,3.0,1.5811388300841898,686.8,803.9674744664737
Accumulate,18,0.0,0.0,0.39241725912826825,0.26393017980275685,81.22273146685669,21.518924646404304,161.61996785105367,43.876544532433634,0.9586974231632055,0.030450413557888488,0.18792235785947364,0.045854543664287976,5400.0,0.0,3.0,1.5811388300841898,686.8,803.9674744664737
Accumulate,19,0.0,0.0,0.39157634991898727,0.27490472058564486,81.22459946772796,21.524153906413304,161.5495221120978,42.8007014873619,0.9588566924501896,0.029013831797031243,0.20057163041460363,0.052159048033619516,5700.0,0.0,3.0,1.5811388300841898,686.8,803.9674744664737
Accumulate,20,0.0,0.0,0.3965971587018009,0.2756265048839226,81.32774555973467,21.614523638119923,162.31385199492496,42.97495474639581,0.9638570050285041,0.024745983083133007,0.19831827312418077,0.04448170931937898,6000.0,0.0,3.0,1.5811388300841898,686.8,803.9674744664737
Accumulate,21,0.0,0.0,0.3809527460629258,0.2616161751884329,81.29060272104012,21.61174569666124,163.57196810060628,44.467581581895686,0.9703353201624682,0.03231436033025105,0.1980401704047828,0.05519238527285884,6300.0,0.0,3.0,1.5811388300841898,686.8,803.9674744664737
Accumulate,22,0.0,0.0,0.3797951408921727,0.25267241018224423,81.40850266819527,21.808593974869503,161.76048437371477,43.02614436206627,0.9602430949259245,0.02762246390946191,0.19326619077871895,0.05666173657332046,6600.0,0.0,3.0,1.5811388300841898,686.8,803.9674744664737
Accumulate,23,0.0,0.0,0.374023546955918,0.24559687231345562,81.38607762350686,21.87667643982615,162.53646932005478,44.310016226013296,0.9638684427330013,0.030964421213857538,0.1838280878161142,0.05607091488208088,6900.0,0.0,3.0,1.5811388300841898,686.8,803.9674744664737
Accumulate,24,0.0,0.0,0.37258249953201295,0.23973002094586895,81.34793094838703,21.990824297265384,163.7761087446376,43.71097251196085,0.972490484424411,0.02751864602756733,0.18676863323756993,0.049876374025134305,7200.0,0.0,3.0,1.5811388300841898,686.8,803.9674744664737
Accumulate,25,0.0,0.0,0.3690720835549093,0.23978603868426301,81.44489426586276,22.02622213944298,162.65457645306998,43.72069193114962,0.965233604504608,0.030433397064596898,0.1817810356454739,0.045491852952899196,7500.0,0.0,3.0,1.5811388300841898,686.8,803.9674744664737
Accumulate,26,0.0,0.0,0.37016438987438605,0.2334149744064329,81.33001255508984,21.961316728989125,162.19766874131014,43.51373664570475,0.9626407953535152,0.026065831242903657,0.17683233706750787,0.031806254648419637,7800.0,0.0,3.0,1.5811388300841898,686.8,803.9674744664737
Accumulate,27,0.0,0.0,0.3721741163980822,0.23293247602822736,81.27938584592297,21.998977552022847,163.32837449759586,44.33079526658724,0.9688314760441736,0.03271295374905209,0.18212300073791027,0.03863221562727353,8100.0,0.0,3.0,1.5811388300841898,686.8,803.9674744664737
Accumulate,28,0.0,0.0,0.37242470323942617,0.22879367180104404,81.32585098591377,22.04887620075514,162.81288698253425,44.39857140873186,0.9654553226969398,0.03380725593243844,0.19418561735237133,0.03642811388831682,8400.0,0.0,3.0,1.5811388300841898,686.8,803.9674744664737
Accumulate,29,0.0,0.0,0.3765532251302994,0.22749734288170742,81.30896620903867,22.059811086708486,163.75231691022267,45.05681050793578,0.9708635736109686,0.03458685245167859,0.1986145047535214,0.041696151882131244,8700.0,0.0,3.0,1.5811388300841898,686.8,803.9674744664737
Accumulate,30,0.0,0.0,0.3765536527041865,0.23030809945828343,81.29035027676488,21.99114328863999,163.90039760821077,44.69936724044049,0.9722443217172583,0.034466270789000705,0.1951061101313076,0.07604146554264439,9000.0,0.0,3.0,1.5811388300841898,686.8,803.9674744664737
Accumulate,31,0.0,0.0,0.3747866934061139,0.23231743501984367,81.28205403196922,22.08643115240645,163.83011641528907,44.593835072253555,0.9717885224940138,0.03158587791266041,0.19910332875802192,0.05645046999559714,9300.0,0.0,3.0,1.5811388300841898,686.8,803.9674744664737
Accumulate,32,0.0,0.0,0.36578170467646254,0.22453154202047135,81.32654869099808,22.155074191998192,162.03090598007776,44.06134863866821,0.9611794305261471,0.029539572805840176,0.2027855039154689,0.044418274645070546,9600.0,0.0,3.0,1.5811388300841898,686.8,803.9674744664737
Accumulate,33,0.0,0.0,0.35974421303125526,0.22054744677376398,81.26551002521875,22.1002399357152,162.6064356701095,44.15694352494274,0.9646051820658726,0.03779698729379552,0.18627662385277208,0.04278623631545068,9900.0,0.0,3.0,1.5811388300841898,686.8,803.9674744664737
Accumulate,34,0.0,0.0,0.35816531208563684,0.22010979369684297,81.31640545537172,22.149002897509178,161.61713657382745,44.865556881314866,0.9571685303450831,0.03851844800771357,0.1811477451173073,0.03776404447106069,10200.0,0.0,3.0,1.5811388300841898,686.8,803.9674744664737
Accumulate,35,0.0,0.0,0.36222161732037195,0.2300467885068471,81.35709901329339,22.19024050501049,163.02749151384583,43.10073391574871,0.9680185446007533,0.03176148374590352,0.2041242120659496,0.07662075624357746,10500.0,0.0,3.0,1.5811388300841898,686.8,803.9674744664737
Accumulate,36,0.0,0.0,0.3679610525774458,0.23868408214704007,81.40222241282115,22.18574115171827,163.13537640309693,43.83836793908083,0.967996859474488,0.02730118903613416,0.18599726884883283,0.03711166259461259,10800.0,0.0,3.0,1.5811388300841898,686.8,803.9674744664737
Accumulate,37,0.0,0.0,0.36916005890857256,0.2330330185995671,81.33446562038088,22.13210022698851,164.4729388088785,43.96257653812609,0.9764581001472873,0.0311421674350135,0.19689370969558662,0.05324144807736506,11100.0,0.0,3.0,1.5811388300841898,686.8,803.9674744664737
Accumulate,38,0.0,0.0,0.3666553043384952,0.2300080976669797,81.36716583962496,22.171923623150963,162.64228243574536,44.89940959429618,0.9637407989972676,0.03701578297740199,0.1965836965901197,0.038151655063289325,11400.0,0.0,3.0,1.5811388300841898,686.8,803.9674744664737
Accumulate,39,0.0,0.0,0.3669412400933624,0.23419880168270948,81.36505810257867,22.160269402622646,162.66164044150713,44.47647947724803,0.964396925974041,0.03284150083813621,0.2050360480245584,0.05736021978983499,11700.0,0.0,3.0,1.5811388300841898,686.8,803.9674744664737
Accumulate,40,0.0,0.0,0.3641656108252409,0.2365194877749973,81.38235257483088,22.181158549031583,160.7127552454022,42.98850513988455,0.9539629243449159,0.02606880711766512,0.20179158581876816,0.07503822119669246,12000.0,0.0,3.0,1.5811388300841898,686.8,803.9674744664737
Accumulate,41,0.0,0.0,0.3681257489418256,0.2441649355682836,81.35129801587664,22.13845424728529,163.12181212178137,44.396858576785206,0.9673319644218854,0.030525449156075,0.19610842378979557,0.05644873100130727,12300.0,0.0,3.0,1.5811388300841898,686.8,803.9674744664737
Accumulate,42,0.0,0.0,0.36353843846882905,0.24042556480574295,81.43303465704305,22.265084374110437,163.5538472396593,45.23610003819442,0.9691316461260318,0.033973992988878765,0.20394027249737645,0.05432122033196719,12600.0,0.0,3.0,1.5811388300841898,686.8,803.9674744664737
Accumulate,43,0.0,0.0,0.3617413766603224,0.2398301245138031,81.45058717679548,22.29857744603876,162.85744823364095,44.595456322236906,0.9652307891364587,0.0371535613784041,0.2086953391737118,0.05652834784692848,12900.0,0.0,3.0,1.5811388300841898,686.8,803.9674744664737
Accumulate,44,0.0,0.0,0.36891693840005013,0.2487230690830298,81.45707884660422,22.272286429170492,163.69096617136466,46.152749689702766,0.9690999250871979,0.03958527620867518,0.19547126505684326,0.06467556188990911,13200.0,0.0,3.0,1.5811388300841898,686.8,803.9674744664737
Accumulate,45,0.0,0.0,0.36707854060038203,0.249715651830662,81.5209888357987,22.322888215294167,163.19354905403412,44.68432373920912,0.9674951619771497,0.033444079658048124,0.19852669557731062,0.05587728679697123,13500.0,0.0,3.0,1.5811388300841898,686.8,803.9674744664737
Accumulate,46,0.0,0.0,0.3705031425434998,0.25131471720107934,81.53880540932388,22.38719334384598,163.37192067101722,46.77093189021157,0.9669216345448802,0.044350317015176714,0.19103538470275858,0.05418317111037281,13800.0,0.0,3.0,1.5811388300841898,686.8,803.9674744664737
Accumulate,47,0.0,0.0,0.3674058290436132,0.2428656361691656,81.5215331494146,22.409531068123634,164.3446352318127,46.00814903488826,0.9734047085160255,0.03849899184704687,0.180770504111237,0.03520805185019487,14100.0,0.0,3.0,1.5811388300841898,686.8,803.9674744664737
Accumulate,48,0.0,0.0,0.3747879519518394,0.2477427882016728,81.55151363869977,22.41786824257641,162.81844345365045,44.02741845015965,0.9659219291152497,0.029186416295762536,0.1789045506708602,0.04124312871435543,14400.0,0.0,3.0,1.5811388300841898,686.8,803.9674744664737
Accumulate,49,0.0,0.0,0.3676749674659989,0.24108551293632108,81.58151603951497,22.396884201954673,162.899326589705,45.91307488181551,0.9647243359838689,0.03917087323303329,0.19470802787495872,0.06175295919415057,14700.0,0.0,3.0,1.5811388300841898,686.8,803.9674744664737
Accumulate,50,0.0,0.0,0.36617227440487754,0.23764447430021635,81.54629334379163,22.389607803775796,161.50645963731577,43.31307187286133,0.9585713698456757,0.027772306250639107,0.20787139513565825,0.059746584441521706,15000.0,0.0,3.0,1.5811388300841898,686.8,803.9674744664737
Accumulate,51,0.0,0.0,0.367201746987945,0.2424174066438732,81.58464602110723,22.440423951903888,162.94612899318832,44.81561896727419,0.9660525727743486,0.03839490970789279,0.20088622421805793,0.06604880363439092,15300.0,0.0,3.0,1.5811388300841898,686.8,803.9674744664737
Accumulate,52,0.0,0.0,0.37099940407178067,0.2492969771801992,81.56864195425635,22.385404551387268,164.40913361570182,45.413236497439115,0.9742068937238451,0.03653413358121873,0.1686252889993749,0.03459912122021059,15600.0,0.0,3.0,1.5811388300841898,686.8,803.9674744664737
Accumulate,53,0.0,0.0,0.371802501774679,0.2511753408776539,81.57048707231314,22.456635694601893,163.0682826759799,45.191863247347385,0.9664778398112279,0.03595209317288727,0.1841943536608192,0.04757381623455122,15900.0,0.0,3.0,1.5811388300841898,686.8,803.9674744664737
Accumulate,54,0.0,0.0,0.3703348949027646,0.2497793531648509,81.58659643678558,22.498080126403632,163.55202308452192,46.353715640116434,0.9683091083337712,0.04199248978564956,0.19633062110142818,0.04731365288731814,16200.0,0.0,3.0,1.5811388300841898,686.8,803.9674744664737
Accumulate,55,0.0,0.0,0.3650492413603875,0.24704725066278288,81.57787143138054,22.53799389674822,163.12330582486,44.62884488451329,0.9674451957990285,0.035244221054441735,0.19523590752802297,0.04455956432179981,16500.0,0.0,3.0,1.5811388300841898,686.8,803.9674744664737
Accumulate,56,0.0,0.0,0.36581469999949234,0.2532204334737737,81.59328616095802,22.55121288602439,162.27457680505947,44.3783126326068,0.9623610810902223,0.034329921855116685,0.1947998990394492,0.05164860707627128,16800.0,0.0,3.0,1.5811388300841898,686.8,803.9674744664737
Accumulate,57,0.0,0.0,0.37033151380036017,0.2607534701632146,81.58733302310807,22.592601737358017,163.34969282389233,46.1808526412654,0.9668780540939979,0.04421886524527055,0.19891745876799988,0.06166520739795855,17100.0,0.0,3.0,1.5811388300841898,686.8,803.9674744664737
Accumulate,58,0.0,0.0,0.3699041041312302,0.2602810176803007,81.59047567144705,22.610123456015675,163.0370258971765,43.63628611133676,0.9678774479622504,0.0276670957400858,0.19054117708404533,0.05244845883003806,17400.0,0.0,3.0,1.5811388300841898,686.8,803.9674744664737
Accumulate,59,0.0,0.0,0.3678500860078843,0.25931404240623124,81.59975172655689,22.657934929042426,163.2874123819157,45.435876351597024,0.967356613412041,0.035857581950305514,0.1960010421484528,0.06273958692144936,17700.0,0.0,3.0,1.5811388300841898,686.8,803.9674744664737
Accumulate,60,0.0,0.0,0.36913458513567476,0.25975101862778444,81.61175810150117,22.731384279329582,164.18415187847634,45.98490810717939,0.9723101587843033,0.039004077236616246,0.1959859406212796,0.06060371489022267,18000.0,0.0,3.0,1.5811388300841898,686.8,803.9674744664737
Accumulate,61,0.0,0.0,0.36925014063900596,0.25539502221408295,81.62682025465604,22.712629222680746,163.84641338479116,45.23807744179815,0.9709669454851412,0.03793919117777386,0.1998024521548603,0.05764750978915943,18300.0,0.0,3.0,1.5811388300841898,686.8,803.9674744664737
Accumulate,62,0.0,0.0,0.3690000306262382,0.25614374954930763,81.62776835220936,22.710424486002115,162.2368527930456,45.53174645660016,0.960685741568913,0.03829746048678289,0.20395331619781215,0.057218022810349586,18600.0,0.0,3.0,1.5811388300841898,686.8,803.9674744664737
Accumulate,63,0.0,0.0,0.3668785256707994,0.2531892512936061,81.64565805150565,22.7302245073602,162.79012237686248,44.709775287213674,0.9646438444627021,0.03480000938708966,0.19330104755675923,0.046619344385260726,18900.0,0.0,3.0,1.5811388300841898,686.8,803.9674744664737
Accumulate,64,0.0,0.0,0.3669899233796614,0.255208932991146,81.64759472818682,22.75956938317109,163.77232780260567,45.22748718429957,0.9707939915347416,0.03607162564509373,0.20230035768918442,0.0607390925821728,19200.0,0.0,3.0,1.5811388300841898,686.8,803.9674744664737
Accumulate,65,0.0,0.0,0.3687143462492216,0.2574298126333184,81.6359216298399,22.759036739747874,162.33318854085903,43.84153160460785,0.9628716148484591,0.03168531310821674,0.19233231325562555,0.051221793239323736,19500.0,0.0,3.0,1.5811388300841898,686.8,803.9674744664737
Accumulate,66,0.0,0.0,0.3714991897855023,0.263144933676234,81.64468551022478,22.748520391974317,163.62148044757328,44.463449259845106,0.9703197881613536,0.03250886173669791,0.20938310589899425,0.08606103572051363,19800.0,0.0,3.0,1.5811388300841898,686.8,803.9674744664737
Accumulate,67,0.0,0.0,0.3696341838403683,0.2600983686536164,81.63839284725,22.699365662228182,162.96451794619438,44.77619435274075,0.9664451944771238,0.036668837500093435,0.18866587042479324,0.05908650793376006,20100.0,0.0,3.0,1.5811388300841898,686.8,803.9674744664737
Accumulate,68,0.0,0.0,0.3690026819227191,0.2597815448425087,81.64618222481322,22.67821638251749,162.60227658108315,46.061762374537544,0.9623632906953207,0.04185502707849987,0.19387906738843103,0.06245937546516129,20400.0,0.0,3.0,1.5811388300841898,686.8,803.9674744664737
Accumulate,69,0.0,0.0,0.3693141993265928,0.2583835619161992,81.64201994352966,22.708953280164614,163.57995803214163,45.69463181858176,0.9686169121899603,0.041361065009235136,0.1883748289612383,0.052624526353787754,20700.0,0.0,3.0,1.5811388300841898,686.8,803.9674744664737
Accumulate,70,0.0,0.0,0.3735083613939653,0.26321991992566945,81.67222561209314,22.704452381511807,163.28379715387842,46.43899733282253,0.9663061932610061,0.04054523422483484,0.19949963172122237,0.05105250886042172,21000.0,0.0,3.0,1.5811388300841898,686.8,803.9674744664737
Accumulate,71,0.0,0.0,0.3744898343550748,0.2645173242767987,81.64375782017946,22.720041441914073,164.06712453296367,47.36249675139784,0.9702575224241101,0.045768368694504825,0.18963311555221218,0.053847093870156876,21300.0,0.0,3.0,1.5811388300841898,686.8,803.9674744664737
Accumulate,72,0.0,0.0,0.3763573227606996,0.2649684161227967,81.62524320184588,22.698387399296497,162.90081007397725,45.656291757276676,0.9650258023672297,0.040195532561545996,0.2002841871351871,0.06347537847552488,21600.0,0.0,3.0,1.5811388300841898,686.8,803.9674744664737
Accumulate,73,0.0,0.0,0.3752865890008512,0.2647907441198445,81.63078563990723,22.71132004232018,163.01032747780687,44.31632628023051,0.9670959232538824,0.034000808155282815,0.2033789872589597,0.06700673121607578,21900.0,0.0,3.0,1.5811388300841898,686.8,803.9674744664737
Accumulate,74,0.0,0.0,0.37340853212053754,0.26405813981818044,81.63249288119216,22.714693654452155,161.91532481062208,43.94896511489187,0.9604977019165857,0.03518483141537056,0.19443045959087982,0.0601091887316127,22200.0,0.0,3.0,1.5811388300841898,686.8,803.9674744664737
Accumulate,75,0.0,0.0,0.37152479860578713,0.2634360883228529,81.65809217050084,22.72191820703921,163.99747628637095,45.09929398403456,0.9721015128672604,0.035317615487565984,0.18317190289412055,0.04934403509638569,22500.0,0.0,3.0,1.5811388300841898,686.8,803.9674744664737
Accumulate,76,0.0,0.0,0.36758042830034493,0.25988921062010184,81.66897716946968,22.72335364815936,163.76569381789866,45.42697784189337,0.9703109605390414,0.036446407607994016,0.2029749991395095,0.072022730714903,22800.0,0.0,3.0,1.5811388300841898,686.8,803.9674744664737
Accumulate,77,0.0,0.0,0.367339174569245,0.25747565441526954,81.64427304744589,22.704259941240927,162.56600504471132,43.26979786986849,0.9646297921039168,0.03484329484122699,0.19429190306207672,0.05933397695340176,23100.0,0.0,3.0,1.5811388300841898,686.8,803.9674744664737
Accumulate,78,0.0,0.0,0.36697269556459683,0.2532312763114414,81.65288602698908,22.681613437762287,162.7350221720291,44.77331075783563,0.9648017536305924,0.03955967863159944,0.2046374078879706,0.05109767019984187,23400.0,0.0,3.0,1.5811388300841898,686.8,803.9674744664737
Accumulate,79,0.0,0.0,0.3683343151581339,0.2550588735216294,81.64579720894817,22.661723393031046,162.7996287878229,44.04569652794531,0.9658806973725902,0.03189695582392769,0.20606045768247389,0.08926110286737017,23700.0,0.0,3.0,1.5811388300841898,686.8,803.9674744664737
Accumulate,80,0.0,0.0,0.3677278230155913,0.25413076269188395,81.64358881078127,22.661721280890106,163.93146098098697,44.59801847743323,0.9720566267707961,0.03142562600760955,0.20822702914860197,0.05250869173505138,24000.0,0.0,3.0,1.5811388300841898,686.8,803.9674744664737
Accumulate,81,0.0,0.0,0.36507903684834003,0.25252033263893753,81.61945792872532,22.65664650740019,162.42492623366752,45.46336494566519,0.9621286667712576,0.03626068293026868,0.1960268286213454,0.041752245017368884,24300.0,0.0,3.0,1.5811388300841898,686.8,803.9674744664737
Accumulate,82,0.0,0.0,0.3636190271685056,0.25108721435734643,81.59669840819899,22.66584306543808,163.78543216022865,46.10489877179614,0.9697774937405006,0.03945049491692754,0.193385371126102,0.05064762566604188,24600.0,0.0,3.0,1.5811388300841898,686.8,803.9674744664737
Accumulate,83,0.0,0.0,0.3625311784325329,0.2490958158402772,81.57851598122116,22.68572985693827,163.49271388904694,46.42891282731419,0.9677957634244565,0.0473036519551077,0.18936243662787355,0.04560516765015167,24900.0,0.0,3.0,1.5811388300841898,686.8,803.9674744664737
Accumulate,84,0.0,0.0,0.36223274993027077,0.24741489000275146,81.56050098625596,22.689393805031642,163.5107531339503,45.527283140641686,0.9687553292039185,0.03781291439319994,0.19011672074646574,0.036811481195750104,25200.0,0.0,3.0,1.5811388300841898,686.8,803.9674744664737
Accumulate,85,0.0,0.0,0.3632118041626508,0.24654060064619512,81.5405239478292,22.69958532583913,164.20373006286408,46.87145600459751,0.9714415517374384,0.04287002732493973,0.1951761700999735,0.06395016546056866,25500.0,0.0,3.0,1.5811388300841898,686.8,803.9674744664737
Accumulate,86,0.0,0.0,0.36340406728176905,0.24544846997099895,81.56835929776993,22.752845797496587,162.07841746187995,44.381658451658396,0.9607620149121157,0.03441113005642036,0.19130214941922524,0.06039114833548699,25800.0,0.0,3.0,1.5811388300841898,686.8,803.9674744664737
Accumulate,87,0.0,0.0,0.36344344132308687,0.24575708536455085,81.56748614798322,22.752875695942773,164.67776822051215,46.97390817837647,0.9745656752321807,0.04130287455042338,0.20606509316998012,0.06900478888210737,26100.0,0.0,3.0,1.5811388300841898,686.8,803.9674744664737
Accumulate,88,0.0,0.0,0.36352134118216817,0.24580339288292866,81.57684567795513,22.74686677991384,162.27346923206565,46.46472079012528,0.9600534892560202,0.04635016618442417,0.20212134425884054,0.06255134731263927,26400.0,0.0,3.0,1.5811388300841898,686.8,803.9674744664737
Accumulate,89,0.0,0.0,0.36556181704707874,0.2476182589383514,81.54890660556705,22.73554613785182,162.4881728332808,45.68706149779465,0.9622874927767591,0.03818990785477358,0.18444623869977422,0.03344641841892596,26700.0,0.0,3.0,1.5811388300841898,686.8,803.9674744664737
Accumulate,90,0.0,0.0,0.36744721682689346,0.24748616642840163,81.56820087646523,22.733555955317094,164.65421737275562,47.29549513987773,0.9740496134269495,0.04661051118867548,0.20388471682795029,0.07712515456370063,27000.0,0.0,3.0,1.5811388300841898,686.8,803.9674744664737
Accumulate,91,0.0,0.0,0.3661538314562339,0.24278590651868973,81.571734462022,22.72762572852147,162.25394465619615,45.06104200674631,0.9611133427693502,0.03712656483915691,0.20833253747187386,0.06905186369080737,27300.0,0.0,3.0,1.5811388300841898,686.8,803.9674744664737
Accumulate,92,0.0,0.0,0.36640478188174114,0.24301620585299788,81.58062404859592,22.713340919134474,164.1387897263838,44.923235065633165,0.972892378136231,0.03290289858687299,0.1874222133868551,0.04301867756201465,27600.0,0.0,3.0,1.5811388300841898,686.8,803.9674744664737
Accumulate,93,0.0,0.0,0.3664953676493442,0.24309520834135306,81.58852497852493,22.73223205339323,162.22786487673795,45.799944762447794,0.9603718773577473,0.03999302451082205,0.20395174382232212,0.04274082437755695,27900.0,0.0,3.0,1.5811388300841898,686.8,803.9674744664737
Accumulate,94,0.0,0.0,0.3648805176447204,0.2416357836223181,81.57160734528401,22.734674432649243,163.91694099519296,45.12064617292651,0.9715362672364668,0.03594545833779537,0.1882054063956365,0.044285651129278236,28200.0,0.0,3.0,1.5811388300841898,686.8,803.9674744664737
Accumulate,95,0.0,0.0,0.3657317569920683,0.244866103972627,81.5883399336121,22.74502479997248,163.08598072434944,44.49792967028018,0.9671507664813432,0.03464818069915399,0.1936885888112257,0.049999293231428515,28500.0,0.0,3.0,1.5811388300841898,686.8,803.9674744664737
Accumulate,96,0.0,0.0,0.36620454285180326,0.24431215213254912,81.59511401175885,22.735637895951253,162.29796960561902,45.53194142312525,0.9610965241246108,0.038371715391634316,0.18340981674081366,0.05191591494221545,28800.0,0.0,3.0,1.5811388300841898,686.8,803.9674744664737
Accumulate,97,0.0,0.0,0.366643778721851,0.2445767481346869,81.58342165149864,22.737984573402645,163.86137788472712,44.77363931140394,0.9715542204850369,0.033225388716064785,0.2062209331259532,0.057097042936634805,29100.0,0.0,3.0,1.5811388300841898,686.8,803.9674744664737
Accumulate,98,0.0,0.0,0.3673122745182807,0.2484621925321783,81.55997491980014,22.71507006265962,164.3553887100435,45.06821601350539,0.974245424297872,0.03487745137634623,0.1811433108626786,0.04497276328697775,29400.0,0.0,3.0,1.5811388300841898,686.8,803.9674744664737
Accumulate,99,0.0,0.0,0.36944648610386166,0.24970424201626004,81.53917287739709,22.691847384460004,162.1103003897809,44.317991629569455,0.9612761896821114,0.030802164042829608,0.18883541032952694,0.04647756036645838,29700.0,0.0,3.0,1.5811388300841898,686.8,803.9674744664737
Accumulate,100,0.0,0.0,0.3666248179603226,0.24828691144944387,81.54884641669757,22.65354212868174,163.9621156182456,47.190360583392206,0.9696767919737621,0.04424332935204157,0.19130327411915668,0.05854259299018243,30000.0,0.0,3.0,1.5811388300841898,686.8,803.9674744664737
Accumulate,101,0.0,0.0,0.36719734258936626,0.25015353772690035,81.53187007230233,22.624930733964547,163.042692353439,44.29767585828323,0.9670035026997189,0.03516017353599758,0.190782121485692,0.05042307356169895,30300.0,0.0,3.0,1.5811388300841898,686.8,803.9674744664737
Accumulate,102,0.0,0.0,0.36484882653879214,0.2487705202932436,81.54400138265794,22.6161380878592,163.37624190380347,45.17196936115584,0.9680877048652082,0.03724152922402754,0.18300682754065084,0.04555314714810121,30600.0,0.0,3.0,1.5811388300841898,686.8,803.9674744664737
Accumulate,103,0.0,0.0,0.36306318616700867,0.24690001149789145,81.53943964622786,22.62497825316501,161.77863775480014,44.973357161762486,0.958337514336,0.0372584923024578,0.19428773277506126,0.049190454899748284,30900.0,0.0,3.0,1.5811388300841898,686.8,803.9674744664737
Accumulate,104,0.0,0.0,0.36344927935510213,0.25073897405689444,81.56480373116486,22.62910832529483,163.4456699928075,43.83673263129068,0.96999517288941,0.03204022188228804,0.19578284130265505,0.06720594598585815,31200.0,0.0,3.0,1.5811388300841898,686.8,803.9674744664737
Accumulate,105,0.0,0.0,0.36377678980318506,0.2506339261303777,81.55074426924409,22.622263599799183,162.46127695290792,44.0820520305062,0.9634157525196981,0.03140407806612047,0.20959964799205083,0.05816289720409589,31500.0,0.0,3.0,1.5811388300841898,686.8,803.9674744664737
Accumulate,106,0.0,0.0,0.3630291145641492,0.2500410822019685,81.56013820932273,22.6498923071089,162.9264861167529,44.107675057951354,0.9668240480195797,0.03224408247604022,0.19243881149811512,0.0737948879246659,31800.0,0.0,3.0,1.5811388300841898,686.8,803.9674744664737
Accumulate,107,0.0,0.0,0.36428952390222846,0.25217163018891514,81.53846910972604,22.64107923337992,162.5155118482643,45.49185625041327,0.9623256558096733,0.037121134502869337,0.2052733461965311,0.050692710432593116,32100.0,0.0,3.0,1.5811388300841898,686.8,803.9674744664737
Accumulate,108,0.0,0.0,0.36384436466616643,0.2501240721498015,81.53816707275635,22.656204075880407,164.13364894658005,44.05748013022051,0.9737573872255709,0.03234400056194547,0.20417044678065094,0.06805928212059348,32400.0,0.0,3.0,1.5811388300841898,686.8,803.9674744664737
Accumulate,109,0.0,0.0,0.3639672256218335,0.2492732449661108,81.54591863688796,22.662195714381795,163.70367894280244,45.350124984813355,0.9699847052967003,0.03715421711464723,0.1911260218819018,0.05656973506291312,32700.0,0.0,3.0,1.5811388300841898,686.8,803.9674744664737
Accumulate,110,0.0,0.0,0.36271707374335405,0.2488958362512551,81.53529680930978,22.65266707121325,164.09912634293065,45.72353133337582,0.9720151792421612,0.03814495377709818,0.18965857331021632,0.04904005153607215,33000.0,0.0,3.0,1.5811388300841898,686.8,803.9674744664737
Accumulate,111,0.0,0.0,0.36111483653931525,0.2455632063738686,81.51605817665035,22.663566377106218,161.96614222606462,45.40783544317137,0.959401650516277,0.03999202653592939,0.18980422250876067,0.038389474742691325,33300.0,0.0,3.0,1.5811388300841898,686.8,803.9674744664737
Accumulate,112,0.0,0.0,0.3616237046959151,0.2470936561872519,81.51160680585495,22.682585753369903,163.4508859260563,45.0845445442107,0.968913539247005,0.03332297343260853,0.18240560339160478,0.049108262497355185,33600.0,0.0,3.0,1.5811388300841898,686.8,803.9674744664737
Accumulate,113,0.0,0.0,0.3608882744348634,0.24673058240941934,81.52010554184014,22.662141558965587,164.059881757597,46.09866452366806,0.971414464038572,0.03860253375610654,0.19743630923034644,0.0752206299503218,33900.0,0.0,3.0,1.5811388300841898,686.8,803.9674744664737
Accumulate,114,0.0,0.0,0.3604286574990766,0.24562656028250535,81.5206762839019,22.64014123581505,164.43245620609846,45.31035989247801,0.9745631025076122,0.03880449552925551,0.20453432499401503,0.041107923050543796,34200.0,0.0,3.0,1.5811388300841898,686.8,803.9674744664737
Accumulate,115,0.0,0.0,0.35906263032421165,0.24358349516526143,81.50929395472625,22.615875272050456,162.14614674694926,45.52529759961688,0.9601646313434751,0.03746665374101365,0.20547302967947428,0.06218197865587823,34500.0,0.0,3.0,1.5811388300841898,686.8,803.9674744664737
Accumulate,116,0.0,0.0,0.3600553362562013,0.2451679982359141,81.51050075746113,22.60804556496485,163.04179395050681,46.21210929420354,0.9651819236514978,0.04114441626366949,0.18418602409881274,0.0515303456231552,34800.0,0.0,3.0,1.5811388300841898,686.8,803.9674744664737
Accumulate,117,0.0,0.0,0.35979817515146983,0.24632377734518948,81.53062811162035,22.631188856016625,162.08162772506856,43.54033528313324,0.9617996021319792,0.027651970267834898,0.19955487562787227,0.054490703722961685,35100.0,0.0,3.0,1.5811388300841898,686.8,803.9674744664737
Accumulate,118,0.0,0.0,0.35834105955182005,0.24410714448755527,81.52788732515751,22.63340778412485,163.33122954527818,45.840316140853744,0.9675436417512377,0.04104273137723154,0.19165851749172777,0.05025856739221129,35400.0,0.0,3.0,1.5811388300841898,686.8,803.9674744664737
Accumulate,119,0.0,0.0,0.3588337244437653,0.24477821679019382,81.54236499526209,22.673804819700837,163.14453545091297,45.52102576035025,0.9664987758173516,0.03662121912828818,0.18860871549702657,0.04023045877562739,35700.0,0.0,3.0,1.5811388300841898,686.8,803.9674744664737
Accumulate,120,0.0,0.0,0.36030544147385624,0.24734121156610395,81.5419523626201,22.67407304625799,162.9413556881747,44.715491428516835,0.9659160841497177,0.035267022733656714,0.19701636550986726,0.06946425099568328,36000.0,0.0,3.0,1.5811388300841898,686.8,803.9674744664737
Accumulate,121,0.0,0.0,0.3601560484929154,0.24712191685504187,81.54577590464514,22.6742569560653,162.79267188109068,45.25040785409384,0.9643543165818723,0.03537041158026249,0.19216803033867413,0.03235654708622898,36300.0,0.0,3.0,1.5811388300841898,686.8,803.9674744664737
Accumulate,122,0.0,0.0,0.36181855249042616,0.25019541640954795,81.54246896258223,22.666555379038535,161.91112189107844,45.2230693212242,0.9596186207573435,0.039637487247978054,0.192404990911703,0.04830519729299548,36600.0,0.0,3.0,1.5811388300841898,686.8,803.9674744664737
Accumulate,123,0.0,0.0,0.3610430837701255,0.2512976584338588,81.57234779523355,22.69214674123792,162.6791829376993,44.391304122066764,0.9646558897035671,0.03419569924875306,0.18690339874202647,0.06411922643738607,36900.0,0.0,3.0,1.5811388300841898,686.8,803.9674744664737
Accumulate,124,0.0,0.0,0.36195990971249403,0.2521255369820783,81.58663073306381,22.69170263103118,162.4041668552703,46.41624815886934,0.9608425421092344,0.04438529845753011,0.1982688495799542,0.05525415706920306,37200.0,0.0,3.0,1.5811388300841898,686.8,803.9674744664737
Accumulate,125,0.0,0.0,0.36272707966404083,0.2525557114530846,81.56587956379312,22.667076191701266,163.0354490214188,46.666788031479356,0.9645205863633798,0.04353214794484673,0.18669278817427049,0.04677789507527952,37500.0,0.0,3.0,1.5811388300841898,686.8,803.9674744664737
Accumulate,126,0.0,0.0,0.3649275911977054,0.25514326600546744,81.58032473755166,22.681551649367712,162.5873307488518,45.2575831842152,0.9628532438022834,0.03980716255473214,0.19814263912150076,0.062415966854646794,37800.0,0.0,3.0,1.5811388300841898,686.8,803.9674744664737
Accumulate,127,0.0,0.0,0.36069904744859355,0.2511204479552193,81.58728062522678,22.680546979887023,163.43102389097433,45.92600295632761,0.9677689908061614,0.04459251467192269,0.18486480682409195,0.05223672610498574,38100.0,0.0,3.0,1.5811388300841898,686.8,803.9674744664737
Accumulate,128,0.0,0.0,0.36099711568633397,0.2523783610507754,81.59018524124924,22.692295799827026,162.34430907724442,46.259976496237236,0.9610496122562008,0.043115085089872995,0.18325422448895648,0.04691646336919946,38400.0,0.0,3.0,1.5811388300841898,686.8,803.9674744664737
Accumulate,129,0.0,0.0,0.3615965742701034,0.2530025865760518,81.5731047296147,22.6820375795688,163.9242456571576,46.604865607603905,0.9699575632485298,0.04301840782921112,0.1945736631092949,0.04940070158667844,38700.0,0.0,3.0,1.5811388300841898,686.8,803.9674744664737
Accumulate,130,0.0,0.0,0.3625881941360726,0.2549296218262351,81.58421339628269,22.6702692290111,162.41769351801574,45.85957741397768,0.9611543433179829,0.043360542525171124,0.1884102799996903,0.05069637724934538,39000.0,0.0,3.0,1.5811388300841898,686.8,803.9674744664737
Accumulate,131,0.0,0.0,0.361869786833828,0.2540079400777384,81.56546042525764,22.668550699503104,162.3040534010259,44.82191576717394,0.9618723127010729,0.0345845182897399,0.19290908987671854,0.0681202974194436,39300.0,0.0,3.0,1.5811388300841898,686.8,803.9674744664737
Accumulate,132,0.0,0.0,0.36157097595257015,0.25326602789480657,81.56204226164918,22.672557363840568,163.875560884928,46.22741052300402,0.970068820797319,0.04323576548446266,0.21442092688201306,0.06515672752916059,39600.0,0.0,3.0,1.5811388300841898,686.8,803.9674744664737
Accumulate,133,0.0,0.0,0.36129593146738265,0.2531415297785761,81.55848283203647,22.67344734197269,163.2716802646297,44.36323880197374,0.9685228117100848,0.031473869292419764,0.20353526858007887,0.05734997750400737,39900.0,0.0,3.0,1.5811388300841898,686.8,803.9674744664737
Accumulate,134,0.0,0.0,0.36373996020865934,0.2553351939306097,81.53628035477763,22.630200498092726,162.11348375337417,45.786010785625926,0.9594831881647703,0.04265889129423523,0.1886652617501581,0.05227447455034603,40200.0,0.0,3.0,1.5811388300841898,686.8,803.9674744664737
Accumulate,135,0.0,0.0,0.36441464268338547,0.2563818038299473,81.56000007032563,22.655705237803208,163.41755362414156,46.760063122463805,0.9669835407514679,0.043571213131627075,0.19545816394231105,0.033050037651951955,40500.0,0.0,3.0,1.5811388300841898,686.8,803.9674744664737
Accumulate,136,0.0,0.0,0.36496539162183234,0.25844463962049596,81.5609333857092,22.65016288221845,162.93576537088663,45.12901386917013,0.965174956143635,0.035862161785685465,0.19783340873713837,0.06865737365945955,40800.0,0.0,3.0,1.5811388300841898,686.8,803.9674744664737
Accumulate,137,0.0,0.0,0.3657313197600458,0.25924519660142986,81.5717938223494,22.64395891689931,161.58816561739923,43.37706869506202,0.958905264686478,0.026614242017183678,0.19578158395964668,0.05340228415480955,41100.0,0.0,3.0,1.5811388300841898,686.8,803.9674744664737
Accumulate,138,0.0,0.0,0.36582306545154986,0.25957319109541027,81.57958476018548,22.649335588679016,162.65622667601104,44.469092456686646,0.9644831308055662,0.032259052614987266,0.1914707968620108,0.05971888333180178,41400.0,0.0,3.0,1.5811388300841898,686.8,803.9674744664737
Accumulate,139,0.0,0.0,0.36608778677860715,0.2598171513730076,81.5843300466724,22.63512680818324,163.39263825197776,45.36285224536719,0.9678626494110759,0.037570713334543836,0.19595110904046664,0.045009340674244995,41700.0,0.0,3.0,1.5811388300841898,686.8,803.9674744664737
Accumulate,140,0.0,0.0,0.3652107234830961,0.25916502205203756,81.58394912032375,22.6293803691962,163.1562156197139,47.45112576814808,0.9644732332152373,0.0476594112598179,0.18970833630125056,0.06987991238031566,42000.0,0.0,3.0,1.5811388300841898,686.8,803.9674744664737
Accumulate,141,0.0,0.0,0.36562257209210824,0.2581677560967904,81.60257721940317,22.619331156745332,163.49458657733095,45.001488863013904,0.9691302615484843,0.03760979270767927,0.19145179993296152,0.05269882307132633,42300.0,0.0,3.0,1.5811388300841898,686.8,803.9674744664737
Accumulate,142,0.0,0.0,0.36386826619311924,0.2567873271561774,81.61733496826635,22.615386325265607,163.277224721321,44.24176203934565,0.968359338336486,0.035236033362557685,0.1897983668011698,0.04137063357407291,42600.0,0.0,3.0,1.5811388300841898,686.8,803.9674744664737
Accumulate,143,0.0,0.0,0.36402349028484215,0.2575154868407746,81.6282172253439,22.64155437498973,163.1288716541698,45.51440479734291,0.9668136388972505,0.03753899571188748,0.18433353482754752,0.060456354742322825,42900.0,0.0,3.0,1.5811388300841898,686.8,803.9674744664737
Accumulate,144,0.0,0.0,0.3622462010587073,0.2547995999366792,81.62143342147684,22.64037492041438,162.2921517667311,44.06726685786406,0.9628095165779209,0.028967108812288277,0.19256142485792477,0.052133602884838356,43200.0,0.0,3.0,1.5811388300841898,686.8,803.9674744664737
Accumulate,145,0.0,0.0,0.36263039001036174,0.25559674033113183,81.62159222083261,22.627117082024803,161.58662055368046,44.55979755636751,0.9580087616423129,0.03291443636160717,0.19312204364866314,0.04822538933003886,43500.0,0.0,3.0,1.5811388300841898,686.8,803.9674744664737
Accumulate,146,0.0,0.0,0.3621585936932895,0.25672703997236457,81.62733493805925,22.617998920586217,163.21027049307503,42.98112662672511,0.9696006642326982,0.023135360311881573,0.18569937218260685,0.05126880017878001,43800.0,0.0,3.0,1.5811388300841898,686.8,803.9674744664737
Accumulate,147,0.0,0.0,0.3633556477839151,0.2593865504730042,81.6298244614275,22.620927337063993,162.77828964416574,43.84499594923732,0.9657986565571794,0.030373217922223306,0.20732706475405652,0.07091120534814536,44100.0,0.0,3.0,1.5811388300841898,686.8,803.9674744664737
Accumulate,148,0.0,0.0,0.3628542457843886,0.2602473025337337,81.62473981342961,22.6234333185163,162.67619416513955,44.56202316909758,0.9643531348181854,0.036985647084361674,0.19879715998439634,0.06500370554127342,44400.0,0.0,3.0,1.5811388300841898,686.8,803.9674744664737
Accumulate,149,0.0,0.0,0.36322964353100395,0.26064800518439585,81.61510969323156,22.60890513978419,163.1241886964745,44.56881924204956,0.9675443590412961,0.03295941217738818,0.19262013144369725,0.06355694089853425,44700.0,0.0,3.0,1.5811388300841898,686.8,803.9674744664737
Accumulate,150,0.0,0.0,0.36250024245121415,0.2614415959673631,81.63093891781119,22.613936901361175,162.5582139431005,44.87335027916418,0.9638377444394491,0.036057844064592455,0.19777820609043553,0.06110129118400807,45000.0,0.0,3.0,1.5811388300841898,686.8,803.9674744664737
Accumulate,151,0.0,0.0,0.36236094805210023,0.26225911204276814,81.64180113570532,22.62919712989082,163.07074108067368,46.4450871166672,0.964905433208564,0.042929486643197096,0.17660100318935865,0.04271364217477189,45300.0,0.0,3.0,1.5811388300841898,686.8,803.9674744664737
Accumulate,152,0.0,0.0,0.36283582710028134,0.2639528890239033,81.63965214762099,22.630832517000552,164.7743995730034,46.27480847868541,0.9754215920718788,0.04089183276179777,0.1844096872721984,0.060623826275461756,45600.0,0.0,3.0,1.5811388300841898,686.8,803.9674744664737
Accumulate,153,0.0,0.0,0.3617611683310318,0.26197540930552915,81.63609535984779,22.646962045431202,161.48000548204269,43.789830075834885,0.9576544126181454,0.03295412355287735,0.19459946648287305,0.07123013087192816,45900.0,0.0,3.0,1.5811388300841898,686.8,803.9674744664737
Accumulate,154,0.0,0.0,0.3618142851322076,0.2619734277811246,81.64440281435559,22.660611500070655,164.0562849633242,46.29483574653345,0.9716954101362661,0.03942458043013345,0.19530544608014175,0.06701346654110422,46200.0,0.0,3.0,1.5811388300841898,686.8,803.9674744664737
Accumulate,155,0.0,0.0,0.3623263240639332,0.2625784768740868,81.64761423030234,22.64228632565319,162.6949001783707,44.772206644366236,0.9646268383816559,0.03585466539213853,0.18049543289430114,0.04306260203767829,46500.0,0.0,3.0,1.5811388300841898,686.8,803.9674744664737
Accumulate,156,0.0,0.0,0.3620988936048596,0.26198125459688343,81.64341749598107,22.63600144658801,163.83984129623747,46.663606328141135,0.9701008888344923,0.04517505480718831,0.19546831677741425,0.06622595079623175,46800.0,0.0,3.0,1.5811388300841898,686.8,803.9674744664737
Accumulate,157,0.0,0.0,0.3621643583405002,0.2635365241337822,81.63665906894349,22.650814569909876,163.61418658603552,46.20317051078944,0.9685987281247822,0.040167586502251794,0.182964897046493,0.04172648520489394,47100.0,0.0,3.0,1.5811388300841898,686.8,803.9674744664737
Accumulate,158,0.0,0.0,0.362783394693478,0.26509410604549627,81.65471113712555,22.664301358569503,162.2918462220555,44.91021805884122,0.9615758785233801,0.035793918133871894,0.185873370204922,0.050140959484277596,47400.0,0.0,3.0,1.5811388300841898,686.8,803.9674744664737
Accumulate,159,0.0,0.0,0.3643281649477436,0.26637921881012205,81.65298291308909,22.66471152714516,164.02481231763386,45.355830127046616,0.9721500241493166,0.034912117911851386,0.19010263819250503,0.05764738777927614,47700.0,0.0,3.0,1.5811388300841898,686.8,803.9674744664737
Accumulate,160,0.0,0.0,0.3642438201430697,0.2661010511665445,81.6657646855324,22.66670488159042,164.20867085343065,44.78598709349592,0.9741159813449626,0.03205413139115762,0.19679711151371831,0.0649632643169904,48000.0,0.0,3.0,1.5811388300841898,686.8,803.9674744664737
Accumulate,161,0.0,0.0,0.3652915121710437,0.2677172655126581,81.65681796223565,22.662919220610895,163.07982873301017,45.509818935618966,0.9659549964221281,0.0370634574656437,0.1954736208701895,0.05763213678280245,48300.0,0.0,3.0,1.5811388300841898,686.8,803.9674744664737
Accumulate,162,0.0,0.0,0.3650383574443616,0.26762959418547677,81.66164699618083,22.664515732306924,164.5632013480651,46.097630872534324,0.9746189837857882,0.03738234547367482,0.18226562933053508,0.032828244104682366,48600.0,0.0,3.0,1.5811388300841898,686.8,803.9674744664737
Accumulate,163,0.0,0.0,0.3655920014546936,0.2683485203959511,81.655423388301,22.667358287812526,163.79320616479328,43.805966990004535,0.9724090704392381,0.030202867070077875,0.2003368164898461,0.06171681816651551,48900.0,0.0,3.0,1.5811388300841898,686.8,803.9674744664737
Accumulate,164,0.0,0.0,0.3649157434268438,0.2671371502699985,81.63907001480418,22.673299307612847,163.3322373896122,44.95334740904623,0.9685582115337514,0.0391176379089527,0.20210957027779725,0.05640842371258595,49200.0,0.0,3.0,1.5811388300841898,686.8,803.9674744664737
Accumulate,165,0.0,0.0,0.3639472497777152,0.2665651657196028,81.63580562042804,22.67091359299324,162.88066167490405,43.59719576534211,0.9667362905099693,0.02842841367788856,0.18485847437260203,0.04890727481846476,49500.0,0.0,3.0,1.5811388300841898,686.8,803.9674744664737
Accumulate,166,0.0,0.0,0.3651914539178354,0.2679886817934116,81.63146528499338,22.665739336544718,163.0367773142653,45.46357592005916,0.9656143763384636,0.03678013150403385,0.18747116353505516,0.05536035988003774,49800.0,0.0,3.0,1.5811388300841898,686.8,803.9674744664737
Accumulate,167,0.0,0.0,0.36646080055063723,0.2693413932097252,81.63823603872798,22.65794158526812,163.5549871088337,46.23932466230561,0.9681235159776278,0.04265278662036356,0.1957277383902077,0.059903717215425596,50100.0,0.0,3.0,1.5811388300841898,686.8,803.9674744664737
Accumulate,168,0.0,0.0,0.3678403316471227,0.27276096148195095,81.65046007276712,22.66769848177877,163.6412437772107,44.94062553420172,0.9702297392165875,0.031623960504018,0.19987617713979855,0.0618913791308828,50400.0,0.0,3.0,1.5811388300841898,686.8,803.9674744664737
Accumulate,169,0.0,0.0,0.3672622036566193,0.27031546001324674,81.6515563247769,22.68299120939972,163.46350829383272,45.299025564927646,0.9685941766758143,0.038042571018213574,0.18472005975717978,0.045201330440711236,50700.0,0.0,3.0,1.5811388300841898,686.8,803.9674744664737
Accumulate,170,0.0,0.0,0.36813375534952203,0.2711386712752858,81.659327198912,22.672603890013317,163.6388895813383,45.63802955679827,0.9697081117461712,0.04278431745940175,0.1945101754669884,0.0476880287567664,51000.0,0.0,3.0,1.5811388300841898,686.8,803.9674744664737
Accumulate,171,0.0,0.0,0.36823754127869374,0.2713457434329335,81.66299259623025,22.66472832730528,162.94255751032955,45.65329821409771,0.9650565743048233,0.037979395403367096,0.19255394928303401,0.05142610149253586,51300.0,0.0,3.0,1.5811388300841898,686.8,803.9674744664737
Accumulate,172,0.0,0.0,0.36849173655955964,0.2724911820532827,81.65512592224162,22.66749503036601,164.69600903232453,45.90407282565491,0.9758952299364172,0.038366321754600405,0.19208824179520237,0.039399050278294136,51600.0,0.0,3.0,1.5811388300841898,686.8,803.9674744664737
Accumulate,173,0.0,0.0,0.36894538155496875,0.2712979175631685,81.65869490975476,22.691041908820598,163.88277855982508,44.562403846678315,0.972201432666299,0.034759849916619776,0.20463040539403235,0.06923070297545318,51900.0,0.0,3.0,1.5811388300841898,686.8,803.9674744664737
Accumulate,174,0.0,0.0,0.369873034372232,0.2716605180389689,81.65977195180156,22.66675602981586,164.5295903981832,46.68009036737127,0.9735970262910676,0.042646166636115104,0.1995686228884629,0.055948576648569275,52200.0,0.0,3.0,1.5811388300841898,686.8,803.9674744664737
Accumulate,175,0.0,0.0,0.3701448961869568,0.27265223791582854,81.65562766358207,22.67065297381816,164.31385495783238,47.05651461439198,0.9726498473342584,0.04956587576862245,0.19948385120160533,0.05323934625491993,52500.0,0.0,3.0,1.5811388300841898,686.8,803.9674744664737
Accumulate,176,0.0,0.0,0.37183256673112536,0.2739649539622412,81.65018024698725,22.677410070930478,162.28582037879417,44.44885903705305,0.9623061662227279,0.03369714492079461,0.19101415013150308,0.05922175685331001,52800.0,0.0,3.0,1.5811388300841898,686.8,803.9674744664737
Accumulate,177,0.0,0.0,0.3720421980892975,0.2738714370178937,81.65786757735225,22.694636123076705,162.10973163571083,44.267344359671,0.9613092741326899,0.03415188753157507,0.19736532319131003,0.07362486041570822,53100.0,0.0,3.0,1.5811388300841898,686.8,803.9674744664737
Accumulate,178,0.0,0.0,0.371099255979253,0.273696508878695,81.65534159398005,22.703572948963988,161.57466689720053,47.34469858982241,0.9550779581655119,0.04749890103777162,0.19785244958488135,0.04840335224839665,53400.0,0.0,3.0,1.5811388300841898,686.8,803.9674744664737
Accumulate,179,0.0,0.0,0.3707252596073795,0.27233187527159297,81.66138323378279,22.69997514517839,162.50747220505573,43.95983829401302,0.9640036137625968,0.031002397771425345,0.19866286779595818,0.04473425705636223,53700.0,0.0,3.0,1.5811388300841898,686.8,803.9674744664737
Accumulate,180,0.0,0.0,0.36934954422706767,0.26993267780570496,81.66845365560013,22.701323769710324,163.65985773463527,44.38486301210223,0.9709019410879861,0.033987955026573126,0.1951532881035727,0.07243355041084432,54000.0,0.0,3.0,1.5811388300841898,686.8,803.9674744664737
Accumulate,181,0.0,0.0,0.36999652810491107,0.27161882738478443,81.66911413853286,22.698525235482666,162.18451467136722,44.94453505544755,0.9610556699429716,0.035198786672218416,0.19788850613216358,0.058031283152697,54300.0,0.0,3.0,1.5811388300841898,686.8,803.9674744664737
Accumulate,182,0.0,0.0,0.3698424393235512,0.27144871516140956,81.67985448972591,22.706937588133638,162.86906978120393,44.558553338226154,0.9660612975289208,0.0315412683932182,0.17164469917464348,0.046456820993940724,54600.0,0.0,3.0,1.5811388300841898,686.8,803.9674744664737
Accumulate,183,0.0,0.0,0.37076231059023906,0.27278756943273624,81.67463560580174,22.70287574607944,163.45830622103955,46.965524122734166,0.9672809183290434,0.04350996583756223,0.1977531602234062,0.09154079112362597,54900.0,0.0,3.0,1.5811388300841898,686.8,803.9674744664737
Accumulate,184,0.0,0.0,0.3709858765161992,0.2715212238632399,81.67575449625107,22.71059334670162,163.4387122839411,44.72970280627985,0.9690532740239236,0.03579069613272567,0.19041993373021088,0.05430123684280865,55200.0,0.0,3.0,1.5811388300841898,686.8,803.9674744664737
Accumulate,185,0.0,0.0,0.3711455561755444,0.271128240127579,81.67564203075418,22.705705738382772,163.42168517498885,45.0700217748649,0.9684878234105305,0.0346322553512275,0.20801076232001697,0.05569448528446825,55500.0,0.0,3.0,1.5811388300841898,686.8,803.9674744664737
Accumulate,186,0.0,0.0,0.3712832997147183,0.27006583850162447,81.67475116271072,22.70977202597731,162.5007359735361,44.26039572480693,0.9639607423012823,0.031859955121491965,0.19183543251159127,0.06141787651590539,55800.0,0.0,3.0,1.5811388300841898,686.8,803.9674744664737
Accumulate,187,0.0,0.0,0.37089644942701705,0.26938766319856994,81.67716558908373,22.711052509771683,162.41808199946823,44.9007492686534,0.9626909651720386,0.03676107041288576,0.17908981880126776,0.03187554690938164,56100.0,0.0,3.0,1.5811388300841898,686.8,803.9674744664737
Accumulate,188,0.0,0.0,0.37133674268245254,0.27086366281446844,81.69307085855434,22.720553720692287,163.21697285306823,45.706738883920636,0.9668391651950976,0.0377508939558674,0.18852076585386315,0.04872178251136805,56400.0,0.0,3.0,1.5811388300841898,686.8,803.9674744664737
Accumulate,189,0.0,0.0,0.3722166122532857,0.2730051995464304,81.70203746326052,22.732817736257324,164.83042788042505,44.84342740506544,0.9773714267046912,0.03362981205189333,0.1935013781114061,0.07142643079032553,56700.0,0.0,3.0,1.5811388300841898,686.8,803.9674744664737
Accumulate,190,0.0,0.0,0.3723734810651914,0.27408292523453076,81.69628394175035,22.733648001139198,164.42666931783566,46.325728127428945,0.9736535422767263,0.03988768630402077,0.1992963889949067,0.07062558735700142,57000.0,0.0,3.0,1.5811388300841898,686.8,803.9674744664737
Accumulate,191,0.0,0.0,0.3725606716054909,0.27496278160744825,81.68345502365658,22.731776438665907,163.10557554644436,46.10258428014683,0.9655984756551745,0.04257012379042123,0.21174431916830913,0.07899629897082,57300.0,0.0,3.0,1.5811388300841898,686.8,803.9674744664737
Accumulate,192,0.0,0.0,0.3738782322305597,0.2767317005887806,81.66225530938641,22.731243915281397,163.5830250915002,45.26344877738082,0.9694061013711831,0.03653159280403752,0.1892396632543697,0.05090238093403502,57600.0,0.0,3.0,1.5811388300841898,686.8,803.9674744664737
Accumulate,193,0.0,0.0,0.37475744701945835,0.2774873900543839,81.66512802698277,22.736781839865884,162.30890015439255,45.823569491971824,0.9606832484146036,0.03987478220148789,0.19929396370400804,0.06300874936335397,57900.0,0.0,3.0,1.5811388300841898,686.8,803.9674744664737
Accumulate,194,0.0,0.0,0.37475863864045417,0.27658333009163916,81.66622991245704,22.733445462107813,162.92366439279976,43.0835882277002,0.9675970067401147,0.02566707847545051,0.192366817931873,0.048995779930699354,58200.0,0.0,3.0,1.5811388300841898,686.8,803.9674744664737
Accumulate,195,0.0,0.0,0.3743184768170647,0.27689276836176935,81.65679419682007,22.72277910284288,163.21614627180656,45.98421885737769,0.9672028403636797,0.042908862370594,0.18846650104896662,0.0618144228555937,58500.0,0.0,3.0,1.5811388300841898,686.8,803.9674744664737
Accumulate,196,0.0,0.0,0.37248423450230017,0.2740306690754214,81.66116748287456,22.727666319147144,163.76105464417887,45.557091300852655,0.9702711210874414,0.038816907430035796,0.19697837303304055,0.04738761122821178,58800.0,0.0,3.0,1.5811388300841898,686.8,803.9674744664737
Accumulate,197,0.0,0.0,0.3724439801661993,0.27445502414262857,81.65927303478979,22.726764265430106,163.15858150951155,42.32240123647604,0.9696770075771071,0.025584853534301205,0.18746325396375502,0.05329630701816647,59100.0,0.0,3.0,1.5811388300841898,686.8,803.9674744664737
Accumulate,198,0.0,0.0,0.37165665370316636,0.27372657216764423,81.65538723902378,22.736308912559426,163.76869609778586,46.45820506233,0.969368994898798,0.04213849315140757,0.2041975242818323,0.07108102232016335,59400.0,0.0,3.0,1.5811388300841898,686.8,803.9674744664737
Accumulate,199,0.0,0.0,0.37264968605534154,0.2751097674312236,81.65176177454435,22.749097486961972,161.8607120490601,43.89007835159892,0.9601343622382814,0.03393934410445478,0.19483382697019203,0.043447497172119195,59700.0,0.0,3.0,1.5811388300841898,686.8,803.9674744664737
Accumulate,200,0.0,0.0,0.37350108464831233,0.27602256721538143,81.64394673931315,22.737635932649347,163.13123071627166,47.26886535929584,0.9646049638241472,0.048185582670283084,0.18774995478199957,0.0549116528873644,60000.0,0.0,3.0,1.5811388300841898,686.8,803.9674744664737
Accumulate + Select,0,1.0,0.0,0.0,0.0,84.12649828456804,20.561120228712866,168.90254359343984,42.35536631856902,1.0055948628021443,0.01109607364437029,0.07114988099245059,0.01320519700194774,,,3.0,1.5811388300841898,686.8,803.9674744664737
Accumulate + Select,1,1.0,0.0,3.0805667047602623,2.2862024074692866,49.90605780466882,16.5269654235794,99.92205992370688,33.047421382819714,0.6006131180961425,0.15735309298724312,0.6943052191376675,0.22874135536711904,300.0,0.0,3.0,1.5811388300841898,686.8,803.9674744664737
Accumulate + Select,2,1.0,0.0,4.354204547375762,3.2937247205166464,38.179804639783875,13.985864315603271,76.20238310081572,27.676023982751087,0.4623846061381124,0.1629308595026673,0.9164585810334565,0.2653341832354725,600.0,0.0,3.0,1.5811388300841898,686.8,803.9674744664737
Accumulate + Select,3,1.0,0.0,5.687230889903189,4.217736169603138,33.294718057461715,13.41638940195759,66.11585886330735,26.610248606840113,0.4034686450624571,0.1696702336894585,1.0800040232938195,0.3278510162132525,900.0,0.0,3.0,1.5811388300841898,686.8,803.9674744664737
Accumulate + Select,4,1.0,0.0,7.046910375251729,5.2811768658262315,30.30808263836111,13.227322955332207,60.562307960641796,25.860912794986433,0.3706746888049609,0.16896764830364477,1.1676628136501295,0.3188599589942912,1200.0,0.0,3.0,1.5811388300841898,686.8,803.9674744664737
Accumulate + Select,5,1.0,0.0,8.483881449166041,6.297583991959519,28.399357508708214,13.217481107871814,56.82364011941597,26.26934383725823,0.34904051862599894,0.1768018046872082,1.1932961948525762,0.33629869954342617,1500.0,0.0,3.0,1.5811388300841898,686.8,803.9674744664737
Accumulate + Select,6,1.0,0.0,9.83370903647609,7.167963690168857,26.856427487078225,13.270645498772685,53.873251372624495,26.762619234852615,0.3320043380863458,0.18372841805964468,1.256862709816037,0.3707911797668727,1800.0,0.0,3.0,1.5811388300841898,686.8,803.9674744664737
Accumulate + Select,7,1.0,0.0,11.127781704457485,7.934721650791125,25.53802325207479,13.292872857879576,50.73083589815093,26.162421842796746,0.3134628567863293,0.18199436604454325,1.3829051320938057,0.2931887060770308,2100.0,0.0,3.0,1.5811388300841898,686.8,803.9674744664737
Accumulate + Select,8,1.0,0.0,12.290459778804697,8.581156622603492,24.468341624425516,13.443579437060256,48.87721946374096,27.104750762183297,0.3030892710369784,0.19131710787793862,1.4385839708023902,0.3726905301109165,2400.0,0.0,3.0,1.5811388300841898,686.8,803.9674744664737
Accumulate + Select,9,1.0,0.0,13.390965554906227,9.092327038011593,23.567160357968362,13.611780665924444,46.814291698313475,26.866343427315194,0.29133137850968904,0.19152638248898338,1.4579684056780102,0.37128342467454,2700.0,0.0,3.0,1.5811388300841898,686.8,803.9674744664737
Accumulate + Select,10,1.0,0.0,14.399782846578086,9.532365485483794,22.821021886524345,13.84788789977134,45.5930370794801,27.82213795270815,0.28463198838110454,0.19976148213054468,1.475596597135438,0.3095294027825229,3000.0,0.0,3.0,1.5811388300841898,686.8,803.9674744664737
Accumulate + Select,11,1.0,0.0,15.372509130983275,9.873694639916485,22.201209123674154,14.196249415540883,44.27957369619564,28.2736269112578,0.27733575412945494,0.20432688101350444,1.5281080791025512,0.33162450900597257,3300.0,0.0,3.0,1.5811388300841898,686.8,803.9674744664737
Accumulate + Select,12,1.0,0.0,16.292222731381102,10.228962372544805,21.638407867423787,14.524903465578406,43.3866691566727,29.033729469490325,0.27238170787393085,0.21030420315098106,1.5538265800114868,0.28623994727433505,3600.0,0.0,3.0,1.5811388300841898,686.8,803.9674744664737
Accumulate + Select,13,1.0,0.0,17.21299817563652,10.569648934523913,21.1562763445111,14.848894637342049,42.61899238964694,29.992387655613012,0.268414738231364,0.21810556999578465,1.6429060657794405,0.36074149993784366,3900.0,0.0,3.0,1.5811388300841898,686.8,803.9674744664737
Accumulate + Select,14,1.0,0.0,18.079250846735917,10.926372977381288,20.718790974447636,15.148382216382306,41.71009839754732,31.062201335677692,0.26347678698138666,0.2261997330903052,1.6388606548113884,0.29972797376790544,4200.0,0.0,3.0,1.5811388300841898,686.8,803.9674744664737
Accumulate + Select,15,1.0,0.0,18.920428936805475,11.33830123399868,20.335034464093262,15.438449030986199,40.4478950285729,30.533634373381098,0.2562709111845535,0.22327687745928418,1.650220901803944,0.28091333979103694,4500.0,0.0,3.0,1.5811388300841898,686.8,803.9674744664737
Accumulate + Select,16,1.0,0.0,19.727830955917614,11.787403852136109,19.961288803422,15.657276357254313,39.87771685462174,31.068881456627658,0.25311309639638047,0.22705724966840077,1.785583878713584,0.3735506291587304,4800.0,0.0,3.0,1.5811388300841898,686.8,803.9674744664737
Accumulate + Select,17,1.0,0.0,20.43489402739574,12.226071174082122,19.55834829272306,15.73188882723315,38.912902586730105,31.04487003143283,0.24683387108999902,0.22644786174285103,1.7800119962048826,0.28362210271287436,5100.0,0.0,3.0,1.5811388300841898,686.8,803.9674744664737
Accumulate + Select,18,1.0,0.0,21.091616080929338,12.681287011198702,19.121306137955237,15.658341641989956,38.141467074206105,30.988810022066357,0.24278956296281842,0.22674011743737066,1.7508434876235923,0.23253437471753272,5400.0,0.0,3.0,1.5811388300841898,686.8,803.9674744664737
Accumulate + Select,19,1.0,0.0,21.679411909001754,13.111898921964457,18.72539501265585,15.614505495491374,37.39813079334789,31.149692320789708,0.2384174456823825,0.22784742061902538,1.8101691032088905,0.20667535478642815,5700.0,0.0,3.0,1.5811388300841898,686.8,803.9674744664737
Accumulate + Select,20,1.0,0.0,22.226656607223752,13.537781587209967,18.324236742647944,15.482097068963833,36.737060256909174,31.47058654741574,0.23479862577638108,0.23035870815983883,1.7955616005545174,0.3479243898398578,6000.0,0.0,3.0,1.5811388300841898,686.8,803.9674744664737
Accumulate + Select,21,1.0,0.0,22.711500407639093,13.933538925268579,17.92898115681208,15.331758861029575,35.922378643992865,30.85295397653592,0.2293916748015211,0.22561305975833681,1.8655663942298026,0.3735080335784182,6300.0,0.0,3.0,1.5811388300841898,686.8,803.9674744664737
Accumulate + Select,22,1.0,0.0,23.15320057344814,14.297217661149041,17.550934226549003,15.170738772402297,34.94660218049881,30.211249823789867,0.2231460711895525,0.2208733667048901,1.8403669301672476,0.27206180574318567,6600.0,0.0,3.0,1.5811388300841898,686.8,803.9674744664737
Accumulate + Select,23,1.0,0.0,23.568892818908417,14.644031085544016,17.180490036999295,14.9883206624039,34.451938046162425,29.852959198647287,0.22007619899554148,0.21828879457244485,1.8857096737882042,0.27190465719198637,6900.0,0.0,3.0,1.5811388300841898,686.8,803.9674744664737
Accumulate + Select,24,1.0,0.0,23.961985568611503,14.981507733042335,16.82966766254349,14.800063366410225,33.321925762141916,28.901123332927874,0.2129980647850762,0.21136365402727322,1.8808722747385773,0.23778535034782158,7200.0,0.0,3.0,1.5811388300841898,686.8,803.9674744664737
Accumulate + Select,25,1.0,0.0,24.316518011448263,15.286000587635943,16.488710235296217,14.597083345155482,33.14166361111188,29.401819298845307,0.21221389714922106,0.21502219216777918,1.8729463991249091,0.27437288539955434,7500.0,0.0,3.0,1.5811388300841898,686.8,803.9674744664737
Accumulate + Select,26,1.0,0.0,24.626992540567933,15.545632006824539,16.165829182600476,14.405611073469926,32.599195147686,29.36024124123022,0.20880317049923755,0.21457122682897362,2.004081662471303,0.24713827429379667,7800.0,0.0,3.0,1.5811388300841898,686.8,803.9674744664737
Accumulate + Select,27,1.0,0.0,24.933228774623494,15.822568236869772,15.854776351706828,14.215323119665586,31.596818268479062,28.449370222879892,0.20257543676350126,0.20807437101898685,1.8465421419972325,0.2850921970926819,8100.0,0.0,3.0,1.5811388300841898,686.8,803.9674744664737
Accumulate + Select,28,1.0,0.0,25.193327054290744,16.05746661202337,15.561292971723987,14.02534080587493,31.111398068837794,28.101601731054828,0.19939420273456382,0.20544903798436448,1.9196975330893156,0.3006935458581185,8400.0,0.0,3.0,1.5811388300841898,686.8,803.9674744664737
Accumulate + Select,29,1.0,0.0,25.43349643754459,16.255161935500755,15.277651783094806,13.836889167417207,30.39201190239796,27.259797465602347,0.19477133084305057,0.1993595662314938,1.907762095178431,0.3093894108515579,8700.0,0.0,3.0,1.5811388300841898,686.8,803.9674744664737
Accumulate + Select,30,1.0,0.0,25.665439775446856,16.464911574079924,15.004322173301642,13.649475254776053,30.260638308417594,27.53513311670716,0.19401952360682637,0.2011971598230301,2.015215502257847,0.2513896232791676,9000.0,0.0,3.0,1.5811388300841898,686.8,803.9674744664737
Accumulate + Select,31,1.0,0.0,25.896807910568544,16.684779013872394,14.753694811525538,13.486353242883409,29.650948201541297,27.04203908737954,0.19036603737809976,0.19781099083900294,1.9978657293209903,0.19714573979962727,9300.0,0.0,3.0,1.5811388300841898,686.8,803.9674744664737
Accumulate + Select,32,1.0,0.0,26.10704964009554,16.87485361322152,14.510890258988656,13.32356804678503,29.062397536512435,26.582031949876637,0.18643317839792817,0.19429991263320387,2.0304327324940465,0.2238891654722928,9600.0,0.0,3.0,1.5811388300841898,686.8,803.9674744664737
Accumulate + Select,33,1.0,0.0,26.31182665912163,17.05929504243673,14.280649746052385,13.166906108468053,28.654917164538734,26.524848308074244,0.18407573258659554,0.1939034774157098,2.038190260287487,0.2079414273798068,9900.0,0.0,3.0,1.5811388300841898,686.8,803.9674744664737
Accumulate + Select,34,1.0,0.0,26.49960358810776,17.229133690651356,14.061693282181432,13.022855647806317,28.043943659118888,25.936868228781858,0.1801485108028163,0.18964287457886145,1.941904329884678,0.32500644868605716,10200.0,0.0,3.0,1.5811388300841898,686.8,803.9674744664737
Accumulate + Select,35,1.0,0.0,26.673524959063705,17.37897836388791,13.843410180540271,12.86031016306558,27.85203914095116,26.126394372921368,0.17916358831489623,0.1909961805382602,1.9052301669733223,0.23910430108920794,10500.0,0.0,3.0,1.5811388300841898,686.8,803.9674744664737
Accumulate + Select,36,1.0,0.0,26.83557392611221,17.526455275523524,13.635930016734354,12.709125837546301,27.112588345767715,25.31442262764714,0.17427282977151237,0.18505891030118896,1.9767804732220888,0.28789069171720505,10800.0,0.0,3.0,1.5811388300841898,686.8,803.9674744664737
Accumulate + Select,37,1.0,0.0,26.990684543514345,17.667932665948314,13.435018360808282,12.56067646310787,26.764955467070983,24.697486825266658,0.17179471304228622,0.1804671113717381,2.049328329402163,0.23195461870760087,11100.0,0.0,3.0,1.5811388300841898,686.8,803.9674744664737
Accumulate + Select,38,1.0,0.0,27.139163982360127,17.804641348276483,13.249815057802428,12.435599009468014,26.634692028257604,24.956680403795072,0.17105281952718393,0.18230894006766407,1.9952800969859852,0.26962042155407073,11400.0,0.0,3.0,1.5811388300841898,686.8,803.9674744664737
Accumulate + Select,39,1.0,0.0,27.27329839529466,17.92855174578657,13.06445480095599,12.296148302139677,25.950952258409977,24.148639258807147,0.16664723465272357,0.17638778486319392,2.000527459588974,0.2826051736181395,11700.0,0.0,3.0,1.5811388300841898,686.8,803.9674744664737
Accumulate + Select,40,1.0,0.0,27.403642814235667,18.052436189908114,12.887378378987028,12.167644496693896,25.747171706094,24.197556171700583,0.1656338542343914,0.17687071031236623,2.0423870214210127,0.30623185406120546,12000.0,0.0,3.0,1.5811388300841898,686.8,803.9674744664737
Accumulate + Select,41,1.0,0.0,27.522558653106813,18.158826199576346,12.717998015233128,12.047407567120727,25.326604817070887,23.99246605448721,0.1628854103707798,0.17527902556195016,1.9855700171576978,0.21646490212244854,12300.0,0.0,3.0,1.5811388300841898,686.8,803.9674744664737
Accumulate + Select,42,1.0,0.0,27.63602641309985,18.258161773684577,12.55390822435526,11.925235986930344,24.97219706236617,23.616143800137717,0.16059059510969634,0.17252828891484387,2.004068247586544,0.23161748622515044,12600.0,0.0,3.0,1.5811388300841898,686.8,803.9674744664737
Accumulate + Select,43,1.0,0.0,27.74485603494798,18.356091813296697,12.394360842904547,11.807955412050884,24.879435004937243,23.701792935065278,0.16020461395892877,0.1732046228595245,1.9935259573716735,0.21326138096387195,12900.0,0.0,3.0,1.5811388300841898,686.8,803.9674744664737
Accumulate + Select,44,1.0,0.0,27.84768381278309,18.45205325952331,12.236086754858373,11.684272648249474,24.559554114389826,23.49345324195177,0.15813144125559606,0.17167047061782542,2.0532475590741637,0.20364577676485301,13200.0,0.0,3.0,1.5811388300841898,686.8,803.9674744664737
Accumulate + Select,45,1.0,0.0,27.95219820005654,18.550292348881587,12.087021240333394,11.571569185560262,23.889239769341884,23.017057856101832,0.15401863908063573,0.1682474038203645,2.025682267696434,0.31222005754045534,13500.0,0.0,3.0,1.5811388300841898,686.8,803.9674744664737
Accumulate + Select,46,1.0,0.0,28.053466748849473,18.641659139677536,11.934692556043016,11.443851016691244,23.766861490398455,22.74531727049702,0.15304671078959536,0.16616675568708275,1.998842397729169,0.2392325805728601,13800.0,0.0,3.0,1.5811388300841898,686.8,803.9674744664737
Accumulate + Select,47,1.0,0.0,28.15105564485497,18.733052849454417,11.791086307366763,11.3296053369034,23.587257523844585,22.698838779932405,0.15216355378343638,0.16592996960347522,2.0192931046816787,0.24386006575190033,14100.0,0.0,3.0,1.5811388300841898,686.8,803.9674744664737
Accumulate + Select,48,1.0,0.0,28.2372555477515,18.81090499918042,11.651709265232702,11.216654289596509,23.615314359680568,22.847512185057596,0.15223689827859269,0.16689419558154042,2.1371818365482844,0.2529693192874611,14400.0,0.0,3.0,1.5811388300841898,686.8,803.9674744664737
Accumulate + Select,49,1.0,0.0,28.322697999869384,18.886008621737233,11.517435450283356,11.108965151121835,22.89005383819201,21.945625249324568,0.1474335046617901,0.16034076098544744,2.0062515068159916,0.30283733234545834,14700.0,0.0,3.0,1.5811388300841898,686.8,803.9674744664737
Accumulate + Select,50,1.0,0.0,28.409175717340883,18.962938797705185,11.385936152145915,11.003884958244022,22.92379711193991,22.271831615646413,0.14771239966567418,0.16265282732570582,1.97376206330448,0.29483550551888893,15000.0,0.0,3.0,1.5811388300841898,686.8,803.9674744664737
Accumulate + Select,51,1.0,0.0,28.487071466477097,19.034525696177408,11.258212972392352,10.898430924088752,22.584327886707193,21.89104765070321,0.14560516724636835,0.15990440205545645,2.0621628085586736,0.17193076785014477,15300.0,0.0,3.0,1.5811388300841898,686.8,803.9674744664737
Accumulate + Select,52,1.0,0.0,28.571035608059248,19.11129434882207,11.13670182949388,10.802252436416385,22.422044501676726,22.115122845936686,0.14472308874687922,0.1614821534006626,2.075980533927009,0.287623329839554,15600.0,0.0,3.0,1.5811388300841898,686.8,803.9674744664737
Accumulate + Select,53,1.0,0.0,28.653066440330132,19.18355086560596,11.021716382225097,10.714568652802232,22.010655700771423,21.258892885939503,0.14184600122755858,0.15529676277472637,2.0687145310031965,0.2566228931348496,15900.0,0.0,3.0,1.5811388300841898,686.8,803.9674744664737
Accumulate + Select,54,1.0,0.0,28.72868727666644,19.247795518793918,10.90689306629297,10.623045208352288,22.020673703226457,21.45613159347536,0.14194327810208976,0.1566430470035812,2.154727773557595,0.37042487126123735,16200.0,0.0,3.0,1.5811388300841898,686.8,803.9674744664737
Accumulate + Select,55,1.0,0.0,28.798062759937388,19.31099406401071,10.793133097054794,10.527944394435929,21.30244411051344,20.600463543518366,0.1373200061896333,0.15051274939311204,2.12933889453221,0.27225644182909875,16500.0,0.0,3.0,1.5811388300841898,686.8,803.9674744664737
Accumulate + Select,56,1.0,0.0,28.860834619823045,19.364395702963918,10.68509854625392,10.441738100591492,21.3087503698103,20.798830900050856,0.13761149064156802,0.1520250671417332,2.0570953675247567,0.3420084129384466,16800.0,0.0,3.0,1.5811388300841898,686.8,803.9674744664737
Accumulate + Select,57,1.0,0.0,28.921261170359806,19.414803914400952,10.578570642983959,10.353602056210256,21.08186372853222,20.26700403344128,0.13577075104506373,0.1480229008493007,2.1192991069461904,0.2916705628974858,17100.0,0.0,3.0,1.5811388300841898,686.8,803.9674744664737
Accumulate + Select,58,1.0,0.0,28.985297225901444,19.476907356550292,10.4744208837526,10.268615377354319,20.905919472874565,20.339162503995226,0.13481476701414724,0.14856880584574422,1.9593676130416007,0.2523907749931326,17400.0,0.0,3.0,1.5811388300841898,686.8,803.9674744664737
Accumulate + Select,59,1.0,0.0,29.052058033570496,19.539762839503652,10.370921436885643,10.179412229237732,20.854079854566997,20.43208452793193,0.13458614462843374,0.14924469095351076,2.1010472458104967,0.30830142215034106,17700.0,0.0,3.0,1.5811388300841898,686.8,803.9674744664737
Accumulate + Select,60,1.0,0.0,29.104113274190286,19.5819014918081,10.272100765816628,10.095306042430781,20.691841584221955,20.616746324209387,0.1338558660720047,0.1506360409996335,2.136384471257734,0.23867270613359884,18000.0,0.0,3.0,1.5811388300841898,686.8,803.9674744664737
Accumulate + Select,61,1.0,0.0,29.1620725610101,19.638259036410282,10.175660000175657,10.013614115687934,20.301745738363447,19.763986067226103,0.13094264500012645,0.14437491330883756,2.1544262844260413,0.3062129234392674,18300.0,0.0,3.0,1.5811388300841898,686.8,803.9674744664737
Accumulate + Select,62,1.0,0.0,29.218990811904643,19.687308741162983,10.081527375436469,9.934756222074265,20.092337264964776,19.916940040781597,0.1297721314666777,0.14546595953151006,2.0669927527594725,0.2335478994147954,18600.0,0.0,3.0,1.5811388300841898,686.8,803.9674744664737
Accumulate + Select,63,1.0,0.0,29.271618894401627,19.73597437996478,9.989826158837232,9.855873241494145,19.919215588519666,19.696736815886048,0.12859567344824377,0.14383904264240785,2.1166331186507232,0.24433625226751146,18900.0,0.0,3.0,1.5811388300841898,686.8,803.9674744664737
Accumulate + Select,64,1.0,0.0,29.31966419695245,19.77657980598888,9.901355317169822,9.782129137755463,19.92769122997187,19.883902826028482,0.1287691916708588,0.14516151726622173,2.1177894272142757,0.24501314572284055,19200.0,0.0,3.0,1.5811388300841898,686.8,803.9674744664737
Accumulate + Select,65,1.0,0.0,29.372401694805244,19.82986071299452,9.815353027832183,9.713008908490952,19.664657046020796,19.53227934100189,0.12693121230237953,0.14258830212908385,2.1015451517655803,0.33817635064981166,19500.0,0.0,3.0,1.5811388300841898,686.8,803.9674744664737
Accumulate + Select,66,1.0,0.0,29.418254745070453,19.866398277376454,9.729574448129474,9.641075018978398,19.455583763619156,19.293225938795153,0.12560074276731464,0.14085392384004916,2.1613562753085214,0.31487416114322797,19800.0,0.0,3.0,1.5811388300841898,686.8,803.9674744664737
Accumulate + Select,67,1.0,0.0,29.458722271331748,19.900304561740636,9.645073164313107,9.569440730427413,19.45652579040737,19.582308335271133,0.12577481459093545,0.14293823330383612,2.195419474985158,0.21789533243614692,20100.0,0.0,3.0,1.5811388300841898,686.8,803.9674744664737
Accumulate + Select,68,1.0,0.0,29.504435868809594,19.943652356186796,9.560958232156343,9.494251755539265,18.91756317260504,18.533465494838243,0.12204622448455209,0.1353398133226773,2.092531230935225,0.3525325055444922,20400.0,0.0,3.0,1.5811388300841898,686.8,803.9674744664737
Accumulate + Select,69,1.0,0.0,29.550943457803214,19.98856015541991,9.480358783574513,9.423994155382362,18.850447553501937,18.783043926128183,0.12182396376033319,0.13718052595087044,2.1264626781587324,0.20919263915929356,20700.0,0.0,3.0,1.5811388300841898,686.8,803.9674744664737
Accumulate + Select,70,1.0,0.0,29.595814617611317,20.030657836258616,9.402354826517547,9.355561407155205,18.630981073022717,18.41150988590737,0.12028256685844566,0.13443757565320863,2.2205766303198584,0.28043196027286404,21000.0,0.0,3.0,1.5811388300841898,686.8,803.9674744664737
Accumulate + Select,71,1.0,0.0,29.63204297207032,20.059123958144642,9.325081978904027,9.289809947031442,18.358538802098735,18.10762563151185,0.11852411402519887,0.13225524239742584,2.089666277945203,0.2690180587217932,21300.0,0.0,3.0,1.5811388300841898,686.8,803.9674744664737
Accumulate + Select,72,1.0,0.0,29.671941859855316,20.09297609435368,9.24784038251396,9.222072480090437,18.676997444097356,18.709354696403825,0.12070182901562687,0.13659783913250537,2.086204890122807,0.24403491736616398,21600.0,0.0,3.0,1.5811388300841898,686.8,803.9674744664737
Accumulate + Select,73,1.0,0.0,29.712834616703827,20.126204988877628,9.174631649680396,9.157633184966905,18.33854375514668,18.261967114172702,0.11842230309505948,0.13330846989078377,2.129842659926306,0.22377278062891673,21900.0,0.0,3.0,1.5811388300841898,686.8,803.9674744664737
Accumulate + Select,74,1.0,0.0,29.753010460708158,20.164758204912125,9.102648460251753,9.09453143827051,18.155081305543,18.124567378778636,0.11726215795786563,0.1322980426643819,2.1318038000596644,0.26601145083524624,22200.0,0.0,3.0,1.5811388300841898,686.8,803.9674744664737
Accumulate + Select,75,1.0,0.0,29.79088464778072,20.198526674194667,9.031454699688997,9.032436756730005,18.207096761318766,18.229357678250047,0.11766643945299719,0.1330555652581907,2.1947674675189597,0.3232428098024352,22500.0,0.0,3.0,1.5811388300841898,686.8,803.9674744664737
Accumulate + Select,76,1.0,0.0,29.827098183199418,20.231633946902846,8.961561801047482,8.971784318381772,17.817048037595008,17.7824510575929,0.11503093694271227,0.12977422881130843,2.104481671007538,0.28358912722820206,22800.0,0.0,3.0,1.5811388300841898,686.8,803.9674744664737
Accumulate + Select,77,1.0,0.0,29.861223636635266,20.2619370653171,8.893782061701087,8.913616827021928,17.830715198572655,17.927205809413532,0.11523322923518638,0.1308260785318001,2.1364217968157164,0.3364411243787423,23100.0,0.0,3.0,1.5811388300841898,686.8,803.9674744664737
Accumulate + Select,78,1.0,0.0,29.89713349701205,20.296227580894854,8.826532817846683,8.853915088441108,17.57414357222801,17.62877201120129,0.11362770754303404,0.12869008279831565,2.1380412865994236,0.276134759428954,23400.0,0.0,3.0,1.5811388300841898,686.8,803.9674744664737
Accumulate + Select,79,1.0,0.0,29.935585520375078,20.333969330321185,8.761453728445016,8.797608939439755,17.566723662528336,17.68970993329551,0.11365417225979027,0.12917513808817913,2.199861028006917,0.32463514681839756,23700.0,0.0,3.0,1.5811388300841898,686.8,803.9674744664737
Accumulate + Select,80,1.0,0.0,29.963348910347896,20.355805703514406,8.69826055065825,8.74316359995415,17.249290707285066,17.221583679662064,0.11147503865565293,0.1257174804681621,2.0632589190723367,0.2649318606252255,24000.0,0.0,3.0,1.5811388300841898,686.8,803.9674744664737
Accumulate + Select,81,1.0,0.0,29.997439711619016,20.38456567591853,8.637025514307588,8.690278101760986,17.10881470279378,17.16209538797912,0.11054182561902756,0.12527493546787916,2.1552417824779506,0.2856007534698951,24300.0,0.0,3.0,1.5811388300841898,686.8,803.9674744664737
Accumulate + Select,82,1.0,0.0,30.029182647895063,20.410825571654783,8.575378218611633,8.636434206905765,17.188991257952196,17.19786230726424,0.11109965743217713,0.12556869262906095,2.2317578256054906,0.25218477363195985,24600.0,0.0,3.0,1.5811388300841898,686.8,803.9674744664737
Accumulate + Select,83,1.0,0.0,30.05956984105926,20.440417125027626,8.513818965568841,8.581162126543555,16.846007241866094,16.895511449760246,0.10892520608049275,0.12337356369023005,2.2387612931993806,0.32057894212517607,24900.0,0.0,3.0,1.5811388300841898,686.8,803.9674744664737
Accumulate + Select,84,1.0,0.0,30.088988429299924,20.46564265793453,8.45342988401362,8.527442611640165,16.898749802756434,16.98754978369163,0.10920799763886158,0.12397563523077954,2.193802445223672,0.2562958258375501,25200.0,0.0,3.0,1.5811388300841898,686.8,803.9674744664737
Accumulate + Select,85,1.0,0.0,30.11649558260644,20.487069771500504,8.396460279594743,8.477696526054388,16.70849285132464,16.631777550479438,0.10795667259732541,0.12143451485147269,2.192417374153622,0.2534048019763224,25500.0,0.0,3.0,1.5811388300841898,686.8,803.9674744664737
Accumulate + Select,86,1.0,0.0,30.143337508149717,20.508773552420326,8.340926083477745,8.43097121530204,16.645353950555904,16.74667532939156,0.10761737285897303,0.12223846953280833,2.2368084587201906,0.28414962840840285,25800.0,0.0,3.0,1.5811388300841898,686.8,803.9674744664737
Accumulate + Select,87,1.0,0.0,30.170633162749244,20.53315414391493,8.282484238311929,8.377028692777998,16.673946956971374,16.893931739464577,0.10778912362161996,0.12326111880764963,2.1212164063235477,0.20073639347000566,26100.0,0.0,3.0,1.5811388300841898,686.8,803.9674744664737
Accumulate + Select,88,1.0,0.0,30.19676221591472,20.55749001175386,8.22743452231289,8.329057999363066,16.380707595638604,16.451916095011764,0.10599298248583171,0.12011476170531332,2.202687466143299,0.3174060225891619,26400.0,0.0,3.0,1.5811388300841898,686.8,803.9674744664737
Accumulate + Select,89,1.0,0.0,30.22201680989006,20.577924883852408,8.173684985767201,8.282337252916458,16.27137450797457,16.51466642254449,0.10528278677734086,0.12052035885516758,2.1915803928656468,0.28774072803188616,26700.0,0.0,3.0,1.5811388300841898,686.8,803.9674744664737
Accumulate + Select,90,1.0,0.0,30.24558582558804,20.596779052672087,8.1190616617211,8.2324143453641,16.28694883148906,16.534416932541667,0.10535829999703247,0.12067367644386313,2.2551679331392718,0.31527168757808727,27000.0,0.0,3.0,1.5811388300841898,686.8,803.9674744664737
Accumulate + Select,91,1.0,0.0,30.269999816653602,20.617930838464876,8.067147571842602,8.186084636741242,16.24951966455383,16.487484028527202,0.10511672745788625,0.12030866147676318,2.1611377206092017,0.33160179432321363,27300.0,0.0,3.0,1.5811388300841898,686.8,803.9674744664737
Accumulate + Select,92,1.0,0.0,30.29274246196359,20.638024763374133,8.016159429068685,8.14125785034842,16.034866054730525,16.395645859416913,0.10373211972465275,0.11960480422884268,2.200189933525011,0.32410904742498686,27600.0,0.0,3.0,1.5811388300841898,686.8,803.9674744664737
Accumulate + Select,93,1.0,0.0,30.31299399222458,20.652916850158167,7.96442638392176,8.094325896049162,16.010261767034915,16.20236044415885,0.10352033580735402,0.11821849964620817,2.1685840232324662,0.27820889526239256,27900.0,0.0,3.0,1.5811388300841898,686.8,803.9674744664737
Accumulate + Select,94,1.0,0.0,30.33459611596819,20.667862757640016,7.91292633564002,8.045485934655835,15.925365357899883,16.208302181882175,0.10298209192196542,0.11824169265492204,2.087828741898356,0.29939115087393675,28200.0,0.0,3.0,1.5811388300841898,686.8,803.9674744664737
Accumulate + Select,95,1.0,0.0,30.35558965952751,20.685213035774886,7.86457747562212,8.00320493622555,15.7709080051936,16.059101169551408,0.10206615850355764,0.11718185167391006,2.1471360293335557,0.21568058449393948,28500.0,0.0,3.0,1.5811388300841898,686.8,803.9674744664737
Accumulate + Select,96,1.0,0.0,30.378325664952417,20.70397537998431,7.816199016800814,7.95978813918787,15.41969921677233,15.411741479800913,0.09964874870296442,0.11250229027768971,2.2435064470627277,0.364470647000166,28800.0,0.0,3.0,1.5811388300841898,686.8,803.9674744664737
Accumulate + Select,97,1.0,0.0,30.40019645582384,20.722478400480842,7.768832993092469,7.91726446567031,15.547747305548764,15.675373749344894,0.10050334264009823,0.11437942531599023,2.1884995372347116,0.2533493851884241,29100.0,0.0,3.0,1.5811388300841898,686.8,803.9674744664737
Accumulate + Select,98,1.0,0.0,30.42128756445471,20.74104049081324,7.72140081203914,7.873718056035591,15.389768842946367,15.519872486460804,0.09947685421495052,0.11325166394078992,2.1284123899394354,0.256864409967684,29400.0,0.0,3.0,1.5811388300841898,686.8,803.9674744664737
Accumulate + Select,99,1.0,0.0,30.441216615769342,20.75442076923412,7.676209794341853,7.832598735817892,15.415874356093322,15.819573484999259,0.09985842626593847,0.11544510243378688,2.252299652712844,0.37732518055580117,29700.0,0.0,3.0,1.5811388300841898,686.8,803.9674744664737
Accumulate + Select,100,1.0,0.0,30.462559878349047,20.772209597051766,7.630641401945033,7.791249295671238,15.147892993727035,15.19317564982354,0.09798309820017051,0.11092714409412849,2.1559332894415055,0.3111963181954969,30000.0,0.0,3.0,1.5811388300841898,686.8,803.9674744664737
Accumulate + Select,101,1.0,0.0,30.48376026312958,20.791352567910977,7.585822427574989,7.750498546634023,15.033472375337231,15.283886998510523,0.09729090684114623,0.11153525738165294,2.2375956573531672,0.29683770061559767,30300.0,0.0,3.0,1.5811388300841898,686.8,803.9674744664737
Accumulate + Select,102,1.0,0.0,30.500962834128945,20.801621578115313,7.541561899874073,7.710277459341064,15.027414615278321,15.204883145604384,0.09723335006443029,0.11097925322657301,2.184215553544521,0.2087074574125162,30600.0,0.0,3.0,1.5811388300841898,686.8,803.9674744664737
Accumulate + Select,103,1.0,0.0,30.517766279998607,20.81246927370552,7.499358802382604,7.674104918147385,15.014653618175084,15.40120518215714,0.09723619851567027,0.11239086972296154,2.1739485150625155,0.2768973261585908,30900.0,0.0,3.0,1.5811388300841898,686.8,803.9674744664737
Accumulate + Select,104,1.0,0.0,30.534920442741168,20.823741029826472,7.456429549423994,7.634776355724266,14.867774533812934,15.256925618074934,0.09624180186151508,0.11129916495867145,2.197647874965457,0.15520112530061866,31200.0,0.0,3.0,1.5811388300841898,686.8,803.9674744664737
Accumulate + Select,105,1.0,0.0,30.55300603972242,20.838021156877993,7.4138763935083904,7.595788312161589,14.950082159041454,15.438661283871332,0.09685100257429291,0.11261452506165133,2.2050421561349025,0.2737238021257519,31500.0,0.0,3.0,1.5811388300841898,686.8,803.9674744664737
Accumulate + Select,106,1.0,0.0,30.57033245234902,20.850871487324724,7.372218609599166,7.556928619293489,14.730760629006326,15.087584139217133,0.0954222936478477,0.11009965436535782,2.2587056609228915,0.21738767783896132,31800.0,0.0,3.0,1.5811388300841898,686.8,803.9674744664737
Accumulate + Select,107,1.0,0.0,30.587505247229142,20.865021988523313,7.331142561385389,7.519457590226302,14.612955110613711,14.951909900158713,0.09467344828218646,0.10912419719753731,2.1938236588398636,0.25926198718431254,32100.0,0.0,3.0,1.5811388300841898,686.8,803.9674744664737
Accumulate + Select,108,1.0,0.0,30.60732734303425,20.881785004020614,7.290337562383508,7.4810327284481914,14.531234678616041,14.9524272005458,0.09412082112598169,0.109073095825695,2.1918143459933126,0.2373615219173924,32400.0,0.0,3.0,1.5811388300841898,686.8,803.9674744664737
Accumulate + Select,109,1.0,0.0,30.625495366472887,20.897078910745446,7.2505108997948255,7.445601848749687,14.507444209326755,14.826419584749413,0.09400671566189611,0.10822934681834481,2.183348666593015,0.23491929713427787,32700.0,0.0,3.0,1.5811388300841898,686.8,803.9674744664737
Accumulate + Select,110,1.0,0.0,30.640502263612753,20.91012418263222,7.211508993680532,7.409748898411641,14.474849518881133,14.65036413065593,0.09358844314783758,0.10688448309122339,2.183688796238853,0.27041440203676603,33000.0,0.0,3.0,1.5811388300841898,686.8,803.9674744664737
Accumulate + Select,111,1.0,0.0,30.65560297442001,20.923006901495388,7.1730901117275465,7.375201729045955,14.419179981478038,14.765418100851496,0.09334493377401966,0.10771072320755268,2.1364915766412795,0.24398914657005585,33300.0,0.0,3.0,1.5811388300841898,686.8,803.9674744664737
Accumulate + Select,112,1.0,0.0,30.669770757239213,20.93417096407732,7.134979669731644,7.339816125734211,14.184038466416231,14.51281321800307,0.09181414999908225,0.10589202358301976,2.1237288638021847,0.2808631372136205,33600.0,0.0,3.0,1.5811388300841898,686.8,803.9674744664737
Accumulate + Select,113,1.0,0.0,30.68692756578445,20.948703578248676,7.097836715261667,7.307073384025161,14.173175594935538,14.626852276352487,0.09188825283380256,0.10673164983251707,2.2101544629638936,0.21857127323098846,33900.0,0.0,3.0,1.5811388300841898,686.8,803.9674744664737
Accumulate + Select,114,1.0,0.0,30.701327268917243,20.959876738371914,7.061233138896486,7.273945133289955,14.071086746801353,14.34095564879875,0.09100258716828732,0.10459330369212046,2.155954863193334,0.23706793074908264,34200.0,0.0,3.0,1.5811388300841898,686.8,803.9674744664737
Accumulate + Select,115,1.0,0.0,30.716941774535265,20.971957547206127,7.0254238508187274,7.2414087184070315,14.10246108739853,14.525038835113863,0.09129632670485319,0.1059310154029886,2.1891675272156177,0.3403974783322254,34500.0,0.0,3.0,1.5811388300841898,686.8,803.9674744664737
Accumulate + Select,116,1.0,0.0,30.732032105462093,20.984924241389507,6.9896296677250005,7.208952461886129,13.967311891666446,14.349641723433196,0.09036211984460331,0.10463583537918808,2.2050727185678047,0.26941794790528045,34800.0,0.0,3.0,1.5811388300841898,686.8,803.9674744664737
Accumulate + Select,117,1.0,0.0,30.745808118112564,20.997554647447256,6.954884294187346,7.1766956681427985,13.884683327330333,14.234653692462551,0.08986747831869307,0.10382169524443537,2.2746591971581145,0.3216110694983793,35100.0,0.0,3.0,1.5811388300841898,686.8,803.9674744664737
Accumulate + Select,118,1.0,0.0,30.76041120394593,21.010248403334195,6.919112427107136,7.143068884112287,13.88089741910558,14.346978049376888,0.08987033078442049,0.10462370906028044,2.2482954588580073,0.30475789925321295,35400.0,0.0,3.0,1.5811388300841898,686.8,803.9674744664737
Accumulate + Select,119,1.0,0.0,30.774190459462012,21.02101669172288,6.884768953254716,7.111855055771026,13.712988714693784,14.072878843179424,0.08870431532442107,0.102626325947084,2.274512292513791,0.23908335531760608,35700.0,0.0,3.0,1.5811388300841898,686.8,803.9674744664737
Accumulate + Select,120,1.0,0.0,30.78783554222498,21.03130940556581,6.850444026604268,7.079185348076711,13.742950147941437,14.318335170337605,0.08914810088890594,0.10444455760163988,2.251629336350306,0.22514204802401,36000.0,0.0,3.0,1.5811388300841898,686.8,803.9674744664737
Accumulate + Select,121,1.0,0.0,30.803170385008848,21.044492740326213,6.816469543374221,7.04795578807334,13.692427293110034,14.153681890071725,0.08875997192238315,0.10326377522321221,2.1898096366496294,0.24632393357406787,36300.0,0.0,3.0,1.5811388300841898,686.8,803.9674744664737
Accumulate + Select,122,1.0,0.0,30.817911325289987,21.057197009528025,6.7834975757497915,7.017623392961522,13.73112145516987,14.385293307155475,0.08908929549317816,0.1049002378093251,2.247570158527152,0.33569847416947646,36600.0,0.0,3.0,1.5811388300841898,686.8,803.9674744664737
Accumulate + Select,123,1.0,0.0,30.830248489848334,21.067142173546646,6.751531885979387,6.9897018442931085,13.505646663539585,13.982510717618638,0.08754722057636997,0.10199659769378724,2.201309087814106,0.28532099937470035,36900.0,0.0,3.0,1.5811388300841898,686.8,803.9674744664737
Accumulate + Select,124,1.0,0.0,30.84438423757634,21.07781771793882,6.719009418846561,6.959450012320694,13.366050134858009,13.832994205634007,0.08661115496671494,0.10090051822152539,2.210181654817064,0.3423403630545297,37200.0,0.0,3.0,1.5811388300841898,686.8,803.9674744664737
Accumulate + Select,125,1.0,0.0,30.855610131987298,21.08611632118368,6.6865818923587685,6.928967381349244,13.260305849055394,13.581865662787504,0.08588369847942312,0.09911798192169644,2.197207157577563,0.30806785400847103,37500.0,0.0,3.0,1.5811388300841898,686.8,803.9674744664737
Accumulate + Select,126,1.0,0.0,30.8682760741144,21.096754392997497,6.6553611927074385,6.900447540053445,13.220540628454563,13.597893228891264,0.08562859496453079,0.09918169576763072,2.2909994974147367,0.28511164802551325,37800.0,0.0,3.0,1.5811388300841898,686.8,803.9674744664737
Accumulate + Select,127,1.0,0.0,30.87967424953444,21.105397029047317,6.62424465750612,6.870999547376385,13.2595054039166,13.850880719898921,0.08607319306100356,0.10104812606288967,2.1590546653099763,0.27289201075627845,38100.0,0.0,3.0,1.5811388300841898,686.8,803.9674744664737
Accumulate + Select,128,1.0,0.0,30.891305253774753,21.114874152193877,6.593854388771485,6.842882325439706,13.13714844804424,13.62492439814192,0.08522912230239962,0.09940478337108846,2.2484178154432266,0.2522989970566616,38400.0,0.0,3.0,1.5811388300841898,686.8,803.9674744664737
Accumulate + Select,129,1.0,0.0,30.903184855238003,21.12546929322209,6.5632609881488095,6.815087105243917,12.991705224883674,13.348525601228033,0.08414770747099734,0.09738687455543457,2.196559405550654,0.30024178177999067,38700.0,0.0,3.0,1.5811388300841898,686.8,803.9674744664737
Accumulate + Select,130,1.0,0.0,30.911972908390435,21.13163252315681,6.5330674443731755,6.787270103595607,13.108508822138555,13.617477369869754,0.08493537668020545,0.09930562371081932,2.2208234405657956,0.24537153943352905,39000.0,0.0,3.0,1.5811388300841898,686.8,803.9674744664737
Accumulate + Select,131,1.0,0.0,30.92385965501507,21.14122721733102,6.503666187299989,6.760469849992701,13.123182926128802,13.65997314089871,0.08504728190308125,0.09960878764871663,2.1983830706576786,0.31659773392166146,39300.0,0.0,3.0,1.5811388300841898,686.8,803.9674744664737
Accumulate + Select,132,1.0,0.0,30.932543149816375,21.146718754572305,6.474565370913517,6.7341141939239755,12.959567013064756,13.599214378301745,0.08408572901649077,0.09918600071639666,2.224487718676091,0.3054975251209592,39600.0,0.0,3.0,1.5811388300841898,686.8,803.9674744664737
Accumulate + Select,133,1.0,0.0,30.943022696401187,21.1549968830946,6.44571694208356,6.707383549312087,13.019494564392682,13.608608849266641,0.0844908589152247,0.09925932250670401,2.2644393071721507,0.27178386980033703,39900.0,0.0,3.0,1.5811388300841898,686.8,803.9674744664737
Accumulate + Select,134,1.0,0.0,30.95469594552648,21.16404846421198,6.417042594329088,6.680407801230905,12.771550479717533,13.115538713242104,0.0826357591468107,0.09564849154732939,2.210744680558796,0.279969968937669,40200.0,0.0,3.0,1.5811388300841898,686.8,803.9674744664737
Accumulate + Select,135,1.0,0.0,30.966552358249817,21.174689655227972,6.388452288714678,6.65344433969682,12.813339862731905,13.403616291980855,0.08313294414243622,0.09775498666434176,2.177478641891799,0.22653238194740477,40500.0,0.0,3.0,1.5811388300841898,686.8,803.9674744664737
Accumulate + Select,136,1.0,0.0,30.97707710597619,21.183155923541825,6.360896351781287,6.628190211297719,12.853242675368326,13.538369563219003,0.08349403482075096,0.0987460329597006,2.20137358547522,0.303690906721634,40800.0,0.0,3.0,1.5811388300841898,686.8,803.9674744664737
Accumulate + Select,137,1.0,0.0,30.987603295767588,21.191037843891237,6.333676717393965,6.603287534636803,12.642976633010003,13.197985042675663,0.08203814336814386,0.0962712604789037,2.1804242261329607,0.32942260787388594,41100.0,0.0,3.0,1.5811388300841898,686.8,803.9674744664737
Accumulate + Select,138,1.0,0.0,30.996792547566002,21.19667842679759,6.3065065478481115,6.577905907945401,12.695342810621367,13.360922553988983,0.08243987450697478,0.09744224567362643,2.3125205940545976,0.37094698639313844,41400.0,0.0,3.0,1.5811388300841898,686.8,803.9674744664737
Accumulate + Select,139,1.0,0.0,31.008701797977732,21.206212799259212,6.279986765831133,6.5538993200745725,12.698183642818478,13.453143002872803,0.0824885580348314,0.09811931006227487,2.2754748748265765,0.40829024104107037,41700.0,0.0,3.0,1.5811388300841898,686.8,803.9674744664737
Accumulate + Select,140,1.0,0.0,31.019483661071217,21.21483741024104,6.253035166053213,6.528466659525247,12.528271331938257,13.162217604986472,0.08132921003652072,0.09599101885504874,2.2846002958792635,0.34221405018955126,42000.0,0.0,3.0,1.5811388300841898,686.8,803.9674744664737
Accumulate + Select,141,1.0,0.0,31.029684900839136,21.222699075975623,6.226504593916227,6.503223899515442,12.465996068290845,12.999970786137057,0.0808137830514053,0.09480643094030262,2.3000301488950208,0.32023983022416874,42300.0,0.0,3.0,1.5811388300841898,686.8,803.9674744664737
Accumulate + Select,142,1.0,0.0,31.038901629700682,21.229013335252912,6.199953550418636,6.478285898570189,12.317386648175983,12.860595629427486,0.07995674155580486,0.09383916684470055,2.206178571837593,0.3063347642631726,42600.0,0.0,3.0,1.5811388300841898,686.8,803.9674744664737
Accumulate + Select,143,1.0,0.0,31.048587221001373,21.235732981000854,6.173916332208511,6.453690857785643,12.386597988124473,13.025869596770029,0.08038503029022913,0.09498808345735857,2.2473606804567945,0.2790037165320029,42900.0,0.0,3.0,1.5811388300841898,686.8,803.9674744664737
Accumulate + Select,144,1.0,0.0,31.06035273004859,21.24576715683255,6.1487484194541375,6.430611326118436,12.231880957874157,12.792375529688234,0.07942126183942674,0.09332686512243436,2.285157151299253,0.3056211789193304,43200.0,0.0,3.0,1.5811388300841898,686.8,803.9674744664737
Accumulate + Select,145,1.0,0.0,31.069437338236934,21.252629549217236,6.123109987890612,6.406386136512166,12.167959716891579,12.69935241491988,0.0788826375468064,0.09262573985598263,2.2313038672573446,0.22877231575094711,43500.0,0.0,3.0,1.5811388300841898,686.8,803.9674744664737
Accumulate + Select,146,1.0,0.0,31.077152062162362,21.257187401916436,6.098107020326371,6.382316406357769,12.287967544849257,12.985234730955208,0.07974189882761169,0.0946647015160262,2.1803455754149725,0.3173756436561308,43800.0,0.0,3.0,1.5811388300841898,686.8,803.9674744664737
Accumulate + Select,147,1.0,0.0,31.089285474466482,21.268447656758173,6.073870379850649,6.359865504615543,12.140269547926025,12.731029350862135,0.07873086832255864,0.09283315130281004,2.2386282907690465,0.31160679478858627,44100.0,0.0,3.0,1.5811388300841898,686.8,803.9674744664737
Accumulate + Select,148,1.0,0.0,31.097504580765424,21.273380361578667,6.048987869594728,6.336489180493535,11.936625642899763,12.393724534511994,0.07740286612438346,0.09040709686648092,2.2645108408386028,0.15759567915378073,44400.0,0.0,3.0,1.5811388300841898,686.8,803.9674744664737
Accumulate + Select,149,1.0,0.0,31.108294346981854,21.283510657352885,6.024462475469128,6.312904076471793,11.960263534534207,12.549026763865601,0.07764106239599615,0.09153611674793756,2.1980028259331927,0.34131675164097286,44700.0,0.0,3.0,1.5811388300841898,686.8,803.9674744664737
Accumulate + Select,150,1.0,0.0,31.116927846668084,21.290379297104266,6.001022809345453,6.291604600602081,12.150851647696681,12.891090145688104,0.07896530522505926,0.09400757236087164,2.2691073338672263,0.3438365342722985,45000.0,0.0,3.0,1.5811388300841898,686.8,803.9674744664737
Accumulate + Select,151,1.0,0.0,31.12413719331778,21.29473139122659,5.9775742746921345,6.2701691173735625,12.025596897274829,12.691864971568368,0.07814005496754144,0.09256738862678772,2.3754967239056155,0.4347575887793416,45300.0,0.0,3.0,1.5811388300841898,686.8,803.9674744664737
Accumulate + Select,152,1.0,0.0,31.131993310402414,21.300247319035115,5.954241808241031,6.2485124117556525,11.770308256622851,12.15668021669574,0.07629954174025914,0.08869483765941684,2.257582715696694,0.36984464085503466,45600.0,0.0,3.0,1.5811388300841898,686.8,803.9674744664737
Accumulate + Select,153,1.0,0.0,31.141049954118465,21.30654440341301,5.930525674181068,6.225822905045422,11.809354647174306,12.542261684781673,0.07674019883220458,0.0914598311832021,2.3417144695448835,0.33109868921567065,45900.0,0.0,3.0,1.5811388300841898,686.8,803.9674744664737
Accumulate + Select,154,1.0,0.0,31.150534162022048,21.31435674101732,5.907387644514181,6.203714995860098,11.77175281829924,12.321675071000403,0.07637866133664034,0.08986630958288892,2.248390784918441,0.278831009046143,46200.0,0.0,3.0,1.5811388300841898,686.8,803.9674744664737
Accumulate + Select,155,1.0,0.0,31.158519216237682,21.319440584077427,5.884504626859626,6.182072359100825,11.795907391059865,12.374033756918502,0.07648410170613335,0.09021723328030073,2.222022891980911,0.24562688625265597,46500.0,0.0,3.0,1.5811388300841898,686.8,803.9674744664737
Accumulate + Select,156,1.0,0.0,31.167094495775622,21.327105922217108,5.861870603751695,6.161102218968256,11.912045895776355,12.701173657038899,0.07738617013952216,0.09258127579491356,2.237584024985368,0.3487809283043199,46800.0,0.0,3.0,1.5811388300841898,686.8,803.9674744664737
Accumulate + Select,157,1.0,0.0,31.174921813840548,21.3324471896696,5.839450788718225,6.139973028696843,11.709576079900607,12.394121559206214,0.0760761580558049,0.09037689945479976,2.1907640913759403,0.3828803112188612,47100.0,0.0,3.0,1.5811388300841898,686.8,803.9674744664737
Accumulate + Select,158,1.0,0.0,31.183606984734507,21.34055348087054,5.817183154763023,6.118634387375616,11.612330032201083,12.169504700933604,0.07531978081236794,0.08874850873446419,2.3150328254670085,0.3444990075991935,47400.0,0.0,3.0,1.5811388300841898,686.8,803.9674744664737
Accumulate + Select,159,1.0,0.0,31.19070772341099,21.346231114265496,5.795717889253873,6.09921567985634,11.626254577059594,12.26913478584373,0.07547282773390042,0.08944571418728253,2.268798686906646,0.33561142901925745,47700.0,0.0,3.0,1.5811388300841898,686.8,803.9674744664737
Accumulate + Select,160,1.0,0.0,31.197761661456337,21.351313398223137,5.77475450129774,6.080040799625879,11.506942515414895,12.065964449442355,0.07463618589104073,0.08796801740300578,2.2310637388977703,0.29962202260290194,48000.0,0.0,3.0,1.5811388300841898,686.8,803.9674744664737
Accumulate + Select,161,1.0,0.0,31.20482540576944,21.356724707975843,5.753356939963791,6.059518155936391,11.49846341562052,12.098442286579463,0.07462921385254602,0.08822852715549358,2.2612757283120186,0.30833437887490817,48300.0,0.0,3.0,1.5811388300841898,686.8,803.9674744664737
Accumulate + Select,162,1.0,0.0,31.212588489331797,21.362754655859224,5.7313043647909305,6.038027696041297,11.446000272746085,12.163110068997971,0.0744169987170507,0.08870903139528726,2.347037457680945,0.36394686858382486,48600.0,0.0,3.0,1.5811388300841898,686.8,803.9674744664737
Accumulate + Select,163,1.0,0.0,31.21927949077365,21.367701427980403,5.710199039965924,6.018079574532134,11.448944183430426,11.998363843394108,0.07422819590719473,0.08745850883933279,2.21591736367103,0.3353294969631996,48900.0,0.0,3.0,1.5811388300841898,686.8,803.9674744664737
Accumulate + Select,164,1.0,0.0,31.225851210934202,21.37259297148196,5.689971048688855,5.999371089272389,11.208867301793465,11.756296514354508,0.0726972355060525,0.08571250422419392,2.259263451531014,0.24174434600617828,49200.0,0.0,3.0,1.5811388300841898,686.8,803.9674744664737
Accumulate + Select,165,1.0,0.0,31.23264693179039,21.377455177239565,5.668901694664879,5.978977783538052,11.316530033711475,12.068461379853934,0.07352556631516158,0.08798185550550179,2.3239518242982458,0.30329108078965206,49500.0,0.0,3.0,1.5811388300841898,686.8,803.9674744664737
Accumulate + Select,166,1.0,0.0,31.23843934531441,21.380003197084612,5.648158482483678,5.958845165235396,11.25533658778318,11.9095604655912,0.07305727193424019,0.0868158638082821,2.2330962226297464,0.25180851047530345,49800.0,0.0,3.0,1.5811388300841898,686.8,803.9674744664737
Accumulate + Select,167,1.0,0.0,31.247021660797685,21.388324954754022,5.6272468808473075,5.938171103403079,11.274714537843623,11.949306512153212,0.07325970918865087,0.08715390176076511,2.2241650009079885,0.27782505493357584,50100.0,0.0,3.0,1.5811388300841898,686.8,803.9674744664737
Accumulate + Select,168,1.0,0.0,31.255165376937423,21.39427150725492,5.606864888783187,5.918552734047546,11.025983170473419,11.542908580690733,0.07156228402358852,0.08421511047509155,2.2093039311744684,0.30887501079539786,50400.0,0.0,3.0,1.5811388300841898,686.8,803.9674744664737
Accumulate + Select,169,1.0,0.0,31.26105380296003,21.39901687229093,5.587337389103668,5.900212044695139,11.104952225102029,11.641225576166523,0.07207970716982769,0.08489336603215679,2.3100867763974477,0.30951616641036056,50700.0,0.0,3.0,1.5811388300841898,686.8,803.9674744664737
Accumulate + Select,170,1.0,0.0,31.268650120334968,21.405592887357216,5.567929311568486,5.882188656267629,10.979293124333413,11.559390180246973,0.0712023534473059,0.08425896688337803,2.277509898976132,0.34637201125577394,51000.0,0.0,3.0,1.5811388300841898,686.8,803.9674744664737
Accumulate + Select,171,1.0,0.0,31.273711951517715,21.40846298447967,5.548905785165718,5.864553395527939,10.956978319737678,11.542919373668985,0.0711207510789689,0.08416945945870108,2.2609062134261224,0.29155517179812185,51300.0,0.0,3.0,1.5811388300841898,686.8,803.9674744664737
Accumulate + Select,172,1.0,0.0,31.281027049406823,21.414997896190275,5.529571980953029,5.8462083968820835,11.002379362245774,11.484872673328523,0.07138567652775382,0.08375454102715714,2.2569654529696077,0.31410610658509364,51600.0,0.0,3.0,1.5811388300841898,686.8,803.9674744664737
Accumulate + Select,173,1.0,0.0,31.289424650578475,21.422302234804977,5.510490518914041,5.827964384705543,11.017737937679971,11.749636625392423,0.07157992591723221,0.08565632123342203,2.3156529781273876,0.32302466973708904,51900.0,0.0,3.0,1.5811388300841898,686.8,803.9674744664737
Accumulate + Select,174,1.0,0.0,31.296384240858078,21.428301172885025,5.491181816102339,5.809281772805066,11.002530235925384,11.61523236526485,0.07144911882068684,0.08468338559833002,2.2989708455514313,0.28992931907347275,52200.0,0.0,3.0,1.5811388300841898,686.8,803.9674744664737
Accumulate + Select,175,1.0,0.0,31.30144156315867,21.431093079708884,5.472399094228729,5.791261114550745,10.97031693433168,11.560841079416603,0.07119623917942966,0.08427896426742078,2.2062979772811993,0.2730406475629957,52500.0,0.0,3.0,1.5811388300841898,686.8,803.9674744664737
Accumulate + Select,176,1.0,0.0,31.3074169830687,21.43621045753886,5.453984074472496,5.773772533576437,10.928994328479043,11.608792654549964,0.07097164116975323,0.08462665105621303,2.277657821842586,0.33355474852423045,52800.0,0.0,3.0,1.5811388300841898,686.8,803.9674744664737
Accumulate + Select,177,1.0,0.0,31.313997510183828,21.441603646391705,5.435139838088761,5.75519589604009,10.89128218946724,11.582905032220026,0.0707641805316233,0.08445487179835491,2.3094300417738376,0.31874462493978784,53100.0,0.0,3.0,1.5811388300841898,686.8,803.9674744664737
Accumulate + Select,178,1.0,0.0,31.31839778527567,21.443672664075496,5.416451750371467,5.736940824746946,10.714145607445309,11.108325902380514,0.06943934744643529,0.08101986754630675,2.2903786098324037,0.28037287311090014,53400.0,0.0,3.0,1.5811388300841898,686.8,803.9674744664737
Accumulate + Select,179,1.0,0.0,31.324627844406667,21.448247415113528,5.39877504643782,5.720300246861248,10.908814865051692,11.660664103798775,0.07096092994878346,0.0850255101795507,2.2804853340355953,0.22274285764346638,53700.0,0.0,3.0,1.5811388300841898,686.8,803.9674744664737
Accumulate + Select,180,1.0,0.0,31.330513589206145,21.45334053956375,5.380721281613373,5.702860904514788,10.701761903124094,11.416448814062974,0.06957948143036671,0.08323545804042604,2.3603212494559247,0.2760432425009026,54000.0,0.0,3.0,1.5811388300841898,686.8,803.9674744664737
Accumulate + Select,181,1.0,0.0,31.33640860790606,21.457279394502788,5.362895763891637,5.685539771431932,10.68386338061961,11.2543813508959,0.06928858634261904,0.08203730413494366,2.281769955483733,0.2553924704997234,54300.0,0.0,3.0,1.5811388300841898,686.8,803.9674744664737
Accumulate + Select,182,1.0,0.0,31.34257900178239,21.46249017393227,5.34511746581785,5.668428938902036,10.724871099310718,11.301116823656466,0.06961521971722219,0.08239286709374694,2.2570310644582383,0.23556366586321123,54600.0,0.0,3.0,1.5811388300841898,686.8,803.9674744664737
Accumulate + Select,183,1.0,0.0,31.347998311379524,21.466077355026982,5.327635648552585,5.65157524390382,10.672983330114185,11.355969961910615,0.06930773806250289,0.08278093938319946,2.2817668843651657,0.3536061825978078,54900.0,0.0,3.0,1.5811388300841898,686.8,803.9674744664737
Accumulate + Select,184,1.0,0.0,31.353923183910503,21.46946913796638,5.310219803471285,5.634706867356959,10.605163341239678,11.140593036831897,0.0687706448191022,0.08120586465700425,2.2540509849499877,0.2360880596390182,55200.0,0.0,3.0,1.5811388300841898,686.8,803.9674744664737
Accumulate + Select,185,1.0,0.0,31.3600709021212,21.473564060142152,5.292695717762742,5.61789824490076,10.563313545071026,11.182982139689855,0.06855761523974704,0.08150312855231516,2.226795437771694,0.24724804986541518,55500.0,0.0,3.0,1.5811388300841898,686.8,803.9674744664737
Accumulate + Select,186,1.0,0.0,31.365171461322603,21.477550920596208,5.27550368766129,5.601278019708156,10.479202761226267,11.018986887392977,0.06802131682793094,0.08035578661503821,2.2576141264822747,0.31295458961974115,55800.0,0.0,3.0,1.5811388300841898,686.8,803.9674744664737
Accumulate + Select,187,1.0,0.0,31.369762061384847,21.48049698048043,5.258768989699004,5.585311715582246,10.530059113316545,11.168900042985598,0.06840062081962235,0.08141509910153767,2.201028898719509,0.3690703050042312,56100.0,0.0,3.0,1.5811388300841898,686.8,803.9674744664737
Accumulate + Select,188,1.0,0.0,31.37564296425889,21.48500696123495,5.242174474087063,5.569646240388388,10.49728502166095,11.227427701708356,0.0682154748135455,0.08184584393840814,2.3918527596810777,0.3103413380794128,56400.0,0.0,3.0,1.5811388300841898,686.8,803.9674744664737
Accumulate + Select,189,1.0,0.0,31.381975341728964,21.490909953969517,5.22587271324719,5.554544392247189,10.35485022536806,10.919692228950352,0.06723859969271681,0.07963260612629325,2.2490724294325646,0.3247840350853642,56700.0,0.0,3.0,1.5811388300841898,686.8,803.9674744664737
Accumulate + Select,190,1.0,0.0,31.387750058188363,21.494264945290144,5.209252356938305,5.538567642636526,10.5867916774823,11.435109271892363,0.06883476968270293,0.08332085407303824,2.2051210854202536,0.3060297993041311,57000.0,0.0,3.0,1.5811388300841898,686.8,803.9674744664737
Accumulate + Select,191,1.0,0.0,31.393106774405,21.497921139191213,5.192964805337782,5.523093896887988,10.345708689067475,11.001134716983426,0.06724957507077348,0.08021370492847087,2.33450998624373,0.3517307547472583,57300.0,0.0,3.0,1.5811388300841898,686.8,803.9674744664737
Accumulate + Select,192,1.0,0.0,31.400081830808233,21.5045545356306,5.1765035058029545,5.506890859706522,10.410209021849598,11.074665839710539,0.06760729461919891,0.08072707002545593,2.2760266674214895,0.2886475315883684,57600.0,0.0,3.0,1.5811388300841898,686.8,803.9674744664737
Accumulate + Select,193,1.0,0.0,31.405091001101503,21.506983964025846,5.160247289461036,5.491190926690609,10.396443492211755,11.05742586851485,0.06746145664450402,0.08057538786687349,2.3382771848851456,0.2807944925873533,57900.0,0.0,3.0,1.5811388300841898,686.8,803.9674744664737
Accumulate + Select,194,1.0,0.0,31.411895980438153,21.512188106492214,5.14440979942408,5.476013542865148,10.2135216235192,10.862788847209337,0.0663442514471746,0.07919470959795943,2.3164786811703824,0.21769893454530903,58200.0,0.0,3.0,1.5811388300841898,686.8,803.9674744664737
Accumulate + Select,195,1.0,0.0,31.41491435722973,21.513440700488676,5.128462725813042,5.460703094370091,10.123106619988501,10.79506763645968,0.06582157066867617,0.07871330740927113,2.2458408335284585,0.34705497572706034,58500.0,0.0,3.0,1.5811388300841898,686.8,803.9674744664737
Accumulate + Select,196,1.0,0.0,31.418463331463812,21.514481546288973,5.112962653833846,5.445866046101827,10.301262304449876,11.085778727222182,0.06698341566661319,0.08077289663897777,2.229366605967329,0.21463380883375227,58800.0,0.0,3.0,1.5811388300841898,686.8,803.9674744664737
Accumulate + Select,197,1.0,0.0,31.422922081941373,21.517622801722414,5.097736779870258,5.431740701040648,10.233411651163205,10.964111399394717,0.06651518540576806,0.07990368629894602,2.308766262368746,0.2319166291094354,59100.0,0.0,3.0,1.5811388300841898,686.8,803.9674744664737
Accumulate + Select,198,1.0,0.0,31.427948530199387,21.520964415448265,5.082460437285151,5.417122791103136,10.24262321275527,10.905513160413127,0.06649389474168209,0.07946310714534961,2.2747956400600704,0.30740893398639724,59400.0,0.0,3.0,1.5811388300841898,686.8,803.9674744664737
Accumulate + Select,199,1.0,0.0,31.433157501709918,21.5244286168059,5.06720492954416,5.402641226059919,10.087732055827,10.614680347269573,0.06540607591435119,0.07736863032791774,2.238953077981903,0.2953735159165481,59700.0,0.0,3.0,1.5811388300841898,686.8,803.9674744664737
Accumulate + Select,200,1.0,0.0,31.437472500043423,21.52763403485957,5.051839769690188,5.3875084359880185,10.033534976133641,10.68382560535452,0.06522950251140312,0.07789967706186507,2.304124220848027,0.2499280177716316,60000.0,0.0,3.0,1.5811388300841898,686.8,803.9674744664737
Replace,0,0.0,0.0,0.0,0.0,84.12649828456804,20.561120228712866,167.86920674309346,40.55641095634343,1.0010861810212988,0.009307941856665988,0.08793909266460646,0.015914207122271814,,,3.0,1.5811388300841898,686.8,803.9674744664737
Replace,1,0.0,0.0,0.244119602836579,0.11403923088076383,84.14901907952267,20.379751979540057,168.82860213128214,39.141202916686325,1.0097941156745507,0.053450915634162544,0.1808528312560818,0.014869364794625443,,,3.0,1.5811388300841898,686.8,803.9674744664737
Replace,2,0.0,0.0,0.6271424913200748,0.3015519544967434,84.58861090143694,20.521901350345512,168.6523190048352,40.169677886904296,1.0080441444027262,0.06285315432601776,0.2595203057792208,0.03730155588726598,,,3.0,1.5811388300841898,686.8,803.9674744664737
Replace,3,0.0,0.0,1.1202466318168613,0.3709724718705705,84.01002591594354,22.855015569767495,169.4626183002087,48.33683704908162,1.0064854970991302,0.10485518795920103,0.3387224230244902,0.08260103823129149,,,3.0,1.5811388300841898,686.8,803.9674744664737
Replace,4,0.0,0.0,1.4435146604026938,0.5502111435827411,84.9648256178027,25.304323671235025,170.47699823316455,51.440827640914705,1.0091146573460454,0.08582006888812518,0.3776468481681623,0.05650737405468068,,,3.0,1.5811388300841898,686.8,803.9674744664737
Replace,5,0.0,0.0,2.0322139207604337,0.9227558653086841,83.36187457710072,27.224603199858038,168.11439795664475,56.69961824391155,0.9914880694503111,0.13142913453445923,0.40452834444425845,0.06945335847190166,,,3.0,1.5811388300841898,686.8,803.9674744664737
Replace,6,0.0,0.0,2.898126683959575,1.3678202845728094,82.0151899260745,27.179521797546684,163.9128302305088,54.464544907416546,0.9670702375204281,0.13092932713499514,0.47008475315819254,0.058792697219118124,,,3.0,1.5811388300841898,686.8,803.9674744664737
Replace,7,0.0,0.0,3.2879677003622305,1.0727759038562723,83.49687174740248,28.517651507883844,166.34506454026894,56.01214025808399,0.9811530472598052,0.1393133445314709,0.5195783758088526,0.1032169486626751,,,3.0,1.5811388300841898,686.8,803.9674744664737
Replace,8,0.0,0.0,3.277212460211018,0.6101015863528834,84.04483396444708,27.898757859494037,169.0669979407074,56.822823443468536,0.997089153673975,0.14469343702826065,0.5662468698788707,0.05157428845876063,,,3.0,1.5811388300841898,686.8,803.9674744664737
Replace,9,0.0,0.0,4.164051514441993,1.2723882485297087,84.15927904330442,28.544399900323885,168.19760396031262,55.81363969175528,0.9903484936863128,0.13481930823133598,0.5988870897835145,0.11416379351068034,,,3.0,1.5811388300841898,686.8,803.9674744664737
Replace,10,0.0,0.0,4.106328012022885,0.8529444160262943,85.00915245090125,27.8437140243987,171.30152338679704,55.117237277706245,1.0095913568124781,0.13121039301758214,0.5738806064877219,0.08000009692369693,,,3.0,1.5811388300841898,686.8,803.9674744664737
Replace,11,0.0,0.0,4.185317011646279,0.9959110310814623,84.68375615642913,25.014640551317594,168.43715672212858,49.54133565770636,0.9953416149375892,0.10655014541455472,0.5792112633193771,0.07817815386354482,,,3.0,1.5811388300841898,686.8,803.9674744664737
Replace,12,0.0,0.0,4.691259144560918,1.4632850751894724,81.76744207289093,26.525730221899323,162.65422093751596,51.02243291138164,0.9605590168584129,0.120908183507323,0.608971943152714,0.08644894700891646,,,3.0,1.5811388300841898,686.8,803.9674744664737
Replace,13,0.0,0.0,4.498794641914938,2.033786305488344,81.93032315653156,24.681635782428103,163.5150603378624,49.43690236790663,0.968291683158875,0.1258436028572166,0.6209118101948443,0.17207837299737108,,,3.0,1.5811388300841898,686.8,803.9674744664737
Replace,14,0.0,0.0,5.141548906398905,2.466298541100997,78.39182547127533,23.466272437520594,156.3998443985659,46.22290761804431,0.9272701367413182,0.12580593480282792,0.6264594090145301,0.17501883575318608,,,3.0,1.5811388300841898,686.8,803.9674744664737
Replace,15,0.0,0.0,4.8706951997977255,2.0931064645367305,79.20113129744077,24.87284745850088,158.6499191883491,49.95759502834709,0.9376561500302918,0.14726588844450914,0.6181770277467122,0.11688269306960741,,,3.0,1.5811388300841898,686.8,803.9674744664737
Replace,16,0.0,0.0,4.62406434203765,1.6039269417042017,76.46362971627973,22.535274586532832,152.9274241759553,44.78394199817791,0.9048861084114138,0.10042606062793039,0.6227352726659651,0.11454396766362203,,,3.0,1.5811388300841898,686.8,803.9674744664737
Replace,17,0.0,0.0,5.320729541629558,2.6453397909027263,75.88606940255407,20.644110569501528,151.63829308583314,41.69114469181415,0.900024213361626,0.09671551238584461,0.72520041179213,0.10518139435962713,,,3.0,1.5811388300841898,686.8,803.9674744664737
Replace,18,0.0,0.0,5.527592639317356,2.701875994860014,74.85734746161128,21.555038878770258,149.96446952727365,42.28380016420789,0.8885147443286732,0.09380624340636497,0.6880031877705877,0.13533485561317618,,,3.0,1.5811388300841898,686.8,803.9674744664737
Replace,19,0.0,0.0,5.9223007625500745,3.191897743393787,72.66093262294382,22.69883000849483,144.58362196935,45.02589477771891,0.8505041434507197,0.09403620217054307,0.6923092541024842,0.1540327487091202,,,3.0,1.5811388300841898,686.8,803.9674744664737
Replace,20,0.0,0.0,5.4855585754244505,3.2261164297583647,71.00611656174016,20.95548054635818,141.79998986161928,41.52301783586713,0.8381561391372546,0.08644992941605072,0.6726237917447665,0.17745981117562476,,,3.0,1.5811388300841898,686.8,803.9674744664737
Replace,21,0.0,0.0,5.627363142382185,2.77652840320816,69.86229502068772,19.498900276243493,141.08376297126648,39.00139347186351,0.8373963783028906,0.1164706652029112,0.7174733349478756,0.20485628019026983,,,3.0,1.5811388300841898,686.8,803.9674744664737
Replace,22,0.0,0.0,5.738909696406553,2.779438795146724,68.50557368651508,18.26797851990239,136.520998653175,35.45379259389201,0.8119902759747226,0.09966147813174375,0.7296249256499532,0.1622509657949108,,,3.0,1.5811388300841898,686.8,803.9674744664737
Replace,23,0.0,0.0,5.824809358693547,3.150020716516579,69.10813392694878,18.881189709660887,137.12210553604785,36.83561011011575,0.8172641705029452,0.1482017236377723,0.7408305371022702,0.13602401991860322,,,3.0,1.5811388300841898,686.8,803.9674744664737
Replace,24,0.0,0.0,5.8747144870270205,3.6647882661636006,66.73683734026645,17.67133928841367,133.68013760077213,36.550875545450666,0.795784347050643,0.14470503179501576,0.7478264103258594,0.18228004846013118,,,3.0,1.5811388300841898,686.8,803.9674744664737
Replace,25,0.0,0.0,6.30376266501024,3.797164082100085,66.72442302464366,18.258342051860968,133.43890708594455,36.78298223755851,0.7959198902502216,0.16306911796998694,0.7585317833465243,0.20821397976487574,,,3.0,1.5811388300841898,686.8,803.9674744664737
Replace,26,0.0,0.0,6.4356577061616616,4.1759338165180395,65.71571596382311,18.465226629666553,130.04483215969944,36.509513305542015,0.7763022560519401,0.1730691239497252,0.8187638164467941,0.17687220108825547,,,3.0,1.5811388300841898,686.8,803.9674744664737
Replace,27,0.0,0.0,6.240819877342291,3.659086092027755,66.0834713219443,18.265278492390273,132.2690942214178,36.65114521368527,0.7924298078915271,0.18804032941185145,0.785431236948108,0.13004347512832726,,,3.0,1.5811388300841898,686.8,803.9674744664737
Replace,28,0.0,0.0,6.072211307149041,3.941614060913757,67.49600755747124,18.94142442796182,135.01851720126984,37.81805508679363,0.8046792808485073,0.1692108416527733,0.7911925470684626,0.18144171358052102,,,3.0,1.5811388300841898,686.8,803.9674744664737
Replace,29,0.0,0.0,6.271033728830988,4.144738935836705,68.67845941301098,19.614469861789683,138.05239075500998,39.56356177679431,0.8249230705552015,0.20024819164266067,0.8220954794933772,0.21471636147988674,,,3.0,1.5811388300841898,686.8,803.9674744664737
Replace,30,0.0,0.0,7.065298547126099,5.090011753132997,70.28564019574904,21.318621807289727,141.01849516803915,42.87630818559814,0.8430391428552874,0.23821841139763214,0.8564314122604465,0.2512786611192596,,,3.0,1.5811388300841898,686.8,803.9674744664737
Replace,31,0.0,0.0,7.65763978344804,5.351910092403871,68.30084457343222,20.273132498905237,136.96841047553244,40.19417928496894,0.8187134551871018,0.21397756553919184,0.8620267193479372,0.2355816786149619,,,3.0,1.5811388300841898,686.8,803.9674744664737
Replace,32,0.0,0.0,7.4142792404734195,5.555884589255729,70.02621710146316,22.49150740381393,140.20173511011006,44.81675337863753,0.8328321647167499,0.22802094353671773,0.8807867702118071,0.25559030333664645,,,3.0,1.5811388300841898,686.8,803.9674744664737
Replace,33,0.0,0.0,7.407707690731895,5.046487416438582,72.64343217759135,23.814572000389834,143.80615296448568,46.55958888076732,0.853208979661322,0.23178973617920007,0.819316876277971,0.1733552339326853,,,3.0,1.5811388300841898,686.8,803.9674744664737
Replace,34,0.0,0.0,7.850128684980298,4.870873504922936,71.27745851744488,23.5571487704136,142.1341897901443,46.401615678008206,0.8431343615098434,0.22745867355831778,0.848468912973751,0.1802840510932583,,,3.0,1.5811388300841898,686.8,803.9674744664737
Replace,35,0.0,0.0,7.981607916568078,4.403677484447174,71.1565592681688,24.053295252108356,141.45497286677013,47.51510996578994,0.83849856009714,0.237109897026132,0.8704044649815252,0.18985991713849878,,,3.0,1.5811388300841898,686.8,803.9674744664737
Replace,36,0.0,0.0,8.673709590875745,4.281877910645063,70.90748070474561,23.967133378884114,141.0333051781668,47.1780043029353,0.8406045885453283,0.25157422567253407,0.9534480844942299,0.16805157544761165,,,3.0,1.5811388300841898,686.8,803.9674744664737
Replace,37,0.0,0.0,8.547655583826865,4.892441757643937,68.90860572007134,22.854735983148995,137.66370713903783,45.884470413290025,0.8154610672113316,0.22210503890481156,0.9793181250320508,0.21652989260138844,,,3.0,1.5811388300841898,686.8,803.9674744664737
Replace,38,0.0,0.0,9.473371057710144,5.317299177663258,65.05506829883849,20.303348194500003,129.05048341918783,39.29044398283554,0.7696401587348476,0.18928911072033802,0.9582763172306926,0.19720724532010087,,,3.0,1.5811388300841898,686.8,803.9674744664737
Replace,39,0.0,0.0,8.270269926650332,4.620245920927331,65.48272935289111,21.676361759705312,130.1594176014543,42.23975236512061,0.7746304029914775,0.2037445265648892,0.931805547085925,0.1536028390446763,,,3.0,1.5811388300841898,686.8,803.9674744664737
Replace,40,0.0,0.0,8.632614144834502,4.788983841081285,65.2142986445211,20.792176713749996,130.7663663895028,42.86767734728402,0.7801376474124477,0.22160768292262678,0.9603291809715602,0.17272190945550672,,,3.0,1.5811388300841898,686.8,803.9674744664737
Replace,41,0.0,0.0,8.626914208481988,5.15339011136693,64.88541350043457,21.271742453934706,129.68062718282053,43.2413353014233,0.7765032073904706,0.2314705208802358,0.9903802879838477,0.22777303034950674,,,3.0,1.5811388300841898,686.8,803.9674744664737
Replace,42,0.0,0.0,8.780503353578771,4.517939163790018,63.590658658911295,21.17728060724603,126.1335020690885,41.47969783858369,0.756363449973237,0.23747819476891982,0.9468501771686018,0.16778826638857583,,,3.0,1.5811388300841898,686.8,803.9674744664737
Replace,43,0.0,0.0,9.41059526240505,4.864806698028699,61.725575152038516,19.93220212414961,123.35838530418482,40.25858911301123,0.743148302395167,0.24144171824343486,0.9387948980137499,0.13941016781876958,,,3.0,1.5811388300841898,686.8,803.9674744664737
Replace,44,0.0,0.0,9.813220301818287,4.264436979872983,62.83027884848271,20.016619493302226,125.09671583133176,39.68313460704408,0.7520489036969166,0.22922333048765253,0.9979893806160878,0.12185901400831559,,,3.0,1.5811388300841898,686.8,803.9674744664737
Replace,45,0.0,0.0,9.551303969410778,4.876048860925361,62.58969864734969,20.896861351005267,124.77571314748494,40.780639602936866,0.7482723652061807,0.22938926807340834,0.9786848649191416,0.12672097988778266,,,3.0,1.5811388300841898,686.8,803.9674744664737
Replace,46,0.0,0.0,10.377990865257686,6.350464201513059,60.98602444215999,20.643950977124117,121.76364788407234,41.41759230221207,0.7319075016237845,0.23873233297260205,0.9852350167642104,0.15207500347306185,,,3.0,1.5811388300841898,686.8,803.9674744664737
Replace,47,0.0,0.0,10.787139754425104,7.05654188943851,59.798741441391186,20.30514806944937,119.28767369815037,39.96190055202655,0.7164071480529725,0.22340749458557022,1.0028875695503279,0.16712231449140122,,,3.0,1.5811388300841898,686.8,803.9674744664737
Replace,48,0.0,0.0,11.826085146473613,7.689295406283081,60.0182593020131,21.938122307202253,119.32829276752629,43.12035913066141,0.7134849016637835,0.23269659333561335,1.0444394466069493,0.18904728318352831,,,3.0,1.5811388300841898,686.8,803.9674744664737
Replace,49,0.0,0.0,11.031867954644067,7.298136676694034,60.32339016226207,21.335046941502927,121.16667288102413,42.56602124477597,0.7257415194367077,0.24148464700177988,1.0085464412940404,0.15740710749611236,,,3.0,1.5811388300841898,686.8,803.9674744664737
Replace,50,0.0,0.0,11.295051950590235,7.129316154957769,57.88625327306437,20.50234317909325,115.54475609699162,41.35710478119541,0.6905747945803531,0.23742240400312484,1.026457877096187,0.16385018278813926,,,3.0,1.5811388300841898,686.8,803.9674744664737
Replace,51,0.0,0.0,11.170010403394317,8.094472587856743,57.08142231669349,19.586720315919653,114.83538447333372,39.629370954291325,0.6893790879418574,0.24019073502834515,1.089961549450542,0.3037320420411283,,,3.0,1.5811388300841898,686.8,803.9674744664737
Replace,52,0.0,0.0,11.918842451451516,7.862844095197636,58.51620839486391,21.9530229529887,116.50507357698879,43.01962799080963,0.6976961373598458,0.2635621956366567,1.0544870197791538,0.21895439153741794,,,3.0,1.5811388300841898,686.8,803.9674744664737
Replace,53,0.0,0.0,11.853491259775375,8.230007719897714,56.06396530847444,20.842756810136482,112.8985955574387,42.06711823432824,0.6710666494414962,0.23933564835876778,1.123844093551848,0.3095487484754386,,,3.0,1.5811388300841898,686.8,803.9674744664737
Replace,54,0.0,0.0,12.29207715257887,8.775103163623678,54.71600582770416,19.822051595604893,109.1966227234351,39.585912420224005,0.6510876328888568,0.22538794360277636,1.1041423389124692,0.2348903011777549,,,3.0,1.5811388300841898,686.8,803.9674744664737
Replace,55,0.0,0.0,11.414674568307273,9.026884893336492,54.26082530811649,19.842163237272654,109.66445234002747,40.47862164949851,0.6560576375357952,0.23825438755734488,1.0279916155441124,0.2471562823258692,,,3.0,1.5811388300841898,686.8,803.9674744664737
Replace,56,0.0,0.0,11.680216643727173,8.836906265963155,54.99832425243871,20.542715895446086,109.7742383534518,41.34317117660918,0.6574033834514909,0.2448776509143203,1.1274859104289088,0.28056876368780337,,,3.0,1.5811388300841898,686.8,803.9674744664737
Replace,57,0.0,0.0,11.780560541699767,9.03614663195288,54.22621982969406,21.273868050110618,108.98333186727993,44.454306185378684,0.652368453469456,0.2693468289484354,1.0688779820947922,0.26337732374973327,,,3.0,1.5811388300841898,686.8,803.9674744664737
Replace,58,0.0,0.0,10.619727485166763,9.056661032320758,55.830296656467304,22.325236013949315,110.82642856571609,44.11258494770734,0.6630861075641034,0.2711020692669616,1.0194824641861622,0.2762463209377032,,,3.0,1.5811388300841898,686.8,803.9674744664737
Replace,59,0.0,0.0,10.450641105011538,9.651798080471053,58.50242315032555,25.016220520342717,116.00268098893807,49.108403207913696,0.6937476675231605,0.3047119868002663,1.032611211772453,0.29893639156092655,,,3.0,1.5811388300841898,686.8,803.9674744664737
Replace,60,0.0,0.0,10.372340832776322,9.274586408571087,56.12105789350694,23.10478722566532,112.29201306194618,46.53253511583076,0.6698152799534391,0.2792287700017754,1.0590501385648854,0.2783771052308492,,,3.0,1.5811388300841898,686.8,803.9674744664737
Replace,61,0.0,0.0,10.465475729997598,8.547377335397282,54.90916076553854,21.72049792577437,109.22685598204585,43.23229089880812,0.6549148156527955,0.2723712888392228,1.018461373032513,0.2716329843207962,,,3.0,1.5811388300841898,686.8,803.9674744664737
Replace,62,0.0,0.0,10.326641605131076,8.421079928955251,56.59715225265454,21.673694249536105,113.11296393684977,43.687540334430885,0.6726850242278272,0.25870522934748286,1.0625702243386814,0.2835905239875616,,,3.0,1.5811388300841898,686.8,803.9674744664737
Replace,63,0.0,0.0,11.67334853610456,9.572139784046755,58.24770004015103,22.703757289686035,116.24909007701129,45.24254712641203,0.6845918530420937,0.23416115561138845,1.0938198421597363,0.31235122649263014,,,3.0,1.5811388300841898,686.8,803.9674744664737
Replace,64,0.0,0.0,12.569265388192463,11.712878334328304,58.878888824471616,24.153722276038273,116.5869767356426,47.66502427053203,0.6845921092762463,0.24821106682526606,1.1090139762238542,0.3228444239081494,,,3.0,1.5811388300841898,686.8,803.9674744664737
Replace,65,0.0,0.0,13.205460976397484,12.41399011675174,58.512610821198734,24.870648986234926,118.28026174046086,50.42378106436954,0.691679992691631,0.26145851631879047,1.1222354700939534,0.3745532939957342,,,3.0,1.5811388300841898,686.8,803.9674744664737
Replace,66,0.0,0.0,13.972053225641734,13.671025705992967,56.91647911374092,23.71932826071051,113.74282976232385,47.45190686332385,0.6684741269478561,0.2611576529832516,1.2099911060298234,0.3699243819002476,,,3.0,1.5811388300841898,686.8,803.9674744664737
Replace,67,0.0,0.0,14.780719779327018,15.677265526793418,55.921968382800586,23.16373495671854,111.53464541336139,46.227733202414946,0.6558723058650673,0.2553457397937289,1.2054041746975828,0.3947029547125088,,,3.0,1.5811388300841898,686.8,803.9674744664737
Replace,68,0.0,0.0,14.300773271059011,14.730362951730728,55.25031033725746,23.43077765181075,111.07806674648123,47.48177839996156,0.6506590119185645,0.2549614837321301,1.1832142273248676,0.3307449468406451,,,3.0,1.5811388300841898,686.8,803.9674744664737
Replace,69,0.0,0.0,14.998261515144444,14.718246235558762,54.06053411137749,22.553183588199087,108.92807025710677,45.1373702355606,0.6392772382209757,0.24703966571589592,1.2187219632614814,0.3951881539711364,,,3.0,1.5811388300841898,686.8,803.9674744664737
Replace,70,0.0,0.0,14.695928480255025,13.56667126146337,55.41903356998135,23.09225868535624,109.34535098832302,45.61107191355997,0.6380554479797953,0.2365543665357308,1.2152893932200275,0.2851915302879325,,,3.0,1.5811388300841898,686.8,803.9674744664737
Replace,71,0.0,0.0,13.98669579015405,12.947600091116904,52.34906169798236,20.194955743960115,105.21699003853999,40.491935527651684,0.6184774672004675,0.21689644779624812,1.1786001698924333,0.3677987977682514,,,3.0,1.5811388300841898,686.8,803.9674744664737
Replace,72,0.0,0.0,13.300461659699067,11.365570343258614,49.78941860309659,18.868634925602795,99.8559629202801,37.4990829399627,0.5887073654766252,0.20223416615162845,1.265733804524482,0.3760777157806038,,,3.0,1.5811388300841898,686.8,803.9674744664737
Replace,73,0.0,0.0,13.727545711508991,10.716870202207273,50.09142676768944,19.73100207564429,99.39022390538175,38.600558046774765,0.5855837303234646,0.21109524798020726,1.2459510556740605,0.3190940267751271,,,3.0,1.5811388300841898,686.8,803.9674744664737
Replace,74,0.0,0.0,12.988295900131991,10.113486632569924,50.68772160844614,19.189556941751615,102.05016113491291,38.72306165235488,0.6028755686492225,0.21757371491133873,1.2095518397097547,0.3427658041580863,,,3.0,1.5811388300841898,686.8,803.9674744664737
Replace,75,0.0,0.0,12.853961946307038,9.300044181400905,51.04924717604745,19.746165572811368,102.52048803006896,39.80690628894048,0.6032522940249916,0.21793753295281432,1.1989771263396394,0.2819291391615929,,,3.0,1.5811388300841898,686.8,803.9674744664737
Replace,76,0.0,0.0,13.670922027641717,9.02187234483658,51.15256768904404,20.02521065189227,102.11739444444518,39.89765446746718,0.6028432689664049,0.2250036777125404,1.2359625791230893,0.17615322056004237,,,3.0,1.5811388300841898,686.8,803.9674744664737
Replace,77,0.0,0.0,13.771596805586825,8.716108328026607,51.126093183162084,19.634724773003313,101.94363142493526,39.550354795274664,0.6008996152927171,0.2184297443966564,1.2466101212781235,0.221266513220943,,,3.0,1.5811388300841898,686.8,803.9674744664737
Replace,78,0.0,0.0,13.470884451503608,9.581354683054697,51.08410568204918,21.136724775690073,102.83340313768909,42.15740587969645,0.606774105398942,0.23720848392588198,1.2570872140151854,0.19680264351213336,,,3.0,1.5811388300841898,686.8,803.9674744664737
Replace,79,0.0,0.0,13.458474330338802,10.21647544838562,50.44431993250333,20.691876202129343,102.04591447587504,41.71018740304108,0.6031174606078544,0.2440698348052282,1.228927994711416,0.2199859922971526,,,3.0,1.5811388300841898,686.8,803.9674744664737
Replace,80,0.0,0.0,13.496881652353034,10.596449126111114,48.89522006273693,20.715163727608843,97.96729704870283,42.11648722318229,0.5788485856536563,0.24909227259553596,1.322934509486224,0.2975366217720562,,,3.0,1.5811388300841898,686.8,803.9674744664737
Replace,81,0.0,0.0,13.591631425925419,10.498515709624193,46.29076995528625,19.485980255584938,92.84088740968704,39.2548366073017,0.5532504027261208,0.24127346198718913,1.1727230005104925,0.2934610215694906,,,3.0,1.5811388300841898,686.8,803.9674744664737
Replace,82,0.0,0.0,13.259258885773411,10.033313170914516,46.129476579476204,19.190428285352656,92.10017893591002,38.56211973703002,0.5508359354213971,0.2421262913609851,1.256676771607564,0.2737921684107347,,,3.0,1.5811388300841898,686.8,803.9674744664737
Replace,83,0.0,0.0,13.34818125824475,9.393826176716917,45.99783930709203,20.718974392627757,91.46515447361783,40.80362998576528,0.5457719331520731,0.24755368675063935,1.2373948009479476,0.22201548005539457,,,3.0,1.5811388300841898,686.8,803.9674744664737
Replace,84,0.0,0.0,13.812811241303985,10.144477446271413,46.579520516338754,21.771852277107953,93.20887209827984,43.32769525567539,0.5530576781986454,0.2530989879246578,1.2301387978625364,0.23048513414506344,,,3.0,1.5811388300841898,686.8,803.9674744664737
Replace,85,0.0,0.0,13.80653298587472,8.964154998053171,46.103475669631116,20.018183758510055,92.0265952343436,39.623852616834824,0.5481211768601723,0.2364522901597428,1.287529926813187,0.2716557087611352,,,3.0,1.5811388300841898,686.8,803.9674744664737
Replace,86,0.0,0.0,14.169476831708948,8.281208587790719,45.70174929161289,20.676608052148012,90.4728846221974,40.66889594788359,0.5437640251561988,0.25952310277361085,1.260301307360259,0.16297588044815184,,,3.0,1.5811388300841898,686.8,803.9674744664737
Replace,87,0.0,0.0,14.068691919740548,9.033025645148594,46.54075257212742,22.75090184052521,92.95027959999177,44.788822269735725,0.5596224552566256,0.28416234462808526,1.2472042337254283,0.19624444657552884,,,3.0,1.5811388300841898,686.8,803.9674744664737
Replace,88,0.0,0.0,14.795012121177479,10.240920361541704,47.159766523317344,22.358941742453155,94.92860971733322,45.497813234129474,0.567993560477332,0.2787420799675368,1.3000835518018115,0.11019326402671435,,,3.0,1.5811388300841898,686.8,803.9674744664737
Replace,89,0.0,0.0,14.388873579939949,10.410492175568685,45.928931048447055,21.07021283356694,92.40451451408184,42.28985184576098,0.5548809690221665,0.26305548741498075,1.248021097579515,0.218892220342218,,,3.0,1.5811388300841898,686.8,803.9674744664737
Replace,90,0.0,0.0,14.242551635168047,10.17029355271138,47.16067566006861,22.331674489544454,92.78374940328754,43.515707294843814,0.5538815811574004,0.26422379455174355,1.3222359498221492,0.26299687458815474,,,3.0,1.5811388300841898,686.8,803.9674744664737
Replace,91,0.0,0.0,14.766132387880935,9.898931227797327,46.07532122317252,23.0186182150197,92.55160507393752,46.69420324722704,0.5570453213957848,0.2934246604416175,1.2666350709205605,0.16680197946481806,,,3.0,1.5811388300841898,686.8,803.9674744664737
Replace,92,0.0,0.0,15.301999578493787,9.309557110429347,48.176090169457765,25.24064861793693,96.89336560747915,50.817005184627256,0.5867990364858656,0.32622196711123264,1.3369580632933364,0.10191066344574266,,,3.0,1.5811388300841898,686.8,803.9674744664737
Replace,93,0.0,0.0,15.153139471255088,8.895106577690994,48.945835016248935,25.89615084843179,97.47455908016073,51.751893921632444,0.5882989741074823,0.3270460097838462,1.3539383890688088,0.16159844778563615,,,3.0,1.5811388300841898,686.8,803.9674744664737
Replace,94,0.0,0.0,16.360925476615623,9.284190146810385,46.83985821283346,25.61942590853114,92.57409287684722,51.2502543184571,0.5579289300450322,0.31962656315038773,1.36717508344854,0.15656649648709606,,,3.0,1.5811388300841898,686.8,803.9674744664737
Replace,95,0.0,0.0,16.031229902778836,9.10922599449647,46.054092199670684,23.902601147376675,92.05359546602993,48.04031974975758,0.5519573837361028,0.2966179398716475,1.3512765922858787,0.2641463191384415,,,3.0,1.5811388300841898,686.8,803.9674744664737
Replace,96,0.0,0.0,16.23820372905556,8.65698044438542,43.154739931380426,22.73280111830095,86.52343246529672,45.66907917288452,0.5194024894170978,0.2824517708390879,1.3899627135207848,0.23955259156400138,,,3.0,1.5811388300841898,686.8,803.9674744664737
Replace,97,0.0,0.0,15.770136452018637,9.655300166521133,43.444133779948274,23.662379921452573,86.60738838212494,46.52934410372672,0.524097156571113,0.29633630297855845,1.321558069186374,0.2498592838616488,,,3.0,1.5811388300841898,686.8,803.9674744664737
Replace,98,0.0,0.0,16.8508115918957,10.2258336110771,43.5973755612989,22.768413707509186,86.86076191010099,45.33993215636792,0.5249936860805351,0.2913518996240057,1.4508838159962643,0.2992510014890665,,,3.0,1.5811388300841898,686.8,803.9674744664737
Replace,99,0.0,0.0,17.78283537222704,11.422729528167237,42.79170454440576,22.67889153719825,84.88031420227566,45.29638397184144,0.5154108756297322,0.29542022421922265,1.412824198139615,0.2638618257657028,,,3.0,1.5811388300841898,686.8,803.9674744664737
Replace,100,0.0,0.0,17.110195288980567,11.662784161643842,40.738748303346654,22.248356547327486,81.48568293013834,43.81001150007777,0.49287202586185275,0.2783445726240694,1.4229391029122205,0.3006778544227699,,,3.0,1.5811388300841898,686.8,803.9674744664737
Replace,101,0.0,0.0,17.79892891698235,12.398735325791673,39.62996486014699,20.957357776868456,78.9005434589878,41.40298330758383,0.47730597543131986,0.26591233629549543,1.4465137767797498,0.3906789964577444,,,3.0,1.5811388300841898,686.8,803.9674744664737
Replace,102,0.0,0.0,18.179953065738946,11.065039884192688,40.18637297194134,22.555314928255704,80.58088959251914,45.242193533236936,0.48610059756014606,0.2838289076771821,1.454887190289014,0.290826174768728,,,3.0,1.5811388300841898,686.8,803.9674744664737
Replace,103,0.0,0.0,18.304303741265578,12.183039162015417,37.2399550080818,18.140222418896812,73.66587916520061,35.0545365578075,0.44521298318655916,0.22174960140484168,1.5424904045367112,0.3751949843383008,,,3.0,1.5811388300841898,686.8,803.9674744664737
Replace,104,0.0,0.0,17.8387909133966,11.84793799925418,37.112945974761615,17.802213429439597,74.23982533626827,35.52963784955916,0.44977108379953445,0.22691920506032748,1.5182703365333186,0.3258442174018133,,,3.0,1.5811388300841898,686.8,803.9674744664737
Replace,105,0.0,0.0,19.318905424616087,13.415714372852795,38.43870293235236,19.762748169438495,77.20874037228351,40.50058011110716,0.46734759524501535,0.25920237554952974,1.509868660726779,0.31693853709678116,,,3.0,1.5811388300841898,686.8,803.9674744664737
Replace,106,0.0,0.0,19.10327508968929,12.031865623658156,38.28308779907226,19.941991791000078,76.63364932528631,40.433746678184846,0.46428415670991796,0.2631904280716763,1.4688499578291279,0.2228911213318143,,,3.0,1.5811388300841898,686.8,803.9674744664737
Replace,107,0.0,0.0,17.648467502625902,10.740797023164932,39.776465789223366,20.903684998246508,80.78132902104497,43.04781309179908,0.48844923463469014,0.27669668020101773,1.473471399409846,0.26182309731831344,,,3.0,1.5811388300841898,686.8,803.9674744664737
Replace,108,0.0,0.0,17.5212139948786,10.59916107781987,38.77366143558713,19.65853219131061,77.70372889979411,39.05064184544245,0.4700551287528805,0.25303407991719357,1.4287473060991114,0.2255517242729359,,,3.0,1.5811388300841898,686.8,803.9674744664737
Replace,109,0.0,0.0,18.269022681726366,11.27786545570879,37.81076418676459,20.654753598882543,74.845867579106,39.77958389641889,0.452254106397527,0.25119113337611193,1.514933670004082,0.30512376185617324,,,3.0,1.5811388300841898,686.8,803.9674744664737
Replace,110,0.0,0.0,19.02943868611459,11.953552648523006,38.37501937470599,20.637696588582923,76.05495073510914,40.643112564725705,0.4622409093306644,0.2612761206265719,1.4887406337195408,0.3389582275473096,,,3.0,1.5811388300841898,686.8,803.9674744664737
Replace,111,0.0,0.0,17.491920236189568,11.879514571939046,36.33724584266771,18.36888550815062,73.34383106862478,36.525540684869846,0.4435582843945724,0.2332451542030957,1.491145748311457,0.33545616988490556,,,3.0,1.5811388300841898,686.8,803.9674744664737
Replace,112,0.0,0.0,17.73242855458348,13.640619477670528,36.8641709505561,19.776815896936167,74.15122264238789,40.82110203584665,0.4487848417980727,0.2591054397652615,1.4952112335525565,0.24300100127889745,,,3.0,1.5811388300841898,686.8,803.9674744664737
Replace,113,0.0,0.0,16.454173220735665,13.37604385652214,38.2825741848646,22.02939488927442,77.08975727170824,45.08255795934357,0.4697737174818646,0.29019322810465537,1.4616710290237607,0.32153870081935365,,,3.0,1.5811388300841898,686.8,803.9674744664737
Replace,114,0.0,0.0,16.092060232125693,12.31027129971257,39.05003235157393,24.909802297246504,78.35580380463526,49.824259048286685,0.47952941418452355,0.31905857979369073,1.5016414378700802,0.3755402964138532,,,3.0,1.5811388300841898,686.8,803.9674744664737
Replace,115,0.0,0.0,17.223682073315576,15.099313719567567,39.511047632241585,25.989847062754663,79.67616245854238,52.92037113301022,0.48814589414008874,0.3345642641437605,1.4939569856323338,0.3318549438611913,,,3.0,1.5811388300841898,686.8,803.9674744664737
Replace,116,0.0,0.0,16.73049299363859,13.859296431242248,41.965086667730795,31.781724004048016,83.2596486590513,61.6603861122224,0.5110924193191828,0.3882695713548673,1.5008780452380361,0.23257376218793466,,,3.0,1.5811388300841898,686.8,803.9674744664737
Replace,117,0.0,0.0,16.01099567653762,12.972715750848096,44.47951080245464,35.31773923562284,89.14411532824623,71.06346902794421,0.5507341316750365,0.4470474017381313,1.4535878324334095,0.2689716097181732,,,3.0,1.5811388300841898,686.8,803.9674744664737
Replace,118,0.0,0.0,16.91712458842107,13.87196797259106,46.601894277443066,39.07820101918911,92.49376803799524,76.16315797412372,0.5726681099812747,0.47897469483348476,1.4369008121207485,0.2754647667461109,,,3.0,1.5811388300841898,686.8,803.9674744664737
Replace,119,0.0,0.0,17.160989993813708,13.189574446686649,48.14634027974161,38.79622243326054,96.53506468227071,77.3448283037935,0.5996141851343862,0.4972068430746662,1.573936262064215,0.27628080334222854,,,3.0,1.5811388300841898,686.8,803.9674744664737
Replace,120,0.0,0.0,16.095522028968958,11.099961136903925,50.880910991861015,41.30293042522444,101.64646528418513,82.66084640078988,0.6286801847478516,0.5258385599853258,1.5140355254959057,0.19438509539511062,,,3.0,1.5811388300841898,686.8,803.9674744664737
Replace,121,0.0,0.0,15.503502042214013,11.46252040968898,51.68710333870924,44.43341568210606,102.56607482029695,87.39671793712041,0.6308592423852103,0.5454636676547953,1.5253194324012624,0.2783670196314028,,,3.0,1.5811388300841898,686.8,803.9674744664737
Replace,122,0.0,0.0,14.312657853456141,10.286215923589081,55.04029274993476,49.880752295601276,109.78623289195221,100.29501805499623,0.6778761748279108,0.624415150911578,1.4620168500530117,0.3296573682996939,,,3.0,1.5811388300841898,686.8,803.9674744664737
Replace,123,0.0,0.0,13.656176396277107,9.423468022429246,57.992755084855546,55.60190776996701,119.06725216122754,116.25851504582667,0.7339545288876472,0.7149575498848301,1.4611998859663384,0.2849551685669591,,,3.0,1.5811388300841898,686.8,803.9674744664737
Replace,124,0.0,0.0,13.499586460917934,9.383047600748146,58.70203487359132,57.964956540690714,118.2830765037528,118.78961249464214,0.7263712792193247,0.7251393035395294,1.488470159513509,0.2625434363019935,,,3.0,1.5811388300841898,686.8,803.9674744664737
Replace,125,0.0,0.0,13.642261502636837,10.478048937791886,60.763631536886386,61.36451447950975,124.24765043798098,127.0474685439949,0.7621829576778957,0.7753529245125614,1.5379077840686244,0.4354785607871675,,,3.0,1.5811388300841898,686.8,803.9674744664737
Replace,126,0.0,0.0,15.561114823948751,14.618300778774179,60.16873558625689,62.37132479791032,115.92627883982125,119.06299430511417,0.7084494557826158,0.7255374986704304,1.4649578897174245,0.377692140609486,,,3.0,1.5811388300841898,686.8,803.9674744664737
Replace,127,0.0,0.0,15.141276052607122,12.978888364769123,61.00100889388837,64.61093380336152,120.31514166649399,126.71315671200091,0.7376832330170513,0.7738942459218779,1.5310049628012514,0.37543993902210054,,,3.0,1.5811388300841898,686.8,803.9674744664737
Replace,128,0.0,0.0,15.954503717588585,13.84397783892368,62.46595459151315,66.10839710999605,124.1296251733791,129.93533363812261,0.762659472546718,0.7985378503235693,1.541909373746055,0.40591106653335113,,,3.0,1.5811388300841898,686.8,803.9674744664737
Replace,129,0.0,0.0,14.67751597827143,11.102109566660646,61.759934399876556,63.04454220640796,126.27803929705256,130.82586200437007,0.7762932762805683,0.8059208365370054,1.5289841771036978,0.39861891737820754,,,3.0,1.5811388300841898,686.8,803.9674744664737
Replace,130,0.0,0.0,13.47074130106427,9.257506022564474,65.62950679844468,69.43719394644371,129.8690756167104,136.55305882976413,0.7975107064206641,0.8397012887432458,1.5325597202720067,0.32643605331577463,,,3.0,1.5811388300841898,686.8,803.9674744664737
Replace,131,0.0,0.0,14.257399678895045,9.306528124545228,69.21885287923479,76.01130958690304,136.5194663180012,149.3936682485572,0.8383840062803476,0.9130105108161,1.5768452943454723,0.333131373624347,,,3.0,1.5811388300841898,686.8,803.9674744664737
Replace,132,0.0,0.0,14.576080061186072,9.152761277815875,70.36520692940242,76.9930176380106,138.83013021886183,147.8214012163886,0.8522185293689176,0.9069096704717141,1.6646109877123116,0.4022285770649092,,,3.0,1.5811388300841898,686.8,803.9674744664737
Replace,133,0.0,0.0,14.498244951056709,8.279159889770174,71.50326600714638,81.69897634241632,143.99975280990677,166.78106179940238,0.8753263974789698,1.0081830637047662,1.5848547161472692,0.3999569294208369,,,3.0,1.5811388300841898,686.8,803.9674744664737
Replace,134,0.0,0.0,13.26061288709777,8.137576999204509,74.30644812239169,83.21294622514753,149.2704205857858,168.4115101929875,0.9092412605854762,1.0209952274574468,1.5503826580997366,0.4377661632833142,,,3.0,1.5811388300841898,686.8,803.9674744664737
Replace,135,0.0,0.0,13.409896195385818,9.370837423440936,73.77963719529455,82.12405945174649,146.20787429035963,163.8913334857945,0.8884804872674483,0.993070386517559,1.530311549838253,0.4973027173726901,,,3.0,1.5811388300841898,686.8,803.9674744664737
Replace,136,0.0,0.0,14.42892990438495,10.385950437479565,72.31555584617476,79.51291217331621,141.04122590100215,152.04299637553623,0.8595521356136642,0.9273904654846645,1.502531973010775,0.30818683423761567,,,3.0,1.5811388300841898,686.8,803.9674744664737
Replace,137,0.0,0.0,15.514688290736235,12.004988887630455,70.94429490266529,78.03920329554573,139.81113612880364,150.3753668757012,0.854573892036085,0.9194251596841275,1.557680098332901,0.2947514625264568,,,3.0,1.5811388300841898,686.8,803.9674744664737
Replace,138,0.0,0.0,16.22791096362431,12.857146097856393,68.2760040867244,68.69316534923391,133.31810121502787,132.54967748795755,0.8161454640183035,0.8195515818134377,1.4651291679833285,0.29900667309859075,,,3.0,1.5811388300841898,686.8,803.9674744664737
Replace,139,0.0,0.0,16.06656571465886,13.353712081476692,67.92984655024853,70.32409363516224,137.47584248733546,144.14133884019938,0.8388282819292405,0.8811262817175166,1.5675984372801444,0.4066731882584171,,,3.0,1.5811388300841898,686.8,803.9674744664737
Replace,140,0.0,0.0,17.18082700343887,16.440677259014194,65.51208458388919,68.97445687248636,131.0522583085458,139.11424255955208,0.8000723000244732,0.8508631544320711,1.531647387829772,0.33837116494282043,,,3.0,1.5811388300841898,686.8,803.9674744664737
Replace,141,0.0,0.0,17.343316669879798,15.728316142388936,65.18373474327453,68.99067568723157,130.8162675441199,138.99972340528348,0.8009475922203155,0.8529025174240539,1.6069713531863747,0.3822344535393586,,,3.0,1.5811388300841898,686.8,803.9674744664737
Replace,142,0.0,0.0,16.601707655180434,14.63824228902978,57.58831562600578,54.36695943418791,116.66796503396299,113.26734310585182,0.7109789529010737,0.6977413198600115,1.5028760590356676,0.26976318777179925,,,3.0,1.5811388300841898,686.8,803.9674744664737
Replace,143,0.0,0.0,16.979678432712937,16.227390245948325,58.64154923142489,54.64616499359513,118.35726784681773,111.57656624722912,0.7225939822631112,0.6951898466142258,1.569170119696006,0.4635957408730396,,,3.0,1.5811388300841898,686.8,803.9674744664737
Replace,144,0.0,0.0,16.977376258344698,16.05986237082517,59.76106022861835,55.953073140375864,118.53532759215504,112.3389588026646,0.7240360717875843,0.6985791878656086,1.5502667600816296,0.41876623674574803,,,3.0,1.5811388300841898,686.8,803.9674744664737
Replace,145,0.0,0.0,16.066173185094854,13.824526396772953,58.174059251468904,56.549310136612405,115.3114011383104,113.17853013164867,0.7038946788265634,0.6991305974912259,1.4419914366333384,0.22619407890261725,,,3.0,1.5811388300841898,686.8,803.9674744664737
Replace,146,0.0,0.0,16.606272842194514,13.766122666912826,56.63284648370929,59.6388435793158,111.3054397350672,115.52798270296732,0.6740226435228405,0.7044886379459051,1.524315909496859,0.3595148045045427,,,3.0,1.5811388300841898,686.8,803.9674744664737
Replace,147,0.0,0.0,17.195821855641572,16.433352916781956,54.33274378432558,57.28047521443579,107.34071961314416,113.499988160337,0.6486655120837422,0.6880916994406714,1.5371525679236506,0.36112399463881184,,,3.0,1.5811388300841898,686.8,803.9674744664737
Replace,148,0.0,0.0,15.698070766494642,13.02834170691284,55.47000560210445,59.04591510308429,110.81735982991407,118.3854696275768,0.6717461299982413,0.7191792488723778,1.5233557269100677,0.3142811491004567,,,3.0,1.5811388300841898,686.8,803.9674744664737
Replace,149,0.0,0.0,16.72528578974898,14.678130271059072,56.43411640022079,63.68358310565233,112.57422410917529,126.65217090796573,0.6798777552818868,0.7653186495717839,1.5744483382666652,0.3833156698880767,,,3.0,1.5811388300841898,686.8,803.9674744664737
Replace,150,0.0,0.0,19.28627203359264,17.016931252337166,56.7454271017733,64.88238135122275,109.82742318179149,121.9391104258313,0.6616512746989844,0.7359439677595729,1.5977177551959223,0.4403067888930075,,,3.0,1.5811388300841898,686.8,803.9674744664737
Replace,151,0.0,0.0,22.544468595258138,23.682114033475177,57.63703941090195,69.45189225711046,112.7503920245646,134.00342880523783,0.6776975178044076,0.8054326277616377,1.6269312574273225,0.44910948976679455,,,3.0,1.5811388300841898,686.8,803.9674744664737
Replace,152,0.0,0.0,23.116824501447912,23.910114295472912,57.74432912357281,69.41476197546652,117.49646875553978,141.8615570666018,0.7071898380997391,0.8530160214147178,1.6642775550889717,0.44439664040021165,,,3.0,1.5811388300841898,686.8,803.9674744664737
Replace,153,0.0,0.0,21.80073033154259,19.370965724295385,59.00925426329864,75.40467705285597,116.02772887434385,146.16213343182127,0.6964045380325501,0.8762296990923264,1.7211413277022944,0.5029660643426174,,,3.0,1.5811388300841898,686.8,803.9674744664737
Replace,154,0.0,0.0,22.02217442702348,19.846686614216214,55.41707548405267,70.00021295717535,109.2999763554872,138.2242136020733,0.6560190589048095,0.8281742651046902,1.6779436897876696,0.31651546740656594,,,3.0,1.5811388300841898,686.8,803.9674744664737
Replace,155,0.0,0.0,21.25701863215044,17.633898263827973,55.60868131655097,71.02577366333341,112.91743124082393,146.41553698335213,0.6763780304961875,0.8765449723804767,1.6773955934751208,0.3268879507980575,,,3.0,1.5811388300841898,686.8,803.9674744664737
Replace,156,0.0,0.0,20.926951447005774,16.630333906487987,54.76019282904245,71.03704596345341,111.23473128183193,146.04666616358276,0.665415862449325,0.8748216892005394,1.792639610012047,0.47335959755781176,,,3.0,1.5811388300841898,686.8,803.9674744664737
Replace,157,0.0,0.0,19.1744350628289,12.175774445378089,58.398627603202996,78.81242875783252,115.77806318707397,155.31003183504353,0.6929106277588886,0.9302723350078107,1.7090097965344402,0.4722701099675744,,,3.0,1.5811388300841898,686.8,803.9674744664737
Replace,158,0.0,0.0,19.62180994704203,13.185391580578917,58.32267515167929,83.14102029842846,116.53808443151175,166.34463009833743,0.699227546587929,0.995394845625404,1.7262673579607941,0.3697502570178193,,,3.0,1.5811388300841898,686.8,803.9674744664737
Replace,159,0.0,0.0,18.933176256458996,12.795159978580664,58.44182518659081,85.45399963073642,116.04321065315523,168.8662695474412,0.6955192160323858,1.0103989329432101,1.7512523164680196,0.39733627832511437,,,3.0,1.5811388300841898,686.8,803.9674744664737
Replace,160,0.0,0.0,18.911308947012493,12.815670514807598,57.02593014851642,82.84171252359263,112.25858448911818,162.84620477835017,0.671264066290701,0.9742248663389858,1.7063889192914243,0.3878513721898636,,,3.0,1.5811388300841898,686.8,803.9674744664737
Replace,161,0.0,0.0,17.854681079669,8.276581081373287,60.41753814415544,90.7356549775185,120.4740414922007,180.4758195574385,0.7206086735145953,1.0794804118127237,1.6510755571517997,0.33807742607074803,,,3.0,1.5811388300841898,686.8,803.9674744664737
Replace,162,0.0,0.0,18.941699179057437,11.056563616660071,63.97293713925512,99.36164838745749,125.83108443300034,194.55815165225712,0.7518419774150054,1.163927707882559,1.7813374909311228,0.4201925291943327,,,3.0,1.5811388300841898,686.8,803.9674744664737
Replace,163,0.0,0.0,20.307445377284807,12.102557716368509,55.840617916666154,81.45575756253272,112.8419365666728,165.10024666224936,0.6739296552848744,0.987870164188857,1.6873225588119698,0.3170582332172711,,,3.0,1.5811388300841898,686.8,803.9674744664737
Replace,164,0.0,0.0,19.674558952979687,10.684588899147363,55.75107198703283,81.33699442256948,109.07713060091251,158.70845219614142,0.651279923365427,0.949675427893975,1.7283351499086599,0.2515601985267978,,,3.0,1.5811388300841898,686.8,803.9674744664737
Replace,165,0.0,0.0,18.855658316795946,8.840323175085508,56.30463764874283,83.73359575987311,110.8061631155058,164.01700024916087,0.6615688529368936,0.9814691734109422,1.7370288777634915,0.2036782569257326,,,3.0,1.5811388300841898,686.8,803.9674744664737
Replace,166,0.0,0.0,18.647937480813574,8.28386419629983,52.723153798650856,77.04326803499008,104.20426987284108,151.65557153714457,0.6243621695350198,0.9072200161394844,1.69178108305052,0.2444762739794008,,,3.0,1.5811388300841898,686.8,803.9674744664737
Replace,167,0.0,0.0,19.301156684505557,8.794118241121112,50.61157903446947,71.68203651032641,102.41344380121966,145.84594198860412,0.6145853752216831,0.8726120299575448,1.6980258084068462,0.20978759066006614,,,3.0,1.5811388300841898,686.8,803.9674744664737
Replace,168,0.0,0.0,18.95882668445426,8.523348974398395,48.777796082933435,68.09393339412065,99.55521140405233,141.63717574489206,0.5971621075423759,0.847341916734137,1.699760890253111,0.251894876823067,,,3.0,1.5811388300841898,686.8,803.9674744664737
Replace,169,0.0,0.0,19.752146933747845,9.316986577233935,50.471422512190145,70.74653851212022,99.49651434742131,138.513336000548,0.5975771320694474,0.828478995795061,1.799028110581204,0.2687503521220421,,,3.0,1.5811388300841898,686.8,803.9674744664737
Replace,170,0.0,0.0,20.264116106631683,8.980114199392773,49.540057593963134,68.81636195949625,97.99908537857702,135.268968430786,0.5861141604538462,0.8093580951059688,1.7972247368397216,0.2981381275495591,,,3.0,1.5811388300841898,686.8,803.9674744664737
Replace,171,0.0,0.0,19.901136343746543,9.490028989124863,48.917587649987006,67.82218589168139,98.56047843632427,137.28831884225335,0.5892822867518646,0.8212116769110815,1.726301718184311,0.20880239280744567,,,3.0,1.5811388300841898,686.8,803.9674744664737
Replace,172,0.0,0.0,19.812040044371127,8.893689241646323,47.22029955231801,65.47352835974162,93.80110224715558,130.1114316894225,0.5616613922871441,0.7781852930637633,1.8492875725230742,0.307113204676019,,,3.0,1.5811388300841898,686.8,803.9674744664737
Replace,173,0.0,0.0,19.833912402131997,8.487421683911094,52.046625926529615,74.00225657106449,103.27157407140132,146.11375351826405,0.6176707329043616,0.8740622537419843,1.8096435577693768,0.2804047377157741,,,3.0,1.5811388300841898,686.8,803.9674744664737
Replace,174,0.0,0.0,20.05641820905893,9.545192329854064,52.14281328594649,72.16554263455397,106.12824236643569,148.51867059301588,0.6338528772645267,0.888766205348991,1.829250108919733,0.27740981491868627,,,3.0,1.5811388300841898,686.8,803.9674744664737
Replace,175,0.0,0.0,20.126179818831403,11.014743083262692,54.9393222944669,80.40691095030526,109.42588465091474,160.13179782543716,0.6551817939750639,0.9578064265183694,1.807161288131227,0.3064392848322065,,,3.0,1.5811388300841898,686.8,803.9674744664737
Replace,176,0.0,0.0,20.303888725457842,10.285113705320624,49.66901045949801,70.3947798983719,98.9564257224122,138.58486186193403,0.592436675428323,0.8290290438749255,1.8155160231015686,0.35148456957253366,,,3.0,1.5811388300841898,686.8,803.9674744664737
Replace,177,0.0,0.0,21.561434778124035,11.342705841440576,51.7700238761376,74.99480182535112,102.229273422936,147.4571162407659,0.6137212419042691,0.8815316440393832,1.7700111760035224,0.23020897797878617,,,3.0,1.5811388300841898,686.8,803.9674744664737
Replace,178,0.0,0.0,22.038554657033703,9.27487235812544,51.838939981122245,73.71443771716588,105.30836299967493,151.24853215960056,0.6334838684851679,0.9043438594484645,1.7455713125554506,0.23282172252009972,,,3.0,1.5811388300841898,686.8,803.9674744664737
Replace,179,0.0,0.0,20.85091549737036,7.984272317569127,49.146997798029076,67.26693762961084,99.59574522450635,137.3486640157296,0.5989606107981287,0.8209473083801898,1.7608156984520722,0.1814519778835773,,,3.0,1.5811388300841898,686.8,803.9674744664737
Replace,180,0.0,0.0,20.40951932307442,7.207790970910541,49.10420297971278,68.32942952974227,97.57272489920554,136.71397261876132,0.5855877114756212,0.8173634483750761,1.8000407739681434,0.2247577566273521,,,3.0,1.5811388300841898,686.8,803.9674744664737
Replace,181,0.0,0.0,20.755809620802772,7.351989515855624,45.40863958755995,60.249210229395366,87.45070472712372,113.38692969274045,0.5247790756936831,0.6779086507386132,1.6480077076973192,0.09987547946946378,,,3.0,1.5811388300841898,686.8,803.9674744664737
Replace,182,0.0,0.0,20.69836071800598,7.619878755348483,44.76547838965128,58.592012516886754,89.87301625492378,118.40849976875954,0.5380506060123709,0.7079657707260618,1.7602074329937878,0.18230586587777348,,,3.0,1.5811388300841898,686.8,803.9674744664737
Replace,183,0.0,0.0,20.831406977126687,9.043228014492673,48.17954194608292,66.72465404168535,97.52632383459695,135.17841134780556,0.5831645896496894,0.8082316782280595,1.7979379049229465,0.1827042885102451,,,3.0,1.5811388300841898,686.8,803.9674744664737
Replace,184,0.0,0.0,22.440973503806696,11.375145401323577,49.96084302088829,73.5841094165562,101.31559450592566,149.77368595298876,0.6061580527732227,0.8952732811037958,1.829794702571487,0.17450697494207454,,,3.0,1.5811388300841898,686.8,803.9674744664737
Replace,185,0.0,0.0,24.857197501706025,13.282391714664753,45.95461871075004,65.76824368010195,89.94497441826684,126.96877101649463,0.5394030080767875,0.7590999752191557,1.9128956435444142,0.2737716092131552,,,3.0,1.5811388300841898,686.8,803.9674744664737
Replace,186,0.0,0.0,24.123368743357304,10.183455590844618,44.27467287644358,62.13551048053995,90.46497528730967,127.49283618223568,0.5416489818770193,0.7628137640169738,1.8696047753451759,0.19332268198776625,,,3.0,1.5811388300841898,686.8,803.9674744664737
Replace,187,0.0,0.0,23.003494004575327,8.706413681744978,48.667500222762285,69.52370523989477,98.78182008713395,142.74304778254128,0.5913234431818719,0.8539452564746144,1.8627819336355713,0.21422834728634196,,,3.0,1.5811388300841898,686.8,803.9674744664737
Replace,188,0.0,0.0,23.441387704674217,9.52378496196348,47.14804323351954,66.43363883753061,92.6067579192326,129.9724201446445,0.5550909664788335,0.7775765192402017,1.8879029042032691,0.17919421500127355,,,3.0,1.5811388300841898,686.8,803.9674744664737
Replace,189,0.0,0.0,22.95546664418352,12.033201185338989,48.667597908510864,67.49447261640614,97.67618188753305,136.70698230304112,0.5861419783174826,0.8179539889889543,1.8526802827054716,0.2543565270096623,,,3.0,1.5811388300841898,686.8,803.9674744664737
Replace,190,0.0,0.0,22.474341482332267,11.03736023492962,45.849227118389784,61.14402170709884,91.42711613281476,121.75458609721171,0.547196759126345,0.7290183911988938,1.8462828173664838,0.25281557442785785,,,3.0,1.5811388300841898,686.8,803.9674744664737
Replace,191,0.0,0.0,23.33591620905075,13.564661281415917,44.4284184593636,58.726002373070756,90.47310518540924,121.36166040393482,0.544738953707354,0.7263357499660271,1.831657420579615,0.2807298203252237,,,3.0,1.5811388300841898,686.8,803.9674744664737
Replace,192,0.0,0.0,22.774808764166544,14.988280284176858,42.37015680555358,56.09914413305244,83.2292222630586,109.0599898960943,0.5010614329507316,0.6528356143533506,1.8406045554049595,0.23357515576471857,,,3.0,1.5811388300841898,686.8,803.9674744664737
Replace,193,0.0,0.0,22.515668837112955,14.350115785747667,41.87908052302129,56.676755604123706,85.53198107145532,117.00524717750555,0.5149183974586011,0.7001804819454084,1.8538948561794484,0.2898207538511772,,,3.0,1.5811388300841898,686.8,803.9674744664737
Replace,194,0.0,0.0,23.116197668582004,13.679140085940922,41.9162991519323,58.37066871585975,84.401643647946,117.88791715896139,0.509607400923117,0.7049888805864316,1.8640136163910277,0.2566778057006794,,,3.0,1.5811388300841898,686.8,803.9674744664737
Replace,195,0.0,0.0,22.881421987714855,12.774678381467211,37.77557750058421,49.53968248981758,75.33798850718598,98.52822520822669,0.45424581208239834,0.5895401889997581,1.8270265419966019,0.14814863157799682,,,3.0,1.5811388300841898,686.8,803.9674744664737
Replace,196,0.0,0.0,23.039258014579552,13.101809890845916,38.68581132131811,52.63277738448446,77.58162232280142,104.9942050300875,0.4675340149943337,0.6277688598008629,1.8945387003169891,0.08569143492229306,,,3.0,1.5811388300841898,686.8,803.9674744664737
Replace,197,0.0,0.0,22.26407531086874,13.235788823534994,39.58535276191232,54.595242768528294,77.68585807030797,106.19116969432702,0.4670173401948111,0.6348497362656154,1.8847337500695929,0.21719932421610244,,,3.0,1.5811388300841898,686.8,803.9674744664737
Replace,198,0.0,0.0,22.918827028974288,13.677369207459087,37.06691239214565,47.709865620450735,73.03108885617094,92.28877937610173,0.439681262107033,0.5528672211511412,1.8459707510874044,0.12425065530365416,,,3.0,1.5811388300841898,686.8,803.9674744664737
Replace,199,0.0,0.0,23.726521468665513,14.559372689919254,35.34487713034044,44.55978998500658,70.04986546683321,88.2136298046789,0.42080170393954874,0.5283325657124015,1.9031605762970032,0.13657509133648854,,,3.0,1.5811388300841898,686.8,803.9674744664737
Replace,200,0.0,0.0,23.54195649116835,14.340011748043413,35.1395374348602,42.37102660231096,70.23576965222348,86.02468799458434,0.4221364059328236,0.5152966061243887,1.859317340122287,0.1726744429655052,,,3.0,1.5811388300841898,686.8,803.9674744664737
Replace + Select,0,1.0,0.0,0.0,0.0,84.12649828456804,20.561120228712866,169.53898735207346,40.31105539381611,1.011981349268524,0.0057058018231252085,0.08942441118736257,0.0212912929449096,,,3.0,1.5811388300841898,686.8,803.9674744664737
Replace + Select,1,1.0,0.0,3.108347566741629,2.419863517462369,51.65044008847735,17.949361695715755,103.06596506147818,34.74288988563982,0.6196991602984981,0.1688562166755316,0.6733019228054389,0.2402266275691728,,,3.0,1.5811388300841898,686.8,803.9674744664737
Replace + Select,2,1.0,0.0,6.716915647279923,5.31497704324023,27.481674653512,13.593961111551456,54.7538138487994,27.156570068197908,0.3367127260998986,0.18332566685987794,1.2176011763276775,0.39509556641358906,,,3.0,1.5811388300841898,686.8,803.9674744664737
Replace + Select,3,1.0,0.0,9.027104514761858,7.36455244268128,14.170249156264546,9.052922719913905,28.319420218862938,18.142605388573237,0.1770680903157322,0.1287350601128337,1.541372203726682,0.3976701343672814,,,3.0,1.5811388300841898,686.8,803.9674744664737
Replace + Select,4,1.0,0.0,10.387372528328186,8.421867535426003,7.549297829957295,5.617346646133237,15.10352597677147,11.315496243241716,0.09512903739970006,0.08068095581465537,1.7973511455121887,0.41892925422407024,,,3.0,1.5811388300841898,686.8,803.9674744664737
Replace + Select,5,1.0,0.0,11.40804711187663,9.362340774575406,3.8000256697025443,2.917757966817219,7.5682816842350675,5.7833139201828425,0.047718813193917436,0.041161922124544545,1.945324619697044,0.3458031291018401,,,3.0,1.5811388300841898,686.8,803.9674744664737
Replace + Select,6,1.0,0.0,11.963978617855062,9.757934194497711,2.132411368719815,1.822681262387162,4.222717011393721,3.6021359600181073,0.026847593175134334,0.02585778696911757,2.107316315822616,0.36948959966952777,,,3.0,1.5811388300841898,686.8,803.9674744664737
Replace + Select,7,1.0,0.0,12.287983504385537,9.99390145456362,1.1334527855148244,0.9843336321001764,2.2889607346086476,2.0046662402452142,0.014491980767755902,0.014308526411655944,2.2162421490725777,0.35185702621170994,,,3.0,1.5811388300841898,686.8,803.9674744664737
Replace + Select,8,1.0,0.0,12.450285549554357,10.18097193172859,0.6440595934693836,0.5770637694515341,1.280208277265888,1.1576067280530513,0.008114924962244202,0.008251800269787047,2.2832619978267203,0.26535988823771156,,,3.0,1.5811388300841898,686.8,803.9674744664737
Replace + Select,9,1.0,0.0,12.541581459280573,10.296235187480017,0.3564125951778775,0.34378867686519593,0.7097525453519168,0.6793840691956722,0.004522625460820615,0.004862608452912776,2.2853100535585638,0.3309600125350662,,,3.0,1.5811388300841898,686.8,803.9674744664737
Replace + Select,10,1.0,0.0,12.574060086885263,10.304001771453112,0.20956760190845675,0.21137487591134518,0.41464957853648493,0.4141241237747463,0.0026448178751264885,0.0029626436449217597,2.311125969707093,0.37432532006345387,,,3.0,1.5811388300841898,686.8,803.9674744664737
Replace + Select,11,1.0,0.0,12.588176170696574,10.339513456610828,0.13547298067910368,0.15282296368826453,0.27147436848412104,0.3054588640011865,0.001757543162342942,0.00220295019296552,2.3253798293083725,0.37143514601617217,,,3.0,1.5811388300841898,686.8,803.9674744664737
Replace + Select,12,1.0,0.0,12.614491962049549,10.365961488397515,0.09681253352254603,0.12351199296915907,0.19498429145913598,0.24922702814220574,0.001286067774038727,0.0017998829541702526,2.3345903992682713,0.35934944051912876,,,3.0,1.5811388300841898,686.8,803.9674744664737
Replace + Select,13,1.0,0.0,12.64169818263895,10.405223654959329,0.07322167110020053,0.10114590803207564,0.14731267879543675,0.20450340956518565,0.0009819213725664067,0.0014746281011994652,2.3650487291248545,0.30660501278256386,,,3.0,1.5811388300841898,686.8,803.9674744664737
Replace + Select,14,1.0,0.0,12.654099879133783,10.41021029792513,0.057234001771496255,0.08056427639819787,0.11520767550581272,0.1621459082871083,0.0007700573696665363,0.00116878428212772,2.4172123119994118,0.42034700967729505,,,3.0,1.5811388300841898,686.8,803.9674744664737
Replace + Select,15,1.0,0.0,12.658487577755832,10.411265284857178,0.046692800414478035,0.06661827684678946,0.0925487605001548,0.13166736274886096,0.0006190624674856231,0.0009487525601271393,2.356775479914319,0.3040330772505497,,,3.0,1.5811388300841898,686.8,803.9674744664737
Replace + Select,16,1.0,0.0,12.67745060518547,10.423096434157983,0.03715822884330684,0.05246707505847815,0.07435361284941627,0.10475982314667616,0.0004967392735412911,0.0007550781644016859,2.3618133439320594,0.33305791567189447,,,3.0,1.5811388300841898,686.8,803.9674744664737
Replace + Select,17,1.0,0.0,12.67306632987149,10.419564874127897,0.032305102150786115,0.04673781611066688,0.06452912426680411,0.09390182033278661,0.0004339589325319964,0.0006761289466616231,2.38210468247575,0.30735708274123846,,,3.0,1.5811388300841898,686.8,803.9674744664737
Replace + Select,18,1.0,0.0,12.686720041058233,10.437702436075897,0.027530449950263297,0.039678053255114275,0.05488080673303862,0.07902599227231634,0.0003678280876819004,0.0005692560200897815,2.3981349368579528,0.3028670564563806,,,3.0,1.5811388300841898,686.8,803.9674744664737
Replace + Select,19,1.0,0.0,12.703519468003197,10.447103009467883,0.026373615292955555,0.03991524350182002,0.0519986765131917,0.07804020484391705,0.0003497843079752156,0.0005614147882988831,2.3708999133157227,0.3402007732561333,,,3.0,1.5811388300841898,686.8,803.9674744664737
Replace + Select,20,1.0,0.0,12.714223930074954,10.449572043997215,0.0228744204483796,0.03436724150786805,0.04582624997988004,0.06896581808763258,0.0003083526808710273,0.0004961350443832548,2.3596404259365764,0.35783916461164345,,,3.0,1.5811388300841898,686.8,803.9674744664737
Replace + Select,21,1.0,0.0,12.71727000483719,10.449938396613257,0.02051043311699127,0.03075689101850531,0.04098825668762668,0.061754014094497295,0.0002767680395744964,0.00044412395281531714,2.2954804818466448,0.30070059322730924,,,3.0,1.5811388300841898,686.8,803.9674744664737
Replace + Select,22,1.0,0.0,12.73096278740061,10.464306365502457,0.018413025011561023,0.0273095459545613,0.036699983560793466,0.05429308721083192,0.00024784313987085516,0.0003906645573092868,2.384061303043028,0.33853089830687016,,,3.0,1.5811388300841898,686.8,803.9674744664737
Replace + Select,23,1.0,0.0,12.73562580094577,10.469391465835782,0.01800983790406973,0.027085413758011212,0.03593455018609141,0.05386367273164614,0.00024295156449570697,0.00038739244254404516,2.3349187212346534,0.3056431820053911,,,3.0,1.5811388300841898,686.8,803.9674744664737
Replace + Select,24,1.0,0.0,12.741710287777185,10.474075357036847,0.01655443121917724,0.024865281267458274,0.033382736652729283,0.0504478285577566,0.00022583746564949796,0.00036271198055934584,2.3490665006444402,0.33593033700358554,,,3.0,1.5811388300841898,686.8,803.9674744664737
Replace + Select,25,1.0,0.0,12.742566149303538,10.472019557213846,0.015674696969545352,0.023922924306050416,0.03145743626008026,0.04810043318451621,0.00021347890428384113,0.00034564785521311726,2.3721297364961282,0.3237776727464013,,,3.0,1.5811388300841898,686.8,803.9674744664737
Replace + Select,26,1.0,0.0,12.755689902166555,10.477188699574665,0.014937039111339409,0.023009851344101075,0.029981609035220774,0.04617239517531249,0.00020382209376634242,0.0003316738060605908,2.4088682916134174,0.3500848155853137,,,3.0,1.5811388300841898,686.8,803.9674744664737
Replace + Select,27,1.0,0.0,12.763910232294801,10.483314970295854,0.013812757687807714,0.02153261934844732,0.027285077345012444,0.042172373779147676,0.00018547152795690003,0.0003029139123856871,2.40996276350507,0.3945082253012678,,,3.0,1.5811388300841898,686.8,803.9674744664737
Replace + Select,28,1.0,0.0,12.775026855833795,10.485913545601942,0.013303912978467827,0.020833684267423633,0.02625919707279578,0.04097833695245153,0.0001786937110098342,0.0002942253171400436,2.425734062230858,0.3547466607855315,,,3.0,1.5811388300841898,686.8,803.9674744664737
Replace + Select,29,1.0,0.0,12.77919236542546,10.488073332879244,0.012163043021672636,0.019008741331158638,0.024422109309251944,0.03822773200725032,0.00016671608013800265,0.0002743693613310672,2.3934083560670634,0.3619808562674566,,,3.0,1.5811388300841898,686.8,803.9674744664737
Replace + Select,30,1.0,0.0,12.791025210128456,10.490956974541612,0.01169237770266111,0.018625804363323707,0.023578089377500774,0.037497370946150244,0.00016095825828911443,0.00026900438409988107,2.377000847202921,0.32472586139071763,,,3.0,1.5811388300841898,686.8,803.9674744664737
Replace + Select,31,1.0,0.0,12.798018093482092,10.492663979098085,0.010669643617598491,0.016791750429849924,0.021059301930720847,0.03297397156288063,0.0001433070693006969,0.00023672495617762862,2.3889370889004526,0.36774568461872115,,,3.0,1.5811388300841898,686.8,803.9674744664737
Replace + Select,32,1.0,0.0,12.801078542406199,10.49570196549453,0.0100535996299216,0.01609845591134691,0.020340605474844987,0.032659632178009275,0.00013880081427400628,0.0002342414726268974,2.42905483885698,0.319370242840665,,,3.0,1.5811388300841898,686.8,803.9674744664737
Replace + Select,33,1.0,0.0,12.799934242375544,10.493473253257502,0.009368582540796217,0.01510256327696972,0.018770551999600673,0.03035601316712747,0.00012822008109016444,0.0002176617352483147,2.422428951523605,0.3867534670516689,,,3.0,1.5811388300841898,686.8,803.9674744664737
Replace + Select,34,1.0,0.0,12.810716535110762,10.505356514053913,0.008722659146581239,0.013985624628382999,0.017355564259443602,0.027686227918627154,0.00011861383509305043,0.00019857952380227895,2.4213424417356118,0.3006476601328781,,,3.0,1.5811388300841898,686.8,803.9674744664737
Replace + Select,35,1.0,0.0,12.81968997907608,10.512590680080603,0.008351798335453523,0.013415934027624794,0.016596095499052065,0.026523492116946774,0.00011348792322819786,0.00019021783724159367,2.414512472390578,0.37062773201950394,,,3.0,1.5811388300841898,686.8,803.9674744664737
Replace + Select,36,1.0,0.0,12.823581461835735,10.51584197131817,0.008514705103549992,0.013994302758861264,0.01707394461613973,0.028232157674058695,0.00011734542744392097,0.0002021608294516492,2.3897698950473742,0.3642597027282811,,,3.0,1.5811388300841898,686.8,803.9674744664737
Replace + Select,37,1.0,0.0,12.829303029480604,10.517572271544594,0.00813483101584778,0.013209409236919342,0.01602177834736728,0.025781147545085425,0.00010969002247052059,0.0001848325291471451,2.363567011764284,0.37182599167427494,,,3.0,1.5811388300841898,686.8,803.9674744664737
Replace + Select,38,1.0,0.0,12.83694906183354,10.51952343438618,0.007457813213372401,0.011996519482470077,0.014918489788166808,0.023932220674424794,0.00010203324959464444,0.00017160299657933425,2.436823163158878,0.4302708766118902,,,3.0,1.5811388300841898,686.8,803.9674744664737
Replace + Select,39,1.0,0.0,12.845325452926796,10.52783717614728,0.007303632371671321,0.0117075935946553,0.014640107682848305,0.023439554287864477,0.00010012493089837804,0.00016807963905563034,2.4153940961689093,0.3793713748291269,,,3.0,1.5811388300841898,686.8,803.9674744664737
Replace + Select,40,1.0,0.0,12.852518056444714,10.53162561107937,0.007267439368187042,0.011602757652053956,0.014506766014803978,0.023133950868183352,9.934576649176736e-05,0.00016588004287887285,2.408516722878101,0.3587555455917697,,,3.0,1.5811388300841898,686.8,803.9674744664737
Replace + Select,41,1.0,0.0,12.861844030408978,10.534977519803213,0.007119697771885999,0.01144628429313008,0.014039097668398112,0.02249759145567925,9.607762121043872e-05,0.0001613131978967536,2.40868822623679,0.3480559966786275,,,3.0,1.5811388300841898,686.8,803.9674744664737
Replace + Select,42,1.0,0.0,12.87365619514793,10.544956892382219,0.006521545304790784,0.01028729364450433,0.013012461618565707,0.020499036936399314,8.896269179738436e-05,0.0001470744604532165,2.4000181487912777,0.3289336537049737,,,3.0,1.5811388300841898,686.8,803.9674744664737
Replace + Select,43,1.0,0.0,12.881232822178342,10.54505942379193,0.006755267525982612,0.01091680057991022,0.013481393832636069,0.021780758402641383,9.238840652621328e-05,0.00015611399750037797,2.341987391277935,0.26101448816346823,,,3.0,1.5811388300841898,686.8,803.9674744664737
Replace + Select,44,1.0,0.0,12.887025331705312,10.547629342376013,0.006314778280896596,0.010028407126525692,0.012590160852729338,0.01998797857231456,8.611920601739784e-05,0.0001433636604427895,2.42238065991773,0.3245827557652973,,,3.0,1.5811388300841898,686.8,803.9674744664737
Replace + Select,45,1.0,0.0,12.893626001180042,10.55391555411786,0.006082957333920852,0.009734748443130907,0.012063062659234559,0.019229601727937227,8.246326604779607e-05,0.0001379215110394612,2.4102713189927427,0.39410225377624497,,,3.0,1.5811388300841898,686.8,803.9674744664737
Replace + Select,46,1.0,0.0,12.90497580676996,10.558689728296569,0.006246071370082964,0.010328149300372442,0.012543876536711962,0.020789547643349005,8.618083826349683e-05,0.0001488637447450956,2.426405417652549,0.32497757131960003,,,3.0,1.5811388300841898,686.8,803.9674744664737
Replace + Select,47,1.0,0.0,12.91561751716166,10.565037626189623,0.006240214043422076,0.010314476805490094,0.012696765432271573,0.02119519210975846,8.703951068378903e-05,0.00015178780085694021,2.467051454652367,0.3401008084717124,,,3.0,1.5811388300841898,686.8,803.9674744664737
Replace + Select,48,1.0,0.0,12.923411454694099,10.567581121154383,0.005926229559224748,0.009816581005921097,0.011793150474896756,0.019491422950134674,8.072557030999424e-05,0.0001396497362063611,2.407653205128251,0.3739941353697146,,,3.0,1.5811388300841898,686.8,803.9674744664737
Replace + Select,49,1.0,0.0,12.92680107858403,10.572101743597573,0.005710011635088372,0.009455640752280645,0.011338301189987406,0.01872645767052351,7.75928980249831e-05,0.00013417517195766932,2.4062325321923796,0.4385602815205911,,,3.0,1.5811388300841898,686.8,803.9674744664737
Replace + Select,50,1.0,0.0,12.932846901066895,10.57894109796328,0.0053226014983947965,0.008718062903085437,0.01061932139726093,0.01735924168206575,7.270906492816881e-05,0.00012440359850316183,2.452872322862379,0.36745075254042364,,,3.0,1.5811388300841898,686.8,803.9674744664737
Replace + Select,51,1.0,0.0,12.944804798972239,10.584857993354392,0.005238287563186712,0.008611744457534617,0.010528753460475871,0.017368154078444328,7.217858616746324e-05,0.00012441902698195813,2.4310350410312473,0.32946315516738384,,,3.0,1.5811388300841898,686.8,803.9674744664737
Replace + Select,52,1.0,0.0,12.955970550481222,10.591879085121482,0.005079394046071879,0.00837242438680817,0.010132056485216053,0.01672701931551362,6.934314687961054e-05,0.00011985166898852005,2.426538525369879,0.3659808013930079,,,3.0,1.5811388300841898,686.8,803.9674744664737
Replace + Select,53,1.0,0.0,12.966949779768276,10.598040189616684,0.005207111764119525,0.008774676847538212,0.010528253688500511,0.017800301549982894,7.22414204457647e-05,0.00012742666068569846,2.4146714900282022,0.311193631289198,,,3.0,1.5811388300841898,686.8,803.9674744664737
Replace + Select,54,1.0,0.0,12.976971508651875,10.60312457947333,0.004854715266450704,0.008161904738952796,0.009540694571454142,0.01599674280356031,6.532726087056748e-05,0.00011457243672478371,2.4652154084711246,0.3928531611669749,,,3.0,1.5811388300841898,686.8,803.9674744664737
Replace + Select,55,1.0,0.0,12.985832013738753,10.609114074296867,0.004741303769285705,0.007856663973824434,0.009580280731392384,0.015986557285135167,6.552452796814218e-05,0.00011452991543045518,2.435291246347209,0.33749519814215817,,,3.0,1.5811388300841898,686.8,803.9674744664737
Replace + Select,56,1.0,0.0,12.992380728500347,10.611629420865258,0.004627848816723153,0.007645336906785952,0.0092534153330137,0.01528114283872469,6.31781875646253e-05,0.00010952657139491585,2.39942541675934,0.36540671232854216,,,3.0,1.5811388300841898,686.8,803.9674744664737
Replace + Select,57,1.0,0.0,12.993391589727793,10.61308419083879,0.0045085203438472105,0.007487344811462688,0.008944617418243444,0.014840648535794311,6.120292638014818e-05,0.00010632633750342722,2.4500641093583946,0.36807724000227016,,,3.0,1.5811388300841898,686.8,803.9674744664737
Replace + Select,58,1.0,0.0,12.998253690772504,10.61415050136385,0.004131084690076702,0.0066620250921524266,0.008223716344152433,0.013211444510767834,5.608741205418279e-05,9.476736505266844e-05,2.4546254607253757,0.34238071724012364,,,3.0,1.5811388300841898,686.8,803.9674744664737
Replace + Select,59,1.0,0.0,13.006343359185681,10.618333420452855,0.0038820282775372363,0.00622017848693019,0.007690045355284945,0.012278016514107917,5.247459755464899e-05,8.807796210549678e-05,2.395709552444065,0.3634922547773366,,,3.0,1.5811388300841898,686.8,803.9674744664737
Replace + Select,60,1.0,0.0,13.015365039500901,10.620011542044757,0.003730765529093906,0.005893968395870957,0.007536928083380583,0.011965373205533928,5.135812433879881e-05,8.585994131452237e-05,2.384686147738801,0.3671498157178633,,,3.0,1.5811388300841898,686.8,803.9674744664737
Replace + Select,61,1.0,0.0,13.02229694762751,10.623598035744065,0.0038262861269328166,0.006125524600946125,0.007641146483095726,0.012224711851170026,5.209693450344478e-05,8.770135703500094e-05,2.446093614574982,0.38850322858780995,,,3.0,1.5811388300841898,686.8,803.9674744664737
Replace + Select,62,1.0,0.0,13.03172558497808,10.629678953989433,0.003968472104971888,0.006456571413252671,0.008021314609053552,0.013150833211621294,5.4848764775082686e-05,9.424883086379814e-05,2.4552661050551157,0.3137293589660577,,,3.0,1.5811388300841898,686.8,803.9674744664737
Replace + Select,63,1.0,0.0,13.039028767870851,10.632601459189798,0.0035075239912161714,0.005466260995652633,0.006935889635451521,0.010738939698623726,4.71055035948865e-05,7.714167156440928e-05,2.4132300541572524,0.3294822064976811,,,3.0,1.5811388300841898,686.8,803.9674744664737
Replace + Select,64,1.0,0.0,13.044832653458595,10.635517339849267,0.0033567519391644986,0.005232572687807304,0.006775798602744437,0.010607277826833414,4.608666327688771e-05,7.616088417757271e-05,2.4213817622295166,0.32967823870092544,,,3.0,1.5811388300841898,686.8,803.9674744664737
Replace + Select,65,1.0,0.0,13.051624963645242,10.64109298910093,0.0032535111125385277,0.005023748173167946,0.006454346998696281,0.009905346334395377,4.3888857112635014e-05,7.11613946307348e-05,2.3917975424581597,0.37602564833098573,,,3.0,1.5811388300841898,686.8,803.9674744664737
Replace + Select,66,1.0,0.0,13.056809383112352,10.645386473935032,0.0032197686827617083,0.005100225262749375,0.006621422054970369,0.010561504072364865,4.5287709302497815e-05,7.574206331651495e-05,2.4079037227674007,0.337773678861824,,,3.0,1.5811388300841898,686.8,803.9674744664737
Replace + Select,67,1.0,0.0,13.066202009222101,10.652098001254126,0.0032379982658771013,0.0051644456380623245,0.0064564881416121055,0.010293881262108966,4.425055706799552e-05,7.380024940835929e-05,2.4372262353126657,0.38248062143084505,,,3.0,1.5811388300841898,686.8,803.9674744664737
Replace + Select,68,1.0,0.0,13.076108296815175,10.656873882352864,0.003267354260601598,0.005322416773017351,0.0065191378524547035,0.01060554788310198,4.478915948901793e-05,7.596444921005543e-05,2.454642150193513,0.29874777468926433,,,3.0,1.5811388300841898,686.8,803.9674744664737
Replace + Select,69,1.0,0.0,13.086459611141967,10.660318404909468,0.00329208131391187,0.005342991304292841,0.0066300472508319126,0.010795943568610732,4.557630911747284e-05,7.731310802841225e-05,2.3947444371455555,0.3717956610666568,,,3.0,1.5811388300841898,686.8,803.9674744664737
Replace + Select,70,1.0,0.0,13.095468881791135,10.666586620663097,0.0031513266049714695,0.005101648943014868,0.0061680127092993645,0.009902870465212727,4.2237447265367784e-05,7.097873920862785e-05,2.3975090857958037,0.34444535063094556,,,3.0,1.5811388300841898,686.8,803.9674744664737
Replace + Select,71,1.0,0.0,13.107011774448889,10.67405966993334,0.002978034663085307,0.004783317184926849,0.005932277880161613,0.009464334354299438,4.0594309572659104e-05,6.786214681453246e-05,2.429638702452828,0.3825168262901625,,,3.0,1.5811388300841898,686.8,803.9674744664737
Replace + Select,72,1.0,0.0,13.114682418308885,10.67838599752969,0.0030712839626636126,0.004977387065959621,0.006163676486955891,0.010042302398325873,4.232567926723012e-05,7.19327269163039e-05,2.432159497492735,0.40763688106452745,,,3.0,1.5811388300841898,686.8,803.9674744664737
Replace + Select,73,1.0,0.0,13.122827638174627,10.685872165323634,0.003050895085812822,0.004974457215299433,0.00605372008781538,0.0098200683424548,4.158706402142218e-05,7.034726085883695e-05,2.386821599835867,0.38999448112444696,,,3.0,1.5811388300841898,686.8,803.9674744664737
Replace + Select,74,1.0,0.0,13.132801302345928,10.691872599257142,0.00315224745955548,0.005312979356538675,0.00632898424940863,0.010670441434053926,4.3532365968487315e-05,7.635739653049265e-05,2.4138847535835684,0.35193078060214816,,,3.0,1.5811388300841898,686.8,803.9674744664737
Replace + Select,75,1.0,0.0,13.13887619330911,10.694521206957818,0.0032616716726170817,0.005626948419454507,0.006604419064737093,0.011478905397256465,4.5486519214995296e-05,8.207209987897786e-05,2.3980862754575254,0.4263045186941944,,,3.0,1.5811388300841898,686.8,803.9674744664737
Replace + Select,76,1.0,0.0,13.151022062560372,10.701010578812786,0.0032005801239652514,0.005534098243216789,0.00632238157965319,0.010922483966479355,4.348054870830923e-05,7.812690404853181e-05,2.398338205462019,0.3505457135342072,,,3.0,1.5811388300841898,686.8,803.9674744664737
Replace + Select,77,1.0,0.0,13.160661672233772,10.705346063050213,0.0032412449275521413,0.005674819543397355,0.006394184977387325,0.011149520505814099,4.393610767293063e-05,7.975067281954846e-05,2.3942579631892102,0.36765565113177584,,,3.0,1.5811388300841898,686.8,803.9674744664737
Replace + Select,78,1.0,0.0,13.171169726563694,10.711233412250845,0.0033580714165382967,0.0059539850802361825,0.006773571093565842,0.012025254369755448,4.664271575435595e-05,8.595633217194123e-05,2.4347254842449226,0.32030042330311126,,,3.0,1.5811388300841898,686.8,803.9674744664737
Replace + Select,79,1.0,0.0,13.180503460970206,10.716675028620275,0.0031214266258200994,0.005411239104454992,0.006221707695883227,0.010774658181668005,4.270124565852153e-05,7.709388049571012e-05,2.4692750828417114,0.44205093398868384,,,3.0,1.5811388300841898,686.8,803.9674744664737
Replace + Select,80,1.0,0.0,13.188986658886353,10.719799398458603,0.0030748906353481936,0.005276008623078021,0.0060935234800955414,0.010425171339404087,4.173944717349761e-05,7.463312217369088e-05,2.4657208055035467,0.39662733207479006,,,3.0,1.5811388300841898,686.8,803.9674744664737
Replace + Select,81,1.0,0.0,13.198279503348564,10.722474728881812,0.0031643457563445615,0.005513020107916888,0.006311309632881708,0.011008011951236164,4.335225737583633e-05,7.874041464167884e-05,2.384067121474426,0.3511392997038309,,,3.0,1.5811388300841898,686.8,803.9674744664737
Replace + Select,82,1.0,0.0,13.207800414087597,10.726608888479143,0.0030367266205859784,0.005288636246176082,0.0061553113038772585,0.010757586123585787,4.229957580251678e-05,7.694101231070817e-05,2.416294623685726,0.30117818388950135,,,3.0,1.5811388300841898,686.8,803.9674744664737
Replace + Select,83,1.0,0.0,13.221110013976892,10.732532241971024,0.0030730438544864487,0.00538821656246212,0.006157864904877488,0.010798683256259153,4.2336088040837013e-05,7.722616474783814e-05,2.3756570638365258,0.3874247995022661,,,3.0,1.5811388300841898,686.8,803.9674744664737
Replace + Select,84,1.0,0.0,13.232297520107048,10.739993749059876,0.003303579863531819,0.005896514117070334,0.006591874375954196,0.011736933689157581,4.536113745462427e-05,8.390207715231326e-05,2.408744764381216,0.45654425953756755,,,3.0,1.5811388300841898,686.8,803.9674744664737
Replace + Select,85,1.0,0.0,13.241363090819235,10.743470662519385,0.003224356501578997,0.005767224391537797,0.006374092527082258,0.011380070366026552,4.3883560251178186e-05,8.134067548769524e-05,2.482834137386696,0.3712383611028471,,,3.0,1.5811388300841898,686.8,803.9674744664737
Replace + Select,86,1.0,0.0,13.246585645089038,10.747543056059351,0.003108455223701688,0.0055297916532944915,0.006135960071420815,0.010873208980501462,4.211690620634384e-05,7.776887951121061e-05,2.387033120577443,0.38705198765699134,,,3.0,1.5811388300841898,686.8,803.9674744664737
Replace + Select,87,1.0,0.0,13.252500597533361,10.75071329848926,0.0029416760748329,0.005201559553680963,0.005821267161213254,0.010264473884181396,3.99666054737831e-05,7.341775258657392e-05,2.3733019716059154,0.3227563073423015,,,3.0,1.5811388300841898,686.8,803.9674744664737
Replace + Select,88,1.0,0.0,13.262794017408405,10.756921094811894,0.0027163732510438257,0.0047374465531937185,0.005482910582604209,0.009568032853028504,3.758604107080802e-05,6.846626122507261e-05,2.404692684214852,0.32293285388980986,,,3.0,1.5811388300841898,686.8,803.9674744664737
Replace + Select,89,1.0,0.0,13.269732929124,10.759666514604818,0.0026969147270248317,0.00472036935190478,0.005423826038587918,0.009521378454573232,3.7170327440965176e-05,6.812947309081499e-05,2.484578149429859,0.3741463942406928,,,3.0,1.5811388300841898,686.8,803.9674744664737
Replace + Select,90,1.0,0.0,13.276124102434466,10.76155181982018,0.002505443080967045,0.004302548524437007,0.0050342094207418584,0.00865904810759746,3.4357647682843355e-05,6.202256228790132e-05,2.474709419025401,0.42823505125024325,,,3.0,1.5811388300841898,686.8,803.9674744664737
Replace + Select,91,1.0,0.0,13.283038473811441,10.763750116926362,0.002417863121655109,0.004136215314027013,0.004914355196861834,0.008403562170026644,3.3521775234140364e-05,6.0203627034973436e-05,2.4354318644890443,0.3307040421409151,,,3.0,1.5811388300841898,686.8,803.9674744664737
Replace + Select,92,1.0,0.0,13.291512300184237,10.76702942160869,0.0023846628936531676,0.004070222055685636,0.004804500474955042,0.008218688984121984,3.281507351066822e-05,5.886683866671055e-05,2.407314361642963,0.36482789006681743,,,3.0,1.5811388300841898,686.8,803.9674744664737
Replace + Select,93,1.0,0.0,13.29768534028589,10.771140741875715,0.002270899205041091,0.0038665531785965273,0.004487308117851257,0.007627021005325978,3.0641282495645956e-05,5.463721717246913e-05,2.421742041848676,0.3899528506791676,,,3.0,1.5811388300841898,686.8,803.9674744664737
Replace + Select,94,1.0,0.0,13.30526864267521,10.776554895819165,0.0021824683649974324,0.0036558724173761143,0.00436636903160577,0.007311563669462771,2.975383434283346e-05,5.240805629293387e-05,2.398369064068008,0.369589675234387,,,3.0,1.5811388300841898,686.8,803.9674744664737
Replace + Select,95,1.0,0.0,13.313464798704029,10.780597331237207,0.0022119149209165897,0.0037138321736621786,0.004421746746866551,0.007429918255945123,3.0153765512015472e-05,5.32458593865195e-05,2.465900456167865,0.39155541822825485,,,3.0,1.5811388300841898,686.8,803.9674744664737
Replace + Select,96,1.0,0.0,13.324211522983964,10.788704158161446,0.0021500692410550107,0.003613777866683531,0.0042537168593850105,0.007118760931620143,2.9019799005560914e-05,5.1015107601917656e-05,2.372160544137405,0.24776592493536206,,,3.0,1.5811388300841898,686.8,803.9674744664737
Replace + Select,97,1.0,0.0,13.331039279123917,10.793305007287538,0.0020653237943603184,0.0034527940312234647,0.004091027642081571,0.006821448860989061,2.790650309260293e-05,4.888908838995292e-05,2.3933253382241166,0.3076747627809266,,,3.0,1.5811388300841898,686.8,803.9674744664737
Replace + Select,98,1.0,0.0,13.340424619929186,10.796855285477744,0.002047265797959418,0.003404803557164254,0.004172149795872881,0.00696914898355602,2.8428222353874282e-05,4.995263583997307e-05,2.413156304578443,0.3267834958002141,,,3.0,1.5811388300841898,686.8,803.9674744664737
Replace + Select,99,1.0,0.0,13.349695051959813,10.801201640137661,0.0019814943181246498,0.0032749593386411807,0.003904805891175071,0.006432737336129224,2.65477795301653e-05,4.613195803572866e-05,2.4696734705471335,0.39404632199585415,,,3.0,1.5811388300841898,686.8,803.9674744664737
Replace + Select,100,1.0,0.0,13.357549384819862,10.807121606508879,0.0019855156271627672,0.0032336885395744964,0.003952044395477367,0.006426972244169937,2.680400260623408e-05,4.6112405674818114e-05,2.3732654456001083,0.34551678837360805,,,3.0,1.5811388300841898,686.8,803.9674744664737
Replace + Select,101,1.0,0.0,13.365359969249653,10.813016075955293,0.0017961217375321806,0.0028128721668546656,0.0035582998259596653,0.005559077369425847,2.4060578951800295e-05,3.993449860338468e-05,2.4525784630807204,0.30918789195790924,,,3.0,1.5811388300841898,686.8,803.9674744664737
Replace + Select,102,1.0,0.0,13.375503511977595,10.818390858035503,0.0016977786028214126,0.0026163885534094995,0.0034078890556257227,0.005263893783147092,2.2990660967852074e-05,3.782338111278436e-05,2.396158749509526,0.2705646148328185,,,3.0,1.5811388300841898,686.8,803.9674744664737
Replace + Select,103,1.0,0.0,13.383395658044194,10.822340285802861,0.0017138985420817716,0.0026710106086158107,0.0034509430654001486,0.005413173321698349,2.328679674314598e-05,3.8882082763517487e-05,2.4309615096978505,0.37315134319425386,,,3.0,1.5811388300841898,686.8,803.9674744664737
Replace + Select,104,1.0,0.0,13.391590988799914,10.826414446594388,0.0018404974964046292,0.0029879778264321932,0.003692515407033724,0.005997653481745587,2.503035839600144e-05,4.302934793502066e-05,2.4184265796937727,0.28442969933740403,,,3.0,1.5811388300841898,686.8,803.9674744664737
Replace + Select,105,1.0,0.0,13.402583095867133,10.831725304659575,0.001729396536056144,0.002757356199998913,0.0034774896619880168,0.0055610515239400615,2.3558406134992784e-05,3.991621964280215e-05,2.4085167512720544,0.37281055056176216,,,3.0,1.5811388300841898,686.8,803.9674744664737
Replace + Select,106,1.0,0.0,13.41090040739552,10.835347695172015,0.0016951547151529199,0.002666390597419624,0.003300551399073648,0.005131725771416999,2.2295132772616922e-05,3.686804678318223e-05,2.4310460033618426,0.3673701147388979,,,3.0,1.5811388300841898,686.8,803.9674744664737
Replace + Select,107,1.0,0.0,13.418720889951837,10.839182784002073,0.0016082839905690674,0.0024875504816602783,0.003217860745466621,0.004960621159642414,2.1681720745774398e-05,3.564646882956882e-05,2.4191997948407176,0.35535920555464007,,,3.0,1.5811388300841898,686.8,803.9674744664737
Replace + Select,108,1.0,0.0,13.431595749427165,10.845666569582649,0.001602300057337734,0.0024926361768799862,0.003169364502195536,0.004929931971916011,2.144143891602731e-05,3.5410416614767595e-05,2.4551123644730604,0.38823179281763076,,,3.0,1.5811388300841898,686.8,803.9674744664737
Replace + Select,109,1.0,0.0,13.44275351757889,10.851909446787896,0.0014999683476777362,0.0022781387524944893,0.0030022804333129,0.004574958213228627,2.0272631654598925e-05,3.288024132443267e-05,2.469093998842599,0.3361968587182796,,,3.0,1.5811388300841898,686.8,803.9674744664737
Replace + Select,110,1.0,0.0,13.452065384640482,10.857162339747157,0.0014704679984498534,0.0022481576956547085,0.002897865108160451,0.0043877688282030515,1.9590621364908966e-05,3.154041993346653e-05,2.421332657415514,0.3134248866601746,,,3.0,1.5811388300841898,686.8,803.9674744664737
Replace + Select,111,1.0,0.0,13.461423309908733,10.862362881021047,0.0014302370940753601,0.0021894610372665377,0.0028548840231327247,0.0043731536141968196,1.9335891486182957e-05,3.142268568456629e-05,2.3994071686178047,0.32204282830123027,,,3.0,1.5811388300841898,686.8,803.9674744664737
Replace + Select,112,1.0,0.0,13.472067816952778,10.865696445319978,0.0014380377340754602,0.002196088850622211,0.0028446641471888707,0.004307957138796193,1.9275994695661156e-05,3.0967673096022505e-05,2.4604056803004593,0.37827454440810365,,,3.0,1.5811388300841898,686.8,803.9674744664737
Replace + Select,113,1.0,0.0,13.482612478755641,10.87036999040248,0.0015438262910483593,0.002428067350550727,0.0030594822124996998,0.004794846352368571,2.0842804592150732e-05,3.4417203452535986e-05,2.434757963710633,0.34838798173650487,,,3.0,1.5811388300841898,686.8,803.9674744664737
Replace + Select,114,1.0,0.0,13.489330065374876,10.876679320896146,0.0014948749800172056,0.002357349192230908,0.002987020414124691,0.004703763850866232,2.0354129153892268e-05,3.376073906790931e-05,2.4648953482177394,0.3985982352418025,,,3.0,1.5811388300841898,686.8,803.9674744664737
Replace + Select,115,1.0,0.0,13.498266726663356,10.88002893682996,0.0015352442424809236,0.0024373888610608155,0.0030521336493834683,0.004838510695874412,2.0780280726217816e-05,3.472477649409128e-05,2.4140215087261723,0.3493557892484709,,,3.0,1.5811388300841898,686.8,803.9674744664737
Replace + Select,116,1.0,0.0,13.504260315835584,10.882214261842545,0.0014748179728175427,0.0023417276004517734,0.002939536865783149,0.0046815653212356825,1.9976905812950556e-05,3.359765140214858e-05,2.4442198550563665,0.392222817930621,,,3.0,1.5811388300841898,686.8,803.9674744664737
Replace + Select,117,1.0,0.0,13.513500605482411,10.887098950026035,0.0013927245370428923,0.0021746489524836444,0.0027689892752803184,0.004313947652117516,1.8775227187327797e-05,3.098153038770161e-05,2.4252015485498357,0.2931317323201731,,,3.0,1.5811388300841898,686.8,803.9674744664737
Replace + Select,118,1.0,0.0,13.522382464535966,10.893677613928391,0.0013437362719540466,0.0020718837410601044,0.0026983290114142027,0.00417977322529423,1.8290966745030995e-05,3.0025917058699173e-05,2.404260501955384,0.30740475722481786,,,3.0,1.5811388300841898,686.8,803.9674744664737
Replace + Select,119,1.0,0.0,13.529975152574654,10.898766156416391,0.0013360526290068864,0.0020439273623206627,0.0027163741473451544,0.004161479641487509,1.8391749818817195e-05,2.9905022133012537e-05,2.42030993344733,0.35816218738213595,,,3.0,1.5811388300841898,686.8,803.9674744664737
Replace + Select,120,1.0,0.0,13.540828277472738,10.90479501369494,0.0013143051657230767,0.0019916798879362273,0.0025878965656099453,0.0038920754469219643,1.746229633294229e-05,2.798823013391359e-05,2.4067302852182353,0.32554713957815967,,,3.0,1.5811388300841898,686.8,803.9674744664737
Replace + Select,121,1.0,0.0,13.547668486840553,10.910593693034413,0.0012909620759391739,0.001971895138562997,0.00259591303396959,0.0039585958999303,1.755648439272138e-05,2.845239974335999e-05,2.4355824825493566,0.3337220708127046,,,3.0,1.5811388300841898,686.8,803.9674744664737
Replace + Select,122,1.0,0.0,13.558248172533421,10.914540599742985,0.001304788214395548,0.002008166586685453,0.0025742372286112385,0.003947709643066708,1.7432411793935724e-05,2.837061100680141e-05,2.415464058028219,0.37502131892982693,,,3.0,1.5811388300841898,686.8,803.9674744664737
Replace + Select,123,1.0,0.0,13.567011807197062,10.92098158909603,0.00123196604283946,0.0018779496662397306,0.002454810775424726,0.003750547363890142,1.662677853140294e-05,2.695793066512085e-05,2.408504592326779,0.3643109504942432,,,3.0,1.5811388300841898,686.8,803.9674744664737
Replace + Select,124,1.0,0.0,13.576957756561365,10.926416760569724,0.0012580134766350065,0.0019372078163762503,0.0025083669349021645,0.003859357122148934,1.7057709236635427e-05,2.7725058400947506e-05,2.391323791076098,0.3289032932077728,,,3.0,1.5811388300841898,686.8,803.9674744664737
Replace + Select,125,1.0,0.0,13.58676867809037,10.932109225673914,0.0013159173435706845,0.002070847066716817,0.002645709957551508,0.004158968876951016,1.8032040277917465e-05,2.9853304235679628e-05,2.4754581207944955,0.3505126101680019,,,3.0,1.5811388300841898,686.8,803.9674744664737
Replace + Select,126,1.0,0.0,13.598697542035945,10.937692497511732,0.0012950484122838573,0.0020278476626528516,0.0025577730218383646,0.003982104991349624,1.7396823918323667e-05,2.859847700314673e-05,2.39368023069377,0.3887772574376439,,,3.0,1.5811388300841898,686.8,803.9674744664737
Replace + Select,127,1.0,0.0,13.606104089243269,10.941736317041292,0.0012182421779500276,0.0018677604410101238,0.002472674388806962,0.0038196330199721774,1.6832172395251212e-05,2.74364589315719e-05,2.3853294161408294,0.3185340731161452,,,3.0,1.5811388300841898,686.8,803.9674744664737
Replace + Select,128,1.0,0.0,13.617038486116295,10.948578832782204,0.0012413080750839107,0.0019318940338693025,0.002514491887766459,0.003942101831996945,1.7098293935696175e-05,2.830640292403583e-05,2.3932214719528773,0.38964815343537895,,,3.0,1.5811388300841898,686.8,803.9674744664737
Replace + Select,129,1.0,0.0,13.626952314035247,10.953944166616381,0.001201229687999716,0.0018304684661235035,0.0024438961178759122,0.003752239656035657,1.6578166225628642e-05,2.696301580461112e-05,2.474677962227127,0.39418608885502904,,,3.0,1.5811388300841898,686.8,803.9674744664737
Replace + Select,130,1.0,0.0,13.637634132853472,10.961554889365884,0.0011973083841057565,0.0018005760210314595,0.0024031600002334414,0.0036205498107577195,1.626075850339367e-05,2.60362154053637e-05,2.3921059626700396,0.3318997232602641,,,3.0,1.5811388300841898,686.8,803.9674744664737
Replace + Select,131,1.0,0.0,13.644589219612982,10.965893002043817,0.00118523507039044,0.0017750444770632033,0.0023623042523914757,0.003558492317850909,1.601040858880103e-05,2.558714406643526e-05,2.4160719686973264,0.323855356805296,,,3.0,1.5811388300841898,686.8,803.9674744664737
Replace + Select,132,1.0,0.0,13.654845495913642,10.971827708672944,0.001106046742946703,0.0016001809542882809,0.0021960805730229854,0.0031560447688426608,1.4803181100654172e-05,2.2733469419475036e-05,2.440596611646723,0.37208066894141434,,,3.0,1.5811388300841898,686.8,803.9674744664737
Replace + Select,133,1.0,0.0,13.661914742875899,10.976857359800155,0.0010733610804907474,0.0015456296055007977,0.002130076638251324,0.003050827260712728,1.4315198890327228e-05,2.197839120943278e-05,2.467616296229716,0.3651991347356899,,,3.0,1.5811388300841898,686.8,803.9674744664737
Replace + Select,134,1.0,0.0,13.669612123964166,10.981804164160957,0.001057365249092741,0.0015329374504331691,0.002120852528546462,0.003081924063189559,1.4309179901238173e-05,2.219189825699883e-05,2.463389761243614,0.3887799068291078,,,3.0,1.5811388300841898,686.8,803.9674744664737
Replace + Select,135,1.0,0.0,13.677650229965206,10.984762986037676,0.001074848586786387,0.0015764448401583977,0.0021501171708211315,0.003158168848714961,1.4485111154630687e-05,2.2733778332899692e-05,2.404113309585353,0.3512179645876978,,,3.0,1.5811388300841898,686.8,803.9674744664737
Replace + Select,136,1.0,0.0,13.687515233531665,10.990505702374238,0.0010226417057059734,0.0014743769340726859,0.0020446792076723496,0.002959175831893256,1.377268447296849e-05,2.131276451786254e-05,2.422277425988976,0.3733018793180274,,,3.0,1.5811388300841898,686.8,803.9674744664737
Replace + Select,137,1.0,0.0,13.696613088233116,10.995924541357903,0.0009903573501704732,0.0014043415629173472,0.0019612370131939917,0.002747239563942349,1.3149887453179e-05,1.9806653928616138e-05,2.3737116085880845,0.29387729085578457,,,3.0,1.5811388300841898,686.8,803.9674744664737
Replace + Select,138,1.0,0.0,13.70927371578495,11.004796476891968,0.0009785952684607342,0.0013920736731757122,0.0019875066995495645,0.002854749587887278,1.334668608261126e-05,2.056669228994532e-05,2.4670869098230854,0.38534582550673385,,,3.0,1.5811388300841898,686.8,803.9674744664737
Replace + Select,139,1.0,0.0,13.717909871471244,11.011670581735867,0.0009279875696484207,0.0013337646213080593,0.0018842432045367698,0.0027398233032291013,1.2662370582044584e-05,1.973235468904597e-05,2.4331132606428265,0.34410928351504255,,,3.0,1.5811388300841898,686.8,803.9674744664737
Replace + Select,140,1.0,0.0,13.728426753197894,11.017738899163264,0.0008984868021994511,0.0012998465521434166,0.0018159879154560766,0.0026368257100267125,1.2208545114411015e-05,1.8990535555987175e-05,2.39635332250978,0.34397830481708,,,3.0,1.5811388300841898,686.8,803.9674744664737
Replace + Select,141,1.0,0.0,13.736006886856654,11.022268705119812,0.0008787584820054758,0.0012758143647218427,0.0017527447745762537,0.002545757063746126,1.1806514414155965e-05,1.8333335151896747e-05,2.4236929609686926,0.34909422408012675,,,3.0,1.5811388300841898,686.8,803.9674744664737
Replace + Select,142,1.0,0.0,13.744365751928711,11.028094378349408,0.0008923022197574904,0.0013082282117230705,0.0017871117891667884,0.0026190384501248373,1.2072535820667462e-05,1.885505599328589e-05,2.440352437093707,0.37208063557492344,,,3.0,1.5811388300841898,686.8,803.9674744664737
Replace + Select,143,1.0,0.0,13.752056684330347,11.033784680842372,0.0008845549354533014,0.001304429256443084,0.0017754471262331143,0.002619122376381415,1.1986400205095936e-05,1.8853529284032032e-05,2.398208868113378,0.3590538470130515,,,3.0,1.5811388300841898,686.8,803.9674744664737
Replace + Select,144,1.0,0.0,13.76097141760303,11.038343152027306,0.0008493416079172157,0.0012125267254209692,0.0016788437429877522,0.0023839574659540396,1.130682032425014e-05,1.718495674286454e-05,2.4590358569352864,0.38929715217972205,,,3.0,1.5811388300841898,686.8,803.9674744664737
Replace + Select,145,1.0,0.0,13.769904055355429,11.043149703587934,0.0008291128598352062,0.001155134622872584,0.0016490510218547412,0.0022880760287626047,1.1084973142032813e-05,1.6508065396792736e-05,2.4445980542090737,0.421861114402577,,,3.0,1.5811388300841898,686.8,803.9674744664737
Replace + Select,146,1.0,0.0,13.779350178203188,11.046869597976368,0.0008563945372067084,0.001220076605151955,0.001708908386262687,0.0024320257876708808,1.1498707158297095e-05,1.753000157397246e-05,2.4192849135801344,0.35824290058821345,,,3.0,1.5811388300841898,686.8,803.9674744664737
Replace + Select,147,1.0,0.0,13.788867341887515,11.051548550577012,0.0008271814574044632,0.001143022014530243,0.001640788787943491,0.002254004382195953,1.1018578274413304e-05,1.6268456636338826e-05,2.435664720539853,0.3103501671357643,,,3.0,1.5811388300841898,686.8,803.9674744664737
Replace + Select,148,1.0,0.0,13.79843792841243,11.056511271281154,0.0008255742037025033,0.0011343752076352488,0.0016596806385858211,0.002279498531512451,1.115277702118475e-05,1.6452060202940077e-05,2.4850166937679132,0.31443772381709967,,,3.0,1.5811388300841898,686.8,803.9674744664737
Replace + Select,149,1.0,0.0,13.80767564554284,11.062453568930465,0.0008449157831747186,0.0011717354905644785,0.001681328033369366,0.0023233238628887114,1.1330638172029427e-05,1.676469452789976e-05,2.442030563035722,0.33762794029325205,,,3.0,1.5811388300841898,686.8,803.9674744664737
Replace + Select,150,1.0,0.0,13.817141625008267,11.066745110616,0.0008449591564792872,0.0011874679261482328,0.0016958779212503862,0.00238136443359577,1.1414541702029639e-05,1.717202980983028e-05,2.4653500282923297,0.3676632777365363,,,3.0,1.5811388300841898,686.8,803.9674744664737
Replace + Select,151,1.0,0.0,13.82777875594768,11.07251595591123,0.0008610262712111473,0.0012300168221099667,0.0017053223395356609,0.0024303677487858308,1.1506565407900695e-05,1.7516009897056512e-05,2.450467907477301,0.3778655731800196,,,3.0,1.5811388300841898,686.8,803.9674744664737
Replace + Select,152,1.0,0.0,13.837756494563035,11.078051409888605,0.0008795727013929553,0.001286217314982939,0.0017833803979819822,0.0026257755813390536,1.2060325007769264e-05,1.8901230275769265e-05,2.432905777056322,0.3390895511403641,,,3.0,1.5811388300841898,686.8,803.9674744664737
Replace + Select,153,1.0,0.0,13.848715767732362,11.08549972592106,0.0009018953794759695,0.0013398774879395609,0.0018382119978024136,0.002755023184345911,1.2439734928345215e-05,1.9819542028901917e-05,2.4285128535385665,0.3845072155634233,,,3.0,1.5811388300841898,686.8,803.9674744664737
Replace + Select,154,1.0,0.0,13.858185027233148,11.092626283663371,0.0009384317220096255,0.0014195077010526736,0.0018916510258213612,0.002878173129547089,1.2808940210477616e-05,2.0694991953120517e-05,2.4139748169639232,0.3379717130603467,,,3.0,1.5811388300841898,686.8,803.9674744664737
Replace + Select,155,1.0,0.0,13.869018665382246,11.099018996347896,0.0009509494096139031,0.0014367921088158432,0.0019023414328138023,0.002865011548856081,1.2855887678527416e-05,2.0608884344238643e-05,2.4509897422709686,0.34457814645371976,,,3.0,1.5811388300841898,686.8,803.9674744664737
Replace + Select,156,1.0,0.0,13.878783664361043,11.106153378179078,0.00094027248093798,0.0014191488565660853,0.0018814544060617544,0.002827665342443851,1.2708700851042292e-05,2.034136726462474e-05,2.4334716414043163,0.3625008118957448,,,3.0,1.5811388300841898,686.8,803.9674744664737
Replace + Select,157,1.0,0.0,13.886277986806524,11.10903988218935,0.0009588385851107556,0.001465264156601759,0.0019188905172103647,0.0029234223550502025,1.2986457238829192e-05,2.101882858457411e-05,2.423775655412276,0.34397098109011376,,,3.0,1.5811388300841898,686.8,803.9674744664737
Replace + Select,158,1.0,0.0,13.894393002158527,11.112418826156922,0.0009486531187553257,0.0014537811581781309,0.0019154571119197716,0.0029377861382130863,1.2993434607270268e-05,2.111504301256874e-05,2.447406194990015,0.3499866299689506,,,3.0,1.5811388300841898,686.8,803.9674744664737
Replace + Select,159,1.0,0.0,13.905001790418613,11.117545552161596,0.0009521368883804142,0.001447460576674377,0.0019035862318024705,0.0029024204266070663,1.2922132476347217e-05,2.086284230472386e-05,2.4483036325355325,0.32272076753805695,,,3.0,1.5811388300841898,686.8,803.9674744664737
Replace + Select,160,1.0,0.0,13.914577831652627,11.124445425011084,0.0009864718631362112,0.0015122837763434378,0.0019632624177553454,0.0030010347109084077,1.3313387140500189e-05,2.1571185996432005e-05,2.4153797442801492,0.33488977317433555,,,3.0,1.5811388300841898,686.8,803.9674744664737
Replace + Select,161,1.0,0.0,13.922313500828915,11.127317758217224,0.0009591424267041633,0.0014342806944370684,0.0019014115848029617,0.002831938321777237,1.2858049067556287e-05,2.0376256847210414e-05,2.367999497120121,0.3121536610766141,,,3.0,1.5811388300841898,686.8,803.9674744664737
Replace + Select,162,1.0,0.0,13.929253222944698,11.132980793046665,0.0010640614040788618,0.0016554710902214039,0.0021245810270096475,0.0033001325457517345,1.4433183847208743e-05,2.3705882578437177e-05,2.4426143775885416,0.30408704417234567,,,3.0,1.5811388300841898,686.8,803.9674744664737
Replace + Select,163,1.0,0.0,13.940009950085098,11.138505867569355,0.0010902384238653767,0.001718324719837416,0.0021255691122013987,0.0033309001890012226,1.4481146959105154e-05,2.3914652284580145e-05,2.4198698498537974,0.3189225499032639,,,3.0,1.5811388300841898,686.8,803.9674744664737
Replace + Select,164,1.0,0.0,13.94830377634251,11.143188913908348,0.0011379606310636852,0.0018324701607692847,0.0022426925844475955,0.0035957919744304774,1.5303223235196935e-05,2.579515099738145e-05,2.41718313420237,0.42609997185238047,,,3.0,1.5811388300841898,686.8,803.9674744664737
Replace + Select,165,1.0,0.0,13.957520331330674,11.149433713601029,0.0010736754292376442,0.0017092179805831558,0.002206271219026968,0.00353704819130229,1.5037480923478174e-05,2.5376385922242045e-05,2.405153391820046,0.31890078147947926,,,3.0,1.5811388300841898,686.8,803.9674744664737
Replace + Select,166,1.0,0.0,13.96603947088875,11.153486157627826,0.0010122420322995565,0.001599680805928887,0.0020174961087951753,0.003176409211109787,1.3752965878152814e-05,2.2801173247335495e-05,2.464279117759539,0.3388614700067748,,,3.0,1.5811388300841898,686.8,803.9674744664737
Replace + Select,167,1.0,0.0,13.975791123054616,11.158148706663736,0.000886678689132164,0.0013319999747922577,0.0017507721072755305,0.0026078576202133697,1.1872250351409612e-05,1.876163578426083e-05,2.4274132662857157,0.36298409078032146,,,3.0,1.5811388300841898,686.8,803.9674744664737
Replace + Select,168,1.0,0.0,13.986790044823298,11.165236097390833,0.0008433537381182238,0.0012526838910035083,0.0016728878774382634,0.0024792243207499925,1.1319147619066913e-05,1.7842226932022794e-05,2.426289179621763,0.35067651836579466,,,3.0,1.5811388300841898,686.8,803.9674744664737
Replace + Select,169,1.0,0.0,13.996674142360979,11.170569153305324,0.0008273861551882746,0.00120665408186613,0.0016562854459448184,0.002399610675446188,1.1185551398389696e-05,1.7283939759035747e-05,2.4368931716349094,0.40551745038470527,,,3.0,1.5811388300841898,686.8,803.9674744664737
Replace + Select,170,1.0,0.0,14.008667247973193,11.178132470133754,0.000837952033972044,0.0012187615539115493,0.0016585350730624776,0.002409379054474903,1.1200258087416358e-05,1.735280619499728e-05,2.386497579030867,0.3414027665721288,,,3.0,1.5811388300841898,686.8,803.9674744664737
Replace + Select,171,1.0,0.0,14.017420271284973,11.18395318676226,0.0008492852496727054,0.0012198345433933366,0.0016980300753937929,0.0024475726325018372,1.1470543553895912e-05,1.7632130685451488e-05,2.4343320203302783,0.3775511382642848,,,3.0,1.5811388300841898,686.8,803.9674744664737
Replace + Select,172,1.0,0.0,14.02827542476037,11.189496022702151,0.0008702061891755827,0.0012659521773079776,0.001728217473056039,0.0024987009823312168,1.1638189237071435e-05,1.800091982685527e-05,2.411348375121215,0.2911071004728489,,,3.0,1.5811388300841898,686.8,803.9674744664737
Replace + Select,173,1.0,0.0,14.039378852280999,11.19488124068976,0.0008607621038210453,0.0012431110680511106,0.0017246840782045119,0.0024814113059598453,1.1585076394202182e-05,1.788116042397845e-05,2.486498237597689,0.3675083420980434,,,3.0,1.5811388300841898,686.8,803.9674744664737
Replace + Select,174,1.0,0.0,14.048968701586267,11.199124371918241,0.0007720080896706177,0.001064385172308503,0.0015365829000863636,0.0021189033264930103,1.026649119876451e-05,1.5290903735471984e-05,2.4429645292642816,0.3743776168739409,,,3.0,1.5811388300841898,686.8,803.9674744664737
Replace + Select,175,1.0,0.0,14.057892714427478,11.203192870725246,0.0007215094784816655,0.0009721563547276011,0.001450513757530924,0.0019525511444109568,9.656203114519438e-06,1.4099297789902824e-05,2.4326523361959875,0.3768413221789003,,,3.0,1.5811388300841898,686.8,803.9674744664737
Replace + Select,176,1.0,0.0,14.067693125897287,11.209335815940976,0.0007102101491838276,0.0009521373355275193,0.0014263901404686116,0.0019150641788839668,9.484033029430468e-06,1.3827436004956531e-05,2.4292990121974323,0.3477675935155437,,,3.0,1.5811388300841898,686.8,803.9674744664737
Replace + Select,177,1.0,0.0,14.07918340028122,11.217670280832387,0.0007480887148846478,0.001052597971193763,0.001523713693424312,0.0021689601836288263,1.0190841320018171e-05,1.563440557738196e-05,2.415827261316612,0.4080056361078607,,,3.0,1.5811388300841898,686.8,803.9674744664737
Replace + Select,178,1.0,0.0,14.091023207981806,11.224636654448345,0.0007353554952465106,0.0010166650326497665,0.0014606059624735989,0.002020974395471566,9.76276996154798e-06,1.4580416291223413e-05,2.453613062783668,0.34318157282804046,,,3.0,1.5811388300841898,686.8,803.9674744664737
Replace + Select,179,1.0,0.0,14.100111220607852,11.232255609230725,0.0007424078943156296,0.0010297763989836506,0.001477651879269261,0.0020463194567648486,9.887264124966241e-06,1.4764955093732031e-05,2.365330532200234,0.3132651570018295,,,3.0,1.5811388300841898,686.8,803.9674744664737
Replace + Select,180,1.0,0.0,14.109584836352147,11.238200039180832,0.0007585264703455668,0.0010804173814223754,0.0014967264504791749,0.0021216774202281615,1.0039397539511218e-05,1.5297273975514092e-05,2.421710772900457,0.33388195996841125,,,3.0,1.5811388300841898,686.8,803.9674744664737
Replace + Select,181,1.0,0.0,14.120830527162937,11.245087420218137,0.0007796558991970754,0.0011067956682758813,0.001527831028406233,0.0021389068580663527,1.021879913901947e-05,1.5426708087652844e-05,2.464405719375039,0.3751961620882469,,,3.0,1.5811388300841898,686.8,803.9674744664737
Replace + Select,182,1.0,0.0,14.13083736443906,11.25107654052169,0.0008002845804162678,0.001162035607782099,0.0016194081879475249,0.0023632065063584834,1.088599018942712e-05,1.7019714926134346e-05,2.4245335523220524,0.3853213189418249,,,3.0,1.5811388300841898,686.8,803.9674744664737
Replace + Select,183,1.0,0.0,14.142085119561724,11.258123122176032,0.000772212307079668,0.0011261267421225725,0.001545875768777175,0.002255562377514616,1.0393813261286097e-05,1.6243579939617522e-05,2.4607339281963627,0.3991257957400684,,,3.0,1.5811388300841898,686.8,803.9674744664737
Replace + Select,184,1.0,0.0,14.152383591847757,11.265127266424392,0.0007796318732268498,0.001143436066922181,0.0015659065438790247,0.002301615040925411,1.054493161278181e-05,1.657238022616296e-05,2.4024879614632133,0.3712988076661806,,,3.0,1.5811388300841898,686.8,803.9674744664737
Replace + Select,185,1.0,0.0,14.161133568552483,11.2700276345301,0.0007692615916951825,0.001119462412444804,0.0015460212776705327,0.002259016095094737,1.0427539701706418e-05,1.6266792196312713e-05,2.4632172106516754,0.38080077830642545,,,3.0,1.5811388300841898,686.8,803.9674744664737
Replace + Select,186,1.0,0.0,14.171688032647051,11.274939746630128,0.0007916502747361386,0.0011488855865234202,0.001576243065217884,0.002282284524047581,1.0598692088415944e-05,1.644061226502685e-05,2.456068902976839,0.3657504364754684,,,3.0,1.5811388300841898,686.8,803.9674744664737
Replace + Select,187,1.0,0.0,14.182852325656617,11.282300122024632,0.0007726617968459522,0.0011138031854039452,0.0015569030044995347,0.0022405035889240246,1.045599459106055e-05,1.614136365804431e-05,2.4056023892184504,0.35594618707146486,,,3.0,1.5811388300841898,686.8,803.9674744664737
Replace + Select,188,1.0,0.0,14.195242394805353,11.287374606942395,0.0007478719021811712,0.0010464635328996427,0.001490257088610709,0.0020962112749936574,9.983231917624291e-06,1.5113455530573663e-05,2.4719558488940847,0.3984056192472029,,,3.0,1.5811388300841898,686.8,803.9674744664737
Replace + Select,189,1.0,0.0,14.205381072809024,11.293408230525618,0.000727142433386393,0.0009996122524624138,0.0014401832387640318,0.0019697730081983072,9.605727210118883e-06,1.4215971715570745e-05,2.4276792329884294,0.35034225453670914,,,3.0,1.5811388300841898,686.8,803.9674744664737
Replace + Select,190,1.0,0.0,14.214834255052244,11.299787964123368,0.0007738686306431204,0.0011068190755485798,0.0015778422604668216,0.002276189337145869,1.0584712937567872e-05,1.640030807174435e-05,2.403552348184895,0.33678536363021827,,,3.0,1.5811388300841898,686.8,803.9674744664737
Replace + Select,191,1.0,0.0,14.226204182527386,11.30703182041205,0.0007456446982505062,0.0010384081438899804,0.0014857678554745272,0.0020646469294156615,9.949185615582548e-06,1.4896312348975851e-05,2.418823541729091,0.30524630775689815,,,3.0,1.5811388300841898,686.8,803.9674744664737
Replace + Select,192,1.0,0.0,14.237188700481331,11.313332566214076,0.0007657915564889993,0.001093687695272969,0.001524309314164905,0.0021611561941673775,1.0219905300343318e-05,1.5579357359566114e-05,2.435322224388144,0.32576416560885785,,,3.0,1.5811388300841898,686.8,803.9674744664737
Replace + Select,193,1.0,0.0,14.24810365702792,11.318005825849601,0.0007236075342242508,0.0010154400397168711,0.00144191160930152,0.00202867944740836,9.651106968387093e-06,1.4626935893493326e-05,2.469545093771166,0.38995115322254315,,,3.0,1.5811388300841898,686.8,803.9674744664737
Replace + Select,194,1.0,0.0,14.259033270920174,11.32493286722725,0.000726506374273208,0.0009990498538330467,0.0014391340937292565,0.0019641013156596315,9.610196347769682e-06,1.4174460265970892e-05,2.4347921521561227,0.3921901294992663,,,3.0,1.5811388300841898,686.8,803.9674744664737
Replace + Select,195,1.0,0.0,14.27006441843372,11.329928233258267,0.0007235131630841536,0.0009989922906098177,0.001448819510870352,0.0020106374184240437,9.67588474147129e-06,1.4504731869129894e-05,2.4727195102982806,0.3656485920707401,,,3.0,1.5811388300841898,686.8,803.9674744664737
Replace + Select,196,1.0,0.0,14.281055280024365,11.336940802118953,0.0007300307751434051,0.0010253054356209742,0.0014590500695305152,0.002043567647978898,9.77632481873573e-06,1.4737715338003152e-05,2.410392342804984,0.3458341300610872,,,3.0,1.5811388300841898,686.8,803.9674744664737
Replace + Select,197,1.0,0.0,14.291474602958363,11.341585686591674,0.0007898851310643882,0.0011562875545468028,0.0015212282752374326,0.0021903344748981576,1.0230414822654473e-05,1.5780649584695954e-05,2.442666128185075,0.3808021640030465,,,3.0,1.5811388300841898,686.8,803.9674744664737
Replace + Select,198,1.0,0.0,14.301321617200207,11.348323637148441,0.000803241810399717,0.00120666356969523,0.0016073595890052576,0.002424254392238682,1.0846540768619417e-05,1.743840542096799e-05,2.446600110176954,0.42717225602365116,,,3.0,1.5811388300841898,686.8,803.9674744664737
Replace + Select,199,1.0,0.0,14.309790545903633,11.353629673643068,0.0008139430830543427,0.0012453792265383322,0.0016254097455293205,0.002498128974966668,1.1014992838827428e-05,1.7953772342623005e-05,2.452300698680208,0.32645048250900094,,,3.0,1.5811388300841898,686.8,803.9674744664737
Replace + Select,200,1.0,0.0,14.319079928514483,11.357211382250501,0.0008050704425524172,0.0012331502491033366,0.0016194896109628615,0.0024887020761218243,1.0967853968222466e-05,1.788796120369435e-05,2.4435321237677425,0.3023875138779681,,,3.0,1.5811388300841898,686.8,803.9674744664737
