iteration,use_selection,setting,mean_error,variance,dispersion,dispersion_ratio,swd_to_truth,component_weight_entropy,smallest_component_weight,component_mean_distance,num_samples,run,seed
0,False,Replace,0.29159999999986647,45.01193038501346,88.69067417308473,0.9747960304098583,0.06271594280864343,0.7219280948873623,0.2,1.799999999999587,,1,42
1,False,Replace,0.42051938931806454,43.32853547835769,88.06416518957252,0.9679100925608353,0.11686519935739625,0.7890745523907071,0.23644279109899494,2.38900887800025,,1,42
2,False,Replace,0.6230323635948095,44.04867521867781,87.59307244755652,0.9627323290681833,0.17512409536847257,0.8640231240724885,0.2863982929905349,1.7600207525343297,,1,42
3,False,Replace,0.35599834884104475,44.71386395347558,88.97531727075322,0.9779245325244021,0.12183708310069362,0.8651664895373726,0.2872684163261671,1.5172810309857996,,1,42
4,False,Replace,0.4045231972185004,44.41419124385563,88.73327966822475,0.9752643058844036,0.15444287851080732,0.8300300532223819,0.2621879163363633,1.9253742875219404,,1,42
5,False,Replace,0.6800782707515522,41.63942657227217,83.48331396373901,0.9175621204377891,0.2816192478239447,0.8062206228228165,0.2468334789853454,1.5214573952960242,,1,42
6,False,Replace,0.7761430351329502,43.09243662427558,86.57993890058641,0.9515970144585078,0.30093232944911563,0.8569278254059713,0.2810870927231315,1.9772051711394,,1,42
7,False,Replace,0.8682322897875006,44.85781545585667,89.16220849139125,0.9799786472517394,0.2870707787770304,0.8235453234767104,0.25788979739878726,2.2924383423388,,1,42
8,False,Replace,1.218461203994725,44.19696274983575,89.62049097488313,0.9850156136507368,0.35156013735690794,0.7893540503103895,0.23660811729089393,1.9935243284757305,,1,42
9,False,Replace,1.4882512930695797,44.32391322051765,89.76532063181672,0.9866074312344996,0.34093671421889266,0.8487492778570771,0.2751438450584171,2.120886777872292,,1,42
10,False,Replace,1.386687062091907,43.05970253805902,85.78924935019069,0.9429065738659813,0.34787488836038005,0.8503614692088846,0.27630092520862587,2.2451603945645964,,1,42
11,False,Replace,1.6366232208724727,42.63178684102987,85.75542561907301,0.9425348184459829,0.39894975236172214,0.7929449942628155,0.23874378789950004,2.258967672030625,,1,42
12,False,Replace,2.146113544275559,43.70642190155556,86.28022744336688,0.9483028965426173,0.44155591452939136,0.7817882846747122,0.23217772007528453,2.3100685048377256,,1,42
13,False,Replace,1.5644346316795756,45.12728559195599,90.17448607843136,0.9911045540364126,0.40525166007430724,0.8493487916352817,0.275573309770376,2.3652933919904005,,1,42
14,False,Replace,1.5046472637427382,47.14315603458853,93.81159483798474,1.0310798864379056,0.3526851312682371,0.8663901777347652,0.288204197637532,2.9070661557637614,,1,42
15,False,Replace,2.0776159621179096,44.281116117877836,90.80539031994469,0.9980388000090583,0.4346980303919068,0.8200199771559481,0.2555909984954821,2.9858069530865756,,1,42
16,False,Replace,2.0747368043541283,44.02240543918951,87.27994030885156,0.9592907049216846,0.4301378987528686,0.8098578238983304,0.24910583237967904,3.2242987306483486,,1,42
17,False,Replace,2.7429523684722636,42.951511866389836,84.72900854771923,0.931253505094503,0.4572418762444127,0.7893489833098477,0.23660511895262118,3.9018475828494776,,1,42
18,False,Replace,2.4313378840871462,42.233049521548736,84.15286428869396,0.9249211241324954,0.4290517405076033,0.8313860884691107,0.26309845969968365,3.883263639593023,,1,42
19,False,Replace,2.906102351800609,43.859028182577354,87.09901783258245,0.9573021924504085,0.4633073796591606,0.8726806687880976,0.2930909809770376,3.9796339420242726,,1,42
20,False,Replace,2.831250757665535,43.445362490860916,87.9387600231835,0.9665317688584996,0.4376055059068812,0.8687050426970843,0.28998745663723413,4.015726850394749,,1,42
21,False,Replace,3.202166937128714,44.08064062962818,88.81182579731356,0.976127603582315,0.506369756900815,0.8265991439852691,0.259902457586927,4.504912257261259,,1,42
22,False,Replace,2.3253865079328877,43.57976788712804,85.98656112906932,0.9450752205765547,0.39663802044220997,0.8165573356930831,0.25335810273181286,4.510054983191971,,1,42
23,False,Replace,1.9781716470169821,42.2260270314606,84.15442728601626,0.9249383029802098,0.41259141219839,0.8508512182306815,0.2766538016281049,3.9715907688517165,,1,42
24,False,Replace,1.832656381693769,42.862243646276156,85.72790702822287,0.9422323625973461,0.42249144996657373,0.8729616644624394,0.29331234105163784,3.729072404330168,,1,42
25,False,Replace,1.441344848820409,42.96823974754214,85.07421616121155,0.9350476696381489,0.3660648580374437,0.8366401674827394,0.26666627304914536,3.9061280256536026,,1,42
26,False,Replace,1.2883106486411322,45.226520104503365,88.83086477486893,0.9763368603042542,0.3857964226905519,0.8317347891113243,0.26333327564744446,4.418992664346225,,1,42
27,False,Replace,1.1439264117599326,43.71266803998489,87.11638487043291,0.9574930729427991,0.34276742774467994,0.8414646002566876,0.2699999749456008,3.6609494088918115,,1,42
28,False,Replace,1.356594122226602,43.32054400939681,87.28202194424196,0.9593135841018716,0.40111557870407344,0.8414542710001603,0.2699927766747606,3.880485357191788,,1,42
29,False,Replace,1.8656583374366467,41.728338303695836,83.91802534439066,0.9223400176878003,0.4465711362809881,0.8729882932941337,0.29333333240560544,4.0562469001350605,,1,42
30,False,Replace,2.679058008772566,42.716951671049806,85.1267688826446,0.9356252747214093,0.5289625677181771,0.9007196795903093,0.3166666664214935,4.278324184760924,,1,42
31,False,Replace,2.8787870936925617,43.849788363171314,87.30020684627915,0.9595134537103115,0.5406728125640738,0.9149263664729751,0.3299999938271677,4.181510641666191,,1,42
32,False,Replace,1.918908028898852,45.557380824719665,89.92136472202029,0.9883225062535765,0.4723967104865021,0.9426831892265872,0.35999999996517784,4.129373116939443,,1,42
33,False,Replace,1.8885505136604352,47.83072705498474,96.37068916439637,1.0592068007283766,0.5404347132943689,0.9709505941465901,0.39999999947333625,3.9644720085874843,,1,42
34,False,Replace,2.069687096663332,53.69767300174707,108.93329871679146,1.1972819933846528,0.5319603934700838,0.9747170041745638,0.40666666665624307,3.8131809593971946,,1,42
35,False,Replace,2.2931107493393506,50.162879645049486,100.67686681986437,1.1065358454551977,0.5395617308064341,0.953197172539853,0.3733333333290469,3.834702280070637,,1,42
36,False,Replace,3.0864136240147455,46.94340650836391,94.41496663917403,1.0377115243428416,0.5598423942498356,0.9782176658741757,0.4133333332121045,3.9205566065438173,,1,42
37,False,Replace,5.778119803136334,48.00250213277391,95.06210615178122,1.0448242115999005,0.735795499812534,0.9998717566357898,0.49333333320183337,4.051549244336204,,1,42
38,False,Replace,5.930360341749299,46.598154585818634,90.9049576465701,0.9991331409378864,0.7632355311059966,0.9988455359947249,0.4799999999958712,4.029075349307165,,1,42
39,False,Replace,6.262667339476395,47.503889456238156,94.28234895969919,1.036253928166924,0.7618326422861538,0.9953784387085222,0.459999999517114,4.04477989442098,,1,42
40,False,Replace,6.650292388211395,45.435803440132425,92.03448927411189,1.0115477826915542,0.7868199510793155,0.9927744539815645,0.44999999997843226,4.063850566091217,,1,42
41,False,Replace,7.320526553348445,42.71939790674535,86.20240399225128,0.947447541772484,1.0099290519408788,0.9945750754754328,0.45666666665501066,4.049668738401852,,1,42
42,False,Replace,6.942291078774619,38.64100408304485,76.90468468923925,0.8452566411739211,0.7601994390606677,0.9829732284917163,0.4233333333331016,4.00389944434397,,1,42
43,False,Replace,6.279980205521668,37.42765056402606,76.11579409534099,0.8365859728479713,0.7904012252973787,0.9829732284918138,0.4233333333333205,3.6500908007579946,,1,42
44,False,Replace,5.544806865007185,35.91504980119507,73.03081562925463,0.8026790847711921,0.8000782988264529,0.9858150371789199,0.43,3.4220151009471302,,1,42
45,False,Replace,5.345025752025122,31.649108842472398,62.26500332422078,0.6843524264507911,0.8307608487005427,0.9844268978000115,0.4266666666666667,3.2792854494801524,,1,42
46,False,Replace,5.934446892239783,29.311282393260385,59.50981787504253,0.6540702816374527,0.8734998830432608,0.9829732284918195,0.42333333333333334,3.390257990434762,,1,42
47,False,Replace,5.216329469203107,28.183143958477807,56.61950457125536,0.6223029514030012,0.7692206831645141,0.9782176659354249,0.41333333333333333,3.205783904050772,,1,42
48,False,Replace,5.759908464025589,27.27119450729029,53.064429351178305,0.5832292467023636,0.7888519586505779,0.9883952307188971,0.43666666666666665,3.1108822748032465,,1,42
49,False,Replace,5.239844266822368,26.953566953315995,54.149411859496524,0.5951542506786407,0.8296108457502405,0.9798687566511527,0.4166666666666667,3.13473939642532,,1,42
50,False,Replace,4.81183040628629,29.13111096821254,58.48466853169997,0.6428029018392409,0.6969642159266032,0.968967292510196,0.39666666666666667,3.0173099012226947,,1,42
51,False,Replace,3.6538444072543035,29.29808755511141,58.845932866815325,0.6467735452364469,0.7215399662851156,0.9728671043607882,0.4033333333333333,3.0399807329136586,,1,42
52,False,Replace,3.471686905316479,30.364726970106396,60.22991958460691,0.6619848937939103,0.6059085809977813,0.9858150371789199,0.43,3.0306239691072223,,1,42
53,False,Replace,4.513211127806751,31.513953609858135,62.93370330203936,0.6917020840105094,0.8206083129245401,0.9979471932237238,0.47333333333333333,3.06731971351102,,1,42
54,False,Replace,5.0580985838548465,30.898736697273055,61.785519278152336,0.6790824344351681,0.88481826618897,0.9999679398727177,0.49666666666666665,3.1401302184850968,,1,42
55,False,Replace,4.442455143878256,30.928819685810346,62.89666978847981,0.6912950499863961,0.7033013792935551,0.9984284947115637,0.4766666666666667,3.204133394096659,,1,42
56,False,Replace,4.669728029568732,34.45074479737287,69.23750975539653,0.7609869954681949,0.8722182409579599,0.9988455359952018,0.48,3.4456486171587537,,1,42
57,False,Replace,2.25689465038866,34.8423496399261,70.07756550854766,0.7702200182310684,0.6877434314773562,0.9998717566408489,0.49333333333333335,3.3617699799778884,,1,42
58,False,Replace,1.7709811232856516,35.82348794955916,71.01989607493462,0.7805771398113511,0.5763651317057027,0.99971144175281,0.49,3.5615838128091615,,1,42
59,False,Replace,1.16364474471485,32.734401278003986,64.85727523674485,0.7128439944045986,0.5866038378676459,0.9907147546131311,0.44333333333333336,3.5527605027404383,,1,42
60,False,Replace,1.6648855791257546,35.98987619583665,73.06869635525791,0.8030954304769985,0.5917684845266797,0.9937071066045081,0.4533333333333333,4.024581931287361,,1,42
61,False,Replace,1.9151192302723663,36.41802736967776,72.59196851984643,0.797855731874211,0.5612873494591875,0.9953784388202258,0.46,3.972327480808649,,1,42
62,False,Replace,2.441983950508219,36.20171072266422,73.53314523996862,0.8082001715714312,0.5994883044751242,0.9974015885677396,0.47,4.25096488811528,,1,42
63,False,Replace,2.415657545823705,34.52343945320154,68.4227436996846,0.7520319308661297,0.6457279906351359,0.9829732284918195,0.42333333333333334,4.487208197058473,,1,42
64,False,Replace,2.4163517294881314,31.56995934083321,63.982811924361194,0.7032327993877798,0.5847802732712969,0.9917770334127775,0.44666666666666666,4.281648691430712,,1,42
65,False,Replace,3.1361302157966175,30.02742578586681,60.569446706633684,0.665716624258855,0.674967771232785,0.9998717566408489,0.49333333333333335,4.070046729702991,,1,42
66,False,Replace,2.894432690932423,29.12629055282853,58.69374551990523,0.6451008595450849,0.7653620546278783,0.9883952307188971,0.43666666666666665,3.5569082379956978,,1,42
67,False,Replace,3.0209227913882915,28.612022493017868,58.424166382091414,0.6421379248749822,0.7202041776074913,0.9937071066045081,0.4533333333333333,3.5908730456337836,,1,42
68,False,Replace,3.5931198765574273,28.73854299910559,57.35789359004874,0.6304185587216842,0.6958031895842687,0.9974015885677396,0.47,3.91127736503679,,1,42
69,False,Replace,4.410431389232781,29.18045181078739,59.10070170248793,0.6495737004049728,0.731179722339272,0.9967916319816367,0.4666666666666667,4.527201891487241,,1,42
70,False,Replace,4.332449273977493,27.97431595993333,55.73452850516231,0.6125762110858435,0.8175300811213448,0.9961172688791448,0.4633333333333333,4.231607130460366,,1,42
71,False,Replace,4.158355471573903,26.907673782750663,54.92811069749305,0.6037129017796844,0.8567664605134722,0.9927744539878083,0.45,3.9545897701797554,,1,42
72,False,Replace,4.964058572185391,27.000772002841877,55.32356991502068,0.6080593799075045,0.8149808233696345,0.9829732284918195,0.42333333333333334,3.715345068832278,,1,42
73,False,Replace,4.656635878160131,28.24483245888871,54.497664258388454,0.5989818803498062,0.8777910100275641,0.9798687566511527,0.4166666666666667,3.6897692420950143,,1,42
74,False,Replace,4.92929846845195,29.650579857937878,60.304075440842695,0.6627999381597838,0.756117792313105,0.9782176659354249,0.41333333333333333,3.6172131322415138,,1,42
75,False,Replace,5.0015036879126376,27.861649738692307,55.60801453367392,0.6111857005462845,0.8089488879685789,0.9829732284918195,0.42333333333333334,3.7891592650639927,,1,42
76,False,Replace,4.973181351421368,30.067756034518155,60.436652750666155,0.6642570906343056,0.8278002602155352,0.9883952307188971,0.43666666666666665,3.7026848164575936,,1,42
77,False,Replace,4.958845760229342,29.343930877736565,60.05009998972191,0.6600085030525148,0.7754874114215613,1.0,0.5,3.8283489385638125,,1,42
78,False,Replace,4.859237379502698,29.110995419671863,58.71131731930995,0.6452939905644011,0.7605573803601869,0.9998717566408489,0.49333333333333335,3.910949452171462,,1,42
79,False,Replace,5.091866948010057,34.39323274233537,69.55266864348404,0.7644508955447299,0.8786620440373585,0.9979471932237238,0.47333333333333333,3.900414697729176,,1,42
80,False,Replace,5.826307378068981,34.140405976490584,67.23168348694561,0.7389410306313288,0.8178192764904448,0.9961172688791448,0.4633333333333333,4.0789310415710895,,1,42
81,False,Replace,5.8527948404684,30.188553802429695,61.754265973105326,0.6787389304762563,0.9124648087865914,0.9984284947115637,0.4766666666666667,4.153480405476155,,1,42
82,False,Replace,5.263151689418795,26.53134954592,52.823712891853155,0.5805835407001008,0.8464929910562891,0.9991983542636397,0.48333333333333334,4.185113980187861,,1,42
83,False,Replace,4.577067519751368,25.373504476540834,48.678362419491805,0.5350221417955272,0.8831720432038964,0.9953784388202258,0.46,3.924426318583933,,1,42
84,False,Replace,5.136237926075893,26.37449797104465,53.34271306215396,0.5862878530250238,0.8833479017752267,0.9844268978000115,0.4266666666666667,4.097091803001913,,1,42
85,False,Replace,4.816755982104377,25.980393960226234,51.84893716939307,0.5698698155688698,0.8166972689216545,0.9709505944546688,0.4,3.9177414972507685,,1,42
86,False,Replace,4.698089709780979,27.166913243387867,54.27073812787054,0.5964877433586561,0.9125009839355291,0.9782176659354249,0.41333333333333333,3.8837627808084143,,1,42
87,False,Replace,4.022929991272313,27.539658468648927,54.57385099650867,0.5998192460658963,0.8648224737609735,0.9647995485050873,0.39,3.8296755810647567,,1,42
88,False,Replace,4.4161995654911586,30.44054602814981,60.63349922018281,0.6664206231463098,0.7780649082794643,0.9858150371789199,0.43,3.818249435271805,,1,42
89,False,Replace,4.233692246141602,27.522995804431478,54.773681721722156,0.6020155784256197,0.7978789316903321,0.9709505944546688,0.4,3.848804680875393,,1,42
90,False,Replace,4.087494620031675,26.392935895557212,53.1780562046251,0.5844781153880582,0.8190648232624913,0.968967292510196,0.39666666666666667,3.8500334341363693,,1,42
91,False,Replace,4.238592924923695,28.652474759738364,58.367422345137754,0.6415142531926145,0.8351709843742745,0.9747170041802444,0.4066666666666667,4.024380477041943,,1,42
92,False,Replace,4.073999952056312,27.310576489517064,55.27761604608,0.6075543025761727,0.8827623994206559,0.9647995485050873,0.39,3.9495647210988154,,1,42
93,False,Replace,4.045637462018277,29.04137639111105,55.96996468112968,0.6151638816824158,0.833899170810054,0.9883952307188971,0.43666666666666665,4.134456145144287,,1,42
94,False,Replace,4.403399733594232,29.706611006240053,60.93163906730714,0.6696974675518064,0.8485905255579522,0.9984284947115637,0.4766666666666667,4.130225074127373,,1,42
95,False,Replace,4.856011931343091,31.225606615259164,62.688870241813156,0.6890111325948527,0.8422466496250121,0.9991983542636397,0.48333333333333334,4.559911218125659,,1,42
96,False,Replace,5.0027754973519665,32.01581119923641,65.17876654888192,0.7163774939275684,0.9649469173449746,0.9979471932237238,0.47333333333333333,4.471143741504274,,1,42
97,False,Replace,6.187632989735064,32.49045150421373,62.707118705429984,0.689211700806343,0.9234597452919397,0.9953784388202258,0.46,4.437154942762648,,1,42
98,False,Replace,5.8995495629401,32.747141886598186,65.95762149644847,0.7249378608233176,0.9739794169497574,0.9961172688791448,0.4633333333333333,4.983328789660339,,1,42
99,False,Replace,5.6684871765961695,32.44541545442128,66.42178946844952,0.7300395144161971,0.9272933149849245,0.9974015885677396,0.47,4.871513250791577,,1,42
100,False,Replace,4.75246968333537,33.13591556340267,66.43221723781538,0.7301541256566532,0.9036164199976906,0.9991983542636397,0.48333333333333334,4.881686775317083,,1,42
101,False,Replace,5.84599350834491,30.203715876470838,60.283714134988415,0.6625761477747656,0.8891550839465234,0.9988455359952018,0.48,4.264103668037711,,1,42
102,False,Replace,6.659943010652172,30.640965501767084,61.27786468325153,0.6735028209240239,1.0974429572622753,0.9988455359952018,0.48,4.462544570525421,,1,42
103,False,Replace,6.582546908573052,32.413579567042504,66.3987773370055,0.7297865889018513,1.0263072338213755,0.9988455359952018,0.48,4.260704609626485,,1,42
104,False,Replace,7.141977195216159,30.575238975470185,61.08091802281759,0.6713381872172284,1.066986632371775,0.9945750754783549,0.45666666666666667,4.327611139818028,,1,42
105,False,Replace,8.151152512656076,28.18908102486995,56.49334836107179,0.6209163730051585,1.0853620933642656,0.9988455359952018,0.48,4.452706326819476,,1,42
106,False,Replace,7.880954143859323,28.08696128406019,56.72085207098238,0.6234168581507733,0.969847890416431,0.9999679398727177,0.49666666666666665,4.440226761810076,,1,42
107,False,Replace,6.258627677836708,27.0252839598698,53.37114388698342,0.586600335204728,1.0432001590813478,0.9961172688791448,0.4633333333333333,4.346921137200454,,1,42
108,False,Replace,6.863028591789828,26.5024934809548,53.85396866323524,0.591907045066413,0.8735397662610145,0.9979471932237238,0.47333333333333333,4.419796632989425,,1,42
109,False,Replace,7.108981089111186,25.291825208884767,47.71529476097399,0.5244370995766895,1.0522528271627996,1.0,0.5,4.478109939806876,,1,42
110,False,Replace,6.187034417087913,24.92485497173997,48.574312330676015,0.5338785309876594,1.0104317052882468,0.99971144175281,0.49,4.5108480776068305,,1,42
111,False,Replace,5.732207982158378,26.217326755652895,51.30116485490683,0.5638492696353984,0.9372395815846384,0.9961172688791448,0.4633333333333333,4.552244658055193,,1,42
112,False,Replace,4.832448834331927,27.608721269412854,53.84987312685702,0.591862031172437,0.8449153489352736,0.9871377743721862,0.43333333333333335,4.645178330608601,,1,42
113,False,Replace,5.273864731454694,28.923162336529856,57.11113917847053,0.6277064898019785,0.8451750501399246,0.9829732284918195,0.42333333333333334,4.828654130693595,,1,42
114,False,Replace,4.98563953918214,30.668772846236394,61.188732718501676,0.6725231746846547,0.9334014115303862,0.9782176659354249,0.41333333333333333,4.795900435273067,,1,42
115,False,Replace,4.910332039277769,32.550415630942325,62.97391484310494,0.6921440476213722,0.8919355728206465,0.9895875212220555,0.44,4.820529189748992,,1,42
116,False,Replace,4.845006553602998,37.46761382083802,73.58248950591054,0.8087425126350453,0.9748893601154843,0.9580420222262997,0.38,4.531711213894586,,1,42
117,False,Replace,3.0099727364906084,39.82303977409048,80.4447909758272,0.8841658228615057,0.7775834199573853,0.9426831892554923,0.36,4.476984361786711,,1,42
118,False,Replace,3.3231475198157403,37.98082000537738,77.00019155319842,0.8463063537026883,0.9064059037170441,0.9531971725430558,0.37333333333333335,4.616955727422177,,1,42
119,False,Replace,3.0414803880594925,38.07809601748346,76.6408652741255,0.8423570114101868,0.8412907791547176,0.9647995485050873,0.39,4.711595587609042,,1,42
120,False,Replace,3.3096848865208153,37.3581347392123,75.85333371936704,0.8337012802348563,0.8735893050427448,0.9765004687578241,0.41,4.886510771561171,,1,42
121,False,Replace,3.9872399119670314,37.59694484606415,74.84841832216787,0.8226562910156315,0.8201616691035869,0.9782176659354249,0.41333333333333333,4.652616275704118,,1,42
122,False,Replace,4.1055940513987625,43.69558540656622,90.19790250748832,0.9913619231713744,0.9327603602628277,0.9647995485050873,0.39,4.502076625918323,,1,42
123,False,Replace,4.494379811059861,43.9945269289093,86.21539855437541,0.9475903645404202,0.9029760570830477,0.950672092687066,0.37,4.485575664224704,,1,42
124,False,Replace,4.319020747409371,42.97114093797479,87.9949983842424,0.9671498826751785,0.9696342231215987,0.9531971725430558,0.37333333333333335,4.65728871213698,,1,42
125,False,Replace,3.931294539832156,47.64349716366767,96.18231402360527,1.0571363762876658,0.9309040562600415,0.9603622703154779,0.38333333333333336,4.759701429403206,,1,42
126,False,Replace,4.23727412138322,47.01958028972506,93.86560595349887,1.0316735206783945,0.875420966795367,0.9669170093596808,0.3933333333333333,4.745323519757629,,1,42
127,False,Replace,4.800835853612005,50.821047351595,96.73521415058401,1.0632132818249962,0.9081590127867454,0.9765004687578241,0.41,4.599597269577057,,1,42
128,False,Replace,4.4012577289172965,56.96029745143173,112.32404118859985,1.234549522721621,0.8973798086192571,0.9829732284918195,0.42333333333333334,4.977923074084962,,1,42
129,False,Replace,3.715159514874466,56.81774115970781,112.63957155930734,1.238017505750357,0.9642876975869297,0.9556537346562001,0.37666666666666665,4.8933766314642,,1,42
130,False,Replace,4.148428472024753,61.152096200854196,121.01544226656799,1.3300764013759547,1.0257862230373285,0.9398814380370069,0.3566666666666667,4.800444431717076,,1,42
131,False,Replace,5.799630019782565,53.01824218457762,107.50702920432845,1.1816059161419625,1.1004888639048642,0.9556537346562001,0.37666666666666665,4.727099667621751,,1,42
132,False,Replace,4.87281993188557,44.22792734507042,85.42055146391742,0.9388542285736422,0.9140000875064687,0.9556537346562001,0.37666666666666665,4.8242732201623975,,1,42
133,False,Replace,4.93343931176169,44.60739760185311,89.02242208840883,0.9784422598919296,1.054872071228604,0.950672092687066,0.37,4.924510935775082,,1,42
134,False,Replace,4.546748134211635,48.59398391407978,94.02196339963926,1.033392039781375,0.9127291734540803,0.9370098252692082,0.35333333333333333,4.98353895060312,,1,42
135,False,Replace,4.771166749221446,51.891662386344194,101.94748169644154,1.1205011281572994,0.9344606184980259,0.9647995485050873,0.39,4.9413549737841596,,1,42
136,False,Replace,6.2555473293819865,50.6451509067791,100.24980394499808,1.1018420126589483,0.9996651183902071,0.9765004687578241,0.41,4.933768513686439,,1,42
137,False,Replace,6.458542616522684,45.94747357440596,95.77636674033549,1.0526746242040725,0.9592926278725051,0.9782176659354249,0.41333333333333333,4.882922701910051,,1,42
138,False,Replace,6.1276781540659995,45.978307821838236,91.09569649363917,1.0012295447898294,1.0525673396156956,0.9709505944546688,0.4,4.764067783714679,,1,42
139,False,Replace,5.790185248840929,49.83754579564833,104.19634509401928,1.1452183053952878,1.015548659513695,0.9669170093596808,0.3933333333333333,4.916775485653554,,1,42
140,False,Replace,6.671592855412926,48.67041882714181,95.05119381049776,1.0447042744468145,1.1048285312016621,0.9814538950336537,0.42,5.018764513113339,,1,42
141,False,Replace,5.674914257275699,49.22445308086452,103.67151872304322,1.1394499575069466,0.9320573152249562,0.950672092687066,0.37,4.971450298947466,,1,42
142,False,Replace,4.559701990568491,47.912736974052,94.25117542202223,1.0359113009283258,0.924242793382288,0.9454153653108376,0.36333333333333334,4.867834042199922,,1,42
143,False,Replace,4.540851818293358,48.27581776395938,94.51731856761484,1.038836470730713,0.9251346666104172,0.9626147059982517,0.38666666666666666,5.0633953549169055,,1,42
144,False,Replace,4.233790408419621,46.38117765569973,94.11240881511144,1.0343861221106962,0.8538249653534906,0.9647995485050873,0.39,4.931964590380396,,1,42
145,False,Replace,4.291584470592382,44.22785682660312,92.59569086835342,1.0177159293589109,0.9091916213546144,0.9603622703154779,0.38333333333333336,4.739813472241953,,1,42
146,False,Replace,5.24420369965876,35.440019666768585,71.59943490600156,0.7869468303933612,0.9244459123035524,0.9895875212220555,0.44,4.787574278988214,,1,42
147,False,Replace,5.222429308733117,37.75620793505879,74.22791151597892,0.8158363228830762,1.020296004841995,0.9829732284918195,0.42333333333333334,4.775531609355253,,1,42
148,False,Replace,4.962779311031756,30.938181147236335,61.34094537359828,0.6741961385373902,0.9563996936127213,0.9747170041802444,0.4066666666666667,4.766539759129267,,1,42
149,False,Replace,5.642379337551002,28.918436789010393,56.44873202829835,0.6204259964860431,0.8764368922844519,0.9883952307188971,0.43666666666666665,4.707023258192312,,1,42
150,False,Replace,5.95340885018293,28.889914551440725,59.10611609040657,0.6496332097490993,1.0302242816958063,0.9798687566511527,0.4166666666666667,4.645402115412477,,1,42
151,False,Replace,6.200886887905588,28.35764144441671,55.863922000861166,0.6139983703730978,0.9820600551672106,0.9728671043607882,0.4033333333333333,4.462094597555854,,1,42
152,False,Replace,6.109987056060264,30.782521846742164,61.914057705370034,0.6804951956953026,1.075681430355412,0.9603622703154779,0.38333333333333336,4.435953653105996,,1,42
153,False,Replace,5.745407237963216,31.86541625598586,62.693793603281144,0.6890652450848074,0.9214347960739271,0.950672092687066,0.37,4.668465657322847,,1,42
154,False,Replace,6.158610197510972,28.800531861578506,58.77246260926261,0.6459660362611988,1.0429649246727881,0.9580420222262997,0.38,4.679082436465959,,1,42
155,False,Replace,5.474337707781636,25.010787982761496,49.63694916841032,0.5455579344970876,0.9273744443422269,0.9149263727797277,0.33,4.855744768006629,,1,42
156,False,Replace,5.324150406212694,22.99317834236503,45.68409217656867,0.5021122245580099,0.9457919398655437,0.9426831892554923,0.36,4.7453547972867245,,1,42
157,False,Replace,5.764681297509184,21.436387081863497,42.31031075860764,0.46503111355776217,0.946945860854082,0.9556537346562001,0.37666666666666665,4.790892872763861,,1,42
158,False,Replace,5.916700678942534,23.256722527064095,45.24866767351451,0.49732648940515667,0.9765037311061716,0.9647995485050873,0.39,4.748510245693225,,1,42
159,False,Replace,6.636261020675814,22.91630044023258,45.49470663691765,0.5000306948595371,0.9855083310976198,0.9883952307188971,0.43666666666666665,4.844697398197969,,1,42
160,False,Replace,5.851735242561685,25.22663629309777,51.526019527707085,0.5663206393087987,0.9552032444632682,0.9626147059982517,0.38666666666666666,4.7998235687656035,,1,42
161,False,Replace,6.117506391863209,22.371840204367242,43.459905129905835,0.4776662642110997,0.9011786004789445,0.9647995485050873,0.39,4.750503264572708,,1,42
162,False,Replace,5.816982326772618,24.601382804604114,48.21541334766436,0.5299338850908976,1.0918191513514353,0.9709505944546688,0.4,4.607556437621423,,1,42
163,False,Replace,6.129462545859055,20.96535250993057,43.76505027644188,0.481020103612091,0.965706247491088,0.9871377743721862,0.43333333333333335,4.422697891965552,,1,42
164,False,Replace,6.502112091334041,23.75089584165632,46.279834601775256,0.5086600082641615,1.012508602721677,0.9858150371789199,0.43,4.728595269056979,,1,42
165,False,Replace,7.795091471898934,23.172796245359862,46.0436270375534,0.5060638593668502,1.0151534625684095,0.9998717566408489,0.49333333333333335,4.867351429362581,,1,42
166,False,Replace,8.93945282935813,21.398752804557947,43.38972448299947,0.47689491122890887,1.154796741431355,0.9927744539878083,0.45,4.9566073915408415,,1,42
167,False,Replace,8.604807559376734,21.586544393353023,44.01369576520392,0.483752957293545,1.1271906487763301,0.9953784388202258,0.46,4.752492499177573,,1,42
168,False,Replace,8.242423645716059,20.673073685480286,40.61829829658276,0.4464342650529573,1.1060868237238415,0.9999679398727177,0.49666666666666665,4.785708265980432,,1,42
169,False,Replace,7.334554545596074,21.104268219595028,42.13928240784595,0.4631513470663644,1.0090613924993324,0.9917770334127775,0.44666666666666666,5.067465183226636,,1,42
170,False,Replace,8.192886227101683,22.400396725013003,43.21841803952164,0.47501208823040586,1.0789212199422555,0.9953784388202258,0.46,5.210380453798689,,1,42
171,False,Replace,9.769560051909497,19.80573339444848,39.490188762059624,0.434035253472838,1.168478705009893,0.9979471932237238,0.47333333333333333,5.381418388423216,,1,42
172,False,Replace,9.946524850371095,18.66367169626326,37.71369622713394,0.414509887505738,1.2923343528181002,0.9988455359952018,0.48,5.517380475679921,,1,42
173,False,Replace,9.880340931706895,16.63832006178774,33.1955340777408,0.36485092878160774,1.2332314038192624,0.9991983542636397,0.48333333333333334,5.1460094742583244,,1,42
174,False,Replace,10.799084038731367,15.355002703383986,31.190173001063453,0.3428100768509009,1.2069549477418424,0.9895875212220555,0.44,5.0143542261778045,,1,42
175,False,Replace,10.835585965045473,15.884541985353087,30.871241071253706,0.33930470740762925,1.3023477917027853,0.9907147546131311,0.44333333333333336,4.963730594737927,,1,42
176,False,Replace,10.055933905426508,14.566633589271003,28.70827060582303,0.3155315763174222,1.1166721621661626,0.9945750754783549,0.45666666666666667,4.987064624757532,,1,42
177,False,Replace,9.216243737045742,15.517766903277439,31.03885824687099,0.3411469817949157,1.2005463278923378,0.9999679398727177,0.49666666666666665,5.032288516016609,,1,42
178,False,Replace,9.406691150906275,15.540585429151161,31.011138783165414,0.3408423181599031,1.139724600108464,1.0,0.5,5.116051321285366,,1,42
179,False,Replace,8.966341669774183,16.1733022665179,32.480085085497755,0.35698745447496066,1.1289103571267156,0.9998717566408489,0.49333333333333335,5.182742147836032,,1,42
180,False,Replace,8.53517121871603,14.942480914725335,29.98265703444482,0.32953831201326733,1.2251042108000985,0.9999679398727177,0.49666666666666665,5.064691592456659,,1,42
181,False,Replace,8.090947308531698,14.546119063435505,28.400171581924877,0.31214527095590294,1.1547933964417751,0.99971144175281,0.49,4.997270926674922,,1,42
182,False,Replace,8.05166460960331,15.66415511046096,31.04395735322201,0.3412030258905994,1.1466573018697706,0.9895875212220555,0.44,5.334411125227864,,1,42
183,False,Replace,8.233166248883832,15.126873123285044,31.177230673742535,0.34266782819382036,1.2286501308337616,0.9782176659354249,0.41333333333333333,5.163363489903092,,1,42
184,False,Replace,8.484776650919573,15.7936106911622,31.04852477413626,0.3412532262506478,1.1410724449803817,0.9747170041802444,0.4066666666666667,5.288606360237286,,1,42
185,False,Replace,7.702162134169265,16.312290101388008,32.766977486993476,0.36014067860748905,1.1158446568511953,0.9603622703154779,0.38333333333333336,5.2919064808485885,,1,42
186,False,Replace,7.750048849159582,16.145356469881115,32.36396262375162,0.35571115664763053,1.0296051238394694,0.9669170093596808,0.3933333333333333,5.381899423557311,,1,42
187,False,Replace,7.789175737597955,15.669809994669572,30.796984689813332,0.3384885581728245,1.1462125515770771,0.9782176659354249,0.41333333333333333,5.454973714658164,,1,42
188,False,Replace,10.10264770986119,14.50546574032315,29.59592540655049,0.3252877585112201,1.2761159541060505,0.99948698095089,0.4866666666666667,5.178895645444565,,1,42
189,False,Replace,10.391402731598726,15.099426551729634,30.38562315362458,0.3339672982288812,1.1605979916756153,0.9998717566408489,0.49333333333333335,5.277414282849662,,1,42
190,False,Replace,9.506108809827772,16.003589779034126,32.88475814057041,0.3614352015619748,1.2000991498535474,0.9961172688791448,0.4633333333333333,5.236832107458995,,1,42
191,False,Replace,9.046498695581521,16.00885760701157,31.895471565818905,0.3505619881717648,1.2083814850608505,0.9871377743721862,0.43333333333333335,5.233409058092682,,1,42
192,False,Replace,7.589916525319409,16.768619053149454,32.618840358111676,0.3585125087177385,1.1280859493354047,0.9765004687578241,0.41,5.172403625837457,,1,42
193,False,Replace,7.447598370787167,17.841731491781196,35.293408901791466,0.38790859600364774,1.049192095616554,0.9782176659354249,0.41333333333333333,5.435627533606582,,1,42
194,False,Replace,6.748275970956787,18.22371812895432,35.7093091862307,0.3924797411674166,1.0227257990531065,0.9626147059982517,0.38666666666666666,5.477937465512599,,1,42
195,False,Replace,7.691837642692869,19.048032635214255,38.31087970310572,0.4210735097493528,1.2135404000478758,0.9895875212220555,0.44,5.679342731083001,,1,42
196,False,Replace,7.475407417263899,20.252263673481988,41.15871402680462,0.4523739550316719,1.0375654110308288,0.9917770334127775,0.44666666666666666,5.862834391032191,,1,42
197,False,Replace,6.888273046356579,21.55182421081806,42.33263705167499,0.46527650104701895,0.999750206041164,0.9883952307188971,0.43666666666666665,6.238668426800944,,1,42
198,False,Replace,8.684809154859746,19.148041484849387,37.472577878057514,0.4118597643475807,1.2275216258329884,0.9967916319816367,0.4666666666666667,6.103370893934598,,1,42
199,False,Replace,8.92593494262701,18.340472003391188,36.63197790817109,0.40262076011801756,1.182815126498935,0.9991983542636397,0.48333333333333334,5.870375912707866,,1,42
200,False,Replace,8.880319030972824,18.31920913464002,35.855064121796296,0.39408172845555817,1.2374124587671584,0.9967916319816367,0.4666666666666667,5.9427774680041265,,1,42
0,True,Replace + Select,0.29159999999986647,45.01193038501346,91.33701832580807,1.0038819044233847,0.060891652009645254,0.7219280948873623,0.2,1.799999999999587,,1,42
1,True,Replace + Select,3.773229805278799,29.771637133756524,59.61706407860911,0.655249020828331,0.5513078687100788,0.8810721927956643,0.2998211731591963,2.3524837861253287,,1,42
2,True,Replace + Select,5.567440160927728,17.588921339193057,35.04017407882252,0.3851253011139288,0.8491141822224276,0.9193618344109895,0.33440304613161576,2.01944797110007,,1,42
3,True,Replace + Select,7.303868458690034,9.270279868323172,18.569882898922145,0.2041009193336209,1.113616697794967,0.1597678811610472,0.02333333333313023,1.3584683359051544,,1,42
4,True,Replace + Select,8.873813824957281,4.471684162163825,9.029108172954203,0.09923860526711387,1.3355369057363897,3.9863137138648344e-11,7.401486830834377e-18,4.905772999135099,,1,42
5,True,Replace + Select,9.706808053220938,2.533786945912424,5.027189757331921,0.05525366297250926,1.501496366517755,3.9863137138648344e-11,7.401486830834377e-18,5.058128382596511,,1,42
6,True,Replace + Select,9.967122312332178,1.4006998266956106,2.8237678063832887,0.031035931050537934,1.623648001166372,3.9863137138648344e-11,7.401486830834377e-18,5.109824885865703,,1,42
7,True,Replace + Select,9.955211505844439,0.7666948602116503,1.5653252204843815,0.017204433560295038,1.6367330497452885,3.9863137138648344e-11,7.401486830834377e-18,5.112171337230802,,1,42
8,True,Replace + Select,10.077165815938288,0.42307664155311653,0.8546612105264202,0.009393550822948515,1.6668674792927858,3.9863137138648344e-11,7.401486830834377e-18,5.142161562257431,,1,42
9,True,Replace + Select,9.920327166740568,0.23465067015871183,0.47482680092437296,0.00521880440067459,1.8005683986395602,3.9863137138648344e-11,7.401486830834377e-18,5.124356462164945,,1,42
10,True,Replace + Select,10.103986191998443,0.13507453502960928,0.2729871219689357,0.0030003917021648565,1.6586061890016166,3.9863137138648344e-11,7.401486830834377e-18,5.152757616398418,,1,42
11,True,Replace + Select,10.065742550224432,0.07893788657262542,0.1549034644923834,0.001702538442646477,1.808666579062298,3.9863137138648344e-11,7.401486830834377e-18,5.147649439107977,,1,42
12,True,Replace + Select,10.009729418782142,0.05295468437773763,0.1060394060262062,0.0011654753222378154,1.744835500868275,3.9863137138648344e-11,7.401486830834377e-18,5.138145710499406,,1,42
13,True,Replace + Select,9.99099632802503,0.035306942719548505,0.07017709945346151,0.0007713139922626977,1.9399316410714418,3.9863137138648344e-11,7.401486830834377e-18,5.133711280763551,,1,42
14,True,Replace + Select,10.033685767531471,0.027382823564927026,0.05409497805645943,0.000594555970694692,1.8091993645445783,3.9863137138648344e-11,7.401486830834377e-18,5.138292759553538,,1,42
15,True,Replace + Select,10.041522735143117,0.022727171928372987,0.045149388843882796,0.0004962353193364766,1.8349184527098212,3.9863137138648344e-11,7.401486830834377e-18,5.139066612878163,,1,42
16,True,Replace + Select,10.014026239298067,0.018692393767727848,0.036852580331569636,0.00040504539347020106,1.8587035999946717,3.9863137138648344e-11,7.401486830834377e-18,5.135713476528968,,1,42
17,True,Replace + Select,10.03956587676817,0.014971965823538717,0.029424583306642854,0.0003234045436141713,1.867880958456956,3.9863137138648344e-11,7.401486830834377e-18,5.139888799230667,,1,42
18,True,Replace + Select,10.041153801131882,0.01253615123250569,0.025256309483021835,0.00027759119497508555,1.7486991887424201,3.9863137138648344e-11,7.401486830834377e-18,5.13989581321706,,1,42
19,True,Replace + Select,10.073708447140332,0.011361379187884192,0.02243426249680601,0.0002465741773975134,1.7995313357812894,3.9863137138648344e-11,7.401486830834377e-18,5.1436035857815146,,1,42
20,True,Replace + Select,10.095807815081503,0.010271315585434176,0.020739607963944477,0.00022794828998655927,1.7861340536540078,3.9863137138648344e-11,7.401486830834377e-18,5.146007051372517,,1,42
21,True,Replace + Select,10.088236731715984,0.009125559736681438,0.018197361324193802,0.0002000065480181143,1.933231175404493,3.9863137138648344e-11,7.401486830834377e-18,5.14370202655949,,1,42
22,True,Replace + Select,10.095136058930983,0.008295705820935766,0.016429603388402464,0.00018057718371796257,1.794391822422169,3.9863137138648344e-11,7.401486830834377e-18,5.14444627138582,,1,42
23,True,Replace + Select,10.10111692405006,0.0072217249457203585,0.0142716346274882,0.0001568590261833558,1.830924237090923,3.9863137138648344e-11,7.401486830834377e-18,5.144309937327479,,1,42
24,True,Replace + Select,10.08658841971366,0.007167138259151669,0.014344690254706515,0.00015766197797141568,1.734875924445932,3.9863137138648344e-11,7.401486830834377e-18,5.141060995405928,,1,42
25,True,Replace + Select,10.069124092749385,0.006841921027897688,0.01360792657321263,0.0001495642346769088,1.7752524107464294,3.9863137138648344e-11,7.401486830834377e-18,5.138123689667761,,1,42
26,True,Replace + Select,10.086555865794603,0.0062976721907014605,0.01271517043436093,0.00013975198385808745,1.8483309194979856,3.9863137138648344e-11,7.401486830834377e-18,5.139619028487457,,1,42
27,True,Replace + Select,10.100716818055497,0.0058798173605777325,0.011722592750649092,0.00012884259800690465,1.8030432487686556,3.9863137138648344e-11,7.401486830834377e-18,5.140071705264812,,1,42
28,True,Replace + Select,10.118946840798774,0.004985138050620575,0.01002422807071197,0.00011017593250202755,1.8147357924056728,3.9863137138648344e-11,7.401486830834377e-18,5.141534634370746,,1,42
29,True,Replace + Select,10.140785919267682,0.004713095590365712,0.009436190622029583,0.00010371283391751044,1.8561788084898456,3.9863137138648344e-11,7.401486830834377e-18,5.14367853872997,,1,42
30,True,Replace + Select,10.156025889841306,0.004402857085877296,0.008773059767949213,9.642438639778222e-05,1.9328340712723961,3.9863137138648344e-11,7.401486830834377e-18,5.144827668825404,,1,42
31,True,Replace + Select,10.173699274626165,0.004256621142137471,0.008411768481884225,9.245344678365195e-05,1.8468312013424026,3.9863137138648344e-11,7.401486830834377e-18,5.147318579667234,,1,42
32,True,Replace + Select,10.176871104293525,0.0037111199283288957,0.007382884447541985,8.114501913012459e-05,1.791377947106319,3.9863137138648344e-11,7.401486830834377e-18,5.147455263984459,,1,42
33,True,Replace + Select,10.181627378518856,0.003747035998485482,0.007476692948839158,8.217606501556598e-05,1.7708604261353178,3.9863137138648344e-11,7.401486830834377e-18,5.147221517930066,,1,42
34,True,Replace + Select,10.198364604593538,0.003745668938315334,0.0074954595378899334,8.238232792518519e-05,1.778623319161062,3.9863137138648344e-11,7.401486830834377e-18,5.1488805954768315,,1,42
35,True,Replace + Select,10.197020443557609,0.003350721196859601,0.0066836431233817896,7.345968272418322e-05,1.8259169339231431,3.9863137138648344e-11,7.401486830834377e-18,5.147984382806641,,1,42
36,True,Replace + Select,10.20159642500109,0.0031616875668963418,0.00631330795463738,6.938934211871324e-05,1.9046214149018954,3.9863137138648344e-11,7.401486830834377e-18,5.148443954684914,,1,42
37,True,Replace + Select,10.20328063386968,0.0030533752600892085,0.006078901847067859,6.68129929670914e-05,1.771533295638662,3.9863137138648344e-11,7.401486830834377e-18,5.148324865168293,,1,42
38,True,Replace + Select,10.210295852231736,0.0028043697950720717,0.005635526690884565,6.193987246981833e-05,1.846172630771638,3.9863137138648344e-11,7.401486830834377e-18,5.149378914189057,,1,42
39,True,Replace + Select,10.222777220111766,0.0027465097972086097,0.005597104322598193,6.151757359303443e-05,1.798029262716959,3.9863137138648344e-11,7.401486830834377e-18,5.15064600303649,,1,42
40,True,Replace + Select,10.224490050000915,0.002829415319248279,0.005748443499692778,6.318093708026414e-05,1.8375720304539638,3.9863137138648344e-11,7.401486830834377e-18,5.150530980389199,,1,42
41,True,Replace + Select,10.226176766730253,0.0026316038364487485,0.005243539075195419,5.7631550593744863e-05,1.7846887234274826,3.9863137138648344e-11,7.401486830834377e-18,5.149994207116061,,1,42
42,True,Replace + Select,10.218163716154166,0.002640031285783241,0.005239500986519272,5.758716810540941e-05,1.943137405913352,3.9863137138648344e-11,7.401486830834377e-18,5.148720610133662,,1,42
43,True,Replace + Select,10.238654829441918,0.00255964675039939,0.005054697311778342,5.555599752042718e-05,1.9398234331079878,3.9863137138648344e-11,7.401486830834377e-18,5.151779014172825,,1,42
44,True,Replace + Select,10.241482994656655,0.0023827084504766246,0.004750764357889045,5.221548128549771e-05,1.872037869084013,3.9863137138648344e-11,7.401486830834377e-18,5.151675087204778,,1,42
45,True,Replace + Select,10.24547539671226,0.0023193924357534134,0.00468003585488925,5.143810683656206e-05,1.8180670510312025,3.9863137138648344e-11,7.401486830834377e-18,5.150808000762791,,1,42
46,True,Replace + Select,10.249555429980266,0.002380657892691823,0.004824380346306436,5.302459198347173e-05,1.751605122515308,3.9863137138648344e-11,7.401486830834377e-18,5.151069990581043,,1,42
47,True,Replace + Select,10.257239129985457,0.0020888378392651423,0.004104731050704074,4.511495229270339e-05,1.8327455186553274,3.9863137138648344e-11,7.401486830834377e-18,5.152238763670319,,1,42
48,True,Replace + Select,10.266786481038515,0.0021242530486161276,0.004256261672059161,4.678041993695887e-05,1.924023955899703,3.9863137138648344e-11,7.401486830834377e-18,5.152108680480635,,1,42
49,True,Replace + Select,10.271089887396345,0.0019895526696954878,0.003980080493873455,4.374492247705744e-05,1.882149197302474,3.9863137138648344e-11,7.401486830834377e-18,5.151916950453857,,1,42
50,True,Replace + Select,10.264611705815694,0.0019273825993891248,0.0038779181156983933,4.262205942938311e-05,1.8225863602978294,3.9863137138648344e-11,7.401486830834377e-18,5.149975682763052,,1,42
51,True,Replace + Select,10.271645303592399,0.0017766006194435968,0.0035436508520125354,3.894813987949853e-05,1.7600213665945428,3.9863137138648344e-11,7.401486830834377e-18,5.150878971903294,,1,42
52,True,Replace + Select,10.287389748404356,0.0017079866842020027,0.0034222503852153812,3.761383168726604e-05,1.8341255270851697,3.9863137138648344e-11,7.401486830834377e-18,5.152590326260883,,1,42
53,True,Replace + Select,10.316790680360779,0.0016807557047068418,0.0033718381745745703,3.7059752881630336e-05,1.7286147553989721,3.9863137138648344e-11,7.401486830834377e-18,5.156497771544509,,1,42
54,True,Replace + Select,10.314913330854854,0.0016532052737576147,0.003250908199020133,3.5730615841833196e-05,1.8527863408645904,3.9863137138648344e-11,7.401486830834377e-18,5.155424404196737,,1,42
55,True,Replace + Select,10.316173241173061,0.0016189600161249885,0.0032814617667066186,3.606642901242113e-05,1.844547765506721,3.9863137138648344e-11,7.401486830834377e-18,5.155102206276418,,1,42
56,True,Replace + Select,10.322781647556338,0.0015132258362585316,0.0030264510803085522,3.326361567121454e-05,1.7447588294052636,3.9863137138648344e-11,7.401486830834377e-18,5.155474604667529,,1,42
57,True,Replace + Select,10.326567682969824,0.0014676870694382597,0.0028837423266892246,3.1695108859986855e-05,1.8762467453705458,3.9863137138648344e-11,7.401486830834377e-18,5.155280028614942,,1,42
58,True,Replace + Select,10.334587730048241,0.001490864032054308,0.002991068704453602,3.287472924260803e-05,1.838884497109851,3.9863137138648344e-11,7.401486830834377e-18,5.155930102962563,,1,42
59,True,Replace + Select,10.337514985462583,0.001566834684994601,0.003130817541068018,3.441070371180954e-05,1.847490237555874,3.9863137138648344e-11,7.401486830834377e-18,5.155189727707214,,1,42
60,True,Replace + Select,10.347891970647026,0.0014713673881614898,0.0029029957316361816,3.190672234572426e-05,1.7742120904635303,3.9863137138648344e-11,7.401486830834377e-18,5.156051342646317,,1,42
61,True,Replace + Select,10.34895870664603,0.001397427358207342,0.002797860829877716,3.075118839757006e-05,1.859238174833692,3.9863137138648344e-11,7.401486830834377e-18,5.155357926792256,,1,42
62,True,Replace + Select,10.356731246930039,0.0014262497827283512,0.0028541090979325085,3.1369411101687025e-05,1.8389494611574229,3.9863137138648344e-11,7.401486830834377e-18,5.155723194069555,,1,42
63,True,Replace + Select,10.368428367861606,0.0012728466112400785,0.0025757765307047823,2.8310267801706224e-05,1.7998584675330807,3.9863137138648344e-11,7.401486830834377e-18,5.157097755375342,,1,42
64,True,Replace + Select,10.37715922962803,0.0012180420189848663,0.0024259807159421,2.6663867354713272e-05,1.7864558092535932,3.9863137138648344e-11,7.401486830834377e-18,5.157598289748337,,1,42
65,True,Replace + Select,10.385934360506496,0.001186934422892449,0.0023690316605752206,2.6037942322292304e-05,1.7833135513364815,3.9863137138648344e-11,7.401486830834377e-18,5.158373319221922,,1,42
66,True,Replace + Select,10.377017421450583,0.0011346483892549339,0.0022864030708867646,2.512977444581995e-05,1.9083680579515887,3.9863137138648344e-11,7.401486830834377e-18,5.156166576648504,,1,42
67,True,Replace + Select,10.393041646032497,0.0011160564771328567,0.002236371947649354,2.457988415821658e-05,1.850000274801728,3.9863137138648344e-11,7.401486830834377e-18,5.15775081965525,,1,42
68,True,Replace + Select,10.398801680100698,0.0010873471803241352,0.0021373394101228175,2.3491421077263033e-05,1.8075789905792026,3.9863137138648344e-11,7.401486830834377e-18,5.158094503160767,,1,42
69,True,Replace + Select,10.402728289894348,0.0010610639637297157,0.0021380058460333346,2.3498745850539947e-05,1.8348910196678827,3.9863137138648344e-11,7.401486830834377e-18,5.1578835958228675,,1,42
70,True,Replace + Select,10.423483777169057,0.0010252544328321364,0.00204350676847057,2.2460109866041685e-05,1.8289033976694946,3.9863137138648344e-11,7.401486830834377e-18,5.160400746795932,,1,42
71,True,Replace + Select,10.43029147596901,0.0010272841082131755,0.002086533046526319,2.2933010150576714e-05,1.8411974761427825,3.9863137138648344e-11,7.401486830834377e-18,5.160573065756506,,1,42
72,True,Replace + Select,10.434604158607554,0.0010288586519475334,0.002040371967126807,2.2425655376496822e-05,1.8234840749339074,3.9863137138648344e-11,7.401486830834377e-18,5.160441638583951,,1,42
73,True,Replace + Select,10.443621101286576,0.0010617803611922447,0.0021567254247617344,2.3704492071385868e-05,1.8114049216097097,3.9863137138648344e-11,7.401486830834377e-18,5.16128590756199,,1,42
74,True,Replace + Select,10.444098601678327,0.000993031396606472,0.0019578825072188305,2.1519016670469813e-05,1.803571660322091,3.9863137138648344e-11,7.401486830834377e-18,5.160200053055595,,1,42
75,True,Replace + Select,10.456751810963604,0.0008858018627368007,0.0017693006639114858,1.9446320369789748e-05,1.815867604494993,3.9863137138648344e-11,7.401486830834377e-18,5.160960551260538,,1,42
76,True,Replace + Select,10.459221319475843,0.0008880072339886632,0.001780338111526399,1.9567632562093947e-05,1.8981771330843011,3.9863137138648344e-11,7.401486830834377e-18,5.16053608302477,,1,42
77,True,Replace + Select,10.465416510611457,0.0008659740688973843,0.0017313941491540442,1.9029691220707913e-05,1.8615863250726723,3.9863137138648344e-11,7.401486830834377e-18,5.1605315912602725,,1,42
78,True,Replace + Select,10.472476869435784,0.000842874866216128,0.0016863429571835123,1.8534535179697297e-05,1.9037857378593888,3.9863137138648344e-11,7.401486830834377e-18,5.161164982673538,,1,42
79,True,Replace + Select,10.483310705188728,0.0008391626138771977,0.0016644818371646698,1.8294260390793415e-05,1.856200366413437,3.9863137138648344e-11,7.401486830834377e-18,5.162183025857918,,1,42
80,True,Replace + Select,10.492450919853978,0.000813346347286522,0.0016444714304604563,1.8074326725794013e-05,1.8603514263714218,3.9863137138648344e-11,7.401486830834377e-18,5.16249255292773,,1,42
81,True,Replace + Select,10.502944817121985,0.0008134640835899796,0.0016096327779802856,1.7691416341369343e-05,1.8765939358693506,3.9863137138648344e-11,7.401486830834377e-18,5.163128332039076,,1,42
82,True,Replace + Select,10.51074103265617,0.0008364164063174426,0.0016617348745771,1.8264068623158164e-05,1.8112605996726243,3.9863137138648344e-11,7.401486830834377e-18,5.163230182840688,,1,42
83,True,Replace + Select,10.513339053104964,0.0008694404066429205,0.0017213127936567848,1.8918887402702195e-05,1.8226455217880355,3.9863137138648344e-11,7.401486830834377e-18,5.162932600226372,,1,42
84,True,Replace + Select,10.532379137638236,0.0008338740708641768,0.001680593726938578,1.84713455955282e-05,1.854477513856882,3.9863137138648344e-11,7.401486830834377e-18,5.165362203258661,,1,42
85,True,Replace + Select,10.545120068711448,0.0007818763035677141,0.0015842019957792999,1.7411907522986027e-05,1.872056251160193,3.9863137138648344e-11,7.401486830834377e-18,5.166300148520243,,1,42
86,True,Replace + Select,10.555341819079873,0.0007191129261278933,0.001429881674067484,1.5715778381801733e-05,1.8582697209979184,3.9863137138648344e-11,7.401486830834377e-18,5.16683992191169,,1,42
87,True,Replace + Select,10.562306967773932,0.0007752093548016394,0.0015429497302555516,1.695850534679458e-05,1.8024385637947615,3.9863137138648344e-11,7.401486830834377e-18,5.166987793408177,,1,42
88,True,Replace + Select,10.56961013713107,0.0007405527046685113,0.0014819397891013384,1.6287947263803772e-05,1.7712618464445582,3.9863137138648344e-11,7.401486830834377e-18,5.167348403967121,,1,42
89,True,Replace + Select,10.586296519855638,0.0007404581606011382,0.0014906052822050535,1.638318938883893e-05,1.8437136532233036,3.9863137138648344e-11,7.401486830834377e-18,5.16912946442548,,1,42
90,True,Replace + Select,10.596125538991796,0.0007352844430159467,0.001476521759763524,1.622839789696912e-05,1.889307379983549,3.9863137138648344e-11,7.401486830834377e-18,5.169564145708029,,1,42
91,True,Replace + Select,10.604988673266584,0.0007254744153077845,0.0014758251000818502,1.622074093530349e-05,1.930895132973301,3.9863137138648344e-11,7.401486830834377e-18,5.170179603563575,,1,42
92,True,Replace + Select,10.619966556972829,0.0007319842573502212,0.001478925160953394,1.625481359355967e-05,1.9066870381441534,3.9863137138648344e-11,7.401486830834377e-18,5.172036157355594,,1,42
93,True,Replace + Select,10.626464402195772,0.0007195889178850535,0.001414685837254347,1.5548761482422956e-05,1.816958529567442,3.9863137138648344e-11,7.401486830834377e-18,5.172370503019303,,1,42
94,True,Replace + Select,10.638846308678536,0.000697661094068261,0.0014025928642401617,1.5415848048175335e-05,1.8657897391878424,3.9863137138648344e-11,7.401486830834377e-18,5.1734539121552325,,1,42
95,True,Replace + Select,10.648602397031953,0.0007073363629951123,0.0014082285239295056,1.5477789382426468e-05,1.8552983173928503,3.9863137138648344e-11,7.401486830834377e-18,5.173934111379216,,1,42
96,True,Replace + Select,10.661982755385155,0.0007104984524412959,0.0014056798111977626,1.5449776571872007e-05,1.9325938016589432,3.9863137138648344e-11,7.401486830834377e-18,5.175202523909753,,1,42
97,True,Replace + Select,10.672514948168509,0.0006799856082300316,0.0013540382202881559,1.4882185691634777e-05,1.8611884935620835,3.9863137138648344e-11,7.401486830834377e-18,5.175832693382557,,1,42
98,True,Replace + Select,10.68257688419432,0.00063521236247614,0.001249559308667424,1.3733861707642115e-05,1.8280957101343662,3.9863137138648344e-11,7.401486830834377e-18,5.176402392114095,,1,42
99,True,Replace + Select,10.69074244351188,0.0006365184146034879,0.001285561100427972,1.4129556114331773e-05,1.8057152189538554,3.9863137138648344e-11,7.401486830834377e-18,5.1770489978913865,,1,42
100,True,Replace + Select,10.703685078971185,0.000643467504244583,0.0012660272343144525,1.3914860089935162e-05,1.8787418365618942,3.9863137138648344e-11,7.401486830834377e-18,5.178413375061104,,1,42
101,True,Replace + Select,10.711689916994786,0.0006501404979209789,0.0013185071650814487,1.4491665133586267e-05,1.8396549244333924,3.9863137138648344e-11,7.401486830834377e-18,5.178810796383341,,1,42
102,True,Replace + Select,10.715213920098273,0.0006677204770476839,0.0013542177931869343,1.4884159370948081e-05,1.9113678198926944,3.9863137138648344e-11,7.401486830834377e-18,5.178280022887979,,1,42
103,True,Replace + Select,10.72587984252449,0.000641424418832737,0.001290088221412049,1.4179313539287763e-05,1.8051283991788383,3.9863137138648344e-11,7.401486830834377e-18,5.178917009793222,,1,42
104,True,Replace + Select,10.733216998952663,0.000624954082275453,0.001243847956510274,1.3671088440182251e-05,1.8398226230061505,3.9863137138648344e-11,7.401486830834377e-18,5.179563757071989,,1,42
105,True,Replace + Select,10.747317490882502,0.0005825189240706186,0.001156225312908113,1.2708031095610556e-05,1.9010618665573764,3.9863137138648344e-11,7.401486830834377e-18,5.1808125269714855,,1,42
106,True,Replace + Select,10.759310093666508,0.0005782021743841962,0.001162806624869174,1.2780366060186552e-05,1.7911807251974243,3.9863137138648344e-11,7.401486830834377e-18,5.181858247704297,,1,42
107,True,Replace + Select,10.764115259644168,0.0005544822116674106,0.0010997246968284782,1.208703484337039e-05,1.782123625924787,3.9863137138648344e-11,7.401486830834377e-18,5.181740560431652,,1,42
108,True,Replace + Select,10.765880452199173,0.0005048684911265758,0.001003790925938771,1.1032630195785527e-05,1.7286593862354835,3.9863137138648344e-11,7.401486830834377e-18,5.181134521578513,,1,42
109,True,Replace + Select,10.772403145692017,0.0004949335070161068,0.0010036124350535729,1.1030668408844816e-05,1.980283343985949,3.9863137138648344e-11,7.401486830834377e-18,5.1811587506455234,,1,42
110,True,Replace + Select,10.777435101370129,0.0004797184302321603,0.0009475029699303943,1.0413971282788991e-05,1.866835276986805,3.9863137138648344e-11,7.401486830834377e-18,5.18126487896726,,1,42
111,True,Replace + Select,10.783047827260614,0.000487383847129244,0.0009642309455097971,1.059782786459569e-05,1.8865542248748612,3.9863137138648344e-11,7.401486830834377e-18,5.181160818904565,,1,42
112,True,Replace + Select,10.79291142527546,0.0004899222149372325,0.0009966331179812628,1.0953958984314088e-05,1.903997988036798,3.9863137138648344e-11,7.401486830834377e-18,5.181914163625691,,1,42
113,True,Replace + Select,10.796885386475285,0.0004740669900472832,0.0009588330077807182,1.0538499323914662e-05,1.7692730268729613,3.9863137138648344e-11,7.401486830834377e-18,5.1817520912151025,,1,42
114,True,Replace + Select,10.803487581561745,0.00047254654469776715,0.0009562095339775466,1.0509664817095769e-05,1.9267142724840343,3.9863137138648344e-11,7.401486830834377e-18,5.181847485085086,,1,42
115,True,Replace + Select,10.808945789844554,0.00046416058831462204,0.0009087265351424608,9.987780873739252e-06,1.8487840377527553,3.9863137138648344e-11,7.401486830834377e-18,5.181776792665401,,1,42
116,True,Replace + Select,10.817848822413664,0.00044246032684113184,0.0008879804752725913,9.759761671085233e-06,1.8056144670076957,3.9863137138648344e-11,7.401486830834377e-18,5.181968814955246,,1,42
117,True,Replace + Select,10.832010608165692,0.00044897066149127834,0.0009091400656284609,9.992325972533061e-06,1.921169174164389,3.9863137138648344e-11,7.401486830834377e-18,5.183440228723497,,1,42
118,True,Replace + Select,10.844351008025537,0.00045238862403018665,0.0009029634275346441,9.92443876397063e-06,1.735892055591941,3.9863137138648344e-11,7.401486830834377e-18,5.184519922452347,,1,42
119,True,Replace + Select,10.853857995521604,0.0004492671512980337,0.0008964741436754025,9.85311527697304e-06,1.8515406517109252,3.9863137138648344e-11,7.401486830834377e-18,5.185259872830355,,1,42
120,True,Replace + Select,10.866108727638913,0.0004709365667633576,0.0009424287060066292,1.0358200229335446e-05,1.856062528799115,3.9863137138648344e-11,7.401486830834377e-18,5.1862382834645,,1,42
121,True,Replace + Select,10.873960807129622,0.0004753988223012069,0.0009594032207286464,1.054476651404836e-05,1.8664110295563745,3.9863137138648344e-11,7.401486830834377e-18,5.186667596322308,,1,42
122,True,Replace + Select,10.88378587324805,0.00046444635580988056,0.0009335303084615951,1.0260398259908762e-05,1.8060262347973763,3.9863137138648344e-11,7.401486830834377e-18,5.18740976623117,,1,42
123,True,Replace + Select,10.89147426496574,0.0004798705636464057,0.0009525101369963075,1.0469004877075644e-05,1.8654571165836338,3.9863137138648344e-11,7.401486830834377e-18,5.188308458932501,,1,42
124,True,Replace + Select,10.90037881806691,0.0004921675232896535,0.0009740697198526439,1.0705965481802076e-05,1.8156894174367715,3.9863137138648344e-11,7.401486830834377e-18,5.1891401433581095,,1,42
125,True,Replace + Select,10.909264580981148,0.0004984679422137736,0.0009883443014890143,1.0862856898454742e-05,1.8373517567030766,3.9863137138648344e-11,7.401486830834377e-18,5.189671339606845,,1,42
126,True,Replace + Select,10.91623034859005,0.00046293156950741093,0.0009189947090544062,1.0100638006264691e-05,1.8618767322962078,3.9863137138648344e-11,7.401486830834377e-18,5.190241214458475,,1,42
127,True,Replace + Select,10.92372972059961,0.00048022654292798755,0.0009732874530162035,1.0697367614957641e-05,1.7650106049504601,3.9863137138648344e-11,7.401486830834377e-18,5.190552406298271,,1,42
128,True,Replace + Select,10.929047633856523,0.0004959236050345281,0.0009928825451542983,1.0912736572402402e-05,1.9207935752521637,3.9863137138648344e-11,7.401486830834377e-18,5.190822831073121,,1,42
129,True,Replace + Select,10.940173462996375,0.0005353599537360021,0.0010842979380408643,1.1917479888822305e-05,1.90949155349708,3.9863137138648344e-11,7.401486830834377e-18,5.191603706423281,,1,42
130,True,Replace + Select,10.951120744681319,0.0005221090692729112,0.0010589946395847165,1.1639372239722778e-05,1.821564726374742,3.9863137138648344e-11,7.401486830834377e-18,5.192644403615762,,1,42
131,True,Replace + Select,10.95405436337,0.0005421604731712155,0.0010876284408615228,1.1954085326306194e-05,1.8651525037826628,3.9863137138648344e-11,7.401486830834377e-18,5.1925313808183775,,1,42
132,True,Replace + Select,10.963602851577301,0.0005255406439307618,0.0010416403467190824,1.1448631827005022e-05,1.7873358045850658,3.9863137138648344e-11,7.401486830834377e-18,5.193731963856649,,1,42
133,True,Replace + Select,10.97506172047829,0.0005274985742481885,0.0010482710238090011,1.152150936194819e-05,1.8113721434482706,3.9863137138648344e-11,7.401486830834377e-18,5.194931535225069,,1,42
134,True,Replace + Select,10.983767752203851,0.0004987044043914499,0.0010223543799971347,1.1236660455962309e-05,1.958719834790017,3.9863137138648344e-11,7.401486830834377e-18,5.195385648346164,,1,42
135,True,Replace + Select,10.990987714250378,0.0004934804702792829,0.0009780702710862287,1.0749935397447765e-05,1.8569152979450605,3.9863137138648344e-11,7.401486830834377e-18,5.195774281821272,,1,42
136,True,Replace + Select,10.994866868192993,0.0004955229873723305,0.0009996852323908637,1.0987504664720458e-05,1.8400340562833506,3.9863137138648344e-11,7.401486830834377e-18,5.195577082182652,,1,42
137,True,Replace + Select,10.998900640866575,0.0005274861103366034,0.0010369851207022145,1.1397466404211554e-05,1.8408424842907776,3.9863137138648344e-11,7.401486830834377e-18,5.195395058961905,,1,42
138,True,Replace + Select,11.006531101109207,0.00054200745357788,0.0010687689015210088,1.1746800803374122e-05,1.8359200964546414,3.9863137138648344e-11,7.401486830834377e-18,5.195911146073634,,1,42
139,True,Replace + Select,11.018526416468106,0.0005168870951621547,0.0010338859385364083,1.1363403403778733e-05,1.9706186020244658,3.9863137138648344e-11,7.401486830834377e-18,5.197378441663806,,1,42
140,True,Replace + Select,11.033279649284726,0.0005366823720711737,0.0010818275959442233,1.1890328447117615e-05,1.8162318186015065,3.9863137138648344e-11,7.401486830834377e-18,5.1988456482654435,,1,42
141,True,Replace + Select,11.040593521647692,0.0005397798648680205,0.001077723110286953,1.1845216191935374e-05,1.8619329065544379,3.9863137138648344e-11,7.401486830834377e-18,5.199358523781054,,1,42
142,True,Replace + Select,11.047392821604573,0.0005154465781305345,0.0010276791906344567,1.1295185259391088e-05,1.892315202487143,3.9863137138648344e-11,7.401486830834377e-18,5.199237288420346,,1,42
143,True,Replace + Select,11.057837654036911,0.0005098261346517412,0.0010190959116560053,1.120084674686872e-05,1.8161930093936025,3.9863137138648344e-11,7.401486830834377e-18,5.200140661604311,,1,42
144,True,Replace + Select,11.065486519838135,0.0005388794275829761,0.0010795069333130942,1.1864822127069462e-05,1.8443945694837383,3.9863137138648344e-11,7.401486830834377e-18,5.20028036238745,,1,42
145,True,Replace + Select,11.076602911371213,0.0005336304472392952,0.0010668132077567005,1.1725305843098765e-05,1.8209091443987129,3.9863137138648344e-11,7.401486830834377e-18,5.200955465257361,,1,42
146,True,Replace + Select,11.082966392267897,0.0005648618619893325,0.0011325539909991255,1.2447860442420986e-05,1.8536672015788889,3.9863137138648344e-11,7.401486830834377e-18,5.2012783073071,,1,42
147,True,Replace + Select,11.090491337083407,0.000590554684009109,0.0011735587620179933,1.289854241535369e-05,1.8937767602146547,3.9863137138648344e-11,7.401486830834377e-18,5.201859858097492,,1,42
148,True,Replace + Select,11.099747540521118,0.0006263883994699436,0.001251803995665375,1.375853298222105e-05,1.7986037840077145,3.9863137138648344e-11,7.401486830834377e-18,5.202429757955701,,1,42
149,True,Replace + Select,11.106449244284025,0.0006221260010439677,0.001238222052092356,1.360925432577075e-05,1.8334428257682565,3.9863137138648344e-11,7.401486830834377e-18,5.202392966561129,,1,42
150,True,Replace + Select,11.11227794001827,0.0006458874813114122,0.0012946012069241588,1.4228915601776503e-05,1.8768483889412186,3.9863137138648344e-11,7.401486830834377e-18,5.202847604208958,,1,42
151,True,Replace + Select,11.117164474419274,0.0006060070307860425,0.001202734803240344,1.3219215241801242e-05,1.891437996077943,3.9863137138648344e-11,7.401486830834377e-18,5.202746638527995,,1,42
152,True,Replace + Select,11.126895778239076,0.0005965365128064278,0.0012031594381460068,1.322388238887474e-05,1.8669444324952198,3.9863137138648344e-11,7.401486830834377e-18,5.203474964022167,,1,42
153,True,Replace + Select,11.145114035339319,0.0005442941044447267,0.0010727989245390385,1.1791094642349446e-05,1.8021778723046726,3.9863137138648344e-11,7.401486830834377e-18,5.205691931253926,,1,42
154,True,Replace + Select,11.149561169994762,0.0005600126664415481,0.001130276009981886,1.2422823234465833e-05,1.789108359542912,3.9863137138648344e-11,7.401486830834377e-18,5.205030970150151,,1,42
155,True,Replace + Select,11.157591121953937,0.0005688806252338544,0.0011415743461602222,1.2547002843647569e-05,1.8155211477016064,3.9863137138648344e-11,7.401486830834377e-18,5.2052221758940105,,1,42
156,True,Replace + Select,11.167043541699424,0.0005677812511039709,0.0011359499634083082,1.2485185453812739e-05,1.9226610485077351,3.9863137138648344e-11,7.401486830834377e-18,5.2059801700956365,,1,42
157,True,Replace + Select,11.173622702042085,0.0005907430916831076,0.0011898348247970968,1.3077432039721734e-05,1.8970991368955425,3.9863137138648344e-11,7.401486830834377e-18,5.206348046081243,,1,42
158,True,Replace + Select,11.178482626076411,0.0005958303958780212,0.0011785953042443655,1.2953898870979205e-05,1.8491046345926019,3.9863137138648344e-11,7.401486830834377e-18,5.20606167761921,,1,42
159,True,Replace + Select,11.189488576658725,0.0005798833852210841,0.0011564043127589413,1.270999847657432e-05,1.8107168746829423,3.9863137138648344e-11,7.401486830834377e-18,5.206940068094903,,1,42
160,True,Replace + Select,11.201629071879795,0.0005622569497860329,0.0011189045524701295,1.2297839951321522e-05,1.8528270323056506,3.9863137138648344e-11,7.401486830834377e-18,5.207543768733036,,1,42
161,True,Replace + Select,11.212441823319775,0.000571117542666768,0.0011340468566881376,1.2464268475860263e-05,1.866110345358092,3.9863137138648344e-11,7.401486830834377e-18,5.208250054469777,,1,42
162,True,Replace + Select,11.217839449098268,0.0005733990461335172,0.0011404345176473114,1.2534475029194776e-05,1.982269004099936,3.9863137138648344e-11,7.401486830834377e-18,5.208035960821971,,1,42
163,True,Replace + Select,11.222013902897706,0.0005935836664184737,0.0011766297964143255,1.2932296044658103e-05,1.893258362497555,3.9863137138648344e-11,7.401486830834377e-18,5.207642052130095,,1,42
164,True,Replace + Select,11.230349789837156,0.0006109481063054521,0.0012238135999797365,1.3450891543497588e-05,1.876096642888788,3.9863137138648344e-11,7.401486830834377e-18,5.2081511527700535,,1,42
165,True,Replace + Select,11.241923707244192,0.0005836984957366086,0.0011483748578122596,1.2621747024193822e-05,1.7604626368181335,3.9863137138648344e-11,7.401486830834377e-18,5.208958785032738,,1,42
166,True,Replace + Select,11.246583494116221,0.0005952636775716882,0.0012020917613035909,1.3212147590853965e-05,1.7862592784938565,3.9863137138648344e-11,7.401486830834377e-18,5.209231151689945,,1,42
167,True,Replace + Select,11.254105908148508,0.0005871308992207193,0.0011716204994883653,1.2877239041155787e-05,1.8354783687885963,3.9863137138648344e-11,7.401486830834377e-18,5.209571970751033,,1,42
168,True,Replace + Select,11.27077736181799,0.0006161834773633619,0.0012185454474363065,1.3392989467154058e-05,1.8785642498004762,3.9863137138648344e-11,7.401486830834377e-18,5.211269493968403,,1,42
169,True,Replace + Select,11.278962642601101,0.0005940860413899932,0.0011838895927996542,1.3012088207295086e-05,1.9384683449954418,3.9863137138648344e-11,7.401486830834377e-18,5.211792363915075,,1,42
170,True,Replace + Select,11.286350606481186,0.0006073547965541533,0.0012205130021818794,1.3414614791050632e-05,1.8394862151982039,3.9863137138648344e-11,7.401486830834377e-18,5.212222999062257,,1,42
171,True,Replace + Select,11.293045436908415,0.0005558635768719716,0.001110710943195164,1.2207784284585033e-05,1.8499340849558297,3.9863137138648344e-11,7.401486830834377e-18,5.2125480677659715,,1,42
172,True,Replace + Select,11.301904456673231,0.0005780503764984527,0.001166736627265767,1.2823560576085977e-05,1.9045153959230572,3.9863137138648344e-11,7.401486830834377e-18,5.213383190646815,,1,42
173,True,Replace + Select,11.314870036921652,0.0005657339556485297,0.0011349285764618,1.2473959426383683e-05,1.8834945979573798,3.9863137138648344e-11,7.401486830834377e-18,5.214406133791969,,1,42
174,True,Replace + Select,11.329574640701646,0.0005512818828504764,0.0011106303837246983,1.2206898858323998e-05,1.8053128537642966,3.9863137138648344e-11,7.401486830834377e-18,5.215617039086972,,1,42
175,True,Replace + Select,11.336405818309226,0.00056320633507526,0.0011112200315680865,1.2213379656699177e-05,1.8132453722466062,3.9863137138648344e-11,7.401486830834377e-18,5.215962504147965,,1,42
176,True,Replace + Select,11.34169361471505,0.0005673582395461592,0.0011307265589494693,1.2427775202067843e-05,1.8136411898726155,3.9863137138648344e-11,7.401486830834377e-18,5.215981495523487,,1,42
177,True,Replace + Select,11.35380615719387,0.0006055671514239275,0.0012129477413491282,1.3331465279588027e-05,1.8450254140324922,3.9863137138648344e-11,7.401486830834377e-18,5.216834332845197,,1,42
178,True,Replace + Select,11.362260508562741,0.000582028277565125,0.001169335915664776,1.2852129261992003e-05,1.9158646423166794,3.9863137138648344e-11,7.401486830834377e-18,5.217592426096367,,1,42
179,True,Replace + Select,11.365519809178052,0.0005782609918190257,0.001159591144634268,1.2745024831832253e-05,1.9739599637044143,3.9863137138648344e-11,7.401486830834377e-18,5.217402072316629,,1,42
180,True,Replace + Select,11.374677182671762,0.0005822816732103756,0.00114636889272682,1.2599699533624395e-05,1.8620882110878403,3.9863137138648344e-11,7.401486830834377e-18,5.218022971977635,,1,42
181,True,Replace + Select,11.38612764494256,0.0005950435823513995,0.001181349235611572,1.2984167232222407e-05,1.820654000644226,3.9863137138648344e-11,7.401486830834377e-18,5.219088250045322,,1,42
182,True,Replace + Select,11.391950123927977,0.0005810690601807243,0.0011876816920042114,1.3053767034138918e-05,1.8642519769112806,3.9863137138648344e-11,7.401486830834377e-18,5.2195505511151845,,1,42
183,True,Replace + Select,11.40373291531567,0.0005669947756865412,0.0011207082397988997,1.2317664214295941e-05,1.8026517028157845,3.9863137138648344e-11,7.401486830834377e-18,5.220391703739053,,1,42
184,True,Replace + Select,11.412690855824023,0.0005386099683057561,0.0010932178720380883,1.2015518564625388e-05,1.8807248043118698,3.9863137138648344e-11,7.401486830834377e-18,5.220708969381133,,1,42
185,True,Replace + Select,11.42167567384544,0.0005837224387036995,0.0011545142550060516,1.2689224919354913e-05,1.8742629062919225,3.9863137138648344e-11,7.401486830834377e-18,5.221340914978311,,1,42
186,True,Replace + Select,11.431457225722463,0.0005846888223857725,0.0011910331886926177,1.3090603214472989e-05,1.8380242892637888,3.9863137138648344e-11,7.401486830834377e-18,5.2220556455153035,,1,42
187,True,Replace + Select,11.436319287280412,0.0006039723909542071,0.0012161479620430467,1.3366638790872644e-05,1.7777218344740224,3.9863137138648344e-11,7.401486830834377e-18,5.222212543393708,,1,42
188,True,Replace + Select,11.451435600780725,0.0005859064915241875,0.0011641022876474547,1.2794606643481171e-05,1.8722221344891903,3.9863137138648344e-11,7.401486830834377e-18,5.2235982996540535,,1,42
189,True,Replace + Select,11.45596163675282,0.000530043015386572,0.0010507799409210212,1.1549084780268405e-05,1.8264835356762161,3.9863137138648344e-11,7.401486830834377e-18,5.223448116229089,,1,42
190,True,Replace + Select,11.46269530406242,0.0005487059640888267,0.0010966928336252851,1.2053711743249959e-05,1.9482383526092337,3.9863137138648344e-11,7.401486830834377e-18,5.223782168700854,,1,42
191,True,Replace + Select,11.472891714144422,0.0005512963577690348,0.0010969871443144844,1.2056946501517538e-05,1.8368680542479334,3.9863137138648344e-11,7.401486830834377e-18,5.224827907934701,,1,42
192,True,Replace + Select,11.477611741220999,0.0005837982395884547,0.0011519244181538693,1.2660760115062304e-05,1.8597216568623156,3.9863137138648344e-11,7.401486830834377e-18,5.2247766840871135,,1,42
193,True,Replace + Select,11.487688963875751,0.0005902126074095317,0.0011816038412241362,1.2986965593411581e-05,1.9137545440479415,3.9863137138648344e-11,7.401486830834377e-18,5.225237927975222,,1,42
194,True,Replace + Select,11.496254689996926,0.0005838319645455353,0.0011832455037687794,1.3005009047773735e-05,1.9401734050573198,3.9863137138648344e-11,7.401486830834377e-18,5.2254798162456515,,1,42
195,True,Replace + Select,11.508632216159913,0.0006058828361406854,0.0012023712850772902,1.3215219826661705e-05,1.844540786646192,3.9863137138648344e-11,7.401486830834377e-18,5.22682703519307,,1,42
196,True,Replace + Select,11.517507870540362,0.0006346058985317768,0.00126125717417553,1.3862432529409874e-05,1.8066228456951183,3.9863137138648344e-11,7.401486830834377e-18,5.2274322275211995,,1,42
197,True,Replace + Select,11.524773563508486,0.0006366521841456764,0.0012724016878347321,1.3984921480780768e-05,1.8360209963314527,3.9863137138648344e-11,7.401486830834377e-18,5.227684560587234,,1,42
198,True,Replace + Select,11.530589850356796,0.0006366229896335807,0.001293468751258315,1.4216468822022349e-05,1.7793174966613279,3.9863137138648344e-11,7.401486830834377e-18,5.228092839271331,,1,42
199,True,Replace + Select,11.530558764393167,0.0006081687126571342,0.0012275232500157367,1.3491664174476193e-05,1.8358344098906216,3.9863137138648344e-11,7.401486830834377e-18,5.227144017337589,,1,42
200,True,Replace + Select,11.539294595920557,0.000600405350332142,0.0012067524411271207,1.3263372956241557e-05,1.844747808732334,3.9863137138648344e-11,7.401486830834377e-18,5.2277530356011885,,1,42
0,False,Accumulate,0.29159999999986647,45.01193038501346,90.01280339314742,0.9893275054203067,0.05824363885821171,0.7219280948873623,0.2,1.799999999999587,,1,42
1,False,Accumulate,0.6898446777653422,43.57733695110322,86.98857285639363,0.9560882956639497,0.14224462989890427,0.7194895984789038,0.19878408958934968,2.258552009777777,300.0,1,42
2,False,Accumulate,0.8603950660468583,43.73289372623272,88.02978443516983,0.9675322149178168,0.1442209797777766,0.7385474709050948,0.20846972283843113,1.9309806034840185,600.0,1,42
3,False,Accumulate,0.8842094431307919,43.01355943512791,86.42370967935912,0.9498799046709648,0.17411656764125882,0.7536776443811527,0.2164745273880749,1.760168531608358,900.0,1,42
4,False,Accumulate,0.7791258048828138,42.681587094119415,84.45351507025433,0.9282255661286484,0.18999408574994536,0.7745612973896175,0.22802999170453692,1.7286055917365357,1200.0,1,42
5,False,Accumulate,0.7072323514883592,42.6742640914776,84.4721964446999,0.928430892447587,0.1437123795393478,0.7790059890927233,0.23057136325086208,1.698310204560137,1500.0,1,42
6,False,Accumulate,0.7430822035902699,42.970863951527086,85.67580731701375,0.9416597365332682,0.1541985142088586,0.7706472087467905,0.2258166562344127,1.7499979220820037,1800.0,1,42
7,False,Accumulate,0.7553069431310075,42.77087766370889,86.7940411341327,0.9539502044563141,0.1493114037716575,0.7660393348595443,0.22323981165636428,1.7730036733945076,2100.0,1,42
8,False,Accumulate,0.7239989666205163,42.699212163565996,86.27181111251438,0.9482103929509814,0.13677619268073257,0.7694531633525405,0.22514595451316313,1.8015149334840572,2400.0,1,42
9,False,Accumulate,0.7312363840268449,42.5845262355138,84.2166417666015,0.9256221001130419,0.166644573178025,0.7653746461651303,0.22287062452311351,1.8009841768673576,2700.0,1,42
10,False,Accumulate,0.7455818757064434,42.58098133868652,85.97676640221397,0.9449675670837093,0.158566775926953,0.7617902446460055,0.22089052480162583,1.8602238378075713,3000.0,1,42
11,False,Accumulate,0.690713893077493,42.57715401296814,85.58590827732516,0.9406716594006592,0.12940127425211745,0.7603549704810463,0.22010269160086324,1.9309227057302467,3300.0,1,42
12,False,Accumulate,0.6513369962469763,42.12945345194574,83.94726470154238,0.9226613864173648,0.1558714622459687,0.7591762589497774,0.2194578184491139,1.900231421758252,3600.0,1,42
13,False,Accumulate,0.6235738806371487,42.081195429575516,85.13899388171718,0.9357596392493468,0.15460029244320594,0.7618739173598178,0.220936541761232,1.8601126267940455,3900.0,1,42
14,False,Accumulate,0.6173956845062235,42.255585547796414,85.09133908358426,0.9352358670660471,0.1272008108354979,0.7667974591325776,0.22366166658247322,1.8661100225729725,4200.0,1,42
15,False,Accumulate,0.616564200752326,42.03540546369307,84.32571898910258,0.9268209639675966,0.13135579080091883,0.7598871977011262,0.21984654394032543,1.847218675130652,4500.0,1,42
16,False,Accumulate,0.6097741638752542,42.06028321216311,84.38716670383812,0.9274963336043756,0.14143392183942766,0.7605336222062435,0.22020059926636748,1.8704087397826867,4800.0,1,42
17,False,Accumulate,0.5940826560406737,42.1150431981515,83.37901065393598,0.9164157264870996,0.14017181065689682,0.7588913119744402,0.21930221076440853,1.8626486300082101,5100.0,1,42
18,False,Accumulate,0.5915340468137631,42.39445143942765,84.20976974087422,0.9255465699238504,0.1560282090438307,0.7564180576443374,0.21795623895847716,1.8734286103759903,5400.0,1,42
19,False,Accumulate,0.6079864305512035,42.40257640544683,86.09768039838441,0.946296528494668,0.14059061964650782,0.7552669226159311,0.21733260547486125,1.869510892754403,5700.0,1,42
20,False,Accumulate,0.58670321742124,42.25287359657298,83.83511210043149,0.9214287211864108,0.1549885366837382,0.7547935029994226,0.21707664493648562,1.8716050774570405,6000.0,1,42
21,False,Accumulate,0.5792792202801583,42.304881647124795,85.74521752900422,0.9424226216928304,0.13742081349126722,0.753794798958714,0.216537665985877,1.876713229756587,6300.0,1,42
22,False,Accumulate,0.5711650295780683,42.48909664654173,84.52005553617812,0.9289569100117443,0.1310749199182909,0.7528477832095107,0.2160278091589668,1.8709732152512426,6600.0,1,42
23,False,Accumulate,0.5738092817821804,42.30371815147101,85.85937733495427,0.9436773480404428,0.145172439620036,0.7543668344220089,0.21684621814472002,1.8715601957146428,6900.0,1,42
24,False,Accumulate,0.5656139503103271,42.29992038353717,83.77083496446934,0.9207222534820416,0.1536231492521924,0.7573392348753657,0.21845658111845528,1.8701420019504398,7200.0,1,42
25,False,Accumulate,0.5663575715861884,42.33121086779203,84.64958697744991,0.9303805854538612,0.14955454649146083,0.755777854200366,0.21760918505232266,1.8568767881305128,7500.0,1,42
26,False,Accumulate,0.5660798355578623,42.34637345018296,84.89475549731965,0.933075223894472,0.1324558057464571,0.7576230018261748,0.21861094260612687,1.8618524145303716,7800.0,1,42
27,False,Accumulate,0.5726704010858572,42.325199730296625,85.91240362222824,0.9442601580689375,0.1380229114451851,0.7579342930056014,0.21878040257554826,1.8393814713759842,8100.0,1,42
28,False,Accumulate,0.5689252716741457,42.193599288764624,84.39372465420716,0.9275684118025285,0.16152934969460708,0.7566035471349644,0.21805689611605833,1.81956121684599,8400.0,1,42
29,False,Accumulate,0.567231528509839,42.26219335222911,84.22494891010157,0.9257134036303895,0.14196035554498154,0.7544941897427577,0.21691497221643224,1.803632712201223,8700.0,1,42
30,False,Accumulate,0.5706657602676855,42.25053135018399,84.87128386421679,0.9328172480138145,0.14453902724609863,0.7535933916920906,0.21642913203268066,1.7944207061535236,9000.0,1,42
31,False,Accumulate,0.5675197782326017,42.27232684921337,83.87130678842979,0.9218265357087564,0.14144331474185365,0.752490120892592,0.2158355593953294,1.8056789460887965,9300.0,1,42
32,False,Accumulate,0.5767148838625813,42.371270503657335,85.090798812709,0.935229928968164,0.15729016021191528,0.7515548997497731,0.2153336600528263,1.8041068135711558,9600.0,1,42
33,False,Accumulate,0.5679643087604083,42.40651718867291,83.47699377373657,0.9174926554553289,0.19167348468033693,0.7522145215689348,0.21568753531302992,1.7936729921887582,9900.0,1,42
34,False,Accumulate,0.5686842374113735,42.41019630362984,84.21212864544864,0.9255724965597306,0.15846687085231392,0.7526553880753932,0.21592437236366793,1.784431607432235,10200.0,1,42
35,False,Accumulate,0.5682778372276243,42.32159591257779,84.27544694259024,0.926268425700888,0.14979247358433428,0.752705704706515,0.21595141920485442,1.7903376073867971,10500.0,1,42
36,False,Accumulate,0.5765212389861866,42.34140310259232,84.41280699641737,0.9277781451438394,0.1527012053939949,0.7529574458209687,0.21608678866290784,1.7965903345707388,10800.0,1,42
37,False,Accumulate,0.5809722590240559,42.28667875703769,83.85922140432618,0.9216937056839536,0.14643998591517948,0.7524743329279747,0.21582707698755546,1.8037446080025663,11100.0,1,42
38,False,Accumulate,0.5775532142219726,42.32189148250293,85.69751459566092,0.9418983204571536,0.17137504909788287,0.7520248279646745,0.2155857093585749,1.8019960097120271,11400.0,1,42
39,False,Accumulate,0.5828223927633469,42.239228383553026,87.18858148377738,0.958286583340069,0.16491789314382366,0.7513001894409012,0.2151971658083726,1.7928297604482655,11700.0,1,42
40,False,Accumulate,0.583982520594338,42.210248976259685,84.94391585376565,0.9336155436153883,0.12371446113613194,0.7510092322333369,0.2150413518129547,1.7888379777897707,12000.0,1,42
41,False,Accumulate,0.5696993127812617,42.192152327697194,83.62276456020776,0.9190948169602075,0.15223776353512825,0.7513757226830536,0.21523763369450505,1.7917495304281197,12300.0,1,42
42,False,Accumulate,0.5647403545761457,42.30265349500561,85.6439923668133,0.9413100595525457,0.14537424694969273,0.7514820003882615,0.21529458600849236,1.7894556421708123,12600.0,1,42
43,False,Accumulate,0.565059807145761,42.35745182998605,83.67791026279932,0.919700921406719,0.16862242789488113,0.7495027567705707,0.21423637228451461,1.7923834103124727,12900.0,1,42
44,False,Accumulate,0.5711408771475468,42.410033468388725,84.76202271266624,0.93161636260165,0.1651616687879011,0.7490811771893071,0.21401163234973994,1.7683294378384868,13200.0,1,42
45,False,Accumulate,0.569661360177558,42.370834236362136,84.98970200599476,0.9341187775783367,0.16364795753908187,0.7485423075727983,0.21372470190106874,1.7651044572356749,13500.0,1,42
46,False,Accumulate,0.5664961869703578,42.41136626103404,84.59445469046716,0.9297746284578265,0.1309464134545934,0.7482750080346138,0.2135825130759466,1.783088847067809,13800.0,1,42
47,False,Accumulate,0.5696224626863473,42.420615237775884,83.45123965349681,0.9172095928401162,0.17030329759985255,0.7476799994037557,0.2132663319810204,1.792148151014526,14100.0,1,42
48,False,Accumulate,0.5727100235902535,42.45070643709162,86.46016281596967,0.9502805597927716,0.13043321839361738,0.7468119968585135,0.2128059019433483,1.795151383347385,14400.0,1,42
49,False,Accumulate,0.5746139033402928,42.42008212695645,84.08037931837109,0.9241244444139803,0.1368751239686707,0.7470801032238792,0.2129480151177675,1.7952453937240855,14700.0,1,42
50,False,Accumulate,0.5728928662031101,42.44520615649819,85.47058311867573,0.9394041247031728,0.1352031116479127,0.7471830316089283,0.21300259810759437,1.7926055190489893,15000.0,1,42
51,False,Accumulate,0.5734779824080433,42.44026561622252,84.12065422187267,0.9245671044391129,0.13260783044589322,0.7470473954773105,0.21293067302517119,1.7903804372632048,15300.0,1,42
52,False,Accumulate,0.5701165996395199,42.42411116270928,83.5639653559129,0.9184485570070354,0.14487960696687746,0.7473600291649545,0.213096491838663,1.7841249346563581,15600.0,1,42
53,False,Accumulate,0.5729980089277212,42.4227696051841,84.72409202092891,0.9311994677242462,0.13020478107355193,0.7484608213807741,0.2136813458896982,1.7813229841578593,15900.0,1,42
54,False,Accumulate,0.5786220196743264,42.40352483824196,83.71099941809945,0.9200646031301574,0.1520241800050168,0.7489969306874668,0.2139667490265075,1.7838909621197168,16200.0,1,42
55,False,Accumulate,0.5721893695903841,42.407001686358825,84.23381442343414,0.925810844170612,0.1340592731432267,0.7488185415331745,0.21387174046020566,1.7841531817830272,16500.0,1,42
56,False,Accumulate,0.5739594665221807,42.43581141173948,83.94039270905877,0.9225858565935532,0.14073523728699122,0.7476195045893385,0.21323421124763348,1.7696593965752585,16800.0,1,42
57,False,Accumulate,0.5724319040115771,42.452157482314945,84.00456576748171,0.9232911803854082,0.13120055756632748,0.7475079860851017,0.21317501097575545,1.76770981434199,17100.0,1,42
58,False,Accumulate,0.5697682707271665,42.41075367893875,84.63160997683342,0.9301830008825066,0.15604653433864113,0.7472508948792593,0.21303859348445495,1.7691129331959023,17400.0,1,42
59,False,Accumulate,0.5742287006915456,42.432826032651,84.52737864427546,0.9290373980311455,0.15602343384994333,0.7485269085104138,0.21371650792941338,1.7555416560496693,17700.0,1,42
60,False,Accumulate,0.576898324934627,42.42690030135523,83.68284996479743,0.9197552134948563,0.15543031521039072,0.7477978462881989,0.21332891828542971,1.767428089720359,18000.0,1,42
61,False,Accumulate,0.5852117840596147,42.45197449388508,84.72797860269446,0.9312421850055416,0.1480391341233931,0.7491150706786458,0.214029692105399,1.7675935742420947,18300.0,1,42
62,False,Accumulate,0.5910304194488616,42.43678407758769,83.98351103237019,0.923059768544204,0.14669328810496107,0.7496497086738577,0.21431476519381013,1.769809960723751,18600.0,1,42
63,False,Accumulate,0.5872088885293685,42.4577797199548,85.4698951509921,0.939396563274947,0.13866955194890557,0.7494683332211132,0.21421801277051006,1.7695875992494392,18900.0,1,42
64,False,Accumulate,0.5927021380256293,42.48143146261507,83.47237062399446,0.9174418425817251,0.1346997251673734,0.7495293230104103,0.21425054222118195,1.7690408852885928,19200.0,1,42
65,False,Accumulate,0.5935309098556031,42.48398882207636,85.44873503811749,0.9391639932305144,0.16010727257680335,0.7497708361515786,0.21437940294280836,1.7652374285235077,19500.0,1,42
66,False,Accumulate,0.5972822418173277,42.50786709834793,84.40905671905627,0.9277369259793824,0.1546135667685956,0.749119633886655,0.21403212367210903,1.7651777407562517,19800.0,1,42
67,False,Accumulate,0.5972793529279122,42.504178791315496,84.36357556987537,0.9272370442940374,0.1551634440648631,0.7491339060418571,0.2140397289562197,1.7661358557641924,20100.0,1,42
68,False,Accumulate,0.598923769176276,42.49649110178983,84.45795280404036,0.9282743411021049,0.14832780792098155,0.7489784139721128,0.21395688526063916,1.7711616686796465,20400.0,1,42
69,False,Accumulate,0.5935640181534525,42.511761080569656,84.87976639824696,0.9329104792422105,0.13869684295260876,0.7493807365219405,0.21417130074648832,1.7648367817364872,20700.0,1,42
70,False,Accumulate,0.5936795167911474,42.49765461349132,85.45388553521757,0.9392206021600845,0.17500920615113302,0.7499113973068653,0.2144544351160364,1.7562221226925143,21000.0,1,42
71,False,Accumulate,0.5989147204931844,42.481808659180736,84.55682938539972,0.9293610900743984,0.13526148174550723,0.7506653411468244,0.21485733367631002,1.7499014592193611,21300.0,1,42
72,False,Accumulate,0.6018285284512757,42.47392766643981,84.60857910063619,0.9299298693452482,0.17208563629848017,0.7505508940903238,0.2147961267246383,1.7496083930993955,21600.0,1,42
73,False,Accumulate,0.601792182213098,42.466895175102486,86.12188338252909,0.9465625426284908,0.13609863291819835,0.7503448854344099,0.21468599526091525,1.7426579911661584,21900.0,1,42
74,False,Accumulate,0.6017201535894846,42.46863900744944,85.17817465227219,0.9361902736983632,0.1557994362409182,0.7503954024862444,0.21471299635623758,1.7411495852779306,22200.0,1,42
75,False,Accumulate,0.5994172897609215,42.4562826150756,84.81449012340823,0.9321930300381538,0.15934113126665136,0.750522337132393,0.21478085696837151,1.7380347657256283,22500.0,1,42
76,False,Accumulate,0.5945507878646692,42.442923949959294,84.15589825705045,0.9249544703702804,0.16296831591226146,0.7497789280564378,0.21438372173964415,1.7429183631935106,22800.0,1,42
77,False,Accumulate,0.5859369386951326,42.45300842161228,83.74679343170354,0.9204580138545545,0.14749464928386566,0.7503348810248144,0.21468064835276698,1.7509348006386352,23100.0,1,42
78,False,Accumulate,0.5873175986732457,42.45177195930292,85.70986123730779,0.9420340219542781,0.11968469922199446,0.7502770180032107,0.2146497257281198,1.7508637381930585,23400.0,1,42
79,False,Accumulate,0.5807947242907816,42.4440843403641,85.81881182127185,0.9432314939291977,0.13245430906968148,0.7506227381264164,0.21483454733086405,1.742878028812601,23700.0,1,42
80,False,Accumulate,0.5802349244762307,42.43751540355693,84.44644448316947,0.9281478535586714,0.14148866950112451,0.7518336431374592,0.21548313093796967,1.7355949599363103,24000.0,1,42
81,False,Accumulate,0.581533781474628,42.439468235153456,84.76847690776117,0.931687300429293,0.13748630479649301,0.7521687911027917,0.21566298323456193,1.7309828892068484,24300.0,1,42
82,False,Accumulate,0.5816175997801634,42.424843400531316,85.74022928873772,0.9423677961223198,0.14547367273946654,0.7523300555865597,0.21574957628762406,1.7330555741852125,24600.0,1,42
83,False,Accumulate,0.583800107400309,42.407760663519134,84.58937484810451,0.9297187960919506,0.1800518922608545,0.752862363353453,0.21603564983435877,1.740749755300569,24900.0,1,42
84,False,Accumulate,0.5838758521171838,42.40152914689975,85.20389611044517,0.9364729773259672,0.14282749455784205,0.7522603615771843,0.21571214897365598,1.738375928435845,25200.0,1,42
85,False,Accumulate,0.5779088001337459,42.37934497741887,83.50351224517894,0.917784119027295,0.1401218281261954,0.7526198881491594,0.2159052920035276,1.7317838762792115,25500.0,1,42
86,False,Accumulate,0.5780554245050508,42.37654472354695,83.23088511211519,0.9147876839503225,0.13224493447086325,0.7530017778741737,0.21611063615829051,1.7387182892053565,25800.0,1,42
87,False,Accumulate,0.5774634053517397,42.38589793331837,85.39017356183794,0.9385203461374633,0.13293510039412515,0.753181488237537,0.21620733426521271,1.742313226835745,26100.0,1,42
88,False,Accumulate,0.575481376696239,42.41001176274616,85.61268743167061,0.9409659881290973,0.14951831931042014,0.7533206415192547,0.2162822389597842,1.7449666556182313,26400.0,1,42
89,False,Accumulate,0.5723478024137205,42.43748845248585,85.7159269772436,0.9421006902851489,0.1526517893084748,0.7531475236063981,0.21618905537710134,1.7465300921013966,26700.0,1,42
90,False,Accumulate,0.5744348096599602,42.433790638361025,85.36156565587864,0.9382059176653892,0.13517243327854367,0.7535513372643302,0.21640647663697393,1.7484482902518013,27000.0,1,42
91,False,Accumulate,0.568084816445109,42.45807171982383,86.34551329266537,0.9490204509792193,0.12778180159286298,0.7540492297823024,0.21667485040417803,1.7461120988011283,27300.0,1,42
92,False,Accumulate,0.5713152070899487,42.44075992478138,84.24748718815205,0.9259611210390203,0.1571805447445311,0.7532270190414153,0.21623184017094715,1.7490372272562107,27600.0,1,42
93,False,Accumulate,0.5724382551058201,42.42741646635162,85.19730311625827,0.9364005139624645,0.1659285726874724,0.7529554098051162,0.21608569349358567,1.7469062084546734,27900.0,1,42
94,False,Accumulate,0.5745625479134641,42.42280342643398,83.8508298197374,0.9216014740776178,0.1513453818315073,0.75357756641421,0.21642060642525374,1.7492301722861017,28200.0,1,42
95,False,Accumulate,0.5730540756080189,42.42333662261469,85.83878065318692,0.9434509706471753,0.14789127993455548,0.7535375918839323,0.21639907228982172,1.7441699583939183,28500.0,1,42
96,False,Accumulate,0.5743764485882153,42.41028890573946,85.39145855671215,0.9385344694702056,0.12420947127229161,0.7534765108132677,0.21636617224117435,1.7422484597726347,28800.0,1,42
97,False,Accumulate,0.5698585451858864,42.414806526856744,84.30490080777184,0.9265921520805435,0.15407944384137595,0.7535671702008901,0.2164150058181083,1.7479204246770572,29100.0,1,42
98,False,Accumulate,0.5723584100791618,42.433946312703064,84.7320719667339,0.9312871750234196,0.15118541965668642,0.7532061320850124,0.2162205979064783,1.7528142409409777,29400.0,1,42
99,False,Accumulate,0.5706565736561335,42.44484955310832,85.83678316259903,0.9434290162995057,0.13255388841477878,0.7532750325927202,0.21625768533945208,1.7550405770951845,29700.0,1,42
100,False,Accumulate,0.5683084144349033,42.440755205180366,84.76157507691686,0.9316114426531251,0.1321333134585712,0.7530949857953751,0.21616078389788848,1.7552872307275411,30000.0,1,42
101,False,Accumulate,0.5711104241545423,42.44333093017067,84.98973776791422,0.9341191706363156,0.14366586017473087,0.752789867217444,0.2159966668086811,1.7555577910681635,30300.0,1,42
102,False,Accumulate,0.5736459850623548,42.441214007826034,86.34158752029842,0.9489773029554244,0.1356530755898968,0.7525403823761895,0.21586256560274444,1.7604069315043658,30600.0,1,42
103,False,Accumulate,0.5811640837260669,42.444290352189455,83.890725888996,0.9220399703491237,0.16152231485043766,0.751978506551382,0.2155608516177723,1.759335231467556,30900.0,1,42
104,False,Accumulate,0.581735550304417,42.440336298377225,83.61770100099886,0.9190391635618925,0.1272661671986211,0.7514497992863152,0.21527732844858058,1.7565258023684633,31200.0,1,42
105,False,Accumulate,0.5786614428940058,42.43411732218741,85.55476693850096,0.9403293860585011,0.14243435796868514,0.7516124190867179,0.21536449533969437,1.7526110035685734,31500.0,1,42
106,False,Accumulate,0.5802198934133398,42.45713566573253,85.11301625723624,0.9354741201070063,0.1337323676408548,0.7512610315477495,0.2151761894230865,1.7549159198108426,31800.0,1,42
107,False,Accumulate,0.576016753259021,42.45063031628197,85.56580611961617,0.9404507173036452,0.15996486240472005,0.750946788193149,0.21500792612749117,1.7504082650174015,32100.0,1,42
108,False,Accumulate,0.5714758822433075,42.45204237230851,84.54204662501117,0.9291986132832405,0.14233214816655912,0.7507791998434583,0.21491824297950052,1.7514911071754093,32400.0,1,42
109,False,Accumulate,0.571861374479206,42.45336474958777,86.64603282965268,0.9523234504709599,0.1448138512493523,0.7511733617186156,0.2151292331099464,1.7569695011716011,32700.0,1,42
110,False,Accumulate,0.5738621978162803,42.458824522651824,85.61759050029671,0.941019877581152,0.14617124691324543,0.7510588788413619,0.21506793080615555,1.7639039776859329,33000.0,1,42
111,False,Accumulate,0.5720884447070906,42.49514893900753,84.74359121139736,0.9314137826298671,0.1457008134629405,0.7504287471200601,0.21473082071255525,1.7682930086714406,33300.0,1,42
112,False,Accumulate,0.5741246217883654,42.49523271093309,86.30619484738166,0.9485883033521796,0.1280984419220658,0.7501206682143656,0.21456619257467813,1.7687019093871026,33600.0,1,42
113,False,Accumulate,0.5714712061793654,42.51395996783926,83.91868672430238,0.922347286890775,0.13007505449412132,0.7496487321065507,0.21431424414183153,1.7713439143295076,33900.0,1,42
114,False,Accumulate,0.5726198967058318,42.49761082659717,86.95190242650266,0.9556852522794628,0.13645726930448243,0.7498905451153173,0.2144433024968056,1.7724574715176142,34200.0,1,42
115,False,Accumulate,0.5709389973054514,42.47864404491055,85.57335211432994,0.9405336550618825,0.14757030290811743,0.7498431854819673,0.2144180201242228,1.7757045736811938,34500.0,1,42
116,False,Accumulate,0.5682074008754938,42.48827208847102,83.38670960897744,0.9165003454268325,0.15182908141899057,0.7502278646940049,0.21462346110273334,1.7801064695453006,34800.0,1,42
117,False,Accumulate,0.5707360392318986,42.470894029085656,83.96002619480403,0.9228016475337624,0.13180426560776398,0.7500229894746678,0.21451402184931873,1.7762653719503376,35100.0,1,42
118,False,Accumulate,0.5736013178667879,42.47457539583445,83.90528608692357,0.9222000009642262,0.1353717765494678,0.7502806153205633,0.21465164804594636,1.7731503486400102,35400.0,1,42
119,False,Accumulate,0.5718335827348231,42.49445955457477,85.43597756384662,0.939023776286701,0.1370599248314729,0.7501060902158467,0.21455840559930808,1.7706383487865802,35700.0,1,42
120,False,Accumulate,0.5719031362697757,42.507770499355416,86.1953570261218,0.9473700888195835,0.14606314238328025,0.7505797689443812,0.21481156754833128,1.7679459994144853,36000.0,1,42
121,False,Accumulate,0.5699441508144394,42.5164536731091,85.94517153792054,0.944620309059326,0.13055816663572956,0.7504020493544948,0.2147165493201792,1.7658176195916317,36300.0,1,42
122,False,Accumulate,0.5693856278333856,42.52329440537204,84.61582048947244,0.9300094591911711,0.15265518515203602,0.7503883269452106,0.21470921431640472,1.7659457671109977,36600.0,1,42
123,False,Accumulate,0.569651034771817,42.533041756670585,85.5732260689786,0.9405322697019303,0.15376235325051388,0.7503551434480358,0.21469147784481082,1.7644109331043458,36900.0,1,42
124,False,Accumulate,0.5711852955932821,42.52028744896484,84.46396872931183,0.9283404619217802,0.1552913989594106,0.7501608186313204,0.21458764073210368,1.7653168405785267,37200.0,1,42
125,False,Accumulate,0.5743949304570327,42.537646459801636,85.46457607050448,0.9393381014513889,0.15634814026231725,0.7506259599388173,0.21483627044328812,1.7622062179211435,37500.0,1,42
126,False,Accumulate,0.5724185556205832,42.53409189569043,85.7245927241833,0.9421959352000863,0.14347143089941589,0.7511184949325732,0.21509985137080487,1.7621230273940407,37800.0,1,42
127,False,Accumulate,0.5727131090384974,42.52074475968461,84.96435038687885,0.9338401388385925,0.14232480413277068,0.7512734082411379,0.2151828192426739,1.7597111150465263,38100.0,1,42
128,False,Accumulate,0.5738885887253488,42.50563658550878,84.71499227719632,0.9310994527660673,0.12742501921058388,0.7518774121267213,0.21550661052604464,1.7567790159930607,38400.0,1,42
129,False,Accumulate,0.5725678938790407,42.50715231922457,84.61795915478649,0.930032965185211,0.15231182181986924,0.7519948444868637,0.21556961882019435,1.7558330752686584,38700.0,1,42
130,False,Accumulate,0.5703439884684081,42.521075124967254,84.83526560729484,0.9324213726391243,0.14250949695685083,0.7518383302561241,0.21548564519147098,1.7575484431134265,39000.0,1,42
131,False,Accumulate,0.5709049886812976,42.51755387397166,85.4306391453027,0.9389651019192572,0.16118403921953486,0.7519416002079784,0.2155410483676816,1.757301630377274,39300.0,1,42
132,False,Accumulate,0.5726719888367826,42.52315897627806,85.98126749965945,0.9450170384848826,0.14182243114480944,0.7515909860175062,0.21535300487174644,1.7524977526122647,39600.0,1,42
133,False,Accumulate,0.5747336114637572,42.51780701130918,85.24301358515629,0.9369029160926253,0.12841022145632627,0.7512271086104916,0.21515801896469736,1.753433467841413,39900.0,1,42
134,False,Accumulate,0.5778417831347014,42.5103659464204,84.38943334111835,0.9275212461337226,0.12695231353308278,0.751152971458075,0.21511831345042098,1.7536231677558174,40200.0,1,42
135,False,Accumulate,0.581461536733919,42.498880821335334,84.83114639500462,0.9323760985240456,0.15301850561750402,0.7514286400480227,0.2152659893047103,1.7523102517559335,40500.0,1,42
136,False,Accumulate,0.5792458030971225,42.50323089572876,85.08911626565424,0.9352114361536124,0.1398002711555949,0.751485307067374,0.21529635823660115,1.7522954595277282,40800.0,1,42
137,False,Accumulate,0.5803875164144442,42.52795999235494,84.72046355607358,0.9311595873966872,0.1346641784391307,0.7515794521111849,0.2153468216872831,1.7536896887830833,41100.0,1,42
138,False,Accumulate,0.5789659551741112,42.526459359430575,84.46556508945922,0.928358007459113,0.15733174199353495,0.7515259189249592,0.21531812549924248,1.754642896160349,41400.0,1,42
139,False,Accumulate,0.5829471363409228,42.52053672937685,85.9334052307919,0.9444909859981528,0.1377312819010296,0.7513827864624836,0.21524141858657314,1.7494403378824699,41700.0,1,42
140,False,Accumulate,0.5820082124179399,42.516132401407845,84.10580448659826,0.9244038915293782,0.15045902731021335,0.7515601136932331,0.2153364549933503,1.7492625857375914,42000.0,1,42
141,False,Accumulate,0.5817864831941826,42.527022096292605,84.39356901469861,0.9275667011742519,0.15514975511570248,0.7517859300013305,0.21545753841286164,1.7519049187205555,42300.0,1,42
142,False,Accumulate,0.5825532420225606,42.53388133527617,85.1666956915982,0.9360641088518046,0.1431272544853192,0.7519341940742074,0.21553707459181165,1.74962486892074,42600.0,1,42
143,False,Accumulate,0.5787305140653763,42.5542680114838,85.90394326499751,0.9441671705849517,0.13760791042236603,0.7516218660813799,0.21536956015337777,1.7496213109310308,42900.0,1,42
144,False,Accumulate,0.5790313645140174,42.55009763511511,85.82580977035424,0.9433084081374854,0.14388264569106307,0.7513704742424523,0.2152348215340277,1.750338359851894,43200.0,1,42
145,False,Accumulate,0.5769351733595731,42.54526770572816,86.45716940831971,0.9502476593562627,0.13998109104625242,0.7513963033156165,0.215248661327049,1.7501428043264344,43500.0,1,42
146,False,Accumulate,0.5783184913656882,42.54090466192059,85.1480651411113,0.9358593411371794,0.13761126239423221,0.7512530198019719,0.2151718978809017,1.7543862889975426,43800.0,1,42
147,False,Accumulate,0.5823295497412977,42.54350071293763,84.89648066081551,0.933094185104805,0.14996516769910467,0.7507112809318764,0.21488190736143767,1.7521353965727737,44100.0,1,42
148,False,Accumulate,0.5820241266706921,42.55659689751705,86.11015916808634,0.9464336822065239,0.15944658811823148,0.7507660414293416,0.2149112029498812,1.7498661832118685,44400.0,1,42
149,False,Accumulate,0.5816647843402286,42.5671630796936,83.81941101668592,0.9212561511360531,0.14676304854381178,0.7502197214100259,0.21461911011732532,1.7475693573311901,44700.0,1,42
150,False,Accumulate,0.5801723534658496,42.56345129562974,85.03312183742003,0.9345960033938921,0.12918456777075502,0.7502338553925039,0.2146266620093842,1.7474638099940913,45000.0,1,42
151,False,Accumulate,0.5790310805398636,42.56147483261276,85.06398519968964,0.9349352215056725,0.13991022673938577,0.7502166713383255,0.21461748047552237,1.7456160032705434,45300.0,1,42
152,False,Accumulate,0.582040431598882,42.552621792680824,85.40532856278176,0.9386869142112617,0.1317670449187666,0.7494767610499141,0.21422250754052669,1.7441934698597004,45600.0,1,42
153,False,Accumulate,0.5809244915713594,42.57094680957135,85.81591056760978,0.9431996063538763,0.14760374755688432,0.7490031368482718,0.21397005511821943,1.7475247240743514,45900.0,1,42
154,False,Accumulate,0.5824045652475798,42.572925941285234,85.36289109959814,0.9382204855699445,0.15641152095299005,0.7488049368592313,0.21386449641745625,1.7482408712701472,46200.0,1,42
155,False,Accumulate,0.5821654584441993,42.563844686639705,83.93261152519565,0.92250033387978,0.1453203853165676,0.7488770637797656,0.2139029043717862,1.7475411832331162,46500.0,1,42
156,False,Accumulate,0.5837075594186559,42.567824700594755,85.4794423822021,0.9395014965519988,0.13856306406151134,0.749090408434322,0.21401655096469885,1.7501726441765413,46800.0,1,42
157,False,Accumulate,0.5836788882417479,42.58314322187678,85.28799859977863,0.937397344780767,0.15393568719775708,0.7492498301434897,0.2141015118832545,1.7515382434155,47100.0,1,42
158,False,Accumulate,0.5813078476306479,42.58502493765583,84.07083734729673,0.9240195689508915,0.1439140547418331,0.7494345680675859,0.21420000590318675,1.7510155567679355,47400.0,1,42
159,False,Accumulate,0.5811685691412891,42.59574286673758,84.68021353106153,0.930717200810144,0.13686826105505812,0.7495505265000778,0.21426185242560683,1.7506071299715098,47700.0,1,42
160,False,Accumulate,0.582830224937461,42.59179301725814,83.86133493188723,0.9217169353898487,0.1418736523373443,0.7494414064840653,0.21420365269297448,1.748952894222571,48000.0,1,42
161,False,Accumulate,0.58130700315856,42.60738363793078,84.71967466062009,0.9311509166749495,0.13715496633282342,0.7497305082787209,0.21435788049477394,1.7491013218525,48300.0,1,42
162,False,Accumulate,0.5823056286804955,42.607560421428275,85.8812676086301,0.9439179432561488,0.1552030776590655,0.7501386825863993,0.21457581550440682,1.7464187052947546,48600.0,1,42
163,False,Accumulate,0.5843934939326908,42.612804014190154,85.29932467802243,0.9375218293019988,0.14578622255007442,0.7502199376220059,0.21461922563903155,1.7436919784785965,48900.0,1,42
164,False,Accumulate,0.5833567051168735,42.610967236330026,86.86985570364885,0.9547834796805766,0.1575432126210217,0.7501945088411416,0.21460563950160755,1.7417258033825496,49200.0,1,42
165,False,Accumulate,0.5825306951711982,42.60751004760914,84.98874577284923,0.9341082676540059,0.14252509980249548,0.7503894674279405,0.21470982392629917,1.740355023589527,49500.0,1,42
166,False,Accumulate,0.5822953656414851,42.61172082013619,85.29778472061048,0.9375049036851155,0.1263076500253191,0.7501043031986476,0.21455745106629864,1.7386106649749606,49800.0,1,42
167,False,Accumulate,0.5812229588202106,42.58854547076489,85.03886836569045,0.9346591632807559,0.12638905548227433,0.7502782948560848,0.2146504080449247,1.73652622495838,50100.0,1,42
168,False,Accumulate,0.5837765812660872,42.62204310091742,84.20011390429119,0.9254404429690246,0.1370391943490123,0.7500675505213292,0.2145378205934509,1.7377661989464919,50400.0,1,42
169,False,Accumulate,0.5856768328844952,42.61708190253164,85.57871813162023,0.9405926327661616,0.1729554370040662,0.7498223816725162,0.21440691518367716,1.7375575406957098,50700.0,1,42
170,False,Accumulate,0.5848138416144376,42.616195837610654,84.54848363795492,0.9292693622624739,0.13711278794698023,0.7500179485522774,0.2145113298040113,1.7392863549088684,51000.0,1,42
171,False,Accumulate,0.585456593786939,42.60860784227508,84.63411840991847,0.9302105709809038,0.1552844804302667,0.749813383751993,0.21440211232585796,1.739682058663371,51300.0,1,42
172,False,Accumulate,0.5860984163547607,42.61209190866804,84.66992158984623,0.9306040824520366,0.15560899369753867,0.7499527153643131,0.2144764957759802,1.74138902606058,51600.0,1,42
173,False,Accumulate,0.5845369377296845,42.62777876565282,85.50967037571772,0.9398337313485093,0.15374985112999706,0.7496571785903648,0.21431875084317858,1.7409486228008049,51900.0,1,42
174,False,Accumulate,0.5875207192547621,42.634644354185895,84.709802819298,0.9310424156197561,0.12335635425010144,0.7495263015047157,0.2142489305601606,1.7355842893775513,52200.0,1,42
175,False,Accumulate,0.5888724045342582,42.62650493132664,85.25726411610074,0.9370595431689827,0.1355531474030739,0.7496502739193007,0.21431506678368334,1.7300172305368797,52500.0,1,42
176,False,Accumulate,0.5885045036435046,42.642954912097586,84.7547392601172,0.9315363104349631,0.13721638325835905,0.7498709063865914,0.2144328182422058,1.7281304998246423,52800.0,1,42
177,False,Accumulate,0.5882755116765935,42.63223692955909,85.45304202507174,0.9392113311702152,0.1473826338532015,0.7500135503382918,0.21450898101663646,1.731140700163609,53100.0,1,42
178,False,Accumulate,0.5869642987442981,42.64000687465283,84.68738969823278,0.9307960738070775,0.15189929323243995,0.7503121424981689,0.2146684961165736,1.7317013344914536,53400.0,1,42
179,False,Accumulate,0.5872947112402545,42.63483753239582,85.15563468407088,0.9359425377133449,0.13985161521667516,0.7499042719391742,0.21445063094350275,1.7303109765143243,53700.0,1,42
180,False,Accumulate,0.5852424479150097,42.623842698505726,87.04049566377275,0.9566589773843538,0.15308833011700082,0.7500553570332089,0.21453130815277194,1.7277527404416841,54000.0,1,42
181,False,Accumulate,0.5880426692392997,42.62870522976021,84.68468081595172,0.9307663005787304,0.15801767467352262,0.749863662512453,0.21442895118287514,1.7253676720499844,54300.0,1,42
182,False,Accumulate,0.5881712792591497,42.638136089205865,84.65307290445256,0.930418899152975,0.16308732172269047,0.7499747327992132,0.21448825229909022,1.725091251341892,54600.0,1,42
183,False,Accumulate,0.5884798436621008,42.63551348280981,86.48854152059943,0.9505924691212234,0.1436588787168094,0.7500781328920456,0.21454347270690755,1.7221123018213034,54900.0,1,42
184,False,Accumulate,0.5862805985607051,42.63481048615675,85.22184056973218,0.9366702042367323,0.14847491752548875,0.7503253408190355,0.21467554966252456,1.7221355104945288,55200.0,1,42
185,False,Accumulate,0.5867527895820104,42.641505458778866,86.96204141537056,0.9557966895437857,0.12022859339657853,0.750482997435428,0.21475982329546325,1.7260446120681276,55500.0,1,42
186,False,Accumulate,0.586161619383499,42.64660713612578,84.60124685649684,0.9298492809119357,0.16004875214406145,0.7509452509848721,0.2150071033393643,1.726246000643762,55800.0,1,42
187,False,Accumulate,0.5859967017055502,42.650247851262435,85.35063054043508,0.9380857302023234,0.1502388447080314,0.7510545331785234,0.2150656041668065,1.7272745447580589,56100.0,1,42
188,False,Accumulate,0.5846210608846784,42.654912986041474,85.75103120913744,0.9424865196434185,0.142330811822582,0.7511461689605817,0.21511467060919426,1.728206130326471,56400.0,1,42
189,False,Accumulate,0.5852498940537914,42.659149797096404,86.67134345436656,0.9526016386426964,0.14697876959366546,0.751069382923984,0.21507355472531148,1.7265715623494762,56700.0,1,42
190,False,Accumulate,0.5841186662942538,42.66611330628902,84.49330195829404,0.9286628623932791,0.1552254690902866,0.7509204731101503,0.21499384145118652,1.7274975330089495,57000.0,1,42
191,False,Accumulate,0.5831093314890683,42.66146185223374,84.961457468469,0.9338083428757304,0.1532464875866901,0.7512880724226523,0.21519067466068206,1.7235364687887609,57300.0,1,42
192,False,Accumulate,0.5808376713232557,42.65582918288385,85.42995457026946,0.9389575777795305,0.1379956627187735,0.7510110188131414,0.2150423082269174,1.7227036107652092,57600.0,1,42
193,False,Accumulate,0.5779891432176358,42.651044629844854,85.72913462046262,0.9422458550197842,0.13282412259320253,0.7507790530047346,0.2149181644164293,1.7213596859161764,57900.0,1,42
194,False,Accumulate,0.5806388626689453,42.65136773658677,86.49326825742763,0.9506444205167888,0.1386274398195551,0.750352967855508,0.21469031504791683,1.7225381962096051,58200.0,1,42
195,False,Accumulate,0.5782818952997926,42.64166943353277,86.12416834628122,0.9465876565834356,0.14093427663006158,0.7502979784763201,0.2146609267265461,1.7242367128006775,58500.0,1,42
196,False,Accumulate,0.5781307033928859,42.63481216345365,85.04567664672842,0.9347339928543454,0.14125340447374857,0.7503644581900453,0.21469645639895157,1.7223160835123097,58800.0,1,42
197,False,Accumulate,0.5783527103641869,42.63947059632885,84.54029603944673,0.9291793726598603,0.11866736900573537,0.7505297592919815,0.21478482558572243,1.7228980416238882,59100.0,1,42
198,False,Accumulate,0.5785212479474429,42.63169971824071,84.99188937426085,0.9341428188647821,0.14569585561733303,0.7504008237345838,0.21471589418274567,1.7235006732975473,59400.0,1,42
199,False,Accumulate,0.5774853208292188,42.62856382198515,83.84828509493339,0.9215735050982345,0.14285550239055705,0.7503801286255158,0.21470483220730158,1.7255257491050457,59700.0,1,42
200,False,Accumulate,0.5764369224811599,42.63036880382838,86.05520797713463,0.9458297156304949,0.14093678140946272,0.7505377346025552,0.2147890900523521,1.7267467024863214,60000.0,1,42
0,True,Accumulate + Select,0.29159999999986647,45.01193038501346,89.61353118144267,0.984939118809746,0.057405943899997085,0.7219280948873623,0.2,1.799999999999587,,1,42
1,True,Accumulate + Select,3.2111617079559363,29.60356827325795,59.5188724604091,0.6541698002616445,0.5402728631136254,0.7026389634277823,0.19055879987915736,2.1822426616736563,300.0,1,42
2,True,Accumulate + Select,4.94492945575121,24.75105457982571,49.538974002875804,0.5444810929539123,0.6879779267312477,0.9950393747218373,0.45856028082565164,2.1613096672042125,600.0,1,42
3,True,Accumulate + Select,7.748858249677747,21.534387382484642,43.253130345208,0.4753936099417349,0.9513595774311097,0.9491380502006735,0.36801794267729115,2.416809416104927,900.0,1,42
4,True,Accumulate + Select,10.021412214582742,18.957229444125186,38.03662887056574,0.41805922864946127,1.0500495961316714,0.9009180148552957,0.31684550338114853,2.545360276757992,1200.0,1,42
5,True,Accumulate + Select,12.032345760746159,17.115688742409667,33.82471675140684,0.3717662530635652,1.2144125382613997,0.9287246848839877,0.3441392189362445,2.5538945590414888,1500.0,1,42
6,True,Accumulate + Select,13.687448565227431,15.63354754280079,31.005359617872653,0.3407787995606931,1.1882148700074309,0.8986241445682651,0.3147887639237129,2.4732555621638426,1800.0,1,42
7,True,Accumulate + Select,15.095516534351606,14.499335830505299,28.830512735781323,0.31687513519938126,1.1964447527781248,0.8755437453966475,0.2953591398687039,2.3936562310022187,2100.0,1,42
8,True,Accumulate + Select,16.291229851460102,13.549966090484897,26.96183099132505,0.29633652092477986,1.1573554487964735,0.8530316542878066,0.2782327755870694,2.3298993660450313,2400.0,1,42
9,True,Accumulate + Select,17.440423362358988,12.802085687330436,25.592714457528835,0.28128861002821265,1.4163011595670025,0.8338523729124716,0.26476523299066923,2.2918491679764985,2700.0,1,42
10,True,Accumulate + Select,18.409629686073885,12.186572035639873,24.501963646915453,0.2693002068475439,1.2608943533984533,0.8102083613382066,0.24932615743010472,2.2985885690898002,3000.0,1,42
11,True,Accumulate + Select,19.29987391811904,11.597014988622231,22.418507385736472,0.24640101353476862,1.3576263963235236,0.793934557418341,0.2393361387947709,2.2999140176805635,3300.0,1,42
12,True,Accumulate + Select,20.07861059747128,11.132361205811344,21.75581475119306,0.239117382470311,1.5046194169283371,0.78196482261276,0.2322800532648952,2.304759689104255,3600.0,1,42
13,True,Accumulate + Select,20.776032842373567,10.688388673722148,21.33641009153452,0.2345077208437382,1.4520632040780406,0.7814249443093342,0.2319672581386313,2.291250970034696,3900.0,1,42
14,True,Accumulate + Select,21.343704823071686,10.273746338434732,21.00926725459564,0.23091210561363296,1.3955244788245287,0.782087780347087,0.2323513568186887,2.2673110249458452,4200.0,1,42
15,True,Accumulate + Select,21.844172406272172,9.875159734650556,20.450649530763684,0.22477235817361144,1.554175904070325,0.7877547117660885,0.23566382987034684,2.225997318767917,4500.0,1,42
16,True,Accumulate + Select,22.257928424278052,9.505316739040108,19.023172920097277,0.20908301375770424,1.5641466896856677,0.7984332241336862,0.24205027575737736,2.166049859748735,4800.0,1,42
17,True,Accumulate + Select,22.57310031618245,9.151413627642192,18.30713265804412,0.20121304082570377,1.4193648990451326,0.8190139492363697,0.2549397334989036,2.0809118989254,5100.0,1,42
18,True,Accumulate + Select,22.88965971307921,8.82522246898919,17.58726471085904,0.1933009979432034,1.615593140117294,0.829724101430308,0.26198304928444227,2.030118465482429,5400.0,1,42
19,True,Accumulate + Select,23.158851761065506,8.521323649103707,17.85103141815852,0.1962000483972346,1.5745979583309322,0.8409814234647972,0.26966354041509943,1.984311418528171,5700.0,1,42
20,True,Accumulate + Select,23.39277201913188,8.234330220384033,16.538318818273012,0.18177207112264387,1.6279798565068415,0.8505185429972896,0.2764140303354274,1.9442643569134852,6000.0,1,42
21,True,Accumulate + Select,23.602059182166244,7.9657966689810324,16.24336131154689,0.17853020370674066,1.7143459437730761,0.8597211305014666,0.28316018397085185,1.908360006763963,6300.0,1,42
22,True,Accumulate + Select,23.79869583359909,7.711733037927973,15.562393213209893,0.17104570767281488,1.552071121290005,0.8759947718977158,0.2957190481300581,1.862732246777893,6600.0,1,42
23,True,Accumulate + Select,23.95331754580137,7.468571900145814,15.114264046985355,0.16612033602106654,1.5940322150869708,0.8978457652557196,0.31409655162926287,1.8070216676796755,6900.0,1,42
24,True,Accumulate + Select,24.120858476535204,7.235763782258382,14.244998785472685,0.15656627259561468,1.4916387192092424,0.9227142559139438,0.33781686287379675,1.7467671087437109,7200.0,1,42
25,True,Accumulate + Select,24.23701697360975,7.0187353816079785,13.754701535443573,0.1511774330416778,1.5602073991443568,0.9379915372798898,0.3544637841421146,1.6955200156600838,7500.0,1,42
26,True,Accumulate + Select,24.351887614588353,6.810771565391269,13.284652193480373,0.14601113752171943,1.5227974709735022,0.9455395076021753,0.3634868292894532,1.6538131869611261,7800.0,1,42
27,True,Accumulate + Select,24.46299264580317,6.612590017227778,12.960682023268271,0.1424503929582307,1.686305159798936,0.948406685693577,0.36708389490481225,1.62055705466084,8100.0,1,42
28,True,Accumulate + Select,24.559272765039527,6.426318325737264,12.694881632947512,0.1395289903667878,1.6105289184917049,0.9510925940417607,0.37054886538338366,1.585872098918803,8400.0,1,42
29,True,Accumulate + Select,24.655653928476344,6.249607908336554,12.464220216054478,0.13699379897657196,1.8442819932129462,0.9527297038440696,0.37270934144723894,1.55422753192379,8700.0,1,42
30,True,Accumulate + Select,24.72314220872275,6.083958254523156,12.488363458018522,0.13725915648622225,1.6218809084068173,0.9510577194194765,0.3705032521011484,1.5334344860467568,9000.0,1,42
31,True,Accumulate + Select,24.799369084784278,5.925553027739232,11.62389130919139,0.1277577739910117,1.5725264600096087,0.9495490654564646,0.36854592075974163,1.512233584664235,9300.0,1,42
32,True,Accumulate + Select,24.860903635025632,5.774090129134485,11.7701361091746,0.12936514536146163,1.4642012768004835,0.9477649793486489,0.3662699932024274,1.4919923583754826,9600.0,1,42
33,True,Accumulate + Select,24.93168623125944,5.630931792264102,11.17622669757116,0.12283750824231812,1.7416538037639222,0.9455191852894882,0.36346168928942774,1.4732661992553742,9900.0,1,42
34,True,Accumulate + Select,24.994142448706732,5.494280219038869,10.92107934601891,0.12003319281928575,1.5761796852855041,0.9428847465986897,0.3602430410037973,1.4554921343879759,10200.0,1,42
35,True,Accumulate + Select,25.05206407405712,5.363589625873187,10.684714795874696,0.11743531849531183,1.7740813467479581,0.9399353110752579,0.3567299877864286,1.4377011725861442,10500.0,1,42
36,True,Accumulate + Select,25.112649044706984,5.238675604456814,10.35899904522594,0.11385538831962343,1.6176355939854703,0.9367535478652652,0.3530397467621964,1.421238596387726,10800.0,1,42
37,True,Accumulate + Select,25.162971480690793,5.119558373834833,10.042497706786744,0.11037673341924649,1.7584011519030993,0.9333971905232782,0.34925081627556204,1.405288022240081,11100.0,1,42
38,True,Accumulate + Select,25.213922715112407,5.006845056450142,9.832387938405672,0.10806742446339734,1.752902744463601,0.9299731170837784,0.3454872844742311,1.3902144753168415,11400.0,1,42
39,True,Accumulate + Select,25.26612964501392,4.897503901849329,9.676130639823311,0.10635000607864818,1.7551766530882291,0.9267383804692183,0.34201976532245965,1.374323016485938,11700.0,1,42
40,True,Accumulate + Select,25.309411716724735,4.79351583382559,9.326078849872196,0.10250259936465382,1.8828645639900032,0.9237464632674007,0.33888368813241637,1.358722389578539,12000.0,1,42
41,True,Accumulate + Select,25.35040154995664,4.693095491584217,9.051710596037443,0.09948702769150754,1.7058911149837261,0.9209251763951278,0.33598547797143663,1.3418235016853672,12300.0,1,42
42,True,Accumulate + Select,25.37831112838848,4.597298213293432,9.26609778780305,0.10184334965491923,1.8008546001215786,0.9183417073107505,0.3333792134223455,1.325046491287788,12600.0,1,42
43,True,Accumulate + Select,25.41630077739332,4.505250464249643,9.061417674817308,0.09959371784748743,1.668268001343644,0.9159223209676184,0.33097785168637994,1.3079161181940444,12900.0,1,42
44,True,Accumulate + Select,25.451162148071845,4.416840643699132,8.841120740099026,0.09717244211047188,1.8209513447255516,0.9136193573919047,0.32872592519589305,1.2910806129987686,13200.0,1,42
45,True,Accumulate + Select,25.478985713640142,4.3328024236750915,8.795000180219448,0.09666553268498759,1.7307710472568123,0.9113640132269734,0.3265513311084178,1.2751529967676773,13500.0,1,42
46,True,Accumulate + Select,25.507875681179087,4.250905656011908,8.759287014304418,0.09627301055465176,1.6592102558174013,0.9092951587726358,0.3245823500478966,1.2585396653160574,13800.0,1,42
47,True,Accumulate + Select,25.543168208362957,4.172137805527255,8.23139889802276,0.09047101113307042,1.872087850869372,0.9073095104545948,0.32271499109790563,1.2425119141105527,14100.0,1,42
48,True,Accumulate + Select,25.57125085561368,4.096071837593992,8.270186706652215,0.09089732655160586,1.7399670257211126,0.9054759655520004,0.321009583748596,1.2268586212198649,14400.0,1,42
49,True,Accumulate + Select,25.593881018968332,4.023116595945394,8.3711440342903,0.09200694493189164,1.7196412074049312,0.9037001977631677,0.31937472489213153,1.2112175499958422,14700.0,1,42
50,True,Accumulate + Select,25.61833563540777,3.9524815195276073,7.950923625829402,0.08738831743938348,1.8034891996787799,0.9020180173950493,0.3178408753433288,1.1961022282529898,15000.0,1,42
51,True,Accumulate + Select,25.643156986857175,3.884438687483109,8.00174438104363,0.08794688654382599,1.7844428441598887,0.9005307116921261,0.3164964545078163,1.1806289327132347,15300.0,1,42
52,True,Accumulate + Select,25.66748551073552,3.818856574882834,7.82396474751248,0.08599291694477115,1.8563699635067532,0.8992073842794686,0.31530931640678317,1.1654144108784552,15600.0,1,42
53,True,Accumulate + Select,25.689208607823087,3.7556299052992883,7.665431153036264,0.08425047987319774,1.7028880360475847,0.8981368807740131,0.3143551068204869,1.1505708369991898,15900.0,1,42
54,True,Accumulate + Select,25.7107747720152,3.6941655774796263,7.51002733646145,0.08254244207869371,1.7681150843381972,0.8973486901811364,0.31365598882147655,1.134049241574436,16200.0,1,42
55,True,Accumulate + Select,25.733546626097105,3.634938565429065,7.227369654219226,0.07943576159414974,1.7792036162860996,0.8967831803768038,0.31315616755126663,1.1181632945597888,16500.0,1,42
56,True,Accumulate + Select,25.752572117282597,3.577365941296331,7.090132729062057,0.07792739545400981,1.8530409997120743,0.8964683991642096,0.312878590266867,1.101851481521572,16800.0,1,42
57,True,Accumulate + Select,25.76962018794341,3.5221750649776578,6.983737331658026,0.07675800744325995,1.8244816715842127,0.8962593858353186,0.3126945315682639,1.0860928872850664,17100.0,1,42
58,True,Accumulate + Select,25.786820129389266,3.4682715515383764,7.0546670546157495,0.07753759349356243,1.8518793838049987,0.8962302570109498,0.312668896394842,1.0703843311034202,17400.0,1,42
59,True,Accumulate + Select,25.804478761295872,3.4156766347047727,6.495027457374249,0.07138661467941398,1.8459150262484882,0.8962948116271996,0.3127257136972039,1.0544349006750717,17700.0,1,42
60,True,Accumulate + Select,25.819069989940377,3.364925443509815,6.815545008190312,0.07490941162650276,1.8253653994323442,0.8944330423099289,0.311094682234421,1.0443565203204903,18000.0,1,42
61,True,Accumulate + Select,25.833843973519283,3.3157360194966765,6.75151768691538,0.07420568962643344,1.8230563506185649,0.895534941319309,0.31205812403149297,1.027108495753777,18300.0,1,42
62,True,Accumulate + Select,25.847589427720944,3.2675053976293778,6.407139434614875,0.07042064056200888,1.7151813149799722,0.893793509436425,0.31053799853496517,1.0171583518008072,18600.0,1,42
63,True,Accumulate + Select,25.864358015332467,3.220583125587413,6.600738165195397,0.07254847729142627,1.8378374881894646,0.8946400888400438,0.3112752968730346,1.001006905055224,18900.0,1,42
64,True,Accumulate + Select,25.877880061323204,3.175280159869245,6.354884836554284,0.06984631214208145,1.7899231044198411,0.8925738108494665,0.3094813087165054,0.9927360095847437,19200.0,1,42
65,True,Accumulate + Select,25.889348591456752,3.131009852481427,6.139016888761567,0.06747371524209168,1.9311804386672509,0.8911065223518125,0.3082186833904348,0.9830079747022018,19500.0,1,42
66,True,Accumulate + Select,25.90390143787497,3.0882747800302868,6.202340066813932,0.06816969802916485,1.8095285392073588,0.8897292345935071,0.3070418622542493,0.9739457385806758,19800.0,1,42
67,True,Accumulate + Select,25.917297467517397,3.046515033968984,6.233877633282749,0.06851632629520547,1.770548753463141,0.8882743085497485,0.30580732717561543,0.9650655918699442,20100.0,1,42
68,True,Accumulate + Select,25.928758324347072,3.0059747743653666,5.780435088145914,0.0635325554857096,1.8341982428509032,0.8866954738083651,0.3044774860028262,0.9565234072908707,20400.0,1,42
69,True,Accumulate + Select,25.94117498160223,2.9663724194837724,6.16923327338453,0.06780582244567793,1.7308580319605478,0.8849965403043033,0.3030576878132109,0.9485322939387426,20700.0,1,42
70,True,Accumulate + Select,25.952893667681405,2.9279524785924216,5.744524711948397,0.06313786582420641,1.8187304792792216,0.8831722167319797,0.3015457530975842,0.9411580764529309,21000.0,1,42
71,True,Accumulate + Select,25.963743276012014,2.8905244525107077,5.82930680124883,0.0640697027379571,1.8382575480700605,0.8811822165718685,0.29991111240912427,0.9345085039208871,21300.0,1,42
72,True,Accumulate + Select,25.974375069757073,2.8539962282945925,5.890769962077309,0.06474524214219163,1.7265989375990594,0.8790442341743776,0.29817148174428215,0.9283201556289252,21600.0,1,42
73,True,Accumulate + Select,25.985208636153715,2.818397960238438,5.64259021524261,0.06201750741361736,1.7900501090822472,0.8767752325394663,0.2963435356266751,0.9224545175167371,21900.0,1,42
74,True,Accumulate + Select,25.992935491155848,2.783754353755399,5.682814623160615,0.06245961244359534,1.805430848815497,0.8744304216827925,0.2944737847327975,0.9171348678609651,22200.0,1,42
75,True,Accumulate + Select,26.00292826789505,2.7499441312143533,5.435603840256101,0.059742527562951085,1.9282360492358293,0.8720131743092664,0.292566222656268,0.912020098681383,22500.0,1,42
76,True,Accumulate + Select,26.010811903005134,2.7169904297502123,5.480358379648209,0.06023442310607335,1.7911523983665145,0.8695437639838516,0.2906378417402008,0.9071581798897072,22800.0,1,42
77,True,Accumulate + Select,26.01977946912018,2.6847081657619714,5.480626289057605,0.060237367688818086,1.8928889786760759,0.8670522617716104,0.28871248218653683,0.9023896437249114,23100.0,1,42
78,True,Accumulate + Select,26.02858819250028,2.6532130892231636,5.200473092698194,0.057158213919112445,1.7478635235735605,0.864564531399289,0.2868098080155146,0.8979615501044695,23400.0,1,42
79,True,Accumulate + Select,26.037405475036397,2.622523164293754,5.255329963821795,0.05776114382928129,1.846609593755928,0.8620486515220206,0.2849051632627703,0.8938260895684425,23700.0,1,42
80,True,Accumulate + Select,26.045390192952397,2.5924491490611192,5.054697365428722,0.05555599811009659,1.8818069208770467,0.8595226022752391,0.2830120903245704,0.8893591338774787,24000.0,1,42
81,True,Accumulate + Select,26.053634299587284,2.562959696334364,5.240586071081088,0.057599094231052035,1.872551897227833,0.8570351632728204,0.281166337111896,0.8849808171432396,24300.0,1,42
82,True,Accumulate + Select,26.062573825013406,2.5342848712090404,5.025983573250166,0.05524040584637057,1.7812049995917145,0.8545283400733563,0.2793241921909064,0.8807486272557598,24600.0,1,42
83,True,Accumulate + Select,26.067411679267497,2.506278517407507,5.104405508596271,0.05610233853529403,1.8410744361863043,0.8520408623181589,0.2775136773640819,0.8768534353444524,24900.0,1,42
84,True,Accumulate + Select,26.078083799203412,2.478885071315958,4.947147739497486,0.0543739240148514,1.840790728752845,0.8495915258590416,0.2757474658148861,0.8728568367865737,25200.0,1,42
85,True,Accumulate + Select,26.08656618741853,2.451877837598671,4.939480742251289,0.05428965632210425,1.7759156911941858,0.8471612361899817,0.2740108326492032,0.8683975662400696,25500.0,1,42
86,True,Accumulate + Select,26.09149116939205,2.4256302479588254,4.87931119742661,0.053628335005139166,1.8043670038818722,0.8447336191954827,0.2722915057627668,0.8645838697835564,25800.0,1,42
87,True,Accumulate + Select,26.098921742321924,2.3999627536323422,4.904745663067536,0.05390788430807924,1.7330263560432182,0.8423168338718671,0.2705947939154504,0.8608896866823659,26100.0,1,42
88,True,Accumulate + Select,26.10444856848467,2.3749216776630395,4.755756368127281,0.052270348291633004,1.8576096799186912,0.8399469742498883,0.2689451895390535,0.8572719971264021,26400.0,1,42
89,True,Accumulate + Select,26.11115613042069,2.3502074536589235,4.559707619347513,0.0501155834997409,1.9053914667348542,0.8376197587226022,0.2673386278943837,0.853289296922564,26700.0,1,42
90,True,Accumulate + Select,26.120316798627197,2.326113554882043,4.552603627186141,0.05003750377576164,1.8391717755493033,0.8352977057985437,0.26574855271417847,0.8495960958248655,27000.0,1,42
91,True,Accumulate + Select,26.12702518909636,2.3025554254688103,4.441842384473585,0.04882013091524246,1.6723056627888129,0.8330082739697366,0.26419319986534917,0.8461670983753399,27300.0,1,42
92,True,Accumulate + Select,26.132694072131837,2.2794978113145103,4.6758816737540965,0.051392448380158315,1.9906369868899296,0.8307380007746014,0.2626627677670706,0.8427104359997268,27600.0,1,42
93,True,Accumulate + Select,26.138663907373303,2.2567314386740196,4.62663397900504,0.05085116872707405,1.7898428635189088,0.82849656743725,0.2611631854576102,0.8389622322542425,27900.0,1,42
94,True,Accumulate + Select,26.14663569520495,2.2345155389817353,4.346177085796473,0.04776867703615219,1.9579239668071389,0.8262833504131264,0.259693396052178,0.835498375988479,28200.0,1,42
95,True,Accumulate + Select,26.15260687732829,2.21274106451733,4.385212566838453,0.04819771461332294,1.9384011357146274,0.8241090841409435,0.25825984428389853,0.8321846870883612,28500.0,1,42
96,True,Accumulate + Select,26.1596006891434,2.191240779706025,4.20235672339231,0.04618795257249452,1.8881901407270814,0.8219671458620036,0.25685748093920424,0.8284694719248723,28800.0,1,42
97,True,Accumulate + Select,26.164946005606406,2.170275969710654,4.313495243317139,0.047409472073371525,1.8904837253294127,0.8198494739344134,0.2554804742823198,0.825074399442011,29100.0,1,42
98,True,Accumulate + Select,26.169701013451927,2.149847660867019,4.21655463392437,0.04634400129977962,1.877413074420645,0.8177319289334618,0.25411280688706345,0.8217266304466937,29400.0,1,42
99,True,Accumulate + Select,26.174903051225638,2.129719387951752,4.003510583526257,0.04400244175513989,1.7534560047523715,0.8156181257876156,0.2527566362536374,0.8184524343014608,29700.0,1,42
100,True,Accumulate + Select,26.180041181554568,2.1099830280453844,4.209584055322098,0.0462673879194608,1.8107426867270102,0.8135338448263857,0.2514281455613957,0.8153541162585952,30000.0,1,42
101,True,Accumulate + Select,26.185856538576285,2.0905594450263356,3.948699901737119,0.04340001951029553,1.9509204255274766,0.811484377781234,0.2501301724833029,0.8120800866170443,30300.0,1,42
102,True,Accumulate + Select,26.190346596362065,2.0715986422550188,4.269524207591927,0.04692618799105304,1.772087675996767,0.8094615861183565,0.2488570659261164,0.8091048413086043,30600.0,1,42
103,True,Accumulate + Select,26.194266730760877,2.0529398258125453,4.157562340856192,0.04569561911480028,1.8145303647522857,0.8074339680455249,0.2475887504118647,0.8058862681072718,30900.0,1,42
104,True,Accumulate + Select,26.197856632051806,2.0345486961520693,4.179352177240544,0.04593511042782485,1.8144543379310905,0.8054333342255854,0.24634488270851324,0.8026264361486983,31200.0,1,42
105,True,Accumulate + Select,26.203445920437144,2.0165579221088823,4.152429583975688,0.045639205167349504,1.8163849809429085,0.8034722974876157,0.2451328245249341,0.79952076385286,31500.0,1,42
106,True,Accumulate + Select,26.207509174724752,1.9989028484167948,3.9582317080464082,0.043504783252814816,1.8686855431149922,0.8015438118163501,0.24394772980773127,0.7964901968325316,31800.0,1,42
107,True,Accumulate + Select,26.211931942033768,1.9814734248775134,3.8955024734723107,0.04281532847728627,1.7855950288656222,0.7996319528589306,0.24277946038974474,0.7932484539494354,32100.0,1,42
108,True,Accumulate + Select,26.21651918821586,1.9644566382303368,3.8228149992440597,0.04201642304558396,1.9400997375153266,0.7977572861788355,0.24164022082914924,0.790315194094272,32400.0,1,42
109,True,Accumulate + Select,26.220234307475614,1.9476630353169508,3.8320812036285785,0.04211826756683957,1.817610464476322,0.7959331875676606,0.2405376244695702,0.7871624638711873,32700.0,1,42
110,True,Accumulate + Select,26.222516997330036,1.93117380974931,3.7242266331321146,0.04093284183677539,1.905089580915031,0.7941538511816217,0.2394676335371377,0.7840283120594197,33000.0,1,42
111,True,Accumulate + Select,26.226727429674504,1.914931044907564,3.77468909887239,0.0414874729944134,1.846768309415535,0.792439287709737,0.23844171450983662,0.7807974684066462,33300.0,1,42
112,True,Accumulate + Select,26.230268037745304,1.8990115587598198,3.820426000491091,0.04199016564566271,1.8483134310496687,0.7907497378373367,0.23743562183677017,0.777582956624206,33600.0,1,42
113,True,Accumulate + Select,26.234789813990336,1.8833023131062951,3.9499596596056645,0.04341386546401034,1.9276954355667257,0.789100412697836,0.23645808234294255,0.7744355758067774,33900.0,1,42
114,True,Accumulate + Select,26.238334047534632,1.8679070603750696,3.8152131172332533,0.04193287103206203,1.8183427922335613,0.7874749221723158,0.23549906718449,0.7713062332852829,34200.0,1,42
115,True,Accumulate + Select,26.2426731654845,1.8527431478177088,3.723094687793596,0.04092040066601063,1.8415487862615705,0.7858654700494788,0.23455376964698055,0.7681140390317746,34500.0,1,42
116,True,Accumulate + Select,26.246208149931075,1.837910783923136,3.705374536896538,0.0407256391207437,1.9100289325597524,0.7842752975550134,0.23362391042348316,0.7651901598701559,34800.0,1,42
117,True,Accumulate + Select,26.25044436728897,1.8232259944635238,3.733434278634425,0.04103404273944929,1.884257613750763,0.7826882971699218,0.2326999414738203,0.7620660494155734,35100.0,1,42
118,True,Accumulate + Select,26.253652935126084,1.8088553756191872,3.513326842065189,0.038614849769818056,1.9946560804938818,0.7811132102584359,0.2317868541086974,0.759117585410401,35400.0,1,42
119,True,Accumulate + Select,26.256850736353016,1.7945987342892984,3.4912384621591768,0.038372077175615596,1.8669616955633743,0.7795626407688363,0.23089178040325561,0.7561116728902456,35700.0,1,42
120,True,Accumulate + Select,26.26059024223148,1.7805972411428819,3.5179669798401383,0.03866584935828379,1.8576749397228953,0.7780289642739178,0.2300101313081567,0.7531381947576623,36000.0,1,42
121,True,Accumulate + Select,26.26383494661715,1.7668525095715883,3.6858480084090512,0.0405110237439326,1.8693074740919866,0.7764902199064732,0.22912920438540998,0.7502399179755397,36300.0,1,42
122,True,Accumulate + Select,26.26738878855155,1.7532821203481037,3.5083377677401617,0.038560015032199926,1.9052692532035453,0.7749500824222123,0.2282510913572951,0.7473080435307705,36600.0,1,42
123,True,Accumulate + Select,26.270782236437682,1.7399691212304433,3.347417776955133,0.03679134916407598,1.9165007929182505,0.7734123400800914,0.22737791423310869,0.7445087450113325,36900.0,1,42
124,True,Accumulate + Select,26.274188774368938,1.726826328680717,3.468428722262898,0.038121376139538435,1.8054870321133425,0.7718746809845232,0.22650831788462816,0.7416206528430758,37200.0,1,42
125,True,Accumulate + Select,26.277307757100246,1.713871898021929,3.5022562985440735,0.0384931738215915,1.796274198407243,0.7703874494012728,0.22567057023607404,0.7388839131237597,37500.0,1,42
126,True,Accumulate + Select,26.281541702600684,1.701123571212748,3.6585851700756873,0.04021137886206819,1.9262239642314203,0.7689141258590104,0.22484385654882239,0.7360777633584173,37800.0,1,42
127,True,Accumulate + Select,26.284672097262266,1.6885734898904476,3.2796641100180146,0.03604667103199727,1.8534960488046734,0.7674386078557414,0.2240190748545895,0.7333008161588705,38100.0,1,42
128,True,Accumulate + Select,26.288238281690266,1.676216546695857,3.137226336598895,0.03448114255446639,1.8043921576981794,0.7659484439867306,0.223189291048483,0.7305707559597089,38400.0,1,42
129,True,Accumulate + Select,26.291051111512743,1.6640276819363964,3.303363301211193,0.03630714799549345,1.8422344184661816,0.7644875228151152,0.2223788703150072,0.7279409268191155,38700.0,1,42
130,True,Accumulate + Select,26.29435173482545,1.652019888072311,3.4298025501965013,0.03769683726269136,1.9130564302908555,0.7630485402231155,0.22158357463183548,0.725328029496181,39000.0,1,42
131,True,Accumulate + Select,26.297086333495525,1.6401861431458138,3.3843650393030553,0.037197435204204383,1.9480632493717316,0.7616298300645002,0.22080232988364665,0.7226406174135326,39300.0,1,42
132,True,Accumulate + Select,26.30032025591565,1.6285343081427526,3.2956703222359907,0.036222594738491265,1.9835526501427738,0.7602272096304385,0.22003270105418107,0.720074789135556,39600.0,1,42
133,True,Accumulate + Select,26.302459891983418,1.6170588564747637,3.1926449574508817,0.03509024663582537,1.8216656368259867,0.7588405915322444,0.2192745243362968,0.7174941656887305,39900.0,1,42
134,True,Accumulate + Select,26.30586773381181,1.6057367333574504,3.107643904779519,0.034156003103489596,1.8082511778116772,0.7574755595770072,0.2185307243749307,0.714877759728196,40200.0,1,42
135,True,Accumulate + Select,26.308413765050446,1.594569032732393,3.1018115301925895,0.03409189968282886,1.8385605084722427,0.7561247031707727,0.2177971430315417,0.712361506888377,40500.0,1,42
136,True,Accumulate + Select,26.31105749319075,1.5835745619618715,3.2409115018001446,0.03562074249992764,1.9042845190272861,0.7547870731101609,0.21707317060018366,0.7097955461330511,40800.0,1,42
137,True,Accumulate + Select,26.314246330339355,1.5727120325005477,3.059851272068504,0.033630715985267734,1.9438995320880628,0.7534676804520763,0.21636141636110587,0.7072815080156288,41100.0,1,42
138,True,Accumulate + Select,26.316631051269354,1.5620259542472947,3.1479724553519777,0.03459925276166106,2.0116188969128683,0.7521604475062195,0.21565850396636316,0.7048415822301599,41400.0,1,42
139,True,Accumulate + Select,26.318954635499917,1.5514713254533665,3.35890538284038,0.03691760902984268,1.9288662204093665,0.7508801601107922,0.21497226640118886,0.7024213946366092,41700.0,1,42
140,True,Accumulate + Select,26.32061768110339,1.5410901381499866,2.996823204418451,0.03293797674608039,1.8979407091865361,0.7496129405816893,0.21429514826536472,0.7000389792758391,42000.0,1,42
141,True,Accumulate + Select,26.32351805903947,1.5308258550117488,3.176651172987663,0.03491445952233979,1.9572900522498635,0.7483568635749084,0.21362604596469717,0.6976643459509643,42300.0,1,42
142,True,Accumulate + Select,26.325781381211087,1.5206808675044248,2.949932879424648,0.03242260685973378,1.9078448919541593,0.7471141985522085,0.21296609438649053,0.6951599565854377,42600.0,1,42
143,True,Accumulate + Select,26.328244550444126,1.5106861722373583,2.9080054041930246,0.03196178347777219,1.8440845281244145,0.7458835176052856,0.21231446070036342,0.6928053023660226,42900.0,1,42
144,True,Accumulate + Select,26.32996967205071,1.5008405294498002,2.9639098748666823,0.032576227517158954,1.8583204277356447,0.7446703256256182,0.2116739773104942,0.6904830897883995,43200.0,1,42
145,True,Accumulate + Select,26.33203547923705,1.4911060261432774,3.0401389656235516,0.033414058729565044,1.8521778877243862,0.7434776055753127,0.21104611907867257,0.6881385720699942,43500.0,1,42
146,True,Accumulate + Select,26.334216719345275,1.481501451121196,3.0576524748235707,0.03360654908332431,1.813144102712794,0.7422913746747766,0.2104234525521677,0.6858301774901813,43800.0,1,42
147,True,Accumulate + Select,26.33672405577719,1.4720182022312103,2.930630925516858,0.032210459774102786,1.9548208761397983,0.7411241800538363,0.20981249602314558,0.683436227894085,44100.0,1,42
148,True,Accumulate + Select,26.33839278812658,1.4626389206519586,3.10092582175095,0.03408216489299824,1.9442580477920497,0.7399995448793134,0.20922541859750607,0.6810544409152943,44400.0,1,42
149,True,Accumulate + Select,26.34095403121429,1.4533914757149653,2.8420404408854836,0.031236764923365516,1.9869612921600728,0.7388807508603017,0.20864294080343354,0.6786282284202826,44700.0,1,42
150,True,Accumulate + Select,26.34338750464449,1.4442496012469597,2.960841995047984,0.032542508559704586,1.9303207643241511,0.73777865182849,0.20807065804768762,0.6763325491848423,45000.0,1,42
151,True,Accumulate + Select,26.346055563942453,1.4352185934531687,2.859952396612652,0.0314336345886659,1.8769692890906535,0.7367135477881511,0.20751899497941426,0.6739023868345824,45300.0,1,42
152,True,Accumulate + Select,26.34873558309465,1.4263230921793173,2.9383758602933527,0.03229558407546029,1.8633978333885792,0.7356793705233554,0.20698466848223357,0.6715028570836489,45600.0,1,42
153,True,Accumulate + Select,26.350744064533117,1.4175165931668192,2.7612533421680214,0.03034883680834832,1.998082761981316,0.7346685909526758,0.20646367919331995,0.6690643777515474,45900.0,1,42
154,True,Accumulate + Select,26.35289904175351,1.4088305972788358,2.8893361391384302,0.03175659025271707,1.916516677778498,0.7336881299970623,0.20595949010428982,0.6667131336185913,46200.0,1,42
155,True,Accumulate + Select,26.35473322991017,1.400270386350764,2.913497089510453,0.032022142394846624,1.9023313258700407,0.7327371351341943,0.2054715515777034,0.6643584263900559,46500.0,1,42
156,True,Accumulate + Select,26.356958501397294,1.3918118811273164,3.016028117259599,0.03314905725681575,1.891280152895213,0.7318009982098859,0.20499228728836444,0.6619179664368972,46800.0,1,42
157,True,Accumulate + Select,26.358622330132327,1.383433363475808,2.7564165462847323,0.03029567575764155,1.8310197894180726,0.7308951253838839,0.20452950489326086,0.6595629809864068,47100.0,1,42
158,True,Accumulate + Select,26.360586318934413,1.375154654749845,2.8031396050328894,0.030809207226659654,2.026879280240938,0.7300080524371035,0.20407726405770663,0.6571244589765481,47400.0,1,42
159,True,Accumulate + Select,26.36214071171058,1.3669877236168908,2.7051505263800246,0.02973221276489786,2.067671366947523,0.729144604358555,0.20363795422147699,0.6547652083769379,47700.0,1,42
160,True,Accumulate + Select,26.36365291176586,1.358923874702708,2.6540802928388914,0.029170901653079645,1.9630402078506926,0.7282903578378275,0.20320418308636387,0.6523777101470575,48000.0,1,42
161,True,Accumulate + Select,26.365132949492754,1.3509583126396938,2.6455745386020206,0.029077415212221586,1.969120798207522,0.7274522599727866,0.20277943687891603,0.6500320318219374,48300.0,1,42
162,True,Accumulate + Select,26.367165984176147,1.3430731975003944,2.696197277051525,0.029633807921479276,2.006854741868324,0.7266440557745222,0.20237061135458906,0.6475965341495463,48600.0,1,42
163,True,Accumulate + Select,26.36902422420247,1.3352835069980031,2.635224346778243,0.02896365662375817,1.887290165410216,0.7258484164845765,0.20196887781004602,0.645220240010296,48900.0,1,42
164,True,Accumulate + Select,26.370687152281775,1.3275686623619873,2.8160083618626444,0.030950647273100994,1.898100180505375,0.7250762476232784,0.2015796905156585,0.642807687918943,49200.0,1,42
165,True,Accumulate + Select,26.372184650060458,1.3199582687721392,2.588437740954068,0.028449426711098458,1.8298672543079049,0.7243031074271136,0.2011906974596096,0.6404957223355726,49500.0,1,42
166,True,Accumulate + Select,26.37412109377879,1.3124303359059826,2.5028851078075287,0.02750912077747115,2.058785566458506,0.7235404961261364,0.20080766962801563,0.6381397879621323,49800.0,1,42
167,True,Accumulate + Select,26.375779673861427,1.3049949445338707,2.5478579084059976,0.028003415221712794,1.869416936160801,0.7228038255516748,0.2004382981409749,0.6358448140700013,50100.0,1,42
168,True,Accumulate + Select,26.377675201192115,1.2976445126214171,2.6644760031382813,0.02928516053348188,1.7839717334880252,0.7220407335569647,0.20005632648617216,0.6335672023454975,50400.0,1,42
169,True,Accumulate + Select,26.37917300101059,1.2903880511398014,2.537675802038957,0.02789150405449772,2.008385291961189,0.7212581374247135,0.19966527393970843,0.6313570558488023,50700.0,1,42
170,True,Accumulate + Select,26.380850761394132,1.283209120041256,2.6532038726919898,0.02916126895056457,1.9608509231562483,0.7204677932250911,0.19927104808458454,0.6291663353710759,51000.0,1,42
171,True,Accumulate + Select,26.382740475850476,1.276121660767018,2.5032962705727555,0.027513639852730556,1.955022949261061,0.7196953654811798,0.19888643448471155,0.6270255689252155,51300.0,1,42
172,True,Accumulate + Select,26.384876554268907,1.2690749226179356,2.4679167638244457,0.027124784958372596,2.0115974107668375,0.7189283385543318,0.1985051683669455,0.6247704501402939,51600.0,1,42
173,True,Accumulate + Select,26.386413070733806,1.2621249723131953,2.4661085188529634,0.02710491060251,1.9031190743107866,0.7181581380173707,0.19812298232017644,0.6226674290488763,51900.0,1,42
174,True,Accumulate + Select,26.388341145963334,1.2552583206120425,2.561930308542227,0.02815808446872252,1.9693351905244345,0.7173772131564432,0.19773614494985373,0.6206177884897525,52200.0,1,42
175,True,Accumulate + Select,26.39024288458296,1.2484654690089005,2.589234599928539,0.028458184959610527,1.9972483844708697,0.7165985934001184,0.19735111883864043,0.6185543028901834,52500.0,1,42
176,True,Accumulate + Select,26.39204532671249,1.2417458052134513,2.3505156289580262,0.02583443328047174,1.776638998210137,0.7158164024166027,0.19696499727380756,0.616519740401828,52800.0,1,42
177,True,Accumulate + Select,26.393196182559688,1.2350984400558005,2.3391668175511047,0.02570969889985639,1.9713395032350165,0.715021345015555,0.19657321045917878,0.6145231171784766,53100.0,1,42
178,True,Accumulate + Select,26.39476111383489,1.2285167264470704,2.4324564059717395,0.026735041432415486,1.9660775905429462,0.7142303349634274,0.19618410198107697,0.6125425815741978,53400.0,1,42
179,True,Accumulate + Select,26.396525097775413,1.2219974968125211,2.422951118405492,0.02663056915645331,1.9829705787436338,0.7134344755753814,0.19579329389401062,0.6105599420539316,53700.0,1,42
180,True,Accumulate + Select,26.398471979554312,1.2155475779838354,2.1993423037994435,0.02417289266594379,1.9800706370710648,0.712644049626845,0.19540583227150837,0.6086009818782945,54000.0,1,42
181,True,Accumulate + Select,26.39981834851641,1.2091726658909707,2.355290060619633,0.02588690888824663,2.0003923697519945,0.7118598159053179,0.19502207167246222,0.606676212673542,54300.0,1,42
182,True,Accumulate + Select,26.401281158079577,1.2028865921591652,2.4682077240107567,0.027127982891382664,1.8802276996065796,0.7110658906238367,0.19463424141739352,0.6048612320269482,54600.0,1,42
183,True,Accumulate + Select,26.402292738782002,1.1966519719978046,2.4506658674658954,0.026935180972969246,1.8729682742199931,0.7102605231875941,0.19424151082815216,0.6030364252174344,54900.0,1,42
184,True,Accumulate + Select,26.403592624008237,1.1904916864076382,2.395073359702621,0.02632416570678228,2.0261201531730793,0.7094555237175496,0.19384965066538556,0.6012531037742673,55200.0,1,42
185,True,Accumulate + Select,26.40554304854124,1.1843875945947016,2.4133190836340326,0.02652470380648805,1.9300341178964255,0.7086553241778856,0.1934608091391161,0.599465924216282,55500.0,1,42
186,True,Accumulate + Select,26.40695096020379,1.1783417350117924,2.2117688506828137,0.024309472398667115,1.8456855091572337,0.7078587076421577,0.19307438171152075,0.5976410197586243,55800.0,1,42
187,True,Accumulate + Select,26.40829129262066,1.1723660520900414,2.369865463847479,0.026047106624261122,2.161074930135376,0.7070561538029004,0.1926857506983927,0.5958946452922871,56100.0,1,42
188,True,Accumulate + Select,26.40977899004227,1.1664314508565705,2.4254759589668695,0.026658319588836372,1.8477958059265367,0.7062445896581104,0.19229344446246005,0.594098296752717,56400.0,1,42
189,True,Accumulate + Select,26.410676623576737,1.160561889207043,2.3151556869031964,0.025445793420960656,2.003873991537512,0.7054428484034699,0.1919065633414401,0.5923621597654984,56700.0,1,42
190,True,Accumulate + Select,26.411930084363384,1.154752600059791,2.383477285253931,0.026196713666910985,1.8187441646772688,0.7046472453087166,0.19152330670658912,0.5906282815130658,57000.0,1,42
191,True,Accumulate + Select,26.41340170133692,1.1490052042882404,2.1820549974423216,0.02398288849954728,1.8549881779545925,0.7038611653887852,0.19114528337616432,0.5889088939545276,57300.0,1,42
192,True,Accumulate + Select,26.414786849182313,1.1433190249599465,2.3571150796783256,0.02590696760750232,1.8299553201008982,0.7030662152880405,0.19076364488879077,0.5872341835242706,57600.0,1,42
193,True,Accumulate + Select,26.416417617612563,1.1376859463141171,2.34577401775324,0.0257823184011649,1.8823259188242778,0.702280689842355,0.19038717122838228,0.5855662941791795,57900.0,1,42
194,True,Accumulate + Select,26.41742660874957,1.1321256932507922,2.246030140030578,0.024686037005536,1.9467481566484108,0.7014995758598873,0.19001344066180792,0.5839436074848227,58200.0,1,42
195,True,Accumulate + Select,26.418213775365697,1.126610757282616,2.433485390098428,0.026746350960180416,1.8949946325814966,0.7007287457326362,0.18964524307747335,0.5823367518344765,58500.0,1,42
196,True,Accumulate + Select,26.41913995728168,1.1211438324548677,2.180759701066599,0.023968651943370084,2.01576036136421,0.6999613608409788,0.18927929351273362,0.5806997723100881,58800.0,1,42
197,True,Accumulate + Select,26.420490691498536,1.1157266198782612,2.173343972892798,0.02388714594001834,1.9388383155538778,0.6991894801372311,0.1889118042006706,0.5790525521930179,59100.0,1,42
198,True,Accumulate + Select,26.421707791794244,1.1103616016367677,2.229323346542089,0.02450241323533358,1.9187052897205439,0.6984138426253541,0.1885431345927837,0.5774258630255178,59400.0,1,42
199,True,Accumulate + Select,26.42306870143854,1.1050580518031394,2.2126803550359817,0.024319490710439505,1.9282805756621975,0.6976355331452285,0.18817380579110163,0.5758777297790367,59700.0,1,42
200,True,Accumulate + Select,26.424323927209738,1.0998046608138388,2.355899011616881,0.025893601846896073,1.8601467660877495,0.6968767650055412,0.18781433689205987,0.574313660806132,60000.0,1,42
0,False,Replace,0.29159999999980374,67.87588786272323,137.0301037119844,1.013452172830775,0.07221931095062753,0.7219280948873623,0.2,1.7999999999993945,,2,123
1,False,Replace,0.39727741444242876,68.45929801207546,135.58824889841168,1.0027884511073129,0.13952123190232657,0.7178519968852312,0.19797125257514134,3.7360579038583484,,2,123
2,False,Replace,1.2708068514607957,70.20727125020358,140.09531833128864,1.0361219974311842,0.29497797484787935,0.8290039680607567,0.26150166935451663,3.355161597972925,,2,123
3,False,Replace,1.2280701198821593,75.57319159836652,148.366023126859,1.097290773626014,0.27035869237408755,0.7814833021410532,0.2320010474384623,3.980756769059229,,2,123
4,False,Replace,1.1809260065834788,73.85972762429968,145.69129206050172,1.0775089013402332,0.26067380650308347,0.6837315036011264,0.1816767782851425,5.0281803327087555,,2,123
5,False,Replace,0.895156799845284,68.71662845189515,137.6028753322478,1.017688297794322,0.2860959338789171,0.6986015379641188,0.1886322925757689,5.010923069849733,,2,123
6,False,Replace,0.5865467059881779,72.78294114502529,144.26075755594772,1.0669289027656363,0.2592870855225452,0.7554453538188061,0.21742915469876153,4.752175610831099,,2,123
7,False,Replace,0.8526441863442294,73.76781923873563,145.5271396979119,1.076294857389047,0.31883477635836754,0.751034201893478,0.21505471925929362,5.39645007845048,,2,123
8,False,Replace,1.236960956447198,66.73107096870305,133.78987983519536,0.9894880084651694,0.4107750000960092,0.7202543883528658,0.19916472112086395,5.103452994719521,,2,123
9,False,Replace,1.2702690598425603,71.3534118035963,144.73912776082437,1.070466850343701,0.30079896370281933,0.7992766079069817,0.24256303955307418,6.045256887849707,,2,123
10,False,Replace,0.8790142032140424,71.53989465859141,143.38700442116092,1.0604667678844677,0.3766531027950798,0.8681935749508346,0.2895919633407947,6.253621347784969,,2,123
11,False,Replace,1.5896602493905612,70.40017289317846,140.1464936483716,1.0365004816830974,0.38997495933502235,0.8282155507894695,0.2609759663647029,6.236322451122646,,2,123
12,False,Replace,2.420336024809015,73.28438627326034,147.5047180476981,1.0909207025226564,0.41638786903821545,0.8288831457737339,0.26142101770205955,6.640653288305304,,2,123
13,False,Replace,5.102639957446111,71.37746356741135,143.23993837224748,1.0593790915069161,0.5940497587373879,0.7979378900720571,0.2417497048788104,6.48043628328868,,2,123
14,False,Replace,7.397963178423883,69.84027180864037,138.46314992737967,1.02405074760681,0.6137528472664531,0.7341960777664999,0.2062205516976171,6.585878870811348,,2,123
15,False,Replace,7.220292337162909,65.75564429735108,132.67713195784262,0.9812583076653636,0.68741470287337,0.7283303049092508,0.2032244485492266,7.022733685404844,,2,123
16,False,Replace,4.531305360493776,67.57418683979466,135.29427441715944,1.0006142640585451,0.5215634224707152,0.7601859465059421,0.22001010091447373,6.8323985912506755,,2,123
17,False,Replace,5.5310633466119015,72.9674149305655,145.24975239958556,1.0742433464247456,0.5864758065750191,0.7410977555806361,0.20979868403207053,7.284104157360993,,2,123
18,False,Replace,4.441195672904711,73.60743982712717,146.38809004047243,1.0826623049186883,0.5843567791584707,0.7408677041849492,0.2096784735194404,7.044801829748679,,2,123
19,False,Replace,3.2908392824941495,67.28940293714226,135.78868550330225,1.004270847363599,0.6200832494236856,0.759144918011457,0.21944069791364498,6.564893133070807,,2,123
20,False,Replace,3.7250776378671935,72.69995825803878,145.00515575615822,1.0724343497661022,0.5383198722396942,0.7350614158430535,0.20666600797045687,6.684808031863343,,2,123
21,False,Replace,2.5015323787382973,79.94264111927252,160.31658287435545,1.185675153514541,0.4762801656776886,0.741479970757243,0.2099985512853592,6.785050530801187,,2,123
22,False,Replace,2.234228893760654,73.93021164632697,149.21644224742653,1.1035803339650143,0.4596567273699963,0.6500214998684462,0.1666662696780211,6.863726355882701,,2,123
23,False,Replace,3.6132813117237945,68.35640202285342,136.44514003511117,1.0091258774161538,0.4981406142373803,0.6500210261352471,0.1666660656526929,6.825383456969418,,2,123
24,False,Replace,4.197453443609245,64.82098665678508,128.95198756284015,0.9537077506785673,0.5448181486606594,0.657704656103511,0.1699999463883769,6.62303363406963,,2,123
25,False,Replace,4.197545637864938,68.16101013822058,133.82415498894812,0.9897415018808778,0.6153088471142436,0.7083921983468765,0.19333309636884408,7.001465734598982,,2,123
26,False,Replace,1.846013358167801,67.97591758826479,135.49207157540326,1.002077139400326,0.4522723505226401,0.6262751804666592,0.15666666312214897,6.58330964973115,,2,123
27,False,Replace,3.7987482939373773,74.40758000793058,151.6379364223556,1.121489307735019,0.5205069952840528,0.5754420654994542,0.13666665563755684,6.732719057499727,,2,123
28,False,Replace,2.3917384661269354,69.77218473867649,140.31807595428802,1.0377694762765468,0.5077397175797727,0.6343095546126138,0.15999999998831582,7.173632669994895,,2,123
29,False,Replace,2.7743882422267894,69.24432237221765,141.62789906544327,1.0474567131833679,0.5718084583739396,0.6652735217906237,0.17333333290102507,7.167429360970322,,2,123
30,False,Replace,3.3634170914954495,66.87077557443031,135.95073214957227,1.0054693177822414,0.578060335587071,0.5929023772576789,0.14333333284685124,6.95548901798916,,2,123
31,False,Replace,3.1653496637974796,70.292762480148,142.40878780945872,1.0532320382610232,0.5192087459608729,0.5293608652855408,0.11999999999936563,7.395636399602408,,2,123
32,False,Replace,1.9466682932854757,78.64710467381681,159.99970976580065,1.1833316119738333,0.5705891948453115,0.5482251174500541,0.12666666666657117,8.036829094157625,,2,123
33,False,Replace,1.520788032261563,76.69375035727211,154.23829967808928,1.1407211678904463,0.5173807383645327,0.5482251174052708,0.12666666665049386,7.42619006581896,,2,123
34,False,Replace,1.863841339580692,77.38028385385138,151.21260188404082,1.1183436032484988,0.6129580329052495,0.6343095546405644,0.15999999999999928,7.377754703423574,,2,123
35,False,Replace,1.8483524356856438,76.51379112455052,152.66079189203975,1.129054179030906,0.4992501507391962,0.6014353864290771,0.14666666666666667,8.676082779515475,,2,123
36,False,Replace,2.6805684211053036,70.03333089410931,135.8283672624265,1.004564327145901,0.5537248072176221,0.5388671281220586,0.12333333333333334,8.335314047044594,,2,123
37,False,Replace,2.3239351975317573,67.77956642507975,134.62045835408665,0.995630830968217,0.51306863578211,0.6262751890741828,0.15666666666666662,8.363459994519447,,2,123
38,False,Replace,2.970832193800454,62.099936801343006,123.32024372896176,0.9120562969420465,0.5924166400460134,0.6014353864278269,0.14666666666617448,8.128123871902769,,2,123
39,False,Replace,2.062012259158606,57.59087789870342,115.771102457962,0.8562240862317507,0.512597948491742,0.6500224216483541,0.16666666666666666,7.437801515075959,,2,123
40,False,Replace,2.4889977404370747,56.35410125090817,116.12208009318448,0.85881985925823,0.5163411143259156,0.5754420948285949,0.1366666666666329,8.333867977066346,,2,123
41,False,Replace,2.0549611211993297,58.014291969415126,118.18150615789095,0.8740510366675964,0.49339416188955226,0.6652735227649414,0.17333333333333334,8.191094976180503,,2,123
42,False,Replace,2.0973429946454436,59.56053893230802,119.43922011694187,0.8833528828318439,0.4991468148064511,0.7083926867030441,0.19333333333333333,8.276507976958817,,2,123
43,False,Replace,2.362551870912993,55.18633447167512,110.26780017421689,0.8155225651343959,0.525732741437756,0.6422246424849176,0.16333333333333327,7.833277909423028,,2,123
44,False,Replace,2.4491765739164633,57.678634288922346,115.73499188037655,0.8559570183224025,0.5296434656187385,0.5754420948286847,0.13666666666666666,7.82231271784712,,2,123
45,False,Replace,2.550343267587857,59.00541472491783,115.49177211783822,0.8541582048489926,0.5650455984538798,0.5929023785124913,0.14333333333333334,7.649065736778163,,2,123
46,False,Replace,2.263065848703353,62.02696422670213,124.17089432716116,0.9183475692516476,0.5284978720732629,0.5929023785124913,0.14333333333333334,7.570224922771511,,2,123
47,False,Replace,2.2184545026758205,67.66342179164573,136.34090717396853,1.0083549882703102,0.5209303936108973,0.6343095546405662,0.16,7.744715023759458,,2,123
48,False,Replace,2.651154786548775,70.22160337634938,138.51716301674045,1.0244502195570686,0.5422727670521788,0.5665095065529053,0.13333333333333333,7.996677549509155,,2,123
49,False,Replace,3.5636955545635076,70.55687237565868,138.72808092514387,1.0260101338151038,0.5440217609484699,0.45833922694388496,0.09666666666666668,7.982501978744947,,2,123
50,False,Replace,3.641671435331759,65.08557201968941,131.56466052115047,0.973030651375345,0.6358411747152132,0.4364698170641029,0.09000000000000001,8.008408330845912,,2,123
51,False,Replace,3.7748850735842554,65.66646288099781,131.22754050005142,0.9705373669901437,0.585167047179268,0.5293608652873644,0.12,8.089337274796994,,2,123
52,False,Replace,4.1784942254195805,66.72469443964224,131.2240091808156,0.9705112499322451,0.6554159582695276,0.4794738199967975,0.10333333333333335,8.689566192084712,,2,123
53,False,Replace,3.780822821474813,68.78664702986077,132.93632920548816,0.9831752879981689,0.649563515220339,0.5293608652873644,0.12,9.020472355859994,,2,123
54,False,Replace,3.7206032068819734,67.42318183678182,135.4761790837116,1.0019596011382925,0.6362521961549062,0.499915958164528,0.11,9.249160191379103,,2,123
55,False,Replace,4.054269903817629,67.62518232705507,136.01186620108697,1.0059214552006859,0.6294632370730002,0.46899559358928117,0.1,9.546059656640505,,2,123
56,False,Replace,3.707054306527387,64.31899085266042,125.89764765769718,0.9311183536805399,0.6858105515029971,0.5197027865043055,0.11666666666666667,9.545678441463163,,2,123
57,False,Replace,4.597653489488738,67.24987936104918,129.35421720495452,0.9566825751422089,0.6293660973650148,0.5482251174503203,0.12666666666666668,9.948200836914792,,2,123
58,False,Replace,5.690053868709863,65.89843641859645,132.95267784925773,0.9832961998861576,0.7359391190902169,0.46899559358928117,0.1,9.913165214857788,,2,123
59,False,Replace,5.368542888672841,68.23034125947413,137.93129728273502,1.0201172526758433,0.7567179231566921,0.4252446124863719,0.08666666666666668,9.46412863645115,,2,123
60,False,Replace,6.32129466853818,61.99343232929603,121.49712953814296,0.8985728433945882,0.7462676312488842,0.4138168503036338,0.08333333333333334,9.365501403994063,,2,123
61,False,Replace,6.7469915185210025,56.92551980619997,115.57265152451708,0.8547563756758078,0.8460463029305019,0.4364698170641029,0.09000000000000001,9.700646362758029,,2,123
62,False,Replace,8.278654236741795,55.54299069713122,108.85034184553523,0.8050392758119354,0.9166950509451764,0.39032367387942607,0.07666666666666667,9.87312287414989,,2,123
63,False,Replace,7.563794161673147,51.72645192601427,103.97320004759877,0.768968734971425,0.6975092517514776,0.3782416444053623,0.07333333333333335,9.948753280278195,,2,123
64,False,Replace,9.80200689880846,52.7888858999978,104.78327231816661,0.7749598966250898,0.8650863814609848,0.3274449191544763,0.06000000000000001,9.808572762063498,,2,123
65,False,Replace,9.823974221917538,50.00278769683723,100.63598538217177,0.7442872426404525,1.0447016793633068,0.4138168503036338,0.08333333333333334,10.231025952852727,,2,123
66,False,Replace,13.013139181374946,51.63521369025944,103.86713737049575,0.7681843128068456,1.1346332090434603,0.4138168503036338,0.08333333333333334,10.5414827732761,,2,123
67,False,Replace,14.432790433600186,51.70814526293469,104.84022678537242,0.7753811225234768,1.0363966577984773,0.46899559358928117,0.1,10.620330605978696,,2,123
68,False,Replace,13.051970843641103,52.90547045905801,106.07246573420402,0.7844945596902829,1.0392430061052074,0.44749925503686355,0.09333333333333335,10.483657918924251,,2,123
69,False,Replace,11.67964380309723,47.38591771444108,95.01901533079219,0.7027450533762538,1.0238242910159416,0.4364698170641029,0.09000000000000001,10.145115619592374,,2,123
70,False,Replace,13.00419695511277,47.98523511269198,95.27097122289217,0.7046084778310944,1.0356703442794812,0.4252446124863719,0.08666666666666668,10.278608137092396,,2,123
71,False,Replace,13.943045801591522,44.24424883089091,91.35252195621015,0.6756282697171693,1.17221563516081,0.36592365090022316,0.07,9.886566477016995,,2,123
72,False,Replace,15.450725897314367,42.53271626901825,84.74948608361368,0.6267932993632995,1.1736411046062571,0.3003914173647819,0.053333333333333344,9.550975224985514,,2,123
73,False,Replace,17.108132052389404,43.23073673983772,86.24740576161153,0.6378716676288863,1.2264409470334492,0.3003914173647819,0.053333333333333344,9.541726538558366,,2,123
74,False,Replace,19.51235653512155,42.6775656431285,84.55779038467757,0.6253755494138619,1.1791992887737037,0.3274449191544763,0.06000000000000001,9.374933335669274,,2,123
75,False,Replace,18.405168209631025,45.383822777703266,89.74953904808498,0.6637728710329167,1.1746026319616465,0.36592365090022316,0.07,9.348505514635708,,2,123
76,False,Replace,20.968581206901433,49.03171991408708,98.6967607265654,0.7299450551386313,1.2157205208558817,0.31406818708695267,0.05666666666666668,9.544520896585786,,2,123
77,False,Replace,20.883907002932798,50.76569323628942,102.73215813610176,0.7597901925365141,1.3294395032955588,0.2720647864044614,0.046666666666666676,9.217373894711386,,2,123
78,False,Replace,18.259523454883016,48.38638531102205,96.56890379602385,0.714207774268853,1.2001669939146615,0.2720647864044614,0.046666666666666676,8.445475337795298,,2,123
79,False,Replace,17.417636304251786,45.21899129674469,89.71381142442384,0.6635086353879844,1.2035309947893542,0.3003914173647819,0.053333333333333344,8.933911994435931,,2,123
80,False,Replace,15.319204929019676,45.62740664156545,91.14018379143135,0.6740578514759171,1.2219051545551698,0.3782416444053623,0.07333333333333335,8.604493309120233,,2,123
81,False,Replace,14.99422088138815,46.26076364165031,92.39054960548916,0.6833053519649602,1.1302888206745811,0.4252446124863719,0.08666666666666668,8.249283389825395,,2,123
82,False,Replace,15.021936981535143,43.74781874254082,87.29145967262451,0.6455933191200982,1.2700563581039894,0.4364698170641029,0.09000000000000001,8.270914477464746,,2,123
83,False,Replace,16.227855967355048,42.717543869011564,85.57203121237642,0.6328767082305079,1.1429639059671155,0.4138168503036338,0.08333333333333334,8.033870002793151,,2,123
84,False,Replace,13.882748814713677,42.05226425359472,82.7174515140549,0.6117647049595832,1.2022296154299197,0.39032367387942607,0.07666666666666667,7.785270229289162,,2,123
85,False,Replace,11.916722081248093,44.57215798171127,87.990593769712,0.6507640002376038,1.0499858366969619,0.4897790136869375,0.10666666666666667,7.551575167960209,,2,123
86,False,Replace,10.143196014823532,46.543950072693875,91.70020054574084,0.6781996435427865,1.0356750531463665,0.509889142343121,0.11333333333333333,7.4170421862870475,,2,123
87,False,Replace,9.614218180662046,41.536966571464326,80.9572192823701,0.5987463160686486,0.9200131572552486,0.509889142343121,0.11333333333333333,7.124526323780561,,2,123
88,False,Replace,10.638136938215752,40.857090351586265,82.18684462733995,0.6078404234499487,0.9437667470070918,0.46899559358928117,0.1,7.354649245259893,,2,123
89,False,Replace,12.4311659047223,43.055400659417096,85.69309322264056,0.6337720630031156,1.1506935423398916,0.4794738199967975,0.10333333333333335,7.531982433917989,,2,123
90,False,Replace,10.724563607743194,42.48237060477673,83.08955532942944,0.6145167237495754,0.9715818194396714,0.5388671281220586,0.12333333333333334,7.668353118256615,,2,123
91,False,Replace,11.89460000159465,41.70407773476628,83.539735350385,0.6178461813508143,0.9938227885564608,0.509889142343121,0.11333333333333333,7.944044966812004,,2,123
92,False,Replace,13.709391386160815,38.78909544616165,77.80256008579005,0.5754149740444578,1.2201177182532161,0.36592365090022316,0.07,7.928311485770045,,2,123
93,False,Replace,13.729909806935911,41.07186820868286,80.09867794027178,0.5923966851113271,1.0613420840356405,0.39032367387942607,0.07666666666666667,7.938067045145471,,2,123
94,False,Replace,14.403576338449346,40.32397432368244,84.10569493691834,0.622031925630131,1.2210880329137388,0.39032367387942607,0.07666666666666667,7.932259399032891,,2,123
95,False,Replace,12.212257758696685,36.961079183264395,73.37869201179461,0.5426967713250705,1.1986027308023128,0.4138168503036338,0.08333333333333334,7.582520344811977,,2,123
96,False,Replace,13.097519973011421,38.75090784111193,75.93821177318473,0.5616265596950494,1.0507980701444248,0.39032367387942607,0.07666666666666667,7.49639189403138,,2,123
97,False,Replace,14.113373996100494,40.36646562129102,80.11232606833889,0.5924976244280903,1.2038781094366175,0.44749925503686355,0.09333333333333335,7.7795510601153435,,2,123
98,False,Replace,15.968531052800149,39.18485970807951,77.7863966648662,0.5752954320342578,1.1513479689246546,0.2863969571159562,0.05,7.693905668120918,,2,123
99,False,Replace,15.03256081880534,37.87310411220668,75.7924740455421,0.5605487073637595,1.1778560822571356,0.2863969571159562,0.05,7.75668617135114,,2,123
100,False,Replace,15.137004097408461,34.78497640027,69.62144438439574,0.5149087840967018,1.2650665321992964,0.36592365090022316,0.07,7.739744292272398,,2,123
101,False,Replace,17.219479288174952,35.074502387050906,71.44968365004752,0.5284301418570644,1.392139437832478,0.2573720095233589,0.04333333333333334,8.01292058426184,,2,123
102,False,Replace,18.820944707798475,32.36272600665372,64.53387522674282,0.47728195701579046,1.2173544175578468,0.21084230031853216,0.03333333333333334,7.997632476640389,,2,123
103,False,Replace,17.287182600295154,33.17049030160551,66.28333864586433,0.49022070153519337,1.2084228103767225,0.1773894531859974,0.026666666666666672,7.872797543285022,,2,123
104,False,Replace,17.36560293387794,32.145097691087116,63.14159856733648,0.46698490718926006,1.3948084761643995,0.10215803640865043,0.01333333333333334,7.772041661939633,,2,123
105,False,Replace,17.523012971338392,32.61514979634903,64.2362581523869,0.4750808299458474,1.1889381944416488,0.05777796017013383,0.006666666666666674,7.693297101291029,,2,123
106,False,Replace,17.93968342610062,36.85690284920999,74.17205352163944,0.5485643429331494,1.2661615451848305,3.9863137138648344e-11,7.401486830834377e-18,5.240444645488911,,2,123
107,False,Replace,17.050028367047556,35.67584237921733,69.8808667476829,0.5168274293478713,1.3076947362337075,3.9863137138648344e-11,7.401486830834377e-18,5.132879323232125,,2,123
108,False,Replace,16.899087564244788,35.867619907017435,71.76580980640139,0.5307681590618011,1.3034209211792476,3.9863137138648344e-11,7.401486830834377e-18,5.133878085071168,,2,123
109,False,Replace,17.080418905817993,41.46550095337288,82.88114305766744,0.6129753407691922,1.237226161657802,3.9863137138648344e-11,7.401486830834377e-18,5.166565936878415,,2,123
110,False,Replace,17.08290870032023,39.58717259642597,79.47299390179874,0.5877692285808349,1.1868242385235375,3.9863137138648344e-11,7.401486830834377e-18,5.160239997415175,,2,123
111,False,Replace,16.73038321895491,40.21154043244868,80.30523641405263,0.5939243577058819,1.2778337631797214,3.9863137138648344e-11,7.401486830834377e-18,5.11827465220872,,2,123
112,False,Replace,17.82334302593433,40.39181986977358,82.91630554253368,0.6132353967402854,1.3499818489415238,3.9863137138648344e-11,7.401486830834377e-18,5.238516914624713,,2,123
113,False,Replace,19.409776849013774,41.11401018531509,81.2544239595966,0.6009443931170593,1.4314599552595308,3.9863137138648344e-11,7.401486830834377e-18,5.419558227615017,,2,123
114,False,Replace,18.537221077321995,43.97922362830444,86.5565810254678,0.6401582771727223,1.4280945996756256,3.9863137138648344e-11,7.401486830834377e-18,5.340696435387916,,2,123
115,False,Replace,16.116049797075227,45.837914852736375,91.10426658357,0.6737922136973337,1.2264807750021314,3.9863137138648344e-11,7.401486830834377e-18,5.076039365295745,,2,123
116,False,Replace,16.679745786557,47.632984223982284,94.63483319013571,0.6999037052734353,1.2176515673653396,3.9863137138648344e-11,7.401486830834377e-18,5.156215158159355,,2,123
117,False,Replace,14.643138982990898,48.62932621828198,97.5427212739382,0.7214099686203016,1.1869636258148377,3.9863137138648344e-11,7.401486830834377e-18,4.913089483811432,,2,123
118,False,Replace,13.228538276270573,52.0431065141016,105.43643032938739,0.7797905461520348,1.1519415586421922,3.9863137138648344e-11,7.401486830834377e-18,4.737087927333395,,2,123
119,False,Replace,13.156656101836955,57.70399335327904,116.38862423753456,0.860791176034102,1.1810631745091968,3.9863137138648344e-11,7.401486830834377e-18,4.71794752992843,,2,123
120,False,Replace,12.049328141971118,60.91940429028307,120.54347222535887,0.8915197503179866,1.1545504480889894,3.9863137138648344e-11,7.401486830834377e-18,4.556475005691819,,2,123
121,False,Replace,11.631329576724067,60.726839853090816,120.1475128637164,0.8885912998203304,1.099186415597145,3.9863137138648344e-11,7.401486830834377e-18,4.510042860312124,,2,123
122,False,Replace,12.721929835526153,62.2236284761174,125.44255274655815,0.9277525463575922,1.164416944477665,3.9863137138648344e-11,7.401486830834377e-18,4.645144677721133,,2,123
123,False,Replace,11.241666566404446,64.4904503247012,128.57006400742577,0.9508831067017701,1.2525759757248196,3.9863137138648344e-11,7.401486830834377e-18,4.452618373950035,,2,123
124,False,Replace,10.685449616396216,66.55187864377983,129.11797414962203,0.9549353602510481,1.2758939612365152,3.9863137138648344e-11,7.401486830834377e-18,4.356571048203122,,2,123
125,False,Replace,10.327796290425063,58.80413689221414,115.83636711908609,0.8567067729614076,1.1079750069021261,3.9863137138648344e-11,7.401486830834377e-18,4.3047631302737415,,2,123
126,False,Replace,9.336465142391791,59.4277646500301,120.76555676630966,0.8931622511589096,1.056716236484195,3.9863137138648344e-11,7.401486830834377e-18,4.151826495232267,,2,123
127,False,Replace,9.269893373856641,60.11094540787893,120.2311552756975,0.889209905381202,1.0978816666691777,3.9863137138648344e-11,7.401486830834377e-18,4.158939124781384,,2,123
128,False,Replace,9.935420765590665,60.39399723712085,119.41351317132472,0.8831627584782398,1.043531785499427,3.9863137138648344e-11,7.401486830834377e-18,4.2571230695219215,,2,123
129,False,Replace,9.791973962687607,64.50695330040006,128.22578697708718,0.94833689025005,1.0338235667159508,3.9863137138648344e-11,7.401486830834377e-18,4.24377771063172,,2,123
130,False,Replace,9.794058951095286,71.76856480767285,145.86800753549028,1.0788158600102522,1.1690038837541359,3.9863137138648344e-11,7.401486830834377e-18,4.245150793789691,,2,123
131,False,Replace,10.746097547249581,75.25707403767609,150.39622985846964,1.1123058496400484,1.235728751785898,3.9863137138648344e-11,7.401486830834377e-18,4.352176763678295,,2,123
132,False,Replace,10.373441406646615,76.96853938948964,151.02316543199268,1.1169425623185067,1.2877287167158784,3.9863137138648344e-11,7.401486830834377e-18,4.34746043601238,,2,123
133,False,Replace,10.774016949785413,76.2836390770847,151.60330056550671,1.12123314661837,1.1605339284968,3.9863137138648344e-11,7.401486830834377e-18,4.393453976433808,,2,123
134,False,Replace,10.051888589045454,80.73436380628472,166.3805865746593,1.2305235303284696,1.2707923604612117,3.9863137138648344e-11,7.401486830834377e-18,4.2879614392088605,,2,123
135,False,Replace,10.87823166627476,79.77435464977333,161.03259680678437,1.1909706751257803,1.2292123291428854,3.9863137138648344e-11,7.401486830834377e-18,4.412514741807906,,2,123
136,False,Replace,10.950185126427188,81.33305373032545,165.58329649954806,1.2246269036960018,1.163914221779269,3.9863137138648344e-11,7.401486830834377e-18,4.409053615603469,,2,123
137,False,Replace,11.71589790467288,88.4576293482787,171.44229947741658,1.2679591287888412,1.2722956084568775,3.9863137138648344e-11,7.401486830834377e-18,4.546433864895673,,2,123
138,False,Replace,10.867184088325532,80.32089322679228,158.499833326743,1.1722387718243754,1.1378261164132168,3.9863137138648344e-11,7.401486830834377e-18,4.42778395216668,,2,123
139,False,Replace,10.880960444649242,79.99845590371743,159.0703352738068,1.1764581106571859,1.3661089549537295,3.9863137138648344e-11,7.401486830834377e-18,4.433357596136004,,2,123
140,False,Replace,11.25274560563287,79.17896076363525,158.20965742801837,1.170092678468979,1.1903988433511468,3.9863137138648344e-11,7.401486830834377e-18,4.478798569282434,,2,123
141,False,Replace,10.137628995246166,73.99151637994004,151.28371225640836,1.1188695238997608,0.9473748194133267,3.9863137138648344e-11,7.401486830834377e-18,4.324379008110838,,2,123
142,False,Replace,10.698530029173154,68.83755575680375,136.8658394835193,1.0122373015379222,1.0673664535848522,3.9863137138648344e-11,7.401486830834377e-18,4.36050662535726,,2,123
143,False,Replace,10.654237136398157,67.29049947525331,133.8959355704688,0.9902723792891157,1.0257825363730375,3.9863137138648344e-11,7.401486830834377e-18,4.365853576320968,,2,123
144,False,Replace,10.95856745302703,64.03130827644053,126.33250987592989,0.9343345233251039,1.069417119075127,3.9863137138648344e-11,7.401486830834377e-18,4.394776787934749,,2,123
145,False,Replace,10.49005939116218,58.6197756798228,117.72491960430487,0.8706741974017537,1.107779048568861,3.9863137138648344e-11,7.401486830834377e-18,4.343386297286138,,2,123
146,False,Replace,11.024697247820464,52.92155889434637,103.83612830091987,0.7679549748140408,1.061868624399379,3.9863137138648344e-11,7.401486830834377e-18,4.442771287423494,,2,123
147,False,Replace,11.110136878729687,49.333201933177406,99.87783369537796,0.7386800771089175,1.1984789036298116,3.9863137138648344e-11,7.401486830834377e-18,4.457761225065293,,2,123
148,False,Replace,11.34609270212299,49.97717559827055,100.92840406300273,0.7464499232444702,1.1886928869208653,3.9863137138648344e-11,7.401486830834377e-18,4.488610589086884,,2,123
149,False,Replace,11.382141728906971,55.65829734482493,111.72984936371115,0.8263356411501068,1.1481924544850854,3.9863137138648344e-11,7.401486830834377e-18,4.500299972277417,,2,123
150,False,Replace,10.906137715823032,58.34809080274518,114.24073175748917,0.8449057155262114,1.196159321782963,3.9863137138648344e-11,7.401486830834377e-18,4.421356105715354,,2,123
151,False,Replace,11.092713295934484,54.28122949797297,104.77477187973699,0.774897028776616,1.0639352030753764,3.9863137138648344e-11,7.401486830834377e-18,4.446816800562671,,2,123
152,False,Replace,10.74930639729402,53.8180814596759,103.46336468091711,0.7651980762172326,1.1277490818390592,3.9863137138648344e-11,7.401486830834377e-18,4.370191145630678,,2,123
153,False,Replace,10.718554676855513,48.25745279290824,95.21895279990358,0.7042237581061803,1.1198292722719376,3.9863137138648344e-11,7.401486830834377e-18,4.358675225507712,,2,123
154,False,Replace,11.040538729706837,45.11414237350841,90.51282764483052,0.6694180283079533,1.2282843874408214,3.9863137138648344e-11,7.401486830834377e-18,4.405238288713517,,2,123
155,False,Replace,11.844199528134652,42.0755517361845,82.19415649731222,0.6078945008410483,1.1183030182760738,3.9863137138648344e-11,7.401486830834377e-18,4.43657176425812,,2,123
156,False,Replace,11.168446644637923,39.565079017500715,79.48669851979838,0.5878705856878743,1.063003065732651,3.9863137138648344e-11,7.401486830834377e-18,4.394866797584278,,2,123
157,False,Replace,10.80924722534499,34.822040240593246,69.50292723926819,0.5140322507292625,1.1808000353743964,3.9863137138648344e-11,7.401486830834377e-18,4.365777602912246,,2,123
158,False,Replace,10.831106559518535,34.96273861374584,70.53232618604568,0.5216455165085405,1.0540354663469746,3.9863137138648344e-11,7.401486830834377e-18,4.334737579898215,,2,123
159,False,Replace,10.544789213093651,32.210264986608266,63.03015822326597,0.4661607126817769,1.1724161738959271,3.9863137138648344e-11,7.401486830834377e-18,4.330948198113655,,2,123
160,False,Replace,11.038747737657761,30.473895564126124,61.596472905161505,0.45555741120692383,1.1575265705659517,3.9863137138648344e-11,7.401486830834377e-18,4.383966013401471,,2,123
161,False,Replace,11.955109614853134,28.17413689756178,55.558595018638535,0.41090225662683993,1.3091898785419145,3.9863137138648344e-11,7.401486830834377e-18,4.513706957445055,,2,123
162,False,Replace,12.086039404760362,28.483666495512143,56.092961279863786,0.4148543418537799,1.2639870483184807,3.9863137138648344e-11,7.401486830834377e-18,4.527485469999139,,2,123
163,False,Replace,12.930162425066314,29.13260156550623,58.294819533863695,0.4311389243749447,1.2537418269,3.9863137138648344e-11,7.401486830834377e-18,4.663521519322892,,2,123
164,False,Replace,12.781287485399607,32.00484225419512,63.70046789403763,0.47111821306972707,1.359912564704631,3.9863137138648344e-11,7.401486830834377e-18,4.607827533999213,,2,123
165,False,Replace,13.670860795185568,30.52728003023023,60.01587362329268,0.44386755815133844,1.2982286723013243,3.9863137138648344e-11,7.401486830834377e-18,4.703547640449807,,2,123
166,False,Replace,13.349320778679457,31.58164651057328,63.74855267744623,0.47147384024146133,1.2421667350714576,3.9863137138648344e-11,7.401486830834377e-18,4.6598472773476605,,2,123
167,False,Replace,13.612994434934333,34.77170043205297,70.81431561354458,0.5237310640654097,1.0855605870163993,3.9863137138648344e-11,7.401486830834377e-18,4.655575329337232,,2,123
168,False,Replace,14.042656048717802,33.03180920952402,64.66648948866356,0.47826275034697263,1.3018319359415607,3.9863137138648344e-11,7.401486830834377e-18,4.750826737265451,,2,123
169,False,Replace,13.879377642365752,36.986397851019596,74.1978795315944,0.5487553478670683,1.2489064328467454,3.9863137138648344e-11,7.401486830834377e-18,4.730659918777514,,2,123
170,False,Replace,13.72003510269542,34.00767979480753,67.43271584506846,0.4987213067918593,1.202276964658043,3.9863137138648344e-11,7.401486830834377e-18,4.670081406795013,,2,123
171,False,Replace,13.101971165312717,33.40611656757103,66.68467222065328,0.49318889883185957,1.1577509565826007,3.9863137138648344e-11,7.401486830834377e-18,4.585279792903328,,2,123
172,False,Replace,13.159426614197487,32.40821144013256,64.01853134312319,0.47347055817377315,1.2638436833671935,3.9863137138648344e-11,7.401486830834377e-18,4.599901123641087,,2,123
173,False,Replace,12.423563036188714,30.848590940249036,61.057624690678196,0.45157217818876966,1.2710230496543518,3.9863137138648344e-11,7.401486830834377e-18,4.448519147610455,,2,123
174,False,Replace,12.142241741873521,30.253490132604092,60.37119195022408,0.4464954342217827,1.1688088668790293,3.9863137138648344e-11,7.401486830834377e-18,4.397712128872944,,2,123
175,False,Replace,12.615871605093425,33.642959248305814,67.87299250469034,0.5019775207569185,1.083269596085347,3.9863137138648344e-11,7.401486830834377e-18,4.479094633824753,,2,123
176,False,Replace,12.99202331845652,35.86081550457013,73.3387421154919,0.5424013084441736,1.2612881017254098,3.9863137138648344e-11,7.401486830834377e-18,4.514220402707441,,2,123
177,False,Replace,13.185789119877208,32.890818889021304,65.72582421582847,0.486097416248247,1.2918012039634306,3.9863137138648344e-11,7.401486830834377e-18,4.5353221230088705,,2,123
178,False,Replace,13.50270952780717,34.674477284493655,69.20125039004247,0.5118010982302237,1.1791289073710756,3.9863137138648344e-11,7.401486830834377e-18,4.586153812845124,,2,123
179,False,Replace,12.934486862258249,35.15878373253131,70.7271220005434,0.5230861944042239,1.2945806649788199,3.9863137138648344e-11,7.401486830834377e-18,4.51161534779934,,2,123
180,False,Replace,12.62342536120725,34.92607113594189,68.73286309728836,0.5083369826329261,1.2724581417480219,3.9863137138648344e-11,7.401486830834377e-18,4.489317774598576,,2,123
181,False,Replace,12.806115381156985,34.411598530898935,68.98937119565508,0.5102340744587109,1.1546576014167773,3.9863137138648344e-11,7.401486830834377e-18,4.482540567952855,,2,123
182,False,Replace,12.864362636074652,31.03305391699008,60.966281103724086,0.45089661600086256,1.2773527784895324,3.9863137138648344e-11,7.401486830834377e-18,4.496865919342037,,2,123
183,False,Replace,13.508798588031931,32.211555772452236,64.46341619763307,0.47676085359243675,1.178843493168422,3.9863137138648344e-11,7.401486830834377e-18,4.6108250337271555,,2,123
184,False,Replace,13.366201221778917,29.51478800086157,60.12931603979413,0.4447065596581622,1.1996742009625208,3.9863137138648344e-11,7.401486830834377e-18,4.5880988645824505,,2,123
185,False,Replace,13.321834740391985,27.57479876858249,54.2619596959506,0.40131255444060204,1.2741136789479297,3.9863137138648344e-11,7.401486830834377e-18,4.5905732701941275,,2,123
186,False,Replace,13.658621070141463,28.383025178716387,59.700627537320315,0.4415360498028036,1.1733801796770753,3.9863137138648344e-11,7.401486830834377e-18,4.639496163086834,,2,123
187,False,Replace,12.74769148712706,26.523586429546263,52.32112222610801,0.3869584388292064,1.2946617100127682,3.9863137138648344e-11,7.401486830834377e-18,4.510261389045172,,2,123
188,False,Replace,13.800955970256387,26.14856472585796,52.37502881317812,0.38735712310599074,1.2718621301602533,3.9863137138648344e-11,7.401486830834377e-18,4.692370660462798,,2,123
189,False,Replace,14.612704343467824,30.08719836910795,60.24523120635316,0.44556384921885756,1.3724847517968117,3.9863137138648344e-11,7.401486830834377e-18,4.7967017492131765,,2,123
190,False,Replace,14.452927788641228,31.70275352454151,62.89458714579719,0.46515805122774684,1.3229092338876793,3.9863137138648344e-11,7.401486830834377e-18,4.774281580387002,,2,123
191,False,Replace,14.925967622787123,36.12230172100336,70.75383106902672,0.5232837302941885,1.2420837927518944,3.9863137138648344e-11,7.401486830834377e-18,4.823582466423344,,2,123
192,False,Replace,15.62353845980294,34.01752174994911,68.12241411236336,0.5038222020597836,1.2853503297573527,3.9863137138648344e-11,7.401486830834377e-18,4.909486703396551,,2,123
193,False,Replace,14.68468721795404,31.518083296996725,63.4347814588172,0.4691532397699057,1.3373166012486006,3.9863137138648344e-11,7.401486830834377e-18,4.7812000039608735,,2,123
194,False,Replace,15.849187127215565,32.524113525117656,66.31861441627665,0.49048159534760544,1.3091326354162034,3.9863137138648344e-11,7.401486830834377e-18,4.937229893544029,,2,123
195,False,Replace,17.06222920793178,31.189943606057668,65.42507717104355,0.4838731404303557,1.4390530321421664,3.9863137138648344e-11,7.401486830834377e-18,5.084678940708288,,2,123
196,False,Replace,16.449024416642477,28.465442709366087,56.42326801230114,0.4172972362734825,1.4853476130034635,3.9863137138648344e-11,7.401486830834377e-18,5.021529931734974,,2,123
197,False,Replace,16.85119458243493,28.768919446495282,59.29112793910912,0.4385074579362109,1.498206717612954,3.9863137138648344e-11,7.401486830834377e-18,5.076803283512454,,2,123
198,False,Replace,15.231748176004468,27.53718157087279,55.78569001347312,0.41258181396292604,1.4246484663528192,3.9863137138648344e-11,7.401486830834377e-18,4.875859483384867,,2,123
199,False,Replace,14.923296890431528,25.566929743861174,52.20738516489891,0.3861172581784494,1.342460809456095,3.9863137138648344e-11,7.401486830834377e-18,4.837603892339445,,2,123
200,False,Replace,14.036331899302844,24.166793189221703,47.090477240470435,0.3482734463902991,1.2968426238006714,3.9863137138648344e-11,7.401486830834377e-18,4.702196363304376,,2,123
0,True,Replace + Select,0.29159999999980374,67.87588786272323,136.08343117120972,1.006450737982387,0.07994598990559891,0.7219280948873623,0.2,1.7999999999993945,,2,123
1,True,Replace + Select,4.284069218285948,43.416823916738004,85.62006609047243,0.6332319663107352,0.6334204756749343,0.6379185677864436,0.16151371210001733,2.6983498805462616,,2,123
2,True,Replace + Select,7.356886333376484,24.75067427625816,49.69550626643867,0.36753981381715123,1.0135243337917514,0.7379262783679409,0.20814722929876905,2.97966227367419,,2,123
3,True,Replace + Select,8.678261312065755,14.153449749461393,27.885638074525808,0.2062376056928368,1.3171135327565668,0.9899484216226127,0.4410465124636734,3.1741832939795347,,2,123
4,True,Replace + Select,10.480675726998305,7.518913203405862,15.232286755476037,0.11265549460551506,1.596753928096117,0.6252551288589889,0.15624700927377905,3.1395089265853406,,2,123
5,True,Replace + Select,11.946686569733266,3.5893123256217736,7.1149617847804105,0.052621090439727985,1.8192761110595317,0.05777796017013383,0.006666666666666674,2.4253241882876506,,2,123
6,True,Replace + Select,11.993580574784701,1.8511656719831535,3.7189663075931314,0.027504864865581173,1.856571691920373,3.9863137138648344e-11,7.401486830834377e-18,4.331845629404604,,2,123
7,True,Replace + Select,12.315101928555565,0.8968943504978505,1.8201677286769289,0.013461661996704455,1.9592971937950914,3.9863137138648344e-11,7.401486830834377e-18,4.344594397442059,,2,123
8,True,Replace + Select,12.663811748974489,0.48302264563088826,0.9582547249484473,0.007087094782950428,2.062335785881615,3.9863137138648344e-11,7.401486830834377e-18,4.383989770096584,,2,123
9,True,Replace + Select,12.819436183843278,0.26126580426783147,0.5236565466175089,0.0038728779341948376,2.0895149200880665,3.9863137138648344e-11,7.401486830834377e-18,4.403423841891593,,2,123
10,True,Replace + Select,12.823287640138252,0.14145032554427378,0.2876232379904249,0.002127214295266755,2.064930759256094,3.9863137138648344e-11,7.401486830834377e-18,4.40034140237698,,2,123
11,True,Replace + Select,12.867017189905667,0.08002485048862908,0.16067175784778692,0.001188301969366011,2.2154983324832997,3.9863137138648344e-11,7.401486830834377e-18,4.401950391776601,,2,123
12,True,Replace + Select,12.92495384791088,0.052309257771103825,0.10551281906773412,0.0007803555047323773,2.177374368416034,3.9863137138648344e-11,7.401486830834377e-18,4.411290134964343,,2,123
13,True,Replace + Select,12.977258278907273,0.03687046989894139,0.07322037228527001,0.0005415258645936155,2.1677117746240193,3.9863137138648344e-11,7.401486830834377e-18,4.41935854346944,,2,123
14,True,Replace + Select,12.955948171444485,0.026076343653805803,0.0509238928863504,0.0003766247597910841,2.2026774704909142,3.9863137138648344e-11,7.401486830834377e-18,4.411748592064781,,2,123
15,True,Replace + Select,13.019868348009824,0.020800937566448758,0.041766812184624504,0.0003089004927682953,2.2543228864935285,3.9863137138648344e-11,7.401486830834377e-18,4.4227879218232395,,2,123
16,True,Replace + Select,13.0167244627576,0.018305979229137542,0.03724135282805303,0.00027543093758489943,2.2198742366131956,3.9863137138648344e-11,7.401486830834377e-18,4.421169638010109,,2,123
17,True,Replace + Select,13.042417551883114,0.015531806319041382,0.030698632034928494,0.0002270420476665651,2.152773746275291,3.9863137138648344e-11,7.401486830834377e-18,4.424193805890148,,2,123
18,True,Replace + Select,13.097997057382436,0.013632643926131244,0.027462447463411643,0.00020310775734026838,2.211774785083925,3.9863137138648344e-11,7.401486830834377e-18,4.432626980818062,,2,123
19,True,Replace + Select,13.110680518726094,0.011663850422809674,0.023540523922059284,0.0001741018540606951,2.199270585281261,3.9863137138648344e-11,7.401486830834377e-18,4.434563837944225,,2,123
20,True,Replace + Select,13.132915016344164,0.010595015186861512,0.02128490024056736,0.00015741963125583404,2.17655534046245,3.9863137138648344e-11,7.401486830834377e-18,4.436886049890878,,2,123
21,True,Replace + Select,13.1295700768479,0.009617292561428296,0.019585898301623356,0.00014485409156766763,2.1735466490323665,3.9863137138648344e-11,7.401486830834377e-18,4.436368529951783,,2,123
22,True,Replace + Select,13.164573955431559,0.008070717509474587,0.01590334651711547,0.00011761854254250139,2.2464869449626645,3.9863137138648344e-11,7.401486830834377e-18,4.441857888575084,,2,123
23,True,Replace + Select,13.155426120792036,0.007266485678462197,0.014437986527639028,0.00010678098039312456,2.2944895738965325,3.9863137138648344e-11,7.401486830834377e-18,4.438559541599346,,2,123
24,True,Replace + Select,13.17636053992555,0.006428879839661462,0.01284034657505319,9.496509733174607e-05,2.2275306823502032,3.9863137138648344e-11,7.401486830834377e-18,4.440664887366517,,2,123
25,True,Replace + Select,13.189024021832193,0.005697917808342655,0.011045645160302955,8.169178001612896e-05,2.2995936882043746,3.9863137138648344e-11,7.401486830834377e-18,4.441723714469279,,2,123
26,True,Replace + Select,13.205806659823647,0.005664843661995558,0.011413161275500142,8.440986892803525e-05,2.2510603841637997,3.9863137138648344e-11,7.401486830834377e-18,4.444084887189093,,2,123
27,True,Replace + Select,13.209168826236743,0.005126264461555753,0.010145415400152435,7.50338283561852e-05,2.1966879131390407,3.9863137138648344e-11,7.401486830834377e-18,4.44316995264316,,2,123
28,True,Replace + Select,13.222060779431322,0.004783411097840752,0.009701569106184794,7.175121396095831e-05,2.2268249168153784,3.9863137138648344e-11,7.401486830834377e-18,4.444810122576536,,2,123
29,True,Replace + Select,13.221288917052773,0.004363327536752401,0.008757320402094745,6.476770541115773e-05,2.2461067446012706,3.9863137138648344e-11,7.401486830834377e-18,4.4438338351739555,,2,123
30,True,Replace + Select,13.226591495340635,0.004078418752541029,0.008206303866691644,6.069247748719959e-05,2.2576310351515128,3.9863137138648344e-11,7.401486830834377e-18,4.443642956549723,,2,123
31,True,Replace + Select,13.247120643237434,0.003921811854143606,0.007762176031903586,5.740778086224024e-05,2.295453819836384,3.9863137138648344e-11,7.401486830834377e-18,4.447274245197778,,2,123
32,True,Replace + Select,13.25798451527355,0.003880124461345732,0.007754300377630134,5.7349533814915004e-05,2.2222051875919737,3.9863137138648344e-11,7.401486830834377e-18,4.448481917307554,,2,123
33,True,Replace + Select,13.266974895489609,0.00396132532623465,0.008066889487648176,5.966139160506069e-05,2.197465237213101,3.9863137138648344e-11,7.401486830834377e-18,4.448776405554385,,2,123
34,True,Replace + Select,13.275450495917868,0.003791607758354244,0.007463412698881236,5.5198176251197504e-05,2.2128547351380505,3.9863137138648344e-11,7.401486830834377e-18,4.449107364167338,,2,123
35,True,Replace + Select,13.29075048907676,0.0035545775800783323,0.007063533755674812,5.2240737171142415e-05,2.195910583607025,3.9863137138648344e-11,7.401486830834377e-18,4.450771593521286,,2,123
36,True,Replace + Select,13.300821393639703,0.0036855733802563374,0.007218784460962511,5.3388945924877514e-05,2.239284523036814,3.9863137138648344e-11,7.401486830834377e-18,4.451464257996453,,2,123
37,True,Replace + Select,13.316841932313345,0.003704287270074938,0.007342054531370901,5.4300631148169506e-05,2.2516552683022857,3.9863137138648344e-11,7.401486830834377e-18,4.452422650461168,,2,123
38,True,Replace + Select,13.33794534780896,0.0035821812389599935,0.007150112654093767,5.288106050409711e-05,2.280718051959748,3.9863137138648344e-11,7.401486830834377e-18,4.4549524692177185,,2,123
39,True,Replace + Select,13.346315874993355,0.0032500293168698973,0.006527028258708097,4.82728305075133e-05,2.133782888723338,3.9863137138648344e-11,7.401486830834377e-18,4.455095036384412,,2,123
40,True,Replace + Select,13.35033765798281,0.003352580012923792,0.006691570884957435,4.948976078471843e-05,2.2425547281289964,3.9863137138648344e-11,7.401486830834377e-18,4.453727747772248,,2,123
41,True,Replace + Select,13.372575315878525,0.0031915396967725747,0.006571221561311781,4.8599676925453754e-05,2.2401914479439173,3.9863137138648344e-11,7.401486830834377e-18,4.457271591598839,,2,123
42,True,Replace + Select,13.382670851668232,0.003174390195732882,0.00632585344217472,4.678497455899041e-05,2.170313464048749,3.9863137138648344e-11,7.401486830834377e-18,4.457939191557355,,2,123
43,True,Replace + Select,13.389241360902924,0.0031550065294712795,0.006275623160621547,4.6413479634860736e-05,2.1992896655389815,3.9863137138648344e-11,7.401486830834377e-18,4.457623515128445,,2,123
44,True,Replace + Select,13.407863065856377,0.003006217465496716,0.0060062656399873515,4.442135558941159e-05,2.262825332245369,3.9863137138648344e-11,7.401486830834377e-18,4.459252437800618,,2,123
45,True,Replace + Select,13.42544320107033,0.002779961451199743,0.005535000407170916,4.093595521942232e-05,2.2554188851307737,3.9863137138648344e-11,7.401486830834377e-18,4.4611991810532485,,2,123
46,True,Replace + Select,13.426817714001823,0.002625085876599559,0.005221048442320405,3.8614017978456675e-05,2.1923640099682373,3.9863137138648344e-11,7.401486830834377e-18,4.460132103690202,,2,123
47,True,Replace + Select,13.42684682218494,0.0024995246829896105,0.005017896552589013,3.711153992081983e-05,2.2320224862455587,3.9863137138648344e-11,7.401486830834377e-18,4.459251736986423,,2,123
48,True,Replace + Select,13.440530748349609,0.00237104236735161,0.004738750652360582,3.504702262527783e-05,2.282782206174365,3.9863137138648344e-11,7.401486830834377e-18,4.460614201230559,,2,123
49,True,Replace + Select,13.449339819713725,0.002284028242626208,0.004517608495089545,3.3411491499490496e-05,2.2290121563892,3.9863137138648344e-11,7.401486830834377e-18,4.460625581551964,,2,123
50,True,Replace + Select,13.463677159116813,0.002205739209149889,0.004402828945507807,3.256260077570732e-05,2.1656702470904268,3.9863137138648344e-11,7.401486830834377e-18,4.461225379724211,,2,123
51,True,Replace + Select,13.478064798148482,0.0021085385168228277,0.0041640988366284165,3.079699204441373e-05,2.2371419552832683,3.9863137138648344e-11,7.401486830834377e-18,4.462579852524313,,2,123
52,True,Replace + Select,13.492252125330033,0.0019205215797501764,0.0037943632476399106,2.8062488268361368e-05,2.1996601888764262,3.9863137138648344e-11,7.401486830834377e-18,4.463907698369416,,2,123
53,True,Replace + Select,13.489258513394978,0.001896863603091598,0.0037851055302306215,2.7994019708754807e-05,2.2675263519251248,3.9863137138648344e-11,7.401486830834377e-18,4.462278687419944,,2,123
54,True,Replace + Select,13.50400346565954,0.001839173961785791,0.0036459992620262137,2.6965212563848532e-05,2.2300743251426494,3.9863137138648344e-11,7.401486830834377e-18,4.463880787426968,,2,123
55,True,Replace + Select,13.512491293594865,0.0017472191111653948,0.0034876300315434886,2.579393970923842e-05,2.236507117432967,3.9863137138648344e-11,7.401486830834377e-18,4.46413536925309,,2,123
56,True,Replace + Select,13.519672779402926,0.001655937030686106,0.0033103245635913163,2.448261754802494e-05,2.256093323700555,3.9863137138648344e-11,7.401486830834377e-18,4.464038255656522,,2,123
57,True,Replace + Select,13.532168003367703,0.0017368093476585011,0.003455673651173441,2.5557595561167846e-05,2.2395622686474272,3.9863137138648344e-11,7.401486830834377e-18,4.4650304475040095,,2,123
58,True,Replace + Select,13.54185380485933,0.0015854020287409945,0.0031479646543809414,2.3281830288053896e-05,2.1416182600358895,3.9863137138648344e-11,7.401486830834377e-18,4.466001837903417,,2,123
59,True,Replace + Select,13.543911144309021,0.0014998853537313637,0.003014414762583054,2.2294117191752366e-05,2.2476762775465424,3.9863137138648344e-11,7.401486830834377e-18,4.46533200528469,,2,123
60,True,Replace + Select,13.559779861729139,0.0015259927325118946,0.003073480502647676,2.2730957717934598e-05,2.178556848208541,3.9863137138648344e-11,7.401486830834377e-18,4.466975679397901,,2,123
61,True,Replace + Select,13.568919602332766,0.0014822494520716368,0.0029729923374703917,2.198776372928559e-05,2.2496144065916317,3.9863137138648344e-11,7.401486830834377e-18,4.467343524478886,,2,123
62,True,Replace + Select,13.568563745868671,0.0013992437759001073,0.002764961571865446,2.044920230586938e-05,2.211285271321496,3.9863137138648344e-11,7.401486830834377e-18,4.465697333199047,,2,123
63,True,Replace + Select,13.577173491679495,0.0014347262289634212,0.002856699849230859,2.1127683559325506e-05,2.2523343833628897,3.9863137138648344e-11,7.401486830834377e-18,4.4658235095695495,,2,123
64,True,Replace + Select,13.59255192565821,0.0013828351514225646,0.0027610856055521704,2.0420536294711247e-05,2.221516674810488,3.9863137138648344e-11,7.401486830834377e-18,4.4678944367572795,,2,123
65,True,Replace + Select,13.607585786927261,0.0013378609916705596,0.002693247159558384,1.9918814274283022e-05,2.204867957178875,3.9863137138648344e-11,7.401486830834377e-18,4.469083806151145,,2,123
66,True,Replace + Select,13.62436758570221,0.0013541215519362697,0.0027120236373398407,2.0057682024436098e-05,2.3092946258202174,3.9863137138648344e-11,7.401486830834377e-18,4.470797666876447,,2,123
67,True,Replace + Select,13.62959025908221,0.001349446472565308,0.0027048600293749893,2.0004701154826995e-05,2.251086055554553,3.9863137138648344e-11,7.401486830834377e-18,4.470207066737134,,2,123
68,True,Replace + Select,13.640227244026953,0.001337644466046801,0.002644511398655851,1.9558372579770067e-05,2.2229708891492885,3.9863137138648344e-11,7.401486830834377e-18,4.471002778801475,,2,123
69,True,Replace + Select,13.649797101388106,0.0012782728638318854,0.0025588685877750953,1.892497239672076e-05,2.2814261969870806,3.9863137138648344e-11,7.401486830834377e-18,4.471720468608806,,2,123
70,True,Replace + Select,13.657647305753052,0.001263450037996091,0.0025437201435236697,1.8812936987524243e-05,2.234534597814301,3.9863137138648344e-11,7.401486830834377e-18,4.472031145366122,,2,123
71,True,Replace + Select,13.672130196884154,0.0012659712205796685,0.0025018668022913464,1.850339654011074e-05,2.31671584280695,3.9863137138648344e-11,7.401486830834377e-18,4.473739249235948,,2,123
72,True,Replace + Select,13.675498365613636,0.0012638492314499229,0.002509188153513234,1.855754405297751e-05,2.1939703099835026,3.9863137138648344e-11,7.401486830834377e-18,4.473178084931573,,2,123
73,True,Replace + Select,13.684032227278337,0.0013554712512375644,0.0027057097654568448,2.0010985663523704e-05,2.2300192819602467,3.9863137138648344e-11,7.401486830834377e-18,4.473662318214375,,2,123
74,True,Replace + Select,13.686581883067028,0.0013240523409643028,0.002623027349738952,1.939948007756634e-05,2.214520636528438,3.9863137138648344e-11,7.401486830834377e-18,4.472411361351361,,2,123
75,True,Replace + Select,13.702387561907285,0.0012612822270919033,0.002584303053894497,1.91130815366487e-05,2.276093017242632,3.9863137138648344e-11,7.401486830834377e-18,4.473951181487389,,2,123
76,True,Replace + Select,13.712624661875529,0.0012622209355246982,0.0025489070119630638,1.8851298215806897e-05,2.2930367622830348,3.9863137138648344e-11,7.401486830834377e-18,4.474536755541271,,2,123
77,True,Replace + Select,13.711932210166058,0.0012502218385450762,0.0024825266906204502,1.8360360246152618e-05,2.2491379976951142,3.9863137138648344e-11,7.401486830834377e-18,4.47318540685295,,2,123
78,True,Replace + Select,13.718977395737518,0.0012129817237278115,0.002420754911472287,1.7903506298724325e-05,2.22803472102661,3.9863137138648344e-11,7.401486830834377e-18,4.47338177963234,,2,123
79,True,Replace + Select,13.726026420436547,0.0012028205010205292,0.002390901949648991,1.768271868924514e-05,2.225526213995004,3.9863137138648344e-11,7.401486830834377e-18,4.473567031873152,,2,123
80,True,Replace + Select,13.741601649620778,0.001144775541387239,0.002241898376729686,1.6580712701918346e-05,2.2653926804860736,3.9863137138648344e-11,7.401486830834377e-18,4.475626501743224,,2,123
81,True,Replace + Select,13.750668933525207,0.0010912262519214072,0.0021788603294525073,1.611449364308771e-05,2.2193507178012988,3.9863137138648344e-11,7.401486830834377e-18,4.475641029369227,,2,123
82,True,Replace + Select,13.751840021424925,0.0010390254723704503,0.0020405227426234383,1.509137153956248e-05,2.358408824501649,3.9863137138648344e-11,7.401486830834377e-18,4.474423856753947,,2,123
83,True,Replace + Select,13.76533542771264,0.0009603816088607787,0.001920678281829225,1.420502156314481e-05,2.2430211513393896,3.9863137138648344e-11,7.401486830834377e-18,4.475427362848665,,2,123
84,True,Replace + Select,13.779980243156956,0.0009893533845945087,0.0019576232995643355,1.4478260854984043e-05,2.1096456569837314,3.9863137138648344e-11,7.401486830834377e-18,4.476812956523636,,2,123
85,True,Replace + Select,13.790999390904014,0.0009867697947232314,0.001996295490357153,1.4764274035485484e-05,2.2225359108037646,3.9863137138648344e-11,7.401486830834377e-18,4.477462061722273,,2,123
86,True,Replace + Select,13.80232686091372,0.0010250967732077548,0.002037709579387455,1.5070565845654318e-05,2.2546913926865186,3.9863137138648344e-11,7.401486830834377e-18,4.478385129653477,,2,123
87,True,Replace + Select,13.815204262993126,0.0010290839947030236,0.002056199694174095,1.5207315702063948e-05,2.2406730505678536,3.9863137138648344e-11,7.401486830834377e-18,4.479617655174696,,2,123
88,True,Replace + Select,13.822358281017234,0.0010634676743620656,0.0020768598724368236,1.5360114992031958e-05,2.178129551692191,3.9863137138648344e-11,7.401486830834377e-18,4.479468481667081,,2,123
89,True,Replace + Select,13.830038147969749,0.0010275763518697125,0.002034271346752105,1.5045137240985692e-05,2.2219359094069215,3.9863137138648344e-11,7.401486830834377e-18,4.479527764920582,,2,123
90,True,Replace + Select,13.843756776258882,0.0009931932870607886,0.001953806726339955,1.4450034105370352e-05,2.2603531062212214,3.9863137138648344e-11,7.401486830834377e-18,4.481010624751878,,2,123
91,True,Replace + Select,13.848761121067078,0.0010243823438945178,0.0020535829869404026,1.5187962964528106e-05,2.260833833394222,3.9863137138648344e-11,7.401486830834377e-18,4.480489500657014,,2,123
92,True,Replace + Select,13.86076354977986,0.0010046082666598124,0.002019566259607391,1.4936380828235689e-05,2.277767984314791,3.9863137138648344e-11,7.401486830834377e-18,4.48177521553603,,2,123
93,True,Replace + Select,13.871127477645723,0.000979741213394894,0.001990634721688769,1.4722407918833305e-05,2.225358108045307,3.9863137138648344e-11,7.401486830834377e-18,4.482226080775889,,2,123
94,True,Replace + Select,13.881991014012263,0.0009551734341456152,0.0019477471853075164,1.4405218733716036e-05,2.2707114820570635,3.9863137138648344e-11,7.401486830834377e-18,4.48323495783572,,2,123
95,True,Replace + Select,13.89726385297092,0.0008857794980162687,0.0017482936979305742,1.2930093453320008e-05,2.1660949533588867,3.9863137138648344e-11,7.401486830834377e-18,4.484461889250158,,2,123
96,True,Replace + Select,13.905274766198112,0.000858002995141455,0.0017234733903972804,1.2746526529567145e-05,2.3384604993433107,3.9863137138648344e-11,7.401486830834377e-18,4.484841084313123,,2,123
97,True,Replace + Select,13.91492391645642,0.0008663788262154921,0.00173746761570273,1.2850025524741963e-05,2.199324972501688,3.9863137138648344e-11,7.401486830834377e-18,4.485268849962459,,2,123
98,True,Replace + Select,13.929331971121387,0.0008922853257000571,0.0017651453610007593,1.3054725589556198e-05,2.2943738979109702,3.9863137138648344e-11,7.401486830834377e-18,4.486280762960303,,2,123
99,True,Replace + Select,13.938539677997877,0.0008818284376358072,0.0017849270965981175,1.3201028061643966e-05,2.2672531240173415,3.9863137138648344e-11,7.401486830834377e-18,4.48689758289256,,2,123
100,True,Replace + Select,13.951237776875246,0.0008328572303633877,0.0016690344335087595,1.2343904932919494e-05,2.257081682564893,3.9863137138648344e-11,7.401486830834377e-18,4.488412108322369,,2,123
101,True,Replace + Select,13.959164801305645,0.0008545246010259345,0.0017549339011620048,1.297920330736402e-05,2.236310906766345,3.9863137138648344e-11,7.401486830834377e-18,4.488488191842789,,2,123
102,True,Replace + Select,13.966904394762583,0.0008198340232530328,0.0016349189022986524,1.2091592059356841e-05,2.1932068636149857,3.9863137138648344e-11,7.401486830834377e-18,4.488599259285071,,2,123
103,True,Replace + Select,13.974411989450727,0.0008488161852214279,0.0017188520962598632,1.271234819606242e-05,2.282291614841193,3.9863137138648344e-11,7.401486830834377e-18,4.488896319232206,,2,123
104,True,Replace + Select,13.990646089066805,0.0008450234951229007,0.0016721064354290973,1.2366624955285168e-05,2.194132343376309,3.9863137138648344e-11,7.401486830834377e-18,4.490610172042419,,2,123
105,True,Replace + Select,14.003814369073831,0.0008042535249803114,0.0016113689607455354,1.1917420554041424e-05,2.175278000414738,3.9863137138648344e-11,7.401486830834377e-18,4.491893114053294,,2,123
106,True,Replace + Select,14.01929737141161,0.0008140681604786249,0.0016219630513827545,1.1995772710864005e-05,2.301291053444088,3.9863137138648344e-11,7.401486830834377e-18,4.493423789636948,,2,123
107,True,Replace + Select,14.034836093199667,0.0008086847214278409,0.0015794148435781712,1.1681093144246709e-05,2.2580793478738332,3.9863137138648344e-11,7.401486830834377e-18,4.494987819455381,,2,123
108,True,Replace + Select,14.043642601628983,0.0008011135754292575,0.001621386087207221,1.1991505578449298e-05,2.249917065583582,3.9863137138648344e-11,7.401486830834377e-18,4.495265742462547,,2,123
109,True,Replace + Select,14.053495616664216,0.0007914075368472228,0.0015735381891926116,1.1637630372237582e-05,2.258622226769953,3.9863137138648344e-11,7.401486830834377e-18,4.495715368691152,,2,123
110,True,Replace + Select,14.070070739400558,0.00074545906854027,0.001474949657919191,1.0908485764383765e-05,2.26146324132701,3.9863137138648344e-11,7.401486830834377e-18,4.497655839931775,,2,123
111,True,Replace + Select,14.083496541370286,0.0007797599216718075,0.001563138734918972,1.1560717714037845e-05,2.2906402067297837,3.9863137138648344e-11,7.401486830834377e-18,4.498810095778299,,2,123
112,True,Replace + Select,14.100407755920244,0.0007991241597562262,0.0016294103045620455,1.2050851373958625e-05,2.29949233603534,3.9863137138648344e-11,7.401486830834377e-18,4.500655862388731,,2,123
113,True,Replace + Select,14.112392294049927,0.0008147520110789348,0.0016359373260188188,1.2099124154160144e-05,2.255372083187469,3.9863137138648344e-11,7.401486830834377e-18,4.501336538734581,,2,123
114,True,Replace + Select,14.124436814956683,0.0007781792732483283,0.0015594471411353136,1.1533415291869935e-05,2.2133269068861257,3.9863137138648344e-11,7.401486830834377e-18,4.502488215651079,,2,123
115,True,Replace + Select,14.140353629190024,0.0007668663310155579,0.0015279825392440932,1.130070825677248e-05,2.316460529278942,3.9863137138648344e-11,7.401486830834377e-18,4.504246107888664,,2,123
116,True,Replace + Select,14.142470970897914,0.0007434450651279764,0.001467642029750612,1.0854439744968558e-05,2.2282089947873933,3.9863137138648344e-11,7.401486830834377e-18,4.503380733494416,,2,123
117,True,Replace + Select,14.153922160727742,0.000716282705119429,0.0014231579661985704,1.0525442906741571e-05,2.2394504061793983,3.9863137138648344e-11,7.401486830834377e-18,4.504153043043207,,2,123
118,True,Replace + Select,14.166686776472412,0.0006564026044211429,0.0013274945197512128,9.81793174651995e-06,2.319804550182132,3.9863137138648344e-11,7.401486830834377e-18,4.505107156315286,,2,123
119,True,Replace + Select,14.178125433794518,0.0006688347536664371,0.0013213277403145525,9.772323257216114e-06,2.2277087736067784,3.9863137138648344e-11,7.401486830834377e-18,4.505846734751635,,2,123
120,True,Replace + Select,14.18996440667005,0.00064325634997351,0.001303571987817919,9.641004623861064e-06,2.242753166828096,3.9863137138648344e-11,7.401486830834377e-18,4.506816037965386,,2,123
121,True,Replace + Select,14.200771719781683,0.0006777814619565599,0.0013654935616835195,1.0098966428451787e-05,2.159755771697953,3.9863137138648344e-11,7.401486830834377e-18,4.507407412717569,,2,123
122,True,Replace + Select,14.213344574948119,0.000675178140732782,0.0013709868214563852,1.0139593676785743e-05,2.2167904160854146,3.9863137138648344e-11,7.401486830834377e-18,4.508460455077793,,2,123
123,True,Replace + Select,14.230010651850746,0.0006740493050116894,0.0013616982456050627,1.0070896893202976e-05,2.1975892888018644,3.9863137138648344e-11,7.401486830834377e-18,4.509975251626029,,2,123
124,True,Replace + Select,14.243024629593128,0.0006647795559295223,0.001336160593870212,9.88202460938658e-06,2.3004227284570913,3.9863137138648344e-11,7.401486830834377e-18,4.510892171802486,,2,123
125,True,Replace + Select,14.25660088916327,0.0006345171232521693,0.001246602271634358,9.219665946535573e-06,2.159875503641638,3.9863137138648344e-11,7.401486830834377e-18,4.512191771936994,,2,123
126,True,Replace + Select,14.267715989579928,0.0005999886986282169,0.0011973239886961702,8.855211848025624e-06,2.240437545610991,3.9863137138648344e-11,7.401486830834377e-18,4.512852936879678,,2,123
127,True,Replace + Select,14.279003120284715,0.0005912939153546607,0.0011609456729268078,8.586163790980623e-06,2.2610089583394597,3.9863137138648344e-11,7.401486830834377e-18,4.5135636249995414,,2,123
128,True,Replace + Select,14.287536521031877,0.0005898678715180103,0.0011777003774058182,8.710078837378603e-06,2.241080477761206,3.9863137138648344e-11,7.401486830834377e-18,4.514019422622567,,2,123
129,True,Replace + Select,14.29582963432798,0.0006194628523950929,0.0012606140683333155,9.3232948968549e-06,2.1943057159042483,3.9863137138648344e-11,7.401486830834377e-18,4.5140628570558645,,2,123
130,True,Replace + Select,14.303764325119703,0.0005493379907906219,0.0010977936462316664,8.119101759068428e-06,2.1919408921859573,3.9863137138648344e-11,7.401486830834377e-18,4.514002065967744,,2,123
131,True,Replace + Select,14.31243582014457,0.0006083170221382877,0.0012044751103506455,8.908100370931056e-06,2.23039528112507,3.9863137138648344e-11,7.401486830834377e-18,4.513989033869673,,2,123
132,True,Replace + Select,14.322901586755048,0.0006447378757237625,0.001286052618840251,9.511434244243166e-06,2.262505743880209,3.9863137138648344e-11,7.401486830834377e-18,4.51433840690189,,2,123
133,True,Replace + Select,14.335836663808305,0.0006092979859091015,0.0012337847638627844,9.124869761248583e-06,2.263108132820867,3.9863137138648344e-11,7.401486830834377e-18,4.515483768260668,,2,123
134,True,Replace + Select,14.350329308696068,0.0006334180911739865,0.0012433828521914694,9.195855648350971e-06,2.2765494785234135,3.9863137138648344e-11,7.401486830834377e-18,4.516812870102685,,2,123
135,True,Replace + Select,14.362168628526629,0.0006053473415559478,0.0011844539648097755,8.760027262166553e-06,2.239797903024016,3.9863137138648344e-11,7.401486830834377e-18,4.517812005865602,,2,123
136,True,Replace + Select,14.372174919695233,0.00061758645539438,0.001254663844021534,9.279288013737595e-06,2.1742537255141943,3.9863137138648344e-11,7.401486830834377e-18,4.518222504894964,,2,123
137,True,Replace + Select,14.391597734981099,0.0006282271742773117,0.0012503523505097318,9.247400914849706e-06,2.289324128000591,3.9863137138648344e-11,7.401486830834377e-18,4.520109169480318,,2,123
138,True,Replace + Select,14.40274115276043,0.0005988524736637334,0.0011753458032688407,8.692664793233774e-06,2.17953828810208,3.9863137138648344e-11,7.401486830834377e-18,4.520502422477898,,2,123
139,True,Replace + Select,14.418152987414782,0.0005957337168380792,0.0012015802409186382,8.886690391397686e-06,2.220707634297328,3.9863137138648344e-11,7.401486830834377e-18,4.521966872242425,,2,123
140,True,Replace + Select,14.428695296130911,0.0006097167133535352,0.00119895404129453,8.867267449699167e-06,2.148479848020883,3.9863137138648344e-11,7.401486830834377e-18,4.522885677735932,,2,123
141,True,Replace + Select,14.443332643320748,0.0005888464212431921,0.0012050081133794374,8.912042373914502e-06,2.2204942999712074,3.9863137138648344e-11,7.401486830834377e-18,4.524349600145535,,2,123
142,True,Replace + Select,14.466084770885049,0.0005921637185263701,0.001189952200485801,8.800691311464183e-06,2.254564630334433,3.9863137138648344e-11,7.401486830834377e-18,4.527182628872089,,2,123
143,True,Replace + Select,14.478107279896285,0.0005579134657458244,0.0011332068002903718,8.381011638396989e-06,2.20594219326251,3.9863137138648344e-11,7.401486830834377e-18,4.52815065013261,,2,123
144,True,Replace + Select,14.487236115472534,0.0005778557491782181,0.0011390593607265207,8.424296215507907e-06,2.1934624266698783,3.9863137138648344e-11,7.401486830834377e-18,4.528616061881113,,2,123
145,True,Replace + Select,14.500931130788763,0.0005386124220637832,0.0010853230847599489,8.026871531712725e-06,2.25601404898862,3.9863137138648344e-11,7.401486830834377e-18,4.530045572974226,,2,123
146,True,Replace + Select,14.513886931412998,0.0004991009430682104,0.000991983123759798,7.336544488785226e-06,2.2317658181469597,3.9863137138648344e-11,7.401486830834377e-18,4.530905370222255,,2,123
147,True,Replace + Select,14.525539143541772,0.00046803154625749263,0.0009323437681554208,6.895461596149297e-06,2.319807961109843,3.9863137138648344e-11,7.401486830834377e-18,4.531592202371904,,2,123
148,True,Replace + Select,14.540645436103434,0.00042925094925047727,0.0008601913731352083,6.361834316249752e-06,2.209242829305743,3.9863137138648344e-11,7.401486830834377e-18,4.532950738495712,,2,123
149,True,Replace + Select,14.55634940783824,0.0004293030083316344,0.0008784367114032754,6.496773845673665e-06,2.2092027761162774,3.9863137138648344e-11,7.401486830834377e-18,4.534415917600435,,2,123
150,True,Replace + Select,14.566660332626824,0.00045257287571451077,0.0009124112416620955,6.748043899326079e-06,2.1787372937788803,3.9863137138648344e-11,7.401486830834377e-18,4.535148824726683,,2,123
151,True,Replace + Select,14.577282243999589,0.00043886683614718913,0.0008692569492722706,6.428881830519896e-06,2.2483198240206175,3.9863137138648344e-11,7.401486830834377e-18,4.535640036271149,,2,123
152,True,Replace + Select,14.58361481790237,0.0004145445899615801,0.0008342271645066577,6.169807287606886e-06,2.263826336580306,3.9863137138648344e-11,7.401486830834377e-18,4.535759416066847,,2,123
153,True,Replace + Select,14.594158094748579,0.00040002555362529874,0.0007960885133414654,5.887740078685853e-06,2.236195353050752,3.9863137138648344e-11,7.401486830834377e-18,4.536549418035249,,2,123
154,True,Replace + Select,14.601732084115907,0.000413350789383355,0.0008221011861073703,6.080125540140018e-06,2.280380822104163,3.9863137138648344e-11,7.401486830834377e-18,4.536613511662082,,2,123
155,True,Replace + Select,14.611104300153345,0.00042061526166303423,0.0008520858041602864,6.301886857500614e-06,2.2565716974559855,3.9863137138648344e-11,7.401486830834377e-18,4.537215395777391,,2,123
156,True,Replace + Select,14.620308075130861,0.0004103480316760589,0.0008138862682988974,6.019369355352172e-06,2.2680842352003134,3.9863137138648344e-11,7.401486830834377e-18,4.537634486434734,,2,123
157,True,Replace + Select,14.63040492269547,0.00040258087350251244,0.0008044373737945798,5.949486881305617e-06,2.207210319492291,3.9863137138648344e-11,7.401486830834377e-18,4.537999440743293,,2,123
158,True,Replace + Select,14.641057055563591,0.0004043504322353466,0.0008124020603955848,6.008392397123298e-06,2.21684407415131,3.9863137138648344e-11,7.401486830834377e-18,4.538409141680314,,2,123
159,True,Replace + Select,14.653847303769929,0.0004006722488844853,0.0007960528439967974,5.887476274062796e-06,2.1364798862626864,3.9863137138648344e-11,7.401486830834377e-18,4.539417148760459,,2,123
160,True,Replace + Select,14.665913994630088,0.00039724391913890694,0.0007994222867600478,5.91239612011956e-06,2.2173498317863674,3.9863137138648344e-11,7.401486830834377e-18,4.540239192496506,,2,123
161,True,Replace + Select,14.677912225704784,0.0003943112842932604,0.0007982544200014029,5.903758769113731e-06,2.2361449801399194,3.9863137138648344e-11,7.401486830834377e-18,4.540983469731439,,2,123
162,True,Replace + Select,14.690802499251383,0.0004016543384848728,0.0007940349123448357,5.872551982524617e-06,2.230621277467094,3.9863137138648344e-11,7.401486830834377e-18,4.542072015814379,,2,123
163,True,Replace + Select,14.701836356774708,0.0004082763358353835,0.0008024553358533147,5.934828053764844e-06,2.195359868228202,3.9863137138648344e-11,7.401486830834377e-18,4.54295053277909,,2,123
164,True,Replace + Select,14.715177548329903,0.0004274271787296011,0.0008507374340231697,6.291914533111856e-06,2.2149130541008515,3.9863137138648344e-11,7.401486830834377e-18,4.544020708340059,,2,123
165,True,Replace + Select,14.72905548992584,0.00039381492099738706,0.0007813585525975815,5.778799704875893e-06,2.3090090234835596,3.9863137138648344e-11,7.401486830834377e-18,4.544897612712586,,2,123
166,True,Replace + Select,14.741297501662785,0.00039715325470882806,0.0007905893913412021,5.847069474279525e-06,2.2350555213899157,3.9863137138648344e-11,7.401486830834377e-18,4.545682215299297,,2,123
167,True,Replace + Select,14.752057856992566,0.00041234952126611036,0.0008077453255805442,5.973951950179471e-06,2.2502445751579505,3.9863137138648344e-11,7.401486830834377e-18,4.546331290613333,,2,123
168,True,Replace + Select,14.763658734242714,0.00039697405339367443,0.0007913311498980605,5.852555398910684e-06,2.1636863013127243,3.9863137138648344e-11,7.401486830834377e-18,4.547071884724143,,2,123
169,True,Replace + Select,14.777702205914121,0.0004039900010725899,0.0008036688080757654,5.9438026953012565e-06,2.3360304343120286,3.9863137138648344e-11,7.401486830834377e-18,4.5480562598541,,2,123
170,True,Replace + Select,14.789972933156612,0.0004075967863343826,0.0008104982917550666,5.994312436493949e-06,2.253734304849628,3.9863137138648344e-11,7.401486830834377e-18,4.548888866045416,,2,123
171,True,Replace + Select,14.80390839781082,0.00040736665652182854,0.0008268538424494144,6.115275406965532e-06,2.2081812657951074,3.9863137138648344e-11,7.401486830834377e-18,4.549983526039518,,2,123
172,True,Replace + Select,14.816454044568948,0.00041077060823064345,0.0008171594913813105,6.0435775764303935e-06,2.2869873352372267,3.9863137138648344e-11,7.401486830834377e-18,4.550700367551431,,2,123
173,True,Replace + Select,14.831003401357187,0.0004318213200638761,0.0008667221855674801,6.4101351338843025e-06,2.287940593172378,3.9863137138648344e-11,7.401486830834377e-18,4.551853275552113,,2,123
174,True,Replace + Select,14.846873611442616,0.0004344360709061701,0.0008657450853938319,6.402908661253599e-06,2.2984287338737244,3.9863137138648344e-11,7.401486830834377e-18,4.553195858769497,,2,123
175,True,Replace + Select,14.863119849716336,0.0004244877367518334,0.0008446613499993144,6.246976812206227e-06,2.333302892606624,3.9863137138648344e-11,7.401486830834377e-18,4.5546835386270015,,2,123
176,True,Replace + Select,14.877076696886446,0.00043377721246704113,0.0008626038599611274,6.379676673143768e-06,2.2945636114344223,3.9863137138648344e-11,7.401486830834377e-18,4.555767901697479,,2,123
177,True,Replace + Select,14.890482681650644,0.00044414132023122554,0.0008763250565297962,6.48115639256063e-06,2.225405373566777,3.9863137138648344e-11,7.401486830834377e-18,4.556888787115893,,2,123
178,True,Replace + Select,14.905116296223788,0.0004242065730468839,0.0008574950539834205,6.341892782024776e-06,2.2607491490205307,3.9863137138648344e-11,7.401486830834377e-18,4.558004297963433,,2,123
179,True,Replace + Select,14.921243571671242,0.00044699289012645806,0.0008927571275571297,6.602685294864922e-06,2.2683005556286653,3.9863137138648344e-11,7.401486830834377e-18,4.559626200803217,,2,123
180,True,Replace + Select,14.934269017878464,0.0004808847086236372,0.0009661671754362389,7.145613969041994e-06,2.341069683525784,3.9863137138648344e-11,7.401486830834377e-18,4.560510272433131,,2,123
181,True,Replace + Select,14.951614194986213,0.00047879402150470296,0.0009468710128765535,7.0029027155023195e-06,2.2612236711361584,3.9863137138648344e-11,7.401486830834377e-18,4.562149062818814,,2,123
182,True,Replace + Select,14.965166515216227,0.0005203178940275907,0.001021655715460187,7.555998110417781e-06,2.2496069177120974,3.9863137138648344e-11,7.401486830834377e-18,4.5631675155104405,,2,123
183,True,Replace + Select,14.9738769434068,0.0005061195171348529,0.001002705451107687,7.415845063287896e-06,2.223563848638861,3.9863137138648344e-11,7.401486830834377e-18,4.563529213415895,,2,123
184,True,Replace + Select,14.985237913066896,0.0005107504216492742,0.0010088598153181045,7.461361731614653e-06,2.2946524724102275,3.9863137138648344e-11,7.401486830834377e-18,4.564469519277952,,2,123
185,True,Replace + Select,14.99877278454786,0.0004945886670974775,0.0009696216653920268,7.171162810186228e-06,2.2975374608650285,3.9863137138648344e-11,7.401486830834377e-18,4.565693771028512,,2,123
186,True,Replace + Select,15.014502264023797,0.0004897500303960105,0.0009766308782084949,7.2230017986001416e-06,2.168877612162028,3.9863137138648344e-11,7.401486830834377e-18,4.566902798683993,,2,123
187,True,Replace + Select,15.024900956102453,0.0005148315334341547,0.0010339387879943535,7.646841700341301e-06,2.240524381899539,3.9863137138648344e-11,7.401486830834377e-18,4.567514932614719,,2,123
188,True,Replace + Select,15.040195643179628,0.0004932240823834441,0.001000784565271985,7.40163850669035e-06,2.352150364463153,3.9863137138648344e-11,7.401486830834377e-18,4.568687348973297,,2,123
189,True,Replace + Select,15.056252535824536,0.0005025767304408853,0.0010044646138435839,7.428855542363391e-06,2.236347615488209,3.9863137138648344e-11,7.401486830834377e-18,4.570016450552375,,2,123
190,True,Replace + Select,15.067382909921319,0.0005156034901596714,0.0010345980241384584,7.651717302742187e-06,2.2331713402994318,3.9863137138648344e-11,7.401486830834377e-18,4.570472425726334,,2,123
191,True,Replace + Select,15.07813665092008,0.0005059197574615309,0.0010106739806854668,7.474779001131518e-06,2.22851671988259,3.9863137138648344e-11,7.401486830834377e-18,4.570975362656652,,2,123
192,True,Replace + Select,15.091020232700833,0.0005188013698373139,0.0010434806157778467,7.71741149367871e-06,2.3566653462441556,3.9863137138648344e-11,7.401486830834377e-18,4.571958980842,,2,123
193,True,Replace + Select,15.100742130122658,0.0005225121074103468,0.0010328438592667243,7.638743787050344e-06,2.3088032386444652,3.9863137138648344e-11,7.401486830834377e-18,4.5724360681277325,,2,123
194,True,Replace + Select,15.111124403897712,0.0005461287664306482,0.0010845153989322651,8.020898019799232e-06,2.2781964376479884,3.9863137138648344e-11,7.401486830834377e-18,4.572919072765431,,2,123
195,True,Replace + Select,15.122079918226689,0.0005466314218210003,0.0011129786167544688,8.231407310577395e-06,2.198610954856753,3.9863137138648344e-11,7.401486830834377e-18,4.573382084757078,,2,123
196,True,Replace + Select,15.132957128258523,0.0005234049110645405,0.0010272026190427301,7.597022099570024e-06,2.297894981010269,3.9863137138648344e-11,7.401486830834377e-18,4.574113802875447,,2,123
197,True,Replace + Select,15.148376931932594,0.00053406178843144,0.0010529796494140719,7.787664788521565e-06,2.3479736038853325,3.9863137138648344e-11,7.401486830834377e-18,4.57542475337691,,2,123
198,True,Replace + Select,15.160674035936653,0.0005248066079254503,0.0010525897440845904,7.784781112652853e-06,2.3091074988683786,3.9863137138648344e-11,7.401486830834377e-18,4.576395495299342,,2,123
199,True,Replace + Select,15.17548283743742,0.0005370453233647643,0.001089230969567316,8.055773606818228e-06,2.3292798199631495,3.9863137138648344e-11,7.401486830834377e-18,4.577608724177665,,2,123
200,True,Replace + Select,15.189894983453872,0.0005016644134777624,0.001013600382009364,7.49642218536578e-06,2.2324352015907647,3.9863137138648344e-11,7.401486830834377e-18,4.578689450014756,,2,123
0,False,Accumulate,0.29159999999980374,67.87588786272323,135.25931874687654,1.000355737654191,0.0817345563729769,0.7219280948873623,0.2,1.7999999999993945,,2,123
1,False,Accumulate,0.1824454433741008,72.10823733953367,143.65527673134093,1.0624508658913825,0.14500367294760597,0.7418860840030328,0.21021111460012493,2.3561467692442504,300.0,2,123
2,False,Accumulate,0.2582483120770097,70.51242105791363,141.8777046094687,1.0493042340165262,0.15003336741523404,0.7872297083245079,0.23535477070617422,2.3138400084684214,600.0,2,123
3,False,Accumulate,0.2553254140443944,70.24691024527992,137.51954756100068,1.0170720192647147,0.15222482709573282,0.8014024060800261,0.24386109755410806,2.593169615229445,900.0,2,123
4,False,Accumulate,0.2762729688490015,70.50755661079589,139.5102775699819,1.031795131912735,0.13714556113211487,0.7850541833752958,0.2340788584560033,2.590417832093808,1200.0,2,123
5,False,Accumulate,0.28820689074729455,70.58038841442595,141.6043857299198,1.047282812410244,0.1889068720722315,0.7919998269453407,0.23817956264059098,2.6576736003433195,1500.0,2,123
6,False,Accumulate,0.36184739013259143,70.57233650074666,141.52437445750527,1.0466910621620658,0.1740556215576661,0.7909805186576827,0.2375727647247717,2.735301310491583,1800.0,2,123
7,False,Accumulate,0.3637238352771337,70.09552647722603,140.66883596591308,1.040363639794592,0.17196040750618505,0.7825154349797342,0.2325995409324035,2.7895155796910283,2100.0,2,123
8,False,Accumulate,0.416436485331977,70.42880661218322,138.5624164749378,1.0247849067119044,0.18960942733945454,0.7814778662783831,0.2319978998371489,2.7769821399127785,2400.0,2,123
9,False,Accumulate,0.41456202088773253,70.50882156330454,138.26662501870572,1.0225972816141868,0.17373983450965724,0.7825838616454283,0.2326392783459644,2.734449942765646,2700.0,2,123
10,False,Accumulate,0.4052091432896782,70.44924050901099,142.80866044732863,1.0561894307078437,0.1688339499988883,0.783174840944431,0.23298278654920215,2.7418291233609,3000.0,2,123
11,False,Accumulate,0.3667279086069084,70.6259059256354,141.27772594172765,1.044866890192046,0.19882063294724228,0.7848997094601735,0.23398855264964827,2.702870890336991,3300.0,2,123
12,False,Accumulate,0.337246016446111,70.48668512337503,140.05341110819896,1.0358120584823907,0.17905497548853483,0.7845888591974755,0.23380694506329786,2.6442193982537994,3600.0,2,123
13,False,Accumulate,0.36230507442119875,70.41502855375333,138.37813327467907,1.0234219783869651,0.17498126273980935,0.7860942724589135,0.23468789825061886,2.659298861165797,3900.0,2,123
14,False,Accumulate,0.32208627050171745,70.1570430488242,138.9123950693146,1.027373290996141,0.1831195256036472,0.7833320021564407,0.23307423024238164,2.595995242082786,4200.0,2,123
15,False,Accumulate,0.3257549514899365,70.20420965208633,142.6796191147542,1.0552350621761126,0.21113597298309478,0.7810644630435162,0.2317586573301775,2.6361418191105295,4500.0,2,123
16,False,Accumulate,0.31347270136833116,70.26622663434759,139.27587031817745,1.0300614943233786,0.14850828134258437,0.7804823212413262,0.2314222175021082,2.646157478627969,4800.0,2,123
17,False,Accumulate,0.35983474980479324,70.50743425510878,139.2409549917212,1.0298032662953494,0.17716236396684382,0.7745477364914112,0.2280222838143218,2.6417272730071666,5100.0,2,123
18,False,Accumulate,0.35887956126115383,70.54954783987094,141.14256554692537,1.0438672660796613,0.18957021259354065,0.7736814551351544,0.2275304699413703,2.6464853453085415,5400.0,2,123
19,False,Accumulate,0.35790168650917437,70.44999337835121,137.9156142984282,1.0200012638960667,0.14891499200404332,0.7751054803382061,0.2283395289539928,2.664543646124598,5700.0,2,123
20,False,Accumulate,0.37575341631897274,70.55007602572275,140.28172940895985,1.0375006631884742,0.20106271968244377,0.779397001375466,0.23079638564201388,2.706924585226556,6000.0,2,123
21,False,Accumulate,0.37690354525992303,70.50287577510781,142.02643346330413,1.0504042082265652,0.1667174962449422,0.7808092228963404,0.23161107995185357,2.704445321274773,6300.0,2,123
22,False,Accumulate,0.38063144718435743,70.32353221481553,140.9853535133198,1.0427045516633637,0.18944187742780644,0.7778035138190951,0.2298808346998873,2.7198392151611954,6600.0,2,123
23,False,Accumulate,0.3671160417320369,70.4129677534293,141.22979579722812,1.0445124067043208,0.182760665446199,0.7776707238351567,0.22980471572528247,2.731520620150496,6900.0,2,123
24,False,Accumulate,0.36526615889672165,70.46371808331116,141.27208131618886,1.0448251434673326,0.1864138979587661,0.7769681840312325,0.22940244976454927,2.735914051468763,7200.0,2,123
25,False,Accumulate,0.3813843613178999,70.38736563404655,142.4663350925805,1.0536576485286975,0.17558004182115292,0.7743877673314427,0.22793137969180863,2.738498079923772,7500.0,2,123
26,False,Accumulate,0.3899948746834196,70.46244366966114,142.90272146647177,1.0568850905785365,0.17018365888485143,0.7743549175488624,0.2279127172271985,2.7557406185396514,7800.0,2,123
27,False,Accumulate,0.38702068673379114,70.38780930610447,141.60916511646434,1.0473181599692631,0.1941495721408682,0.7739094690600765,0.22765981110714822,2.763698728306206,8100.0,2,123
28,False,Accumulate,0.382877859383537,70.46325057048013,140.67658417105108,1.040420944249014,0.1638827794182357,0.7747863993843249,0.228157978060139,2.7523778314438654,8400.0,2,123
29,False,Accumulate,0.37052087890888724,70.43780636939083,141.1838750649711,1.0441727844999789,0.19664798361692234,0.773428356709855,0.22738699069548518,2.743051874441034,8700.0,2,123
30,False,Accumulate,0.3672079288197013,70.43170774762721,142.2456942146419,1.0520258247826384,0.194755506081786,0.7723937702629033,0.2268014867875853,2.7387838739133437,9000.0,2,123
31,False,Accumulate,0.3580769004774442,70.37304187311521,140.38139323419838,1.0382377604941357,0.16954473423796376,0.7739726587544835,0.22769566932207277,2.73519430569766,9300.0,2,123
32,False,Accumulate,0.36720888301708066,70.33707521720827,141.89503307279233,1.0494323924892373,0.2063911249304315,0.7738712712775044,0.22763813793900387,2.7561227269413724,9600.0,2,123
33,False,Accumulate,0.36673321760627975,70.48918819174706,137.91803355152274,1.0200191562951737,0.1723044109218845,0.7728509194429918,0.22706000478771604,2.7823162803530748,9900.0,2,123
34,False,Accumulate,0.3537813876204706,70.48442288542557,143.94955800427164,1.0646273219210873,0.18754854220301242,0.7726861979222884,0.22696681889517564,2.782333042907298,10200.0,2,123
35,False,Accumulate,0.34837290245633046,70.44831904842592,140.62433489237569,1.040034517153303,0.17864697495001558,0.7726312408076275,0.2269357376612036,2.7897198966454972,10500.0,2,123
36,False,Accumulate,0.3402260478565153,70.41246542611877,140.3901063431914,1.0383022012192165,0.15931962233319102,0.7731813401772425,0.22724705153759234,2.80478949853652,10800.0,2,123
37,False,Accumulate,0.336733318261762,70.46682263014459,139.5563636458687,1.0321359769714447,0.16706328660951786,0.7743860717267609,0.22793041635311273,2.801827063668454,11100.0,2,123
38,False,Accumulate,0.32392206929873724,70.34532689996988,140.20325452665796,1.0369202758295866,0.18073441264902884,0.7738378510899154,0.22761917734002068,2.7917219320155455,11400.0,2,123
39,False,Accumulate,0.32611171493547736,70.26522570826594,138.5458646290865,1.0246624919746463,0.19379963875889716,0.7736941374011495,0.22753766192667543,2.8058948819770686,11700.0,2,123
40,False,Accumulate,0.3184798735215221,70.29830860168461,140.8796582198942,1.041922846608208,0.20326754652659523,0.7738569045063053,0.22762998689434033,2.802470412943353,12000.0,2,123
41,False,Accumulate,0.3223665248354398,70.26391327754146,142.3994572849403,1.0531630312319786,0.17084002191439793,0.7724796427278195,0.22685002399212778,2.8070925375374425,12300.0,2,123
42,False,Accumulate,0.32758101937875195,70.31611865528798,140.01962984606325,1.035562217808079,0.1594934213973627,0.7716133959785545,0.22636090152133595,2.80273011517252,12600.0,2,123
43,False,Accumulate,0.33144673065967306,70.27832927480554,136.4570723463745,1.0092141268332464,0.21728080225380303,0.7715569934403402,0.22632909259423808,2.812554108654074,12900.0,2,123
44,False,Accumulate,0.327986757870866,70.25228606046053,143.24639133372182,1.059426816551634,0.16749205794628003,0.7734504258412489,0.2273994976775346,2.7972339869220075,13200.0,2,123
45,False,Accumulate,0.3249233182704607,70.28210418557475,140.89124902456584,1.0420085702985586,0.173528076784651,0.7744804698228228,0.22798405414723555,2.799090888520521,13500.0,2,123
46,False,Accumulate,0.3288064119513597,70.3116757655676,139.84676677146237,1.0342837508594975,0.20208795798223533,0.7733880001086414,0.22736412175098245,2.802891758721686,13800.0,2,123
47,False,Accumulate,0.33025081693643826,70.3601765752367,140.56903825740608,1.039625552310235,0.15965877133642647,0.7737557835980456,0.22757262429403172,2.8065878545121423,14100.0,2,123
48,False,Accumulate,0.3347541495977344,70.41936178303368,142.51889810334396,1.0540463959354769,0.19102612200526056,0.7741767206320165,0.22781150908551262,2.8045255018268547,14400.0,2,123
49,False,Accumulate,0.33361839904194784,70.3194784348706,139.04295367813958,1.0283388810541734,0.15220312346670395,0.7731356640604837,0.22722118520310858,2.7940156357313377,14700.0,2,123
50,False,Accumulate,0.34242328076944223,70.36339215046439,138.26747675287726,1.022603580900427,0.1654871532502773,0.7723227710614877,0.22676136458365787,2.7974195886534674,15000.0,2,123
51,False,Accumulate,0.33621272430050203,70.32320910498639,139.78243611632055,1.0338079718848998,0.19109291632114966,0.7736275189124143,0.22749988594175324,2.771524275471795,15300.0,2,123
52,False,Accumulate,0.3384731563130338,70.27862041327158,142.8002141447344,1.0561269632391297,0.20706887186762762,0.7716046217486751,0.2263559528742685,2.774243507806595,15600.0,2,123
53,False,Accumulate,0.340150309229569,70.26975513300985,141.86448745805097,1.0492064821323777,0.17201561600614504,0.7723026810453659,0.22675001291684233,2.7863490680837275,15900.0,2,123
54,False,Accumulate,0.34158381077910027,70.30661027355026,141.99563130670717,1.0501764005282168,0.18096947669616503,0.7737378642760662,0.2275624608433705,2.7967377590925966,16200.0,2,123
55,False,Accumulate,0.34320047548587923,70.32089307680425,141.8191316382156,1.0488710379276553,0.15991464052691856,0.7738425739666439,0.22762185671391125,2.7904069167248577,16500.0,2,123
56,False,Accumulate,0.3513509426020548,70.33222531180466,141.614250069363,1.0473557674469216,0.16550446129176888,0.7739964362419476,0.22770916386779844,2.80443973259067,16800.0,2,123
57,False,Accumulate,0.35627598579808645,70.31944625539681,140.45655658458898,1.0387936563061295,0.17855658270977928,0.7739388269957322,0.22767647009130268,2.807952473273547,17100.0,2,123
58,False,Accumulate,0.35449604496681136,70.36594131574033,140.67616766318005,1.0404178638251111,0.16167434632313793,0.7735684068235855,0.22746637201841685,2.8064648012070577,17400.0,2,123
59,False,Accumulate,0.3513362606577814,70.34961937591774,139.3020814066886,1.0302553472351423,0.18406938655386554,0.773694040079962,0.22753760673589357,2.816463254833998,17700.0,2,123
60,False,Accumulate,0.35011719038648986,70.35282648886233,141.90671917847024,1.0495188210102,0.20119477050926166,0.7741458850514233,0.2277940006497948,2.8244730738967863,18000.0,2,123
61,False,Accumulate,0.3503764048241406,70.36438357672998,139.17490218475902,1.0293147505683373,0.20463492630477093,0.773080129827217,0.227189740420662,2.837589051798042,18300.0,2,123
62,False,Accumulate,0.34796185249125516,70.30091994637483,141.98840231630612,1.0501229361008328,0.19816761619517043,0.7718911639900372,0.22651762094339747,2.8229232556736066,18600.0,2,123
63,False,Accumulate,0.35209343927696024,70.33501647116104,139.6169402701166,1.0325839917492474,0.16782500738144668,0.7717491661056014,0.22643749009215314,2.806861721719568,18900.0,2,123
64,False,Accumulate,0.35789853712340153,70.25491307242937,139.16883167346094,1.0292698540623977,0.18189140988391045,0.7712789865482722,0.22617237573004675,2.801369827276695,19200.0,2,123
65,False,Accumulate,0.35582005331317645,70.28133642198524,140.67182609053185,1.0403857542658639,0.19063058015138185,0.7721863541347318,0.22668429531002918,2.7945104861284786,19500.0,2,123
66,False,Accumulate,0.3533161154499286,70.35778181904706,137.84037051621604,1.019444773223512,0.18231403299867355,0.7716256961483323,0.22636783898260546,2.79001299666506,19800.0,2,123
67,False,Accumulate,0.36049738288659766,70.31787963923166,141.69430474312082,1.0479478386843166,0.18817696906477743,0.7708114000700526,0.22590904688533284,2.789765001515258,20100.0,2,123
68,False,Accumulate,0.3584372854313954,70.33408515705062,140.051545513731,1.035798260851681,0.16401615631824343,0.7712603698419547,0.22616188527422906,2.7885862960751355,20400.0,2,123
69,False,Accumulate,0.35600146135186433,70.39265031095056,140.08467637718638,1.0360432912840243,0.19494162894968062,0.7708413760958905,0.2259259187095809,2.784392065936284,20700.0,2,123
70,False,Accumulate,0.3614862787142013,70.35310397218154,141.43696405714996,1.046044589177164,0.19970157048694193,0.7705188219338523,0.225744440422561,2.7751419156171275,21000.0,2,123
71,False,Accumulate,0.3593951127153541,70.35207821515024,141.121002610453,1.0437077901380356,0.1852619346948774,0.7710316394676919,0.2260330381259159,2.776579246262974,21300.0,2,123
72,False,Accumulate,0.3645650865113099,70.33453601512024,139.41199528300083,1.0310682522374406,0.1856139718257136,0.7701407526270835,0.22553192214395507,2.777494876671929,21600.0,2,123
73,False,Accumulate,0.3645339640304569,70.2954533119813,137.73664579296073,1.0186776421821437,0.1870277350835689,0.7702383417603366,0.22558675835376948,2.7769640646201688,21900.0,2,123
74,False,Accumulate,0.3625533854745513,70.30929416161783,138.86085411079867,1.026992102520158,0.1725419380659019,0.7688538969889378,0.22481012816998824,2.778897695518986,22200.0,2,123
75,False,Accumulate,0.36569824820133173,70.32035409886515,139.6409751708255,1.0327617499329411,0.1921407295477921,0.7691061080153836,0.22495140244265716,2.7789176906358497,22500.0,2,123
76,False,Accumulate,0.36318611769079395,70.29952911308982,140.51757164337025,1.0392449136738335,0.1933534177954348,0.7694091861692922,0.22512129209639084,2.779975885403617,22800.0,2,123
77,False,Accumulate,0.3683432943086773,70.32115519742379,142.1119049734356,1.0510363414973678,0.1895407757409379,0.769136827265841,0.22496861594297984,2.7860990278581728,23100.0,2,123
78,False,Accumulate,0.36649904926621696,70.27188964668878,139.3001465481576,1.0302410373387823,0.16424122484873954,0.7690436590136279,0.2249164134435467,2.7848918693210325,23400.0,2,123
79,False,Accumulate,0.3701181935642201,70.2693522776667,141.84649373602298,1.049073403515398,0.1814765663426429,0.7682702761440577,0.22448357125050308,2.7834558525734554,23700.0,2,123
80,False,Accumulate,0.37403636439838156,70.26199011511578,142.96967451056153,1.0573802643116967,0.23131696218825998,0.7686901996921762,0.22471848374337147,2.7815964082259095,24000.0,2,123
81,False,Accumulate,0.3749530167746565,70.29044363874051,139.0755362657878,1.0285798565285695,0.16965717316304185,0.7688499686169449,0.22480792845105985,2.7777238002319886,24300.0,2,123
82,False,Accumulate,0.37352626422576646,70.30744185524472,138.8629372866343,1.027007509346978,0.19300073857776429,0.7696364045433981,0.22524874660190639,2.7843802087892793,24600.0,2,123
83,False,Accumulate,0.36910939530389925,70.35043555875123,141.595672427676,1.0472183702559121,0.2055909521322954,0.7699571921866287,0.22542881567761347,2.789240249990312,24900.0,2,123
84,False,Accumulate,0.37077498296990263,70.3676586687128,138.32698448830882,1.0230436903518518,0.17642566693474604,0.7703342781670363,0.22564067948806757,2.793639654924498,25200.0,2,123
85,False,Accumulate,0.3708392464853801,70.35559093136672,141.75143329948207,1.0483703521175451,0.20407580675947898,0.7702132523578222,0.2255726590605988,2.7930787707485236,25500.0,2,123
86,False,Accumulate,0.36969220909965306,70.33134424518306,141.46709044950143,1.0462673990339841,0.21583142236428324,0.7696621423316276,0.22526318855378108,2.795598345813504,25800.0,2,123
87,False,Accumulate,0.36506546195630263,70.33639266364109,141.4779556023042,1.0463477559221266,0.19139586018449034,0.7692987609983831,0.22505937806045873,2.7934354443925615,26100.0,2,123
88,False,Accumulate,0.3666837455380952,70.32285840438526,137.55079861511183,1.0173031469354548,0.15615635337507364,0.7694145932726216,0.22512432424937276,2.796185334989594,26400.0,2,123
89,False,Accumulate,0.36520947802221865,70.34715092973221,144.4393240531745,1.0682495512925443,0.22851994054337918,0.769301467452338,0.22506089532342874,2.8004772718349744,26700.0,2,123
90,False,Accumulate,0.3583525888837507,70.41763213763187,142.64743631308204,1.054997043453227,0.22192529135057582,0.7701886959250244,0.22555886016952065,2.8011032214066374,27000.0,2,123
91,False,Accumulate,0.36114642923836476,70.39197639799733,141.16036314563183,1.0439988942007212,0.1822612612012959,0.7701360603391307,0.22552928585682527,2.8089852619016527,27300.0,2,123
92,False,Accumulate,0.3589993336025852,70.42913758341109,142.44330909493354,1.0534873520265802,0.17982802621113475,0.7709530820355966,0.22598880336314817,2.806374320239337,27600.0,2,123
93,False,Accumulate,0.35719602376247955,70.41133021607835,140.87467619563608,1.0418860003738937,0.18966629992850564,0.7704172094914247,0.22568730198253756,2.796864861147393,27900.0,2,123
94,False,Accumulate,0.35464452482362513,70.42024701120896,142.74586028694802,1.0557249710214842,0.19538447053113184,0.7706150363139994,0.22579855741118837,2.7898225438325404,28200.0,2,123
95,False,Accumulate,0.35399726872460885,70.45013179209707,139.72686093939328,1.0333969469911963,0.2002309502703679,0.7708288979179608,0.22591889528226425,2.7935451625358576,28500.0,2,123
96,False,Accumulate,0.3547003942217548,70.46822133304993,138.8323624792457,1.0267813830860872,0.1752026617942072,0.7706289180599071,0.2258063664962524,2.7951011798527294,28800.0,2,123
97,False,Accumulate,0.3584252182151909,70.48153835969556,140.70348810045945,1.0406199212984215,0.1934078831567454,0.7705966857642845,0.2257882348643289,2.796622818058464,29100.0,2,123
98,False,Accumulate,0.3600605431909916,70.47942554784285,139.8516096049604,1.034319567661779,0.15933233931837304,0.7702700611928628,0.225604584793081,2.7972012800089976,29400.0,2,123
99,False,Accumulate,0.3568641265554389,70.42848188500288,139.85760029957095,1.0343638738565883,0.17005690333556034,0.77066851423891,0.225828642622519,2.794231181674406,29700.0,2,123
100,False,Accumulate,0.357144564137222,70.41986737221296,141.85306045240588,1.0491219698727627,0.21634125782256708,0.770413443621322,0.22568518465961865,2.7973460409477284,30000.0,2,123
101,False,Accumulate,0.3541442329873353,70.44513885701953,140.00734811655695,1.0354713841509695,0.1860252428517093,0.7715297695669616,0.22631374102739618,2.7936359743856536,30300.0,2,123
102,False,Accumulate,0.3599509406052925,70.41320086630148,140.28937047527546,1.0375571752617379,0.16980704890796372,0.7715318495306032,0.22631491388214459,2.7945320998778653,30600.0,2,123
103,False,Accumulate,0.36113165643721257,70.3654557668671,142.12847200503805,1.0511588685459508,0.20401418988321707,0.7714390087183528,0.22626256881129353,2.7875991488318883,30900.0,2,123
104,False,Accumulate,0.3678258522351287,70.35672066096657,139.5119287021752,1.0318073434156354,0.16639122319476832,0.7704112887721013,0.22568397312648855,2.7897219110976526,31200.0,2,123
105,False,Accumulate,0.3698452944390147,70.31382868951144,139.47256547078027,1.031516219412178,0.21405665936917265,0.7709249658194087,0.22597297366150276,2.785013795593128,31500.0,2,123
106,False,Accumulate,0.3745689883332643,70.29921388560658,139.7864931406614,1.0338379769715347,0.18971137245432004,0.771454840108376,0.22627149389106277,2.78509596939525,31800.0,2,123
107,False,Accumulate,0.37647762433806975,70.34486691204003,138.48844874030746,1.024237853477981,0.20807117654712415,0.7722501843744585,0.22672035301493332,2.7854248560410895,32100.0,2,123
108,False,Accumulate,0.37516213808058657,70.33102456681637,139.76405679105295,1.0336720414096026,0.1750946886315965,0.7718499726697767,0.22649437318948074,2.7913754711767917,32400.0,2,123
109,False,Accumulate,0.37499969934740207,70.32947477399586,140.26075060052807,1.0373455073620341,0.17639082526726807,0.7712469369745469,0.22615431621291116,2.7937697023293557,32700.0,2,123
110,False,Accumulate,0.37309645120402923,70.26876654819371,141.90751116566577,1.0495246784176047,0.19789049539334488,0.7708928314927547,0.2259548831496173,2.796007953098117,33000.0,2,123
111,False,Accumulate,0.3732400536400044,70.28397123075621,140.94541677527153,1.0424091860987583,0.16155034438689195,0.7710045284986617,0.22601777123237393,2.789190231598045,33300.0,2,123
112,False,Accumulate,0.3753273479701946,70.30985659710389,140.45812048201378,1.0388052226349895,0.1665860590769206,0.7712029074414402,0.22612950861469328,2.7903715667752853,33600.0,2,123
113,False,Accumulate,0.3737430926202469,70.27255929482224,139.94922155685538,1.035041489648718,0.19366116388570043,0.7708355950254769,0.2259226647663025,2.7835992757076777,33900.0,2,123
114,False,Accumulate,0.37536923277229384,70.26813361649582,140.2379315234182,1.0371767412102726,0.1844527340978,0.7709509161324773,0.22598758389737633,2.7899745180791804,34200.0,2,123
115,False,Accumulate,0.3729139808643188,70.28435826201017,142.97397269343512,1.0574120529672875,0.1997154400908857,0.7709086079523042,0.22596376455951128,2.7906893480673465,34500.0,2,123
116,False,Accumulate,0.37242577190351417,70.28264687169114,138.62161384143587,1.0252227207256004,0.16284250278727447,0.7707997660699851,0.22590249911501056,2.7967543719104544,34800.0,2,123
117,False,Accumulate,0.37123988585447504,70.28527651904608,140.97962955955387,1.0426622182400929,0.1972579658654678,0.7709182793749495,0.2259692092998639,2.798568244516927,35100.0,2,123
118,False,Accumulate,0.36944655183868436,70.26570946605497,139.20405641270185,1.0295303704566354,0.23360141006321428,0.7709557139544191,0.22599028521846304,2.802931454013276,35400.0,2,123
119,False,Accumulate,0.366102786799932,70.2806666200875,140.23429468076003,1.037149843718449,0.16653534527030617,0.7708948752936615,0.22595603369342135,2.807247210536891,35700.0,2,123
120,False,Accumulate,0.3672421672604161,70.28183185702058,141.19050135590658,1.044221791460964,0.18593984530040297,0.7707567562711736,0.22587829435505938,2.8134239989343413,36000.0,2,123
121,False,Accumulate,0.3657682126305965,70.26756770580852,142.2966366089032,1.0524025863755642,0.1670927587831864,0.7707240895235491,0.22585991220405993,2.8089350571401184,36300.0,2,123
122,False,Accumulate,0.36711907688513107,70.27194086657589,141.7068442674156,1.0480405789494012,0.19303578071709837,0.7708912086995479,0.22595396961360917,2.806975853842355,36600.0,2,123
123,False,Accumulate,0.3634942016396847,70.24795839236315,138.69846727219257,1.025791116094793,0.20091792409835668,0.7707206760430118,0.2258579914693098,2.8051936663843566,36900.0,2,123
124,False,Accumulate,0.35959959912198175,70.2301915550985,140.72284866398346,1.040763108850931,0.18723301952705068,0.7703613466596592,0.22565589579723072,2.800939149101527,37200.0,2,123
125,False,Accumulate,0.35900930927129004,70.23517876238753,140.14452615705778,1.0364859304400276,0.17873940855833198,0.7700874296791944,0.2255019653954093,2.797415806697415,37500.0,2,123
126,False,Accumulate,0.35805999091522034,70.24445397897048,141.81030140200062,1.048805730948851,0.15302256937328812,0.7703324166949571,0.22563963311780677,2.7958434799118628,37800.0,2,123
127,False,Accumulate,0.3577864715124441,70.24975230858581,140.030237944601,1.0356406735650365,0.19503443811935914,0.7710602815402916,0.2260491683997458,2.8012419412008467,38100.0,2,123
128,False,Accumulate,0.3600291397264797,70.25688902491329,143.04832420438944,1.05796194454796,0.22929253645631903,0.7708864421632251,0.22595128635970896,2.8077327406261094,38400.0,2,123
129,False,Accumulate,0.3600484356134654,70.241849704636,140.05418618633053,1.0358177908331316,0.16966649053540572,0.7708072974625785,0.2259067378604352,2.806745259570381,38700.0,2,123
130,False,Accumulate,0.3617016627462606,70.19663994023135,139.16919203043406,1.0292725192034688,0.1923114528042721,0.7705211654640992,0.2257457584091051,2.810281103502193,39000.0,2,123
131,False,Accumulate,0.36404501369464776,70.17530835878287,138.26569759647694,1.0225904225514886,0.19051534078773613,0.7700509648687297,0.2254814819193913,2.814795899567251,39300.0,2,123
132,False,Accumulate,0.36321312103874026,70.16864884276282,141.1120132507636,1.0436413063081122,0.19684653888633816,0.7706027297178061,0.22579163465299396,2.811283657935193,39600.0,2,123
133,False,Accumulate,0.3660749523560762,70.1723934339395,141.2825187348326,1.0449023369037869,0.18675351713932692,0.7701016634743019,0.22550996151175293,2.808917932605558,39900.0,2,123
134,False,Accumulate,0.36645268094334443,70.1741475636716,141.3506460051976,1.045406195021895,0.15469793260818748,0.7696224739916283,0.22524093031362258,2.8042532562773435,40200.0,2,123
135,False,Accumulate,0.3679504010523548,70.18807284010508,142.19814829914043,1.0516741829895657,0.169464367718957,0.7695941180049387,0.22522502093870975,2.8059988977365324,40500.0,2,123
136,False,Accumulate,0.3682966531073916,70.17680018330931,139.83129029079964,1.0341692893468042,0.21260468190912965,0.7691074314297006,0.22495214398818744,2.8104366905028133,40800.0,2,123
137,False,Accumulate,0.36477256543699443,70.1442008249974,140.80772913452523,1.041390870889864,0.17153889156496266,0.7685157700992983,0.22462087376015155,2.8119295026788813,41100.0,2,123
138,False,Accumulate,0.3640812481298569,70.10347161419648,143.39050273972174,1.0604926408747863,0.1724229262244573,0.7683679303777585,0.22453817790180294,2.8141424428797284,41400.0,2,123
139,False,Accumulate,0.3645674859822675,70.09585308839326,138.07309581509847,1.0211659713649133,0.16338987134348984,0.7681428502935725,0.22441233756771467,2.8146016375269305,41700.0,2,123
140,False,Accumulate,0.36091765049498103,70.11179922770792,140.22124742234263,1.0370533483350666,0.15746543968018828,0.7681760099794378,0.22443087225435293,2.812628346480992,42000.0,2,123
141,False,Accumulate,0.3585659471956077,70.11549633331428,139.2885883854461,1.0301555550630153,0.1575571492582392,0.7685659160272832,0.22464893066435596,2.8166073098288904,42300.0,2,123
142,False,Accumulate,0.3558168379660572,70.13331355359537,140.0054167993169,1.035457100445416,0.18124002538045259,0.7688921085588253,0.22483152617181315,2.818703959936939,42600.0,2,123
143,False,Accumulate,0.356425342826487,70.1038206973222,140.35581633812544,1.038048597965631,0.19707806465154803,0.7687129295123413,0.22473120649698422,2.820021722854836,42900.0,2,123
144,False,Accumulate,0.35308980309103427,70.1196105724438,140.12915633950362,1.0363722577901913,0.17708667070507908,0.7692811848293013,0.2250495249582484,2.8270268947210653,43200.0,2,123
145,False,Accumulate,0.3514653267043351,70.11027713024087,139.8560670849458,1.0343525344526823,0.18616207001629967,0.7695005546656601,0.22517253473326285,2.8224323200024664,43500.0,2,123
146,False,Accumulate,0.3486279599615906,70.11895600678811,141.60625265807636,1.047296619904696,0.19229769751619108,0.7691614550883995,0.22498241711026742,2.8190362840977,43800.0,2,123
147,False,Accumulate,0.35218895597449246,70.10253721778196,139.32625036990797,1.0304340969231762,0.1485120984334015,0.7686472910524081,0.2246944681739586,2.817908134066378,44100.0,2,123
148,False,Accumulate,0.3515916085350476,70.10660898712068,139.9401600088013,1.034974471925489,0.1890828097639538,0.7686997087021326,0.2247238062102927,2.8188331984125705,44400.0,2,123
149,False,Accumulate,0.3520983136375155,70.06938230827534,141.22066571182887,1.0444448820901278,0.17695800474549322,0.7688261921598114,0.22479461513898563,2.822855151413552,44700.0,2,123
150,False,Accumulate,0.35401301630522797,70.0685847452034,139.34380632797195,1.0305639379096756,0.17045936124357897,0.7685737067987105,0.22465328996841816,2.8254096085544202,45000.0,2,123
151,False,Accumulate,0.3514535422285539,70.06899988206162,141.5245100262312,1.0466920648061282,0.1745387404816475,0.7688512036800212,0.22480862003071034,2.823607802461098,45300.0,2,123
152,False,Accumulate,0.3509357727223051,70.07278936024035,140.92853638905186,1.0422843415308196,0.16674745193475865,0.768643588418718,0.22469239596935778,2.827728705736125,45600.0,2,123
153,False,Accumulate,0.35024720810074056,70.05551573607556,141.949085250456,1.0498321535301731,0.16190508273005605,0.768333741760882,0.2245190586141583,2.828600467908362,45900.0,2,123
154,False,Accumulate,0.3502026307660051,70.07959668335252,138.59841449038848,1.0250511421301651,0.156082422682305,0.7682881200825407,0.2244935482576238,2.827256036870475,46200.0,2,123
155,False,Accumulate,0.3510153948381209,70.07828896735764,140.1266329961123,1.036353595556321,0.15505468473695388,0.7684690340462446,0.2245947279825013,2.8263359831237316,46500.0,2,123
156,False,Accumulate,0.3504662291560484,70.07379245272548,139.75934409537155,1.0336371870852692,0.16845507899077494,0.7686556598987533,0.22469915193013426,2.823962431562794,46800.0,2,123
157,False,Accumulate,0.3498195036083618,70.06241587363266,141.69872336543375,1.0479805180902475,0.180441184521922,0.7689415666572271,0.22485922524113156,2.822420139322586,47100.0,2,123
158,False,Accumulate,0.3464995519947666,70.07116549381266,139.7126137120207,1.0332915768342277,0.17923398309583727,0.7692192996288149,0.22501483604325684,2.8174218110530087,47400.0,2,123
159,False,Accumulate,0.34563082414728075,70.07316719596237,139.80850599126936,1.034000780404317,0.1764018626255764,0.7690038395079845,0.22489410628784526,2.8164676044266375,47700.0,2,123
160,False,Accumulate,0.34451689894706344,70.08080070052782,139.47385502567266,1.031525756748663,0.1687757398737414,0.7688213762763929,0.22479191864894793,2.8153401894380194,48000.0,2,123
161,False,Accumulate,0.3442418947452487,70.09424857115215,140.40415297648136,1.0384060878152492,0.17539844674496324,0.7684412811061778,0.22457920351915725,2.815591293883541,48300.0,2,123
162,False,Accumulate,0.3425854648061477,70.08073152543142,143.2538531976337,1.0594820032733108,0.19352752213444557,0.7680933558908989,0.22438467551193847,2.8144207249770314,48600.0,2,123
163,False,Accumulate,0.3413256872200256,70.1018374467954,138.2978643777322,1.0228283227899986,0.19043150348964966,0.7680343916810284,0.22435172547740595,2.8156735690022883,48900.0,2,123
164,False,Accumulate,0.3409354694168599,70.12085308890566,138.67798097287223,1.0256396027849652,0.1976799465243817,0.7680075001888642,0.2243366998010025,2.8124536753968536,49200.0,2,123
165,False,Accumulate,0.33673107446140366,70.12551831981962,138.904283651295,1.0273133002788168,0.17312161313678356,0.7684355254308141,0.22457598404437626,2.809769980089384,49500.0,2,123
166,False,Accumulate,0.3366960181452945,70.13072480300357,140.40787981368322,1.0384336508919578,0.16044281902404614,0.7681630870711006,0.22442364877420243,2.807820666466671,49800.0,2,123
167,False,Accumulate,0.3400431155897094,70.14974700314514,140.13632487872744,1.036425275130583,0.17977839823477748,0.7682217355069191,0.22445643325944456,2.8102715094563924,50100.0,2,123
168,False,Accumulate,0.34021376388995705,70.15954735866377,138.68301409093863,1.0256768269007055,0.1596021759601138,0.7680336462000621,0.2243513089242918,2.814069193010609,50400.0,2,123
169,False,Accumulate,0.33962062425293016,70.1568158230961,138.979747520067,1.0278714186754718,0.20747964601996993,0.768110865943534,0.22439446134569752,2.8173846506335973,50700.0,2,123
170,False,Accumulate,0.33952944457806766,70.17224201676481,140.7662786553673,1.0410843099442797,0.19403782127559516,0.7680470805349484,0.22435881576375705,2.8149965810139346,51000.0,2,123
171,False,Accumulate,0.3382906641305972,70.1510062784692,140.16321473295162,1.0366241480822365,0.16664848788119763,0.767613280082564,0.22411654845808396,2.8161527930090555,51300.0,2,123
172,False,Accumulate,0.3391179816819646,70.14165910108778,139.86076285738972,1.0343872636155267,0.19984258099981617,0.7679243821270653,0.22429026402438224,2.81421573125633,51600.0,2,123
173,False,Accumulate,0.3399387093990609,70.1474045634134,141.8099171646695,1.0488028891925685,0.19877970962823913,0.7678059647185265,0.22422412471952913,2.81431424568535,51900.0,2,123
174,False,Accumulate,0.3407022935033621,70.14941443271451,142.25221083571034,1.0520740206432735,0.17437563650518773,0.7679997545506878,0.22433237210378315,2.810653788567007,52200.0,2,123
175,False,Accumulate,0.3414486475986664,70.17993076613084,141.03353121785557,1.0430608660645144,0.17601181866133775,0.7684187426560484,0.22456659676339513,2.81412468752976,52500.0,2,123
176,False,Accumulate,0.3441215784431241,70.1947328960858,139.12438956556466,1.0289411675213194,0.2055724657182482,0.7685035241051243,0.22461402261772456,2.814130194653271,52800.0,2,123
177,False,Accumulate,0.343662696811774,70.20096817385571,140.0213355290622,1.0355748327597913,0.20644237007410526,0.7688180085523781,0.22479003302651393,2.810786738894707,53100.0,2,123
178,False,Accumulate,0.34131134615341124,70.20165029975374,140.16737879665226,1.0366549448144209,0.18275011120354487,0.7687155566655276,0.2247326770639276,2.812498109232148,53400.0,2,123
179,False,Accumulate,0.34104719196709515,70.21971365025311,139.35855840116653,1.0306730418235441,0.16672703719389997,0.7689620022091883,0.22487067123586924,2.8121858925515966,53700.0,2,123
180,False,Accumulate,0.33838707345968166,70.19911496588875,142.95984145669468,1.0573075406580106,0.19768228867069307,0.7691941399490377,0.22500073471912624,2.8112996210896415,54000.0,2,123
181,False,Accumulate,0.33488527371586096,70.20004871513976,138.447210792254,1.023932864377588,0.18565515270237254,0.7697580274135168,0.2253169999753056,2.8140542829425947,54300.0,2,123
182,False,Accumulate,0.33574004709478866,70.1814237598798,143.29148291183824,1.0597603064679413,0.18954079725772716,0.7696471189947162,0.2252547585623569,2.811413030232978,54600.0,2,123
183,False,Accumulate,0.3343334160974661,70.16225256465458,139.603619642813,1.0324854745744179,0.2253901459822521,0.7698454335059857,0.22536606463158945,2.8082091830397906,54900.0,2,123
184,False,Accumulate,0.33519515932920807,70.17371676667338,141.29298758409732,1.0449797627959594,0.17674377790436752,0.7700337055331423,0.22547178746520646,2.8071550422978997,55200.0,2,123
185,False,Accumulate,0.3338648570880936,70.17474364848927,141.22669700293048,1.0444894885299267,0.195483712684552,0.770228688294464,0.22558133336267852,2.8045494930063826,55500.0,2,123
186,False,Accumulate,0.3348457633019277,70.16664739109979,138.0921250490814,1.021306708458478,0.20958543268051244,0.770010705180134,0.22545886899743256,2.8054058026061384,55800.0,2,123
187,False,Accumulate,0.33546820022259793,70.17410822276676,141.40358040466776,1.0457976891586378,0.18381486250050993,0.770080374772327,0.2254980022717027,2.8092366716092663,56100.0,2,123
188,False,Accumulate,0.3348801048984266,70.16329063851526,139.71066470233276,1.0332771622782317,0.17223710431679018,0.7701170765536981,0.22551862044900967,2.810158367337584,56400.0,2,123
189,False,Accumulate,0.33779757458202087,70.16948660354981,141.79263052644404,1.048675040051424,0.18823496060260195,0.7699122694360963,0.22540358994135748,2.8097159433032144,56700.0,2,123
190,False,Accumulate,0.33929232104979434,70.15133900228284,140.9103556442774,1.0421498797242803,0.17275253374781285,0.7695662241770831,0.22520937200746677,2.809090221437945,57000.0,2,123
191,False,Accumulate,0.33695022710169586,70.14516846205592,139.68434526898264,1.0330825080658081,0.1733677353166082,0.7694082488479033,0.22512076647699283,2.8131754904938777,57300.0,2,123
192,False,Accumulate,0.3341436486184678,70.17139945738437,139.54982500754136,1.0320876182747738,0.1763237463966994,0.769540827698827,0.22519512512138581,2.8133979876058,57600.0,2,123
193,False,Accumulate,0.3323323999318775,70.18048514036255,137.5024484813306,1.0169455572758843,0.16979100157711813,0.7697108284481962,0.22529050988602178,2.8083968042989267,57900.0,2,123
194,False,Accumulate,0.33265602515440285,70.16845580497517,141.92892482525494,1.049683050331885,0.18864066104912008,0.7699209914533761,0.2254084874360419,2.8047811235248816,58200.0,2,123
195,False,Accumulate,0.33461469944143013,70.19033375729812,139.70232991176226,1.0332155195341561,0.17442011965810122,0.7700757389749807,0.22549539813265898,2.8063540052483025,58500.0,2,123
196,False,Accumulate,0.33591561775846845,70.19262552051383,140.35134301653522,1.0380155140128167,0.23040531653149804,0.7702047219271336,0.2255678654920613,2.8093842112117793,58800.0,2,123
197,False,Accumulate,0.3342895855390881,70.20521845240765,140.46664422615308,1.0388682628486698,0.1871125292198743,0.7708960853315262,0.22595671487889493,2.811795475298291,59100.0,2,123
198,False,Accumulate,0.3355720861553108,70.21402796835716,139.6929686702396,1.033146285327186,0.18365264049861524,0.7707928587068191,0.22589861165312392,2.81481209864045,59400.0,2,123
199,False,Accumulate,0.3351719329126346,70.21428975301036,140.8681870151068,1.0418380074589855,0.19009339889603266,0.7706911050689305,0.22584135286544163,2.809948064780356,59700.0,2,123
200,False,Accumulate,0.3341481098573252,70.2287333808286,139.9163546575232,1.034798411451737,0.16138152231524594,0.7706125873009455,0.22579717976434405,2.809188593524023,60000.0,2,123
0,True,Accumulate + Select,0.29159999999980374,67.87588786272323,134.74715905204488,0.9965678885502125,0.059724722423012536,0.7219280948873623,0.2,1.7999999999993945,,2,123
1,True,Accumulate + Select,4.567484240935162,42.69810104939672,83.42251620197472,0.6169792477542122,0.6077057364733747,0.49396296459140404,0.10803586673630776,2.3033836911999552,300.0,2,123
2,True,Accumulate + Select,6.1059936396833026,33.7124878021062,67.03546490629385,0.49578330400156456,0.858617661346998,0.8463265649593493,0.2734179699007791,1.3446259702845598,600.0,2,123
3,True,Accumulate + Select,7.50612674845142,28.88424491256743,57.07965339333105,0.4221517548982169,0.9421027690007482,0.9924439053949926,0.448871067319491,1.324235125097696,900.0,2,123
4,True,Accumulate + Select,9.131258031583503,25.23716022307405,50.53803532582427,0.3737710205576941,1.0507564889871817,0.9922910572518079,0.4483574414509096,1.717396938356584,1200.0,2,123
5,True,Accumulate + Select,10.734980797853561,22.377535597325984,44.486357477445544,0.3290138037230483,1.1453139981358138,0.9615146720923633,0.3850262285498801,1.956288907554905,1500.0,2,123
6,True,Accumulate + Select,12.171522001115802,20.21819168403546,40.46524473029248,0.29927431334533366,1.2584982540778138,0.9278869277447389,0.34324155854071786,2.122875787122077,1800.0,2,123
7,True,Accumulate + Select,13.446235112269852,18.565480610680208,37.473478003671204,0.27714769731306416,1.2591290538206676,0.8932133294360524,0.3100345439747156,2.1885542191719294,2100.0,2,123
8,True,Accumulate + Select,14.705501516618318,17.237054643493444,34.754685800502905,0.2570399560858691,1.4220477646159697,0.8632717629901245,0.28582869487648144,2.25364000467582,2400.0,2,123
9,True,Accumulate + Select,15.8932620012768,16.200818899940735,32.21423309058413,0.23825118450139687,1.4596157352831403,0.8400478421225874,0.2690151195962781,2.3028069870154275,2700.0,2,123
10,True,Accumulate + Select,16.93663798845262,15.310775357577675,30.508943990280333,0.2256391459989669,1.531351275665715,0.821486549688991,0.2565441552932084,2.3340110731077575,3000.0,2,123
11,True,Accumulate + Select,17.88255574273182,14.53936471164102,29.35259758616075,0.21708699764576125,1.4380144110754083,0.8053173543693667,0.24627300198398908,2.358364405199875,3300.0,2,123
12,True,Accumulate + Select,18.750588315697776,13.877206624445696,27.824544461102743,0.2057857673478858,1.5999726442081346,0.78572889213016,0.2344737452680736,2.3884447920049747,3600.0,2,123
13,True,Accumulate + Select,19.541408531787937,13.267587221874706,26.366671646993836,0.19500357911956026,1.6862330135424224,0.7713768563952454,0.22622753349222793,2.4051543494451666,3900.0,2,123
14,True,Accumulate + Select,20.245639016096384,12.732332989745355,24.67311748107724,0.18247833026721863,1.6156885545486257,0.7581931566432819,0.2189214227601499,2.4139532758368656,4200.0,2,123
15,True,Accumulate + Select,20.854757613036643,12.254620634194264,24.75977964436292,0.1831192694134714,1.6907879856414438,0.7464333948237334,0.2126053759749391,2.4157287974069828,4500.0,2,123
16,True,Accumulate + Select,21.381273579485164,11.821635539029897,23.303504832575143,0.17234889974822554,1.801338802721475,0.7360771228732117,0.20719002121392213,2.4111284684371053,4800.0,2,123
17,True,Accumulate + Select,21.879928800506658,11.4161878270758,23.09737806295019,0.17082441996680414,1.7898419905786032,0.7275619195565475,0.2028349657852465,2.403237672584699,5100.0,2,123
18,True,Accumulate + Select,22.272541004365753,11.055242176792763,22.289822248262183,0.1648518696081043,1.771210766104888,0.7209045005898868,0.19948879232858727,2.3872125647170765,5400.0,2,123
19,True,Accumulate + Select,22.606712950796478,10.721533012826653,21.31477053892589,0.15764054708348446,1.7366586944923332,0.7159409760863059,0.19702644705881298,2.3673920471532077,5700.0,2,123
20,True,Accumulate + Select,22.917334608159283,10.412151122875631,20.644543407048673,0.1526836571396604,1.6893871724379224,0.7127894171892226,0.19547703988062332,2.3500255576030176,6000.0,2,123
21,True,Accumulate + Select,23.172804709404915,10.132068927880605,20.42505854141888,0.15106038307104033,1.8152406235415173,0.7114954034403327,0.19484397330990183,2.3275006208031472,6300.0,2,123
22,True,Accumulate + Select,23.410709078106695,9.858034448144235,20.05915023097798,0.14835418521941646,1.7599564158283596,0.7123809585613918,0.19527701627677516,2.3030327125776595,6600.0,2,123
23,True,Accumulate + Select,23.631760284438577,9.612709597890523,19.619244970176915,0.14510071805912314,1.7906123088326975,0.7144776512129479,0.19630568702629583,2.281365417427021,6900.0,2,123
24,True,Accumulate + Select,23.81796316289831,9.370304034219041,18.47308020931644,0.1366238714695768,1.7518104950807207,0.7176382270834247,0.19786536534992794,2.2557364657403935,7200.0,2,123
25,True,Accumulate + Select,23.983994399193847,9.152086186496346,18.409105548534306,0.13615072537087694,1.779775466460252,0.7214548542426006,0.19976350579183147,2.2308348462199676,7500.0,2,123
26,True,Accumulate + Select,24.14069144627737,8.9472286713546,17.095196496178282,0.12643326951306763,1.7788109743708196,0.7259810581348728,0.20203580052050696,2.2059942470151603,7800.0,2,123
27,True,Accumulate + Select,24.273404773291116,8.75185125284461,17.115662009551798,0.1265846290934419,1.7945656061961794,0.7311055235596998,0.20463690441865814,2.1808381712300395,8100.0,2,123
28,True,Accumulate + Select,24.393191806880214,8.570475690918048,17.5766731088026,0.12999419157335387,1.9201250999993875,0.736583825506447,0.20745190050774207,2.1554300257743204,8400.0,2,123
29,True,Accumulate + Select,24.510839904263026,8.387527790005585,16.80807877434588,0.12430979393239623,1.6933568791431015,0.742739576388533,0.21065851146013773,2.130283271893746,8700.0,2,123
30,True,Accumulate + Select,24.60307681700813,8.215253058050505,16.092310074206562,0.11901608601895028,1.7581726266936255,0.7499901666283285,0.2144964937888622,2.103570417567309,9000.0,2,123
31,True,Accumulate + Select,24.692180978077964,8.059365430042803,15.875096396426882,0.11740960928317351,1.8934001880263196,0.7583727777115475,0.2190193280240561,2.078895394208699,9300.0,2,123
32,True,Accumulate + Select,24.7674185390882,7.906864697037746,15.821006308481733,0.11700956786401326,1.811982398617459,0.7744985969597845,0.2279943556732478,2.0479800829168955,9600.0,2,123
33,True,Accumulate + Select,24.83091980695276,7.761605110170267,15.575026863419138,0.11519034423126785,1.956645145223817,0.7882031314292708,0.23592816300548763,2.026754922888347,9900.0,2,123
34,True,Accumulate + Select,24.90216682500642,7.618736287765794,15.400590344432866,0.11390024034607162,1.9111102120651913,0.7950977230658052,0.24003454576634733,2.017135497183208,10200.0,2,123
35,True,Accumulate + Select,24.980024044943562,7.484113981816373,14.701435556768747,0.10872940620445466,1.958282751678915,0.8077543543718733,0.24778864183427496,2.0050739857992275,10500.0,2,123
36,True,Accumulate + Select,25.03484350991711,7.355325115877406,14.946115790184303,0.11053902108094146,1.855906195597244,0.81221806027091,0.2505938891395714,2.001183411814667,10800.0,2,123
37,True,Accumulate + Select,25.097206114651314,7.224134859896692,14.37086465613759,0.1062845580401168,1.9027691805407094,0.8167387448442772,0.25347448056135796,1.996946890304971,11100.0,2,123
38,True,Accumulate + Select,25.150036813442146,7.102044883859364,14.001574399897658,0.10355334787203414,1.8343130980458313,0.8202006544575594,0.25570818336604934,1.9945265490650592,11400.0,2,123
39,True,Accumulate + Select,25.193180374249323,6.984172667242498,13.8851810668247,0.10269252187022554,1.9524528378593953,0.8225207326775632,0.2572189940204388,1.9924779332400524,11700.0,2,123
40,True,Accumulate + Select,25.24492907813505,6.866712549818687,13.824384769449036,0.1022428824259985,1.9246645529911701,0.8239682875631753,0.2581673633400757,1.9920932176916828,12000.0,2,123
41,True,Accumulate + Select,25.291322193109146,6.755382614414335,13.72103137924368,0.10147849770296566,1.920310269448589,0.824990850023935,0.25883998891470916,1.9924565267099983,12300.0,2,123
42,True,Accumulate + Select,25.33887479157488,6.6479061551428105,13.220213323956418,0.09777452950492241,1.8275079201511462,0.8260881934983947,0.25956430677057074,1.9926331284770817,12600.0,2,123
43,True,Accumulate + Select,25.38199332948867,6.545229636695191,12.75826984528522,0.09435807129973615,1.9461813097233067,0.827397199694065,0.2604317561037993,1.9936154235366041,12900.0,2,123
44,True,Accumulate + Select,25.413592070806214,6.445588823618595,12.962084089971762,0.09586544802598886,1.973846594182503,0.8292578360529412,0.2616712378564752,1.9931255660499976,13200.0,2,123
45,True,Accumulate + Select,25.45349932718979,6.349436958210914,12.827540220308565,0.09487038363241719,1.9760339768746518,0.8316058805591391,0.26324643609669507,1.9929309088406286,13500.0,2,123
46,True,Accumulate + Select,25.49160347715611,6.253584593842528,12.565911750858543,0.09293542238188925,1.8403268180287027,0.8344534580649241,0.2651735848159835,1.992151435056748,13800.0,2,123
47,True,Accumulate + Select,25.52351320975632,6.163622219288849,12.299894735348541,0.09096800416446445,1.9341373422476387,0.837280790002777,0.26710571351803175,1.9908407606709424,14100.0,2,123
48,True,Accumulate + Select,25.557594615559147,6.073892504010596,11.820598881380619,0.08742321063753601,2.0055296922345853,0.839748755168023,0.2688078398887284,1.9892994066270142,14400.0,2,123
49,True,Accumulate + Select,25.589195132955947,5.988527386374072,12.17800940055259,0.0900665602186524,1.988620785626363,0.8417544268740903,0.27020205768682354,1.988379569160954,14700.0,2,123
50,True,Accumulate + Select,25.618972011251117,5.9029080429963265,11.897631094976848,0.08799292825528773,1.9524036867299688,0.8434687986054862,0.2714016957585141,1.9866019235886967,15000.0,2,123
51,True,Accumulate + Select,25.648192334478924,5.821681746226049,11.78703082410257,0.087174946791384,1.9295404709109478,0.8448719272549189,0.27238905325352364,1.9853065845053486,15300.0,2,123
52,True,Accumulate + Select,25.676631895863853,5.742999229886943,11.853166605344615,0.08766407618256135,1.929116729706126,0.8461150375738189,0.2732680102702488,1.983879997933497,15600.0,2,123
53,True,Accumulate + Select,25.706421757176688,5.6656910018262305,10.948796464798047,0.08097550294826966,2.0250398572688457,0.8472391108773633,0.2740662391958286,1.9818615095301328,15900.0,2,123
54,True,Accumulate + Select,25.731038288705733,5.59060692786804,11.441464544644575,0.0846191952646257,2.0779702263876247,0.848343506228815,0.2748537093997724,1.979719424272587,16200.0,2,123
55,True,Accumulate + Select,25.757739480315685,5.516286272724482,11.24940194664633,0.0831987317898993,1.9829575459978432,0.8493193497158515,0.27555219657902114,1.9766554067383366,16500.0,2,123
56,True,Accumulate + Select,25.787746125780608,5.444373682979045,10.874802178798737,0.08042825334477612,1.943907819863139,0.8501851805891159,0.2761740630162751,1.9729044875413249,16800.0,2,123
57,True,Accumulate + Select,25.812223580603465,5.374474113209276,10.899155004124244,0.08060836284679167,1.9020916492829518,0.8485793549315832,0.2750222934103116,1.9725224630815954,17100.0,2,123
58,True,Accumulate + Select,25.83229200022034,5.307205342888118,10.547910611763314,0.07801061692826707,2.034896557934041,0.8508790041776909,0.276673841512333,1.966419206185542,17400.0,2,123
59,True,Accumulate + Select,25.85922191027083,5.23980562368808,10.554561755790457,0.07805980769864176,1.997493303685387,0.8497298017092427,0.27584674581015833,1.9641085389707371,17700.0,2,123
60,True,Accumulate + Select,25.883985515519164,5.174121507311685,10.407761792978173,0.07697409925025375,1.9299792316905482,0.8522295846214901,0.27765044064317884,1.9558462121617446,18000.0,2,123
61,True,Accumulate + Select,25.906505734913953,5.110188737015582,10.196777073636108,0.07541369086947396,2.0532961117968114,0.8511495624059706,0.27686908377984154,1.9526698305593408,18300.0,2,123
62,True,Accumulate + Select,25.929929536290835,5.047962161649696,10.042558993630854,0.07427311924296758,1.95867604928943,0.8535741785669618,0.2786276766851944,1.9440632722491178,18600.0,2,123
63,True,Accumulate + Select,25.9472043776821,4.987458277837618,9.862680617437128,0.07294276827438068,2.053479508836058,0.8525248658506662,0.27786462094601544,1.9413108441249225,18900.0,2,123
64,True,Accumulate + Select,25.969833521660263,4.929215315440211,10.031870575672617,0.07419406945674932,1.9859022897214085,0.8523204554086992,0.277716327688283,1.937294190777247,19200.0,2,123
65,True,Accumulate + Select,25.993733292958176,4.870758604692819,9.85327140281221,0.07287317926621428,2.0528466297715626,0.8550624516252142,0.2797151936306335,1.927338327550269,19500.0,2,123
66,True,Accumulate + Select,26.01438203007217,4.814059003794732,9.591814286863393,0.07093948531807767,1.9417643051868005,0.854110860611546,0.2790191293798714,1.923481154676087,19800.0,2,123
67,True,Accumulate + Select,26.03553037747829,4.7589278347817245,9.188782730868223,0.0679587300308951,1.9684456834935058,0.8538808148888711,0.27885123718723687,1.9178388634727694,20100.0,2,123
68,True,Accumulate + Select,26.05119651307695,4.704637426388999,9.27345376276628,0.06858494309596924,1.9506612127291005,0.8539318150671382,0.2788884454588573,1.9115803847488373,20400.0,2,123
69,True,Accumulate + Select,26.072640821976815,4.6526033762865255,9.339099548036613,0.06907044855730374,2.033913288833654,0.8540531835295014,0.2789770215727977,1.9055149951850552,20700.0,2,123
70,True,Accumulate + Select,26.09117805247465,4.600488921883302,8.981784683671028,0.0664278064234471,1.9415738733287242,0.8541544082761643,0.2790509279980385,1.8984854194120215,21000.0,2,123
71,True,Accumulate + Select,26.109217974547178,4.5500024398066365,8.903379112152283,0.06584793167574404,2.0641150868474534,0.8541908433036213,0.27907753701913446,1.891611298187649,21300.0,2,123
72,True,Accumulate + Select,26.126894816910724,4.500623165056486,8.924613003858738,0.06600497405624746,1.984056003220005,0.8541518781040393,0.2790490803148672,1.8846263946300212,21600.0,2,123
73,True,Accumulate + Select,26.14478645943864,4.452387376538719,8.723206490862028,0.06451540451868217,2.056374179319744,0.8540722741737163,0.27899095788601097,1.8775698839642423,21900.0,2,123
74,True,Accumulate + Select,26.1613634147698,4.404801996942048,8.887990066117773,0.06573411681522079,2.0820306683962944,0.8539873677352807,0.2789289833443286,1.869733392670762,22200.0,2,123
75,True,Accumulate + Select,26.176986924869162,4.358627157918475,8.223109885927926,0.06081677204912625,1.9682146036651966,0.8539007170143802,0.27886575634677113,1.862198305569565,22500.0,2,123
76,True,Accumulate + Select,26.194165161941118,4.312951838510697,8.299850381458118,0.06138433216790606,2.174676044779228,0.8538130886351109,0.27880183724631635,1.8541562320028346,22800.0,2,123
77,True,Accumulate + Select,26.210192661412293,4.268400853827863,8.662866618995317,0.06406914072266125,2.053395440867475,0.853697519490492,0.27871756988554097,1.8463020158915684,23100.0,2,123
78,True,Accumulate + Select,26.227069075180463,4.2248898968875315,8.508599016621401,0.06292820283683839,2.024275255784943,0.8535503721097486,0.2786103309536569,1.8383334722138152,23400.0,2,123
79,True,Accumulate + Select,26.242721637494494,4.181934338912138,8.275993811172945,0.06120789288677835,2.0403249076960623,0.8533822705738687,0.2784878944837954,1.8302732918905542,23700.0,2,123
80,True,Accumulate + Select,26.257446887288634,4.1402248843018645,8.594299633296368,0.063562030542061,1.9776679333024294,0.8531839173604542,0.2783435249747581,1.8224473099640137,24000.0,2,123
81,True,Accumulate + Select,26.272400288287464,4.099304189805233,7.758189207290826,0.05737829496128092,2.0126135023905407,0.8529592596550595,0.2781801414176137,1.8146779694530628,24300.0,2,123
82,True,Accumulate + Select,26.28759880524231,4.059026398305722,7.9118868272094875,0.0585150173503472,2.088671378765249,0.8526962342028682,0.2779890317059088,1.8070326779663883,24600.0,2,123
83,True,Accumulate + Select,26.301805102913022,4.019435239596543,8.11608730166105,0.060025250568596686,2.0405002378118966,0.8523823991382105,0.2777612537752894,1.7994742978686638,24900.0,2,123
84,True,Accumulate + Select,26.315791620211296,3.9804088509787707,7.82230788623689,0.0578525061947009,2.137339502137155,0.8520292793855936,0.2775052866196473,1.79165893963281,25200.0,2,123
85,True,Accumulate + Select,26.330648194597618,3.942598068818519,7.474530388444288,0.055280400859800405,1.9646196287982038,0.8516041569146551,0.27719757896089287,1.7841049214289282,25500.0,2,123
86,True,Accumulate + Select,26.343432508711977,3.905400265444244,7.560248275673462,0.0559143562952094,2.101731852264053,0.8511146511822318,0.2768438797351542,1.7768230513244374,25800.0,2,123
87,True,Accumulate + Select,26.35697950086008,3.8688930319990895,7.6553806492242416,0.056617939727388863,2.121106103196142,0.8505874716977401,0.27646368525490855,1.7697125696678642,26100.0,2,123
88,True,Accumulate + Select,26.371481699142695,3.8329388933947808,7.459050503312215,0.05516591416821004,2.0289875336277374,0.8500181928028954,0.2760539709753342,1.7621410473177364,26400.0,2,123
89,True,Accumulate + Select,26.383215731385082,3.797390317884666,7.405479737308003,0.05476971356895128,1.9884358472741364,0.8494337310588503,0.2756342339094114,1.754470055642329,26700.0,2,123
90,True,Accumulate + Select,26.395355919669385,3.7626529233149335,7.799371488989456,0.05768287236244329,2.1277068341974887,0.8488750394732776,0.2752338558902845,1.7471127306051957,27000.0,2,123
91,True,Accumulate + Select,26.40726453515537,3.7285073255080965,7.327539736538738,0.05419328210615341,2.106232253364289,0.8483272714858037,0.2748421102558352,1.7395968318155888,27300.0,2,123
92,True,Accumulate + Select,26.42083390143242,3.6947907639601407,7.431176124857308,0.054959759836817224,2.1255922716348574,0.8477746299533839,0.27444768186847196,1.7320070162558208,27600.0,2,123
93,True,Accumulate + Select,26.432082414152465,3.66185092360724,7.326602804597731,0.05418635271118335,2.1456714351077055,0.8472055404919161,0.27404235248183406,1.7244696736685408,27900.0,2,123
94,True,Accumulate + Select,26.443625229371158,3.629475971571251,7.016520884546248,0.051893037686827646,2.102994500100361,0.8466064353789774,0.27361655862304807,1.7169682338051857,28200.0,2,123
95,True,Accumulate + Select,26.454468570610647,3.5978556210622865,7.142143105676192,0.05282211903108146,2.0654067243576737,0.8459866298683708,0.2731770337140921,1.7097340015358349,28500.0,2,123
96,True,Accumulate + Select,26.466034112511004,3.566509978498429,7.241306867379073,0.05355551794884838,2.089588504902962,0.8453347526602584,0.2727158359374427,1.7024735119945411,28800.0,2,123
97,True,Accumulate + Select,26.477947947411543,3.5357416578095817,7.289841918459962,0.053914475226438746,2.109986621544322,0.8446662460016263,0.2722440057149308,1.6953875060704886,29100.0,2,123
98,True,Accumulate + Select,26.4892779276035,3.505652260528591,6.90720489098188,0.05108455452727448,2.1016823144708594,0.8439810969675532,0.2717616122147229,1.6884129076893848,29400.0,2,123
99,True,Accumulate + Select,26.499622969201322,3.475958653819845,6.787715814161658,0.050200832912442137,2.1117003229420046,0.843249899773272,0.2712481099443115,1.6816191391876156,29700.0,2,123
100,True,Accumulate + Select,26.510551110072065,3.4467982397537327,6.719755826081054,0.04969821198667386,2.0684045776109468,0.8424893607317594,0.2707154297894536,1.6749509860565972,30000.0,2,123
101,True,Accumulate + Select,26.521572407303587,3.4183255747587467,6.894053598226665,0.050987289722992345,2.0896912187235817,0.8416843254575448,0.27015316009149315,1.6686950396090634,30300.0,2,123
102,True,Accumulate + Select,26.530557669803684,3.390475370944566,7.033032131356555,0.05201515216023724,2.070966169905753,0.8408497400083023,0.2695719495863191,1.6625882015225992,30600.0,2,123
103,True,Accumulate + Select,26.540649193766782,3.363054527861011,6.796781745603448,0.050267883054487775,2.153349154112629,0.8399921655485697,0.26897651685641993,1.6566973239868397,30900.0,2,123
104,True,Accumulate + Select,26.549941486070374,3.3362002811959566,7.02500255306624,0.05195576671612827,2.0068801578305595,0.8391150092834527,0.26836934797447715,1.6510609301268604,31200.0,2,123
105,True,Accumulate + Select,26.559293550815926,3.3095490216487438,6.671833575648438,0.04934378688217306,2.005622712161705,0.8382230339889402,0.2677538351793839,1.6453102203574075,31500.0,2,123
106,True,Accumulate + Select,26.56841352706971,3.283145760131423,6.426790011055033,0.0475314848678846,2.1805872317648554,0.8373034319268313,0.26712126282712056,1.6392981660211918,31800.0,2,123
107,True,Accumulate + Select,26.5775642493647,3.257489693073249,6.47466632484502,0.04788557023251056,2.06975211053358,0.8363861766176864,0.266492315793037,1.6337271000178422,32100.0,2,123
108,True,Accumulate + Select,26.587193438386524,3.23165193382556,6.321902848970345,0.04675575661958522,2.125840243159815,0.8354807055187649,0.26587340320859737,1.6274990842458965,32400.0,2,123
109,True,Accumulate + Select,26.594021795350905,3.206657656104279,6.508267280403373,0.04813407738894808,2.179130516520346,0.8345647958713,0.26524931523361284,1.6218299562497478,32700.0,2,123
110,True,Accumulate + Select,26.603860674100112,3.1819438299970724,6.441239843822062,0.047638353461121365,2.151888435928231,0.8336672439451979,0.26463963299253757,1.6161894601736717,33000.0,2,123
111,True,Accumulate + Select,26.61357798345939,3.1576281657486613,6.116758102860111,0.04523853972301761,2.1608404571423803,0.8327601328544546,0.2640253505692894,1.6105513870052672,33300.0,2,123
112,True,Accumulate + Select,26.622729585477796,3.133734194861286,6.06182786802308,0.044832284715236974,1.9823072769268242,0.8318350202877814,0.2634008227395039,1.6049571301230776,33600.0,2,123
113,True,Accumulate + Select,26.631504828140784,3.110302092712945,6.3768278432817755,0.04716197286929801,2.1096657053481698,0.8309052408949829,0.26277510788735853,1.5995760064975837,33900.0,2,123
114,True,Accumulate + Select,26.640358137685617,3.0871385323153375,5.9572883344653444,0.04405912747050859,2.1539588471517863,0.8299828342202054,0.2621562845400558,1.5940800771479453,34200.0,2,123
115,True,Accumulate + Select,26.649436437188236,3.064180630504998,6.216094839492087,0.04597321793499061,2.069056018662611,0.8290582427935325,0.2615379095483558,1.588427653421713,34500.0,2,123
116,True,Accumulate + Select,26.657187576708544,3.0417607869488177,6.121567380345363,0.045274108350531896,2.1226564980722644,0.828119682529898,0.26091213687518683,1.5831592527257783,34800.0,2,123
117,True,Accumulate + Select,26.66435411422104,3.0197673712933732,6.037313717347303,0.044650982077389705,2.1481072253031064,0.8271852427430495,0.2602910429303746,1.5779452715250148,35100.0,2,123
118,True,Accumulate + Select,26.671389910499755,2.9980632930063096,5.810130496078354,0.04297077223306501,2.0568263502800614,0.8262402477886281,0.259664878096819,1.572681235249752,35400.0,2,123
119,True,Accumulate + Select,26.67935774551142,2.9763259554260184,6.060191439324455,0.04482018195697161,2.08291631819401,0.8252662820657729,0.2590215475345346,1.567068782638329,35700.0,2,123
120,True,Accumulate + Select,26.687420460656114,2.954990319972041,5.921865205473106,0.043797143818207596,2.134592908417255,0.8243007358674759,0.25838579701417713,1.5616321845347894,36000.0,2,123
121,True,Accumulate + Select,26.695865199046974,2.934014181655705,5.724762057847043,0.0423394012651313,2.1294050958033606,0.8233317841369796,0.2577498089117998,1.5562687578382184,36300.0,2,123
122,True,Accumulate + Select,26.703490668133828,2.9134795621849183,5.700766121553378,0.04216193125586211,2.078248286088521,0.822353299289467,0.2571095856659256,1.5511909641656787,36600.0,2,123
123,True,Accumulate + Select,26.71004699642112,2.8931210777290564,5.853299132433489,0.04329004038748607,2.1687038319904897,0.8213828248551289,0.2564765951144853,1.5459558721387618,36900.0,2,123
124,True,Accumulate + Select,26.71731402308314,2.8730668115107543,6.085351380695465,0.04500626075688508,2.1666615009263657,0.8203972859725677,0.2558357927150481,1.5408996007254794,37200.0,2,123
125,True,Accumulate + Select,26.724024786342078,2.853408230867328,5.556667712901355,0.04109620305896316,2.082223973707211,0.8194077332448638,0.2551944064814544,1.5359067677849485,37500.0,2,123
126,True,Accumulate + Select,26.731501367358106,2.8337985359623756,5.791133104617775,0.04283027064157306,2.0673471284702556,0.8184355118786203,0.2545662155154681,1.5307582061467775,37800.0,2,123
127,True,Accumulate + Select,26.738445345476304,2.814543860179276,5.5870970739763255,0.041321253622772836,2.036416145564858,0.8174420958005432,0.25392632286435657,1.5257895747615766,38100.0,2,123
128,True,Accumulate + Select,26.745311597711712,2.7956065677971758,5.380342860926746,0.03979213337268951,2.119653667844905,0.8164450138674078,0.25328607908461215,1.5209396426642159,38400.0,2,123
129,True,Accumulate + Select,26.752340547333866,2.776950605815779,5.784390300725253,0.042780401969867085,2.090326265505002,0.8154325078804188,0.2526379761566366,1.5161824321897963,38700.0,2,123
130,True,Accumulate + Select,26.75889222777571,2.7584829035114256,5.384937623601995,0.039826115483851454,2.0782855747365523,0.814416021311063,0.25198938197802495,1.5114281994627596,39000.0,2,123
131,True,Accumulate + Select,26.76541975988263,2.7402306877118114,5.57523950036499,0.04123355695309676,2.135005671216274,0.8134047554293726,0.2513461480613872,1.506541568322024,39300.0,2,123
132,True,Accumulate + Select,26.771669166259784,2.722361411703226,5.378315426853441,0.039777138802801565,2.13187858362716,0.8123645515083014,0.2506866027411533,1.5018710128077382,39600.0,2,123
133,True,Accumulate + Select,26.77845881231289,2.704542122583443,5.422315645893027,0.040102557206369474,2.1044693044924854,0.8113227378219157,0.25002814982136473,1.4971030878896494,39900.0,2,123
134,True,Accumulate + Select,26.784731675968402,2.686993783579405,5.74404131254817,0.04248198747092212,2.166870080722613,0.8102997960769662,0.24938366607495382,1.4923790769249292,40200.0,2,123
135,True,Accumulate + Select,26.79063091036072,2.669661095484747,5.377133185844597,0.03976839514219878,2.1990588110775393,0.8093095468052274,0.24876169194023928,1.487682510499576,40500.0,2,123
136,True,Accumulate + Select,26.79678818597993,2.6525940784249604,5.432680513374223,0.04017921406632485,2.0720357309040063,0.8083198383995787,0.24814192335150612,1.4829765719509673,40800.0,2,123
137,True,Accumulate + Select,26.804225766932166,2.6355785526850757,5.238979170765908,0.03874663070523186,2.1991899422397942,0.8073196391385571,0.24751746644771275,1.478186719431887,41100.0,2,123
138,True,Accumulate + Select,26.81056074029404,2.6188707413598786,5.163382942147832,0.03818753339686356,2.1353809696044017,0.80631193905707,0.24689022496592627,1.4735757741056539,41400.0,2,123
139,True,Accumulate + Select,26.816770139548584,2.602399810165808,4.96281942499634,0.036704198518310256,2.1372893966182707,0.8053179981416257,0.24627340090543118,1.4689796847331849,41700.0,2,123
140,True,Accumulate + Select,26.823066197652274,2.586183290372448,5.31703068040606,0.03932388686935032,2.1574068047896104,0.804337954578297,0.24566699022559363,1.464449066737744,42000.0,2,123
141,True,Accumulate + Select,26.82926770899669,2.5702145504398133,5.13872443000953,0.03800516308531609,2.165243770377259,0.80336930535465,0.2450693629942852,1.459979767108862,42300.0,2,123
142,True,Accumulate + Select,26.834784291494593,2.5543838631218785,5.318049410224385,0.039331421228005405,2.186799673919837,0.8024075345059293,0.2444776723015598,1.455491529659427,42600.0,2,123
143,True,Accumulate + Select,26.83999351153133,2.5388126704406497,5.043848177699785,0.03730347388382903,2.093413749589959,0.8014655708937259,0.2438997910451338,1.4511398885189617,42900.0,2,123
144,True,Accumulate + Select,26.84613893386497,2.523367472798178,5.1295300326418305,0.03793716283035204,2.1946994387875174,0.8005390693432168,0.243332952629036,1.4466573497356416,43200.0,2,123
145,True,Accumulate + Select,26.851085564192097,2.508035416183572,5.243755425260078,0.03878195510012018,2.064578208389373,0.7996456086870156,0.24278778186495503,1.442124599771895,43500.0,2,123
146,True,Accumulate + Select,26.856911130076536,2.4928694461412864,4.971245726623181,0.036766518063149824,2.1066440155933193,0.7987807503431066,0.24226141397825987,1.4374799054739753,43800.0,2,123
147,True,Accumulate + Select,26.862131743061994,2.4779244260739293,5.055738244239729,0.03739141086587595,2.2013078250453115,0.7979272882251686,0.24174327634301315,1.432791765131936,44100.0,2,123
148,True,Accumulate + Select,26.867769461840275,2.463229675690269,4.899391369355465,0.036235095021586755,2.175457692482209,0.7970788352534712,0.24122944659544096,1.42836195741207,44400.0,2,123
149,True,Accumulate + Select,26.873289643700726,2.448648109238102,5.2265119029560765,0.03865442483725928,2.225608993437226,0.7962408975931393,0.2407232174396947,1.4237997291694706,44700.0,2,123
150,True,Accumulate + Select,26.87845122159971,2.4343192814837336,4.769061268888985,0.035271194973896317,2.1389954561215703,0.7953978970689536,0.2402151582998911,1.4193815393547886,45000.0,2,123
151,True,Accumulate + Select,26.883028905221277,2.4201193365181717,4.737836304123119,0.03504026025567525,2.2610986399295454,0.7945474801032224,0.2397038708706615,1.4150442178387133,45300.0,2,123
152,True,Accumulate + Select,26.88806807164908,2.406060723583838,4.759556987977717,0.03520090287106785,2.151324666484774,0.793728451029501,0.2392126264066926,1.4106300916306358,45600.0,2,123
153,True,Accumulate + Select,26.892895491225236,2.3922921727574815,4.8353313475142325,0.0357613176064938,2.0480690065287828,0.7929233163144961,0.2387308301393321,1.4063987503466924,45900.0,2,123
154,True,Accumulate + Select,26.898835227505995,2.3785007397810674,4.8041159143996115,0.03553045338280206,2.173782868737047,0.792124805068074,0.23825408278850557,1.4019130457805353,46200.0,2,123
155,True,Accumulate + Select,26.90353112798531,2.3649672595616535,4.8085958023417605,0.03556358589927852,2.1652060197128886,0.7913477193951289,0.2377911597133779,1.397601069186655,46500.0,2,123
156,True,Accumulate + Select,26.90847933388626,2.3515596442968496,4.423002971491211,0.03271180456315098,2.1800708750401143,0.7905884859728346,0.23733984975802128,1.3932248986701676,46800.0,2,123
157,True,Accumulate + Select,26.91331340796466,2.338257158531022,4.6351465680626704,0.034280783809852645,2.0790220057515656,0.789826292954413,0.23688774806524612,1.3887863036606938,47100.0,2,123
158,True,Accumulate + Select,26.918247793572046,2.3251477987158946,4.6715067243804524,0.034549697562572076,2.2532014300896317,0.7890545942789596,0.23643099058860187,1.3844644904196848,47400.0,2,123
159,True,Accumulate + Select,26.922844823092753,2.3121909088738852,4.75914863031267,0.035197882724751654,2.149703741484332,0.7883046011634398,0.23598802287800677,1.3802500746083242,47700.0,2,123
160,True,Accumulate + Select,26.92795630235474,2.2993850528928315,4.393951575414559,0.032496945202469665,2.2200150427967498,0.7875551854691865,0.23554631959094086,1.3760507097519241,48000.0,2,123
161,True,Accumulate + Select,26.9325391777019,2.286750441907863,4.506477391904866,0.033329167685942,2.070037854975682,0.7868246620929008,0.23511663543522449,1.3719110056348558,48300.0,2,123
162,True,Accumulate + Select,26.937116327442613,2.2742941362450164,4.629712128328238,0.034240591584875905,2.2258196180800924,0.7860842872402418,0.23468204294475303,1.367821591109577,48600.0,2,123
163,True,Accumulate + Select,26.9419856012424,2.2618856133139875,4.491035253951254,0.033214960166292634,2.1278596999809105,0.7853560383339486,0.2342554343934428,1.3636432801686702,48900.0,2,123
164,True,Accumulate + Select,26.94635066024297,2.2496712500748766,4.552424601399583,0.03366898571159134,2.1503162973188417,0.7846400343704373,0.23383683239317657,1.3595929464566439,49200.0,2,123
165,True,Accumulate + Select,26.951114405609506,2.2375218949412528,4.413433950548161,0.03264103365366541,2.1753075390964103,0.783923381217251,0.2334186744928909,1.3554637014693687,49500.0,2,123
166,True,Accumulate + Select,26.95537432160494,2.225537426241896,4.248580855560762,0.03142180720059337,2.183855906470918,0.7832066319983999,0.23300128089269792,1.3514412107728393,49800.0,2,123
167,True,Accumulate + Select,26.959657243067593,2.2137154055956922,4.452994478770782,0.03293361683210201,2.1579350149676593,0.782487735546601,0.23258345714922435,1.347466092303396,50100.0,2,123
168,True,Accumulate + Select,26.963705424647436,2.201995348711437,4.384539347397619,0.032427333907750114,2.259160162085582,0.7817671471098956,0.23216547062160706,1.343565001707537,50400.0,2,123
169,True,Accumulate + Select,26.967963221044023,2.1903732510066263,4.393277319297133,0.032491958514809516,2.182059187600075,0.7810495460226896,0.23175002964469213,1.3396445242010906,50700.0,2,123
170,True,Accumulate + Select,26.971477723896566,2.1788997731779345,4.278634866713845,0.031644081737941684,2.1946161108084192,0.7803269841018476,0.23133253236391596,1.3357884948109795,51000.0,2,123
171,True,Accumulate + Select,26.97564899579537,2.1675925528762243,4.393084183298917,0.03249053011264283,2.1833122995183247,0.7795767484483351,0.23089990724268064,1.3320619511068543,51300.0,2,123
172,True,Accumulate + Select,26.979642199379466,2.156345733538063,4.430115720183313,0.03276440928592022,2.0531874226239006,0.7788286056870094,0.23046935949570335,1.3283031421794003,51600.0,2,123
173,True,Accumulate + Select,26.98351148548431,2.1452285127760526,4.314854987179361,0.03191195980846495,2.1611886816566424,0.7780931973815159,0.23004698351919683,1.3245840848173025,51900.0,2,123
174,True,Accumulate + Select,26.987787583281133,2.134177349499688,4.179877000011536,0.030913684753028404,2.2054634945304796,0.7773485435119446,0.2296201452721241,1.3208356246283801,52200.0,2,123
175,True,Accumulate + Select,26.991428094678668,2.123330127799961,4.096780925614231,0.03029911981532201,2.161793185034778,0.7765900447401908,0.2291862440581241,1.3172855552696652,52500.0,2,123
176,True,Accumulate + Select,26.99557350354029,2.112533402692497,4.1497279769635504,0.030690707523288237,2.1835065826358218,0.7758374017787822,0.22875655943046702,1.3136833538743788,52800.0,2,123
177,True,Accumulate + Select,26.999778818919737,2.101822298658642,4.1242375471532,0.030502184485080606,2.1614038860636104,0.7750757520876069,0.2283226076638491,1.3100488936232715,53100.0,2,123
178,True,Accumulate + Select,27.003512495687996,2.091211257268149,3.9343176903636836,0.029097568372904288,2.266378385539819,0.7743006230380157,0.22788187523981995,1.3064787692937871,53400.0,2,123
179,True,Accumulate + Select,27.007655652756895,2.0807130220296326,4.048230104369111,0.029940045904183445,2.1070062635497884,0.7735238162365119,0.2274410945988437,1.3029369528305446,53700.0,2,123
180,True,Accumulate + Select,27.011360740600626,2.0703477942306576,4.257146860693835,0.03148515996965234,2.131287892306878,0.7727584262649209,0.22700767478064193,1.2994451017197473,54000.0,2,123
181,True,Accumulate + Select,27.01440966261245,2.060122077603398,4.208751534689996,0.031127236075815613,2.2364264956069997,0.7719924635049293,0.226574803533579,1.296062288226477,54300.0,2,123
182,True,Accumulate + Select,27.01827708916481,2.0499908972005683,3.8991454240869263,0.02883744006010316,2.247074102455869,0.7712163968863344,0.2261371086806632,1.2927302390868283,54600.0,2,123
183,True,Accumulate + Select,27.021998290447076,2.0399924765558044,4.118585803542201,0.030460385116272654,2.0948550894265177,0.7704289197131021,0.2256938860708843,1.289494183090683,54900.0,2,123
184,True,Accumulate + Select,27.025584917143064,2.0300099576310697,4.2408146001853915,0.0313643692495759,2.2155823906108187,0.7696452422179796,0.22525370547648707,1.2861122428952874,55200.0,2,123
185,True,Accumulate + Select,27.02923007520281,2.0201794826956765,4.198734672632254,0.031053153006895942,2.159212938639473,0.7688591200583985,0.22481305289841078,1.282829275582065,55500.0,2,123
186,True,Accumulate + Select,27.03307389938261,2.0104113148271177,3.9106156245788384,0.028922271781720812,2.1801220468583997,0.7680754572397231,0.2243746729608178,1.279531894077018,55800.0,2,123
187,True,Accumulate + Select,27.036432548320953,2.0007416754649197,4.137214950323587,0.030598163230512874,2.10282329436429,0.7672900333846725,0.22393619938037262,1.2762775310055265,56100.0,2,123
188,True,Accumulate + Select,27.040020028805834,1.9911426456202292,3.993070374356403,0.029532093587722862,2.192570429811571,0.7665078627911102,0.22350042476833745,1.272985158656863,56400.0,2,123
189,True,Accumulate + Select,27.043779210179302,1.9816192167425657,4.171797410664685,0.030853929435347576,2.1672880849437766,0.7657295619258857,0.22306767648127418,1.2697010056766105,56700.0,2,123
190,True,Accumulate + Select,27.047037004048452,1.9722416930380038,3.8719816656175876,0.028636541357575256,2.1995749726668983,0.7649645532885911,0.2226431610981115,1.266519168753498,57000.0,2,123
191,True,Accumulate + Select,27.050125595755077,1.9629472596642763,3.656849604506765,0.02704545991727669,2.218611369323254,0.7642097364705156,0.22222511595204741,1.2632810546027646,57300.0,2,123
192,True,Accumulate + Select,27.053579403124367,1.9537464551515824,3.7844557573553317,0.027989214095138014,2.2834097907109285,0.7634580487498153,0.2218096043791425,1.2601753531632616,57600.0,2,123
193,True,Accumulate + Select,27.057109748382757,1.9446347414234437,3.797297953978132,0.02808419287511947,2.289214244539405,0.7626959566890008,0.2213891535317335,1.2570221276778082,57900.0,2,123
194,True,Accumulate + Select,27.06022426229386,1.935593474695447,3.869196898771854,0.028615945678712108,2.205519181707468,0.7619362586723064,0.22097083357075434,1.253866999719009,58200.0,2,123
195,True,Accumulate + Select,27.063406665138164,1.9266414397531553,3.9714186031617595,0.029371960639060963,2.347134813760113,0.7611799357079317,0.220555171916892,1.2507754327575797,58500.0,2,123
196,True,Accumulate + Select,27.06651288550624,1.9177295592565964,3.8092333879442,0.028172465387209328,2.235778691373473,0.7604382573783414,0.2201483303673422,1.2475873069303638,58800.0,2,123
197,True,Accumulate + Select,27.069557160018597,1.9090015269172909,3.7727618045766156,0.027902727538304636,2.272009508008461,0.7597109592929432,0.21975011584937043,1.2445931963027215,59100.0,2,123
198,True,Accumulate + Select,27.072887394848582,1.9003127235936335,3.705925979277043,0.027408420736091614,2.2845568289840514,0.7589743204778875,0.21934752966929486,1.2415495488804495,59400.0,2,123
199,True,Accumulate + Select,27.07638402703878,1.8916433491843874,3.6681471242586055,0.02712901452046203,2.189947577556649,0.7582430915856754,0.21894863615622817,1.2384131109864087,59700.0,2,123
200,True,Accumulate + Select,27.079462706335487,1.8831271950456094,4.131909891704079,0.030558927887042394,2.263262849237586,0.7575128266463252,0.21855099730663946,1.2353881323770564,60000.0,2,123
0,False,Replace,0.29159999999970593,52.816984765715404,106.2395274814069,0.9978548272150671,0.05997272980082217,0.7219280948873623,0.2,1.7999999999990923,,3,456
1,False,Replace,0.46409722974533635,52.22403728242604,105.23316342047028,0.9884025521537242,0.15892352286971406,0.8118480507691916,0.2503598977658959,2.6342184222165272,,3,456
2,False,Replace,0.5703731233735688,50.88068483074963,102.71546564922639,0.964755074288727,0.14195613451826675,0.8095799527556117,0.24893134761071845,2.0298789342332744,,3,456
3,False,Replace,0.8259157002723958,47.82470319728472,95.69014510672667,0.8987697467721547,0.19920143232414328,0.861780198232641,0.2847030707723654,1.4486634881578941,,3,456
4,False,Replace,1.231219188067199,44.48342503419396,90.29986387188548,0.8481415269584474,0.3002876396646953,0.9154437515306783,0.3305072138329223,1.44018728956096,,3,456
5,False,Replace,0.9878730140750779,46.28182505961925,93.29093884471169,0.876235200480472,0.27932910375866404,0.9255636170214337,0.3407804839353208,1.5384046586290547,,3,456
6,False,Replace,0.7641428602773348,46.11163754542914,90.82128374183637,0.8530389634076767,0.25503809254629983,0.9276527202424714,0.3429915875099134,2.167206493753857,,3,456
7,False,Replace,0.49257132614826327,47.6175255077496,96.111055245691,0.9027231455112712,0.20019262671061994,0.9093287708499708,0.3246141468247829,2.4281463375207895,,3,456
8,False,Replace,0.6678367189124339,46.81678430843523,92.50028118308714,0.8688089479073445,0.27152717818787553,0.8948803541621161,0.31148513001383277,2.157018409606311,,3,456
9,False,Replace,1.2760346347302076,46.77162121963611,93.10489587967803,0.8744877918169617,0.2714843773065295,0.8635106180580984,0.28600957986974296,2.1243380170194137,,3,456
10,False,Replace,1.7123811555411232,47.11230125451519,93.92907722412211,0.8822289156015913,0.3029281331381296,0.8059585527991917,0.2466707088871426,2.2923120099688052,,3,456
11,False,Replace,2.41363045613247,51.9810339256814,102.52776564461087,0.9629921018799249,0.36734352881363197,0.8086001139123637,0.24831724708213082,2.8037600124055455,,3,456
12,False,Replace,2.167196911774265,55.451069062641466,110.97680002348287,1.0423496624803237,0.3840072479458037,0.8217849878983975,0.25673866572675974,2.805671502845029,,3,456
13,False,Replace,2.7289003869423394,52.4096022561413,107.08718794557926,1.0058164786461863,0.44270237477906876,0.8423830527317365,0.27064108730348607,2.655032991090882,,3,456
14,False,Replace,2.961640814788757,52.908221540644966,106.53964342165713,1.0006736663684632,0.45445317227305815,0.8509476521216514,0.2767233609926046,2.9586291189431058,,3,456
15,False,Replace,3.5622737784855536,52.024030118582644,104.4149225332811,0.9807172241175152,0.5099352936278665,0.8499583746684806,0.2760109699739335,3.5508709899879736,,3,456
16,False,Replace,3.2730284851348124,51.11767187828911,102.85263698710078,0.9660434561640838,0.45845644990866313,0.809168344651732,0.24867315551100883,4.163090250647681,,3,456
17,False,Replace,4.2158826058071766,50.225761780875274,100.84670316811994,0.9472027215354938,0.5624771141361236,0.8165531461067485,0.25335541580559207,3.6942338494037132,,3,456
18,False,Replace,3.3983154706529195,43.991888565513726,88.53738582973175,0.831587450863451,0.5093324952532964,0.866174344350187,0.28803880220614625,3.607485367200701,,3,456
19,False,Replace,3.928981938123797,44.3356513330949,89.82500290055091,0.8436813949931092,0.47780910909641305,0.7895878550705431,0.2367465147601527,3.22915048958134,,3,456
20,False,Replace,5.287533573791006,48.137008282860656,95.6722201657254,0.898601386752775,0.5718153356982592,0.8051668349093621,0.2461797517700064,3.879477924913093,,3,456
21,False,Replace,4.429494803023948,45.54824928620517,90.64587328407677,0.851391420575278,0.46962401209061483,0.772366152736867,0.2267858790181947,4.402750837990611,,3,456
22,False,Replace,4.237710301793005,48.11265299505679,97.6170922620691,0.9168685991139377,0.5836953896494996,0.7662074815117226,0.22333330509954158,4.497471825288462,,3,456
23,False,Replace,3.7141126389938384,49.26795607633187,98.12758847114313,0.9216634350716623,0.5020072704451842,0.7350592491534685,0.20666489148396938,4.385683055723414,,3,456
24,False,Replace,3.5978117940036536,47.04248008505118,90.00468946542155,0.8453691011641786,0.5603774234436885,0.7218842602735404,0.19997808377586332,3.803610193099437,,3,456
25,False,Replace,3.958589022670764,47.138652682363954,94.94432231404267,0.8917646057331285,0.5451598108603781,0.6416289149350716,0.16308071027520857,3.5432598120743544,,3,456
26,False,Replace,5.418733799835479,46.759756066527586,95.69293978672587,0.8987959958057662,0.6585372101779581,0.5842320061933478,0.13999740143438044,3.741642170044407,,3,456
27,False,Replace,5.107267692988851,45.01421531638077,93.791848302732,0.8809399928730278,0.5904343238744044,0.5293598668617405,0.1199996526576704,4.060796951373574,,3,456
28,False,Replace,4.808871074116681,46.16563778550914,93.99831266508014,0.8828792095233751,0.522906046199626,0.5388594240062433,0.12333061053426846,3.725399486599976,,3,456
29,False,Replace,6.489238288861126,46.322976484646205,92.50607008179666,0.8688633201420345,0.7133173761878291,0.5293606212305474,0.11999991509501139,2.795587955836114,,3,456
30,False,Replace,6.386535806390408,46.75162362688165,91.75486247922048,0.8618076022727839,0.7796114298875576,0.4364635680921103,0.08999812786543547,2.827548852757925,,3,456
31,False,Replace,6.180227677161086,50.46513967394058,101.72932391107862,0.9554927374066168,0.6971662200532113,0.40217848078954904,0.07999979866614079,2.9408714148931168,,3,456
32,False,Replace,6.956058583769722,50.52936649590256,101.27424456055125,0.9512184043268775,0.7200896529702846,0.3140681824549025,0.05666666552497899,3.2552486278205532,,3,456
33,False,Replace,6.776573132871111,48.142081509096876,96.49387129418417,0.9063187454822064,0.7690772126031393,0.2863969562012694,0.04999999978467458,2.825402418651316,,3,456
34,False,Replace,6.347373421277897,44.599531146717666,87.1552441436922,0.8186056842271949,0.778621813392875,0.34053729440369224,0.0633333332560159,2.799533878899543,,3,456
35,False,Replace,7.584115454114292,44.00083561602365,88.03208773501709,0.8268414381980441,0.6818424743882703,0.25737200951905226,0.0433333333323687,3.163768162610122,,3,456
36,False,Replace,9.187188137378552,47.30856213479899,92.67810618143689,0.8704791693137215,0.9689459620709414,0.31406818708677425,0.0566666666666227,3.1794722531965967,,3,456
37,False,Replace,6.956764957315266,49.277573476554515,97.6752752915058,0.9174150832537092,0.6716186981951814,0.3274449191543384,0.05999999999996527,3.085619522039115,,3,456
38,False,Replace,7.134418863536049,50.514690979058486,101.51490124298468,0.953478772364657,0.7725956278429963,0.3274449191544719,0.05999999999999894,3.1708139701956,,3,456
39,False,Replace,8.539359179811223,47.45437043588503,92.99050321314631,0.8734133586262018,0.8354239346190342,0.2573720095233486,0.04333333333333099,3.5347522758567904,,3,456
40,False,Replace,9.996962066529052,47.14933470471818,93.02690930733162,0.87375530288823,0.8494665010490989,0.2573720095233586,0.043333333333333245,3.708271517023472,,3,456
41,False,Replace,9.20265435509496,45.87593027830559,91.04437645549369,0.8551343618579232,0.843401812373598,0.19439185783157623,0.030000000000000006,3.4997858331275284,,3,456
42,False,Replace,10.0819193845401,44.27099823774225,87.60628663654269,0.822842101118721,0.831882342643233,0.10215803640865043,0.01333333333333334,3.723747868676635,,3,456
43,False,Replace,10.604724000923943,45.625098692335754,91.30601460031707,0.8575917982941056,0.8249439595081371,0.12229159706937474,0.016666666666666673,4.14712108847651,,3,456
44,False,Replace,13.24138633108781,46.82798595089942,95.09872847063096,0.8932148656538564,1.178450442678064,0.1773894531859974,0.026666666666666672,4.392184183593693,,3,456
45,False,Replace,13.540032172039025,43.56986560713989,87.93289131607484,0.8259097357721152,1.0852457080254134,0.21084230031853216,0.03333333333333334,4.712181595779085,,3,456
46,False,Replace,12.72509401237015,44.81877107238404,87.35100007228642,0.8204443219069221,0.9953742269928416,0.2863969571159562,0.05,5.024334416918272,,3,456
47,False,Replace,10.717408438004748,43.02904563147764,85.40140645474871,0.8021327626550404,0.8401289096072242,0.39032367387942607,0.07666666666666667,4.730902466031527,,3,456
48,False,Replace,8.381600055012521,42.40445308103259,86.10169141042407,0.8087101895319534,0.9139126427747654,0.44749925503686355,0.09333333333333335,4.581663791903901,,3,456
49,False,Replace,7.436440795587805,40.91321221514204,80.62732555997795,0.7572922049144578,0.8473258424724339,0.4021791902022729,0.08000000000000002,4.31350800093431,,3,456
50,False,Replace,7.833138324189225,35.711955108965896,71.39110653616663,0.6705410120522839,0.8295044091521224,0.4364698170641029,0.09000000000000001,4.496637226969207,,3,456
51,False,Replace,6.160169903177025,34.43778379945079,68.84874658571098,0.646661894653871,0.8265816317485895,0.45833922694388496,0.09666666666666668,4.233185563710958,,3,456
52,False,Replace,7.024867661175031,32.74124051495107,66.84263512804432,0.6278194915538151,0.8098363971063437,0.45833922694388496,0.09666666666666668,4.166775711519397,,3,456
53,False,Replace,6.599280181956645,31.797935028134344,64.38891008289505,0.60477287755801,0.812815546259391,0.3274449191544763,0.06000000000000001,3.9263893409883983,,3,456
54,False,Replace,7.448919010282498,31.845327910418572,64.12777523833772,0.6023201683698861,0.9300329306977102,0.3782416444053623,0.07333333333333335,3.854129511306542,,3,456
55,False,Replace,9.261870523481457,31.83996231387808,62.82841707356649,0.5901159460080614,0.8889338805186646,0.34053729470418637,0.06333333333333334,4.094705480052989,,3,456
56,False,Replace,8.797221549779076,30.675437388782683,61.35430573486388,0.5762703543525987,0.8899011412541338,0.31406818708695267,0.05666666666666668,4.249757976399092,,3,456
57,False,Replace,8.868894836702786,30.162984613985074,60.650000970452,0.5696551714196554,0.9438815194063759,0.31406818708695267,0.05666666666666668,4.040892382470899,,3,456
58,False,Replace,9.249392624943273,29.287933698599808,58.45363413615928,0.5490257945776167,0.9605495150157266,0.3782416444053623,0.07333333333333335,4.152926940858547,,3,456
59,False,Replace,9.121243519550932,28.925188514902548,57.75633649875131,0.5424764260893676,0.978070639490964,0.39032367387942607,0.07666666666666667,4.1007302656770435,,3,456
60,False,Replace,11.107016555368173,27.9141062032898,57.2306493898943,0.5375389095960879,1.0557688932597091,0.4138168503036338,0.08333333333333334,4.193534827349092,,3,456
61,False,Replace,10.10101032429448,27.137262402950363,53.42638284745543,0.5018073337562973,0.9325340734875263,0.4138168503036338,0.08333333333333334,4.264940995642736,,3,456
62,False,Replace,9.8658688641043,26.910509156677648,52.854737544849854,0.496438154899966,0.9813301003096464,0.3533593350214214,0.06666666666666668,4.097330359025307,,3,456
63,False,Replace,12.112568659714599,28.626639322213514,57.40416763839545,0.5391686798518627,0.9428894799725366,0.3533593350214214,0.06666666666666668,4.065652058975407,,3,456
64,False,Replace,11.849858366579019,28.47337596783994,56.76380716971689,0.5331540937559255,0.978463037082549,0.3533593350214214,0.06666666666666668,4.0387241129611295,,3,456
65,False,Replace,11.13111123406072,26.985153677264677,52.63810759825202,0.4944034579933008,0.989340803016485,0.3782416444053623,0.07333333333333335,4.157111393445276,,3,456
66,False,Replace,10.229576530978806,24.71029890691123,50.05810234557995,0.47017075707066525,1.0802949111448756,0.4252446124863719,0.08666666666666668,4.296788004667922,,3,456
67,False,Replace,10.28607734327136,25.38447564055353,51.57976919286804,0.4844630138697676,1.0779212331173569,0.46899559358928117,0.1,4.358404654915515,,3,456
68,False,Replace,9.955652429093135,25.965095633311616,53.378203121052586,0.5013548056464241,0.9739946092994302,0.5482251174503203,0.12666666666666668,4.334688486086069,,3,456
69,False,Replace,11.29244097146469,25.436056931005446,49.8716489858451,0.4684194937746717,1.1438733989949545,0.5754420948286847,0.13666666666666666,4.492500897294125,,3,456
70,False,Replace,8.251877498645936,24.51761981523578,49.46928484764743,0.46464028835916343,0.9473902486373166,0.5293608652873644,0.12,4.674116372443744,,3,456
71,False,Replace,8.068220278928862,23.817923759893194,47.8926150714252,0.4498314165162159,1.0228150275327357,0.509889142343121,0.11333333333333333,4.636177695811724,,3,456
72,False,Replace,8.116272494342029,25.206084177166026,50.205762698549286,0.4715576570267529,0.9701269666972998,0.5754420948286847,0.13666666666666666,4.6419585564383725,,3,456
73,False,Replace,9.782877843942682,24.8174095602489,49.456879583870105,0.4645237719115046,1.045498308065322,0.557438185027989,0.13,4.704206858285394,,3,456
74,False,Replace,8.986830210502292,22.726028388856506,46.12919458490327,0.43326848851191163,1.0613556425217088,0.6098403047164005,0.15,4.625260840745315,,3,456
75,False,Replace,8.291191056239388,24.644230313578873,48.94009481675447,0.45966987066850634,0.9744156597093421,0.6098403047164005,0.15,4.307028207412719,,3,456
76,False,Replace,7.478679821354627,27.55178265425613,55.79410234591879,0.5240461406019545,0.9768021508449458,0.5388671281220586,0.12333333333333334,4.247958969945908,,3,456
77,False,Replace,7.715416393255415,28.574486377649063,57.299985640825824,0.5381901503756096,0.8278849834911686,0.4794738199967975,0.10333333333333335,4.270333801261544,,3,456
78,False,Replace,9.139621812469784,27.421948343491387,55.7548710157818,0.5236776603095123,0.9314954723807001,0.557438185027989,0.13,4.318486823763312,,3,456
79,False,Replace,10.032930548306986,25.39413491762862,50.633121608822115,0.475571625854351,1.0418579386147089,0.557438185027989,0.13,4.468916297948827,,3,456
80,False,Replace,10.321998390419255,26.011782686161112,52.61077066061794,0.4941466957897583,1.0183223173023257,0.557438185027989,0.13,4.446309022085576,,3,456
81,False,Replace,10.021388682466359,27.46803893139512,55.3086956709651,0.5194869581088873,1.0305606316419078,0.5293608652873644,0.12,4.59409109479156,,3,456
82,False,Replace,9.437310415965285,29.33433170392939,59.897625504796366,0.5625884843957127,0.9518513732588787,0.5482251174503203,0.12666666666666668,4.528063163439918,,3,456
83,False,Replace,10.315273408764854,30.831356799745784,61.762731554100455,0.5801064941109934,0.9411809496913951,0.5754420948286847,0.13666666666666666,4.7351947367994285,,3,456
84,False,Replace,9.143139373770424,28.944465133433667,56.66817262686274,0.5322558462533449,0.9426548072793013,0.672730389518331,0.17666666666666667,4.677494878066207,,3,456
85,False,Replace,9.257946493214016,30.580635527034662,61.03438293550528,0.5732654792628445,1.0401196732474602,0.6422246424849176,0.16333333333333333,5.066287741692237,,3,456
86,False,Replace,8.847678884782663,29.30554624376818,58.927342388896285,0.5534750996328182,1.162751917831681,0.672730389518331,0.17666666666666667,5.036340731539411,,3,456
87,False,Replace,8.239217834320204,29.841582698263974,59.59173604605892,0.5597154174663743,0.9027771699842662,0.6652735227649414,0.17333333333333334,4.861685671836414,,3,456
88,False,Replace,6.984009728690893,33.504585440630564,66.70423923486396,0.6265196080419939,0.8509028985871936,0.5929023785124913,0.14333333333333334,4.582562854406559,,3,456
89,False,Replace,6.787759829589165,35.53840038132583,70.94269378096413,0.6663292949732341,0.7997819804531634,0.557438185027989,0.13,4.591234748075659,,3,456
90,False,Replace,6.327043074883219,36.50452313668889,74.94589554988076,0.7039293700500783,0.8247807726600667,0.557438185027989,0.13,4.5569020016511415,,3,456
91,False,Replace,8.819864597101477,37.869314274386696,75.52172672692666,0.7093378647346649,0.9018056488949515,0.6098403047164005,0.15,4.935124881728224,,3,456
92,False,Replace,10.402911549319855,33.38908648670584,67.21632166333136,0.6313293425663462,1.0211159270666625,0.6577047787442195,0.17,5.010222321283578,,3,456
93,False,Replace,12.953643123924657,35.74209688094035,72.02695932676401,0.6765132597790711,1.0281865959092076,0.6422246424849176,0.16333333333333333,5.419545591488121,,3,456
94,False,Replace,11.663685410955853,34.80822640367354,69.70457771644625,0.6547002890757078,1.0301294280248818,0.672730389518331,0.17666666666666667,5.282240219351459,,3,456
95,False,Replace,10.009699831901322,37.41289696444733,75.47299665322276,0.7088801674874281,0.8804480877140668,0.6500224216483541,0.16666666666666666,5.1047818636208175,,3,456
96,False,Replace,10.30421798942996,41.44853819041253,81.85738741119161,0.7688455616085702,0.8922097158539668,0.5929023785124913,0.14333333333333334,5.173304126237265,,3,456
97,False,Replace,11.671937041574065,42.74689387057709,87.0663704602594,0.8177709381008879,0.8422052476416517,0.5482251174503203,0.12666666666666668,5.249630994215363,,3,456
98,False,Replace,8.243067881410788,40.81376625470455,80.97170233742841,0.7605267640084811,0.9215788281611028,0.6343095546405662,0.16,4.944646570419013,,3,456
99,False,Replace,6.587295170154319,38.71866167859418,76.28519795745225,0.7165087687369736,0.9204736462987355,0.6422246424849176,0.16333333333333333,4.67586420905156,,3,456
100,False,Replace,6.757827793229793,39.16179002887881,78.02751122541281,0.7328734471779574,0.7951677010954035,0.6577047787442195,0.17,4.658768501660721,,3,456
101,False,Replace,7.849779051388899,37.020433562730695,73.6334290930011,0.6916020280465625,1.019769041558195,0.6262751890741828,0.15666666666666668,4.93658448489816,,3,456
102,False,Replace,9.092912594446075,38.338429043230775,77.90853864546777,0.7317559971476458,0.9737355328971908,0.6652735227649414,0.17333333333333334,5.111647689004651,,3,456
103,False,Replace,8.073074231468231,39.84089362174072,79.90442804890614,0.750502389597075,0.7907058866322212,0.6652735227649414,0.17333333333333334,5.120959231367954,,3,456
104,False,Replace,7.524075051536713,37.16916392633226,76.65525301979508,0.7199845111376425,0.8484741329258464,0.7083926867030441,0.19333333333333333,4.9508451097037875,,3,456
105,False,Replace,6.58378384875325,35.609530364825375,72.11899283083267,0.6773776845226439,0.809573750377977,0.6873150928309273,0.18333333333333332,4.940581913783314,,3,456
106,False,Replace,6.703601092673406,36.451396945975944,73.77666598272071,0.6929473806213563,0.8115011149247825,0.6500224216483541,0.16666666666666666,4.9130883389545525,,3,456
107,False,Replace,7.202564733861726,37.25127867733403,73.0333321798941,0.6859656174210965,0.8142448551018304,0.6422246424849176,0.16333333333333333,4.835356273197942,,3,456
108,False,Replace,6.7581116500557705,36.11695097240621,71.206753809411,0.6688094789528397,0.9506798099066116,0.6262751890741828,0.15666666666666668,4.931200027599529,,3,456
109,False,Replace,6.682312850380369,33.32377813612,66.89843400098427,0.6283435825022244,0.8656460859865611,0.6800770457282799,0.18,5.025448677605671,,3,456
110,False,Replace,8.356110042654443,38.16646645110234,76.08067276159564,0.7145877657090905,0.9606846152076813,0.6873150928309273,0.18333333333333332,5.212700132869788,,3,456
111,False,Replace,10.319396471393341,37.29641461541054,73.96179743394738,0.6946862278908736,0.8732109770549286,0.6014353864290771,0.14666666666666667,5.360660173955979,,3,456
112,False,Replace,9.406490156984844,35.351832653725516,70.59747834694593,0.6630868587968826,1.137443118499275,0.6014353864290771,0.14666666666666667,5.235647612348975,,3,456
113,False,Replace,8.944683018440935,34.08296110959745,67.95500035686106,0.6382673826496715,0.9357985667001649,0.5388671281220586,0.12333333333333334,4.946418557954163,,3,456
114,False,Replace,9.59143977278524,32.694449068864884,66.39620233816467,0.623626371300278,1.0275549797432308,0.509889142343121,0.11333333333333333,5.191222265049318,,3,456
115,False,Replace,10.631622921623935,32.93287152229385,66.97344450269478,0.6290481186856779,0.9696183890757128,0.5665095065529053,0.13333333333333333,5.165915186567475,,3,456
116,False,Replace,11.442931513474544,35.01846303088357,69.85367885173454,0.6561007215806124,1.0472368773113208,0.557438185027989,0.13,5.153376570799306,,3,456
117,False,Replace,12.199150798750852,33.017072680860295,67.59535930135407,0.6348894538146135,1.0282658431609273,0.5388671281220586,0.12333333333333334,5.2747504560094125,,3,456
118,False,Replace,10.99925757383527,30.735082848292972,61.69077982431989,0.5794306874447732,1.0417231488114733,0.6500224216483541,0.16666666666666666,5.139702041840109,,3,456
119,False,Replace,10.329470535755242,31.63223393347068,64.38070070700033,0.6046957709898695,1.0828167749832611,0.584238811642856,0.14,4.934831959413948,,3,456
120,False,Replace,10.806923437749905,31.010420234214457,62.669386504617776,0.5886222512913939,0.9695123303973389,0.5482251174503203,0.12666666666666668,5.01965441932974,,3,456
121,False,Replace,10.220355247501493,32.963228636828156,65.82129042760015,0.6182265108266831,1.1259758258528236,0.4897790136869375,0.10666666666666667,4.913163083420012,,3,456
122,False,Replace,8.848149093549186,29.29019921730322,61.1101546705118,0.573977165330499,0.9810622127122595,0.5197027865043055,0.11666666666666667,4.673098067490235,,3,456
123,False,Replace,9.348898408348141,27.140414694276586,53.4751839641396,0.5022656982747701,0.9661149497054236,0.4794738199967975,0.10333333333333335,4.668786190995095,,3,456
124,False,Replace,11.592317098320668,29.68509878888741,59.03081651482899,0.5544469804242861,1.1149699269573452,0.499915958164528,0.11,4.898199314986945,,3,456
125,False,Replace,12.309018167600552,32.098298646153815,63.68429940806992,0.5981548213613221,1.135836537125068,0.44749925503686355,0.09333333333333335,4.906267006436803,,3,456
126,False,Replace,13.100278253008184,29.881751359613318,60.42433584224765,0.5675356115641936,1.1728936176005298,0.3782416444053623,0.07333333333333335,4.90864983538094,,3,456
127,False,Replace,12.1337321352193,29.750447494176164,59.149509658425615,0.5555618058485233,1.074491793033655,0.4021791902022729,0.08000000000000002,4.798400676342662,,3,456
128,False,Replace,13.336789261772157,35.6565021316768,70.4308194012792,0.6615215145471989,1.2056238663975662,0.44749925503686355,0.09333333333333335,5.067489146167635,,3,456
129,False,Replace,13.560804690914289,37.1197221438905,74.13025389418715,0.6962684552972901,1.1158054669327075,0.3782416444053623,0.07333333333333335,5.10885366652442,,3,456
130,False,Replace,12.658034527149177,36.36679936091873,73.03883913844439,0.6860173415326674,1.191485571061918,0.4138168503036338,0.08333333333333334,4.929226836630384,,3,456
131,False,Replace,12.155571164579682,36.34526775968686,71.9222714815838,0.6755299791288244,1.0242354307094517,0.499915958164528,0.11,4.861644143269523,,3,456
132,False,Replace,12.044729169594602,36.976341555343595,72.90921071955871,0.6847998065285517,1.1430503920831052,0.4794738199967975,0.10333333333333335,4.860256532751288,,3,456
133,False,Replace,11.454403927532502,33.351885250196105,67.93518887570303,0.638081303300709,1.1521015741138108,0.509889142343121,0.11333333333333333,4.8290973521732505,,3,456
134,False,Replace,11.44171295250185,29.07017509775541,57.79578048375499,0.5428469037427759,1.0374386774230822,0.5293608652873644,0.12,4.672404246048786,,3,456
135,False,Replace,11.56609034305199,26.82200258914551,53.05964921832029,0.49836278791907446,1.2326155981968339,0.4794738199967975,0.10333333333333335,4.645291086016904,,3,456
136,False,Replace,10.728034781677344,29.803135951176813,60.07856030185637,0.5642879145883885,1.0535444669501337,0.557438185027989,0.13,4.604696999155339,,3,456
137,False,Replace,10.814429963911081,27.057617125718092,53.701838040411886,0.5043945468255682,1.0600320323536074,0.5929023785124913,0.14333333333333334,4.639013771441493,,3,456
138,False,Replace,10.447010708797913,29.25815404187069,58.16899116987584,0.546352285341721,1.0881110972302068,0.5482251174503203,0.12666666666666668,4.5512756832479,,3,456
139,False,Replace,11.033449980970468,31.26512974527983,62.89379643243923,0.5907300216764872,1.1520343639907935,0.46899559358928117,0.1,4.615637351505342,,3,456
140,False,Replace,10.386313444785772,31.149836423774182,58.553352402772035,0.5499623984581119,1.073109467798107,0.4252446124863719,0.08666666666666668,4.517844877922015,,3,456
141,False,Replace,10.994077244741462,33.85596369818596,67.6974002446437,0.6358478734372249,0.9804356370055086,0.45833922694388496,0.09666666666666668,4.653492168395124,,3,456
142,False,Replace,9.425128008647972,31.96428359154944,64.58046553038616,0.6065720622163925,1.0627176466128185,0.4794738199967975,0.10333333333333335,4.357177308605512,,3,456
143,False,Replace,10.24828260486566,31.684367873246195,62.31114463871325,0.5852574643455377,0.9202159923062552,0.45833922694388496,0.09666666666666668,4.572431053000955,,3,456
144,False,Replace,10.104570136093095,30.678454973334247,60.09873325822184,0.5644773890934591,1.1019825583647544,0.44749925503686355,0.09333333333333335,4.456860219373947,,3,456
145,False,Replace,10.67040436687217,28.793559502222507,57.579393087343135,0.5408144849888817,1.167527579592448,0.4138168503036338,0.08333333333333334,4.441640118396637,,3,456
146,False,Replace,10.745885829832462,26.939441082978647,53.89513618796447,0.5062100997953498,1.039054705499256,0.39032367387942607,0.07666666666666667,4.338903650467684,,3,456
147,False,Replace,10.749906428272688,26.703915447939913,54.50766110847404,0.5119632404879887,1.0823490155049407,0.4138168503036338,0.08333333333333334,4.316669809118758,,3,456
148,False,Replace,10.358906643197917,25.122598509599232,50.8434514304645,0.47754714883349697,0.9878111667559636,0.44749925503686355,0.09333333333333335,4.319755752815586,,3,456
149,False,Replace,9.873773842764205,23.73528120912236,48.30517095440574,0.45370634790086606,1.0649406987862402,0.5293608652873644,0.12,4.256222353707915,,3,456
150,False,Replace,10.069519905279721,24.348352558975826,48.92395257529118,0.4595182546556336,1.086473709730606,0.499915958164528,0.11,4.23875525009797,,3,456
151,False,Replace,9.890860570063927,26.623363189804405,52.486895857291096,0.4929832016233178,1.1221930723912192,0.46899559358928117,0.1,4.198051230071342,,3,456
152,False,Replace,9.184006653753471,24.941025723097038,47.876029583986494,0.44967563731524646,1.1129061746102615,0.39032367387942607,0.07666666666666667,4.249642847983809,,3,456
153,False,Replace,8.292604819909444,26.172864139751383,51.37138678372102,0.48250578196368205,0.8989249774432753,0.4794738199967975,0.10333333333333335,4.27353548619479,,3,456
154,False,Replace,8.307664540633919,27.708316239871856,53.67490332159949,0.5041415624625556,1.027340511285624,0.5197027865043055,0.11666666666666667,4.267099762703615,,3,456
155,False,Replace,8.470205625735687,25.54436355417012,51.02286209377385,0.47923226359898224,1.0414601608794694,0.5388671281220586,0.12333333333333334,4.2429651469177685,,3,456
156,False,Replace,9.019875501774921,27.76060520570546,53.162098812583366,0.49932504579620524,0.9583227871258535,0.5197027865043055,0.11666666666666667,4.1893324982750455,,3,456
157,False,Replace,8.744723078955209,27.37300319122803,56.444884504853775,0.5301586124300354,1.1549465314994438,0.499915958164528,0.11,4.2154494100489,,3,456
158,False,Replace,8.766017928504091,26.817870057529035,53.39668449485474,0.5015283919612283,1.1080717761932977,0.44749925503686355,0.09333333333333335,4.300635589386472,,3,456
159,False,Replace,9.732913650918968,24.41147230773677,48.628606053792296,0.4567442122707932,1.063244683924737,0.36592365090022316,0.07,4.2390116470243155,,3,456
160,False,Replace,9.790103874823188,24.512198950441984,48.62222985483049,0.45668432381812263,0.9779227049214039,0.39032367387942607,0.07666666666666667,4.24748458891021,,3,456
161,False,Replace,9.412702207977887,24.126117956636207,48.93384101737215,0.45961113185396135,1.0669696864097105,0.34053729470418637,0.06333333333333334,4.343209129966862,,3,456
162,False,Replace,9.824346479359,26.294136810665535,52.16728881776037,0.4899812923079412,1.0630417296706165,0.2863969571159562,0.05,4.207422324845272,,3,456
163,False,Replace,10.948322036260574,25.370659679383344,49.52073425326089,0.46512352693303344,1.1400448708373738,0.21084230031853216,0.03333333333333334,4.182847351194883,,3,456
164,False,Replace,10.906079518660848,24.138764456257313,49.463551681041025,0.4645864395882864,1.1869418679216444,0.22679445700352602,0.036666666666666674,4.205732149076547,,3,456
165,False,Replace,11.391720950650923,23.819800932445283,47.110001345992615,0.44248071661871924,1.0480983149403538,0.19439185783157623,0.030000000000000006,4.224832414942346,,3,456
166,False,Replace,10.991530293702303,23.067002385030683,45.38928341999774,0.4263188724404309,1.1806220911009082,0.12229159706937474,0.016666666666666673,4.187123596497624,,3,456
167,False,Replace,10.296433706299625,23.49132324834934,47.389552813121,0.4451064039456695,1.2518334851253874,0.22679445700352602,0.036666666666666674,4.228836147891187,,3,456
168,False,Replace,10.46161651994178,22.246549873814597,44.075544339993414,0.4139795773234338,1.0492214984895951,0.2863969571159562,0.05,4.167123300448371,,3,456
169,False,Replace,10.830822674168077,21.389708527404938,42.14747776414502,0.39587021082386004,1.1205516104738182,0.3003914173647819,0.053333333333333344,4.155658972281359,,3,456
170,False,Replace,10.443551985393794,22.34762947313619,45.60373165895085,0.4283330776567011,1.1470899060202022,0.2863969571159562,0.05,4.159161808548215,,3,456
171,False,Replace,11.422423359185025,24.661321143043523,49.247209946225816,0.46255444971096676,1.182098858716821,0.36592365090022316,0.07,4.160122569457343,,3,456
172,False,Replace,11.406801676430904,23.53313877335229,47.827314110158255,0.44921807719735074,1.0776546244670326,0.39032367387942607,0.07666666666666667,4.182949364103954,,3,456
173,False,Replace,11.751248468340174,23.710022715865975,48.581212157722675,0.4562990650728082,1.2230869709402339,0.36592365090022316,0.07,4.193088262733407,,3,456
174,False,Replace,12.697752264716039,24.40465694541448,47.29539261087609,0.44422200418816804,1.22936104384773,0.2720647864044614,0.046666666666666676,4.208048238394666,,3,456
175,False,Replace,13.512584127264788,24.215259219778062,49.03132712806253,0.4605267702085826,1.2379413119718232,0.2863969571159562,0.05,4.261890871452421,,3,456
176,False,Replace,13.744998269139241,22.19278757732786,44.519489650182514,0.41814933392244746,1.1562559293958945,0.24229218908241482,0.04000000000000001,4.260681096067264,,3,456
177,False,Replace,13.493194192687126,23.503534989016053,47.301186509020226,0.4442764233800505,1.2269916394248328,0.2573720095233589,0.04333333333333334,4.300933400635916,,3,456
178,False,Replace,13.453776860444236,24.373408558510235,48.544823112151185,0.45595728093989574,1.1504988269901202,0.3003914173647819,0.053333333333333344,4.3515066061398935,,3,456
179,False,Replace,12.764703544040984,25.362931565145068,50.389761699675645,0.4732858677580066,1.2594946643351923,0.34053729470418637,0.06333333333333334,4.351895533176175,,3,456
180,False,Replace,12.541563993164752,25.72225817401372,53.76406397139627,0.504979003920613,1.0977927579215474,0.36592365090022316,0.07,4.347948982908719,,3,456
181,False,Replace,13.62835462890066,26.136663102884746,51.3748302818515,0.4825381250219906,1.2502032469413518,0.36592365090022316,0.07,4.343197051250671,,3,456
182,False,Replace,14.458023203811859,26.770767623292414,53.708869149814504,0.504460586524957,1.25510587778278,0.3782416444053623,0.07333333333333335,4.3878543821741385,,3,456
183,False,Replace,13.481264536768842,25.030729376095877,49.636112362118595,0.4662072158914463,1.3285625478557908,0.499915958164528,0.11,4.412922719881596,,3,456
184,False,Replace,12.273411978348593,25.58015206929462,52.3847605194062,0.4920238953994124,1.046255365744701,0.4364698170641029,0.09000000000000001,4.275555094267724,,3,456
185,False,Replace,12.42746087735114,25.398718536971504,49.88713390209013,0.4685649358600276,1.308446807901926,0.4021791902022729,0.08000000000000002,4.2422818804940645,,3,456
186,False,Replace,12.31754088192661,22.771488901271418,45.71203567100376,0.4293503231565238,1.1828605009899371,0.4138168503036338,0.08333333333333334,4.206817571273578,,3,456
187,False,Replace,12.17070965298791,21.59169905149227,44.34474997428636,0.41650809140911366,1.1111393072372486,0.4252446124863719,0.08666666666666668,4.17373637298401,,3,456
188,False,Replace,14.308496552461884,23.507351535933058,46.41663433494644,0.4359682665409909,1.3607123799682257,0.31406818708695267,0.05666666666666668,4.230777412197858,,3,456
189,False,Replace,13.387401308638577,24.519520800062054,49.57574567211758,0.46564022171848135,1.1851564797308967,0.36592365090022316,0.07,4.2193898168431545,,3,456
190,False,Replace,13.363687914496598,25.185829332281102,50.63634192949742,0.4756018727182745,1.2165158307800101,0.3274449191544763,0.06000000000000001,4.229843675050697,,3,456
191,False,Replace,12.911921751318328,25.9853357104177,51.83503611858574,0.48686060862658104,1.291395386169547,0.39032367387942607,0.07666666666666667,4.214851738977976,,3,456
192,False,Replace,10.994938583825624,28.63921758840344,59.83889450678842,0.5620368534607988,1.0686590841101191,0.4138168503036338,0.08333333333333334,4.150813361463333,,3,456
193,False,Replace,12.306351624883611,29.77048529684841,57.682766110085126,0.5417854161685687,1.2426059369902556,0.4252446124863719,0.08666666666666668,4.161978249687107,,3,456
194,False,Replace,14.544881293833894,30.825794624839958,62.38927627209499,0.585991315760133,1.2265336411235215,0.3782416444053623,0.07333333333333335,4.271664336010977,,3,456
195,False,Replace,14.262502100562841,30.76190700071396,63.00048692142534,0.5917321121599126,1.176905292310706,0.34053729470418637,0.06333333333333334,4.1958612434794,,3,456
196,False,Replace,15.139544781905776,27.89249256733856,55.704574509959784,0.5232052503476426,1.2017237864842998,0.3782416444053623,0.07333333333333335,4.244375658047089,,3,456
197,False,Replace,15.701892613048033,27.94187630475887,57.90722165113297,0.543893614975919,1.0840940247478708,0.36592365090022316,0.07,4.275129413856167,,3,456
198,False,Replace,15.717324368100293,28.317751383323916,57.109944918064556,0.5364051927701838,1.332785979639205,0.4021791902022729,0.08000000000000002,4.274120545062855,,3,456
199,False,Replace,14.471365109946689,33.400441213358526,66.33087559826728,0.6230127898556106,1.0114474083278333,0.39032367387942607,0.07666666666666667,4.2012467505332,,3,456
200,False,Replace,11.969815511207983,29.558660597405268,57.91270772301795,0.543945142909473,1.123334985871132,0.39032367387942607,0.07666666666666667,4.1606663158706105,,3,456
0,True,Replace + Select,0.29159999999970593,52.816984765715404,105.75437335621024,0.9932980167957483,0.04724093282645837,0.7219280948873623,0.2,1.7999999999990923,,3,456
1,True,Replace + Select,0.7980734323404834,53.24231627687945,106.92126874953652,1.0042580824953011,0.3467562016952652,0.9999194918921785,0.49471781627007533,2.0396102336059703,,3,456
2,True,Replace + Select,3.6772165932405607,42.932896921861165,86.50140224570887,0.8124644737982206,0.5873260765815622,0.08079313589591124,0.010000000000000007,5.074764918166084,,3,456
3,True,Replace + Select,5.011190021979252,28.10630339903708,56.24583254725223,0.5282890167958296,0.803324118713221,3.9863137138648344e-11,7.401486830834377e-18,4.117585043131108,,3,456
4,True,Replace + Select,6.827451498930064,17.459903011441725,35.21577089221236,0.3307641497656688,1.0830939678870843,3.9863137138648344e-11,7.401486830834377e-18,4.0517614295310675,,3,456
5,True,Replace + Select,8.283316298232286,9.765911049899277,19.572008873465926,0.18383010538240652,1.2199001064745332,3.9863137138648344e-11,7.401486830834377e-18,4.077086228540891,,3,456
6,True,Replace + Select,7.64306483657499,5.27532050275693,10.371015000394435,0.09740976477022273,1.3485881034854423,3.9863137138648344e-11,7.401486830834377e-18,4.069301667130916,,3,456
7,True,Replace + Select,7.243842089775187,2.9199200775725176,5.795441962414226,0.054433692196643936,1.59588034312344,3.9863137138648344e-11,7.401486830834377e-18,4.086411218501336,,3,456
8,True,Replace + Select,7.223815311339173,1.6811651343470868,3.3840398127230706,0.031784596022461246,1.6641388270678972,3.9863137138648344e-11,7.401486830834377e-18,4.1232176409864385,,3,456
9,True,Replace + Select,7.450288657717017,0.9795392594167261,1.9435061097892214,0.018254382331609642,1.6688425918577252,3.9863137138648344e-11,7.401486830834377e-18,4.117826676869911,,3,456
10,True,Replace + Select,7.399432106475836,0.5969989728469184,1.2024564989266697,0.011294073405777323,1.8099205742110918,3.9863137138648344e-11,7.401486830834377e-18,4.108992579876049,,3,456
11,True,Replace + Select,7.333677309808943,0.3844325791335699,0.7699863794961235,0.007232097543021608,1.7343232799782111,3.9863137138648344e-11,7.401486830834377e-18,4.116359769413211,,3,456
12,True,Replace + Select,7.216027491303196,0.28481972892260654,0.5713949360106505,0.005366827287934408,1.8177819980098795,3.9863137138648344e-11,7.401486830834377e-18,4.111555393613798,,3,456
13,True,Replace + Select,7.117697738428689,0.24044127954252592,0.47891890908966034,0.004498246148198728,1.8209029706957298,3.9863137138648344e-11,7.401486830834377e-18,4.113171330549625,,3,456
14,True,Replace + Select,7.015302938064483,0.19593931542331836,0.39243346150871233,0.003685931528599087,1.911892337517683,3.9863137138648344e-11,7.401486830834377e-18,4.112629651799635,,3,456
15,True,Replace + Select,7.051685273845114,0.15838897822907572,0.3163620463917503,0.002971430715322912,1.876311383044198,3.9863137138648344e-11,7.401486830834377e-18,4.10551888680066,,3,456
16,True,Replace + Select,7.089256528531778,0.13799660836712868,0.2759075097300341,0.002591461454844911,1.8455037907999587,3.9863137138648344e-11,7.401486830834377e-18,4.100463310453799,,3,456
17,True,Replace + Select,7.1374789572717345,0.12290157620663014,0.2465821508602465,0.0023160230036229495,1.8340674325349848,3.9863137138648344e-11,7.401486830834377e-18,4.097886559085265,,3,456
18,True,Replace + Select,7.161956789372979,0.10880585049708574,0.21489058704423658,0.0020183599709881865,1.7633506530108662,3.9863137138648344e-11,7.401486830834377e-18,4.099324033644791,,3,456
19,True,Replace + Select,7.140464316566396,0.09785790028189413,0.19712946728755765,0.0018515386427490458,1.8576428374154568,3.9863137138648344e-11,7.401486830834377e-18,4.099438889721511,,3,456
20,True,Replace + Select,7.185961999801657,0.08494503722884413,0.17242201140239427,0.0016194738481505532,1.9219970953446004,3.9863137138648344e-11,7.401486830834377e-18,4.102401049320969,,3,456
21,True,Replace + Select,7.186472366156278,0.07368839975183007,0.14609724452088868,0.0013722184590241385,1.739737754965227,3.9863137138648344e-11,7.401486830834377e-18,4.10668449900499,,3,456
22,True,Replace + Select,7.203482113149837,0.0698100126041394,0.13825990188623877,0.0012986062135075859,1.9602524229225722,3.9863137138648344e-11,7.401486830834377e-18,4.107858910698789,,3,456
23,True,Replace + Select,7.276289506663658,0.061677640205108075,0.12442554888340658,0.001168667044419232,2.0265545766444433,3.9863137138648344e-11,7.401486830834377e-18,4.104070094793514,,3,456
24,True,Replace + Select,7.265999451576213,0.059296014944361576,0.11774996805617405,0.001105966647393425,1.8978257625300814,3.9863137138648344e-11,7.401486830834377e-18,4.105764311361704,,3,456
25,True,Replace + Select,7.239793340043112,0.056529264815320536,0.11219351356994606,0.001053777645213857,1.910606544328067,3.9863137138648344e-11,7.401486830834377e-18,4.114339798774351,,3,456
26,True,Replace + Select,7.253724657311582,0.05275896346067255,0.10517056581484946,0.000987814604104428,1.8432165254142907,3.9863137138648344e-11,7.401486830834377e-18,4.113680784280748,,3,456
27,True,Replace + Select,7.2745827506718275,0.05196076106283147,0.10163628787425774,0.0009546188963735518,1.9704774429609182,3.9863137138648344e-11,7.401486830834377e-18,4.110298901777454,,3,456
28,True,Replace + Select,7.2788703889885396,0.04967717689649409,0.09946749853790168,0.0009342485411978457,1.8625417272104845,3.9863137138648344e-11,7.401486830834377e-18,4.111328092468798,,3,456
29,True,Replace + Select,7.280135538630148,0.04362814032227465,0.08782026272606185,0.0008248518716711424,1.9206720224136753,3.9863137138648344e-11,7.401486830834377e-18,4.114662453128683,,3,456
30,True,Replace + Select,7.3073796874731745,0.0447361437838209,0.089239456597059,0.0008381816509774029,1.8660583796659318,3.9863137138648344e-11,7.401486830834377e-18,4.112825319520169,,3,456
31,True,Replace + Select,7.349796663476631,0.043271999075355436,0.08778431735017368,0.0008245142547060035,1.8449132881300794,3.9863137138648344e-11,7.401486830834377e-18,4.111636235291475,,3,456
32,True,Replace + Select,7.348650313580376,0.041080038712785025,0.08085246941130604,0.0007594068686765387,1.8289033090826532,3.9863137138648344e-11,7.401486830834377e-18,4.10984514611027,,3,456
33,True,Replace + Select,7.284119436024851,0.037356049748233325,0.07423017219406639,0.0006972069379903637,1.826877513062799,3.9863137138648344e-11,7.401486830834377e-18,4.108870493720288,,3,456
34,True,Replace + Select,7.304943705671203,0.03623317999764422,0.072090866684097,0.0006771135096721294,1.9389430909319874,3.9863137138648344e-11,7.401486830834377e-18,4.108603677200789,,3,456
35,True,Replace + Select,7.285488952007694,0.031487499667982435,0.06434014399201704,0.0006043148420194432,1.8281966422011129,3.9863137138648344e-11,7.401486830834377e-18,4.116019115335371,,3,456
36,True,Replace + Select,7.344962065182751,0.03020043700959997,0.06110633451195648,0.0005739412844889185,1.8609983143202846,3.9863137138648344e-11,7.401486830834377e-18,4.116634954830524,,3,456
37,True,Replace + Select,7.36601578768158,0.028836310983917497,0.05717237235514845,0.0005369915425113923,1.960499182856474,3.9863137138648344e-11,7.401486830834377e-18,4.120561513505653,,3,456
38,True,Replace + Select,7.408597749341251,0.0297443997549402,0.061363212363167184,0.0005763540098644158,1.9079898877304102,3.9863137138648344e-11,7.401486830834377e-18,4.118778327713686,,3,456
39,True,Replace + Select,7.377173747024629,0.030198261966532663,0.06023566696544114,0.0005657635390227417,1.7958867703290244,3.9863137138648344e-11,7.401486830834377e-18,4.123806171176779,,3,456
40,True,Replace + Select,7.404145226991386,0.028581926948004974,0.05654148394161739,0.0005310659226992541,1.9464821169093456,3.9863137138648344e-11,7.401486830834377e-18,4.1229603036410705,,3,456
41,True,Replace + Select,7.384859706581083,0.029141012365432817,0.0578744192539103,0.0005435855184398289,1.9860990108655052,3.9863137138648344e-11,7.401486830834377e-18,4.127042015810555,,3,456
42,True,Replace + Select,7.425470288404061,0.026627530545109888,0.05296110271698647,0.0004974371898446825,2.0151012426759616,3.9863137138648344e-11,7.401486830834377e-18,4.124099408904514,,3,456
43,True,Replace + Select,7.428154682505213,0.026654360247941218,0.05309220318283139,0.0004986685510507683,1.887703119280875,3.9863137138648344e-11,7.401486830834377e-18,4.1261298940257785,,3,456
44,True,Replace + Select,7.4450054331973465,0.025883606790803527,0.0517543804884141,0.0004861030505705841,1.9018897654127382,3.9863137138648344e-11,7.401486830834377e-18,4.128999779516931,,3,456
45,True,Replace + Select,7.4532601814138895,0.024342729627268862,0.04806057265506662,0.00045140895822387556,1.9868784227942,3.9863137138648344e-11,7.401486830834377e-18,4.131523441679618,,3,456
46,True,Replace + Select,7.414743946577914,0.024367444949206053,0.04812222570203992,0.0004519880345054939,1.9622488249607586,3.9863137138648344e-11,7.401486830834377e-18,4.136446281105818,,3,456
47,True,Replace + Select,7.43737730225119,0.021003971462360438,0.04262548194981544,0.0004003598654317809,1.9319670815754861,3.9863137138648344e-11,7.401486830834377e-18,4.137134852547664,,3,456
48,True,Replace + Select,7.436475506177267,0.020634496688897216,0.04176855976326925,0.00039231122326756893,1.8990582928477857,3.9863137138648344e-11,7.401486830834377e-18,4.1377950511363775,,3,456
49,True,Replace + Select,7.409395626945382,0.019283855806830105,0.03887260446266551,0.0003651109613254002,1.8959137502252559,3.9863137138648344e-11,7.401486830834377e-18,4.138331185894735,,3,456
50,True,Replace + Select,7.36376190898392,0.01652220193417301,0.032950896531301406,0.0003094913159377307,2.0335553400102637,3.9863137138648344e-11,7.401486830834377e-18,4.142696904980463,,3,456
51,True,Replace + Select,7.368124172269777,0.016604635310047938,0.03316596957361663,0.00031151138961996383,1.8784664857244038,3.9863137138648344e-11,7.401486830834377e-18,4.142900254640573,,3,456
52,True,Replace + Select,7.3536302999020045,0.016693303195056873,0.03383572837160788,0.0003178020995420528,1.9086604166315848,3.9863137138648344e-11,7.401486830834377e-18,4.145046955862547,,3,456
53,True,Replace + Select,7.359545022574821,0.015826330960016035,0.03155780788771573,0.0002964067299959893,1.894307265526432,3.9863137138648344e-11,7.401486830834377e-18,4.146687917771175,,3,456
54,True,Replace + Select,7.39653649896917,0.014800561935994267,0.029674075839732163,0.00027871377557665524,1.9742039873927775,3.9863137138648344e-11,7.401486830834377e-18,4.145782162119904,,3,456
55,True,Replace + Select,7.405542119099726,0.015342485831525199,0.03087654072945697,0.00029000792779300925,1.9891848512933725,3.9863137138648344e-11,7.401486830834377e-18,4.1477247763580944,,3,456
56,True,Replace + Select,7.424126276393019,0.013735455768847965,0.02784217917195872,0.0002615076849978277,2.0052811683293283,3.9863137138648344e-11,7.401486830834377e-18,4.15095279692206,,3,456
57,True,Replace + Select,7.448402008335968,0.013001769580207871,0.025553685701075933,0.00024001300866495143,2.0053587190394966,3.9863137138648344e-11,7.401486830834377e-18,4.153588588818359,,3,456
58,True,Replace + Select,7.45343700464469,0.01272030034641839,0.025070976796154762,0.00023547916497857407,1.964825424679466,3.9863137138648344e-11,7.401486830834377e-18,4.157159305753542,,3,456
59,True,Replace + Select,7.454866786647566,0.012333830364314631,0.02502369997735115,0.00023503511742888208,1.9771369530955345,3.9863137138648344e-11,7.401486830834377e-18,4.156036664256963,,3,456
60,True,Replace + Select,7.486913747015789,0.01247967280380601,0.0251531686932221,0.00023625115242233377,1.8318768825353118,3.9863137138648344e-11,7.401486830834377e-18,4.156040428086982,,3,456
61,True,Replace + Select,7.469589222648822,0.012458181725333063,0.02508250150720637,0.00023558741083421495,1.9680067977473334,3.9863137138648344e-11,7.401486830834377e-18,4.157516942018863,,3,456
62,True,Replace + Select,7.47156396779238,0.011664237378999565,0.023353353290993133,0.00021934638514986527,1.8997677284930226,3.9863137138648344e-11,7.401486830834377e-18,4.159707031169477,,3,456
63,True,Replace + Select,7.495917155904989,0.012009625314562986,0.02398882621955965,0.00022531506502229383,1.9528210500186916,3.9863137138648344e-11,7.401486830834377e-18,4.160147370654606,,3,456
64,True,Replace + Select,7.514991876583665,0.011409622129701123,0.02273453285740238,0.00021353411384673922,1.9898718806690978,3.9863137138648344e-11,7.401486830834377e-18,4.159871414987295,,3,456
65,True,Replace + Select,7.508869993964078,0.011693958907651934,0.023110292387860488,0.00021706343546768966,1.9370633003736473,3.9863137138648344e-11,7.401486830834377e-18,4.16085903830059,,3,456
66,True,Replace + Select,7.522537263003558,0.011335548584558815,0.02298524240899178,0.00021588890346424942,1.9596599888402948,3.9863137138648344e-11,7.401486830834377e-18,4.161408686334285,,3,456
67,True,Replace + Select,7.5301298124709435,0.011054650244883158,0.021589207890119456,0.0002027766483870663,1.9147210815335938,3.9863137138648344e-11,7.401486830834377e-18,4.162477054256596,,3,456
68,True,Replace + Select,7.540363208056012,0.010601595222321195,0.021333191399701964,0.00020037201334334903,1.9312480116774178,3.9863137138648344e-11,7.401486830834377e-18,4.1639916891999285,,3,456
69,True,Replace + Select,7.565583242022099,0.010954930159864939,0.022212182052585357,0.00020862793359120707,1.997039802602587,3.9863137138648344e-11,7.401486830834377e-18,4.165378521338095,,3,456
70,True,Replace + Select,7.60000654302125,0.010239569887877564,0.020656628374961093,0.0001940173947173291,1.8960814034473863,3.9863137138648344e-11,7.401486830834377e-18,4.167700282239448,,3,456
71,True,Replace + Select,7.6494749299867575,0.009710916256933029,0.019520771631213577,0.00018334885955303626,1.9366908426528335,3.9863137138648344e-11,7.401486830834377e-18,4.1666728301220175,,3,456
72,True,Replace + Select,7.690250875969257,0.008781068476144507,0.01813929502629382,0.00017037333969160693,2.0228854846651867,3.9863137138648344e-11,7.401486830834377e-18,4.1648659824282825,,3,456
73,True,Replace + Select,7.689362880551521,0.009254699438480403,0.01834539196065034,0.00017230910527431693,1.9461860336786792,3.9863137138648344e-11,7.401486830834377e-18,4.1666533982107286,,3,456
74,True,Replace + Select,7.721596516662076,0.009627798742495267,0.019115894183708262,0.00017954604787831,1.913143557208823,3.9863137138648344e-11,7.401486830834377e-18,4.166557303556932,,3,456
75,True,Replace + Select,7.72092427519308,0.010411978042790539,0.020688862452452057,0.00019432015330998956,1.9307977789451742,3.9863137138648344e-11,7.401486830834377e-18,4.1683045054246355,,3,456
76,True,Replace + Select,7.7412913281415445,0.010337268288496466,0.02069041108564011,0.00019433469884816087,1.8506402136653075,3.9863137138648344e-11,7.401486830834377e-18,4.169186611214422,,3,456
77,True,Replace + Select,7.756930913018377,0.009861369313012347,0.01943251279917217,0.00018251988841880097,1.8891298107316352,3.9863137138648344e-11,7.401486830834377e-18,4.1713649142163165,,3,456
78,True,Replace + Select,7.7398544739263375,0.009367279905650887,0.0192077846558801,0.00018040912919470412,1.9457198339180009,3.9863137138648344e-11,7.401486830834377e-18,4.1716357902775245,,3,456
79,True,Replace + Select,7.7350146749258215,0.009302144649168153,0.01861200587570928,0.0001748132766354973,2.032694702444296,3.9863137138648344e-11,7.401486830834377e-18,4.173261037041653,,3,456
80,True,Replace + Select,7.720977304696686,0.00881616353352943,0.017694528183901687,0.00016619586685087104,1.9907117966289696,3.9863137138648344e-11,7.401486830834377e-18,4.177346620732855,,3,456
81,True,Replace + Select,7.70935038346054,0.00838979109618309,0.01723565811069229,0.00016188592940600933,2.02029829054615,3.9863137138648344e-11,7.401486830834377e-18,4.179195520522397,,3,456
82,True,Replace + Select,7.708700879305376,0.008334232120577776,0.016979387826598823,0.00015947891060503436,1.9244374338399617,3.9863137138648344e-11,7.401486830834377e-18,4.181161118149063,,3,456
83,True,Replace + Select,7.734319273609621,0.007630113080176089,0.015623192277075345,0.0001467408430719645,1.940167077906613,3.9863137138648344e-11,7.401486830834377e-18,4.180857889762404,,3,456
84,True,Replace + Select,7.726405642866148,0.007570990032817075,0.01517026816606721,0.00014248675308073543,2.013661362519396,3.9863137138648344e-11,7.401486830834377e-18,4.183544814284882,,3,456
85,True,Replace + Select,7.746804498503007,0.007160889522060662,0.014443929119903862,0.00013566461314288856,1.8310962812511633,3.9863137138648344e-11,7.401486830834377e-18,4.183822116832458,,3,456
86,True,Replace + Select,7.744798568342716,0.007147207282196121,0.014296999719078662,0.00013428457865526436,1.9126533214232855,3.9863137138648344e-11,7.401486830834377e-18,4.185693390127536,,3,456
87,True,Replace + Select,7.754800361863676,0.007024081935952242,0.013991461591759588,0.00013141481160648913,1.9266631292499237,3.9863137138648344e-11,7.401486830834377e-18,4.186347775077677,,3,456
88,True,Replace + Select,7.734683336397746,0.007022813553114731,0.014162937730678306,0.00013302540134675498,1.9055213600487648,3.9863137138648344e-11,7.401486830834377e-18,4.187155882876078,,3,456
89,True,Replace + Select,7.734066812587678,0.0065114395481826615,0.013015675287803972,0.00012224973814639806,1.9276119712977302,3.9863137138648344e-11,7.401486830834377e-18,4.187383638640533,,3,456
90,True,Replace + Select,7.746765482432768,0.006610032677161039,0.012982591965612716,0.00012193900302236774,1.9266478182865714,3.9863137138648344e-11,7.401486830834377e-18,4.188259763487285,,3,456
91,True,Replace + Select,7.752198661689612,0.006124243520674632,0.012129180434317044,0.00011392333468975562,1.9406200880169082,3.9863137138648344e-11,7.401486830834377e-18,4.1895008467986505,,3,456
92,True,Replace + Select,7.739152108733445,0.006316023740187827,0.012625094153649801,0.00011858120460361582,2.020284133562831,3.9863137138648344e-11,7.401486830834377e-18,4.191512195002271,,3,456
93,True,Replace + Select,7.740765008819029,0.006141962187507258,0.012163177732023083,0.0001142426543293707,1.8811350086163232,3.9863137138648344e-11,7.401486830834377e-18,4.191515024626236,,3,456
94,True,Replace + Select,7.759668727648091,0.005927162593536272,0.012078461591081663,0.0001134469579234711,1.9822861442928192,3.9863137138648344e-11,7.401486830834377e-18,4.191229954218466,,3,456
95,True,Replace + Select,7.7789613501957495,0.006139187216808713,0.012385907088507057,0.0001163346399471431,2.0138429250757044,3.9863137138648344e-11,7.401486830834377e-18,4.192934042062416,,3,456
96,True,Replace + Select,7.775591057314189,0.00607504468140896,0.012091836631055997,0.00011357258299465676,1.997268124453932,3.9863137138648344e-11,7.401486830834377e-18,4.194687280870665,,3,456
97,True,Replace + Select,7.762616515259618,0.005940015872619297,0.012018442216332473,0.00011288322590922252,1.9788168469324372,3.9863137138648344e-11,7.401486830834377e-18,4.196961792551667,,3,456
98,True,Replace + Select,7.7515462813625895,0.005308752970317152,0.010550567245704459,9.909620934473637e-05,1.9824484374406113,3.9863137138648344e-11,7.401486830834377e-18,4.198960419541558,,3,456
99,True,Replace + Select,7.790344163326408,0.0049513849538660734,0.010019136503327213,9.410474577008493e-05,1.9528156169263484,3.9863137138648344e-11,7.401486830834377e-18,4.199135691421717,,3,456
100,True,Replace + Select,7.819135131671541,0.004797059791479525,0.00971164818667181,9.121666156676874e-05,1.9982868390416741,3.9863137138648344e-11,7.401486830834377e-18,4.200343878090037,,3,456
101,True,Replace + Select,7.828825011947652,0.004913288029452826,0.009723476728497379,9.132776115314091e-05,1.856729505767519,3.9863137138648344e-11,7.401486830834377e-18,4.199564859936079,,3,456
102,True,Replace + Select,7.859001489509381,0.004886595746019309,0.009594925919292993,9.012034759861951e-05,1.984214100763507,3.9863137138648344e-11,7.401486830834377e-18,4.20056134849246,,3,456
103,True,Replace + Select,7.8780963887861555,0.004846755975496613,0.00988828990041801,9.287576897177895e-05,1.8960809825760325,3.9863137138648344e-11,7.401486830834377e-18,4.200855972523333,,3,456
104,True,Replace + Select,7.871887666720916,0.004922596395690799,0.009927753697150451,9.324643270686185e-05,1.9553477985255898,3.9863137138648344e-11,7.401486830834377e-18,4.201123062991151,,3,456
105,True,Replace + Select,7.8706364089987,0.0045843337057214235,0.009240078098002357,8.678743921888692e-05,1.994004235746134,3.9863137138648344e-11,7.401486830834377e-18,4.203873666973546,,3,456
106,True,Replace + Select,7.853884904192848,0.004792375176621594,0.009631246975503835,9.046149314142025e-05,1.9298301123891317,3.9863137138648344e-11,7.401486830834377e-18,4.205781595800754,,3,456
107,True,Replace + Select,7.860290698332964,0.004623510776053505,0.009043058854997434,8.493693585778032e-05,1.86695527881476,3.9863137138648344e-11,7.401486830834377e-18,4.2060879699773945,,3,456
108,True,Replace + Select,7.87387670065483,0.0042945498423722726,0.008721648462858769,8.191808855192438e-05,2.0684281787850924,3.9863137138648344e-11,7.401486830834377e-18,4.207441790547277,,3,456
109,True,Replace + Select,7.863445544432771,0.004214420928136677,0.008416974286922545,7.9056436167044e-05,1.9434621113220598,3.9863137138648344e-11,7.401486830834377e-18,4.209508511934784,,3,456
110,True,Replace + Select,7.862901875199706,0.003841304565310953,0.007666725941629265,7.200972812241308e-05,2.0539924520238912,3.9863137138648344e-11,7.401486830834377e-18,4.210983192645015,,3,456
111,True,Replace + Select,7.866379627117593,0.0038381707764387906,0.007682923060800054,7.216185957418726e-05,1.8589439536655565,3.9863137138648344e-11,7.401486830834377e-18,4.212214626066476,,3,456
112,True,Replace + Select,7.8772584372684795,0.0037471606724583215,0.007433696410936243,6.982099811204675e-05,1.970609225959584,3.9863137138648344e-11,7.401486830834377e-18,4.2129439375574345,,3,456
113,True,Replace + Select,7.897541380183946,0.0036349722685760388,0.007270203640959491,6.828539216947875e-05,1.9509931345202465,3.9863137138648344e-11,7.401486830834377e-18,4.213432637890481,,3,456
114,True,Replace + Select,7.906064836806873,0.0033462444507303688,0.006780393876113388,6.368485365188886e-05,2.024141633924312,3.9863137138648344e-11,7.401486830834377e-18,4.212415059185495,,3,456
115,True,Replace + Select,7.914844089270966,0.0032643411554416236,0.006619663194168311,6.21751906228573e-05,1.930940429117856,3.9863137138648344e-11,7.401486830834377e-18,4.214011072553754,,3,456
116,True,Replace + Select,7.913667257192301,0.003088120781660192,0.006029468108018552,5.663178291317769e-05,1.9775003024943123,3.9863137138648344e-11,7.401486830834377e-18,4.214975059989157,,3,456
117,True,Replace + Select,7.927639965222249,0.0034164258102931198,0.006835813836767719,6.420538566642246e-05,1.951613049220926,3.9863137138648344e-11,7.401486830834377e-18,4.214153747616122,,3,456
118,True,Replace + Select,7.932799110703862,0.003652616217099857,0.007298867454242994,6.855461705337463e-05,1.8825068098651303,3.9863137138648344e-11,7.401486830834377e-18,4.215332808048854,,3,456
119,True,Replace + Select,7.934583557627644,0.0035126882243671346,0.007063753579304097,6.634630983839687e-05,1.959833041481873,3.9863137138648344e-11,7.401486830834377e-18,4.2159004641932665,,3,456
120,True,Replace + Select,7.948833918140896,0.0033366578916600473,0.006740718216880828,6.33121999981433e-05,1.991104452790377,3.9863137138648344e-11,7.401486830834377e-18,4.217310421687512,,3,456
121,True,Replace + Select,7.95406148251293,0.003294559668305886,0.0064833433729591435,6.089480661830241e-05,2.0686131062402753,3.9863137138648344e-11,7.401486830834377e-18,4.218991123775216,,3,456
122,True,Replace + Select,7.969453238542897,0.0033123390194386036,0.006634670360945647,6.231614544604405e-05,1.9262219545410253,3.9863137138648344e-11,7.401486830834377e-18,4.220451177968746,,3,456
123,True,Replace + Select,7.980324568991905,0.0032958114414609993,0.006492653717272199,6.09822540329894e-05,2.058855997512018,3.9863137138648344e-11,7.401486830834377e-18,4.220060747405661,,3,456
124,True,Replace + Select,7.996108722440833,0.0032061004839756425,0.006520014356080688,6.123923884982715e-05,1.9866581333583146,3.9863137138648344e-11,7.401486830834377e-18,4.220294448171466,,3,456
125,True,Replace + Select,7.982362987603495,0.00300419186133972,0.006008063336536094,5.643073858386303e-05,1.8865909263246046,3.9863137138648344e-11,7.401486830834377e-18,4.221746891591729,,3,456
126,True,Replace + Select,8.00761674082071,0.0028510482001486157,0.005529345812800788,5.193438394772894e-05,2.0737393686748984,3.9863137138648344e-11,7.401486830834377e-18,4.222824471835913,,3,456
127,True,Replace + Select,8.00400780574316,0.0027973812285406454,0.00559472981921848,5.254850326822359e-05,1.9633104578991607,3.9863137138648344e-11,7.401486830834377e-18,4.223840908364617,,3,456
128,True,Replace + Select,8.009166193182882,0.0028301026026511075,0.005736660214977739,5.388158459769117e-05,2.031495773488066,3.9863137138648344e-11,7.401486830834377e-18,4.224471230618174,,3,456
129,True,Replace + Select,8.01760214737624,0.0028521627600122832,0.005670257499676468,5.325789705338091e-05,1.9144397785987093,3.9863137138648344e-11,7.401486830834377e-18,4.225912707994711,,3,456
130,True,Replace + Select,8.017107273956606,0.002883779279372198,0.005659356733831071,5.315551160347317e-05,2.061849936497209,3.9863137138648344e-11,7.401486830834377e-18,4.2267581570647135,,3,456
131,True,Replace + Select,8.03516876621275,0.0029702599280813633,0.005794941408662004,5.442899074521831e-05,2.0305424256097715,3.9863137138648344e-11,7.401486830834377e-18,4.227451084895987,,3,456
132,True,Replace + Select,8.050927798164615,0.0029860394855916474,0.006094609750248385,5.72436258278888e-05,2.006560843597887,3.9863137138648344e-11,7.401486830834377e-18,4.228349037861905,,3,456
133,True,Replace + Select,8.071010117408372,0.00310210730238561,0.006276016927174302,5.894749284874565e-05,1.9378397795034212,3.9863137138648344e-11,7.401486830834377e-18,4.229126675546513,,3,456
134,True,Replace + Select,8.098574282559618,0.0028669249430566305,0.005751305479230862,5.401914025119666e-05,1.9306788891887519,3.9863137138648344e-11,7.401486830834377e-18,4.229853174116788,,3,456
135,True,Replace + Select,8.095792913455638,0.00278314580788093,0.005701488650235323,5.355123565421466e-05,1.9297100297905785,3.9863137138648344e-11,7.401486830834377e-18,4.2314747797144205,,3,456
136,True,Replace + Select,8.110190543536964,0.002665611940343121,0.005305119193873258,4.98283352915345e-05,1.907517353537853,3.9863137138648344e-11,7.401486830834377e-18,4.231737632345331,,3,456
137,True,Replace + Select,8.11583104125818,0.0026663857081692653,0.0054005281388484795,5.072446386589853e-05,2.092427089203962,3.9863137138648344e-11,7.401486830834377e-18,4.232314946187343,,3,456
138,True,Replace + Select,8.12612444000192,0.0026956323368912895,0.005330676804890419,5.0068385168733194e-05,1.954616210460724,3.9863137138648344e-11,7.401486830834377e-18,4.23385715078797,,3,456
139,True,Replace + Select,8.142471577604981,0.0024979251533355407,0.004985806822025172,4.682919364254826e-05,2.012725786740533,3.9863137138648344e-11,7.401486830834377e-18,4.234977811649262,,3,456
140,True,Replace + Select,8.149515660738265,0.0026167066926108913,0.005246161056056372,4.927457094582535e-05,2.0827898168563386,3.9863137138648344e-11,7.401486830834377e-18,4.236834477748942,,3,456
141,True,Replace + Select,8.168846622914263,0.002471529718861316,0.004874334829492302,4.578219288411894e-05,1.983023114230916,3.9863137138648344e-11,7.401486830834377e-18,4.236617778336191,,3,456
142,True,Replace + Select,8.171205549668679,0.0025188354228720205,0.005118527310910414,4.8075770916036794e-05,1.9903729524412412,3.9863137138648344e-11,7.401486830834377e-18,4.237673705254782,,3,456
143,True,Replace + Select,8.174258176347543,0.0024720897388848737,0.0049844131183836475,4.6816103280238e-05,2.0235832547563177,3.9863137138648344e-11,7.401486830834377e-18,4.238826028333363,,3,456
144,True,Replace + Select,8.17174410596906,0.0022953707468751344,0.004578076464521913,4.2999586008911555e-05,2.069599268090762,3.9863137138648344e-11,7.401486830834377e-18,4.240994273303584,,3,456
145,True,Replace + Select,8.185254443313038,0.002085630310181613,0.0041087585990656934,3.8591517668945345e-05,1.8636858518689159,3.9863137138648344e-11,7.401486830834377e-18,4.2422860540201,,3,456
146,True,Replace + Select,8.194653328121206,0.002182046354149073,0.004305604239741548,4.04403904700694e-05,2.0554959473026773,3.9863137138648344e-11,7.401486830834377e-18,4.243710945245495,,3,456
147,True,Replace + Select,8.194505183905092,0.0022325521128934447,0.004387829385906292,4.1212690205996914e-05,1.9995110629698711,3.9863137138648344e-11,7.401486830834377e-18,4.2457454295988235,,3,456
148,True,Replace + Select,8.204674011199927,0.0021768311442117725,0.004415479399961327,4.147239298001583e-05,1.9585468596542412,3.9863137138648344e-11,7.401486830834377e-18,4.246286988774192,,3,456
149,True,Replace + Select,8.21315552327591,0.002036062455152157,0.004049278045347022,3.803284653155735e-05,1.9445578677067639,3.9863137138648344e-11,7.401486830834377e-18,4.247558333209788,,3,456
150,True,Replace + Select,8.230493195455013,0.001919099743655775,0.0038193048062280565,3.587282274168021e-05,1.9417687065586824,3.9863137138648344e-11,7.401486830834377e-18,4.248802617717118,,3,456
151,True,Replace + Select,8.243983589264246,0.0018374797785179356,0.0036319538891114913,3.4113129137426816e-05,2.0248802865450077,3.9863137138648344e-11,7.401486830834377e-18,4.250330742903703,,3,456
152,True,Replace + Select,8.25416867333465,0.0018846123614869174,0.0037678094098014796,3.538915219906973e-05,1.9339091613564343,3.9863137138648344e-11,7.401486830834377e-18,4.250364270215408,,3,456
153,True,Replace + Select,8.262248090923395,0.0018233481008085432,0.003636816304712262,3.4158799378947836e-05,1.9381061730497398,3.9863137138648344e-11,7.401486830834377e-18,4.252618970719001,,3,456
154,True,Replace + Select,8.261568247843613,0.0018205170583400834,0.0036112564170435128,3.39187281182977e-05,1.8677699867606026,3.9863137138648344e-11,7.401486830834377e-18,4.25517877867268,,3,456
155,True,Replace + Select,8.270411635988472,0.0017572517955059723,0.0035330700179696277,3.318436231690524e-05,2.0113968996013987,3.9863137138648344e-11,7.401486830834377e-18,4.256504231634891,,3,456
156,True,Replace + Select,8.274560048833994,0.0017498196748388034,0.003477457014513883,3.266201714774063e-05,2.0091923704284884,3.9863137138648344e-11,7.401486830834377e-18,4.257852369298133,,3,456
157,True,Replace + Select,8.278013661667462,0.0017695400303723572,0.0035165009925072098,3.302873773505818e-05,1.898881959948934,3.9863137138648344e-11,7.401486830834377e-18,4.258753679758058,,3,456
158,True,Replace + Select,8.284951394964576,0.0017315827778155287,0.0034328874945801155,3.2243397904348836e-05,1.9675790784429505,3.9863137138648344e-11,7.401486830834377e-18,4.259610001271084,,3,456
159,True,Replace + Select,8.296150062326944,0.0017084959645564531,0.003352957999848069,3.149266007591495e-05,2.0297982551891622,3.9863137138648344e-11,7.401486830834377e-18,4.260739157865108,,3,456
160,True,Replace + Select,8.305264149251448,0.0016330145500361307,0.003295831973355911,3.09561038369502e-05,1.8520193146247375,3.9863137138648344e-11,7.401486830834377e-18,4.262119182532079,,3,456
161,True,Replace + Select,8.31692220649821,0.0015266910223345116,0.0030261552414261508,2.84231649664268e-05,1.9983821029875746,3.9863137138648344e-11,7.401486830834377e-18,4.263740103146723,,3,456
162,True,Replace + Select,8.317255530679079,0.0015354701504814309,0.0030760926152674046,2.8892201780946322e-05,1.9476154611292453,3.9863137138648344e-11,7.401486830834377e-18,4.264687333639496,,3,456
163,True,Replace + Select,8.32419898605614,0.0015622018029276684,0.003141415331484472,2.9505745433193914e-05,1.9843577998469555,3.9863137138648344e-11,7.401486830834377e-18,4.26553599965971,,3,456
164,True,Replace + Select,8.332388941465094,0.0015628415074684092,0.0030578008910111375,2.8720396749618435e-05,2.00067620709643,3.9863137138648344e-11,7.401486830834377e-18,4.267136424712777,,3,456
165,True,Replace + Select,8.338291538060185,0.0015169244452760823,0.0030533823354662046,2.8678895463944882e-05,1.9905572299369454,3.9863137138648344e-11,7.401486830834377e-18,4.267530888769293,,3,456
166,True,Replace + Select,8.34629524287877,0.0014412856965842953,0.002915641938907469,2.738516870454541e-05,1.9325256165185525,3.9863137138648344e-11,7.401486830834377e-18,4.2687670979198575,,3,456
167,True,Replace + Select,8.356096000488375,0.0014068665630670133,0.0028601427140939936,2.68638922013483e-05,1.95710631748226,3.9863137138648344e-11,7.401486830834377e-18,4.270193978700138,,3,456
168,True,Replace + Select,8.360079804480291,0.0013596096484460177,0.0026656527437463897,2.5037145035231276e-05,1.9947829953654068,3.9863137138648344e-11,7.401486830834377e-18,4.2699851934900925,,3,456
169,True,Replace + Select,8.35904056705838,0.0012367922483787553,0.0024487989065061855,2.3000345235569905e-05,1.9930196275866747,3.9863137138648344e-11,7.401486830834377e-18,4.271152631379527,,3,456
170,True,Replace + Select,8.362901768716839,0.0011806217886391006,0.0023606190603097325,2.217211597593194e-05,2.071032538968283,3.9863137138648344e-11,7.401486830834377e-18,4.272599192481952,,3,456
171,True,Replace + Select,8.363561621760331,0.001151196888628742,0.0022968115695775927,2.157280407998352e-05,1.9502566420317689,3.9863137138648344e-11,7.401486830834377e-18,4.2731505722842265,,3,456
172,True,Replace + Select,8.373723319447219,0.0010892061736400274,0.0021676712246210166,2.035985331054706e-05,2.038485323701584,3.9863137138648344e-11,7.401486830834377e-18,4.273375085473634,,3,456
173,True,Replace + Select,8.376649937402776,0.0010913499903896723,0.002133736721192868,2.004112346622569e-05,1.8838082592518655,3.9863137138648344e-11,7.401486830834377e-18,4.275185663366654,,3,456
174,True,Replace + Select,8.37657137425675,0.001092499261521185,0.0021899149010522296,2.0568777055108898e-05,2.057768649317063,3.9863137138648344e-11,7.401486830834377e-18,4.275902234421879,,3,456
175,True,Replace + Select,8.381286886185634,0.0011157910870026795,0.002187821923681983,2.0549118763871505e-05,1.9682994878436018,3.9863137138648344e-11,7.401486830834377e-18,4.276386585342097,,3,456
176,True,Replace + Select,8.38616289841554,0.0011711285419771992,0.002325232679406115,2.183974937152921e-05,1.909329520358287,3.9863137138648344e-11,7.401486830834377e-18,4.277439440351747,,3,456
177,True,Replace + Select,8.390151782292191,0.0011038316397551924,0.0022203158654995367,2.0854318132379297e-05,1.9580559627733671,3.9863137138648344e-11,7.401486830834377e-18,4.278111281622541,,3,456
178,True,Replace + Select,8.397059197102214,0.001176176460703235,0.0023802563480754863,2.2356559213350313e-05,1.9521538651372692,3.9863137138648344e-11,7.401486830834377e-18,4.279642183092093,,3,456
179,True,Replace + Select,8.403236150398683,0.0012500112336842459,0.002473098023922007,2.3228574710843946e-05,1.9403645565954357,3.9863137138648344e-11,7.401486830834377e-18,4.2812655909222865,,3,456
180,True,Replace + Select,8.41301846060723,0.0011574280020659495,0.0023491502172025155,2.2064394859993133e-05,1.9105870983367668,3.9863137138648344e-11,7.401486830834377e-18,4.283241153639784,,3,456
181,True,Replace + Select,8.41564892490686,0.0012016512376213095,0.002388316536688742,2.243226453985799e-05,2.000231614997362,3.9863137138648344e-11,7.401486830834377e-18,4.284345773478797,,3,456
182,True,Replace + Select,8.412834856880515,0.0012568179467083742,0.00250386741722236,2.351757625634319e-05,1.996583158447332,3.9863137138648344e-11,7.401486830834377e-18,4.286219048609324,,3,456
183,True,Replace + Select,8.411808435015333,0.0013539115603242796,0.002691022701873854,2.5275432382548075e-05,1.9714295410159564,3.9863137138648344e-11,7.401486830834377e-18,4.287087634599297,,3,456
184,True,Replace + Select,8.410102287743955,0.0012916466053411566,0.002547960888554867,2.3931724212954832e-05,1.9908727034019185,3.9863137138648344e-11,7.401486830834377e-18,4.288754527423196,,3,456
185,True,Replace + Select,8.416339600284003,0.0012376269049553083,0.0024537030438091406,2.3046407348204354e-05,2.042096310373226,3.9863137138648344e-11,7.401486830834377e-18,4.290714699078887,,3,456
186,True,Replace + Select,8.420815187093934,0.0012798883915280366,0.002566396671694664,2.4104882317434885e-05,2.004332124496768,3.9863137138648344e-11,7.401486830834377e-18,4.292073465389241,,3,456
187,True,Replace + Select,8.421715436588359,0.001228899371139412,0.002465580403218324,2.315796545376065e-05,1.9340031287252613,3.9863137138648344e-11,7.401486830834377e-18,4.2929613264934545,,3,456
188,True,Replace + Select,8.428178415623073,0.0012649440063393688,0.002538324741402729,2.3841216694901363e-05,2.000753061783226,3.9863137138648344e-11,7.401486830834377e-18,4.293951028314158,,3,456
189,True,Replace + Select,8.43269863374034,0.0012044330719319758,0.0024315494152414787,2.2838329378256305e-05,1.930115368010823,3.9863137138648344e-11,7.401486830834377e-18,4.295234713759127,,3,456
190,True,Replace + Select,8.433744169128788,0.0012437781458160496,0.0025046092411863683,2.352454383838142e-05,1.9092637748372387,3.9863137138648344e-11,7.401486830834377e-18,4.296323301158278,,3,456
191,True,Replace + Select,8.435902753249003,0.0011737063951522636,0.0023474543647230084,2.2048466564536276e-05,1.9114486612200479,3.9863137138648344e-11,7.401486830834377e-18,4.297898205721117,,3,456
192,True,Replace + Select,8.435048589156573,0.0012007865838291102,0.0024066252656831004,2.260422928819886e-05,1.9759084498969526,3.9863137138648344e-11,7.401486830834377e-18,4.299338826081399,,3,456
193,True,Replace + Select,8.436975563114721,0.0012331154183947545,0.002461765979661864,2.3122138478160423e-05,1.9878812020726095,3.9863137138648344e-11,7.401486830834377e-18,4.301513416061906,,3,456
194,True,Replace + Select,8.44572025275067,0.0012882304560674703,0.002558676158001141,2.4032367387819724e-05,2.024865934432585,3.9863137138648344e-11,7.401486830834377e-18,4.30350108023567,,3,456
195,True,Replace + Select,8.448393398656243,0.0011879311941038115,0.0024088200427093416,2.2624843732767794e-05,1.9144372590906844,3.9863137138648344e-11,7.401486830834377e-18,4.304954758330183,,3,456
196,True,Replace + Select,8.455134862695012,0.0012069741522772407,0.0024310498355311987,2.283363707552022e-05,1.9253124283159573,3.9863137138648344e-11,7.401486830834377e-18,4.304480603942561,,3,456
197,True,Replace + Select,8.46688301783906,0.001272638611648879,0.002522281717912723,2.369053258690372e-05,1.9742910729809329,3.9863137138648344e-11,7.401486830834377e-18,4.3059289844382524,,3,456
198,True,Replace + Select,8.47794991411638,0.0013651805598453811,0.0028014537606732585,2.6312656170245565e-05,2.030136652980265,3.9863137138648344e-11,7.401486830834377e-18,4.306965560079886,,3,456
199,True,Replace + Select,8.492167293594967,0.0013709338230778983,0.002821170261635771,2.6497843417663215e-05,1.9602473850306668,3.9863137138648344e-11,7.401486830834377e-18,4.307854931955944,,3,456
200,True,Replace + Select,8.50108509830758,0.0014403550876102788,0.00282549836459558,2.6538495127375357e-05,1.9138715955042824,3.9863137138648344e-11,7.401486830834377e-18,4.309628946889145,,3,456
0,False,Accumulate,0.29159999999970593,52.816984765715404,105.18191637172089,0.9879212142168244,0.060037499289797375,0.7219280948873623,0.2,1.7999999999990923,,3,456
1,False,Accumulate,0.2613037319757456,57.027474614977066,114.09842947499635,1.0716695690237203,0.119305609874228,0.719831626636758,0.19895423436966783,2.0862868647090145,300.0,3,456
2,False,Accumulate,0.2685505145571385,56.87791953656831,115.24016312019508,1.0823933029885084,0.13512169809879354,0.7308618528813393,0.2045125254425125,2.030321031936994,600.0,3,456
3,False,Accumulate,0.3466768644557878,56.597595609337354,113.33402103785107,1.0644898623076597,0.12118523076925514,0.6936955191524747,0.18631347622935193,1.9216599293411116,900.0,3,456
4,False,Accumulate,0.3733316712558158,56.66723784335861,112.82659797597215,1.0597238908868556,0.13177182466124793,0.6800251955684369,0.17997629970076015,1.9397228262056672,1200.0,3,456
5,False,Accumulate,0.3862879137837943,57.24283142360261,114.66835574139168,1.0770226018313893,0.1494326135983178,0.6691944221757093,0.17507984615079497,1.987524656583159,1500.0,3,456
6,False,Accumulate,0.39096064775075046,56.94018893632742,113.49897778793071,1.0660392186842447,0.12793226863932738,0.66211479378397,0.17193616346160814,1.95321184542154,1800.0,3,456
7,False,Accumulate,0.39370075422056705,57.188074099043945,113.99649333370004,1.0707121337538956,0.11949712953482658,0.6685237891429939,0.17478015389740545,1.9689933822671233,2100.0,3,456
8,False,Accumulate,0.3478418270664866,57.22262513991644,113.18872307602945,1.0631251511118802,0.12568824854245308,0.6790119174828663,0.17951364131381772,1.9899157528312006,2400.0,3,456
9,False,Accumulate,0.35547331818691763,57.332884428242274,115.19952764271885,1.0820116342413189,0.13611342506264024,0.6924554373249405,0.18573114535850607,2.011431545827118,2700.0,3,456
10,False,Accumulate,0.36123567687179087,57.51345025809808,114.95272473034169,1.0796935377350123,0.14282506249728405,0.6951768090345796,0.18701107087580895,1.9906472099159471,3000.0,3,456
11,False,Accumulate,0.3754776396028371,57.31865546066527,114.99427606369662,1.080083808659106,0.1362887791649582,0.6949449662078112,0.18690174358248085,1.9672490034252599,3300.0,3,456
12,False,Accumulate,0.3618457436143825,57.26132988276507,114.07523840136454,1.071451746850369,0.14432490506323126,0.6963968871859082,0.1875872914795269,1.9634793639877923,3600.0,3,456
13,False,Accumulate,0.353796904227319,57.49289939791471,116.45127356502779,1.0937686585865312,0.15314957256997813,0.6999352933869092,0.18926687302720127,2.0073737001232477,3900.0,3,456
14,False,Accumulate,0.34938508465686946,57.54297479314653,114.72097369488013,1.077516815991894,0.1541601595068396,0.7022404693383358,0.190367912095361,2.0528026963055286,4200.0,3,456
15,False,Accumulate,0.3562642953220836,57.32968857703634,116.70982390910778,1.096197092852332,0.1433672541389592,0.6991152543954592,0.18887649748324292,2.018601413957962,4500.0,3,456
16,False,Accumulate,0.35537300190301185,57.39314227541718,115.31651220023316,1.083110411769727,0.13913872256408888,0.6965090514524831,0.18764033928768284,2.0045618886527623,4800.0,3,456
17,False,Accumulate,0.35489606782726424,57.35922999491076,116.52369753143208,1.09444890073553,0.14368899535678203,0.6934341113111341,0.1861905952705282,1.9890942345436322,5100.0,3,456
18,False,Accumulate,0.3425372354930477,57.45033042586212,116.67813458931295,1.0958994508966673,0.14715715915302102,0.6968901950375421,0.1878206943870171,2.020637574022652,5400.0,3,456
19,False,Accumulate,0.3527767606891773,57.31580997943969,114.39425988733292,1.0744481563535513,0.15370053018093494,0.6922884336714006,0.18565283779035305,2.0260966137680954,5700.0,3,456
20,False,Accumulate,0.3547894852820431,57.07977420561946,114.59200823634285,1.0763055078432584,0.14905772082460794,0.692281169331059,0.18564943218304214,2.0182318262970114,6000.0,3,456
21,False,Accumulate,0.3612650343248092,57.1311324253833,111.54759639607155,1.0477108677609492,0.1254500402332478,0.6881643214468544,0.18372770353956266,2.054993297681169,6300.0,3,456
22,False,Accumulate,0.35661485259716946,57.171203183708464,114.26291489241717,1.0732144984080172,0.13325653165319676,0.6883233026033957,0.18380160956184377,2.060289308480421,6600.0,3,456
23,False,Accumulate,0.35863218075433706,56.99768587287818,112.1857529493503,1.053704753580138,0.13488561833169416,0.6869044667451535,0.1831428932773826,2.052203534369032,6900.0,3,456
24,False,Accumulate,0.3562622872125184,57.05409169736454,115.86933310460611,1.0883027824540799,0.15160201652090188,0.6869017405841151,0.18314162948078908,2.04189176182234,7200.0,3,456
25,False,Accumulate,0.35889315867052796,56.94790186997089,112.74320097279191,1.0589405844831892,0.11915238792738832,0.6864875678082611,0.18294970972878136,2.0419782078634046,7500.0,3,456
26,False,Accumulate,0.35360604774680743,56.99000959396403,115.249094007074,1.082477186349012,0.1430548485020127,0.687786814432496,0.1835523085653979,2.045398504186998,7800.0,3,456
27,False,Accumulate,0.34802156193502465,56.98381311593364,113.71388217171388,1.0680577082411118,0.13279709952540686,0.6860766415979734,0.18275945696241128,2.050714614729045,8100.0,3,456
28,False,Accumulate,0.3462199113045172,56.821980576457946,113.92619478272627,1.0700518545706352,0.1384099635629003,0.6855331494045113,0.18250807636740599,2.043183212944609,8400.0,3,456
29,False,Accumulate,0.34017614029302234,56.82409539047505,116.12393600514899,1.0906941403540302,0.14792253946235145,0.6816325070127397,0.18071215859275871,2.0434178716008886,8700.0,3,456
30,False,Accumulate,0.33598885794657835,56.94799843207332,113.87130784791525,1.0695363290016626,0.14533699660333232,0.6836065029098409,0.18161921608757203,2.0497784632419473,9000.0,3,456
31,False,Accumulate,0.3396814375057429,56.88292881764562,114.02162824105869,1.0709482133867219,0.17038615338217375,0.6861610731607812,0.18279853432374563,2.0231647479876456,9300.0,3,456
32,False,Accumulate,0.3460167856447168,56.84139502625284,112.53591422610916,1.0569936435874732,0.14871218808326458,0.6852742035831634,0.1823884058402553,2.0170211724330165,9600.0,3,456
33,False,Accumulate,0.33677047629918566,56.78738441851492,112.58572895940469,1.0574615285005917,0.1354984878165024,0.6864094919988889,0.18291354932884352,2.0284052284518017,9900.0,3,456
34,False,Accumulate,0.3358218842771125,56.75827326353766,113.77455139512834,1.0686275439593487,0.15745343682521,0.6888075592320997,0.18402687793197112,2.018553377096826,10200.0,3,456
35,False,Accumulate,0.3293074439361868,56.82822547199959,116.04728496531217,1.0899741954152162,0.15351542910836818,0.6918508247182631,0.1854477741447682,2.0061211093339533,10500.0,3,456
36,False,Accumulate,0.33036158783071623,56.84491547021592,114.43917418683242,1.0748700139392262,0.15607285121098535,0.6936301337206557,0.18628273391864178,2.002858821603824,10800.0,3,456
37,False,Accumulate,0.3419207792948433,56.793689055953145,113.12100167747617,1.0624890778343143,0.13971306087196614,0.6936609193836837,0.18629720790689713,1.9983768063798477,11100.0,3,456
38,False,Accumulate,0.3400048393267373,56.70403550396537,113.53973383229129,1.0664220198559697,0.13458640656769272,0.6952813938630044,0.18706040618182765,1.9960768187451607,11400.0,3,456
39,False,Accumulate,0.337135451500466,56.690036523925,112.64894201933457,1.0580552572048643,0.1423892785372381,0.697818015113399,0.18826034359709706,2.0040937530542764,11700.0,3,456
40,False,Accumulate,0.3289306599082927,56.63054323331417,111.753694770533,1.0496466468698455,0.13657783415945784,0.6969878922332398,0.1878669476335678,2.0117994980085347,12000.0,3,456
41,False,Accumulate,0.3363551747169569,56.55817799633737,114.12383497404406,1.0719081901891523,0.12996315970004235,0.696969186619319,0.1878580910046706,2.019908282713509,12300.0,3,456
42,False,Accumulate,0.33573904181724457,56.599732194851796,114.10892370463735,1.071768136082078,0.1261001784275259,0.6970000526624891,0.18787270547359883,2.020232128249538,12600.0,3,456
43,False,Accumulate,0.3319022574471284,56.5603172173187,110.4007317116445,1.036938940507053,0.13082669718207568,0.6977978841779361,0.1882507953259574,2.0212750780191198,12900.0,3,456
44,False,Accumulate,0.33395399346807453,56.59724934329021,112.91510345181754,1.0605551786231715,0.11670554671882527,0.6969667829989248,0.18785695297746421,2.0197143883182567,13200.0,3,456
45,False,Accumulate,0.33314434476470806,56.5303347346055,113.70287823090734,1.067954353720318,0.15246381788609392,0.6957809880570481,0.18729622782137165,2.020376801067123,13500.0,3,456
46,False,Accumulate,0.3317330371002381,56.55322024226706,115.49865386268687,1.0848211774463554,0.14744439448173136,0.6939321475608344,0.18642476732005533,2.0076769953540192,13800.0,3,456
47,False,Accumulate,0.33177300112101327,56.52887760925768,112.08240533624328,1.0527340610604632,0.13053020241955915,0.6926660391859762,0.1858299351374304,2.016383059140639,14100.0,3,456
48,False,Accumulate,0.32816063807578394,56.47573202883645,112.80531548003988,1.0595239950307214,0.13955220946210883,0.690719513979791,0.18491851178563892,2.01688002919532,14400.0,3,456
49,False,Accumulate,0.32871171129004545,56.447990079890275,112.5128423531923,1.0567769410069106,0.12672880677559012,0.6893885305354185,0.18429743616926128,2.0194548392631355,14700.0,3,456
50,False,Accumulate,0.3250046205881427,56.43938720993288,114.36590334501851,1.0741818175124216,0.14208601391889195,0.690255990695556,0.18470202249439,2.0112407778401815,15000.0,3,456
51,False,Accumulate,0.3253432794920053,56.423823223186986,112.25689013806175,1.0543729096688654,0.1292417865746906,0.6902618078084594,0.184704738087878,2.0233894201887037,15300.0,3,456
52,False,Accumulate,0.3224854924843477,56.466865170010834,114.72628071091047,1.0775666621432232,0.14173105538989533,0.6903792375556403,0.1847595646827526,2.0359586175959983,15600.0,3,456
53,False,Accumulate,0.32146299432465375,56.4670445435973,110.81866229846287,1.0408643538008058,0.13929476668135882,0.6891844337816241,0.184202351042564,2.032458938910143,15900.0,3,456
54,False,Accumulate,0.32052018332970666,56.41822086165293,113.47535588991298,1.0658173499925836,0.1364278181115908,0.6896237815946175,0.18440708572814127,2.037409779859267,16200.0,3,456
55,False,Accumulate,0.3191617960500349,56.45750383008174,112.59871930778559,1.0575835403557494,0.13180154370614794,0.6878853286104104,0.1835980663514737,2.0441516425499797,16500.0,3,456
56,False,Accumulate,0.32203002519302654,56.42467721868309,113.50575256854988,1.0661028508153771,0.14761271395153847,0.6870153927907715,0.18319432254708848,2.0319410784835634,16800.0,3,456
57,False,Accumulate,0.3216814970675257,56.432124432529264,114.42422029455611,1.0747295594968231,0.13565944293133794,0.6866534564311461,0.18302655958044964,2.033896052696896,17100.0,3,456
58,False,Accumulate,0.3241400137113292,56.48312087460009,114.52983531039652,1.075721548598066,0.12679004518568654,0.6859028645926163,0.18267904943137403,2.024572716520755,17400.0,3,456
59,False,Accumulate,0.3228259077663393,56.50349446333447,112.27490731847524,1.0545421360469813,0.12270364584815346,0.6868494531118657,0.18311739138128644,2.0104386967566206,17700.0,3,456
60,False,Accumulate,0.3203172307407847,56.49894033898368,112.5633056747217,1.0572509177854146,0.11526632791843033,0.6875118249176588,0.18342463117038343,2.006718489989238,18000.0,3,456
61,False,Accumulate,0.316083824267384,56.53377023603757,113.68566202011763,1.0677926504498862,0.11738430813830993,0.6881324187465057,0.18371287578223416,2.0184295353746657,18300.0,3,456
62,False,Accumulate,0.3154463627997728,56.51004251590535,114.0787544733154,1.0714847715583302,0.1410126536396575,0.6881086138133742,0.18370181235069302,2.0150242656020385,18600.0,3,456
63,False,Accumulate,0.3184206936772825,56.54668476861917,113.48561086775095,1.0659136698782345,0.12035133333097991,0.6873502237341905,0.1833496338661237,2.017443207232486,18900.0,3,456
64,False,Accumulate,0.32135294988429874,56.548012661036964,112.23648304919645,1.054181236074146,0.1234442173502429,0.6881019749050172,0.18369872699084444,2.0236212553243007,19200.0,3,456
65,False,Accumulate,0.3222168126715681,56.593999553814484,111.83546588752189,1.0504146821364597,0.1228823729859066,0.6896023925996008,0.1843971141825267,2.0187693979940633,19500.0,3,456
66,False,Accumulate,0.3230735842511217,56.54727562529316,110.92018468852493,1.0418179029119083,0.11770382630662637,0.6904846198118715,0.18480877789155076,2.0170208716253315,19800.0,3,456
67,False,Accumulate,0.3246822007172361,56.55767671784122,112.04470279443387,1.0523799399133282,0.13036921875179805,0.6900375847240857,0.18460008824290436,2.001946987265767,20100.0,3,456
68,False,Accumulate,0.3230782955730347,56.56678806385316,116.41307649402874,1.0934098925736782,0.14732335589097567,0.691289427976306,0.18518497866890385,2.0085312376164657,20400.0,3,456
69,False,Accumulate,0.32292601010136396,56.52015281064128,114.51032604798898,1.0755383078389034,0.14079785118429644,0.692697495984974,0.18584469473961768,2.0103587281610915,20700.0,3,456
70,False,Accumulate,0.3263581742313812,56.56074249250747,115.2557941779594,1.0825401177081742,0.1406559897848077,0.6944789291211927,0.18668214186547644,2.01677706875273,21000.0,3,456
71,False,Accumulate,0.3236410915164802,56.57681339654759,114.53121305622463,1.075734489076604,0.15366940471023433,0.6937679269345783,0.18634752517836817,2.0138268718558567,21300.0,3,456
72,False,Accumulate,0.3203432929359427,56.619732877852805,112.54428604796173,1.057072275929373,0.14472425564170405,0.6929302721041699,0.18595394412965383,2.0169145855530233,21600.0,3,456
73,False,Accumulate,0.32117346602561986,56.61611714548285,114.68660591197582,1.0771940165698262,0.11867251336220769,0.693275286271766,0.18611596877403547,2.0191901116067372,21900.0,3,456
74,False,Accumulate,0.3226342127107399,56.608691222142134,113.71915850334591,1.068107266189211,0.13467708512546323,0.6921254431839047,0.18557643842798952,2.025484116549597,22200.0,3,456
75,False,Accumulate,0.324493999712935,56.5628700648973,113.31347223905391,1.0642968577023182,0.1254826010645581,0.691960112633934,0.185498968863663,2.0147698730293455,22500.0,3,456
76,False,Accumulate,0.32280825062139873,56.55575763593141,113.89442030142332,1.0697534127354533,0.14089218592834712,0.6915277133570413,0.18529648472651228,2.0081753636817177,22800.0,3,456
77,False,Accumulate,0.32360302056730467,56.52526695279591,113.45080517178363,1.0655867573574531,0.14791612515030422,0.6923379166914585,0.18567603738674676,2.0029966661430727,23100.0,3,456
78,False,Accumulate,0.32367839758321554,56.53257694774422,113.97162971221887,1.0704786021738406,0.1461092178131697,0.6927694477886094,0.18587845835545935,2.0027030661837775,23400.0,3,456
79,False,Accumulate,0.32416371130974314,56.51729329265937,113.85252096182887,1.0693598731625409,0.13577809783481426,0.6924879082418985,0.1857463740709851,1.9943498202566683,23700.0,3,456
80,False,Accumulate,0.3283512522236854,56.52530226658981,114.24463718912513,1.0730428250686044,0.14772288154979807,0.693018545010851,0.18599538743939276,2.0008127328579874,24000.0,3,456
81,False,Accumulate,0.32890969251463276,56.49632802458967,112.03482697325376,1.0522871812568195,0.14497327127385667,0.6922077957445303,0.1856150367000466,1.993171473803726,24300.0,3,456
82,False,Accumulate,0.3285956549023621,56.47581456993408,111.03850645139548,1.0429292401424475,0.14473104782404667,0.6914998739846995,0.1852834543741739,1.9887712569470835,24600.0,3,456
83,False,Accumulate,0.32919519545094156,56.492943141991795,113.6969468739368,1.067898643446324,0.14306465234060456,0.6912643328628081,0.18517323860339036,1.9980110099307538,24900.0,3,456
84,False,Accumulate,0.326182602488221,56.478035269810505,111.4574598734288,1.0468642604165859,0.13583068690837424,0.6915490070090908,0.1853064518355898,2.0012948001537105,25200.0,3,456
85,False,Accumulate,0.3272575722046568,56.46847163034268,112.95633176078437,1.0609424155405012,0.1405251065622517,0.6918671525894194,0.18545542201101609,2.0046533369837953,25500.0,3,456
86,False,Accumulate,0.32674173942172036,56.48378754215321,111.52980252009883,1.0475437387699307,0.134918969801297,0.69260956268536,0.1858034386793368,2.0080079412410616,25800.0,3,456
87,False,Accumulate,0.3256440358063701,56.48565206744713,110.9418030351743,1.0420209532461095,0.14521572158944368,0.6928032868579648,0.18589433921141285,2.0115717465942025,26100.0,3,456
88,False,Accumulate,0.32468239218927025,56.50354630256662,113.23735857162728,1.0635819600341976,0.13419187998052604,0.6932758572467226,0.18611623701116758,2.007889831470814,26400.0,3,456
89,False,Accumulate,0.32401425902942244,56.46862950359588,113.65711946261638,1.0675245644609999,0.13700484048330114,0.6930335441648755,0.18600243016675558,2.0040897681457306,26700.0,3,456
90,False,Accumulate,0.3250891377849477,56.458547266266365,111.50754534248132,1.0473346882154684,0.12360542529689889,0.6922160881134507,0.1856189236651603,2.0027069720796957,27000.0,3,456
91,False,Accumulate,0.3234007286602969,56.49419676571013,115.11402554640716,1.0812085557491204,0.13547990973985496,0.6926908168585152,0.18584156079667327,2.0054243939489367,27300.0,3,456
92,False,Accumulate,0.32412222203489294,56.48104050506431,114.07463605074562,1.0714460892718105,0.1382870597788734,0.6920887846292861,0.18555925887302216,2.002558573355756,27600.0,3,456
93,False,Accumulate,0.32140042285518616,56.43750190987626,111.36377847087952,1.0459843577855201,0.1377637995946947,0.6920585952313567,0.18554511199552978,2.00214293738918,27900.0,3,456
94,False,Accumulate,0.3226182553061222,56.464068524825095,112.72711439637345,1.0587894913042843,0.12827221893875884,0.6917102502422513,0.1853819408163182,2.005649064843342,28200.0,3,456
95,False,Accumulate,0.32430939565298805,56.469047938417674,113.0568437039761,1.0618864740287526,0.13309564282221842,0.6917953130306536,0.1854217747962762,2.0036837979137863,28500.0,3,456
96,False,Accumulate,0.32225091456393234,56.4984498001927,111.7110423336432,1.0492460338301235,0.12468666689223577,0.6921586679470579,0.18559200992191643,2.0041096289602907,28800.0,3,456
97,False,Accumulate,0.3205313063195662,56.51287245897174,115.78546782992355,1.0875150778100398,0.13555192277915518,0.6919460388242185,0.18549237548496297,2.0052948902683942,29100.0,3,456
98,False,Accumulate,0.3215709815693093,56.5427198356564,110.96150699774883,1.0422060227267103,0.14840776627459978,0.6915121002972863,0.185289176865147,2.0062185373787718,29400.0,3,456
99,False,Accumulate,0.32089216646336666,56.573035717856854,114.26921472250946,1.0732736695660339,0.16344721084490926,0.6905874200031494,0.18485679572310929,2.0133279783393334,29700.0,3,456
100,False,Accumulate,0.32182630415474167,56.57015110968037,113.63662044274896,1.0673320274042866,0.15226498276511946,0.6896490688994044,0.1844188752387079,2.0206233747075437,30000.0,3,456
101,False,Accumulate,0.3221057685622222,56.56571436056959,114.68911361159516,1.0772175701400433,0.14667527243066558,0.6897046615462857,0.18444479596732383,2.0181914420609,30300.0,3,456
102,False,Accumulate,0.3249672633296357,56.6121820650544,115.90410303639989,1.088629359059839,0.142194016968214,0.6896378659934681,0.18441365211515715,2.016588712279257,30600.0,3,456
103,False,Accumulate,0.3236641407881262,56.58231225738262,113.53143743102277,1.0663440959019521,0.14211300798676757,0.6894720057499669,0.184336337472176,2.01959690481466,30900.0,3,456
104,False,Accumulate,0.32384998598899106,56.560721113028755,113.31442047648392,1.064305764022963,0.13502609787550351,0.6884704765992644,0.18387004853200045,2.0242748667168864,31200.0,3,456
105,False,Accumulate,0.32389214167362,56.57991918475636,112.51574360807011,1.056804191045135,0.11875422751797475,0.6881756081294519,0.18373294960649317,2.0284253419988585,31500.0,3,456
106,False,Accumulate,0.3228999890134662,56.58748927340007,114.70574369061046,1.0773737681674234,0.13593515920846594,0.6878144897143604,0.1835651622125412,2.030249040607414,31800.0,3,456
107,False,Accumulate,0.32487996948932024,56.58173451436303,112.19784827720332,1.0538183589544372,0.12506692310583434,0.6872177561722204,0.18328817589969543,2.0277575473895033,32100.0,3,456
108,False,Accumulate,0.3213389933189487,56.59647009250785,112.90726348433694,1.0604815417237876,0.14296694551421013,0.6873812097623221,0.18336401218722398,2.0364736847654883,32400.0,3,456
109,False,Accumulate,0.3197418011132582,56.613301974055744,114.28717054630543,1.073442319652082,0.13495223861900202,0.6870730281818748,0.18322104903817313,2.0402524619520537,32700.0,3,456
110,False,Accumulate,0.32073790002948205,56.58389444141049,115.07047715945232,1.0807995274978615,0.15162004447755023,0.6870493856165628,0.1832100852004361,2.0401343137570436,33000.0,3,456
111,False,Accumulate,0.32227909631566737,56.58920127875618,113.18847038685475,1.0631227777286514,0.14932114827047221,0.6870063330429019,0.18319012168148738,2.0418939062151873,33300.0,3,456
112,False,Accumulate,0.3222399810180319,56.5622292458677,113.34248438177298,1.064569354270652,0.14452317423600836,0.6869994634764267,0.18318693642186848,2.0428426442881435,33600.0,3,456
113,False,Accumulate,0.322006196225502,56.58591854103209,114.35190863505184,1.0740503721904517,0.15619454987173043,0.6869637775739459,0.18317039042130284,2.0451955790488068,33900.0,3,456
114,False,Accumulate,0.32351213450407257,56.541894906724714,112.52120199232266,1.0568554589225845,0.13941060137967604,0.6867705480620444,0.1830808195521105,2.039502545313407,34200.0,3,456
115,False,Accumulate,0.3217976323279945,56.52544923666363,113.57582819078334,1.0667610361403073,0.13606921460120358,0.6867201638618419,0.18305747002529393,2.0380302620148845,34500.0,3,456
116,False,Accumulate,0.3220055238569861,56.52690269140451,112.7920500045996,1.0593993990444892,0.14437495857043048,0.6867738787697758,0.18308236318635876,2.03206561019403,34800.0,3,456
117,False,Accumulate,0.3207953534204507,56.55232048705813,113.03175872818187,1.061650863378176,0.1312719415418545,0.6868825980543423,0.1831327555678518,2.0469812122503184,35100.0,3,456
118,False,Accumulate,0.3211103357052,56.5563541315889,113.10664141445815,1.0623541990550849,0.14814775049870202,0.6873635974680077,0.183355839512273,2.047860688686119,35400.0,3,456
119,False,Accumulate,0.32138889306698004,56.54633813074245,111.60629981479767,1.0482622396574417,0.1418466785250475,0.6874576624778572,0.1833994921852252,2.0517804152741475,35700.0,3,456
120,False,Accumulate,0.3202498493084526,56.561102453110855,112.35291018185958,1.0552747779892968,0.1391398912223913,0.6881528259786298,0.18372236055524707,2.0486436579329483,36000.0,3,456
121,False,Accumulate,0.3215544074869382,56.56839394714933,114.27424834180621,1.0733209478383747,0.1628574352297605,0.6885372436348985,0.18390110349983613,2.0507985165359464,36300.0,3,456
122,False,Accumulate,0.32255089715870217,56.602182412361465,111.66677975087761,1.0488302974942725,0.12109962098623918,0.6884027280449972,0.1838385414432402,2.0495498776358714,36600.0,3,456
123,False,Accumulate,0.32220711655697715,56.59220533929991,114.1773824858887,1.072411135227089,0.12330757296331915,0.6876548107772679,0.18349101028593018,2.0436474535460576,36900.0,3,456
124,False,Accumulate,0.32174146496060746,56.62142900942002,111.87367155485425,1.0507735288903786,0.13869142729200454,0.687794661033121,0.1835559528050411,2.0384267854343316,37200.0,3,456
125,False,Accumulate,0.32353611588118447,56.63751541413244,113.33373213682671,1.0644871488046108,0.14959079018068358,0.687783420448645,0.18355073229731156,2.037725631936662,37500.0,3,456
126,False,Accumulate,0.3234931458521099,56.622489601095275,113.88045887186291,1.0696222799997197,0.1442348181098814,0.6875562718109236,0.1834452628872192,2.0346581342844323,37800.0,3,456
127,False,Accumulate,0.32245460486355315,56.62499183795508,114.23408467230809,1.0729437105479096,0.15367400386902233,0.6882055274682599,0.1837468567553425,2.0372398477537694,38100.0,3,456
128,False,Accumulate,0.32322110331977644,56.61893454556411,112.86231432510877,1.0600593567180898,0.13826077206341514,0.6880166874508842,0.18365909436704944,2.038562450807963,38400.0,3,456
129,False,Accumulate,0.3248453336760465,56.620095444365646,111.28432693816072,1.0452381092155896,0.12702864239105527,0.6876980444267909,0.18351108476128064,2.0345189711822993,38700.0,3,456
130,False,Accumulate,0.32398048980709887,56.5838843736793,111.57029668259807,1.047924080216112,0.15494213811367386,0.6876521789106378,0.18348978830196255,2.037467161000512,39000.0,3,456
131,False,Accumulate,0.32289751360441066,56.58924261019541,113.06471288068568,1.0619603852758375,0.13813166886678968,0.6880747816672069,0.18368608967601147,2.0367015632965795,39300.0,3,456
132,False,Accumulate,0.3234471807061682,56.564832363917034,113.78054613194321,1.0686838495285695,0.14389781814471714,0.6877309600429682,0.18352636952130805,2.03203817088864,39600.0,3,456
133,False,Accumulate,0.32168801697255023,56.559337106393,112.61055839178053,1.0576947389594538,0.13710539528033028,0.6876295713574554,0.1834792918187729,2.040473676072502,39900.0,3,456
134,False,Accumulate,0.3222383388250035,56.54631146492581,113.39208905254512,1.0650352661713902,0.13204022179899053,0.6884803039373046,0.1838746191946655,2.0379596335256043,40200.0,3,456
135,False,Accumulate,0.32169285125233077,56.53534009736292,113.19762120943395,1.063208726835355,0.1308034624048355,0.6885063290048498,0.18388672381941829,2.04104368159258,40500.0,3,456
136,False,Accumulate,0.32219601413179194,56.5288690095409,112.89427382304923,1.0603595363221532,0.14603930596548031,0.6879051362529959,0.18360726771981664,2.0396470941450593,40800.0,3,456
137,False,Accumulate,0.3215578487814129,56.544696160001976,114.06288722861781,1.0713357384527484,0.15310513399713124,0.6884312823672734,0.18385182035249473,2.0337304453046774,41100.0,3,456
138,False,Accumulate,0.3201770692641818,56.560714136993965,114.06993654102823,1.071401949123899,0.11847027450107661,0.6888117066771198,0.184028808236822,2.0355592223335814,41400.0,3,456
139,False,Accumulate,0.32071481724640943,56.55607123394834,115.05766318425324,1.0806791722279223,0.14086390894762124,0.6886295871043414,0.1839440617952508,2.0358818723574754,41700.0,3,456
140,False,Accumulate,0.3211647207265753,56.542238196064915,114.22480165875562,1.0728565198374085,0.13396098153242128,0.6882888216937205,0.18378557824914143,2.0395385508865544,42000.0,3,456
141,False,Accumulate,0.3208360124399361,56.541083432362356,111.13208475503062,1.0438081744168988,0.11742990969570724,0.688313165565414,0.18379689639912733,2.0427130044379496,42300.0,3,456
142,False,Accumulate,0.3210506471900381,56.52661644407629,113.20944471067183,1.0633197790780042,0.13097667792976794,0.6878721997525377,0.1835919677294481,2.0377564755075235,42600.0,3,456
143,False,Accumulate,0.3205648045152393,56.5284977002176,110.8643917039448,1.0412938672699223,0.1365651993327578,0.6880270333418452,0.1836639016729652,2.036520437005518,42900.0,3,456
144,False,Accumulate,0.319914010580596,56.53871527596728,114.0637002173903,1.071343374450294,0.1416056532716744,0.6882367407848098,0.18376136629448173,2.033772623155681,43200.0,3,456
145,False,Accumulate,0.3186492057910217,56.54302471938125,112.78030086833829,1.059289045274928,0.1399031453453761,0.6880200375277515,0.18366065099734527,2.028503694721062,43500.0,3,456
146,False,Accumulate,0.3179103262418785,56.55076769548347,113.01634311464105,1.061506072218512,0.15633363534589362,0.6873547328037446,0.18335172613393813,2.027188956799981,43800.0,3,456
147,False,Accumulate,0.3179667500024282,56.545607637182485,112.287668639987,1.0546619967671298,0.13459911132355507,0.6875763134100401,0.18345456658066606,2.0277232004456853,44100.0,3,456
148,False,Accumulate,0.31836676213413373,56.56222105047845,112.5307094325726,1.0569447575609798,0.14067558033501554,0.6873751017411294,0.18336117783375389,2.0292608940920673,44400.0,3,456
149,False,Accumulate,0.31918599360480493,56.56488600349509,113.36397756625412,1.0647712290191111,0.13951977438881322,0.6873685557069354,0.18335814026551212,2.0222740643166,44700.0,3,456
150,False,Accumulate,0.3190137498108443,56.57098960465518,109.05857649182427,1.0243327467793568,0.1463461861467011,0.6869166530961903,0.18314854272607903,2.021997784230265,45000.0,3,456
151,False,Accumulate,0.31898387614709095,56.57344847376483,112.65730692945466,1.0581338246283123,0.1317126915991135,0.6862610163876361,0.18284479975472306,2.0223225428416054,45300.0,3,456
152,False,Accumulate,0.3195813487825146,56.573671877959384,113.1312486782455,1.062585322795343,0.1400410381716912,0.6860006073793804,0.18272427197468455,2.021245591271546,45600.0,3,456
153,False,Accumulate,0.3190160973949593,56.58431088219937,112.00601556205463,1.0520165700594104,0.1378893197964165,0.6862800353206356,0.182853605028253,2.0152609154362535,45900.0,3,456
154,False,Accumulate,0.3173147004158458,56.61813939822199,114.86506531872047,1.0788701966574423,0.15667896002872042,0.6865319244220482,0.18297025586493626,2.023348452712909,46200.0,3,456
155,False,Accumulate,0.31709571040330514,56.61067028932544,112.84124314545033,1.0598614456501874,0.15520769377468785,0.6863133097864103,0.18286901107803366,2.0186272286324254,46500.0,3,456
156,False,Accumulate,0.31843385889399317,56.60518135345846,113.26277361404617,1.0638206708357494,0.1309614718952805,0.685927767799679,0.18269057050184923,2.0213272176978174,46800.0,3,456
157,False,Accumulate,0.31735333191859927,56.60695014464714,112.11816250568133,1.0530699102964036,0.12743574260166973,0.686026447384521,0.18273622886831434,2.024192064121212,47100.0,3,456
158,False,Accumulate,0.3178698098044134,56.615404253871816,114.05127658749387,1.0712266854988504,0.16314727088058278,0.686209694214789,0.18282104064696036,2.021358919059789,47400.0,3,456
159,False,Accumulate,0.31567978008204006,56.610763211590324,112.20929714945235,1.0539258924940782,0.14632315246936806,0.6867090996173535,0.1830523428539062,2.023515277340454,47700.0,3,456
160,False,Accumulate,0.3152216826896662,56.61861877948813,111.94926124316268,1.0514835050843092,0.11363126845167092,0.686741191886526,0.18306721473679924,2.0215590447252136,48000.0,3,456
161,False,Accumulate,0.3159152879287715,56.62679403350468,111.52258066159874,1.0474759074595266,0.13123055723510246,0.6868250860883401,0.18310609683198278,2.025084605642531,48300.0,3,456
162,False,Accumulate,0.316051515392711,56.60421363891635,113.4411715401719,1.0654962734666145,0.14568204839462606,0.6865567893227495,0.18298177419801126,2.027528038026154,48600.0,3,456
163,False,Accumulate,0.31679299856118986,56.620714626721266,115.00878654533099,1.080220098366782,0.1267819124629957,0.6867637255026554,0.18307765763386022,2.0286548708181305,48900.0,3,456
164,False,Accumulate,0.3168959725014783,56.61006032204429,113.4996375541266,1.0660454155386454,0.13647320081402592,0.6870214917806063,0.18319715059920735,2.0289527631377147,49200.0,3,456
165,False,Accumulate,0.3158864033583916,56.60766850581464,111.13793430694204,1.0438631163368248,0.12067033610095022,0.6872841963654558,0.1833189985365204,2.03008583992948,49500.0,3,456
166,False,Accumulate,0.3166031661937127,56.59964954951079,113.8469074131069,1.0693071479027172,0.1369389241287846,0.6873369025039108,0.18334345275368708,2.0293147592409966,49800.0,3,456
167,False,Accumulate,0.3165410104561101,56.59004971985651,112.63734465094734,1.0579463289151538,0.12394215032539636,0.68670751842489,0.18305161013884572,2.028202380395417,50100.0,3,456
168,False,Accumulate,0.31649943210692305,56.57936407291224,112.21677721479551,1.0539961490124146,0.1457998477944425,0.6865284917585085,0.1829686657759993,2.028994052628966,50400.0,3,456
169,False,Accumulate,0.31642719359597704,56.580618443631415,114.54478829322211,1.0758619944984527,0.15341025219637458,0.6863576997000336,0.18288956522286176,2.0244996459408156,50700.0,3,456
170,False,Accumulate,0.3159818420566714,56.57083630910459,113.93795486844805,1.0701623111830103,0.14408767397662747,0.6861598575922612,0.18279797167515707,2.024162755528431,51000.0,3,456
171,False,Accumulate,0.3140687142305453,56.58229333419456,113.33611846759209,1.0645095624177925,0.14739727222644897,0.6865745168136271,0.18298998658351343,2.0283700254135963,51300.0,3,456
172,False,Accumulate,0.3130121472553977,56.58586976316524,113.6301672584352,1.0672714158666503,0.141615662530804,0.6869135198899752,0.18314709019498293,2.026659403983159,51600.0,3,456
173,False,Accumulate,0.31342588442495556,56.5942902916985,112.60788995476223,1.057669675663118,0.1368012544735236,0.6866617025341588,0.1830303803733693,2.024083389806435,51900.0,3,456
174,False,Accumulate,0.31370126639925044,56.600628375445154,112.92174349911325,1.0606175452714806,0.1514010455918897,0.6865078025381437,0.18295908229121674,2.025558703468772,52200.0,3,456
175,False,Accumulate,0.3138269580162686,56.62186531556215,111.09987564859071,1.0435056503648508,0.13389522372719015,0.6863231135514015,0.18287355041537695,2.0282299601033755,52500.0,3,456
176,False,Accumulate,0.3134888149954122,56.61600953161095,112.3555636916482,1.0552997010816185,0.14136534387514382,0.6866374470612773,0.18301914190080448,2.0229028528929747,52800.0,3,456
177,False,Accumulate,0.31326770889159433,56.61050175962521,113.86419002672046,1.0694694748617126,0.13344321964084,0.6868845580857336,0.1831336641644923,2.03014649917125,53100.0,3,456
178,False,Accumulate,0.3134913630931347,56.618783968973986,111.7569904782888,1.0496776018069691,0.138624433111647,0.6866864112061892,0.18304182941072847,2.0339776551472406,53400.0,3,456
179,False,Accumulate,0.3138599783753068,56.61646542707759,113.61325554665976,1.0671125726033974,0.15242855774340452,0.6868265620641669,0.1831067809568353,2.036940225634319,53700.0,3,456
180,False,Accumulate,0.3127376809510811,56.63055310906051,111.51072308686436,1.0473645351815406,0.126590575214024,0.6866779316344768,0.1830379002410398,2.03437955956301,54000.0,3,456
181,False,Accumulate,0.3123098921077306,56.63449472276714,113.25395735599221,1.063737864126555,0.1307752324763541,0.6868089812876309,0.18309863228308682,2.033913940396404,54300.0,3,456
182,False,Accumulate,0.3121303862724677,56.63487678536352,112.88562791543244,1.0602783296295446,0.12205189462546706,0.6863876132583784,0.18290341735381593,2.033037177954847,54600.0,3,456
183,False,Accumulate,0.31304927495108736,56.63623032691066,112.80768524998666,1.059546253096404,0.14997586203452556,0.6862697292670675,0.18284883354928075,2.033665950894331,54900.0,3,456
184,False,Accumulate,0.3122506458954959,56.64735931732777,114.64499923234861,1.0768032258058362,0.13135726664939268,0.6862234792992705,0.182827422071762,2.0316373770842646,55200.0,3,456
185,False,Accumulate,0.31228321213543087,56.635977708243374,114.23813926423877,1.0729817933051125,0.1360766128240043,0.6866282331361052,0.1830148728908171,2.032153060774128,55500.0,3,456
186,False,Accumulate,0.31225057948040613,56.62443250029154,112.90049390349607,1.060417958431576,0.1368041832497279,0.6863684793019283,0.18289455685569134,2.0294896453024416,55800.0,3,456
187,False,Accumulate,0.313347427379601,56.634023672718286,112.59794831766712,1.0575762988305875,0.14169490242443705,0.6861990436251532,0.18281611037478276,2.029799556577488,56100.0,3,456
188,False,Accumulate,0.31337018455736104,56.639098923731694,111.71518322756282,1.0492849271788105,0.1421380734264015,0.6862993520602768,0.18286254853333916,2.031579999114073,56400.0,3,456
189,False,Accumulate,0.31326363283479114,56.62417327671423,115.31971880798164,1.083140529834977,0.15173591579198603,0.686158206468556,0.1827972074239841,2.030455351152202,56700.0,3,456
190,False,Accumulate,0.3132751917489194,56.62601505020921,113.44009147574405,1.0654861289608115,0.13169782563898552,0.6858893173850533,0.18267278228162548,2.0317867006286656,57000.0,3,456
191,False,Accumulate,0.31322752397327264,56.62823027913398,112.78517176062982,1.0593347951337724,0.15989813369905342,0.6856503161167883,0.18256224542493535,2.0355720140682556,57300.0,3,456
192,False,Accumulate,0.31344609747144675,56.655694828741645,112.79582069495603,1.0594348152559812,0.13602016474794787,0.6856482303717459,0.18256128101894406,2.0357602832574746,57600.0,3,456
193,False,Accumulate,0.3130782688584661,56.66187602269177,112.99090439250755,1.0612671390052262,0.13632124174748877,0.6854849301679335,0.18248578723554817,2.0326434783977487,57900.0,3,456
194,False,Accumulate,0.31265423848643775,56.65622944810082,113.63328220453201,1.0673006729997805,0.13617497179521054,0.685191476401295,0.18235018737160685,2.0325259532583764,58200.0,3,456
195,False,Accumulate,0.3125721198982264,56.67356435553332,115.29501223643032,1.0829084733464847,0.13742310952918196,0.6848380736207278,0.18218699512710215,2.0322076249505523,58500.0,3,456
196,False,Accumulate,0.3114586678475167,56.675891645441524,113.64826805716875,1.0674414276298887,0.12938208328960987,0.6852450645486972,0.18237494338609647,2.0346267244797858,58800.0,3,456
197,False,Accumulate,0.3116782575406356,56.66194271504317,111.8102839433205,1.050178160710059,0.1331673050103886,0.6851074647645512,0.18231138218845033,2.03174470112674,59100.0,3,456
198,False,Accumulate,0.31247251082730787,56.67295257763048,113.98837468987765,1.0706358793868,0.14699448939295948,0.6847112732466825,0.18212847100566326,2.031508732065298,59400.0,3,456
199,False,Accumulate,0.31175845404094066,56.674590443291734,112.71305471564311,1.0586574357443768,0.14331067037425133,0.6847105994739783,0.1821281600698984,2.0323508286556633,59700.0,3,456
200,False,Accumulate,0.3108284702015255,56.66913749893462,115.57991068802274,1.085584382228302,0.157259655998103,0.6846716698228754,0.1821101953669753,2.034436898438372,60000.0,3,456
0,True,Accumulate + Select,0.29159999999970593,52.816984765715404,104.95966920054556,0.9858337575248601,0.05600250134290398,0.7219280948873623,0.2,1.7999999999990923,,3,456
1,True,Accumulate + Select,0.8658774168755516,54.28155848975051,108.97890636863696,1.0235844450983165,0.3338384525125572,0.9960517271036311,0.46302543616004105,1.576548834567382,300.0,3,456
2,True,Accumulate + Select,3.0610928078969146,51.65075446817315,103.00671594674395,0.9674906428873034,0.5266585919801943,0.946671798831936,0.3648953299214581,2.292062105090843,600.0,3,456
3,True,Accumulate + Select,5.844837849837158,47.225028103114504,92.51806695085372,0.8689760007420319,0.7030703646987991,0.8283843798780868,0.2610884228450968,2.9521528727216744,900.0,3,456
4,True,Accumulate + Select,8.988743932125569,44.571039404019615,86.74977045030005,0.8147972723126099,0.9409077581740399,0.718742395175574,0.19841283998954037,3.486270442852502,1200.0,3,456
5,True,Accumulate + Select,12.084563033059226,42.8715762682902,85.80911221863538,0.8059621392931181,0.9736862550306529,0.6320065549218356,0.15903940874624867,3.9177184165339436,1500.0,3,456
6,True,Accumulate + Select,15.332226789636094,42.25177374747185,84.2089442510067,0.7909325606729323,1.254849878960609,0.5601144258225712,0.13097805844421848,4.3184920600040515,1800.0,3,456
7,True,Accumulate + Select,18.596000868168456,41.36415059402309,81.74478236769491,0.7677879186682662,1.3372346832218363,0.49988751346062055,0.10999056989305815,4.692461773819082,2100.0,3,456
8,True,Accumulate + Select,22.49079467278911,41.38675014472723,82.97190075311481,0.7793136288581003,1.2272701424659966,0.4485999539912322,0.09366919407744197,5.098299315907225,2400.0,3,456
9,True,Accumulate + Select,26.408203202107504,41.63187494511445,82.65932056586638,0.7763777192571072,1.6278600554243714,0.40353306176731857,0.08038464472207676,5.483469360941665,2700.0,3,456
10,True,Accumulate + Select,30.670469769138897,42.114323017482064,83.62362873955095,0.7854349843715674,1.5022712411152794,0.36441344304205464,0.06959580022155319,5.875113853192489,3000.0,3,456
11,True,Accumulate + Select,35.34785175139612,42.73384843806518,86.58284255680792,0.8132294019703108,1.4767453871954175,0.3310630372645953,0.06091413019647631,6.281711377687726,3300.0,3,456
12,True,Accumulate + Select,40.27190817338932,43.638209636373034,88.54922218800189,0.8316986238657836,1.623925661073062,0.3034666694246285,0.054076295279836026,6.681740871091334,3600.0,3,456
13,True,Accumulate + Select,45.57226677848439,44.839352299775314,89.79212781525827,0.8433726157342772,1.6622124587590141,0.2808160519739673,0.04869236919731585,7.084246884541045,3900.0,3,456
14,True,Accumulate + Select,51.29984495608841,46.1903691357378,93.22015725137285,0.8755703843215005,1.895579278365643,0.26202179157147476,0.04437907207342413,7.494140029779638,4200.0,3,456
15,True,Accumulate + Select,57.52379265446988,47.82674707323084,94.55606023996192,0.8881178539635124,2.1104832339331976,0.24608569648343423,0.04083018547676147,7.926134667103832,4500.0,3,456
16,True,Accumulate + Select,63.721603131511046,49.26249331594254,98.00986618819735,0.9205577284566853,2.006314526308591,0.23327958898972004,0.03805013893968648,8.34699772741452,4800.0,3,456
17,True,Accumulate + Select,70.70351618519366,51.330343186043216,100.23339803743767,0.9414422527183279,2.101593734542753,0.22217429514741702,0.03569104137488603,8.78909251786477,5100.0,3,456
18,True,Accumulate + Select,78.07145838589754,53.53366559258137,107.28006849453718,1.0076281093209107,2.4923882896825487,0.21166537492557394,0.03350289290612653,9.242156298998335,5400.0,3,456
19,True,Accumulate + Select,85.66455768320266,55.68168841987972,110.71684799891236,1.0399080629296535,2.225586325519172,0.2028100432546015,0.03169252666251464,9.688436992173505,5700.0,3,456
20,True,Accumulate + Select,93.48126012235511,57.74664108387618,117.02788691203705,1.0991844998029796,2.7501950520725273,0.19575641020631737,0.0302724627585411,10.139731152369135,6000.0,3,456
21,True,Accumulate + Select,101.2733161105019,59.669291762482686,118.21970350214735,1.1103786378586549,2.6605029107969878,0.18997834589504883,0.02912376058798301,10.588582984233716,6300.0,3,456
22,True,Accumulate + Select,108.66218067600681,61.206966941875024,123.02801013611696,1.1555406608757142,2.972465785044565,0.18516438440997424,0.02817677090255905,10.991601213464692,6600.0,3,456
23,True,Accumulate + Select,116.06414739572794,62.612132656408924,125.74769806310263,1.1810853314027565,3.0114119797405094,0.1819003901916281,0.027539896106479386,11.386260076802824,6900.0,3,456
24,True,Accumulate + Select,122.71715729905897,63.48165758596046,126.7970194588878,1.1909410832580867,2.995149779128487,0.184324456849506,0.028012480345280522,11.784207192989413,7200.0,3,456
25,True,Accumulate + Select,129.1070180295158,64.11289555158235,128.95053980664662,1.2111680244490015,2.8545300467361994,0.8185514789743452,0.25464104483370886,9.404311292548396,7500.0,3,456
26,True,Accumulate + Select,135.22007157432512,64.42225828240284,129.48612788537508,1.2161985358078888,3.0518151245624523,0.8347324192636181,0.26536338482332783,9.664554560521356,7800.0,3,456
27,True,Accumulate + Select,140.51125632574033,64.34909583207245,128.93802503020456,1.211050479403572,2.95337916820756,0.8498180018850704,0.2759100989338189,9.889148636920707,8100.0,3,456
28,True,Accumulate + Select,145.48167495772344,64.14550159788331,130.48507914124636,1.2255811860930963,3.201392413848781,0.8726332161901883,0.29305362572826255,10.0858660641924,8400.0,3,456
29,True,Accumulate + Select,150.06900463599433,63.82838697121618,126.80902895162288,1.1910538824259878,3.646200259833855,0.8927685305487101,0.309649567924115,10.23276488772986,8700.0,3,456
30,True,Accumulate + Select,154.09866890540653,63.355818568316856,126.18566125087217,1.1851989009132649,3.4426148852650953,0.9247417676487093,0.339919621652004,10.30238689776245,9000.0,3,456
31,True,Accumulate + Select,157.86378729285752,62.77023158975647,127.86438641015943,1.200966328004423,3.343263125388993,0.963742063475571,0.38837377186848887,10.230062020173468,9300.0,3,456
32,True,Accumulate + Select,160.8175574682795,61.99862844290499,124.76225236479931,1.1718295320753132,3.550271404059552,0.9915252148443292,0.4458577704883268,9.897600274995975,9600.0,3,456
33,True,Accumulate + Select,163.5719706258723,61.291447806836615,123.29644638148838,1.1580619484754753,3.192761528140898,0.9954191081930887,0.46017619986121433,9.685446436620811,9900.0,3,456
34,True,Accumulate + Select,165.88930651208855,60.462355301375396,122.01295933096851,1.1460067955640185,3.354716761179252,0.9968783998004908,0.46712016307197674,9.456111740060141,10200.0,3,456
35,True,Accumulate + Select,167.80769129284175,59.60423840825765,117.83798097284173,1.1067933087673614,3.3252325878434834,0.997041658344242,0.4679909060818257,9.240477681343341,10500.0,3,456
36,True,Accumulate + Select,169.5242595493162,58.77746888771223,119.24297020983111,1.1199896710399668,3.4482204469406277,0.9971448685439807,0.4685538519138033,9.009193708686425,10800.0,3,456
37,True,Accumulate + Select,170.94335941596896,57.92128380346918,116.28547911973227,1.0922114341571159,3.6093167757500306,0.9971025997485593,0.4683220897263798,8.762888737200047,11100.0,3,456
38,True,Accumulate + Select,172.05753990171905,57.088615258306874,116.77005229433482,1.0967627879976223,3.453590815113947,0.9968725957467828,0.46708963229342526,8.51590370507116,11400.0,3,456
39,True,Accumulate + Select,172.70526689961304,56.24672511218429,114.60835961725685,1.0764590881985505,3.7403227568041606,0.9964947879292362,0.4651599402370719,8.252816887996875,11700.0,3,456
40,True,Accumulate + Select,173.20063460018426,55.477229011091794,112.52827800891913,1.056921920412819,4.005623416819214,0.9959931312028969,0.46275233140274685,7.997518865290236,12000.0,3,456
41,True,Accumulate + Select,173.43877957050753,54.74751396096309,111.43542302865006,1.0466572793384472,2.9978844391704893,0.9953907299507238,0.4600531689647742,7.74026483726573,12300.0,3,456
42,True,Accumulate + Select,173.50431104424305,54.046744252577966,108.44923038109543,1.0186094630595388,3.6804218508188864,0.9947225381367938,0.45725894732007083,7.4863750844877845,12600.0,3,456
43,True,Accumulate + Select,173.2779395617625,53.40744083825027,109.4770483523967,1.0282632439871775,3.191345920629387,0.9940930908740797,0.45478514388160424,7.223858859196237,12900.0,3,456
44,True,Accumulate + Select,172.88496828012075,52.84486621427281,105.59313054840388,0.9917835436242496,3.3264136958028656,0.9934928354738591,0.4525466684462759,6.960789220705832,13200.0,3,456
45,True,Accumulate + Select,172.3113112515257,52.292212007398106,104.47134147142876,0.9812471390287693,3.2223244122761634,0.9928716421242846,0.4503368448660876,6.699327245778628,13500.0,3,456
46,True,Accumulate + Select,171.4839989193672,51.80112279911815,103.98251018702139,0.976655790889302,3.177579125613277,0.992230836757766,0.4481564857711755,6.439178559011415,13800.0,3,456
47,True,Accumulate + Select,170.5303332491997,51.33972133649141,98.87213139066974,0.9286565549012704,3.4678399989697253,0.9915790280000942,0.44602960358373245,6.181727775925165,14100.0,3,456
48,True,Accumulate + Select,169.46596541775355,50.962220839729596,100.49248958973537,0.9438757702826465,2.857118655868228,0.9908337863166733,0.4436969453505856,5.939179923167777,14400.0,3,456
49,True,Accumulate + Select,168.24490905518314,50.60907994498298,100.74317547346799,0.9462303375997972,3.312085906110238,0.9899969860730363,0.441188771186786,5.705931253598606,14700.0,3,456
50,True,Accumulate + Select,166.91515332019117,50.353332171438595,99.57462026112275,0.9352546820490881,4.199110251050906,0.9890321548420405,0.4384246551536611,5.490862148370335,15000.0,3,456
51,True,Accumulate + Select,165.49129718151926,50.14095069190638,101.57217509767605,0.9540167170800737,3.4367625691707433,0.9879588246750795,0.43549007642710946,5.290483323625107,15300.0,3,456
52,True,Accumulate + Select,163.94429039661816,49.982970597159735,99.79006261148676,0.9372782244573967,3.8694071094626494,0.9867899544295363,0.4324406766782327,5.103806401377987,15600.0,3,456
53,True,Accumulate + Select,162.44764351552482,49.79046667748729,98.37257901823055,0.92396450893587,3.4807077476963495,0.9855748022267649,0.4294117033924743,4.93313295722587,15900.0,3,456
54,True,Accumulate + Select,160.73574688137555,49.70870278847988,99.31932189434549,0.9328567919821035,3.4349544455853507,0.9843338075798296,0.4264486096963365,4.772435586133208,16200.0,3,456
55,True,Accumulate + Select,159.06515731860807,49.64143346614347,99.55389368573074,0.9350600076769702,3.1081984105334826,0.98298150824539,0.4233519024383405,4.631154255336773,16500.0,3,456
56,True,Accumulate + Select,157.36230145447934,49.60886646044594,101.53677310372782,0.95368420383014,3.087357149372865,0.9815944356708943,0.42030238866917363,4.509348286891911,16800.0,3,456
57,True,Accumulate + Select,155.56299798882483,49.6216334855302,99.61552900222763,0.935638917425078,2.9241456677147015,0.9802036896030504,0.4173595778115223,4.398590882977472,17100.0,3,456
58,True,Accumulate + Select,153.68677819592278,49.71402390628632,98.51030264900234,0.9252580782226053,3.0541241074974472,0.9788271542130643,0.4145483685427792,4.306793837480436,17400.0,3,456
59,True,Accumulate + Select,151.85662777738122,49.76468688535893,97.32306197541314,0.9141069194656691,3.12416505057385,0.9775734802067105,0.4120677456793479,4.229752348280989,17700.0,3,456
60,True,Accumulate + Select,149.99222006921806,49.85367310926494,98.19082167716974,0.9222573529981608,3.1046646003650604,0.9763558858576586,0.4097250810030482,4.169758783695513,18000.0,3,456
61,True,Accumulate + Select,148.12045605088247,49.94081814425321,102.74095783579527,0.964994509666755,3.317913357716289,0.9751447602240456,0.40745495372806545,4.127059585734437,18300.0,3,456
62,True,Accumulate + Select,146.2624457451732,50.044728173436994,102.58649667795828,0.9635437331467649,3.0551801799293763,0.9739741629363307,0.4053136903564802,4.1033324354947345,18600.0,3,456
63,True,Accumulate + Select,144.48612220213928,50.13323325319817,101.47615152701849,0.9531148156336103,3.68054520159588,0.972861489837699,0.4033233958134852,4.099221218309611,18900.0,3,456
64,True,Accumulate + Select,142.73137287878944,50.23632352126094,98.61690311780391,0.926259323191392,3.4447392811809694,0.9717680020647771,0.40140754312813315,4.1141223318352385,19200.0,3,456
65,True,Accumulate + Select,140.97200485451145,50.33820478055017,100.26198843431234,0.9417107880385588,2.6197177633665154,0.9698457842154419,0.3981293047139257,4.143840597537584,19500.0,3,456
66,True,Accumulate + Select,139.22755749896263,50.451222668487596,101.67710630148943,0.9550022834764321,2.569788295050117,0.9682853023420434,0.3955457243009487,4.185220042433605,19800.0,3,456
67,True,Accumulate + Select,137.56247404597457,50.541426600194455,101.32155403638944,0.9516627586077869,2.965464300035214,0.9669553064531433,0.3933946119820394,4.239032878628186,20100.0,3,456
68,True,Accumulate + Select,135.86156526956887,50.65751619429716,102.72656576052934,0.9648593320909674,3.145173901618887,0.9657428338198869,0.3914718728129259,4.304343652289104,20400.0,3,456
69,True,Accumulate + Select,134.26706469614115,50.72358949799536,101.01593062896227,0.948792190565544,2.8322265680855523,0.9646312380686556,0.3897395079464937,4.3788561877898875,20700.0,3,456
70,True,Accumulate + Select,132.72243731477394,50.781065891395,100.02181306162643,0.9394549407028789,2.9902646356300338,0.9635787131162638,0.388124747287587,4.464265129276091,21000.0,3,456
71,True,Accumulate + Select,131.13489730019842,50.868070855733876,101.31579735319606,0.9516086889573523,2.8100401717762526,0.962577838123879,0.3866112886609403,4.555418222344296,21300.0,3,456
72,True,Accumulate + Select,129.64766119825907,50.91245687832335,102.47370022562079,0.9624842923988061,3.2628087105446726,0.9616299036426614,0.38519692978229886,4.652968462491716,21600.0,3,456
73,True,Accumulate + Select,128.17137544723414,50.94593315609084,102.8410290278826,0.9659344283999871,3.045242375171011,0.9607310374536036,0.38387227186947204,4.755599608655583,21900.0,3,456
74,True,Accumulate + Select,126.77350508682423,50.96907712682785,101.46864705615229,0.9530443298863837,3.0423272742521235,0.9598738249573,0.3826234437006281,4.864181288153013,22200.0,3,456
75,True,Accumulate + Select,125.44465776203887,50.93883871693135,102.09716015527802,0.9589476395565087,2.7259044801214687,0.9590828786518172,0.38148327264684023,4.971880765503881,22500.0,3,456
76,True,Accumulate + Select,124.11232144474577,50.94167464667512,103.52753366301218,0.972382423607698,3.1519706585292235,0.9583598669188348,0.38045091490102906,5.087147681483898,22800.0,3,456
77,True,Accumulate + Select,122.81468301080454,50.93085178189155,102.69770470524512,0.9645882546114585,2.934707625059564,0.957691196874433,0.37950433460478983,5.203203447108834,23100.0,3,456
78,True,Accumulate + Select,121.60613911235687,50.86107141037151,101.86578401052464,0.9567744389745975,2.6768673948291086,0.957114803525159,0.3786945500677765,5.318506865308006,23400.0,3,456
79,True,Accumulate + Select,120.40603054091429,50.82761372534428,101.68407010743273,0.9550676910280379,3.0441046650555217,0.9565867047977066,0.37795752575006736,5.438516771313543,23700.0,3,456
80,True,Accumulate + Select,119.27259939834514,50.736483761112886,100.50816781787066,0.9440230280500506,2.766392279993329,0.9561246563165278,0.3773164651357019,5.554820675564042,24000.0,3,456
81,True,Accumulate + Select,118.12832031039606,50.68178888181409,102.87347166802935,0.9662391459175205,2.8760271428251576,0.9557510976375186,0.3768007193862411,5.675989377425196,24300.0,3,456
82,True,Accumulate + Select,117.05289180623268,50.58661581995251,104.00118130017833,0.9768311593311129,3.210824855860274,0.9554684730237565,0.3764120107851357,5.7951324934680075,24600.0,3,456
83,True,Accumulate + Select,115.951988438913,50.528095939120874,102.78990579623897,0.9654542534153294,2.949912704908506,0.9552490751594431,0.3761111381857975,5.918377598444518,24900.0,3,456
84,True,Accumulate + Select,114.90214189263104,50.437368943781124,101.43891718541387,0.9527650920571867,2.783173466200736,0.9550835056871123,0.37588458719586676,6.036877731946161,25200.0,3,456
85,True,Accumulate + Select,113.89595585809651,50.335952311287386,99.97389233557965,0.9390048452540094,2.8626302620255233,0.9549832966211816,0.3757476791046697,6.1547918847428065,25500.0,3,456
86,True,Accumulate + Select,112.85891553322296,50.2767508220535,100.4586279171221,0.9435577245017986,2.5091048944366237,0.9549282701376409,0.37567256747804195,6.2774794934950515,25800.0,3,456
87,True,Accumulate + Select,111.87947025386114,50.18816587988656,103.8013367076125,0.9749541188725177,3.158092028457287,0.9549358277097031,0.37568288082387885,6.396558191063281,26100.0,3,456
88,True,Accumulate + Select,110.93829200311535,50.07795227875382,98.2811323918082,0.9231055964409509,2.7790385729955487,0.9550179448958787,0.37579499861952226,6.512334460672641,26400.0,3,456
89,True,Accumulate + Select,110.05035595000702,49.95883009743846,99.08766728740765,0.9306809759439534,2.8847032916149598,0.9551618041122384,0.37599167019110274,6.626011812190537,26700.0,3,456
90,True,Accumulate + Select,109.17367216485806,49.8352662171478,98.79185897824732,0.9279025962182188,2.630859416451441,0.9553656022115122,0.37627084324070864,6.738272869124888,27000.0,3,456
91,True,Accumulate + Select,108.31223541954719,49.71555803303842,100.2138405236984,0.9412585587585024,2.617668518233602,0.955631324540373,0.37663583314929006,6.849120586652285,27300.0,3,456
92,True,Accumulate + Select,107.50114578197613,49.57806294128224,98.3834018635378,0.9240661625170753,2.772676230755119,0.9559752959985728,0.37710998327750783,6.956688575274081,27600.0,3,456
93,True,Accumulate + Select,106.69000682549765,49.44373360221702,97.54507544471628,0.9161921811126551,2.492566841978107,0.9563927677635803,0.37768802499945714,7.062261905592216,27900.0,3,456
94,True,Accumulate + Select,105.89769309006208,49.30720893164412,99.3524916249029,0.933168338696766,2.815543097678447,0.9568882113122497,0.3783777439719626,7.1664389345939385,28200.0,3,456
95,True,Accumulate + Select,105.15065418877165,49.14970587193052,99.34544682075233,0.9331021703694486,2.661076811058107,0.9574787396830718,0.3792051923314198,7.266075696951692,28500.0,3,456
96,True,Accumulate + Select,104.39883132060525,49.001398025774094,96.20544034287198,0.903609657594598,2.5637208782833203,0.9581621051927502,0.3801701499521134,7.3642594602251465,28800.0,3,456
97,True,Accumulate + Select,103.67892352289988,48.839883357554854,98.52765150888693,0.9254210273997423,2.5768773612013582,0.9589276516103772,0.38126084382135245,7.45966407394176,29100.0,3,456
98,True,Accumulate + Select,102.97544325228519,48.67727502840615,97.93418010055218,0.919846846831925,2.797385296447135,0.9597376746310423,0.3824263606856115,7.552160303299282,29400.0,3,456
99,True,Accumulate + Select,102.28753107627165,48.52026342450759,97.30908957340108,0.9139756836711767,3.0223307376681654,0.9605574216288433,0.38361821654484185,7.641696592599831,29700.0,3,456
100,True,Accumulate + Select,101.60746801657946,48.3562851106979,96.44268795789301,0.9058380059646097,3.033731625413833,0.9613708314720119,0.3848135146059146,7.726861714418764,30000.0,3,456
101,True,Accumulate + Select,100.9422060565787,48.19912352023926,95.37859902074581,0.8958435499679532,2.711138519101721,0.9621572814184944,0.3859815560512037,7.8081597245814285,30300.0,3,456
102,True,Accumulate + Select,100.30398098297401,48.035041355261484,94.28869506238158,0.8856066263686376,2.5342495451398763,0.9629096106374333,0.38711064589262234,7.884956395194093,30600.0,3,456
103,True,Accumulate + Select,99.68575459643432,47.86522677283324,96.23024990710469,0.9038426814419137,2.817674557016394,0.9636417053424261,0.38822070975620493,7.956636071715198,30900.0,3,456
104,True,Accumulate + Select,99.08996905505339,47.690422009572316,95.87897363998007,0.9005433188868822,2.6594053456811753,0.964378138431445,0.3893489820932729,8.02384360801249,31200.0,3,456
105,True,Accumulate + Select,98.49858167279922,47.518932980853364,97.08544189044353,0.9118750726714364,2.689232233219535,0.9651177159287916,0.39049417391940877,8.086147518771211,31500.0,3,456
106,True,Accumulate + Select,97.92987291960569,47.33689454670188,92.47553380051042,0.8685765081012711,2.8927311975157695,0.9658682668963794,0.39166915109716754,8.142756407657021,31800.0,3,456
107,True,Accumulate + Select,97.37574810792192,47.15749617730995,93.71456791898161,0.8802141368211186,2.7471657449886098,0.96664996787696,0.3929070493904862,8.195981272500365,32100.0,3,456
108,True,Accumulate + Select,96.84760372607323,46.97140028385648,95.77614885075899,0.8995775369908775,2.7973343559614663,0.967463264310047,0.39421085192986466,8.24409425441943,32400.0,3,456
109,True,Accumulate + Select,96.32042347726296,46.78818687129996,92.80256351090362,0.8716481348572891,2.6344275471950964,0.9683147578883007,0.39559388233611475,8.289262533804033,32700.0,3,456
110,True,Accumulate + Select,95.79532409532992,46.6107060307014,92.62912569094863,0.8700191200266835,2.6704567296546102,0.9691939885991013,0.39704205547108395,8.331627465308495,33000.0,3,456
111,True,Accumulate + Select,95.28471991596192,46.4272649298525,92.39425712454725,0.8678131168722952,2.3638001506813255,0.970076547617707,0.39851711029410314,8.368932302014457,33300.0,3,456
112,True,Accumulate + Select,94.77576347509365,46.25207093474336,93.26126474066893,0.8759564864399983,2.4098036086914036,0.9709350177853622,0.3999733751502984,8.403428760574068,33600.0,3,456
113,True,Accumulate + Select,94.29398857979041,46.06863382685496,93.01291228034479,0.8736238358036469,2.40844734689908,0.9717334983343606,0.4013477120748921,8.432833853787995,33900.0,3,456
114,True,Accumulate + Select,93.8251460580221,45.87942447840921,93.74411051312717,0.8804916156548018,2.318358459140521,0.9724501157682773,0.40259810698989534,8.457006388795955,34200.0,3,456
115,True,Accumulate + Select,93.35969208698653,45.69431334178512,92.42738145811208,0.8681242371956771,2.918281320381791,0.9730719006193849,0.403696534863242,8.478009110541825,34500.0,3,456
116,True,Accumulate + Select,92.9048688810493,45.509520773975765,89.54197841544202,0.8410230873426409,2.412213753904872,0.9735934605898771,0.40462791644795776,8.495489914620459,34800.0,3,456
117,True,Accumulate + Select,92.46569705123433,45.32593895750823,89.47328143923897,0.8403778509513996,2.6588762893129028,0.9740093393113011,0.405377311993356,8.50983038880726,35100.0,3,456
118,True,Accumulate + Select,92.03688931805651,45.13844351336663,89.29980015416939,0.8387484278746784,2.434417289554295,0.9743228310874993,0.4059462555471232,8.52017574358034,35400.0,3,456
119,True,Accumulate + Select,91.61268819763079,44.95281973175285,92.10847494460785,0.8651289075714351,2.6447312004666315,0.9745561221520533,0.4063719446785774,8.528924883886571,35700.0,3,456
120,True,Accumulate + Select,91.19467291065482,44.77138393765387,87.93028646128744,0.8258852696719223,2.212936183160732,0.9747118697839561,0.4066572461753284,8.536090958899258,36000.0,3,456
121,True,Accumulate + Select,90.78360022114798,44.58977760217732,90.95190167907387,0.8542657924635206,2.554701187466204,0.9747926652204147,0.4068056011395099,8.54126925403331,36300.0,3,456
122,True,Accumulate + Select,90.3886999961836,44.40367897694178,90.43609080844749,0.8494210385438966,2.5441816923604446,0.9748014299904898,0.4068217093764282,8.543761095044541,36600.0,3,456
123,True,Accumulate + Select,89.98792643545535,44.22074497723976,87.2858173800132,0.8198320934296531,2.771944927030796,0.9747404222293373,0.40670964600486736,8.545440561427679,36900.0,3,456
124,True,Accumulate + Select,89.6064352735754,44.03650813934187,91.81017247566842,0.8623271014484413,2.6624220139997066,0.9746197901769826,0.406488465273291,8.545757308957795,37200.0,3,456
125,True,Accumulate + Select,89.23664535077964,43.85203368853401,88.4801166261849,0.831049549833912,2.4402692933832784,0.9744391972033942,0.40615834303323967,8.544498069277317,37500.0,3,456
126,True,Accumulate + Select,88.86404679879489,43.67136792340554,87.96957583141932,0.8262542951050522,2.618482817708574,0.9741953507587483,0.40571447232238805,8.542629795315698,37800.0,3,456
127,True,Accumulate + Select,88.5097407775389,43.4848148848409,88.93151126397144,0.8352892742469665,2.5867656530073893,0.9738840994084647,0.40515099655174586,8.538796424618484,38100.0,3,456
128,True,Accumulate + Select,88.15519703252194,43.306305948089246,85.99809625918739,0.8077371720102434,2.3965657530315614,0.9735088103929261,0.404476118445587,8.535752600390927,38400.0,3,456
129,True,Accumulate + Select,87.82220275378123,43.117364898647565,84.77820410122976,0.7962793341662935,2.625638912387216,0.9730724456992471,0.4036975034246966,8.529593291709737,38700.0,3,456
130,True,Accumulate + Select,87.49330080128419,42.9327932098504,86.18292349162255,0.8094731619045744,2.856906609552768,0.9725863549103242,0.4028376934554327,8.5239677868728,39000.0,3,456
131,True,Accumulate + Select,87.16082257883883,42.75483450777736,84.6644940482663,0.7952113124238933,2.4313331353683036,0.9720609969462757,0.4019171200269999,8.518949777905688,39300.0,3,456
132,True,Accumulate + Select,86.83889229149936,42.57518597753302,86.37071198110934,0.8112369654075843,2.737739927096854,0.9714998882588525,0.4009435976368751,8.513021814883894,39600.0,3,456
133,True,Accumulate + Select,86.52713906297511,42.392566830190795,83.68072954316573,0.7859713037046409,2.831841989291709,0.9709030637354267,0.3999187795945302,8.505645045532532,39900.0,3,456
134,True,Accumulate + Select,86.20806584248812,42.21841010518722,85.79438085526238,0.8058237749535762,2.7503725360428577,0.9702785344377561,0.39885781113018903,8.499436775548842,40200.0,3,456
135,True,Accumulate + Select,85.9096997451568,42.03674668488898,86.2508694968045,0.8101113448000382,2.613748516859821,0.9696240290791738,0.3977580633904292,8.491216168083735,40500.0,3,456
136,True,Accumulate + Select,85.61264560102819,41.8580226037581,85.86104801456645,0.8064499462883454,2.4150318684635863,0.9689462284850454,0.39663185775086957,8.482858025146658,40800.0,3,456
137,True,Accumulate + Select,85.32007230309755,41.68093256281487,87.81789424638471,0.8248296257243181,2.5244375115024082,0.9682539132100795,0.39549443013356705,8.474715871846618,41100.0,3,456
138,True,Accumulate + Select,85.03416229583486,41.50523138016794,83.30535868978629,0.782445632733391,2.338155512138981,0.9675463892600192,0.3943450450057953,8.465928091038617,41400.0,3,456
139,True,Accumulate + Select,84.74507938426157,41.33376498060473,82.22083039961448,0.7722592001008791,2.506649037142507,0.9668177608372219,0.39317469590077825,8.457784572795708,41700.0,3,456
140,True,Accumulate + Select,84.47420516901515,41.157016414371114,82.17995785256402,0.7718753046775676,2.1142085945273434,0.9660787982358416,0.3920011064825821,8.447985404718443,42000.0,3,456
141,True,Accumulate + Select,84.2081467172715,40.9840973439763,81.9257380173943,0.7694875447193702,2.617090566855063,0.9653313690620999,0.3908273149341645,8.438344952522884,42300.0,3,456
142,True,Accumulate + Select,83.94196994671921,40.81280699488155,80.24958421183084,0.7537442690696444,2.705273800253793,0.9645727174276287,0.38964908518326036,8.42842555507446,42600.0,3,456
143,True,Accumulate + Select,83.684437601944,40.64071744870995,83.70893985807736,0.7862362691048,2.707078314076703,0.9638231236543583,0.3884975602593267,8.418119224809722,42900.0,3,456
144,True,Accumulate + Select,83.42282060892379,40.47226648935302,79.46673351472522,0.746391343415563,2.288582366580168,0.9630813275056177,0.38737000081444045,8.407563668264713,43200.0,3,456
145,True,Accumulate + Select,83.17590290172649,40.30071455583805,80.04553509476663,0.7518277376121121,2.727581339035403,0.9623352647806762,0.38624762367206433,8.395833813709462,43500.0,3,456
146,True,Accumulate + Select,82.92820885964984,40.13228715125297,78.69816601190053,0.7391725726725505,3.037637427451031,0.96158375736598,0.3851285382287718,8.384236713162034,43800.0,3,456
147,True,Accumulate + Select,82.68303559954948,39.96591192285551,79.52100053750858,0.7469010464604344,2.617694805784149,0.9608280859252186,0.38401453637876504,8.372782502472788,44100.0,3,456
148,True,Accumulate + Select,82.44310454729938,39.79969431847416,76.22814793371163,0.7159729263538992,2.4835829113518133,0.9600687928391696,0.38290626741600947,8.360791756628196,44400.0,3,456
149,True,Accumulate + Select,82.20813129975782,39.63095465048983,78.23512835085064,0.7348234911563337,2.23575898752529,0.9593155088859486,0.38181742921781364,8.347772444797513,44700.0,3,456
150,True,Accumulate + Select,81.97056649084027,39.4682417111812,77.74855994317547,0.7302533970879654,2.3326931901038828,0.9585670300952619,0.3807457646108229,8.335455165360457,45000.0,3,456
151,True,Accumulate + Select,81.74338008989483,39.30321373451714,79.67611980667752,0.7483580042915147,2.4631122817631894,0.9578162703286919,0.379680801543895,8.321900630817575,45300.0,3,456
152,True,Accumulate + Select,81.5265902288232,39.136635018985274,80.10284201502802,0.7523659928959155,2.2576794729537717,0.957060410049796,0.378618422195458,8.307760637010889,45600.0,3,456
153,True,Accumulate + Select,81.30871744581495,38.97576056717644,77.51365865273601,0.7280470865730295,2.561441726435065,0.9563041730131223,0.37756511674664994,8.29423428177791,45900.0,3,456
154,True,Accumulate + Select,81.09861080656329,38.81221487712496,79.33011273107684,0.7451081326211128,2.4906693783390947,0.9555413607032228,0.3765121349659426,8.27990604568322,46200.0,3,456
155,True,Accumulate + Select,80.88387627914769,38.653802263381195,76.17026722667707,0.7154292817774758,2.366497542745286,0.9547750831308592,0.37546371487711977,8.266530671449088,46500.0,3,456
156,True,Accumulate + Select,80.67562409505773,38.49537902739473,77.76211449818061,0.7303807082541884,2.721810360373554,0.9540101249943007,0.37442620874052596,8.25246500899054,46800.0,3,456
157,True,Accumulate + Select,80.47198675119547,38.33572415803451,75.50689404286123,0.7091985487404571,2.4257943404145372,0.9532441197195205,0.3733961775798013,8.237721043336732,47100.0,3,456
158,True,Accumulate + Select,80.2793137164506,38.17399736069426,76.64926716918302,0.7199282890320869,2.5258485341607373,0.9524662424886621,0.37235907026537585,8.22198975794247,47400.0,3,456
159,True,Accumulate + Select,80.0750847331517,38.02049147536532,75.14562005315074,0.7058052825698884,2.399210433483313,0.9516891016600674,0.3713316732089908,8.208015886284947,47700.0,3,456
160,True,Accumulate + Select,79.88288486025571,37.86624623974177,75.15854935608978,0.7059267210556959,2.5680642856819773,0.9509190901279029,0.37032210199298415,8.193311022077468,48000.0,3,456
161,True,Accumulate + Select,79.68638247000197,37.71575680894316,76.23963499730881,0.7160808186058013,2.4720842820527693,0.9501454176244764,0.3693159565986611,8.178998268151666,48300.0,3,456
162,True,Accumulate + Select,79.491647968299,37.56581618363496,73.95826766484151,0.6946530745323757,2.4280950050503174,0.9493709132704993,0.3683167989898114,8.164521638207987,48600.0,3,456
163,True,Accumulate + Select,79.30435503481615,37.414752360129214,76.83227266808805,0.7216471682931157,2.426744471348422,0.9485993977968427,0.36732934348592566,8.149302045425912,48900.0,3,456
164,True,Accumulate + Select,79.11958162219958,37.266071637794326,76.18938464682792,0.7156088421580015,2.3305640119143347,0.9478290153208159,0.3663509786982867,8.134355833899436,49200.0,3,456
165,True,Accumulate + Select,78.9405841353158,37.115242026319855,73.58921832236366,0.691186778356157,2.862192646451267,0.9470625790685413,0.3653850370188171,8.118598099208961,49500.0,3,456
166,True,Accumulate + Select,78.75866701825174,36.968379742391114,72.83480025153719,0.6841009061618909,2.3399237582148418,0.9462902012037883,0.3644189253249232,8.103584639923591,49800.0,3,456
167,True,Accumulate + Select,78.58569650333199,36.81887061806421,73.5921702774506,0.6912145045961269,2.4052166036849347,0.9455173341225256,0.36345939951979733,8.087483682732177,50100.0,3,456
168,True,Accumulate + Select,78.4169121906784,36.67013860280146,72.79774550563508,0.6837528694382137,2.9934829079687457,0.9447494551378718,0.3625130481874717,8.071122703655503,50400.0,3,456
169,True,Accumulate + Select,78.24800330054829,36.52109589836641,75.92976338572007,0.7131703493033578,2.869326159937703,0.9439900676105246,0.36158386589341834,8.054260868214584,50700.0,3,456
170,True,Accumulate + Select,78.08220770852641,36.37638896361096,73.48222002468285,0.6901817967793774,2.5595555662407703,0.9432286658065385,0.3606587777502998,8.038054586377845,51000.0,3,456
171,True,Accumulate + Select,77.91388903016922,36.2330192726231,74.56596180200064,0.7003608420894242,2.496258993555891,0.9424580981744398,0.35972910724270935,8.021880935687218,51300.0,3,456
172,True,Accumulate + Select,77.75217090873986,36.09012807548898,71.68892379070063,0.6733382607986763,2.3021292594157483,0.9416914519088415,0.3588105822355127,8.005758481441644,51600.0,3,456
173,True,Accumulate + Select,77.59046494417387,35.95016860903783,72.67374392183432,0.6825881844860939,2.3906976895495795,0.9409329215739656,0.35790795603826586,7.989870226018322,51900.0,3,456
174,True,Accumulate + Select,77.43237179105381,35.809264190773305,71.9796971579903,0.6760693498297938,2.3786813486870777,0.9401662575514554,0.357001773399663,7.973469346695233,52200.0,3,456
175,True,Accumulate + Select,77.28548573378441,35.66584149316336,72.28296507845207,0.6789177939592654,2.6843932285459737,0.9393982718276177,0.35610008333349674,7.956314133995497,52500.0,3,456
176,True,Accumulate + Select,77.13349826161672,35.527331361241096,73.5393390827717,0.6907182875676098,2.6284774627001055,0.9386324804504035,0.35520689122758764,7.940092357669367,52800.0,3,456
177,True,Accumulate + Select,76.98226333869657,35.38961139852751,70.29766259398629,0.660270839152798,2.2809765694068824,0.9378693106115252,0.3543225314615797,7.923705484807041,53100.0,3,456
178,True,Accumulate + Select,76.83409667486617,35.251984230041415,72.17818603588577,0.6779336567375138,2.539025447611038,0.937106754408705,0.3534445363429712,7.90713290563805,53400.0,3,456
179,True,Accumulate + Select,76.6878598279433,35.115277768078265,74.78999163073745,0.7024650423936312,2.3379540942937025,0.9363456827836653,0.35257378478229356,7.890631663283952,53700.0,3,456
180,True,Accumulate + Select,76.54593788813787,34.97944646353062,69.5368020227383,0.6531244557693602,2.4822468287531994,0.9355800152305442,0.3517032555293286,7.874166268925686,54000.0,3,456
181,True,Accumulate + Select,76.40242811333322,34.8455751782327,73.3161329731686,0.6886218240458728,2.5829661620897775,0.9348087463294122,0.35083181806674263,7.858179912613935,54300.0,3,456
182,True,Accumulate + Select,76.26644251200895,34.71061342235091,68.40762170883646,0.6425186289764994,2.4567648095799828,0.9340419469517064,0.3499707690528207,7.841520268939312,54600.0,3,456
183,True,Accumulate + Select,76.13042549870542,34.57697256966574,70.26498854028294,0.6599639480832922,2.7348877644930365,0.9332805107615445,0.34912091957847996,7.82487348730672,54900.0,3,456
184,True,Accumulate + Select,75.99563101217326,34.44466812886453,68.0745146608308,0.6393899208232182,2.4451654877348585,0.9325182084074672,0.3482751841472958,7.80837873626853,55200.0,3,456
185,True,Accumulate + Select,75.86017071325573,34.312481727570486,71.16027976010108,0.668372971416111,2.4953405829502504,0.9317662092976249,0.34744577833618695,7.791768046847609,55500.0,3,456
186,True,Accumulate + Select,75.72657378415997,34.18197469409073,69.60436337886146,0.6537590258483027,2.7950850006133576,0.9310233587938299,0.3466311623059278,7.77532684224067,55800.0,3,456
187,True,Accumulate + Select,75.59948347868297,34.05135304154157,65.06580598861406,0.6111306227688219,2.230158908482296,0.9302718430730841,0.3458117208107703,7.758570353880317,56100.0,3,456
188,True,Accumulate + Select,75.47304779502855,33.92272589215931,67.76796444598438,0.6365106477417198,2.514651927985878,0.9295245853677664,0.3450015128100843,7.742234430881541,56400.0,3,456
189,True,Accumulate + Select,75.35103420163533,33.794586744884086,64.3005608099787,0.6039430569578013,2.317813775959403,0.9287895205468306,0.3442089216215043,7.725520765303369,56700.0,3,456
190,True,Accumulate + Select,75.2276178655148,33.666688184513816,69.01949668822635,0.6482656650967719,2.052853297756374,0.9280613367199273,0.34342798411638664,7.708661340624715,57000.0,3,456
191,True,Accumulate + Select,75.10641642322521,33.53969908196538,67.02527506426885,0.6295349372671425,2.2968303219789235,0.9273344224812051,0.34265254874592016,7.691788482200745,57300.0,3,456
192,True,Accumulate + Select,74.9852694779542,33.413908109738344,68.17453489554319,0.640329360939275,2.54434133681554,0.9266244887228624,0.34189916214786087,7.6749797391052486,57600.0,3,456
193,True,Accumulate + Select,74.86601753949526,33.28879511766512,70.09043340229414,0.6583244388423667,2.9178425661674234,0.9259192841081284,0.3411545887003642,7.65794373952068,57900.0,3,456
194,True,Accumulate + Select,74.74366538551477,33.16675071168176,67.71915616216312,0.6360522159059077,2.609823639120876,0.925211314617641,0.34041084678685957,7.641657143094974,58200.0,3,456
195,True,Accumulate + Select,74.62987199944386,33.04254998060832,66.0844937669346,0.6206986483532735,2.3190427134255156,0.9245078739173287,0.33967553304462555,7.624570142689077,58500.0,3,456
196,True,Accumulate + Select,74.51811983063662,32.919818444405685,65.92823241780764,0.619230963535485,2.590687820510211,0.9237958758552259,0.33893494872214264,7.607763178371961,58800.0,3,456
197,True,Accumulate + Select,74.40649086713498,32.798237467075985,66.02945285816773,0.620181676583826,2.515189165604031,0.9230975184350544,0.33821209513146483,7.591000992106848,59100.0,3,456
198,True,Accumulate + Select,74.29819213215734,32.676684485556834,63.7987203077495,0.5992295197319407,2.3943602386884697,0.922415303697031,0.3375092928163781,7.573767701978873,59400.0,3,456
199,True,Accumulate + Select,74.18670105347645,32.55716069617767,64.19952719882232,0.6029940987028711,2.346462604800685,0.9217319867478465,0.33680862322251487,7.556934576550672,59700.0,3,456
200,True,Accumulate + Select,74.07805452101057,32.43757247093482,65.30046555557085,0.6133346628957983,2.228259259323554,0.9210556851897876,0.3361183267101769,7.539865397862845,60000.0,3,456
0,False,Replace,0.2915999999997515,84.79691455317018,169.38808979563882,0.987335161083074,0.06865863607838701,0.7219280948873623,0.2,1.7999999999992329,,4,789
1,False,Replace,0.740200193734333,90.31820292780148,179.92503009969724,1.048753243458179,0.20723719038957603,0.6245416186709801,0.15595393804893928,3.0443204708350806,,4,789
2,False,Replace,0.9176463988802981,89.7663311635239,180.98066919669952,1.0549063891671944,0.20609047755984955,0.625069714955981,0.15617081415196876,3.10966695155649,,4,789
3,False,Replace,1.7121541005748637,92.68080648760531,187.9870174100249,1.095745234154192,0.3409084985342187,0.7127233691146994,0.19544468372059406,3.8604192725027553,,4,789
4,False,Replace,2.3469610930480784,96.18880170986918,190.95319462168436,1.1130345905582226,0.4033949854045429,0.7439603096156259,0.21130000238527336,3.9629172820542085,,4,789
5,False,Replace,4.053145106387631,96.85959163887104,194.01822286499655,1.1309001332772286,0.5082607204121323,0.717106401245206,0.19760215324823358,3.6495282529306983,,4,789
6,False,Replace,5.776740985778532,89.65342975289414,180.43931828065413,1.0517509442091635,0.624213595655591,0.7639121218152926,0.22206050770399355,4.3994415532585185,,4,789
7,False,Replace,4.8324458317058845,90.8919673727485,183.16583414488647,1.0676433542555557,0.5958584184424901,0.8107228403563891,0.24964995225645575,5.074281451671979,,4,789
8,False,Replace,4.388335069030797,87.40151224372279,172.70034999190403,1.0066417779672603,0.5847380225413197,0.8121890619521542,0.25057554119619346,4.967695669189976,,4,789
9,False,Replace,3.850472119371509,92.3540484987163,182.11572581252898,1.0615224464589466,0.5098292559366069,0.6963183457660018,0.18755015301002742,5.445384539241169,,4,789
10,False,Replace,3.6196896998574126,92.05378517872538,181.7859292549816,1.0596001168685747,0.5153244039990481,0.6610487210400271,0.17146657958030143,5.433067328595618,,4,789
11,False,Replace,4.301619474735109,93.69401057753153,186.2552485032684,1.0856510396061931,0.6458165790019388,0.6751126531994699,0.1777421215954593,5.343875214917852,,4,789
12,False,Replace,4.241165254197741,88.62862038497906,175.62163388180545,1.0236694586234683,0.6131372094191242,0.715214853708315,0.19666850373791178,4.6078516945388674,,4,789
13,False,Replace,5.636108237193243,88.0311108089182,176.61598420377567,1.029465362199097,0.6421333999043369,0.7151940013201126,0.1966582330239629,5.076543680373066,,4,789
14,False,Replace,4.387436412083686,85.55650089324308,172.4006690098944,1.0048949870860184,0.5901960066925063,0.7218812221619704,0.19997656487536447,5.555166288178546,,4,789
15,False,Replace,5.527013703355768,91.42098282081209,182.05498761008508,1.0611684135221195,0.6224386579687198,0.7477938251741685,0.21332678245125827,5.4710085311944185,,4,789
16,False,Replace,7.967109281851438,88.12240362686046,175.11377530190273,1.0207092349536657,0.7264374124625085,0.67271000205351,0.17665748516006036,5.918098325985235,,4,789
17,False,Replace,13.460261306137586,88.43444919935382,176.5097716527482,1.028846266805175,0.8464233205873815,0.6014484162212047,0.14667179541810202,5.569479991737214,,4,789
18,False,Replace,11.434417599135278,89.76335863582926,179.84017839227323,1.0482586568888475,0.7909460701412918,0.575441088966005,0.1366662884173752,5.72409338582373,,4,789
19,False,Replace,11.53305368902147,86.53644670935928,172.81094108343052,1.007286395149604,0.9259112405885621,0.527962085096734,0.11951393999799813,5.412671920455383,,4,789
20,False,Replace,13.8624749666101,76.67303498558881,153.34473010447144,0.8938210707824921,0.9199834425715081,0.4583386014466889,0.09666647266409724,6.775282334846298,,4,789
21,False,Replace,8.001887123362387,79.93432468310343,159.9774362089904,0.932482017712248,0.6779100007931982,0.4364697221691374,0.08999997157020231,6.05591601291498,,4,789
22,False,Replace,9.413405809839784,83.84666731808161,169.5006992799818,0.9879915431433322,0.65391945697715,0.4475045241393996,0.09333493972088608,5.107478496854569,,4,789
23,False,Replace,6.678972169152222,77.8591490841476,154.66441285050485,0.9015132832527161,0.7847979512252885,0.45833922301108115,0.09666666544687794,5.524873942243206,,4,789
24,False,Replace,7.39656709347034,73.13292379503129,145.21265092030907,0.846420526146077,0.8464582568238257,0.5098891421606593,0.11333333327185328,5.176822267129001,,4,789
25,False,Replace,9.35683920419291,76.40690359746738,153.1711448954076,0.8928092713073373,0.8887649070098839,0.4794738173351403,0.1033333324794899,5.873598091965149,,4,789
26,False,Replace,7.847032034900617,79.93774012092528,156.63474898236774,0.9129980467002978,0.7047347236437616,0.529360865285632,0.11999999999939737,5.369805469333161,,4,789
27,False,Replace,6.175478032865357,84.47672080630376,169.23170920398485,0.9864236444774069,0.6398148224299116,0.5388671281219342,0.12333333333328927,5.639708196639208,,4,789
28,False,Replace,8.45446511403913,82.64482905885981,166.43240412309007,0.9701069581253711,0.8067407230349539,0.43646981706409804,0.08999999999999853,5.195330873345543,,4,789
29,False,Replace,7.339491786480044,82.80204470176295,169.28716555941656,0.9867468904015407,0.774779886035861,0.4583392269408553,0.09666666666572703,4.240912830738391,,4,789
30,False,Replace,11.641852437744433,86.31577481152414,174.29584970093396,1.015941681898662,0.9167612598158392,0.402179190202265,0.0799999999999978,5.154042252327367,,4,789
31,False,Replace,11.485249014989467,91.20112445951496,181.23133498722424,1.0563674786036732,1.055810369108823,0.4021791902022727,0.07999999999999995,5.507292795652999,,4,789
32,False,Replace,10.684231591594251,93.77114295754077,182.77484194094353,1.0653643253632175,0.9156219845267868,0.4364698170641029,0.09000000000000001,4.332540923278414,,4,789
33,False,Replace,17.120379747121216,95.32433854006791,192.98366546514492,1.124869869294297,1.0489667806200602,0.40217919020226756,0.07999999999999849,5.650512163727375,,4,789
34,False,Replace,22.814358378179403,96.0762377319329,192.94794614237622,1.1246616672693368,1.1608221358849635,0.4364698170641029,0.09000000000000001,5.40725870993218,,4,789
35,False,Replace,22.0117136075439,92.82721790085205,185.32909572148813,1.0802526482134465,1.1705219922429413,0.5197027865042845,0.11666666666665951,5.438083497952481,,4,789
36,False,Replace,19.10785166174181,92.79922631343032,182.7153715976086,1.0650176825674513,1.2056542184937193,0.4897790136865181,0.10666666666652987,6.226683518421525,,4,789
37,False,Replace,28.30415209528178,93.97775025979509,185.60722212611478,1.0818738010279378,1.2014814080259506,0.4583392269438842,0.09666666666666643,5.944687964169657,,4,789
38,False,Replace,27.372095896522872,100.63302725067186,208.17010118653909,1.213389091497879,1.3263485440783356,0.5754420948286842,0.13666666666666652,6.815160145012439,,4,789
39,False,Replace,36.45385489161891,103.28804793731646,209.67360268266177,1.2221527530614158,1.6743692504182834,0.584238811642856,0.14,6.5688750699884375,,4,789
40,False,Replace,37.92310284633819,105.59532382229253,213.6642946641853,1.245413836619086,1.6131651353591017,0.4583392269438849,0.09666666666666664,6.400017858845411,,4,789
41,False,Replace,39.109342124827634,100.1951649144767,203.23603710130106,1.1846292479677343,1.735346339197356,0.44749925503686355,0.09333333333333335,5.6603387271940555,,4,789
42,False,Replace,41.84190846821305,96.01224172200916,188.94804408575538,1.1013468997071376,1.8057292014801174,0.44749925503686355,0.09333333333333335,5.491417182111476,,4,789
43,False,Replace,41.25020690872262,103.99889671572204,210.55916323101425,1.227314539038879,2.0462611499960923,0.499915958164528,0.11,5.384001406201595,,4,789
44,False,Replace,44.05848412110078,99.39333976333128,196.87901198122174,1.1475751999026367,1.5134815316897945,0.4364698170641029,0.09000000000000001,4.654431868490431,,4,789
45,False,Replace,46.42683740229499,114.80670269114799,235.1227569782388,1.3704916645289593,1.971100760244111,0.4138168503036338,0.08333333333333334,5.369013307687653,,4,789
46,False,Replace,48.68032677799891,116.86832132030997,231.05256725858987,1.3467672018035302,1.712346129836166,0.4364698170641029,0.09000000000000001,5.793096237151266,,4,789
47,False,Replace,47.06293790996614,118.89467320758959,237.4772295173013,1.3842154955635118,1.9568255222267166,0.4897790136869375,0.10666666666666667,5.3916685113665235,,4,789
48,False,Replace,42.65371230139405,125.96828616796726,252.50550657162302,1.4718128370538803,1.9091946725931543,0.5388671281220586,0.12333333333333334,5.363716052444802,,4,789
49,False,Replace,27.38977826653012,135.85295421257513,267.0402143739022,1.5565332450032956,1.1873867281294208,0.5929023785124913,0.14333333333333334,4.408675413702916,,4,789
50,False,Replace,22.12168218362453,127.55515388803198,256.37651638176345,1.4943763130282552,1.4826643918557156,0.584238811642856,0.14,3.5453115565079134,,4,789
51,False,Replace,16.74011614001514,121.31402918592433,242.19483817065537,1.411713656179797,1.2802652469295983,0.6343095546405662,0.16,3.687219386246829,,4,789
52,False,Replace,12.3878422691567,119.38162667402506,232.50659600485375,1.3552424948902158,1.328832656227605,0.6577047787442195,0.17,3.7979884789842084,,4,789
53,False,Replace,11.077751923598537,95.08833873404632,185.68374185973266,1.0823198218999412,1.1320036352623735,0.728544874833431,0.20333333333333334,3.874165226401075,,4,789
54,False,Replace,9.534573472474271,93.18312783413197,187.45351876813058,1.0926355588035352,1.1670082853913186,0.7014714598838974,0.19,4.113010290136355,,4,789
55,False,Replace,8.927928785312089,93.25800971844086,188.77753655079755,1.100353039485344,0.9409192078204469,0.7350626941249581,0.20666666666666667,4.03117965145758,,4,789
56,False,Replace,11.998032945139123,98.07389332560076,198.49166268286254,1.1569750741334415,1.17664178091423,0.728544874833431,0.20333333333333334,4.970055663186317,,4,789
57,False,Replace,12.923719792568221,93.36062894477065,187.03432978277823,1.0901921755357007,1.125985647215821,0.7662075322788208,0.22333333333333333,5.613127656596903,,4,789
58,False,Replace,12.236348760107632,85.6765907996661,174.27660030343674,1.015829480344222,1.113307298992888,0.7601675029619656,0.22,5.824132602422557,,4,789
59,False,Replace,12.462698949140435,82.42907221710432,163.1558545276681,0.9510084924274841,1.0924519605410374,0.8059520419546319,0.24666666666666667,6.125225822599508,,4,789
60,False,Replace,10.615823151355446,76.59783675676631,154.06197804386417,0.8980017903987957,0.9439685680878344,0.8267463724926178,0.26,5.839642292428335,,4,789
61,False,Replace,10.197681789350876,71.39891463309492,145.78324812653443,0.8497464428926543,1.001350461239023,0.8112781244591328,0.25,5.090924705526401,,4,789
62,False,Replace,11.056967797505472,77.59008411323326,152.49255216116745,0.8888538664888573,1.0474624286235992,0.7662075322788208,0.22333333333333333,5.071406041197387,,4,789
63,False,Replace,11.743118842710825,78.82563166087225,156.98963137432222,0.9150665974705949,1.106025676055903,0.7350626941249581,0.20666666666666667,5.218925054029013,,4,789
64,False,Replace,11.867311385255732,72.71520396735042,144.6412668137599,0.843090022687654,1.0331368844733448,0.6944460704939805,0.18666666666666668,4.2971816776318885,,4,789
65,False,Replace,12.493527378518309,73.24007470697626,152.74079195745787,0.8903008152061688,1.2110875495833673,0.7083926867030441,0.19333333333333333,3.9424093409351295,,4,789
66,False,Replace,11.016375645158702,70.49243162485605,143.17412358785813,0.834538287468104,0.9929314118277852,0.7152111240166495,0.19666666666666666,4.361422467622046,,4,789
67,False,Replace,11.419376954882159,79.26618387313808,156.8121311423139,0.9140319779741849,1.1865114435048625,0.6800770457282799,0.18,4.766249842244402,,4,789
68,False,Replace,13.885896276056434,75.06398403015167,151.88572299436967,0.8853167596363446,1.1830090002179525,0.7540340561971326,0.21666666666666667,4.781839909555304,,4,789
69,False,Replace,11.279853783776865,72.7993991011356,142.36696076981715,0.8298334688947778,1.141135396624958,0.8005396924516176,0.24333333333333335,4.559056902639975,,4,789
70,False,Replace,10.291156618265504,64.08497121841495,130.73432195491242,0.7620287411126071,1.0805755127671777,0.8366407419411673,0.26666666666666666,4.316853187670485,,4,789
71,False,Replace,11.080596456333026,60.33586366074029,116.30926826933046,0.6779474888742177,1.1345169547816047,0.8462071998957048,0.2733333333333333,4.209241305485676,,4,789
72,False,Replace,10.988936279376263,56.915919169562784,112.68525738819183,0.6568237288069504,1.0736658598067428,0.8812908992306927,0.3,4.721063624003881,,4,789
73,False,Replace,11.467516131077273,61.22221400879722,125.56962657136168,0.7319245858876725,1.1389396985475435,0.8508690563550582,0.27666666666666667,4.831473989299115,,4,789
74,False,Replace,12.06621879425048,54.47868453105619,109.72814163670682,0.6395871901556425,1.131664225795641,0.9079695675600737,0.3233333333333333,5.1020815969423765,,4,789
75,False,Replace,11.781719942795949,50.97283479147991,102.30415343756715,0.5963139907629356,1.0678706999321188,0.9370098252692082,0.35333333333333333,5.328575715806723,,4,789
76,False,Replace,12.417405174515153,49.10761474687669,98.53036800926299,0.5743172196307802,1.092608221033875,0.92481870497303,0.34,5.741502784750822,,4,789
77,False,Replace,12.046781034898729,52.3918498794529,102.33776453731394,0.5965099043045707,1.168117261408852,0.9603622703154779,0.38333333333333336,6.049102657791368,,4,789
78,False,Replace,12.215620469198416,52.3127529080526,104.3034398407545,0.6079675005541123,1.2304897353009712,0.968967292510196,0.39666666666666667,6.5381823250742555,,4,789
79,False,Replace,10.863334541231236,48.191261307265805,93.94879059068668,0.5476119625844192,1.1219543005123964,0.9953784388202258,0.46,6.457652226418288,,4,789
80,False,Replace,11.320071798405683,48.20803168682593,98.31488408460247,0.573061199471853,1.2376279347338426,0.9782176659354249,0.41333333333333333,6.883562713705582,,4,789
81,False,Replace,10.125417911308002,45.39943433258024,91.51712471807038,0.5334381843752406,1.24948664162561,0.9798687566511527,0.4166666666666667,6.433258050027552,,4,789
82,False,Replace,10.031255292279262,47.32177447964014,96.87167808038042,0.5646489903586044,1.2522968981876366,0.9883952307188971,0.43666666666666665,6.362742245788377,,4,789
83,False,Replace,9.52582790984102,46.456431393123765,94.27132646684662,0.549491970863795,1.2425204436895196,0.9945750754783549,0.45666666666666667,6.770605279442904,,4,789
84,False,Replace,9.082675584721645,40.092588518937276,82.6377114278682,0.48168155283295205,1.2727456138477353,0.9953784388202258,0.46,6.218496105750232,,4,789
85,False,Replace,9.149124361079453,38.314655291505595,76.76785870884197,0.44746715212233673,1.3957394157618,0.9991983542636397,0.48333333333333334,5.701400225966382,,4,789
86,False,Replace,9.850609398134633,39.24860414198209,77.36825354532536,0.45096675432759187,1.2822419193771404,0.9937071066045081,0.4533333333333333,5.907552793321845,,4,789
87,False,Replace,9.627577038544741,44.79773535693716,91.07164801279153,0.5308415743355624,1.2612947742530367,0.9927744539878083,0.45,6.487290457407367,,4,789
88,False,Replace,10.134115608882778,45.57842241284449,91.05770805234638,0.5307603206115952,1.2601636700744407,0.9829732284918195,0.42333333333333334,6.846132762813671,,4,789
89,False,Replace,9.419433072780404,39.630143449034875,81.28354125416017,0.47378831885053346,1.2202937880971687,0.9974015885677396,0.47,6.193601383887035,,4,789
90,False,Replace,9.128325044506099,37.29841464489553,74.06428261880127,0.43170845422580134,1.395457018918187,0.9999679398727177,0.49666666666666665,6.231230297840121,,4,789
91,False,Replace,9.50183912871809,32.83095891531407,67.16745307560244,0.3915079754541702,1.4060767252030142,0.9984284947115637,0.4766666666666667,6.211701096525719,,4,789
92,False,Replace,10.097370797775621,37.68150259630391,75.34502696326533,0.43917370119312504,1.3671802843431378,0.99948698095089,0.4866666666666667,6.644492071557751,,4,789
93,False,Replace,9.643099776126167,35.680444103850704,70.1833682228656,0.4090872460589009,1.3806942890615765,0.9988455359952018,0.48,6.687843202545077,,4,789
94,False,Replace,9.409209065709998,35.92285119213863,71.35063388640536,0.41589104456284653,1.33578375891613,0.9984284947115637,0.4766666666666667,6.757936432773943,,4,789
95,False,Replace,9.862792081339668,28.33546662169875,56.20279288914223,0.3275967846232161,1.48096996573042,0.9858150371789199,0.43,6.670824569147029,,4,789
96,False,Replace,10.288741358863312,25.797154125364834,53.125248848398925,0.3096582893909157,1.5593715562433696,0.9765004687578241,0.41,6.895123231339824,,4,789
97,False,Replace,10.42562893191984,27.054510413372107,53.41437796809844,0.3113435752118771,1.4985009902372495,0.9844268978000115,0.4266666666666667,6.728109349407178,,4,789
98,False,Replace,10.689970713954958,26.616110107713098,53.30811799523339,0.3107242034039066,1.6360275655698069,0.968967292510196,0.39666666666666667,6.596467715932873,,4,789
99,False,Replace,11.402033174613237,29.59675796705451,57.8890445688244,0.33742566678248864,1.4725628461644988,0.9945750754783549,0.45666666666666667,6.500189293215786,,4,789
100,False,Replace,12.528785268752568,33.318470409132075,67.93780746643174,0.39599824379285997,1.5400116748428356,0.9984284947115637,0.4766666666666667,7.007475628044966,,4,789
101,False,Replace,13.56593999595795,36.95692075354762,73.94587252311919,0.4310182613613846,1.3743091728931542,0.9999679398727177,0.49666666666666665,6.822907145176543,,4,789
102,False,Replace,15.765237928973976,39.203456993427814,76.6825559008414,0.4469699361623498,1.6034788339747978,0.9991983542636397,0.48333333333333334,7.08425372385501,,4,789
103,False,Replace,14.49827281928957,43.11455988381228,85.79112402684098,0.5000622733436119,1.3850743274429784,0.99971144175281,0.49,7.280182442689758,,4,789
104,False,Replace,15.000381852148472,39.416434817107636,81.97210820912929,0.4778018617520511,1.5570664078661753,0.9998717566408489,0.49333333333333335,7.090933443393422,,4,789
105,False,Replace,16.8841766125553,40.964313174910856,82.40234557731313,0.4803096442161679,1.4301737012141968,0.9999679398727177,0.49666666666666665,7.2813204293891856,,4,789
106,False,Replace,16.898811097341092,36.04787149401406,70.68631736655225,0.4120188534369495,1.5543342435110552,0.9974015885677396,0.47,6.7935540353907085,,4,789
107,False,Replace,14.97287097123393,35.06597864636188,67.73273888969094,0.3948029329744091,1.5199226185920125,0.9895875212220555,0.44,6.668791535150488,,4,789
108,False,Replace,14.547540882927555,39.16689570267477,79.86546067653512,0.4655225616935373,1.4708999319256293,0.9814538950336537,0.42,6.798809978264755,,4,789
109,False,Replace,12.967173720552513,35.51631611059108,67.3847625262967,0.3927746363024326,1.632973413428497,0.9480782435939054,0.36666666666666664,7.036557656643369,,4,789
110,False,Replace,12.998389985013072,41.12832368885762,82.57979765641996,0.4813439830372789,1.5306170071496759,0.9340680553754911,0.35,7.393749398968457,,4,789
111,False,Replace,12.720822712936322,41.30111762020206,79.83811217233956,0.4653631517856277,1.4703388481538693,0.9647995485050873,0.39,7.819159920449189,,4,789
112,False,Replace,11.643508916002917,41.320600958991385,81.04782046052424,0.4724143413292334,1.4915375396715223,0.9647995485050873,0.39,7.944776221082425,,4,789
113,False,Replace,11.391379375024854,35.48427825469679,69.73495090408682,0.40647349566946656,1.5830216534624486,0.9454153653108376,0.36333333333333334,8.13482788533401,,4,789
114,False,Replace,14.067674980288455,37.67748018498585,75.31161546629524,0.4389789511030639,1.5475700888811916,0.9454153653108376,0.36333333333333334,8.516637139177298,,4,789
115,False,Replace,13.020073176247086,34.28601909549363,66.80452218487196,0.38939251131561287,1.441461928979885,0.9370098252692082,0.35333333333333333,8.348437848910907,,4,789
116,False,Replace,13.440028164913501,40.768325476505126,81.76969214810897,0.47662201200904725,1.5952077444264134,0.9531971725430558,0.37333333333333335,8.484258978370617,,4,789
117,False,Replace,11.792018661694549,40.16081211473786,81.67494471815479,0.4760697449096964,1.5338573398372493,0.9531971725430558,0.37333333333333335,8.531739789167705,,4,789
118,False,Replace,12.856671379432612,39.72456933677413,79.75955417199489,0.46490525019397366,1.5630021891419925,0.9728671043607882,0.4033333333333333,8.446592214769357,,4,789
119,False,Replace,13.782516212719283,41.108042882406565,82.8083049160437,0.4826759140618359,1.5294010450053825,0.9798687566511527,0.4166666666666667,8.430989863695025,,4,789
120,False,Replace,13.727434029259772,42.24558213639032,84.98121108829388,0.4953414247726856,1.5431042283915837,0.9626147059982517,0.38666666666666666,8.79393728959703,,4,789
121,False,Replace,12.760460976584124,41.81724769330548,80.92505080296903,0.47169873729966655,1.631439235467871,0.9398814380370069,0.3566666666666667,8.874330804710405,,4,789
122,False,Replace,13.009470178303076,52.99957366213554,106.41323569318838,0.6202651516482852,1.5687828757922526,0.9580420222262997,0.38,8.55093857104812,,4,789
123,False,Replace,12.731731374924582,51.24936779629934,101.09523417317446,0.5892674003085203,1.5504432633244298,0.9454153653108376,0.36333333333333334,8.463401430780102,,4,789
124,False,Replace,14.482776999033865,53.81464692905316,107.90311492851569,0.6289494113065701,1.526872537021072,0.9531971725430558,0.37333333333333335,8.802813715083488,,4,789
125,False,Replace,14.661255798588241,56.30704221518718,111.12198831884471,0.6477116919437791,1.4870705691448538,0.9844268978000115,0.4266666666666667,8.824967424833973,,4,789
126,False,Replace,18.94624788661094,63.87029235660016,130.64198066443552,0.7614904990023288,1.4202649110185654,0.9988455359952018,0.48,9.231827531355288,,4,789
127,False,Replace,17.871396766403596,67.00143635879996,131.23062979111458,0.7649216374077047,1.5057697630943083,0.9984284947115637,0.4766666666666667,9.322739400264505,,4,789
128,False,Replace,18.331552748674987,73.6217651261422,148.20382211126312,0.8638555683217737,1.5111676438603707,0.9991983542636397,0.48333333333333334,9.777662331392227,,4,789
129,False,Replace,15.803492068289383,79.02627817095497,164.45788017724033,0.9585977846026638,1.4459796540245433,0.9895875212220555,0.44,9.773005192095061,,4,789
130,False,Replace,16.059224085868394,84.15695356934093,177.95460694625558,1.0372679727762069,1.5319512097627865,0.9858150371789199,0.43,9.5222469297648,,4,789
131,False,Replace,17.52395956082797,100.03586372427897,182.73413691580652,1.0651270625037152,1.566028101190044,0.9945750754783549,0.45666666666666667,9.476239430005856,,4,789
132,False,Replace,18.062108203662735,98.42528839544323,198.33916852894154,1.1560862109305594,1.6289011308884405,0.9917770334127775,0.44666666666666666,9.250562378431006,,4,789
133,False,Replace,16.314575587738602,88.95598673174578,173.67224661496482,1.0123068026454625,1.5606195251480206,0.9814538950336537,0.42,9.166566147074812,,4,789
134,False,Replace,15.934028814385153,86.48577308877223,166.0175230450953,0.9676886849370584,1.5722797593033158,0.9829732284918195,0.42333333333333334,9.148528159531963,,4,789
135,False,Replace,19.78658116900001,86.85803810410778,178.68174214657355,1.0415063236012339,1.5266044265304428,0.99971144175281,0.49,9.125531250272418,,4,789
136,False,Replace,19.8206492840176,84.39722061118877,167.53265145176928,0.9765201178392761,1.5743125641654063,0.9991983542636397,0.48333333333333334,9.105190407275835,,4,789
137,False,Replace,20.509091770328148,81.93980902967965,155.84856682380172,0.9084155209211542,1.4794273194819794,0.99948698095089,0.4866666666666667,9.26090402326166,,4,789
138,False,Replace,20.171702305090086,92.48637720291714,178.3030807902285,1.0392991691802005,1.5316978802643895,0.9979471932237238,0.47333333333333333,9.231671940703267,,4,789
139,False,Replace,23.279070531912172,86.4910565413396,177.1012051975148,1.0322936351230807,1.584944405090833,0.9927744539878083,0.45,9.26108763357345,,4,789
140,False,Replace,26.34044018502311,80.48833570146955,161.78941462607403,0.9430437402304529,1.488056455847639,0.9907147546131311,0.44333333333333336,9.098263644548771,,4,789
141,False,Replace,24.94389492934279,75.74725928462072,152.7175078046414,0.890165095730263,1.539704342121524,0.9917770334127775,0.44666666666666666,9.095466894083463,,4,789
142,False,Replace,32.925231627291836,77.69867314173662,157.77436875418135,0.9196407018736017,1.8267567328743195,0.9728671043607882,0.4033333333333333,9.666947787707015,,4,789
143,False,Replace,35.186335983449545,74.09761645543497,150.90683971958828,0.879611010920754,1.6948713007569396,0.9782176659354249,0.41333333333333333,9.802128988935701,,4,789
144,False,Replace,39.98267143002342,78.52219256413233,160.58930236607532,0.9360484843480992,1.8598318754188656,0.9709505944546688,0.4,10.051908411006522,,4,789
145,False,Replace,38.223930496150274,79.51170871669159,156.20707853840085,0.9105052264129095,1.8849664164050153,0.9871377743721862,0.43333333333333335,10.260501124221113,,4,789
146,False,Replace,45.15867829921453,79.40914420670758,157.87776671183093,0.9202433914682171,2.0500341383527676,0.9728671043607882,0.4033333333333333,10.620047007365256,,4,789
147,False,Replace,50.78715307258392,86.05786565674057,170.55185323251678,0.9941185456870254,2.092561691812696,0.950672092687066,0.37,10.872583747397345,,4,789
148,False,Replace,55.89290532621153,100.55189431643443,195.4304464177133,1.1391317508047014,2.293375653796042,0.9398814380370069,0.3566666666666667,11.0711070669738,,4,789
149,False,Replace,58.87936623192178,106.09876431959252,209.48839026821688,1.2210731805290662,2.00212216604411,0.9426831892554923,0.36,11.338556556706353,,4,789
150,False,Replace,55.238348068270135,98.84550562689995,192.78985224654218,1.12374016409696,2.1488408838421096,0.9426831892554923,0.36,11.01765383928773,,4,789
151,False,Replace,70.53422567245076,97.131809714043,187.3217865822286,1.0918677136785075,2.0821789894554485,0.8462071998957048,0.2733333333333333,11.104090791644339,,4,789
152,False,Replace,74.71074176493012,103.97024526083646,211.3668103623034,1.2320221805940303,2.589213236053455,0.7721551435804817,0.22666666666666666,10.728678662832536,,4,789
153,False,Replace,80.454927168391,97.96989938131127,193.35388891533563,1.1270278405558645,2.5534212966435965,0.7414827399312738,0.21,10.857976292714541,,4,789
154,False,Replace,86.28922545132582,91.01534207890414,186.0987684437914,1.0847389432190362,2.2138329392782135,0.6577047787442195,0.17,10.857351538780325,,4,789
155,False,Replace,94.21000736179268,101.63312413672999,204.98215234514976,1.1948070649419673,2.5704501184253052,0.6500224216483541,0.16666666666666666,11.260796739886729,,4,789
156,False,Replace,92.01015882249413,89.04306139328074,180.57129328764776,1.0525202046981754,2.871066190531501,0.6873150928309273,0.18333333333333332,11.262221481241944,,4,789
157,False,Replace,90.21103499877307,92.03731712403439,182.62685618803295,1.064501740884201,2.8836220682480933,0.672730389518331,0.17666666666666667,11.143925478336271,,4,789
158,False,Replace,112.54233725715555,95.34472016280738,191.53954181746175,1.1164523113890787,2.680833967125899,0.6014353864290771,0.14666666666666667,11.952811583657402,,4,789
159,False,Replace,113.67635598067498,96.98205433459975,198.48738490203004,1.1569501396564519,2.717932589819598,0.5754420948286847,0.13666666666666666,11.922910202882726,,4,789
160,False,Replace,118.24102700685258,107.71138590752663,213.62468200908154,1.2451829410038453,3.219994130852828,0.584238811642856,0.14,12.128470616923488,,4,789
161,False,Replace,110.43667125052042,109.6828143676484,214.2106461916623,1.248598429314123,2.703726897610543,0.6343095546405662,0.16,11.889850253335485,,4,789
162,False,Replace,109.00016411598654,105.38885488863087,213.62404641108645,1.2451792362082506,2.47475849034434,0.584238811642856,0.14,11.520589100392984,,4,789
163,False,Replace,114.07362135919722,112.38666389421566,228.49132831099888,1.3318381635698333,2.9023942136444956,0.5388671281220586,0.12333333333333334,11.532799107457155,,4,789
164,False,Replace,95.4634696169485,100.3203323568418,199.50951199971163,1.162907949463826,2.2308838899846215,0.5665095065529053,0.13333333333333333,10.834629685490873,,4,789
165,False,Replace,99.0226858534508,105.4653146723034,208.92465684289556,1.2177872716262086,2.861975578396274,0.5388671281220586,0.12333333333333334,10.864772466124464,,4,789
166,False,Replace,106.60317726363023,97.96041517771826,197.41537467506987,1.1507015693384597,2.7712147335218,0.45833922694388496,0.09666666666666668,10.819488961381595,,4,789
167,False,Replace,106.41787125917999,105.63019852332039,211.19259154701905,1.2310066879330057,2.436246248391737,0.4138168503036338,0.08333333333333334,10.676794071335825,,4,789
168,False,Replace,106.04857578000805,104.97256832091296,206.70896290785555,1.204872358122533,3.18183211764315,0.499915958164528,0.11,10.98361552671343,,4,789
169,False,Replace,112.96952756121988,123.35624417684026,249.29568887452388,1.4531033405548277,3.16372653459677,0.4252446124863719,0.08666666666666668,11.063470179386508,,4,789
170,False,Replace,112.6471919500629,123.62280602634438,248.93472764314566,1.4509993572348818,2.5600379061291085,0.3274449191544763,0.06000000000000001,10.749111548723302,,4,789
171,False,Replace,116.17789278942986,125.17206392944698,253.9996498599728,1.4805219511720207,2.5272026643272607,0.3003914173647819,0.053333333333333344,10.772757740914145,,4,789
172,False,Replace,113.4715248819765,125.93422568935196,245.27559350646393,1.4296708695199312,2.796954226603823,0.2720647864044614,0.046666666666666676,10.731819939320596,,4,789
173,False,Replace,114.8868917886859,109.79898052456728,216.55109455540475,1.2622405157501302,3.144915314767731,0.19439185783157623,0.030000000000000006,10.73125950035473,,4,789
174,False,Replace,125.80880059020996,118.63469588025494,243.81799086345328,1.4211747447801792,2.803564626394902,0.1414405425418207,0.020000000000000007,11.035897847880012,,4,789
175,False,Replace,123.02966929426957,127.56938754710391,267.3060378906225,1.5580826863189003,3.2158210636538263,0.15976788116214136,0.023333333333333338,10.961049702189886,,4,789
176,False,Replace,126.55762756786393,116.82026679189461,239.82084585020718,1.3978760475678362,3.2816148472336564,0.19439185783157623,0.030000000000000006,11.264464607321584,,4,789
177,False,Replace,125.25857721125662,115.64785413918975,231.08891423202218,1.3469790623004043,3.2041815955766815,0.19439185783157623,0.030000000000000006,11.361292926521562,,4,789
178,False,Replace,119.56232142516623,115.49278759451458,221.20539329005734,1.2893696533208479,2.7881164383183505,0.22679445700352602,0.036666666666666674,11.144754225995069,,4,789
179,False,Replace,114.45608751777486,128.71505155985903,260.58957391384143,1.518933528604067,3.05470796999376,0.12229159706937474,0.016666666666666673,10.837520570474325,,4,789
180,False,Replace,122.3654092782157,120.41522616927605,234.15882161751856,1.3648730447322626,3.1517889176218787,0.15976788116214136,0.023333333333333338,11.136506349331327,,4,789
181,False,Replace,136.27824027430123,129.92623360269215,259.8353241833904,1.5145371316672447,3.7528568046745376,0.1773894531859974,0.026666666666666672,11.686184241845229,,4,789
182,False,Replace,147.91543976032003,140.92544396268494,278.48686667179607,1.623253888137285,3.335784512972852,0.19439185783157623,0.030000000000000006,12.208329193287906,,4,789
183,False,Replace,145.60914328177796,147.448823501597,296.1122049529572,1.725989070002604,3.0308436700088017,0.1414405425418207,0.020000000000000007,12.08204728706208,,4,789
184,False,Replace,136.85074588862744,141.1890687971362,281.6946679748915,1.6419516314091722,3.2576087464163432,0.05777796017013383,0.006666666666666674,11.607531807431023,,4,789
185,False,Replace,134.74037324206157,148.63289214855155,299.9175390028876,1.7481697328325339,3.405945032367713,0.05777796017013383,0.006666666666666674,11.648301670982555,,4,789
186,False,Replace,145.51851360612608,160.62800125895106,316.1554940590033,1.8428180873321454,3.251675929551445,0.10215803640865043,0.01333333333333334,12.071286195196652,,4,789
187,False,Replace,150.19426158416422,141.49720601687778,286.20220145959297,1.6682252986107706,3.7654656597622838,0.05777796017013383,0.006666666666666674,12.27047650000766,,4,789
188,False,Replace,145.4428094723852,127.81907838455705,261.63432382060455,1.5250232030240924,3.670035323511725,0.05777796017013383,0.006666666666666674,12.149137145926485,,4,789
189,False,Replace,151.29350490166533,126.98411723560683,246.98746798950773,1.4396491027623581,3.2811386946177032,3.9863137138648344e-11,7.401486830834377e-18,11.862979136718604,,4,789
190,False,Replace,157.51293546309145,121.45764861203651,243.21348330061463,1.4176511701731846,3.24010711347683,3.9863137138648344e-11,7.401486830834377e-18,12.045899317861705,,4,789
191,False,Replace,180.45863156358322,127.22541983188098,254.18811344986605,1.4816204742683614,3.388694552326941,3.9863137138648344e-11,7.401486830834377e-18,12.78996017860983,,4,789
192,False,Replace,194.48321798910578,121.27683583555526,242.7464604372076,1.4149289711411996,3.864235720799324,3.9863137138648344e-11,7.401486830834377e-18,13.235684360172622,,4,789
193,False,Replace,178.5463490863273,124.89703640756483,249.38453604866248,1.4536212160388464,3.764156055910103,3.9863137138648344e-11,7.401486830834377e-18,12.733980563528577,,4,789
194,False,Replace,181.8104145758929,135.91090045666274,266.7264974502548,1.5547046409395884,3.8867858552295633,3.9863137138648344e-11,7.401486830834377e-18,12.842575691668964,,4,789
195,False,Replace,208.99535185714183,150.65754639601133,299.95729363363546,1.748401456000323,4.10426198740833,3.9863137138648344e-11,7.401486830834377e-18,13.708404010138015,,4,789
196,False,Replace,213.47852007565575,150.69806073607424,302.46359663484793,1.7630102816881892,4.391571047809409,3.9863137138648344e-11,7.401486830834377e-18,13.836073778388814,,4,789
197,False,Replace,196.0420864576634,148.67182053374233,313.9057434902475,1.8297046633430143,4.463883775597616,3.9863137138648344e-11,7.401486830834377e-18,13.32422773787512,,4,789
198,False,Replace,201.98508942520417,140.1220550797189,281.0803665831646,1.6383709701933455,3.851435148346545,3.9863137138648344e-11,7.401486830834377e-18,13.513036063931873,,4,789
199,False,Replace,204.3140405728536,158.56444493665734,323.13127795682294,1.883478777978955,3.5758852640510606,3.9863137138648344e-11,7.401486830834377e-18,13.584923012763964,,4,789
200,False,Replace,185.74905558809607,154.74538042233192,305.8207015267523,1.7825782908865935,3.261718535901033,3.9863137138648344e-11,7.401486830834377e-18,13.005479537457322,,4,789
0,True,Replace + Select,0.2915999999997515,84.79691455317018,170.1874740814293,0.9919946398783683,0.0739785766903964,0.7219280948873623,0.2,1.7999999999992329,,4,789
1,True,Replace + Select,6.780076600768788,49.03406721063375,99.48882836660216,0.5799039265382548,0.842741803388185,0.19439184772287385,0.029999997984286684,3.7091382607508754,,4,789
2,True,Replace + Select,10.978723910127425,25.513622173946096,51.22174439925925,0.2985630767689356,1.3017263316449827,3.9863137138648344e-11,7.401486830834377e-18,5.665888710439946,,4,789
3,True,Replace + Select,15.647989242780806,12.879917485538009,25.57995207518624,0.1491013100928279,1.7086645546036108,3.9863137138648344e-11,7.401486830834377e-18,6.234591811169277,,4,789
4,True,Replace + Select,19.60327577690516,6.976931587826943,13.977829215767272,0.0814744547682868,1.9710711784332622,3.9863137138648344e-11,7.401486830834377e-18,6.684297403782316,,4,789
5,True,Replace + Select,21.980407031603605,3.5826284552525185,7.1590197961407895,0.04172874239356095,2.1710273071452644,3.9863137138648344e-11,7.401486830834377e-18,6.926698798794648,,4,789
6,True,Replace + Select,23.316942790204724,1.655835164024132,3.2609600679736257,0.01900759692067268,2.287696026566393,3.9863137138648344e-11,7.401486830834377e-18,7.063885046230895,,4,789
7,True,Replace + Select,24.091929253992795,0.9087479179367236,1.8297408051330954,0.01066525654050366,2.47741943250735,3.9863137138648344e-11,7.401486830834377e-18,7.142597209671556,,4,789
8,True,Replace + Select,24.592398057360768,0.48026932972116193,0.9594131300721696,0.0055922604621603715,2.417754515263547,3.9863137138648344e-11,7.401486830834377e-18,7.18858204370408,,4,789
9,True,Replace + Select,24.930589817480087,0.2692139537666682,0.5400173432880713,0.0031476717829821647,2.4805312490720106,3.9863137138648344e-11,7.401486830834377e-18,7.227663986636362,,4,789
10,True,Replace + Select,24.976617033671868,0.13620409531861183,0.2715398171307368,0.0015827606853037856,2.4397908188351325,3.9863137138648344e-11,7.401486830834377e-18,7.229835334914437,,4,789
11,True,Replace + Select,25.034354088518562,0.0776434010166977,0.15556158905755732,0.00090674277498368,2.544095122111041,3.9863137138648344e-11,7.401486830834377e-18,7.235237935870249,,4,789
12,True,Replace + Select,25.0610586586575,0.04636207257627532,0.09208794465852758,0.0005367653994028184,2.5788470658852853,3.9863137138648344e-11,7.401486830834377e-18,7.23857338117009,,4,789
13,True,Replace + Select,25.085844377851014,0.03163364187067448,0.06439704136269642,0.00037535970376559644,2.6363955962764125,3.9863137138648344e-11,7.401486830834377e-18,7.244029350659252,,4,789
14,True,Replace + Select,25.103593409476076,0.022501415674859675,0.04574278931290412,0.00026662715371035555,2.700518424670234,3.9863137138648344e-11,7.401486830834377e-18,7.248000673767492,,4,789
15,True,Replace + Select,25.12068512994197,0.017094663482450114,0.03406660169494101,0.00019856858715749858,2.6281549919698244,3.9863137138648344e-11,7.401486830834377e-18,7.249890921463252,,4,789
16,True,Replace + Select,25.1577915334868,0.013093407724179175,0.026349714789375967,0.00015358812964624035,2.5476473230979177,3.9863137138648344e-11,7.401486830834377e-18,7.253949923976139,,4,789
17,True,Replace + Select,25.157175226563673,0.010087702624419012,0.02037528879384682,0.0001187641886017942,2.6798495831318068,3.9863137138648344e-11,7.401486830834377e-18,7.252866503752882,,4,789
18,True,Replace + Select,25.1588820210602,0.009400382475480373,0.018576559770988366,0.00010827969461126999,2.5906935866126277,3.9863137138648344e-11,7.401486830834377e-18,7.253464004013375,,4,789
19,True,Replace + Select,25.17298081515188,0.008047068101561704,0.016068076360284612,9.365815967708728e-05,2.4231809543978007,3.9863137138648344e-11,7.401486830834377e-18,7.255759210032963,,4,789
20,True,Replace + Select,25.16581951470982,0.007539089492608457,0.01546038208873543,9.011601027205444e-05,2.615293186649673,3.9863137138648344e-11,7.401486830834377e-18,7.254647583875059,,4,789
21,True,Replace + Select,25.18521611310739,0.006603098913868104,0.013281469616499387,7.741548983194211e-05,2.6621463478260057,3.9863137138648344e-11,7.401486830834377e-18,7.256393420299685,,4,789
22,True,Replace + Select,25.208443278844587,0.0061469747896809555,0.012161847150377181,7.088939564624891e-05,2.572926687459478,3.9863137138648344e-11,7.401486830834377e-18,7.258749910230862,,4,789
23,True,Replace + Select,25.223913255515228,0.005529435665755479,0.010913588274610971,6.361350110333908e-05,2.659083094640428,3.9863137138648344e-11,7.401486830834377e-18,7.261260742017814,,4,789
24,True,Replace + Select,25.236021577570146,0.004987111867415916,0.010101298394631907,5.88787977339176e-05,2.5806655514441235,3.9863137138648344e-11,7.401486830834377e-18,7.261828385550098,,4,789
25,True,Replace + Select,25.249959909682214,0.004490948042302895,0.00900713300704055,5.250108864874878e-05,2.6630788985715257,3.9863137138648344e-11,7.401486830834377e-18,7.263597667056598,,4,789
26,True,Replace + Select,25.25705752555516,0.004297774848118609,0.008562575781529958,4.990983810457124e-05,2.535288413361135,3.9863137138648344e-11,7.401486830834377e-18,7.264295523405166,,4,789
27,True,Replace + Select,25.278174939244845,0.004074440183497032,0.00805344821814757,4.6942217739937285e-05,2.5960644118545817,3.9863137138648344e-11,7.401486830834377e-18,7.266609281632963,,4,789
28,True,Replace + Select,25.275588864768622,0.004054493547894777,0.008046363160825217,4.6900920112571104e-05,2.504381457650858,3.9863137138648344e-11,7.401486830834377e-18,7.266096025601477,,4,789
29,True,Replace + Select,25.290955922516616,0.003719197813236448,0.007385361423028937,4.3048050303066446e-05,2.5136664236101836,3.9863137138648344e-11,7.401486830834377e-18,7.267580561875786,,4,789
30,True,Replace + Select,25.31363168557008,0.0035868135223582117,0.00717298237801918,4.1810127974121346e-05,2.6315162869244904,3.9863137138648344e-11,7.401486830834377e-18,7.269203471052549,,4,789
31,True,Replace + Select,25.32492794344999,0.003175964493351081,0.00635847638293349,3.706250723625667e-05,2.5930536593498976,3.9863137138648344e-11,7.401486830834377e-18,7.271036712080754,,4,789
32,True,Replace + Select,25.34305458969105,0.002887872907964895,0.005713183309244299,3.3301200631846794e-05,2.590400120930493,3.9863137138648344e-11,7.401486830834377e-18,7.273230977536744,,4,789
33,True,Replace + Select,25.359098669356083,0.0027148225550973014,0.005292224100262806,3.084749902324735e-05,2.7620397198760225,3.9863137138648344e-11,7.401486830834377e-18,7.274885306654186,,4,789
34,True,Replace + Select,25.38140353822611,0.002507057473949643,0.004968169678850086,2.8958639394738527e-05,2.4736198883785825,3.9863137138648344e-11,7.401486830834377e-18,7.275921024377973,,4,789
35,True,Replace + Select,25.389730461362856,0.0024212452732784674,0.0048813694830159605,2.845269540871611e-05,2.655468041522181,3.9863137138648344e-11,7.401486830834377e-18,7.277589160236038,,4,789
36,True,Replace + Select,25.40547415927757,0.0021949092779471823,0.004366783459116471,2.545325858047825e-05,2.5274786295338627,3.9863137138648344e-11,7.401486830834377e-18,7.279647360934218,,4,789
37,True,Replace + Select,25.427400788065235,0.0021511800923931517,0.004310932689968601,2.512771368402328e-05,2.465101819423289,3.9863137138648344e-11,7.401486830834377e-18,7.281622010818172,,4,789
38,True,Replace + Select,25.442837614823215,0.0021226245089252735,0.004269024204293648,2.4883436052080276e-05,2.540798140910824,3.9863137138648344e-11,7.401486830834377e-18,7.282463715847708,,4,789
39,True,Replace + Select,25.453673448964107,0.0019753276576722862,0.0038742146281863722,2.2582156328734264e-05,2.7061277360198,3.9863137138648344e-11,7.401486830834377e-18,7.283331578781716,,4,789
40,True,Replace + Select,25.463045008554953,0.0019244040818937281,0.0038362317483888685,2.236076040421258e-05,2.625232468784777,3.9863137138648344e-11,7.401486830834377e-18,7.284759609659612,,4,789
41,True,Replace + Select,25.477942403127262,0.0018932561761633784,0.0037381571335492296,2.178909969443257e-05,2.7079297012200545,3.9863137138648344e-11,7.401486830834377e-18,7.286017765057555,,4,789
42,True,Replace + Select,25.481378067521106,0.0018358599599914169,0.003666931873340436,2.1373939432301532e-05,2.663011007385796,3.9863137138648344e-11,7.401486830834377e-18,7.2875673888800225,,4,789
43,True,Replace + Select,25.491825837027964,0.001845061929156029,0.003616803317975553,2.108174837361635e-05,2.5754993518686304,3.9863137138648344e-11,7.401486830834377e-18,7.288466981732811,,4,789
44,True,Replace + Select,25.505909202581332,0.00172112008111143,0.0033950810031777618,1.9789365670318247e-05,2.5976520697490204,3.9863137138648344e-11,7.401486830834377e-18,7.289713520583122,,4,789
45,True,Replace + Select,25.521709125507325,0.00157720796941987,0.003180394110081202,1.8537991276559815e-05,2.5681598090169677,3.9863137138648344e-11,7.401486830834377e-18,7.291819582828879,,4,789
46,True,Replace + Select,25.542947651542914,0.0015491573735821886,0.003133409979104181,1.826412854758925e-05,2.6536114328236264,3.9863137138648344e-11,7.401486830834377e-18,7.293724367373523,,4,789
47,True,Replace + Select,25.554372769558487,0.0015599181583722805,0.0031009699067972817,1.807504073123025e-05,2.6470762954119045,3.9863137138648344e-11,7.401486830834377e-18,7.294894673948889,,4,789
48,True,Replace + Select,25.568176998472534,0.001530814270077535,0.0030652708174643984,1.7866956643620987e-05,2.696388100188954,3.9863137138648344e-11,7.401486830834377e-18,7.2961903178182235,,4,789
49,True,Replace + Select,25.586517511517453,0.0014837237038944839,0.0030089451578550093,1.753864368920583e-05,2.5987299857986406,3.9863137138648344e-11,7.401486830834377e-18,7.297665585969421,,4,789
50,True,Replace + Select,25.6035043747523,0.0015485451403190746,0.003093949247016381,1.8034118466482782e-05,2.715344594794529,3.9863137138648344e-11,7.401486830834377e-18,7.299179312439099,,4,789
51,True,Replace + Select,25.621543347249673,0.0014649591424001182,0.0029712315746604026,1.7318817450044676e-05,2.544379179953733,3.9863137138648344e-11,7.401486830834377e-18,7.301458691337041,,4,789
52,True,Replace + Select,25.63983725032932,0.0013898528182273895,0.002835446562818529,1.6527349072891895e-05,2.5747145866125094,3.9863137138648344e-11,7.401486830834377e-18,7.303154556720459,,4,789
53,True,Replace + Select,25.65001542223788,0.0013196371274123322,0.002608393381324998,1.520389362927244e-05,2.6294440156973247,3.9863137138648344e-11,7.401486830834377e-18,7.304230757086394,,4,789
54,True,Replace + Select,25.66460309647173,0.0013351105930530483,0.0026845614297587085,1.5647864586500962e-05,2.5390287770029225,3.9863137138648344e-11,7.401486830834377e-18,7.30584274121775,,4,789
55,True,Replace + Select,25.678054957440494,0.0013550545092492574,0.002695690554657301,1.5712734414938855e-05,2.6051298299084866,3.9863137138648344e-11,7.401486830834377e-18,7.307308617442501,,4,789
56,True,Replace + Select,25.699676189369203,0.0012940919204719686,0.002597768015310231,1.5141960128053944e-05,2.614691105275994,3.9863137138648344e-11,7.401486830834377e-18,7.309258546880176,,4,789
57,True,Replace + Select,25.711998850850737,0.001225568190373057,0.0024521838820056032,1.4293374292527477e-05,2.6312624127052513,3.9863137138648344e-11,7.401486830834377e-18,7.31102552252889,,4,789
58,True,Replace + Select,25.718587808354176,0.0012145531378548954,0.0024472747725652463,1.4264759905495208e-05,2.441483540960525,3.9863137138648344e-11,7.401486830834377e-18,7.312131830434052,,4,789
59,True,Replace + Select,25.724596888909524,0.0011354754521778591,0.0022788629831337493,1.3283115437768783e-05,2.5688390202638542,3.9863137138648344e-11,7.401486830834377e-18,7.313168933833287,,4,789
60,True,Replace + Select,25.730099429708115,0.001233036818609714,0.0024579442280768873,1.4326950397099217e-05,2.539916989771921,3.9863137138648344e-11,7.401486830834377e-18,7.31418461998592,,4,789
61,True,Replace + Select,25.73983055240885,0.0012958191226949208,0.0026051805462146914,1.5185166544770836e-05,2.5903908078164304,3.9863137138648344e-11,7.401486830834377e-18,7.315607268601509,,4,789
62,True,Replace + Select,25.75061677079095,0.0012709062547409096,0.0025230364821250575,1.4706362380630335e-05,2.4307739027486344,3.9863137138648344e-11,7.401486830834377e-18,7.316729373928762,,4,789
63,True,Replace + Select,25.767919164000784,0.0012136152972741438,0.002474189956390578,1.442164406063165e-05,2.675969713746074,3.9863137138648344e-11,7.401486830834377e-18,7.318151466431769,,4,789
64,True,Replace + Select,25.78586786972708,0.0011990356851302839,0.0024177763410712255,1.4092818426929712e-05,2.6319333964781024,3.9863137138648344e-11,7.401486830834377e-18,7.320125936143993,,4,789
65,True,Replace + Select,25.799027782975678,0.0012515947063995142,0.0024763165425643044,1.443403957973176e-05,2.716708603918382,3.9863137138648344e-11,7.401486830834377e-18,7.321154881436015,,4,789
66,True,Replace + Select,25.814631865667593,0.001230994726217329,0.0025028708768296683,1.4588820402462438e-05,2.4964884088950052,3.9863137138648344e-11,7.401486830834377e-18,7.3226265609426635,,4,789
67,True,Replace + Select,25.833185402140625,0.001268047233884526,0.002586678274649077,1.50773198638225e-05,2.633827615574136,3.9863137138648344e-11,7.401486830834377e-18,7.324184261190079,,4,789
68,True,Replace + Select,25.848213591234913,0.0012472703934517933,0.0024680106633729777,1.4385625983597588e-05,2.5718620935179874,3.9863137138648344e-11,7.401486830834377e-18,7.325646854979602,,4,789
69,True,Replace + Select,25.86327675386574,0.0012555156985821837,0.0024977987298732064,1.4559255696712836e-05,2.6199267015974543,3.9863137138648344e-11,7.401486830834377e-18,7.327144803134971,,4,789
70,True,Replace + Select,25.881020433272063,0.00122500742954445,0.0024437255113347175,1.4244071848778837e-05,2.5262670959678246,3.9863137138648344e-11,7.401486830834377e-18,7.32818272361438,,4,789
71,True,Replace + Select,25.89363597129332,0.0011364221419615259,0.002224324221608439,1.2965218016758665e-05,2.6281582805718404,3.9863137138648344e-11,7.401486830834377e-18,7.329055199278731,,4,789
72,True,Replace + Select,25.900302414022,0.0011062921721308261,0.0022121930839081303,1.2894507621417969e-05,2.551556761580305,3.9863137138648344e-11,7.401486830834377e-18,7.329692383709078,,4,789
73,True,Replace + Select,25.913540406788503,0.001049171165072893,0.0021080461074740615,1.2287452120184647e-05,2.42228907428157,3.9863137138648344e-11,7.401486830834377e-18,7.330999542984258,,4,789
74,True,Replace + Select,25.92833705093254,0.0010152049036981933,0.0020084535451467514,1.170694354554552e-05,2.397752691764402,3.9863137138648344e-11,7.401486830834377e-18,7.332524824638974,,4,789
75,True,Replace + Select,25.94696160311893,0.0009268720144426985,0.0018550420880777104,1.0812733534322225e-05,2.5685488636060287,3.9863137138648344e-11,7.401486830834377e-18,7.333947304933826,,4,789
76,True,Replace + Select,25.953335486093053,0.0009168265634087824,0.001859427004972126,1.0838292489698054e-05,2.6826015369222045,3.9863137138648344e-11,7.401486830834377e-18,7.334685135863901,,4,789
77,True,Replace + Select,25.973386303807,0.0009085353353287552,0.0018057806537273588,1.0525596780621494e-05,2.613458772220536,3.9863137138648344e-11,7.401486830834377e-18,7.336595536956362,,4,789
78,True,Replace + Select,25.988761831338373,0.0009245967022403216,0.0018540914423732016,1.0807192377733667e-05,2.5486444488844864,3.9863137138648344e-11,7.401486830834377e-18,7.337960889198164,,4,789
79,True,Replace + Select,25.996611350395625,0.0009653726226466267,0.001926426395661036,1.1228820857295278e-05,2.662991984138521,3.9863137138648344e-11,7.401486830834377e-18,7.338925919735207,,4,789
80,True,Replace + Select,26.010204954904392,0.000978218852890809,0.0019893551268560187,1.1595622023930497e-05,2.638336785587906,3.9863137138648344e-11,7.401486830834377e-18,7.340501951082858,,4,789
81,True,Replace + Select,26.019724295841552,0.0009760195095527377,0.0019251681434543262,1.122148671327905e-05,2.6835607438797986,3.9863137138648344e-11,7.401486830834377e-18,7.341155244211151,,4,789
82,True,Replace + Select,26.03217157680301,0.0009806536161964322,0.0019403077878769126,1.1309733196740485e-05,2.584311868930208,3.9863137138648344e-11,7.401486830834377e-18,7.342387644532818,,4,789
83,True,Replace + Select,26.049624090339652,0.0009347436370567512,0.001852290768585742,1.079669654803192e-05,2.579237550530073,3.9863137138648344e-11,7.401486830834377e-18,7.344066512324282,,4,789
84,True,Replace + Select,26.05939243798608,0.0009496793886213774,0.0018764407615410106,1.0937462862909266e-05,2.5015926202489696,3.9863137138648344e-11,7.401486830834377e-18,7.34500394969474,,4,789
85,True,Replace + Select,26.067881719941017,0.0009654852446719686,0.0019396024717961882,1.1305622025955001e-05,2.523448336456446,3.9863137138648344e-11,7.401486830834377e-18,7.345940864257468,,4,789
86,True,Replace + Select,26.076815457751312,0.0009279422529154678,0.001857030117122924,1.0824321426835575e-05,2.6339077737156673,3.9863137138648344e-11,7.401486830834377e-18,7.34713937843991,,4,789
87,True,Replace + Select,26.090796371829907,0.0009012874282293743,0.0018225168205077882,1.0623149128865128e-05,2.6009740260470897,3.9863137138648344e-11,7.401486830834377e-18,7.3481645118985295,,4,789
88,True,Replace + Select,26.109125557085815,0.0009050813401147237,0.0018051563684843973,1.0521957925188004e-05,2.571866407972701,3.9863137138648344e-11,7.401486830834377e-18,7.349307559849174,,4,789
89,True,Replace + Select,26.12122147301623,0.0009012316914424228,0.0017518838535943637,1.021144124639607e-05,2.651019442569259,3.9863137138648344e-11,7.401486830834377e-18,7.350464271510829,,4,789
90,True,Replace + Select,26.13365438741752,0.0008489843406221896,0.0016728321014959544,9.75066165742882e-06,2.570712188800126,3.9863137138648344e-11,7.401486830834377e-18,7.3515106360441695,,4,789
91,True,Replace + Select,26.14727604271385,0.000822024177427662,0.0016311726804602187,9.507835782076132e-06,2.6501775162622554,3.9863137138648344e-11,7.401486830834377e-18,7.352687683967554,,4,789
92,True,Replace + Select,26.162244398809836,0.0008317223181889366,0.0016556401334792967,9.650452519162128e-06,2.64096586980296,3.9863137138648344e-11,7.401486830834377e-18,7.3542727580171245,,4,789
93,True,Replace + Select,26.184401452996518,0.0008086541490763907,0.0015975823915148342,9.31204354316057e-06,2.7398481733557682,3.9863137138648344e-11,7.401486830834377e-18,7.356252548659618,,4,789
94,True,Replace + Select,26.20557102731546,0.0007923825451981321,0.0015798955374905289,9.208949796202276e-06,2.5210709578120616,3.9863137138648344e-11,7.401486830834377e-18,7.358279611338033,,4,789
95,True,Replace + Select,26.215499697089438,0.0007863450211475108,0.0015781574708674418,9.198818893307338e-06,2.730769802994687,3.9863137138648344e-11,7.401486830834377e-18,7.359456762972991,,4,789
96,True,Replace + Select,26.23634212725752,0.000805924614481507,0.0015993826828373694,9.322537143537528e-06,2.5664835623175204,3.9863137138648344e-11,7.401486830834377e-18,7.36180735545529,,4,789
97,True,Replace + Select,26.253192315213116,0.0007542847353046871,0.0015106532415142095,8.80534790462878e-06,2.728837738207365,3.9863137138648344e-11,7.401486830834377e-18,7.363156018868899,,4,789
98,True,Replace + Select,26.27328901262792,0.0007729466916458279,0.0015109690820138692,8.807188886665854e-06,2.784830946767651,3.9863137138648344e-11,7.401486830834377e-18,7.364973438919677,,4,789
99,True,Replace + Select,26.2946659873742,0.0007138260224391617,0.0014300959728335218,8.335792908494057e-06,2.5996945986212676,3.9863137138648344e-11,7.401486830834377e-18,7.366929261760173,,4,789
100,True,Replace + Select,26.31692438921517,0.0006961903267702626,0.00138788892310649,8.089774996069654e-06,2.6075896487597308,3.9863137138648344e-11,7.401486830834377e-18,7.368580591396092,,4,789
101,True,Replace + Select,26.333767834510414,0.0006733840987700289,0.0013749910775504174,8.014595587440079e-06,2.5576163555773332,3.9863137138648344e-11,7.401486830834377e-18,7.370064240016615,,4,789
102,True,Replace + Select,26.351222312660358,0.0006978523006370576,0.0013836221785148324,8.064904847502614e-06,2.4516313686683766,3.9863137138648344e-11,7.401486830834377e-18,7.37176832206264,,4,789
103,True,Replace + Select,26.36344036865398,0.0007023697765486324,0.0014133470447515652,8.238166176734353e-06,2.553113524568242,3.9863137138648344e-11,7.401486830834377e-18,7.37295768793365,,4,789
104,True,Replace + Select,26.38265946838244,0.0006790957539138177,0.001345531895044482,7.842882884734919e-06,2.57157392770982,3.9863137138648344e-11,7.401486830834377e-18,7.3749329441839695,,4,789
105,True,Replace + Select,26.38854149247387,0.000658844987115257,0.0013136847897371271,7.657251374948117e-06,2.656527780101607,3.9863137138648344e-11,7.401486830834377e-18,7.37560281743792,,4,789
106,True,Replace + Select,26.398117241786707,0.0006759251060858112,0.0013620619747868564,7.939233985717542e-06,2.54563646733925,3.9863137138648344e-11,7.401486830834377e-18,7.37655813418129,,4,789
107,True,Replace + Select,26.407873930695438,0.0006578755475644716,0.0013201702552155348,7.695054080619736e-06,2.6712572403327135,3.9863137138648344e-11,7.401486830834377e-18,7.377645391505814,,4,789
108,True,Replace + Select,26.418062352476262,0.0006429351417852638,0.0012935150268120331,7.539685162644282e-06,2.7486627177645744,3.9863137138648344e-11,7.401486830834377e-18,7.3789118005449525,,4,789
109,True,Replace + Select,26.432215581393905,0.0005948510679528275,0.0011873129386600568,6.920650755092979e-06,2.5177395052039175,3.9863137138648344e-11,7.401486830834377e-18,7.380333100182597,,4,789
110,True,Replace + Select,26.445190615533704,0.0005969116614532313,0.0011701750949890005,6.820757098685416e-06,2.7279167432545943,3.9863137138648344e-11,7.401486830834377e-18,7.381643588496841,,4,789
111,True,Replace + Select,26.460392928056493,0.0005509649567754657,0.0011010467615156527,6.417819475693994e-06,2.6349097168732376,3.9863137138648344e-11,7.401486830834377e-18,7.383306107001728,,4,789
112,True,Replace + Select,26.47016846482979,0.0005550652112795122,0.0011247715427210763,6.5561073016053566e-06,2.687097556758646,3.9863137138648344e-11,7.401486830834377e-18,7.384123676754021,,4,789
113,True,Replace + Select,26.48560516620902,0.0005805550516931821,0.0011636354085076172,6.782638347754819e-06,2.6178241863498446,3.9863137138648344e-11,7.401486830834377e-18,7.385413172113885,,4,789
114,True,Replace + Select,26.50555802998483,0.0006053542634090499,0.0012060590135053485,7.029918525037026e-06,2.560552975297526,3.9863137138648344e-11,7.401486830834377e-18,7.387070879021467,,4,789
115,True,Replace + Select,26.524658225723716,0.0005648244453404499,0.0011204798461373236,6.531091712003092e-06,2.5998269769683713,3.9863137138648344e-11,7.401486830834377e-18,7.388880283296675,,4,789
116,True,Replace + Select,26.53651277152947,0.0005742531543976011,0.0011576519255417994,6.747761615128453e-06,2.6567778330390475,3.9863137138648344e-11,7.401486830834377e-18,7.389866967134579,,4,789
117,True,Replace + Select,26.551720768239136,0.000556746232911012,0.0011446018075261953,6.671694635515927e-06,2.623677519320347,3.9863137138648344e-11,7.401486830834377e-18,7.391443640977483,,4,789
118,True,Replace + Select,26.564811822153473,0.0005617393357788544,0.001124082536962234,6.552091200988634e-06,2.632037369082549,3.9863137138648344e-11,7.401486830834377e-18,7.3925281571198225,,4,789
119,True,Replace + Select,26.577198732003698,0.0005504886274454552,0.0011017017185761518,6.421637112079235e-06,2.6716374918439083,3.9863137138648344e-11,7.401486830834377e-18,7.393869993369223,,4,789
120,True,Replace + Select,26.593487088809663,0.000517152440105617,0.0010373317746631976,6.04643535486666e-06,2.592525358929586,3.9863137138648344e-11,7.401486830834377e-18,7.395431783940324,,4,789
121,True,Replace + Select,26.614643363636066,0.0005192255872544307,0.0010295427008074761,6.001034131561616e-06,2.5146645275792916,3.9863137138648344e-11,7.401486830834377e-18,7.397178355310902,,4,789
122,True,Replace + Select,26.63141018399994,0.0005219461963317691,0.001021210926048701,5.952469594447538e-06,2.6688513085446814,3.9863137138648344e-11,7.401486830834377e-18,7.399080941018534,,4,789
123,True,Replace + Select,26.64927184619004,0.0005298452368587472,0.0010542718743309263,6.145176394182819e-06,2.743036479915691,3.9863137138648344e-11,7.401486830834377e-18,7.400839612709712,,4,789
124,True,Replace + Select,26.666809228944082,0.0005403486880025849,0.0010848066156869253,6.32315835154315e-06,2.657688832349207,3.9863137138648344e-11,7.401486830834377e-18,7.40242633674177,,4,789
125,True,Replace + Select,26.678061581664743,0.000563273750991054,0.0011310248291209544,6.592556673827282e-06,2.5786215575488556,3.9863137138648344e-11,7.401486830834377e-18,7.4035843087921815,,4,789
126,True,Replace + Select,26.687945784312483,0.0005349843618023489,0.0010739151756784208,6.259673949019943e-06,2.72502968823173,3.9863137138648344e-11,7.401486830834377e-18,7.404592789795369,,4,789
127,True,Replace + Select,26.703384597683225,0.000515310623372318,0.0010313394444330646,6.0115070529998094e-06,2.6764780760976885,3.9863137138648344e-11,7.401486830834377e-18,7.406213501027233,,4,789
128,True,Replace + Select,26.72302039294021,0.0005241653731496015,0.0010533285048937122,6.139677649752935e-06,2.580752112076177,3.9863137138648344e-11,7.401486830834377e-18,7.408385415763665,,4,789
129,True,Replace + Select,26.7409420889121,0.0005309306501231649,0.0010627524629145213,6.194608342470123e-06,2.593793947068442,3.9863137138648344e-11,7.401486830834377e-18,7.410173074464316,,4,789
130,True,Replace + Select,26.763968176778377,0.00054165474136476,0.001093912368210058,6.376234277040961e-06,2.6381583511236357,3.9863137138648344e-11,7.401486830834377e-18,7.412757281490944,,4,789
131,True,Replace + Select,26.782519426754728,0.0005218696588668242,0.0010583000272435176,6.168655831312189e-06,2.752873548591702,3.9863137138648344e-11,7.401486830834377e-18,7.414357135360863,,4,789
132,True,Replace + Select,26.803565246621453,0.0005040301032196,0.0009953556013264553,5.801763182737646e-06,2.54762307863041,3.9863137138648344e-11,7.401486830834377e-18,7.416391432581203,,4,789
133,True,Replace + Select,26.82317617965205,0.0004907014645566556,0.0009670582376930343,5.636822530092366e-06,2.5513901055054173,3.9863137138648344e-11,7.401486830834377e-18,7.418154317144269,,4,789
134,True,Replace + Select,26.834359485561166,0.0004923851623971862,0.0009965206411204027,5.808554007015864e-06,2.7740219964587487,3.9863137138648344e-11,7.401486830834377e-18,7.419062975956572,,4,789
135,True,Replace + Select,26.846375275087492,0.0004926919363627957,0.0009965732086234275,5.808860414297093e-06,2.6473739215778656,3.9863137138648344e-11,7.401486830834377e-18,7.420184905533415,,4,789
136,True,Replace + Select,26.864282349635477,0.0004928743503287812,0.0010079691410895153,5.87528541991981e-06,2.6481393179361588,3.9863137138648344e-11,7.401486830834377e-18,7.421980660878546,,4,789
137,True,Replace + Select,26.875996461445947,0.0004995378455017349,0.0009883870098631815,5.76114441560228e-06,2.750321392417763,3.9863137138648344e-11,7.401486830834377e-18,7.423077006989782,,4,789
138,True,Replace + Select,26.88735992324266,0.0004809865812956395,0.0009737211040471375,5.67565927612888e-06,2.768424399980846,3.9863137138648344e-11,7.401486830834377e-18,7.424279868297361,,4,789
139,True,Replace + Select,26.901762895652215,0.00047272359123738976,0.0009292045842946422,5.41617984487893e-06,2.7692334855915903,3.9863137138648344e-11,7.401486830834377e-18,7.425737154707429,,4,789
140,True,Replace + Select,26.915027552670566,0.0004730261602591933,0.0009439807101543283,5.502307438757922e-06,2.66327858929464,3.9863137138648344e-11,7.401486830834377e-18,7.427020189595776,,4,789
141,True,Replace + Select,26.933159151932276,0.0004510829178088996,0.0008980396403339716,5.2345245407623475e-06,2.6909525268150496,3.9863137138648344e-11,7.401486830834377e-18,7.429036811322376,,4,789
142,True,Replace + Select,26.94430334390379,0.0004235214770714664,0.0008606913327535532,5.016827432745005e-06,2.6222269613401035,3.9863137138648344e-11,7.401486830834377e-18,7.430082519106211,,4,789
143,True,Replace + Select,26.954574064353938,0.00042227002549831183,0.0008339795524801698,4.86112888327287e-06,2.632584197574964,3.9863137138648344e-11,7.401486830834377e-18,7.430701292559302,,4,789
144,True,Replace + Select,26.9681922825476,0.00043179068130247503,0.000860263651964932,5.014334552160338e-06,2.6490621575840048,3.9863137138648344e-11,7.401486830834377e-18,7.43204110034645,,4,789
145,True,Replace + Select,26.986814183074305,0.0004366843779981836,0.0008848655958893501,5.157735214490715e-06,2.6108500470552993,3.9863137138648344e-11,7.401486830834377e-18,7.433468863490771,,4,789
146,True,Replace + Select,27.004062664436972,0.00040759291819107127,0.0008215170965573009,4.788487288808102e-06,2.5933724201531385,3.9863137138648344e-11,7.401486830834377e-18,7.435132998446008,,4,789
147,True,Replace + Select,27.020959061831388,0.0003843186149744244,0.0007749071357166349,4.5168055356800285e-06,2.7895538357351426,3.9863137138648344e-11,7.401486830834377e-18,7.436819605724041,,4,789
148,True,Replace + Select,27.03267974819097,0.00039898790275058024,0.0007914891290040538,4.613459232130968e-06,2.686337921754302,3.9863137138648344e-11,7.401486830834377e-18,7.437939334292324,,4,789
149,True,Replace + Select,27.04833979387405,0.00041571057702957437,0.0008259279876915165,4.814197643731963e-06,2.582669605281861,3.9863137138648344e-11,7.401486830834377e-18,7.439460080591549,,4,789
150,True,Replace + Select,27.06732529180957,0.0004243840174998034,0.000849644009413525,4.9524344120631905e-06,2.5764080079480047,3.9863137138648344e-11,7.401486830834377e-18,7.44115274727225,,4,789
151,True,Replace + Select,27.08189812859631,0.0004436957483994937,0.0008769040842898119,5.111328880095667e-06,2.6640208553051465,3.9863137138648344e-11,7.401486830834377e-18,7.44235296155603,,4,789
152,True,Replace + Select,27.101935260465243,0.0004239909834022056,0.0008494902305285245,4.951538060375322e-06,2.6025368157303697,3.9863137138648344e-11,7.401486830834377e-18,7.444520114495103,,4,789
153,True,Replace + Select,27.118467562845304,0.0004193158564839375,0.0008375865635578905,4.882153554297536e-06,2.728610035246117,3.9863137138648344e-11,7.401486830834377e-18,7.4463353117541144,,4,789
154,True,Replace + Select,27.13477941345867,0.0004315001939555576,0.0008715763862480551,5.080274609334327e-06,2.774817259491293,3.9863137138648344e-11,7.401486830834377e-18,7.447880816986982,,4,789
155,True,Replace + Select,27.1532571311251,0.00042354915859828024,0.000838680206398908,4.888528217545147e-06,2.513433357235969,3.9863137138648344e-11,7.401486830834377e-18,7.449840519202378,,4,789
156,True,Replace + Select,27.17369370046421,0.00041862404241174147,0.0008199973094903037,4.779628701345335e-06,2.6376646181472205,3.9863137138648344e-11,7.401486830834377e-18,7.452123516271667,,4,789
157,True,Replace + Select,27.188983659703528,0.0004145776078321834,0.0008436882485792621,4.917719267156818e-06,2.720304082766215,3.9863137138648344e-11,7.401486830834377e-18,7.453395725507806,,4,789
158,True,Replace + Select,27.207197571843217,0.00044628984087127007,0.000894901386966262,5.216232180903604e-06,2.733695778126906,3.9863137138648344e-11,7.401486830834377e-18,7.455075170324708,,4,789
159,True,Replace + Select,27.228140197676748,0.0004470739202276164,0.0008904390670310543,5.190222056004339e-06,2.740997287136974,3.9863137138648344e-11,7.401486830834377e-18,7.457125298704164,,4,789
160,True,Replace + Select,27.251083727444872,0.0004301552299682723,0.000864152459133387,5.037001765992903e-06,2.607447525126633,3.9863137138648344e-11,7.401486830834377e-18,7.459557392203178,,4,789
161,True,Replace + Select,27.2695739322135,0.0004280072584810931,0.0008603302428182763,5.014722699231319e-06,2.71802752866569,3.9863137138648344e-11,7.401486830834377e-18,7.4613874965714535,,4,789
162,True,Replace + Select,27.27958511728899,0.0004210721085464789,0.000839576099713257,4.893750231506715e-06,2.592030069435291,3.9863137138648344e-11,7.401486830834377e-18,7.4622520586339345,,4,789
163,True,Replace + Select,27.29194194143027,0.0004265058598979124,0.0008575698743570995,4.998632967996066e-06,2.605076219463679,3.9863137138648344e-11,7.401486830834377e-18,7.4632347635006715,,4,789
164,True,Replace + Select,27.30602143628556,0.0004628896400634637,0.0009272440921230098,5.404752460247483e-06,2.559352468802609,3.9863137138648344e-11,7.401486830834377e-18,7.464715148852371,,4,789
165,True,Replace + Select,27.3232402578052,0.0004614917144366601,0.0009200176366100288,5.362630646213351e-06,2.6236838737982975,3.9863137138648344e-11,7.401486830834377e-18,7.466378728048449,,4,789
166,True,Replace + Select,27.341916755001193,0.0004535979570953123,0.0009041200309206935,5.269966131883849e-06,2.632940381167609,3.9863137138648344e-11,7.401486830834377e-18,7.467830893654572,,4,789
167,True,Replace + Select,27.357197266942876,0.0004729964146853237,0.0009583988064680202,5.586348137626212e-06,2.7353185003685323,3.9863137138648344e-11,7.401486830834377e-18,7.469131718433968,,4,789
168,True,Replace + Select,27.376072229306978,0.0004899359416634346,0.0009880924247070053,5.759427327447045e-06,2.6568851402591003,3.9863137138648344e-11,7.401486830834377e-18,7.470957734841146,,4,789
169,True,Replace + Select,27.393407840079632,0.00048262323025383873,0.000960825163957968,5.600490974150745e-06,2.687510763848643,3.9863137138648344e-11,7.401486830834377e-18,7.472615603669832,,4,789
170,True,Replace + Select,27.413519241753086,0.0004957045759785635,0.000991212698143994,5.777614885263237e-06,2.576952615456265,3.9863137138648344e-11,7.401486830834377e-18,7.474401975488143,,4,789
171,True,Replace + Select,27.43084901339491,0.000490699291053544,0.0009835390786951024,5.7328866266011174e-06,2.702173195700383,3.9863137138648344e-11,7.401486830834377e-18,7.47606721906705,,4,789
172,True,Replace + Select,27.4488403299424,0.0005202972080682953,0.0010420776375253918,6.074098204593438e-06,2.79782698989448,3.9863137138648344e-11,7.401486830834377e-18,7.477642559619637,,4,789
173,True,Replace + Select,27.467269057240713,0.0005310425166394402,0.0010597345950200327,6.177017689624771e-06,2.5737517389456053,3.9863137138648344e-11,7.401486830834377e-18,7.479150556182599,,4,789
174,True,Replace + Select,27.48569393371461,0.0005321935349321139,0.001052145268620591,6.132780761207046e-06,2.657184254989189,3.9863137138648344e-11,7.401486830834377e-18,7.48116312277551,,4,789
175,True,Replace + Select,27.499877088867507,0.0005047053150316522,0.0010063030920855142,5.865574295815853e-06,2.735891148764405,3.9863137138648344e-11,7.401486830834377e-18,7.482393006976891,,4,789
176,True,Replace + Select,27.516324054302487,0.0005113372805895786,0.0010269537071170896,5.985943315522396e-06,2.5848294128385203,3.9863137138648344e-11,7.401486830834377e-18,7.483771968384301,,4,789
177,True,Replace + Select,27.540116342228647,0.0005068376627712087,0.0010270147643334985,5.986299207938865e-06,2.593399588294157,3.9863137138648344e-11,7.401486830834377e-18,7.485889503800253,,4,789
178,True,Replace + Select,27.558287652215405,0.0004993015287253885,0.0009832504897361353,5.731204489287731e-06,2.8017399554378986,3.9863137138648344e-11,7.401486830834377e-18,7.487504538357635,,4,789
179,True,Replace + Select,27.57786057775507,0.0004712955548061891,0.0009299417282665186,5.420476535178065e-06,2.596554191110298,3.9863137138648344e-11,7.401486830834377e-18,7.4891637475742066,,4,789
180,True,Replace + Select,27.592098169530633,0.0004495353002562693,0.0009085024216416717,5.2955103626125036e-06,2.756037363208598,3.9863137138648344e-11,7.401486830834377e-18,7.490679661613676,,4,789
181,True,Replace + Select,27.611268266478074,0.00041929220069380173,0.0008357623164004506,4.871520319320866e-06,2.6943725604330098,3.9863137138648344e-11,7.401486830834377e-18,7.492522421528825,,4,789
182,True,Replace + Select,27.629058185896827,0.0004213002068430936,0.0008515298917385137,4.963426908237939e-06,2.73885588643556,3.9863137138648344e-11,7.401486830834377e-18,7.493993070350226,,4,789
183,True,Replace + Select,27.64999650847797,0.0004008122481660557,0.0008088750219082518,4.714798726494765e-06,2.5827252864787673,3.9863137138648344e-11,7.401486830834377e-18,7.496317782634576,,4,789
184,True,Replace + Select,27.664663996270633,0.000411348854448718,0.0008289055252151237,4.831553217515506e-06,2.7237601355559278,3.9863137138648344e-11,7.401486830834377e-18,7.497632391333128,,4,789
185,True,Replace + Select,27.679425976994782,0.00040154385002458986,0.0007908380665138299,4.609664296551755e-06,2.678110140239295,3.9863137138648344e-11,7.401486830834377e-18,7.499176809368242,,4,789
186,True,Replace + Select,27.698940993253323,0.0004152233971674853,0.0008151553696966728,4.7514058350749455e-06,2.5974693654697365,3.9863137138648344e-11,7.401486830834377e-18,7.501079599639021,,4,789
187,True,Replace + Select,27.714934338596844,0.0004210147916671991,0.0008587762080831367,5.005664487775018e-06,2.734319224503718,3.9863137138648344e-11,7.401486830834377e-18,7.502493603399933,,4,789
188,True,Replace + Select,27.73112846146633,0.00044053760296031266,0.0008772114051357989,5.11312020248051e-06,2.650703387881239,3.9863137138648344e-11,7.401486830834377e-18,7.504073615893709,,4,789
189,True,Replace + Select,27.753664227363675,0.0004139944670487331,0.0008260373219750503,4.814834935188375e-06,2.638454043127039,3.9863137138648344e-11,7.401486830834377e-18,7.505977273503225,,4,789
190,True,Replace + Select,27.76823133955601,0.0004040167157596612,0.0008049794699072193,4.692092198148603e-06,2.668008887089897,3.9863137138648344e-11,7.401486830834377e-18,7.507074738214923,,4,789
191,True,Replace + Select,27.78812158998966,0.0004150118427962207,0.0008198354235468222,4.778685094954371e-06,2.675881713057188,3.9863137138648344e-11,7.401486830834377e-18,7.508663577048,,4,789
192,True,Replace + Select,27.799178804343725,0.000408223555244897,0.0008189173985577348,4.773334079121012e-06,2.783403203147701,3.9863137138648344e-11,7.401486830834377e-18,7.510050446861054,,4,789
193,True,Replace + Select,27.81343495199498,0.0004024311909118957,0.000804391139856197,4.68866291958246e-06,2.656291728506849,3.9863137138648344e-11,7.401486830834377e-18,7.511660191825544,,4,789
194,True,Replace + Select,27.82747763536258,0.0004260105549050767,0.000844354336330827,4.921601782499427e-06,2.58682469937758,3.9863137138648344e-11,7.401486830834377e-18,7.5127327613973645,,4,789
195,True,Replace + Select,27.8447368527815,0.00041051733703470575,0.0008161168593384193,4.757010199180231e-06,2.8164498685397623,3.9863137138648344e-11,7.401486830834377e-18,7.514267117267031,,4,789
196,True,Replace + Select,27.86229742005538,0.00040949145119768013,0.0008208856992347591,4.784806978238974e-06,2.7179068336388266,3.9863137138648344e-11,7.401486830834377e-18,7.516102528064876,,4,789
197,True,Replace + Select,27.883279826099685,0.0004084237687967277,0.000837244618975694,4.880160415880591e-06,2.763543660936017,3.9863137138648344e-11,7.401486830834377e-18,7.517976255087628,,4,789
198,True,Replace + Select,27.898036374185917,0.000405282832879015,0.0008125118634277466,4.735997274231009e-06,2.7355768509153036,3.9863137138648344e-11,7.401486830834377e-18,7.519226051800175,,4,789
199,True,Replace + Select,27.91386031330715,0.00041159917596316105,0.0008256922827596535,4.812823758666314e-06,2.62883135128348,3.9863137138648344e-11,7.401486830834377e-18,7.520873146481397,,4,789
200,True,Replace + Select,27.93448530380844,0.0004097815868100021,0.0008246075464419963,4.80650101007036e-06,2.648713840193181,3.9863137138648344e-11,7.401486830834377e-18,7.522755632936382,,4,789
0,False,Accumulate,0.2915999999997515,84.79691455317018,168.7791981726033,0.9837860325142517,0.08699317225269598,0.7219280948873623,0.2,1.7999999999992329,,4,789
1,False,Accumulate,0.4500876011007893,87.72087692612264,173.40978506397636,1.0107769576720884,0.15912483443892284,0.706564137405243,0.1924478299138537,2.2521278908612,300.0,4,789
2,False,Accumulate,0.4246817137155753,84.82353933114685,170.76072160785458,0.9953360049030666,0.1634469321567988,0.7254625315340306,0.20177429922601928,2.376012426764463,600.0,4,789
3,False,Accumulate,0.3929870652231536,86.70217820533114,173.83744086701006,1.0132696926198985,0.1646698918287561,0.7230050446349839,0.20053912964361137,2.430596967895849,900.0,4,789
4,False,Accumulate,0.3856491372220854,85.2917456442085,171.4003397986423,0.9990642335535872,0.13778272107445322,0.7097621569732641,0.19399883327120923,2.4391599773316894,1200.0,4,789
5,False,Accumulate,0.43105368502749786,85.09088085648655,173.5885193454897,1.0118187702389692,0.16915821222813524,0.706718434498275,0.19252241490314964,2.388751926360178,1500.0,4,789
6,False,Accumulate,0.401746725459675,85.52759244300086,169.72979006781674,0.989326875457325,0.16827192611527497,0.7126822399911348,0.1954245374329515,2.2633892189880074,1800.0,4,789
7,False,Accumulate,0.3628446079145585,85.65787831684004,172.31562687323603,1.0043992905361738,0.15678288486793246,0.711219428543087,0.194709191572177,2.3002111317551437,2100.0,4,789
8,False,Accumulate,0.3853435123346987,85.58746339104067,169.9413778428962,0.990560185604711,0.17434335855386743,0.7060258565970472,0.19218782796495126,2.4030228333462396,2400.0,4,789
9,False,Accumulate,0.3772298869895543,85.96406257127144,172.37061475952206,1.0047198058311355,0.13572757799478233,0.7094043932612217,0.193824784494666,2.3975703863417954,2700.0,4,789
10,False,Accumulate,0.38223814786600485,85.6573819613368,169.82895144924248,0.9899048707498,0.16227103828011818,0.7092808805024474,0.1937647282369707,2.371444641407096,3000.0,4,789
11,False,Accumulate,0.41215172607180917,85.26875282924205,167.70160964338058,0.9775049471949416,0.16580394447819985,0.7118111101221798,0.1949982595684641,2.4032826621468524,3300.0,4,789
12,False,Accumulate,0.4056185847236027,84.61579797411022,164.98792632518786,0.9616873359370971,0.16230933983174378,0.7052561879455658,0.19181658640186106,2.460163657578898,3600.0,4,789
13,False,Accumulate,0.3795387373739134,84.38057307920955,168.64078069452887,0.9829792199268013,0.14298411436240493,0.7124376396102192,0.1953047624406118,2.3859907668310187,3900.0,4,789
14,False,Accumulate,0.3764716229805965,84.44487790434543,165.8674667163024,0.9668140314136672,0.16596368728292502,0.7126016829006944,0.19538508342000932,2.390941318753701,4200.0,4,789
15,False,Accumulate,0.3939139138132471,84.16797993279225,168.61777423758735,0.9828451190942238,0.16385509732665232,0.7103858623563699,0.19430258591105515,2.3685571215300643,4500.0,4,789
16,False,Accumulate,0.3940404966635549,84.18553449742771,168.78722742762523,0.9838328337138521,0.15804380124168466,0.7104811940843825,0.19434905023237972,2.350557323830306,4800.0,4,789
17,False,Accumulate,0.4014114559860432,84.11957032549815,166.22554639674425,0.968901218649772,0.16567282768455877,0.7115237343510997,0.19485781429499738,2.4039867140494957,5100.0,4,789
18,False,Accumulate,0.40297101746230657,84.01058649381216,168.71915401155354,0.983436045029927,0.14373398771430762,0.7100081047156309,0.19411856354812396,2.41169648799197,5400.0,4,789
19,False,Accumulate,0.41236495448183463,84.03698807605296,167.88491769954595,0.9785734195378331,0.14305352166595664,0.7063145791233654,0.19232724984285252,2.3948503770410374,5700.0,4,789
20,False,Accumulate,0.40959477276924955,84.32166787681524,167.6876678429515,0.9774236827460122,0.14502235594416693,0.7052454416020426,0.1918114073896277,2.4005189465616104,6000.0,4,789
21,False,Accumulate,0.4071781049898548,84.45876347533267,167.221916804631,0.9747088969721154,0.17959781472633723,0.7056456891445566,0.19200438093721553,2.42010161169218,6300.0,4,789
22,False,Accumulate,0.399314022099461,84.3068081558324,167.209549889811,0.974636812270938,0.1675571819939622,0.7018913463459436,0.19020080830742067,2.3992325336022127,6600.0,4,789
23,False,Accumulate,0.39493018475440095,84.28459855496277,168.11951174510355,0.9799408294309323,0.1461509755787088,0.7004911719503466,0.18953188505013413,2.3846566920300085,6900.0,4,789
24,False,Accumulate,0.3962252372574466,84.33282372432187,168.58290961035675,0.9826418989482008,0.16516823154706406,0.7016029615130543,0.19006287047202372,2.412150783529048,7200.0,4,789
25,False,Accumulate,0.4121881429014621,84.49401900778862,169.18084588029913,0.9861271705756997,0.14403827884236498,0.6997299373647055,0.18916905021186656,2.422156373906198,7500.0,4,789
26,False,Accumulate,0.42632880482613317,84.88530772260613,169.7709055059329,0.9895665305462064,0.17897439069419924,0.7005769666180542,0.18957281522536715,2.4444904602680415,7800.0,4,789
27,False,Accumulate,0.4310633378746771,85.00087675071478,168.09734128206227,0.9798116014685381,0.17695273086145724,0.7003015352479515,0.18944144143956257,2.4444884423658153,8100.0,4,789
28,False,Accumulate,0.43669096699331605,85.18500883822804,169.4127761522852,0.9874790537732,0.16769529076758652,0.7006209238025227,0.18959378884562003,2.4721053414278624,8400.0,4,789
29,False,Accumulate,0.4288506452862077,85.37775815365694,172.62340701517857,1.0061932900811812,0.1603321780830401,0.6998043721620999,0.1892045028092166,2.4616121320062456,8700.0,4,789
30,False,Accumulate,0.41513481973560773,85.38298876361718,170.57211568746027,0.9942366521857746,0.1687076203517956,0.7004641303438658,0.18951898583080135,2.4513497195289875,9000.0,4,789
31,False,Accumulate,0.4179065921455682,85.5576484220941,171.57785173608036,1.0000989212790112,0.15556803867219604,0.7011618335572203,0.189852038641582,2.4620972738298037,9300.0,4,789
32,False,Accumulate,0.41766309639592697,85.5530328798541,171.91989675804894,1.0020926451427754,0.12563958125861693,0.7015015733664248,0.19001439558778396,2.4810458178195534,9600.0,4,789
33,False,Accumulate,0.4183254198396323,85.62130991440122,170.64168952960642,0.9946421866051391,0.16688682807837218,0.7032728094404799,0.19086276353022344,2.50055395182748,9900.0,4,789
34,False,Accumulate,0.4074562859377479,85.55982625526002,169.4862375340064,0.9879072480178047,0.16986653367371998,0.7004383945714715,0.18950671020463494,2.4922020067004573,10200.0,4,789
35,False,Accumulate,0.39648627399503644,85.6518028949637,169.32534631275234,0.9869694396981916,0.17184861660315345,0.702133043469785,0.19031648058256329,2.471710939156982,10500.0,4,789
36,False,Accumulate,0.3963516543678996,85.57938718525395,171.91606547907452,1.0020703132512716,0.1738761275493819,0.7036036768867524,0.1910215971593617,2.480357102351062,10800.0,4,789
37,False,Accumulate,0.39394283840517336,85.65303728506257,167.9202151914607,0.9787791627805105,0.18421442103120672,0.7031214624374486,0.1907901467579839,2.4862423800020177,11100.0,4,789
38,False,Accumulate,0.39604466630598334,85.62137314406543,167.42376368509147,0.97588542905577,0.16396824833181406,0.7035545844323184,0.1909980230740637,2.4892953476520137,11400.0,4,789
39,False,Accumulate,0.39959556365726245,85.86210165213592,171.80624884323353,1.001430210243035,0.1567711732853746,0.7046381174702891,0.1915189134789526,2.482310580245138,11700.0,4,789
40,False,Accumulate,0.40101947744230604,85.96257725596836,170.0514292172089,0.991201656864677,0.15613970918261075,0.7047268777016952,0.19156163744034327,2.486938233548397,12000.0,4,789
41,False,Accumulate,0.3944918231665159,85.98269904426513,173.2804742734229,1.0100232264600832,0.15845719528138202,0.7038749728603644,0.19115191781975663,2.467735791233261,12300.0,4,789
42,False,Accumulate,0.39261379519225154,85.95643032434455,168.07531052005794,0.9796831878003837,0.15804749109191624,0.7048016523645843,0.19159763592432996,2.4672231499224933,12600.0,4,789
43,False,Accumulate,0.3891083864138198,86.04086173403346,172.83308782891368,1.0074154848662746,0.16800548498718218,0.7049744886906714,0.1916808661130473,2.4612517755030265,12900.0,4,789
44,False,Accumulate,0.39591623513196106,86.03849013508308,170.96593358471384,0.9965321515770916,0.18451062546657665,0.7044936279286366,0.19144938220453148,2.469090260077737,13200.0,4,789
45,False,Accumulate,0.4017766990296075,86.00423176305405,174.30927152032837,1.0160199154641374,0.1623530725792463,0.7052203663371379,0.19179932327226956,2.481912041669846,13500.0,4,789
46,False,Accumulate,0.3947970125886367,86.02531324078937,171.79395145883817,1.0013585308232036,0.16470404224615698,0.705976812801562,0.1921641537567788,2.4893077913635175,13800.0,4,789
47,False,Accumulate,0.3946481143023806,85.9875824898703,172.43044104873005,1.0050685233765275,0.18533544586667858,0.7064521372086867,0.1923937062634865,2.486177563021103,14100.0,4,789
48,False,Accumulate,0.3965487396034895,86.06098027023859,171.05015053422935,0.9970230382475543,0.1787028600333993,0.7066378003053219,0.19248343438382592,2.506791360065341,14400.0,4,789
49,False,Accumulate,0.39322882484478694,85.94010089212483,173.65284227007987,1.0121936979283257,0.15246089845582705,0.7082471608716774,0.19326273115603593,2.4932837496107885,14700.0,4,789
50,False,Accumulate,0.39542742402065334,85.98456934537565,170.8373431528127,0.9957826192165342,0.19017233298695974,0.7063729169842141,0.19235543133851016,2.4956077263188043,15000.0,4,789
51,False,Accumulate,0.3921965194268337,85.93315917997897,172.03381349479238,1.0027566469610754,0.1836780199254433,0.7088984906114433,0.1935788993966397,2.4993804585588624,15300.0,4,789
52,False,Accumulate,0.3931439118248732,85.87782300036936,171.61821248510665,1.0003341774100025,0.15786446965343176,0.7086748323706873,0.1934702807011288,2.5013242511515816,15600.0,4,789
53,False,Accumulate,0.39050296922013344,85.92885789869469,170.76144199196375,0.9953402039028978,0.17190461018720873,0.7083009082751893,0.19328880422141984,2.4987023766986534,15900.0,4,789
54,False,Accumulate,0.39190423274022224,85.88619442538689,171.92021198746818,1.0020944825629259,0.16166735282637956,0.7088407103931947,0.19355083359932373,2.4771203452590114,16200.0,4,789
55,False,Accumulate,0.39483167488855525,85.9232380690264,172.8042379910121,1.0072473239324915,0.16666424602909297,0.7096097803091588,0.19392468678663363,2.480553811846345,16500.0,4,789
56,False,Accumulate,0.39236290467054763,86.03890763605501,170.27522632045395,0.9925061331666943,0.18623939701214642,0.7084812493295115,0.1933763106405296,2.4629266054565684,16800.0,4,789
57,False,Accumulate,0.39143769171196713,86.08111552312403,168.22547229557512,0.9805584559552913,0.1901678389359448,0.7074910332495558,0.1928962538582269,2.4561840065994596,17100.0,4,789
58,False,Accumulate,0.3930438959544956,86.14006751235235,168.2351254047295,0.9806147223320679,0.16088409561369904,0.7083989235951456,0.19333635967532226,2.464974818434887,17400.0,4,789
59,False,Accumulate,0.3923191341058891,86.14668244547406,172.73348323162125,1.0068349061418143,0.1671914315496776,0.7065601820162428,0.19244591826392876,2.4732763293113567,17700.0,4,789
60,False,Accumulate,0.3964515047400737,86.10007433842871,170.7538941770876,0.995296208938284,0.1461843869555327,0.7072994018606829,0.19280347028247577,2.486168057627204,18000.0,4,789
61,False,Accumulate,0.401789193012057,86.04268557053285,170.42534567584818,0.993381154061721,0.17284199919962867,0.7065747578142014,0.19245296286659982,2.489876388500298,18300.0,4,789
62,False,Accumulate,0.40037046483784416,86.06022887831008,174.56861908594044,1.0175316095317606,0.15146974457035464,0.7056526830299974,0.19200775442291532,2.4867145656604808,18600.0,4,789
63,False,Accumulate,0.401314139982811,86.07503310155829,174.15516667268741,1.0151216637939473,0.18974727498352115,0.7064600430920676,0.1923975263191655,2.492643696745348,18900.0,4,789
64,False,Accumulate,0.3955486939828023,86.03481962899929,170.72062112404888,0.9951022658150022,0.13676561438199364,0.7064445487127519,0.19239003962830334,2.4803890078383084,19200.0,4,789
65,False,Accumulate,0.39125022244584634,86.04755536042757,172.396727818403,1.004872014532631,0.16145853026998808,0.7067394732244388,0.19253258665382583,2.482073714908986,19500.0,4,789
66,False,Accumulate,0.3897082857737828,86.09838661519836,170.73399525129548,0.9951802213908357,0.1409441078680868,0.7073093759679553,0.19280829856627005,2.4787715606777385,19800.0,4,789
67,False,Accumulate,0.39174651352476025,86.06000599402314,172.0716799867735,1.0029773644802642,0.15936149134155836,0.7070450878369356,0.19268039681692256,2.473072782487212,20100.0,4,789
68,False,Accumulate,0.3902783380217109,86.05558299989036,169.09026850394474,0.9855992100291155,0.16023200172134555,0.7067622945631391,0.1925436207824608,2.482741945618198,20400.0,4,789
69,False,Accumulate,0.39244799987340934,86.05452866943875,175.4061814927464,1.0224136222803464,0.138506114770298,0.7065897115363372,0.1924601903545183,2.4852228304696795,20700.0,4,789
70,False,Accumulate,0.39547165065122597,86.02272111146846,172.93423381597555,1.0080050480967775,0.1424279437928398,0.7061553425882867,0.19225034496561957,2.489624159012098,21000.0,4,789
71,False,Accumulate,0.3962873074505305,85.90719625700928,171.94754942267895,1.0022538279515538,0.14312453376308823,0.7058834226096975,0.1921190797994257,2.482886848382584,21300.0,4,789
72,False,Accumulate,0.3966039896226505,85.91858787933784,175.01554085019959,1.020136642581243,0.15080555796718856,0.7050732071490461,0.1917284184189934,2.4852803174805054,21600.0,4,789
73,False,Accumulate,0.3990680307972738,85.90380927725889,171.13521821080732,0.9975188836653662,0.1674171726401214,0.70571693998484,0.19203875101702586,2.482128119188263,21900.0,4,789
74,False,Accumulate,0.3976891269188701,85.86464466636028,172.99528638710083,1.0083609134366562,0.15700796321607782,0.7067399927572631,0.19253283784212893,2.4795355968686628,22200.0,4,789
75,False,Accumulate,0.4000363980132038,85.87016441298745,169.8521198826955,0.9900399157166744,0.1383104669783884,0.7064786306861554,0.192406507944624,2.484481441381088,22500.0,4,789
76,False,Accumulate,0.401846538500624,85.91391627159975,170.62642206823034,0.9945531950977948,0.17245513480826244,0.7064849735834238,0.19240957294953223,2.487778819517014,22800.0,4,789
77,False,Accumulate,0.40391341252673435,85.9148537675569,170.95320884257671,0.9964579811596623,0.17148427550705736,0.7067241493821499,0.19252517787498155,2.4806457759413516,23100.0,4,789
78,False,Accumulate,0.4028929436022398,85.94817538345863,168.88648555931363,0.984411392947607,0.15793681114029418,0.7060942690790717,0.19222085594171479,2.482287557889521,23400.0,4,789
79,False,Accumulate,0.39991170008614096,85.98744870908884,172.77840480474524,1.0070967465621767,0.18825354083139878,0.7051923328209155,0.1917858143079822,2.481140348283117,23700.0,4,789
80,False,Accumulate,0.4012797626495265,85.9954561508689,173.6476510919908,1.01216343940979,0.16055963626819073,0.7053210922793626,0.19184786846758067,2.472581750436936,24000.0,4,789
81,False,Accumulate,0.4047595270600724,86.00495337265816,171.99955774487594,1.002556975860217,0.15583611825963367,0.7049737156721448,0.19168049379297636,2.472231009295939,24300.0,4,789
82,False,Accumulate,0.40522014445240934,86.0133146707799,171.37433273011695,0.9989126426523453,0.1949022057164876,0.7043643739664747,0.1913872009632632,2.473994079302817,24600.0,4,789
83,False,Accumulate,0.407324411885091,85.99187324845938,170.30123001429394,0.9926577043974534,0.16491111187543783,0.7043684631899212,0.1913891679332537,2.4819139840602187,24900.0,4,789
84,False,Accumulate,0.40573602086728,86.0008639465126,175.24518332307161,1.0214751905760766,0.17832346059377707,0.7047606034405228,0.19157787317614833,2.4929224045297267,25200.0,4,789
85,False,Accumulate,0.4036679591561594,85.97486896704362,173.30892524417155,1.0101890624631988,0.21127627849385633,0.7050156784736902,0.19170070584196552,2.4942070203326163,25500.0,4,789
86,False,Accumulate,0.4018324778612077,86.01236421042817,172.14242357556978,1.0033897171593933,0.16635934517007997,0.7050343160478816,0.19170968351282622,2.491870859261234,25800.0,4,789
87,False,Accumulate,0.40152359436247087,85.9834990734785,172.79033710575243,1.0071662979713178,0.15133497232560783,0.7048285011781154,0.19161056306549018,2.4848441160270136,26100.0,4,789
88,False,Accumulate,0.4008277205371169,85.97109495646312,172.47448229287815,1.0053252325048831,0.15906729934204827,0.7052947394332559,0.19183516660676372,2.4937415845582924,26400.0,4,789
89,False,Accumulate,0.4006157186505248,85.96073335662935,169.84183504762677,0.9899799671140216,0.2077939410032118,0.7047873564980451,0.1915907530698694,2.4900357250325413,26700.0,4,789
90,False,Accumulate,0.40047710297060096,85.92819338736155,172.99454892417168,1.0083566148872078,0.16882150704864607,0.70437123615093,0.19139050177365793,2.4818201784624128,27000.0,4,789
91,False,Accumulate,0.39975142445333284,85.97607240065328,171.34710271206666,0.9987539233805806,0.1495575921050395,0.703855388571698,0.19114250769356433,2.4758851848385786,27300.0,4,789
92,False,Accumulate,0.40150000486705745,85.96649668027786,171.44304710757254,0.9993131673941714,0.15874282665638811,0.7031723397533421,0.19081455521804522,2.471823905607781,27600.0,4,789
93,False,Accumulate,0.39789677860235506,85.91771402382028,171.468873755775,0.9994637066551902,0.17469603218340804,0.7035419402512295,0.19099195177045009,2.466230392663441,27900.0,4,789
94,False,Accumulate,0.3968724297351893,85.88424838879033,171.3896373049105,0.999001850487662,0.17037458759747165,0.7022318820202534,0.19036380037066114,2.471722056962137,28200.0,4,789
95,False,Accumulate,0.394350910965521,85.89152077711628,171.03507634722206,0.996935173304541,0.17204716871794623,0.7024005417239345,0.19044457080482607,2.463753233476676,28500.0,4,789
96,False,Accumulate,0.39568375085217455,85.85726402047706,173.2842603378417,1.0100452948034202,0.18487461540931593,0.7030277234782598,0.19074518235966767,2.460592135871667,28800.0,4,789
97,False,Accumulate,0.395502447300537,85.85373611191407,171.52046124941245,0.9997644016237789,0.17671125471163546,0.7028850576380207,0.19067676626316926,2.4599409968298356,29100.0,4,789
98,False,Accumulate,0.3976165833081823,85.86009932772484,175.11926241366686,1.0207412184206501,0.1285617985267391,0.7026205395259013,0.19054997080685873,2.460246726230454,29400.0,4,789
99,False,Accumulate,0.39714575050773687,85.86617366514163,175.55284396648526,1.023268493583922,0.17439362150095458,0.7032580723928472,0.1908556916090821,2.462665759282939,29700.0,4,789
100,False,Accumulate,0.39506017082396655,85.83807961182727,172.2969764800668,1.0042905804788953,0.16748575248894731,0.7031524419035831,0.19080500888011392,2.4605622415425903,30000.0,4,789
101,False,Accumulate,0.3966347911307736,85.8691307108986,175.0825654858123,1.020527318097326,0.16110494821664015,0.7039291565910915,0.1911779548268308,2.459163514371582,30300.0,4,789
102,False,Accumulate,0.39995276162422233,85.83535755806714,171.40040327427644,0.9990646035425607,0.19227529723540432,0.7041123936780319,0.191266028606357,2.4571758294066712,30600.0,4,789
103,False,Accumulate,0.4010334908812953,85.818689106188,168.42164426744512,0.9817019099353199,0.16785242135357778,0.7045590942495427,0.19148088322916193,2.449914052473344,30900.0,4,789
104,False,Accumulate,0.4021907642366422,85.82728215490853,172.1982482965936,1.003715110225641,0.163551855980978,0.7049016727301189,0.19164579743947244,2.449812230981699,31200.0,4,789
105,False,Accumulate,0.4022251461414454,85.84274692318452,168.40674288039833,0.9816150522146977,0.16045819972027045,0.7044666726629549,0.1914364131875218,2.453841883875611,31500.0,4,789
106,False,Accumulate,0.402170015059333,85.85235567492506,168.79140521999545,0.9838571853746318,0.13679468737088668,0.7041756708653331,0.19129645116920388,2.4616560939795487,31800.0,4,789
107,False,Accumulate,0.40337375778417867,85.82378024795321,174.06809405223123,1.0146141318898578,0.1627522677220134,0.7046411710981135,0.19152038318005643,2.465562423026305,32100.0,4,789
108,False,Accumulate,0.40557504480180157,85.81953318509579,169.747895494888,0.9894324089973482,0.1864042862255672,0.7045039997464363,0.19145437260973125,2.4711584187226214,32400.0,4,789
109,False,Accumulate,0.40831762345636324,85.83506512085596,172.9669804725844,1.008195922942328,0.1761031458393384,0.7050971464950655,0.1917399514389022,2.4689996377654757,32700.0,4,789
110,False,Accumulate,0.4069933112476798,85.81551773703421,171.80426283633335,1.0014186341372706,0.1783637095317362,0.7057118459279929,0.19203629356288862,2.4705724501792745,33000.0,4,789
111,False,Accumulate,0.40387605083696604,85.79686179846873,172.06040191432356,1.0029116264611833,0.18983084383947962,0.7058352266289017,0.1920958219965846,2.4582873716507807,33300.0,4,789
112,False,Accumulate,0.40207898602364245,85.78018058240477,169.88076218942192,0.9902068669855603,0.1669916858209257,0.7056220524918995,0.19199298022607433,2.4630430421798972,33600.0,4,789
113,False,Accumulate,0.40034000391230273,85.8397624253835,172.0146942183123,1.0026452038605242,0.15919559032427916,0.7058338971888378,0.19209518048671081,2.456170229342251,33900.0,4,789
114,False,Accumulate,0.4014991552255428,85.88702740357182,171.42039889886243,0.9991811547312858,0.1575288067931344,0.7055684817226845,0.19196714349400484,2.4543222628580246,34200.0,4,789
115,False,Accumulate,0.40289575676768064,85.86973392818483,175.42308709773965,1.02251216225591,0.19011768997816889,0.7053866934840434,0.19187949086608075,2.4542982220109564,34500.0,4,789
116,False,Accumulate,0.40093143184106295,85.89777800826057,174.37028437345637,1.0163755492943787,0.17883786524574133,0.7055272082003623,0.19194723966272492,2.4593172663187337,34800.0,4,789
117,False,Accumulate,0.4017182989819248,85.91565706107487,171.29679127334703,0.9984606663250668,0.18172644446206312,0.7056939141553868,0.19202764320575563,2.46522206587025,35100.0,4,789
118,False,Accumulate,0.4025267374798066,85.93099588185385,173.26924434974228,1.0099577690922157,0.16917998166443704,0.705295573401088,0.19183556856149386,2.4627624081581683,35400.0,4,789
119,False,Accumulate,0.40357655242458146,85.8722044564571,168.92632490862252,0.9846436099258775,0.1838060537924575,0.7054914165229847,0.19192998084650376,2.4566258223211177,35700.0,4,789
120,False,Accumulate,0.40109414374538693,85.92411645060398,174.0618640654817,1.0145778183274445,0.15570884382298703,0.7055725973202963,0.19196912830599192,2.4546863265258225,36000.0,4,789
121,False,Accumulate,0.40037727934166556,85.95185132269002,168.52900701781093,0.982327709650959,0.1868085825397943,0.7052187034905979,0.19179852194665284,2.455427217376205,36300.0,4,789
122,False,Accumulate,0.4018413420802537,85.94054158927665,173.38936330120129,1.0106579225943362,0.19128844123129313,0.7049372859432711,0.1916629483217876,2.4537276133119823,36600.0,4,789
123,False,Accumulate,0.3994922086018054,85.97672138789302,170.49793068880683,0.9938042400977476,0.14961440984825483,0.7046031385668482,0.19150207893784685,2.450546510921373,36900.0,4,789
124,False,Accumulate,0.3987994978181509,85.9946468778016,173.73040527339364,1.0126457998468448,0.185927451156076,0.7044929224300412,0.19144904275759425,2.4530977756747623,37200.0,4,789
125,False,Accumulate,0.399925816771297,86.0206563268305,169.66855089386337,0.9889699224404229,0.17105747797135407,0.7038649448187119,0.1911470993598992,2.4515986280513222,37500.0,4,789
126,False,Accumulate,0.40177150912263815,86.05275253810616,173.12753416033317,1.009131763834962,0.18078138252758638,0.7044730585381592,0.1914394855625991,2.4515886027537253,37800.0,4,789
127,False,Accumulate,0.40386264778482794,86.05599851045261,173.0083419001414,1.008437011862977,0.17314492273416032,0.704597843526343,0.1914995306674787,2.4600631591449886,38100.0,4,789
128,False,Accumulate,0.40433602878247915,86.09862963227658,172.4506627724448,1.0051863924596807,0.1339152876430708,0.7045050281244977,0.19145486742042322,2.4589844953311566,38400.0,4,789
129,False,Accumulate,0.40635969251835174,86.07747617824566,167.9488582671859,0.9789461185317629,0.19866477795158155,0.7047896709657386,0.1915918673736574,2.460726343738352,38700.0,4,789
130,False,Accumulate,0.40336485310135856,86.06022813850338,173.5649208989266,1.011681218796794,0.1856001748783172,0.7050158092421184,0.19170076883151702,2.4609435536412247,39000.0,4,789
131,False,Accumulate,0.4070231871690147,86.06155560682828,172.81720182470033,1.00732288797503,0.15150135672967815,0.7045214043688124,0.19146274710323244,2.454520347812047,39300.0,4,789
132,False,Accumulate,0.4063620168633643,86.00113990686964,170.6187183421144,0.9945082913523496,0.18598424884252096,0.7047224732448049,0.19155951720049819,2.4594536203402844,39600.0,4,789
133,False,Accumulate,0.4075413522305302,86.00609179938978,171.608527225241,1.0002777236320473,0.1853703321035218,0.704854961607991,0.19162330394134422,2.463054869798608,39900.0,4,789
134,False,Accumulate,0.40563397537945,86.01516181168971,173.32891626330985,1.0103055868075312,0.15185693646962972,0.7047645659579903,0.1915797808290655,2.4603515203124195,40200.0,4,789
135,False,Accumulate,0.4055493725905946,86.03549223308119,170.69794445029154,0.9949700872340639,0.16418575787047313,0.7053613307490232,0.1918672644838778,2.455970785373932,40500.0,4,789
136,False,Accumulate,0.4046787139382479,86.01234341453993,171.69733926324457,1.0007953943133459,0.16001977656280847,0.7054097766727287,0.19189061895100362,2.4579764780117523,40800.0,4,789
137,False,Accumulate,0.40525917141355616,85.98509748831925,175.50987933002676,1.023018059823734,0.17359406964615925,0.7056869998415035,0.1920243078033977,2.457578547856237,41100.0,4,789
138,False,Accumulate,0.4025906853665071,85.97501979467637,171.62302625614348,1.000362236085248,0.18721015610127772,0.705746195060485,0.19205286465588392,2.4630061962625525,41400.0,4,789
139,False,Accumulate,0.40391167939547196,86.03006895799228,172.69577264326384,1.0066150973590637,0.16562890895913543,0.7055994199817367,0.19198206439122498,2.4602523572684,41700.0,4,789
140,False,Accumulate,0.40218091180055826,86.0611196136804,169.29502885433686,0.9867927242471561,0.14776814200617439,0.705873631287474,0.19211435463139184,2.467151996227595,42000.0,4,789
141,False,Accumulate,0.4005018933615567,86.1112882840229,170.09879641846885,0.9914777524469726,0.18042332662568827,0.7061116191275186,0.19222923292500124,2.4620940835786502,42300.0,4,789
142,False,Accumulate,0.4012713735440081,86.08442975875369,170.08251746016066,0.9913828650912979,0.17266146000686855,0.705798569588808,0.19207813413329194,2.45994638235381,42600.0,4,789
143,False,Accumulate,0.3999465236337822,86.08747828144047,170.6048769782546,0.994427612331572,0.14738080254503488,0.7053220089211684,0.1918483102946146,2.4590734281165947,42900.0,4,789
144,False,Accumulate,0.3998515632036253,86.08907187936427,174.8549605049142,1.019200646306237,0.15473926845194957,0.7054413681144537,0.19190584964694316,2.4582384488361346,43200.0,4,789
145,False,Accumulate,0.39958700701841054,86.09500980351092,171.2168994980951,0.9979949903800653,0.16082949791529844,0.7055421964302951,0.19195446741316327,2.459223845587885,43500.0,4,789
146,False,Accumulate,0.3988609865276756,86.0924937441198,172.26903740765755,1.0041277282465395,0.17275707998910816,0.7051556376850239,0.19176813266559167,2.4563561711859143,43800.0,4,789
147,False,Accumulate,0.4004023642981434,86.10693313612188,172.70104742889464,1.0066458432121326,0.17796281764957894,0.7055726368591818,0.19196914737433,2.45814844025422,44100.0,4,789
148,False,Accumulate,0.4020009311458173,86.12356350769235,171.66194845168872,1.000589107125914,0.18462320619785602,0.7055050287012157,0.19193654450780173,2.4584235858184877,44400.0,4,789
149,False,Accumulate,0.4030561365195902,86.13460124536667,171.21855879943797,0.9980046621731685,0.1660086411561769,0.705512906097462,0.19194034300070778,2.4614526115877853,44700.0,4,789
150,False,Accumulate,0.4042447882996656,86.13335705940652,175.31756249524375,1.0218970768002016,0.16170363654607064,0.7055334267777588,0.19195023840903605,2.463845507380008,45000.0,4,789
151,False,Accumulate,0.40299692299687756,86.1192142040362,175.2270907450429,1.0213697319309973,0.1713458270852507,0.7059554759480104,0.1921538549082004,2.4618626044614125,45300.0,4,789
152,False,Accumulate,0.4037629127569895,86.12681269115373,169.52623033608734,0.9881403594469045,0.18234077911090843,0.7055214867368333,0.19194448067220157,2.464547050858043,45600.0,4,789
153,False,Accumulate,0.4025579891352434,86.15531686687191,171.89752402741362,1.0019622381960278,0.1782268640426045,0.7052639437249179,0.1918203242387601,2.4644732462031107,45900.0,4,789
154,False,Accumulate,0.40203855575377095,86.16793545570417,171.95092734640107,1.0022735173102704,0.17945372892420935,0.7054267677693695,0.19189881047779964,2.465816471544482,46200.0,4,789
155,False,Accumulate,0.401461195539686,86.1781274810863,173.8601164724923,1.013401864974038,0.17627999926778729,0.7058479706199511,0.1921019715935734,2.4704071947645474,46500.0,4,789
156,False,Accumulate,0.40126163014407235,86.19222534894291,169.25289646048589,0.9865471414914863,0.20794349898087666,0.705836784157543,0.19209657357098875,2.4738516252684666,46800.0,4,789
157,False,Accumulate,0.4018444568279532,86.17270053930224,170.80296067793924,0.9955822094568599,0.14489380641314226,0.7059518292885475,0.19215209479030157,2.4741317540691172,47100.0,4,789
158,False,Accumulate,0.4014919155996628,86.17055622459493,171.21005309102358,0.997955083805542,0.15884365699649922,0.7061863936167199,0.19226533928802564,2.4750764519519204,47400.0,4,789
159,False,Accumulate,0.4011903801789613,86.1566839452798,173.75086425527857,1.0127650518686329,0.19516048798225863,0.7067044638172243,0.1925156606497083,2.4710054981356397,47700.0,4,789
160,False,Accumulate,0.4029459211477776,86.15585605046371,176.70677011747492,1.0299945382753752,0.16176104501727623,0.7067730602613341,0.19254882619254132,2.4714457018631317,48000.0,4,789
161,False,Accumulate,0.40235592962463707,86.16511601432954,172.21304227453302,1.0038013418763403,0.19575093331397803,0.7067824889420096,0.1925533852303001,2.4700587177191378,48300.0,4,789
162,False,Accumulate,0.40196050244803694,86.17727764273619,172.5991865155074,1.0060521127943176,0.1452395629606814,0.706831470479796,0.19257707071059085,2.471755917899501,48600.0,4,789
163,False,Accumulate,0.4011716990919592,86.14397972172065,169.3036128775176,0.9868427590986035,0.15200907770108013,0.7070572365251746,0.19268627454268986,2.46739661132992,48900.0,4,789
164,False,Accumulate,0.40065577267179125,86.14799707074465,173.14627895827255,1.0092410241620327,0.1238210180100586,0.7075947754802667,0.1929464996182926,2.4630743576366387,49200.0,4,789
165,False,Accumulate,0.4013711513359007,86.15734880646202,172.64594961990002,1.0063246871958822,0.17123568169786518,0.7076449771811463,0.1929708180146689,2.466569368598201,49500.0,4,789
166,False,Accumulate,0.40467973704453,86.16336370803765,172.56709447783868,1.0058650536143046,0.14249181404927616,0.7075118177306191,0.19290631955561457,2.4669743007703007,49800.0,4,789
167,False,Accumulate,0.4054650629076664,86.1617684901404,172.82952215322436,1.0073947011323927,0.19725994837456967,0.7076048521132939,0.1929513806654358,2.4656599844304967,50100.0,4,789
168,False,Accumulate,0.40716626744956125,86.15385485663121,173.2040839019624,1.0095779596187007,0.1760830688184315,0.7078346375139166,0.19306271605757036,2.468017826966095,50400.0,4,789
169,False,Accumulate,0.4074268134012107,86.14770260055396,172.50760573231628,1.005518303555231,0.16839741662410304,0.7079557727458812,0.19312143078001343,2.4677266214885285,50700.0,4,789
170,False,Accumulate,0.4091222305489446,86.1490804566103,169.5835270370043,0.9884743324405054,0.16977626668261733,0.7076681778150091,0.19298205761849546,2.4686306471901047,51000.0,4,789
171,False,Accumulate,0.4086531633506911,86.1544253605938,173.47018201491184,1.0111290015103107,0.15016595857777776,0.7078672896105082,0.1930785411338265,2.463271189151628,51300.0,4,789
172,False,Accumulate,0.4086925069564076,86.17549256392556,171.26092570375081,0.998251611851536,0.20247261027187094,0.7080033799872344,0.19314451043277214,2.4636363514913753,51600.0,4,789
173,False,Accumulate,0.4081719299965952,86.17921352532049,169.70292509724797,0.9891702839869566,0.1565608566516759,0.7079058665270594,0.1930972391656959,2.4631824381174794,51900.0,4,789
174,False,Accumulate,0.40699481722890435,86.1429275103536,169.75981939977487,0.9895019114668926,0.16215885997412743,0.7083461458966639,0.19331075152505656,2.4620462977500805,52200.0,4,789
175,False,Accumulate,0.406901322977602,86.2059574114786,168.07390990823774,0.9796750238657246,0.1720878110454222,0.7081491670678386,0.19321520184897048,2.4615999938439326,52500.0,4,789
176,False,Accumulate,0.4064238867405937,86.26145634531724,173.14711621764775,1.00924590440846,0.1476075130028978,0.7078155481592204,0.1930534647834828,2.4597746254147217,52800.0,4,789
177,False,Accumulate,0.4060377492927373,86.24647890481278,174.51926145582343,1.0172439120688455,0.17012411596584512,0.7079810454647875,0.19313368251708504,2.4569637703562357,53100.0,4,789
178,False,Accumulate,0.405485500042125,86.26398575970566,171.7469364807278,1.0010844882913945,0.20222039120293803,0.7082321774751718,0.19325546319850337,2.453941156977748,53400.0,4,789
179,False,Accumulate,0.40724154760320574,86.2539006663796,171.91101582569038,1.002040879656835,0.17631590789170265,0.7083988371104947,0.19333631770988835,2.4552787780259,53700.0,4,789
180,False,Accumulate,0.40783645833732596,86.2509128239842,173.99845847965952,1.0142082376540522,0.17491943874286817,0.7087168576516725,0.19349068606376266,2.454846326966372,54000.0,4,789
181,False,Accumulate,0.4102591349763837,86.23932723756805,175.35260633198698,1.0221013415288351,0.1661400506089198,0.7089065006851714,0.19358279043823243,2.4560396421988533,54300.0,4,789
182,False,Accumulate,0.41128901166811704,86.2443212677927,170.13813108221723,0.9917070276965784,0.17298764288461307,0.7089483876832933,0.19360313893008457,2.4598651403614884,54600.0,4,789
183,False,Accumulate,0.4102770138566713,86.24128585056782,176.65393850676764,1.0296865915541455,0.178477290857775,0.7089714765246856,0.19361435616723888,2.4602852597587095,54900.0,4,789
184,False,Accumulate,0.4110739740227077,86.26264157423601,172.8782390576149,1.0076786639110151,0.17432834384805324,0.7092347625825653,0.19374230822989139,2.46117435178135,55200.0,4,789
185,False,Accumulate,0.41075983389234993,86.27544676402526,172.27946898581206,1.0041885321903703,0.17759949311411086,0.70963600981399,0.19393744830482726,2.4637086082735546,55500.0,4,789
186,False,Accumulate,0.41110171281714103,86.23490061321606,169.73211377352573,0.9893404199535955,0.15100796107649783,0.7095075349710513,0.19387494804116331,2.4642856404864313,55800.0,4,789
187,False,Accumulate,0.4101379522240334,86.21518254885002,171.9896789866671,1.0024993942124212,0.16585067075014853,0.7095645531183598,0.19390268398573993,2.462160797664912,56100.0,4,789
188,False,Accumulate,0.4103551746943095,86.17986929476416,169.96127937124544,0.9906761883220343,0.16220638851062535,0.7096971842650739,0.1939672145325105,2.459289941067134,56400.0,4,789
189,False,Accumulate,0.4099741357579482,86.17989598576418,170.23283200479736,0.9922590237121376,0.17530743159678286,0.7093789504794374,0.1938124119927836,2.4551681507632397,56700.0,4,789
190,False,Accumulate,0.40945616327668605,86.19629193781324,171.33372598588156,0.9986759526559642,0.19029930402515244,0.7092522506397752,0.19375080969997077,2.453222748778533,57000.0,4,789
191,False,Accumulate,0.40883417674004097,86.1860119971749,172.96235023371472,1.0081689340457312,0.15078164291496024,0.7091716933799698,0.1937116510905185,2.454047487221644,57300.0,4,789
192,False,Accumulate,0.40921208337949383,86.17347836231619,171.4040813755772,0.999086042586738,0.19112709948416895,0.7090742798687272,0.1936643079087668,2.456469768470785,57600.0,4,789
193,False,Accumulate,0.4099516322691139,86.18231304449176,174.2473370741937,1.0156589098206785,0.1611577935300018,0.7093958304976958,0.19382062045470155,2.4544838532924578,57900.0,4,789
194,False,Accumulate,0.41100210916381674,86.16867175478289,172.62499378831316,1.0062025391193534,0.19766291053124802,0.7094199510441089,0.1938323503856876,2.4525992991776704,58200.0,4,789
195,False,Accumulate,0.4105926160820097,86.16179177983173,171.36235784724033,0.9988428430405295,0.14678752644765325,0.7093877875215994,0.19381670925633074,2.4485904636908744,58500.0,4,789
196,False,Accumulate,0.41022030339910526,86.14065318632498,174.42003403031438,1.0166655318163318,0.16171974650858356,0.7094692251340755,0.19385631451907304,2.4491175441759214,58800.0,4,789
197,False,Accumulate,0.4092662480886367,86.12362631205426,169.56352992799106,0.9883577725992992,0.16570260817946075,0.7093743567666418,0.19381017820179897,2.445787666563495,59100.0,4,789
198,False,Accumulate,0.4085891776237932,86.12636256864835,175.18643862170808,1.0211327774273509,0.19176241735252542,0.7090942305589121,0.1936740031689084,2.443833749877256,59400.0,4,789
199,False,Accumulate,0.40852963121370856,86.13665403810103,173.72172302376913,1.0125951924497016,0.20269845483200585,0.7089198475212951,0.19358927406193707,2.4478550885617936,59700.0,4,789
200,False,Accumulate,0.40826993481502527,86.14960787475256,173.35138788106332,1.0104365701509361,0.19691396295042546,0.7090952320260997,0.19367448985416796,2.445287864597522,60000.0,4,789
0,True,Accumulate + Select,0.2915999999997515,84.79691455317018,172.04136980710334,1.0028006914558314,0.0742368562289758,0.7219280948873623,0.2,1.7999999999992329,,4,789
1,True,Accumulate + Select,6.286422114964311,50.72694819273076,101.60948885922573,0.5922649058232394,0.8685124685636842,0.19439184135190044,0.029999996713890576,3.474043365416761,300.0,4,789
2,True,Accumulate + Select,8.488126691052269,38.89506232413527,75.70240439744592,0.44125679515191435,1.076450593095925,0.1686608165800197,0.024999978257731058,3.3160830799945704,600.0,4,789
3,True,Accumulate + Select,10.983190673041305,33.776043503431204,66.42128616944919,0.38715869196339764,1.2851599132105798,0.12229145665762751,0.016666642797851083,3.181897613759951,900.0,4,789
4,True,Accumulate + Select,13.704880655618023,30.486749911087202,61.14545461430152,0.35640674237453696,1.4281417228639626,0.09694448050199703,0.012499980081722699,3.096152063756254,1200.0,4,789
5,True,Accumulate + Select,16.472398482610725,28.085323597063773,56.26451036776652,0.3279565255989404,1.3653662508644202,0.08079302655529888,0.009999983506605742,3.0118149343353644,1500.0,4,789
6,True,Accumulate + Select,19.141377388191916,26.24847059999575,51.99031444926724,0.30304294448008207,1.5868539986131185,0.06952955685039003,0.008333320259107733,2.9812545733926945,1800.0,4,789
7,True,Accumulate + Select,21.594664737136384,24.70626587314047,49.895097345061714,0.29083027049821847,1.5058024025338257,0.06119144977898,0.007142846813603155,2.9640160889095,2100.0,4,789
8,True,Accumulate + Select,23.67396672216832,23.29523108951749,46.097500648242644,0.2686947074199285,1.6175581690985912,0.05475059887443781,0.006249991904822072,2.97020186125016,2400.0,4,789
9,True,Accumulate + Select,25.497790740112098,22.070370765732793,43.60390202168185,0.2541599334307875,1.5991602242997165,0.049614024058647684,0.005555548964679818,2.970706878600628,2700.0,4,789
10,True,Accumulate + Select,27.036982678620788,20.96007528644516,41.95775044420455,0.24456478813529137,1.7630751009625818,0.04541465129636807,0.004999994626235554,3.001700746004157,3000.0,4,789
11,True,Accumulate + Select,28.39997874673005,19.98068758088089,39.17267389099171,0.22833103751792128,1.7284893058651916,0.041912561728461695,0.004545450252729018,3.0301055092504465,3300.0,4,789
12,True,Accumulate + Select,29.570932829587726,19.107375514205646,37.72843386640371,0.2199128012709716,1.722564555303286,0.038944038862351274,0.00416666323261268,3.056874697347849,3600.0,4,789
13,True,Accumulate + Select,30.57887981279079,18.240730755456322,36.70234151492933,0.2139318786550348,1.97061326855168,0.036393380181775195,0.0038461509535204475,3.0786814169932106,3900.0,4,789
14,True,Accumulate + Select,31.524799742076613,17.473965277277912,34.948490943871995,0.20370897373781363,1.869874690632368,0.03417640526326637,0.0035714262544604605,3.102343502445747,4200.0,4,789
15,True,Accumulate + Select,32.300109198042264,16.78012251968439,33.7006624847674,0.19643558802243968,2.0624481255625278,0.03223033990743704,0.00333333147239843,3.1258177418564026,4500.0,4,789
16,True,Accumulate + Select,33.067636336375784,16.1883179666384,32.832577032656495,0.19137566149084087,2.053569934007273,0.030507383329623508,0.0031249985318890948,3.1527756879386684,4800.0,4,789
17,True,Accumulate + Select,33.71802605346295,15.624102754291489,30.882655921908526,0.18000989382498933,1.9328893278880077,0.028970467704194206,0.0029411753283700437,3.1690789771707153,5100.0,4,789
18,True,Accumulate + Select,34.30744502487394,15.116547139364174,30.267242534664963,0.1764227509712038,2.0693496771848032,0.027590388178676026,0.0027777768640902664,3.1907401497587244,5400.0,4,789
19,True,Accumulate + Select,34.832502861260316,14.635584866999851,29.436626367955796,0.17158122670733486,2.129694085525073,0.026343811366159788,0.00263157821627713,3.207307440931105,5700.0,4,789
20,True,Accumulate + Select,35.3176968549545,14.20568178907725,28.296308562924086,0.16493450281384733,2.05430489578204,0.025211860843720187,0.0024999994156167417,3.2249824908200275,6000.0,4,789
21,True,Accumulate + Select,35.74375006103931,13.792068124888168,27.793174131045227,0.16200181542157033,2.0861799444134568,0.024179095227996664,0.002380951915196879,3.2373638353820056,6300.0,4,789
22,True,Accumulate + Select,36.13942472056725,13.420963270969503,27.0915924911305,0.15791241207394507,2.02086924165401,0.023232756009009117,0.0022727268996739556,3.2476196367057546,6600.0,4,789
23,True,Accumulate + Select,36.544984686698264,13.063822076912002,25.751494291531802,0.15010120130130913,2.2439058983333466,0.02236220568824674,0.0021739127506972353,3.2627418677237574,6900.0,4,789
24,True,Accumulate + Select,36.89207437647232,12.715372971356093,25.32149888619085,0.14759482919858635,2.1114489009201822,0.021558501655822425,0.002083333101771464,3.2763900900645817,7200.0,4,789
25,True,Accumulate + Select,37.18717500620896,12.392746174883882,24.601745515918218,0.14339950584004577,2.200338138832006,0.020814069685714278,0.0019999998159315182,3.2861556548627866,7500.0,4,789
26,True,Accumulate + Select,37.480961430435094,12.097818516333419,24.676107993670207,0.14383295242438576,2.1032983818012223,0.0201224501358621,0.001923076776727141,3.295270515234255,7800.0,4,789
27,True,Accumulate + Select,37.76836463636032,11.829333506179893,23.17895546190979,0.13510629792409007,2.133444678930032,0.01947809894649874,0.0018518517390488393,3.30669887502272,8100.0,4,789
28,True,Accumulate + Select,38.03440745918867,11.56584213397598,23.169787930088365,0.1350528618972799,2.244276781781839,0.018876229851239483,0.0017857141970529739,3.3164787233038027,8400.0,4,789
29,True,Accumulate + Select,38.27895524578459,11.310176584777725,22.53583838249596,0.13135767483043334,2.32562073860881,0.018312688521227034,0.0017241378614141312,3.327219377116206,8700.0,4,789
30,True,Accumulate + Select,38.48702169852992,11.07114074815311,22.32491980218439,0.13012826530867427,2.2446907504694913,0.01778385085625827,0.0016666666118799547,3.334218309588879,9000.0,4,789
31,True,Accumulate + Select,38.69996086291469,10.841326849024654,21.53524772029143,0.12552539734364063,2.2971297755457165,0.017286540493789165,0.0016129031822831655,3.3420451606953923,9300.0,4,789
32,True,Accumulate + Select,38.89831070721947,10.619962163907715,21.113275629544255,0.12306579181474499,2.1706964112333504,0.016817961302498456,0.0015624999649291225,3.3498140152434726,9600.0,4,789
33,True,Accumulate + Select,39.082788825581744,10.416748754642674,20.55997530664004,0.11984069574039269,2.2211743987069625,0.01637564179137623,0.0015151514877057195,3.3560940887094914,9900.0,4,789
34,True,Accumulate + Select,39.27104908442441,10.219335952325263,20.282300794120484,0.1182221769302572,2.328070993366855,0.01595738898990867,0.0014705882136702804,3.36352915409083,10200.0,4,789
35,True,Accumulate + Select,39.446668797134606,10.031423008102085,20.4460795154275,0.11917681601012835,2.291918739194423,0.015561250074327447,0.0014285714114616603,3.368891226855496,10500.0,4,789
36,True,Accumulate + Select,39.6152836159253,9.852138394920566,20.070621367347886,0.11698833256030979,2.245917067961032,0.015185480151063257,0.0013888888753151494,3.373430087301391,10800.0,4,789
37,True,Accumulate + Select,39.765512900708416,9.679208161183706,19.470805846732404,0.11349210709143823,2.289070351838368,0.014828515123921398,0.0013513513405223737,3.3792055688899314,11100.0,4,789
38,True,Accumulate + Select,39.903375104153284,9.518384962683378,19.12446810859879,0.11147336169510103,2.390021659385593,0.014488948721469105,0.0013157894650389875,3.3863712422086643,11400.0,4,789
39,True,Accumulate + Select,40.04683216848336,9.36048041890046,18.64515199960402,0.1086795073677099,2.1919024171337056,0.014165512952444488,0.001282051275144256,3.391731048841783,11700.0,4,789
40,True,Accumulate + Select,40.16908809167055,9.210504859108289,18.452811753245197,0.10755838788197414,2.2778044859136983,0.013857061410123774,0.0012499999945256453,3.39669744454509,12000.0,4,789
41,True,Accumulate + Select,40.283263500622006,9.062796707766338,17.978353537916682,0.10479284941333838,2.3928547177463586,0.013562554946017094,0.0012195121907435684,3.401142674045136,12300.0,4,789
42,True,Accumulate + Select,40.40577625733129,8.924619158255307,17.598437164305246,0.10257837970422072,2.380363515572261,0.013281049335938704,0.0011904761870021774,3.4057294359579173,12600.0,4,789
43,True,Accumulate + Select,40.51626059514761,8.788612164887347,17.857578041054055,0.10408886901664334,2.259705712733704,0.013011684611504917,0.0011627906949183476,3.4112915074681367,12900.0,4,789
44,True,Accumulate + Select,40.63069577114908,8.659171347616661,17.430913834173808,0.10160191391881605,2.3376344832741536,0.012753675808837761,0.0011363636341708936,3.415019555620544,13200.0,4,789
45,True,Accumulate + Select,40.75197755956049,8.536486735741374,17.09948282806645,0.09967005739810239,2.310053496399288,0.012506304914224066,0.0011111111094076042,3.4194531642179484,13500.0,4,789
46,True,Accumulate + Select,40.852899995884655,8.414790102717035,17.09226475732809,0.0996279844575328,2.239998458095344,0.01226891382810457,0.0010869565203758713,3.4223868873709296,13800.0,4,789
47,True,Accumulate + Select,40.952018993185575,8.300767286432817,16.511604684583634,0.09624341292626795,2.40089143904235,0.012040898206569017,0.0010638297861534417,3.4256275731601717,14100.0,4,789
48,True,Accumulate + Select,41.04762579446712,8.1870083573102,16.33274330504989,0.0952008595260463,2.3145584718985113,0.011821702045582609,0.0010416666658221196,3.4292409762703304,14400.0,4,789
49,True,Accumulate + Select,41.13158886886478,8.079392132350428,16.392794243162275,0.09555088651274835,2.2991219962823273,0.011610812912336402,0.001020408162606746,3.432514989567758,14700.0,4,789
50,True,Accumulate + Select,41.220917223077805,7.973619771898413,16.188840407199013,0.09436207333392778,2.305255544234677,0.01140775773226536,0.0009999999994785688,3.436419072162798,15000.0,4,789
51,True,Accumulate + Select,41.30274137738641,7.87465681416661,16.027948465564144,0.09342426081533403,2.2162468293009803,0.011212099057740331,0.0009803921564530773,3.439564024122618,15300.0,4,789
52,True,Accumulate + Select,41.38481694470278,7.779526981619034,15.549230970472573,0.09063389570938257,2.3683850896884193,0.011023431754558558,0.0009615384612145581,3.4424880006068492,15600.0,4,789
53,True,Accumulate + Select,41.477624123972326,7.687829622475604,15.543693383732666,0.09060161803211227,2.426470535122662,0.01084138005379012,0.0009433962261622269,3.445910124042676,15900.0,4,789
54,True,Accumulate + Select,41.551516557947785,7.596343399652099,15.405215178250304,0.08979445147464428,2.2536322684717582,0.010665594921385397,0.0009259259257209057,3.4485670963139397,16200.0,4,789
55,True,Accumulate + Select,41.625525568244704,7.506249115166762,15.366410370784763,0.08956826466968054,2.0558052923281,0.010495751707459906,0.0009090909089277256,3.4510901623455714,16500.0,4,789
56,True,Accumulate + Select,41.6980531897039,7.4212294755239085,14.504789890485737,0.08454602138956052,2.4434809350278797,0.010331548039539605,0.0008928571427255094,3.454402150086061,16800.0,4,789
57,True,Accumulate + Select,41.76234513497323,7.336025595078583,14.608979237109972,0.0851533238596249,2.390853364809114,0.010172701932155375,0.0008771929823522821,3.4569628095316474,17100.0,4,789
58,True,Accumulate + Select,41.82318845292306,7.252808227963885,14.57896573668961,0.0849783801294727,2.3202371405926154,0.010018950086060416,0.0008620689654331234,3.4595667476393586,17400.0,4,789
59,True,Accumulate + Select,41.88930396678209,7.175168552322304,14.335530991089664,0.0835594392579503,2.4484943119904727,0.009870046356029054,0.0008474576270517297,3.4618795703276146,17700.0,4,789
60,True,Accumulate + Select,41.95075453357913,7.098456113196709,14.102876872149874,0.08220333687627049,2.266397606991128,0.009725760367287062,0.0008333333332796747,3.464847532637875,18000.0,4,789
61,True,Accumulate + Select,42.01051306033599,7.02194891892784,14.312354721163954,0.08342434861357256,2.4428564236891908,0.009585876264535186,0.0008196721311050121,3.4681555148832843,18300.0,4,789
62,True,Accumulate + Select,42.05958122654509,6.949060978852405,13.82802556753144,0.08060127407807297,2.413714448046786,0.009450191578565012,0.0008064516128695756,3.470197774502611,18600.0,4,789
63,True,Accumulate + Select,42.119168766144476,6.876418897524865,13.7410060643716,0.08009405178591922,2.2536546367511274,0.009318516197922492,0.0007936507936240386,3.4729503162842827,18900.0,4,789
64,True,Accumulate + Select,42.17830600146775,6.808633954344072,13.642126442905031,0.07951769882564726,2.3376219727505165,0.009190671434320851,0.000781249999978866,3.4746890398072394,19200.0,4,789
65,True,Accumulate + Select,42.234259881754305,6.742044599654185,13.444805899658924,0.07836755001302448,2.37414901944206,0.009066489171952883,0.0007692307692139901,3.476770748770286,19500.0,4,789
66,True,Accumulate + Select,42.28940143975121,6.674898922027998,13.358653118590729,0.07786537970059965,2.360719077895811,0.00894581109204917,0.0007575757575622712,3.4790141278802778,19800.0,4,789
67,True,Accumulate + Select,42.3404119395991,6.610647488084217,13.481592605322659,0.07858197363635029,2.3004147781835194,0.008828487964983622,0.0007462686567055902,3.4809851299277823,20100.0,4,789
68,True,Accumulate + Select,42.385252814141516,6.547839662311397,13.111017891898756,0.07642195491949053,2.4957293853186,0.008714379003138142,0.0007352941176384474,3.4828490048340996,20400.0,4,789
69,True,Accumulate + Select,42.4288155000685,6.485143167917317,13.05193180379906,0.07607755188394025,2.4319510580139974,0.008603351268518699,0.0007246376811525641,3.484275641433075,20700.0,4,789
70,True,Accumulate + Select,42.47307573241667,6.423290826279612,12.956881424499482,0.0755235189429585,2.390291950507762,0.008495279129778382,0.0007142857142802124,3.4861664379611956,21000.0,4,789
71,True,Accumulate + Select,42.52191747875515,6.365865350079224,12.707322456259417,0.07406888099052453,2.2226379223291994,0.008390043763883874,0.0007042253521082722,3.4880509067968486,21300.0,4,789
72,True,Accumulate + Select,42.56413475305743,6.308807272636775,12.583769112107817,0.07334870898139775,2.4317745343448647,0.008287532698187576,0.0006944444444409582,3.489937153821495,21600.0,4,789
73,True,Accumulate + Select,42.60441988690475,6.250963403726135,12.72499096546112,0.07417186780854584,2.2462523759792825,0.008187639389128837,0.0006849315068465032,3.490972952373035,21900.0,4,789
74,True,Accumulate + Select,42.64353197894836,6.194549612803519,12.545735769670525,0.07312701891849453,2.4897900733181455,0.008090262834179567,0.0006756756756734321,3.4921704992405354,22200.0,4,789
75,True,Accumulate + Select,42.69067935623015,6.1418620004667765,12.065608958711664,0.07032843914343306,2.6379489013270274,0.007995307213996793,0.0006666666666648836,3.4937452955046595,22500.0,4,789
76,True,Accumulate + Select,42.72973343334626,6.0896266412762685,12.249686268758111,0.07140139533997392,2.4784148969141575,0.007902681562074215,0.0006578947368406658,3.495018687332021,22800.0,4,789
77,True,Accumulate + Select,42.764438591891924,6.038024517863491,11.9741259607036,0.06979519987800639,2.4396380058784883,0.007812299459449207,0.0006493506493494846,3.4962358497452786,23100.0,4,789
78,True,Accumulate + Select,42.80195730826989,5.986716724401505,12.171113384550543,0.07094340699274457,2.3821361228491456,0.007724078752263543,0.00064102564102472,3.4977411795041293,23400.0,4,789
79,True,Accumulate + Select,42.84238096150121,5.935339593121616,11.87946473202316,0.06924343523162374,2.418038700509899,0.007637941290207978,0.0006329113924043308,3.499406108194771,23700.0,4,789
80,True,Accumulate + Select,42.87274567064806,5.887199774462939,11.678060431469934,0.06806948287305205,2.343178826394614,0.007553812684061627,0.0006249999999994107,3.500242247514043,24000.0,4,789
81,True,Accumulate + Select,42.90336597259122,5.840021889668667,11.716959174854003,0.06829621721494925,2.31968481975694,0.007471622080714132,0.0006172839506168135,3.501296358652851,24300.0,4,789
82,True,Accumulate + Select,42.940271571246306,5.7938512981505434,11.637021672767855,0.06783027473579369,2.3591921623407273,0.007391301954214412,0.0006097560975605923,3.5029173345063507,24600.0,4,789
83,True,Accumulate + Select,42.974397571166335,5.746969464529752,11.454815235674902,0.06676822354828348,2.432274734412781,0.007312787911526616,0.0006024096385539097,3.5042423093409143,24900.0,4,789
84,True,Accumulate + Select,43.007381422336174,5.700929373776556,11.288467724638503,0.06579861141792034,2.342224729355009,0.007236018511790377,0.0005952380952378484,3.5054979293455424,25200.0,4,789
85,True,Accumulate + Select,43.04309335886882,5.657015281896321,11.30855463686708,0.06591569470721649,2.5380207294582107,0.007160935098008801,0.0005882352941174502,3.5067864826367567,25500.0,4,789
86,True,Accumulate + Select,43.07478180341342,5.615258375751594,11.508362143425892,0.06708033961768133,2.393668244352688,0.007087481640163851,0.0005813953488370508,3.5078801322175006,25800.0,4,789
87,True,Accumulate + Select,43.10900176565458,5.573139286857096,10.932627418453999,0.06372447712400157,2.4149290200817073,0.007015604588873721,0.0005747126436780331,3.508973165290334,26100.0,4,789
88,True,Accumulate + Select,43.13419345219969,5.5321085119120195,11.033241295262957,0.06431093877184361,2.3882272227195482,0.006945252738761003,0.000568181818181716,3.5102777789268584,26400.0,4,789
89,True,Accumulate + Select,43.16569402471437,5.492280626311128,10.973514259291697,0.06396279975715347,2.4831357157148854,0.0068763771007943324,0.000561797752808907,3.51137704811124,26700.0,4,789
90,True,Accumulate + Select,43.196523421353,5.452016940164537,10.871288530856448,0.06336694289275868,2.434210423386819,0.006808930782916131,0.0005555555555554902,3.5126050041948487,27000.0,4,789
91,True,Accumulate + Select,43.23233300452988,5.4128859148576005,10.838923232751519,0.0631782909228564,2.466054824929822,0.006742868878336315,0.0005494505494504966,3.5134724959726857,27300.0,4,789
92,True,Accumulate + Select,43.25256408247763,5.373837264720608,10.864057193369403,0.06332479262250514,2.534592670181696,0.006678148360921838,0.0005434782608695226,3.5138418199072365,27600.0,4,789
93,True,Accumulate + Select,43.27914037927789,5.335122403401846,10.711431073771598,0.06243516021351824,2.372905116330956,0.0066147279871588095,0.0005376344086021164,3.5146152531775208,27900.0,4,789
94,True,Accumulate + Select,43.31054312996121,5.2980588449191135,10.651142701581705,0.062083749262846565,2.5599068839576846,0.006552568204209952,0.0005319148936169941,3.5154688407938335,28200.0,4,789
95,True,Accumulate + Select,43.33650233499581,5.260329219139582,10.366312634770477,0.060423521910169926,2.5519466572044323,0.006491631063628045,0.0005263157894736623,3.516816160862835,28500.0,4,789
96,True,Accumulate + Select,43.36210940286333,5.223842044552212,10.249415172285788,0.05974214593449319,2.371260866610167,0.0064318801403231846,0.0005208333333333159,3.5178725530177637,28800.0,4,789
97,True,Accumulate + Select,43.39171294525404,5.189246441162202,10.214695827662478,0.059539772616760446,2.369258927060411,0.0063732804564123,0.0005154639175257594,3.5188565502730738,29100.0,4,789
98,True,Accumulate + Select,43.4183990622081,5.155140461427787,10.292465453236735,0.05999307890226357,2.487122154241276,0.006315798409609752,0.0005102040816326418,3.519831959149501,29400.0,4,789
99,True,Accumulate + Select,43.442248005416765,5.120367324010383,10.080031278143746,0.05875483522918103,2.648611023269555,0.006259401705847369,0.000505050505050496,3.520572460715951,29700.0,4,789
100,True,Accumulate + Select,43.46097970713875,5.086691694542559,10.176926018927915,0.059319618648225776,2.3369690146258186,0.006204059295831604,0.0004999999999999927,3.5209096239848474,30000.0,4,789
101,True,Accumulate + Select,43.4827521269366,5.052674258665344,10.058804910154748,0.058631110240706864,2.521284573381891,0.006149741315273604,0.0004950495049504891,3.5214643742126723,30300.0,4,789
102,True,Accumulate + Select,43.50695462515507,5.02049563004934,10.057535088529505,0.058623708660463424,2.5897041128043394,0.006096419028544016,0.0004901960784313679,3.522574349153885,30600.0,4,789
103,True,Accumulate + Select,43.526762433120204,4.988400046041616,10.022573013922537,0.05841992050979996,2.578444427379816,0.006044064775526666,0.0004854368932038796,3.5237222358032447,30900.0,4,789
104,True,Accumulate + Select,43.54875629030857,4.9570342760860955,9.952193479562146,0.05800968984376846,2.40807656968635,0.005992651921458784,0.00048076923076922765,3.5244766933285847,31200.0,4,789
105,True,Accumulate + Select,43.57153464268384,4.925963148526443,10.053100515393663,0.05859786026706874,2.453325027894902,0.005942154809565075,0.00047619047619047364,3.525669586459133,31500.0,4,789
106,True,Accumulate + Select,43.59558335542542,4.894869216296932,9.737210244627795,0.05675658812244819,2.498088444150437,0.005892548716303235,0.0004716981132075451,3.5262699285043375,31800.0,4,789
107,True,Accumulate + Select,43.61591560751519,4.865202711250827,9.770719906075852,0.05695191039701645,2.377683420340479,0.005843809809056167,0.00046728971962616656,3.5270772645406927,32100.0,4,789
108,True,Accumulate + Select,43.63456869895447,4.835244604091495,9.778673804172266,0.05699827235356095,2.1857336091377153,0.0057959151061138655,0.0004629629629629616,3.527943465327163,32400.0,4,789
109,True,Accumulate + Select,43.65753516640356,4.806586349221398,9.668790911538288,0.05635778314543578,2.372572766649678,0.005748842438801955,0.00045871559633027417,3.528925164831291,32700.0,4,789
110,True,Accumulate + Select,43.67652577715163,4.777925191090892,9.432572066495966,0.054980902564858374,2.39526623489699,0.005702570415624375,0.00045454545454545373,3.5295723201336004,33000.0,4,789
111,True,Accumulate + Select,43.69375754153535,4.749663108576882,9.559429003572756,0.05572033067077968,2.5882169339925927,0.005657078388293428,0.00045045045045044975,3.530032066357585,33300.0,4,789
112,True,Accumulate + Select,43.71180779042764,4.721597650367323,9.350984481013459,0.05450534202248531,2.3218729947498615,0.005612346419535351,0.0004464285714285709,3.531018615364187,33600.0,4,789
113,True,Accumulate + Select,43.72912233018348,4.694999977451624,9.42244300279418,0.05492186192774103,2.4079616639832695,0.005568355252559968,0.00044247787610619425,3.5316932898069338,33900.0,4,789
114,True,Accumulate + Select,43.7440960626314,4.667654723073225,9.287524466632822,0.05413544409402746,2.3806917615298957,0.00552508628209862,0.0004385964912280698,3.532404674320061,34200.0,4,789
115,True,Accumulate + Select,43.76215750600029,4.640247664727923,9.36826267374588,0.054606053750359866,2.5697426674699573,0.005482521526913318,0.0004347826086956519,3.533226754176699,34500.0,4,789
116,True,Accumulate + Select,43.779496799287294,4.613693900121908,9.071851841428705,0.05287832403083988,2.5412466772264946,0.005440643603692081,0.00043103448275862047,3.5338782065541006,34800.0,4,789
117,True,Accumulate + Select,43.79601462175432,4.587945622647386,9.047559907299812,0.05273673036433649,2.4459727971055476,0.005399435702250582,0.0004273504273504272,3.5344660929808387,35100.0,4,789
118,True,Accumulate + Select,43.81132995439658,4.561827451255767,9.068990614549095,0.0528616464125641,2.442766818065678,0.005358881561961174,0.00042372881355932186,3.5349035555222934,35400.0,4,789
119,True,Accumulate + Select,43.826125782109436,4.5365971139962245,9.044231238848996,0.05271732810645021,2.46031560119112,0.005318965449341468,0.00042016806722689073,3.535501092267587,35700.0,4,789
120,True,Accumulate + Select,43.8411299172681,4.5111467218733,8.986257638050125,0.052379409575387156,2.4288673158456078,0.005279672136735203,0.00041666666666666664,3.535878384881464,36000.0,4,789
121,True,Accumulate + Select,43.855491058170884,4.486924220310288,8.912192513016969,0.0519476962108674,2.5353674451174633,0.005240986882023594,0.0004132231404958677,3.5365549604969346,36300.0,4,789
122,True,Accumulate + Select,43.86874383239676,4.462237284292575,9.004313143904412,0.05248465213289274,2.380627763140525,0.00520289540930903,0.00040983606557377044,3.536957117432555,36600.0,4,789
123,True,Accumulate + Select,43.885685689320596,4.438934951390311,8.87434043919436,0.05172706273273996,2.4325074258903756,0.005165383890518224,0.00040650406504065035,3.537614917606176,36900.0,4,789
124,True,Accumulate + Select,43.901088074572016,4.41539346817393,8.846619686153112,0.05156548304787343,2.494119069341189,0.005128438927872843,0.0004032258064516129,3.5382726652207173,37200.0,4,789
125,True,Accumulate + Select,43.91614708704048,4.391909325059153,8.828149795495387,0.051457825109881845,2.3204000644236724,0.005092047537180205,0.0004,3.5390324736754954,37500.0,4,789
126,True,Accumulate + Select,43.933246684233254,4.3691418813708465,8.65515436592011,0.050449463361824994,2.587943290381476,0.005056197131900416,0.0003968253968253969,3.5397695725018874,37800.0,4,789
127,True,Accumulate + Select,43.95043703207699,4.346243085303125,8.682090114947336,0.050606467388122085,2.579159117739228,0.005020875507946655,0.00039370078740157485,3.540487396540108,38100.0,4,789
128,True,Accumulate + Select,43.96649824047757,4.324297989474611,8.602636467599465,0.05014334521821338,2.449363267515035,0.004986070829181356,0.000390625,3.541378434199047,38400.0,4,789
129,True,Accumulate + Select,43.983684573762424,4.302284362760254,8.681686275566006,0.0506041134751575,2.5056257790272585,0.00495177161356882,0.00038759689922480625,3.541859697872226,38700.0,4,789
130,True,Accumulate + Select,43.999046347271644,4.279885483675886,8.515998571864792,0.049638347252628584,2.5171905423811727,0.0049179667199518,0.00038461538461538467,3.5422897869017014,39000.0,4,789
131,True,Accumulate + Select,44.01448679280497,4.258190772335588,8.502668110218709,0.04956064619635877,2.264072697395367,0.004884645335418946,0.00038167938931297715,3.5429238160959837,39300.0,4,789
132,True,Accumulate + Select,44.02752476655129,4.237048483584042,8.334677420486521,0.04858145624913583,2.594283096084793,0.004851796963231574,0.00037878787878787884,3.5434197222246553,39600.0,4,789
133,True,Accumulate + Select,44.042443786332036,4.2166147723413765,8.386674901907716,0.048884540968709964,2.336645856365542,0.004819411411281872,0.00037593984962406017,3.544140492495908,39900.0,4,789
134,True,Accumulate + Select,44.05666282412412,4.196148876059574,8.491147513440824,0.04949349454308025,2.418958747994666,0.004787478781055075,0.000373134328358209,3.5448819715145015,40200.0,4,789
135,True,Accumulate + Select,44.06939803795072,4.174863526639356,8.259695724695785,0.04814440034525767,2.31132976590647,0.004755989457070091,0.0003703703703703704,3.5452756440291355,40500.0,4,789
136,True,Accumulate + Select,44.08178416122841,4.153751798905328,8.306668296751102,0.0484181956991853,2.4880408716710987,0.004724934096774355,0.00036764705882352946,3.545648634196295,40800.0,4,789
137,True,Accumulate + Select,44.095505754872946,4.13433389885633,8.209372494747416,0.0478510745606217,2.4446440617650014,0.004694303620870552,0.00036496350364963507,3.5462449052079075,41100.0,4,789
138,True,Accumulate + Select,44.109112530395954,4.114678307266544,8.13197548580157,0.0473999401958202,2.527184192716093,0.004664089204053074,0.0003623188405797102,3.5468668726704053,41400.0,4,789
139,True,Accumulate + Select,44.12097951765201,4.0954434334712655,8.280682631669327,0.04826672955507612,2.613648033225099,0.0046342822661353915,0.0003597122302158274,3.5472903018791015,41700.0,4,789
140,True,Accumulate + Select,44.13245451336982,4.07620090279614,8.22920006211153,0.04796664617159477,2.649055577989326,0.00460487446354705,0.0003571428571428572,3.5477137429911365,42000.0,4,789
141,True,Accumulate + Select,44.14612501879581,4.056635480773438,8.254769100459736,0.048115683867378,2.3278928957842693,0.004575857681184585,0.0003546099290780142,3.548163960988985,42300.0,4,789
142,True,Accumulate + Select,44.15960163109304,4.038377310107287,7.949472612361806,0.046336161129870705,2.7042650104817803,0.004547224024598064,0.00035211267605633805,3.548540177878363,42600.0,4,789
143,True,Accumulate + Select,44.17064132161736,4.01995752049215,8.073026948324193,0.04705633892009853,2.488191456672851,0.004518965812496795,0.0003496503496503497,3.5489530913402785,42900.0,4,789
144,True,Accumulate + Select,44.18302530389266,4.001231330550352,7.938667455850212,0.04627317965958095,2.49754918262121,0.00449107556956092,0.0003472222222222223,3.5491756439185043,43200.0,4,789
145,True,Accumulate + Select,44.19362586539769,3.9831204991302678,7.879406434951673,0.04592775696967756,2.3790360527394556,0.004463546019541802,0.0003448275862068966,3.5496129956298987,43500.0,4,789
146,True,Accumulate + Select,44.20228044471942,3.9651028021883077,8.052259637111472,0.04693528969765195,2.473707082475588,0.0044363700786400504,0.0003424657534246576,3.5499653850414465,43800.0,4,789
147,True,Accumulate + Select,44.21544486774616,3.9469839726468834,7.862877353700604,0.04583141168873562,2.5692504081386813,0.004409540849146318,0.00034013605442176874,3.5505712686791777,44100.0,4,789
148,True,Accumulate + Select,44.226361180285735,3.9290468228025692,7.9264096639905635,0.046201731018092225,2.44184080448484,0.0043830516133345765,0.00033783783783783786,3.5508164954430304,44400.0,4,789
149,True,Accumulate + Select,44.23808976637052,3.911847490393588,7.906900621022931,0.046088016033146925,2.5401196849221654,0.004356895827594444,0.00033557046979865775,3.5512456934396064,44700.0,4,789
150,True,Accumulate + Select,44.25012560867751,3.894143137688903,7.813426193059207,0.04554316905186236,2.4501406736617786,0.004331067116792513,0.0003333333333333334,3.551534679790398,45000.0,4,789
151,True,Accumulate + Select,44.26067149560484,3.877341238931896,7.9147794380913155,0.04613394035479636,2.530879449398062,0.004305559268853763,0.0003311258278145696,3.5517515629476364,45300.0,4,789
152,True,Accumulate + Select,44.26940694909574,3.8607830688084346,7.776089627447554,0.045325540385839004,2.575246159542381,0.004280366229548973,0.0003289473684210527,3.55205972592742,45600.0,4,789
153,True,Accumulate + Select,44.280182609555006,3.8436275402141393,7.76547133948849,0.045263648141436595,2.39658197612719,0.004255482097484259,0.00032679738562091506,3.552540215709692,45900.0,4,789
154,True,Accumulate + Select,44.29044585519708,3.826646846737589,7.758823272498231,0.04522489765844433,2.4310942592841447,0.0042309011192791564,0.00032467532467532473,3.553154611590886,46200.0,4,789
155,True,Accumulate + Select,44.300523368556014,3.8103731909200973,7.597735691539826,0.0442859447905896,2.4059103136855122,0.00420661768492821,0.0003225806451612904,3.5535530770611286,46500.0,4,789
156,True,Accumulate + Select,44.31113394049906,3.7943609173338775,7.4946361839861195,0.04368499481222373,2.526835979765037,0.004182626323335029,0.00032051282051282057,3.554087305503882,46800.0,4,789
157,True,Accumulate + Select,44.32065560145736,3.778101578605665,7.4458082293369285,0.043400384740009804,2.5593953255039725,0.004158921698015066,0.00031847133757961787,3.5545819841887,47100.0,4,789
158,True,Accumulate + Select,44.32998864712108,3.7620988051417323,7.552599631450541,0.044022854161179494,2.481003850926043,0.004135498602955143,0.0003164556962025317,3.5547014727391817,47400.0,4,789
159,True,Accumulate + Select,44.33908572043096,3.7463472290692557,7.449242893644931,0.043420404830217446,2.4649270890654487,0.004112351958627873,0.0003144654088050315,3.5548462382319803,47700.0,4,789
160,True,Accumulate + Select,44.347074722882205,3.7307125520141367,7.445526877548578,0.04339874478696702,2.401576195280154,0.004089476808149607,0.00031250000000000006,3.555091836261005,48000.0,4,789
161,True,Accumulate + Select,44.355216578984695,3.715791632982124,7.470366244508664,0.04354352934890598,2.488637566970369,0.004066868313579954,0.00031055900621118014,3.5554697467193357,48300.0,4,789
162,True,Accumulate + Select,44.36310828264139,3.7000051330266532,7.425312077767369,0.04328091606227734,2.4228950036206216,0.00404452175235456,0.000308641975308642,3.555822103470361,48600.0,4,789
163,True,Accumulate + Select,44.372369589817325,3.6852857308440137,7.431838462551591,0.043318957279815086,2.4587958270523655,0.004022432513844607,0.00030674846625766873,3.556293297985502,48900.0,4,789
164,True,Accumulate + Select,44.38200111535066,3.6705454342585413,7.1971398479983435,0.04195093787133439,2.3480799767658733,0.0040005960960415605,0.00030487804878048786,3.556704774271453,49200.0,4,789
165,True,Accumulate + Select,44.39187249629737,3.656118328460245,7.169726231177767,0.04179114843270226,2.3759736934977873,0.003979008102357884,0.0003030303030303031,3.55701953322364,49500.0,4,789
166,True,Accumulate + Select,44.40048482648965,3.6412597841260466,7.2298144019212645,0.04214139244225332,2.4089652686862006,0.00395766423854089,0.00030120481927710846,3.5573621809343057,49800.0,4,789
167,True,Accumulate + Select,44.410689149704865,3.6266901863890877,7.218933992145562,0.04207797233313287,2.6466715667664404,0.0039365603096949975,0.00029940119760479047,3.5578137914791816,50100.0,4,789
168,True,Accumulate + Select,44.42126375571339,3.612147733325579,7.171515170571144,0.0418015758645616,2.6386283008857863,0.0039156922174082105,0.00029761904761904765,3.5579490455902487,50400.0,4,789
169,True,Accumulate + Select,44.43005430683487,3.5980597322798373,7.16522503275222,0.041764911691512745,2.498571758354191,0.003895055956976982,0.00029585798816568053,3.5582909260569178,50700.0,4,789
170,True,Accumulate + Select,44.44227051534548,3.5839174149242305,7.171552542341583,0.04180179369843074,2.651848543760112,0.0038746476147280056,0.00029411764705882356,3.55883985337362,51000.0,4,789
171,True,Accumulate + Select,44.45103616333189,3.570415056408559,7.194018687636884,0.04193274514378214,2.4167989512918346,0.003854463365430962,0.0002923976608187135,3.5591919255922386,51300.0,4,789
172,True,Accumulate + Select,44.46015960644044,3.55619444968635,7.101941482235822,0.041396042341734975,2.501822401936936,0.0038344994697992823,0.0002906976744186047,3.559497467695227,51600.0,4,789
173,True,Accumulate + Select,44.4673250513614,3.542295421819386,6.9353817465306475,0.04042519318887643,2.541596327993332,0.003814752272075991,0.00028901734104046245,3.559779677840215,51900.0,4,789
174,True,Accumulate + Select,44.47747133399966,3.5285645591705075,7.009246145645358,0.04085573655521472,2.4715116724158572,0.0037952181977003304,0.0002873563218390805,3.560144907121962,52200.0,4,789
175,True,Accumulate + Select,44.484493650582465,3.5152406903169275,7.0760456948720165,0.04124510007997936,2.4023017097091586,0.003775893751053152,0.00028571428571428574,3.5605682494735573,52500.0,4,789
176,True,Accumulate + Select,44.49173076604895,3.501740201157418,7.15275107584232,0.041692203059696675,2.3988405326425877,0.0037567755132760635,0.00028409090909090913,3.560873814399802,52800.0,4,789
177,True,Accumulate + Select,44.49778629179337,3.4887399335805656,6.875439935015192,0.04007580228305994,2.5325996810699127,0.0037378601401647617,0.0002824858757062147,3.5610454210715456,53100.0,4,789
178,True,Accumulate + Select,44.50376002952684,3.475694343785555,6.851968906112711,0.03993899353735547,2.568350758077795,0.0037191443601290847,0.0002808988764044944,3.561343176253846,53400.0,4,789
179,True,Accumulate + Select,44.512279425773535,3.4627205570292467,6.889648402630038,0.04015862109091221,2.5296989397878082,0.003700624972222318,0.0002793296089385475,3.561647417685399,53700.0,4,789
180,True,Accumulate + Select,44.51931912735006,3.4499971086961048,6.96464041699418,0.04059573714004821,2.607841122061009,0.003682298844233122,0.00027777777777777783,3.561775981382448,54000.0,4,789
181,True,Accumulate + Select,44.5292828687642,3.4371057026332994,6.884336213839686,0.040127657221012296,2.433968667924682,0.003664162910838994,0.00027624309392265195,3.5621443980224696,54300.0,4,789
182,True,Accumulate + Select,44.53468203943711,3.4246349670271155,6.838651837670153,0.039861370547853964,2.452935900571366,0.003646214171821193,0.0002747252747252748,3.5624854698101944,54600.0,4,789
183,True,Accumulate + Select,44.54289198275032,3.412642243940021,6.9090045421166355,0.04027144482675457,2.457445170042811,0.0036284496903338176,0.00027322404371584705,3.5628654836329243,54900.0,4,789
184,True,Accumulate + Select,44.55085351412209,3.4001146849119523,6.685801871093313,0.038970433371847316,2.741224557666883,0.00361086659123033,0.00027173913043478267,3.5632330464968587,55200.0,4,789
185,True,Accumulate + Select,44.55768797515606,3.3875857724331544,6.678494409401049,0.03892783938619139,2.530713338885751,0.003593462059442456,0.00027027027027027033,3.563588662964215,55500.0,4,789
186,True,Accumulate + Select,44.56586293136865,3.3755222784961973,6.973752873162433,0.04064885213998474,2.78474945244339,0.0035762333384093074,0.0002688172043010753,3.5638958548074253,55800.0,4,789
187,True,Accumulate + Select,44.57387320011066,3.363438432645866,6.723786861200681,0.039191841597016185,2.6315215022196123,0.0035591777285569025,0.00026737967914438503,3.564331976257936,56100.0,4,789
188,True,Accumulate + Select,44.58325200017849,3.351985750881215,6.609874455580431,0.038527865024117106,2.6389055282929332,0.0035422925858241664,0.0002659574468085107,3.5645432463034155,56400.0,4,789
189,True,Accumulate + Select,44.589353008004025,3.3399293839285775,6.758893763870108,0.03939647392650326,2.5321177236953147,0.003525575320235377,0.00026455026455026457,3.5648884583473825,56700.0,4,789
190,True,Accumulate + Select,44.595855535029635,3.328426272834945,6.588451091788488,0.038402991779687826,2.7572517075554135,0.003509023394515445,0.00026315789473684215,3.5652784551363665,57000.0,4,789
191,True,Accumulate + Select,44.60392936056569,3.31734104272114,6.570071589241196,0.038295860699043074,2.4721687434122055,0.0034926343227493677,0.0002617801047120419,3.5657374004975697,57300.0,4,789
192,True,Accumulate + Select,44.61146232047124,3.3059204523635413,6.501419085356267,0.037895696608027225,2.461161449131976,0.0034764056690812484,0.0002604166666666667,3.565967133347414,57600.0,4,789
193,True,Accumulate + Select,44.618641928228364,3.294633702875268,6.701202225433157,0.039060199490298805,2.55218652782589,0.003460335046452887,0.0002590673575129534,3.566126202606063,57900.0,4,789
194,True,Accumulate + Select,44.623449203110894,3.283497031241046,6.4995106958371025,0.03788457292113999,2.667514095871214,0.003444420115381437,0.0002577319587628866,3.566373138846599,58200.0,4,789
195,True,Accumulate + Select,44.63057349569717,3.272402549686708,6.584830983108338,0.03838189076490475,2.40700070543443,0.0034286585827723987,0.00025641025641025646,3.5666774426331362,58500.0,4,789
196,True,Accumulate + Select,44.636680710207116,3.2610801009699624,6.427912649274205,0.037467239749004344,2.617685392400843,0.0034130482007697412,0.00025510204081632655,3.5668106690917316,58800.0,4,789
197,True,Accumulate + Select,44.64334205656408,3.2499823085803428,6.465639184129686,0.03768714148125472,2.641816633713291,0.0033975867656381316,0.0002538071065989848,3.5671664980758093,59100.0,4,789
198,True,Accumulate + Select,44.64948817889156,3.2391421261415774,6.515588803783012,0.03797828955327061,2.294912439962131,0.0033822721166808603,0.0002525252525252526,3.5675475957590304,59400.0,4,789
199,True,Accumulate + Select,44.65636285495065,3.2281039857194807,6.520670645801752,0.0380079107699348,2.3749173567622233,0.00336710213518661,0.0002512562814070352,3.567774076814064,59700.0,4,789
200,True,Accumulate + Select,44.663424668198,3.217541174125227,6.432089626565901,0.03749158665882612,2.4514875748893807,0.0033520747434102076,0.00025,3.5681518531017447,60000.0,4,789
0,False,Replace,0.2915999999998552,63.3583760862777,127.35547150697272,1.0161262953480983,0.08357612487551826,0.7219280948873623,0.2,1.799999999999553,,5,2024
1,False,Replace,0.4039432176476358,65.51213964421999,131.44564405024553,1.0487604006955293,0.12333209023292444,0.691366634443788,0.1852211014789711,4.841069942629881,,5,2024
2,False,Replace,1.0931520746212886,63.69961560061741,127.18593576164929,1.0147736268935266,0.18140933769380177,0.718224242179977,0.1981557584927417,4.559226190739501,,5,2024
3,False,Replace,1.308560798480928,60.75668575341773,120.7687553340456,0.9635731115381714,0.2256271481073316,0.6726394908298401,0.17662573329256642,3.9470105371861988,,5,2024
4,False,Replace,1.8706171915046588,62.680423371202096,126.83936716153734,1.0120084730799628,0.3185788678884408,0.6714421583253999,0.17608724956879349,4.183881585236848,,5,2024
5,False,Replace,1.1998647590489044,64.40107965879169,131.0151516674764,1.045325647363751,0.2705475606648807,0.7191895169317962,0.19863491881842582,4.677411497632663,,5,2024
6,False,Replace,1.0843307208564654,60.2298379010667,120.37993563539236,0.9604708504788242,0.30154818945953776,0.6585538550590582,0.17037147669014094,3.8444091780631577,,5,2024
7,False,Replace,0.7896613537601022,62.1707908312876,124.6166576956083,0.9942742249277271,0.3366750016581439,0.6391938161850568,0.16205104997934905,4.481532893320513,,5,2024
8,False,Replace,1.457210447540587,61.0274136568424,124.88326846778847,0.9964014222364074,0.3716507274999612,0.6354104593151831,0.16046065907905732,4.12041943411661,,5,2024
9,False,Replace,2.3191783494749565,62.178885716210736,125.00051055545633,0.9973368572576997,0.4402573943996032,0.5585170217121316,0.1303937367787889,5.119713332449546,,5,2024
10,False,Replace,2.4049185097862105,63.73384570334832,124.65005602275697,0.9945406989004182,0.44070839325900013,0.5479249891278549,0.12655894700210257,4.456048922709618,,5,2024
11,False,Replace,2.476573649374483,61.62440148090005,121.43773780729069,0.9689106967565193,0.41788465956042353,0.5572879095357229,0.12994521198245962,4.849360781713608,,5,2024
12,False,Replace,1.875735569453897,59.669833374635054,121.40432901306926,0.9686441392705898,0.38245880640864083,0.5289991699149177,0.11987420729412045,4.731513562396295,,5,2024
13,False,Replace,1.1773261915037905,62.07539932287504,127.15049438409801,1.0144908521116733,0.37266868865859665,0.5574078849462978,0.12998895195571677,6.608876788135719,,5,2024
14,False,Replace,1.4010248479483216,68.41994426355559,138.9252632574175,1.1084377562552552,0.4079630249584615,0.6098191124175535,0.14999153171219268,7.052953464700307,,5,2024
15,False,Replace,1.4872628983656344,67.0611169297807,135.1509074956305,1.0783234463463918,0.3755903979356283,0.6342727981166576,0.15998463612871222,7.430400282964234,,5,2024
16,False,Replace,1.012263025145347,62.29264382320622,126.89908926599057,1.0124849755814287,0.3394590456990271,0.7285096775514127,0.20331546858823768,7.362267946378315,,5,2024
17,False,Replace,1.4293954770381339,55.79665484509786,110.10867662497918,0.8785199437504824,0.42046704908838406,0.6500163826980471,0.16666406584746435,6.510510958658957,,5,2024
18,False,Replace,2.3611418336676753,57.04333394254366,112.23045842543655,0.8954489241462538,0.513877314216791,0.5842316494909418,0.1399972652334127,8.107760601346776,,5,2024
19,False,Replace,3.750110843441267,54.8398014230575,110.73313207685229,0.883502262903429,0.5566651792497559,0.5482141673516066,0.12666273558941635,8.248436260460968,,5,2024
20,False,Replace,4.563266248403251,53.91849081193183,106.89093904376885,0.852846702317596,0.5492738233958339,0.49991505491733707,0.10999970054504284,7.845445644841568,,5,2024
21,False,Replace,6.077299638665318,53.04914010351051,107.94016245288057,0.8612181015443251,0.6507349311787964,0.4794724161682555,0.10333288299417727,7.678348711765339,,5,2024
22,False,Replace,5.454109914387901,55.92958490773611,112.18919481707263,0.8951196957510904,0.605631808349385,0.5388659213288106,0.12333290682451682,9.291064609364055,,5,2024
23,False,Replace,4.110352683600625,52.57657555633803,103.39478849623676,0.8249520978549325,0.5975643078281889,0.5197027768377058,0.1166666633568284,8.302914481952032,,5,2024
24,False,Replace,4.316735319401768,53.95564077517014,109.24946062908927,0.8716645495025828,0.5702504394938381,0.5293608651275823,0.11999999994441332,7.980323602505763,,5,2024
25,False,Replace,4.5062010410787625,49.46441675034281,99.81820334806675,0.7964157328789837,0.577377494264055,0.538867101083138,0.12333332377714015,7.479315289756177,,5,2024
26,False,Replace,4.270539613095938,49.229899151285636,99.62940288163566,0.7949093577209747,0.6086777528320465,0.5842388097882553,0.13999999929184248,6.903466577442025,,5,2024
27,False,Replace,5.6312565259753855,53.87357406846079,106.74693651490756,0.851697754773834,0.6894957604104572,0.6422246406916814,0.16333333257246666,7.272229983974901,,5,2024
28,False,Replace,5.653215244184908,57.547712180963615,113.22682348759386,0.9033985844745009,0.7133523511885135,0.6098403047157274,0.149999999999731,9.048053810984776,,5,2024
29,False,Replace,6.366369732626722,62.29259346613161,121.83141923913718,0.9720517479430606,0.684734341207117,0.6800770456557796,0.17999999996685903,9.131122814930714,,5,2024
30,False,Replace,7.177492203909628,64.95517105321193,126.80638436449357,1.0117453144816415,0.9078481106056242,0.7219280945530182,0.19999999983282787,8.52397550040894,,5,2024
31,False,Replace,6.800061695445691,63.49197991852457,123.8652452406402,0.9882789587243167,0.7554540336109032,0.7014714578866136,0.1899999990452401,9.607863152287809,,5,2024
32,False,Replace,7.266041158616543,54.0168242255111,106.90969890787218,0.8529963809375012,0.7825218541239796,0.6181194889047952,0.15333333325413107,8.888242373828904,,5,2024
33,False,Replace,8.592278505364696,56.863751279899475,115.18248671500314,0.9190021608792028,0.8547035382022007,0.6181194890868185,0.15333333332797056,9.756694734867303,,5,2024
34,False,Replace,10.219740715656211,50.70043918538341,103.1884987565311,0.8233061816921239,0.8697304738471859,0.5388671281220586,0.12333333333333334,8.729212053773464,,5,2024
35,False,Replace,11.116841015762219,51.89917632292061,105.02904565799383,0.8379912838103737,0.8854152085445335,0.5098891423431209,0.11333333333333329,9.822292936232634,,5,2024
36,False,Replace,10.63645166155343,49.954622517255835,102.54018372459103,0.8181334950079269,1.0568971640826443,0.4794738198001686,0.10333333327025598,9.114501592222933,,5,2024
37,False,Replace,12.459816650740976,47.64889608474271,95.80264712197992,0.7643769659261856,0.9259504567625306,0.44749925503614535,0.09333333333311439,8.225272100663892,,5,2024
38,False,Replace,13.633595719546815,49.98893016752643,104.04181083319881,0.8301144705624821,1.028349501672187,0.48977901368692606,0.10666666666666291,8.604357896877286,,5,2024
39,False,Replace,14.052170169156526,45.56406079520883,93.16640147819335,0.7433432522745367,1.0627756140425597,0.42524461248628614,0.08666666666664143,7.267025780935525,,5,2024
40,False,Replace,14.168794665599323,49.191122795983716,95.90132224262287,0.7651642613882143,1.178228693236771,0.4794738199961122,0.10333333333311347,7.700846421723375,,5,2024
41,False,Replace,12.676723853637592,44.48219835664761,88.08770393372583,0.7028220397974527,0.9998456927195614,0.44749925503686355,0.09333333333333335,7.523611741177706,,5,2024
42,False,Replace,12.946939727748942,45.018802565305236,88.230006012643,0.7039574200254041,1.0197138927863059,0.4583392269436984,0.09666666666660878,7.171081643522343,,5,2024
43,False,Replace,11.05534160083256,45.04236260741644,89.73844972318206,0.7159927829445957,0.9795568662334164,0.5293608652873644,0.12,7.048795761008474,,5,2024
44,False,Replace,13.451770912538295,43.907566221151264,87.36220347139138,0.6970335166320002,1.070511123715574,0.5098891423431197,0.11333333333333286,6.993182617234629,,5,2024
45,False,Replace,13.728847853029118,43.98789269122393,85.2551257575855,0.6802218551776049,1.0778074127779205,0.44749925503683285,0.09333333333332398,7.947713369335667,,5,2024
46,False,Replace,12.18645967093152,46.17583345826903,88.3775716703926,0.705134796571189,1.0449544605438192,0.4897790136869375,0.10666666666666667,8.76908636066713,,5,2024
47,False,Replace,12.56354791163935,45.90723246040263,93.0997024779255,0.7428110834776752,1.0420798886886389,0.4021791902022729,0.08000000000000002,10.884720387104423,,5,2024
48,False,Replace,13.986287588220982,48.01720371159391,94.13910720341399,0.7511041427438419,1.0582475643840803,0.3533593350214214,0.06666666666666668,12.681815569294866,,5,2024
49,False,Replace,12.293993025084749,49.60250603912849,95.23023873352241,0.7598099127143599,1.0092668718973754,0.4021791902022729,0.08000000000000002,10.623383864825929,,5,2024
50,False,Replace,10.66033745390609,52.298532638310675,106.2266302226219,0.8475464065909051,0.8806826320209747,0.3782416444053623,0.07333333333333335,10.148035607867316,,5,2024
51,False,Replace,10.272559028196348,53.575234267040216,106.79384542723315,0.8520720251427172,1.0086245416586375,0.39032367387942607,0.07666666666666667,8.929078475631991,,5,2024
52,False,Replace,8.72432592124753,47.641490988863765,98.01924677101883,0.7820624659129255,0.9876760005207704,0.3782416444053623,0.07333333333333335,8.892147405992885,,5,2024
53,False,Replace,7.408495326280726,49.004189834432566,99.60442274994786,0.794710049686786,0.874882533161033,0.4252446124863719,0.08666666666666668,10.146970702002532,,5,2024
54,False,Replace,8.199328499504249,49.01503551168808,99.6429114861377,0.7950171383140311,1.0214255510573798,0.4138168503036338,0.08333333333333334,10.21023436897268,,5,2024
55,False,Replace,9.650642358195533,58.89236339641456,116.19354949075847,0.9270690893003849,0.8686105743541699,0.46899559358928117,0.1,12.849305169339058,,5,2024
56,False,Replace,8.73197494427451,60.138189222934386,118.69106340827325,0.9469959093620236,0.8535931379639417,0.4794738199967975,0.10333333333333335,11.840986442082503,,5,2024
57,False,Replace,12.44683356913605,73.13503275414627,147.54719349485632,1.1772292257323933,1.036124623777337,0.5293608652873644,0.12,15.804858371771271,,5,2024
58,False,Replace,13.965990715557751,81.6086295051668,168.07456627295394,1.3410102004123523,1.240536177386058,0.584238811642856,0.14,16.455729561327335,,5,2024
59,False,Replace,12.186927447940562,82.18173234075526,160.75971349498573,1.282647460544622,1.163803393925341,0.5482251174503203,0.12666666666666668,17.75032345848277,,5,2024
60,False,Replace,12.068369286065964,84.9059658470729,168.91076349720453,1.3476819356554792,1.2394903345572628,0.584238811642856,0.14,17.34818358037326,,5,2024
61,False,Replace,14.680168151263848,78.26435822025415,157.0425994160099,1.2529898626906564,1.1256628313455572,0.5197027865043055,0.11666666666666667,17.337216277336278,,5,2024
62,False,Replace,16.91918926573592,74.59786056408677,152.8629657539531,1.2196419772901814,1.3414692231497292,0.557438185027989,0.13,16.906825317008842,,5,2024
63,False,Replace,15.5155587562924,75.25962862025233,149.6539635230219,1.1940384322669795,1.1277920670079669,0.5754420948286847,0.13666666666666666,17.160816480977,,5,2024
64,False,Replace,13.986105090315634,64.80561915454057,129.6504425574195,1.0344370942782717,1.1925657831514531,0.4897790136869375,0.10666666666666667,16.3342922181185,,5,2024
65,False,Replace,13.663606406999364,65.9907798282141,135.41648865071133,1.0804424286879695,1.098181896504361,0.4364698170641029,0.09000000000000001,17.55031776144763,,5,2024
66,False,Replace,11.11465026264833,67.53561533119532,136.47475050568258,1.0888859426216544,1.0512655426042654,0.44749925503686355,0.09333333333333335,17.245670101324208,,5,2024
67,False,Replace,11.594245863780536,73.34338235103775,145.17756140464294,1.1583227315812201,0.9884866138497778,0.46899559358928117,0.1,18.10095148307577,,5,2024
68,False,Replace,10.451043423685334,72.46598002034015,144.4947943655618,1.1528751639675323,0.9944617062626386,0.4794738199967975,0.10333333333333335,18.382719920492395,,5,2024
69,False,Replace,11.188696017304094,75.92754362043719,153.93665510355976,1.2282085819932294,1.1223149349186397,0.4897790136869375,0.10666666666666667,19.037850351212146,,5,2024
70,False,Replace,11.715274525213033,71.86922761583857,148.92496481693232,1.1882219977960677,1.0626954803277444,0.4252446124863719,0.08666666666666668,19.316831205499078,,5,2024
71,False,Replace,13.806964480523952,71.8119308529414,145.29759043719181,1.159280402694482,1.2391170675849954,0.4138168503036338,0.08333333333333334,19.059682008300996,,5,2024
72,False,Replace,16.491897406318895,73.15687778679637,148.2156876804023,1.1825629150680996,1.2920123114990423,0.4252446124863719,0.08666666666666668,20.22575828850561,,5,2024
73,False,Replace,15.636483736236968,75.83107320326619,158.6512009189261,1.2658243508089004,1.0490610734187604,0.4364698170641029,0.09000000000000001,21.016430293798507,,5,2024
74,False,Replace,14.924259097752717,74.67486501806928,148.46639646269523,1.184563235770054,1.11667249733073,0.4364698170641029,0.09000000000000001,21.336352116282946,,5,2024
75,False,Replace,16.56803446039254,78.63974771569723,151.9673395239456,1.2124960780810983,1.315963422655273,0.4794738199967975,0.10333333333333335,21.222447747614794,,5,2024
76,False,Replace,16.17722198285464,69.54347808750697,144.11258798190542,1.149825668315028,1.2578496149406675,0.44749925503686355,0.09333333333333335,20.054614431562616,,5,2024
77,False,Replace,15.701888628716759,68.33517838922707,137.61883231826712,1.0980141850131329,1.266715767468634,0.4364698170641029,0.09000000000000001,19.49231852427062,,5,2024
78,False,Replace,20.468913089372695,68.2104827724399,136.99216296283055,1.0930142018713556,1.463984519247584,0.4252446124863719,0.08666666666666668,20.662725642779805,,5,2024
79,False,Replace,18.20923166924868,62.90826506009047,131.46137885874657,1.048885943418437,1.4802780137818243,0.39032367387942607,0.07666666666666667,20.317487973364727,,5,2024
80,False,Replace,18.822483450412545,67.22790198255377,136.68527795685588,1.0905656700530597,1.293812364293961,0.4897790136869375,0.10666666666666667,18.85417549749126,,5,2024
81,False,Replace,17.238037405266642,68.53919942535697,130.41392127566235,1.0405286331212082,1.252190181680647,0.5388671281220586,0.12333333333333334,18.16421637016624,,5,2024
82,False,Replace,16.592771982217986,66.567012744476,128.58795999810943,1.025959904770127,1.333479763259429,0.499915958164528,0.11,18.903064515892908,,5,2024
83,False,Replace,13.56971475727815,61.285946043491435,123.24719013343618,0.9833477057598942,1.1762306215529201,0.44749925503686355,0.09333333333333335,18.592062220626364,,5,2024
84,False,Replace,13.528993007537121,62.904617918052814,128.23552525590807,1.0231479469900062,1.1780719939912574,0.4897790136869375,0.10666666666666667,17.89185941394976,,5,2024
85,False,Replace,13.232633289682031,66.21964825040912,130.57014494208514,1.0417750889941246,1.2095358754500394,0.557438185027989,0.13,17.991003359264933,,5,2024
86,False,Replace,13.708760482876432,65.78712206750552,133.4509272643134,1.0647598782156056,1.2563839921627487,0.557438185027989,0.13,18.081167198954507,,5,2024
87,False,Replace,11.883922259798625,60.68623568473105,120.36079948409504,0.9603181695904817,1.1094749491275109,0.509889142343121,0.11333333333333333,17.918977682774212,,5,2024
88,False,Replace,11.649257943602958,60.59286806891872,122.8864997905317,0.9804698793299296,1.1155898663228494,0.499915958164528,0.11,17.233998586838617,,5,2024
89,False,Replace,11.3935886495738,56.46643854488272,113.07858827790385,0.9022158657999113,1.0671314606079507,0.4897790136869375,0.10666666666666667,16.977588047236214,,5,2024
90,False,Replace,10.99616671864909,59.926729415105044,121.83363680354725,0.9720694411405498,1.050029336988998,0.584238811642856,0.14,16.776426813519848,,5,2024
91,False,Replace,10.66875062541753,58.64388317340641,113.14207046155374,0.9027223687033946,1.0069889434015127,0.5482251174503203,0.12666666666666668,16.982384892898036,,5,2024
92,False,Replace,11.224009129961338,51.71554954480456,101.33929721466419,0.8085520271210237,1.0549896190443762,0.45833922694388496,0.09666666666666668,17.47676025641862,,5,2024
93,False,Replace,11.868182539544224,44.79118234310828,89.88507037986517,0.7171626196460268,1.144904735582065,0.39032367387942607,0.07666666666666667,16.936388223342426,,5,2024
94,False,Replace,11.077662507824552,42.454149613478855,83.33773464600337,0.6649236390594332,1.195520372774738,0.3782416444053623,0.07333333333333335,16.68467809460391,,5,2024
95,False,Replace,12.171528922291941,38.28224701290469,75.94099788220088,0.6059075745234371,1.137932868564536,0.31406818708695267,0.05666666666666668,16.254212053407066,,5,2024
96,False,Replace,10.29231560772313,46.052010150348956,88.31977066483167,0.7046736218689713,1.0089157774942221,0.4138168503036338,0.08333333333333334,17.050525933172725,,5,2024
97,False,Replace,9.29144251316119,47.47448433538096,92.60484560671406,0.738862787630456,1.1756922069022782,0.44749925503686355,0.09333333333333335,17.146983012816836,,5,2024
98,False,Replace,8.98607164286804,49.446592876253476,96.73992213877226,0.7718551667389665,1.0740309865115423,0.499915958164528,0.11,16.686047298936952,,5,2024
99,False,Replace,8.815212464815122,42.558129076351584,85.21577616017535,0.679907898029422,1.047275514666331,0.4138168503036338,0.08333333333333334,16.039198247761842,,5,2024
100,False,Replace,9.612138544284576,43.46265953434313,85.42822333138882,0.68160294225868,1.1170992340609223,0.4252446124863719,0.08666666666666668,16.477080136309514,,5,2024
101,False,Replace,8.726847089052303,46.51471368761937,89.97147914108525,0.7178520459689419,1.0992633093735493,0.45833922694388496,0.09666666666666668,17.158957937031253,,5,2024
102,False,Replace,9.252388989274548,39.940770628858765,79.96301943217077,0.637997926111962,1.148531764755663,0.4021791902022729,0.08000000000000002,16.81347549025307,,5,2024
103,False,Replace,9.664583667708387,37.372662414949595,73.04421890343662,0.5827951533820116,1.2106334884718106,0.39032367387942607,0.07666666666666667,16.232441016036947,,5,2024
104,False,Replace,10.505974901562785,37.605603950499024,72.01339791964558,0.574570580891859,1.1249370434789885,0.4021791902022729,0.08000000000000002,16.283196469281453,,5,2024
105,False,Replace,12.916504226056546,37.78263334920392,71.96851694802662,0.5742124907769769,1.2597883581901186,0.39032367387942607,0.07666666666666667,16.53572448324052,,5,2024
106,False,Replace,13.393803717341422,37.291812146603945,73.16651846659848,0.5837709402922077,1.2289690529228743,0.4138168503036338,0.08333333333333334,15.88609571728323,,5,2024
107,False,Replace,12.157597803768791,34.40902522342302,70.7024978892973,0.5641113522804163,1.1549252877415253,0.3782416444053623,0.07333333333333335,15.814916531418433,,5,2024
108,False,Replace,9.830951192100606,35.7634779692105,69.94055333909475,0.5580320540461382,1.1612252821283944,0.4252446124863719,0.08666666666666668,15.50839577794529,,5,2024
109,False,Replace,9.03811831072704,36.282262277761994,73.10777164415389,0.5833022192365063,1.1454501504032897,0.4364698170641029,0.09000000000000001,15.550025389435447,,5,2024
110,False,Replace,8.929870564987457,34.607508615892755,68.21876001714855,0.5442944466321646,1.1370025588795718,0.3782416444053623,0.07333333333333335,15.77286609631705,,5,2024
111,False,Replace,8.752621015820257,35.77027012526105,74.07814988647856,0.5910445395058461,1.248239848961548,0.39032367387942607,0.07666666666666667,16.33053110890402,,5,2024
112,False,Replace,8.25886471490943,34.076430838452566,68.90485115840832,0.5497685361344854,1.191306236317005,0.3782416444053623,0.07333333333333335,16.5925275518916,,5,2024
113,False,Replace,7.522910187805391,34.76468004283376,74.39358383901443,0.5935612804815155,1.0833964407880192,0.4021791902022729,0.08000000000000002,16.359884039550806,,5,2024
114,False,Replace,7.249168705348825,34.41560144681627,70.8206640860584,0.5650541604560638,1.068182294338326,0.4021791902022729,0.08000000000000002,16.111971703713188,,5,2024
115,False,Replace,7.248626367222106,28.403665819457434,56.35133207520735,0.44960824707382846,1.1526987259411738,0.3003914173647819,0.053333333333333344,16.324722509133267,,5,2024
116,False,Replace,7.55691227293731,27.41542350939324,53.370215917816225,0.4258229280673627,1.1238030075493022,0.2720647864044614,0.046666666666666676,16.733566783985665,,5,2024
117,False,Replace,8.8504683170833,27.751946371786886,57.031526995635645,0.4550352926214675,1.2289346413181403,0.2720647864044614,0.046666666666666676,16.926321374148323,,5,2024
118,False,Replace,8.656347116254652,24.616719998100912,49.100418767542656,0.3917556586453512,1.1667822288221688,0.22679445700352602,0.036666666666666674,16.63279566864781,,5,2024
119,False,Replace,7.586944051002803,27.224016037150975,54.355084916055205,0.433680865184175,1.1329438792474673,0.2573720095233589,0.04333333333333334,17.244032670351864,,5,2024
120,False,Replace,7.806184371224492,26.63006510208367,56.45770670190096,0.45045697429427844,1.1978342402920612,0.24229218908241482,0.04000000000000001,17.245588993968315,,5,2024
121,False,Replace,7.889937667178989,26.12641855777744,53.157399993735055,0.42412494168351234,1.1444599050867472,0.22679445700352602,0.036666666666666674,17.841511268574106,,5,2024
122,False,Replace,8.846122046721149,20.97642923053171,42.32255666023152,0.3376773859807547,1.1345595732130858,0.10215803640865043,0.01333333333333334,19.68148783496495,,5,2024
123,False,Replace,9.244247171948084,18.987627217900386,38.539301424225805,0.3074920701727228,1.2433831010125522,0.08079313589591124,0.010000000000000007,18.264581671596375,,5,2024
124,False,Replace,10.261599617065617,18.499265080159756,37.48589224180283,0.2990872740744058,1.3219172999607063,0.05777796017013383,0.006666666666666674,17.955224951841007,,5,2024
125,False,Replace,10.406554224375018,17.82837834468828,36.82783979410441,0.29383689583849365,1.2989876649205379,0.05777796017013383,0.006666666666666674,17.86088421129336,,5,2024
126,False,Replace,10.797975075495263,18.96026848297751,37.482201132773916,0.2990578239620636,1.2652320726280943,0.05777796017013383,0.006666666666666674,17.92785204984438,,5,2024
127,False,Replace,12.372768778403355,18.203981827569883,35.417006389199976,0.2825803325819994,1.3355264503370463,0.032230355211769535,0.003333333333333341,17.84420578159186,,5,2024
128,False,Replace,12.49302709340941,18.094848964319507,35.95356965873227,0.28686138969590486,1.369174366733388,3.9863137138648344e-11,7.401486830834377e-18,4.898483319973189,,5,2024
129,False,Replace,12.593712618129118,17.881749698360846,35.45178253621748,0.28285779971409225,1.2823203773307377,3.9863137138648344e-11,7.401486830834377e-18,4.924392968433325,,5,2024
130,False,Replace,14.12314191675883,18.37907545902103,36.9450603978376,0.29477215944672697,1.3246556985851308,3.9863137138648344e-11,7.401486830834377e-18,5.031430676634771,,5,2024
131,False,Replace,16.28933847856674,19.150277034467365,38.52733038764416,0.3073965573148201,1.352928613600064,3.9863137138648344e-11,7.401486830834377e-18,5.1519738243755455,,5,2024
132,False,Replace,16.161151849111654,17.878116352307877,35.896387052435834,0.28640514899256636,1.4822125181021386,3.9863137138648344e-11,7.401486830834377e-18,5.121309072263202,,5,2024
133,False,Replace,14.81331056919208,18.645756658256776,37.434642141291725,0.2986783668311413,1.2974210418306655,3.9863137138648344e-11,7.401486830834377e-18,5.026978338529676,,5,2024
134,False,Replace,14.778347331941394,17.429033884413144,35.14566124818288,0.28041536134330936,1.3768048721743136,3.9863137138648344e-11,7.401486830834377e-18,5.054489661312731,,5,2024
135,False,Replace,13.779193208304774,16.867679651074255,33.38498753713561,0.26636754043578514,1.3701062863801337,3.9863137138648344e-11,7.401486830834377e-18,4.9966789029812375,,5,2024
136,False,Replace,13.196848837906073,16.952177128233604,33.97741288159289,0.27109430217919983,1.4101013368470359,3.9863137138648344e-11,7.401486830834377e-18,4.947103897069796,,5,2024
137,False,Replace,12.121664057097012,16.088724898298107,32.818794001440224,0.26185007343520406,1.3206719297819345,3.9863137138648344e-11,7.401486830834377e-18,4.845627771550073,,5,2024
138,False,Replace,12.88839656650175,16.10707005318581,32.04525128619735,0.2556782373591214,1.407370128774414,3.9863137138648344e-11,7.401486830834377e-18,4.93344925730269,,5,2024
139,False,Replace,12.381475292335823,16.76861497602884,33.392767594488475,0.26642961488584227,1.20338311037823,3.9863137138648344e-11,7.401486830834377e-18,4.903629067129606,,5,2024
140,False,Replace,11.567438724404047,17.1551236319697,33.87243164754071,0.2702566923680448,1.3518949732113859,3.9863137138648344e-11,7.401486830834377e-18,4.828476290849202,,5,2024
141,False,Replace,11.982491121361154,17.56018609541439,35.26022333452585,0.2813294135391481,1.347370326684628,3.9863137138648344e-11,7.401486830834377e-18,4.815801735115859,,5,2024
142,False,Replace,11.74641990499031,17.685292827393916,35.676408479650654,0.28465001425375047,1.3803637568917142,3.9863137138648344e-11,7.401486830834377e-18,4.804930834635713,,5,2024
143,False,Replace,12.516999047664653,18.647747959867463,38.48748488964577,0.30707864354332426,1.3403224630135948,3.9863137138648344e-11,7.401486830834377e-18,4.86795634570622,,5,2024
144,False,Replace,12.577963560457134,18.619935604525708,36.93635628850824,0.2947027122980298,1.2694288046998239,3.9863137138648344e-11,7.401486830834377e-18,4.9335209883904705,,5,2024
145,False,Replace,12.136031940372867,20.051804988188465,40.98025732333819,0.3269676329068874,1.297183186354367,3.9863137138648344e-11,7.401486830834377e-18,4.909135867000585,,5,2024
146,False,Replace,11.588934820875753,21.26779634641686,43.98541049101836,0.3509447351004218,1.262972018695823,3.9863137138648344e-11,7.401486830834377e-18,4.847552991289015,,5,2024
147,False,Replace,11.683374205742888,21.97185267200675,43.12448994117229,0.3440757407921856,1.3067456040115943,3.9863137138648344e-11,7.401486830834377e-18,4.82338082140567,,5,2024
148,False,Replace,13.11970187486094,19.698939315921663,40.59590150385046,0.3239009876318144,1.2916597221432173,3.9863137138648344e-11,7.401486830834377e-18,4.898374167719812,,5,2024
149,False,Replace,12.720649175933557,18.874896072964447,37.674600962414054,0.30059291722350334,1.2566583226349735,3.9863137138648344e-11,7.401486830834377e-18,4.871018303774231,,5,2024
150,False,Replace,11.675346300657884,19.355134892470794,39.23089313023651,0.31301004682348377,1.2946466859101549,3.9863137138648344e-11,7.401486830834377e-18,4.863582884066657,,5,2024
151,False,Replace,11.10954659442195,19.019047570986285,37.988713091373796,0.30309911181527865,1.1314270903831618,3.9863137138648344e-11,7.401486830834377e-18,4.938135615452637,,5,2024
152,False,Replace,10.934635567584754,19.279534174358236,38.30767654033514,0.30564401345090875,1.3046772748996522,3.9863137138648344e-11,7.401486830834377e-18,4.869819176877586,,5,2024
153,False,Replace,9.995351401260471,19.21816780382556,38.51458489842934,0.3072948653609133,1.2778729724305369,3.9863137138648344e-11,7.401486830834377e-18,4.818314283841709,,5,2024
154,False,Replace,10.220180433331777,19.09569125309199,38.091734720911944,0.3039210866038341,1.272209612596296,3.9863137138648344e-11,7.401486830834377e-18,4.85303581506938,,5,2024
155,False,Replace,10.536161003207042,18.696369618809804,36.270924121525454,0.2893934537743027,1.15559374030703,3.9863137138648344e-11,7.401486830834377e-18,4.972331876143863,,5,2024
156,False,Replace,11.29815794081215,18.37307493959608,37.03020390877692,0.29545149076496535,1.3034397152682187,3.9863137138648344e-11,7.401486830834377e-18,5.120882517700935,,5,2024
157,False,Replace,11.511125282131134,17.91136890554748,34.98936920883135,0.27916835994588624,1.2740271837166786,3.9863137138648344e-11,7.401486830834377e-18,5.151750342274722,,5,2024
158,False,Replace,11.924491541248845,19.28072064338026,38.17204618710675,0.30456186466898405,1.2783179721521638,3.9863137138648344e-11,7.401486830834377e-18,5.188316058592756,,5,2024
159,False,Replace,12.288663863261874,19.94523377832101,40.00788910996902,0.31920943533065704,1.3499339700788355,3.9863137138648344e-11,7.401486830834377e-18,5.169686034473798,,5,2024
160,False,Replace,12.096451604277023,20.63922639696094,41.67823192940127,0.33253653656146726,1.3123947483367577,3.9863137138648344e-11,7.401486830834377e-18,5.146714023033153,,5,2024
161,False,Replace,12.640667052555518,18.956080877474278,37.71375005002042,0.3009052745716801,1.2525153999070353,3.9863137138648344e-11,7.401486830834377e-18,5.240693713104637,,5,2024
162,False,Replace,12.860605136324292,18.444159157751173,37.35043882181338,0.29800653698303886,1.2755218695666006,3.9863137138648344e-11,7.401486830834377e-18,5.208844946378446,,5,2024
163,False,Replace,12.653504116343225,19.54196930452103,39.56738536976368,0.3156948047590343,1.1266229418232219,3.9863137138648344e-11,7.401486830834377e-18,5.110824935619705,,5,2024
164,False,Replace,13.200055769507214,19.451327361974563,39.45966367967119,0.31483532977466877,1.4414098257111603,3.9863137138648344e-11,7.401486830834377e-18,5.173447129246637,,5,2024
165,False,Replace,13.218083457069456,19.471722146550942,40.76060055485847,0.32521506573594167,1.2835827080661302,3.9863137138648344e-11,7.401486830834377e-18,5.142887219511748,,5,2024
166,False,Replace,13.41619705279863,17.663050488988425,34.30315640733069,0.2736932997575917,1.3488269616762825,3.9863137138648344e-11,7.401486830834377e-18,5.17366032058713,,5,2024
167,False,Replace,13.464427101871664,17.019305077265894,35.232327788297354,0.2811068443969631,1.3660352559778397,3.9863137138648344e-11,7.401486830834377e-18,5.158739331742576,,5,2024
168,False,Replace,14.971061549216444,16.576997672371746,33.01034745515517,0.2633784137489835,1.27776525764507,3.9863137138648344e-11,7.401486830834377e-18,5.262706287279444,,5,2024
169,False,Replace,14.961803366546121,17.162152348787064,33.39135627362072,0.2664183544332843,1.4473887451483964,3.9863137138648344e-11,7.401486830834377e-18,5.271849759937644,,5,2024
170,False,Replace,14.684545623885816,16.858365350061906,33.9417092027761,0.2708094345841361,1.4691188806957138,3.9863137138648344e-11,7.401486830834377e-18,5.23465689371927,,5,2024
171,False,Replace,16.221389776973847,18.04548189803952,36.21875825492824,0.2889772399427191,1.4735004887128877,3.9863137138648344e-11,7.401486830834377e-18,5.300587768817162,,5,2024
172,False,Replace,16.191337402872243,18.15455895443538,35.86287123247634,0.2861377375844186,1.2682187560678968,3.9863137138648344e-11,7.401486830834377e-18,5.302147749672729,,5,2024
173,False,Replace,16.677666766052813,15.947901302198746,31.593779415199617,0.2520760957761767,1.395913253745007,3.9863137138648344e-11,7.401486830834377e-18,5.299190698965205,,5,2024
174,False,Replace,18.691397953621976,16.89964446068287,33.08167370338113,0.26394750179454074,1.4982821099680517,3.9863137138648344e-11,7.401486830834377e-18,5.429443924950957,,5,2024
175,False,Replace,16.636810991496425,14.549831487643273,28.569741489555884,0.22794831847680655,1.5176019738540347,3.9863137138648344e-11,7.401486830834377e-18,5.399341795540731,,5,2024
176,False,Replace,16.50138685905387,14.360647452793943,28.453750353223082,0.22702286437373242,1.523756515920669,3.9863137138648344e-11,7.401486830834377e-18,5.408050457549084,,5,2024
177,False,Replace,15.77959167140964,14.303438536043295,29.22779788984572,0.23319872824911073,1.4730905018952982,3.9863137138648344e-11,7.401486830834377e-18,5.300368845040024,,5,2024
178,False,Replace,17.24754408811387,14.699259741150762,29.065620934492113,0.23190477309442173,1.563102745541951,3.9863137138648344e-11,7.401486830834377e-18,5.371934976243001,,5,2024
179,False,Replace,16.37472447951945,12.92851418818648,26.35176727369155,0.21025185128559964,1.5224717342091836,3.9863137138648344e-11,7.401486830834377e-18,5.3269783759998255,,5,2024
180,False,Replace,15.970445336401509,13.533215161779946,26.69385175454917,0.2129812278260563,1.5768109251376865,3.9863137138648344e-11,7.401486830834377e-18,5.276101697064955,,5,2024
181,False,Replace,16.58974028494665,13.60372775287493,27.457502348486585,0.21907413800711215,1.4799067631903622,3.9863137138648344e-11,7.401486830834377e-18,5.286663634491152,,5,2024
182,False,Replace,16.688993201293066,13.738380669346837,28.139942207887675,0.22451909516463123,1.4025521274144281,3.9863137138648344e-11,7.401486830834377e-18,5.290844638589896,,5,2024
183,False,Replace,16.26808297502689,14.770205741713857,29.595169316818094,0.23612986079244824,1.5007907818369235,3.9863137138648344e-11,7.401486830834377e-18,5.285535657200796,,5,2024
184,False,Replace,15.570586433193855,15.365977441765141,30.18715624597738,0.24085312456826638,1.4730464690692409,3.9863137138648344e-11,7.401486830834377e-18,5.238221682950007,,5,2024
185,False,Replace,14.952323784296128,14.11756131279828,27.538827211662074,0.2197230016245161,1.4978296630172618,3.9863137138648344e-11,7.401486830834377e-18,5.21730840683946,,5,2024
186,False,Replace,14.339123904089215,13.273427414819206,26.456923679595057,0.21109085873379554,1.4113941650203845,3.9863137138648344e-11,7.401486830834377e-18,5.214926890787215,,5,2024
187,False,Replace,15.038957911057445,13.499570382536444,27.22414771856327,0.2172122802258913,1.3702277777969618,3.9863137138648344e-11,7.401486830834377e-18,5.272393988766667,,5,2024
188,False,Replace,15.02106837787017,11.472082940756076,23.337445654417436,0.1862015971132613,1.475464142237629,3.9863137138648344e-11,7.401486830834377e-18,5.282401745589928,,5,2024
189,False,Replace,14.742628544171922,11.155070449961547,21.47712254253905,0.17135870729113117,1.5555113869274009,3.9863137138648344e-11,7.401486830834377e-18,5.290656276985585,,5,2024
190,False,Replace,14.227476404278619,10.501560732338094,20.397929381614656,0.16274818953638304,1.5377953418828452,3.9863137138648344e-11,7.401486830834377e-18,5.246714572274213,,5,2024
191,False,Replace,15.154480663896388,9.541732978925653,19.18072347374165,0.15303651468482318,1.6846334196566979,3.9863137138648344e-11,7.401486830834377e-18,5.295978079123409,,5,2024
192,False,Replace,15.781995040322876,9.036427015731395,17.671191944776155,0.14099247242979623,1.579882091762913,3.9863137138648344e-11,7.401486830834377e-18,5.3462908985645505,,5,2024
193,False,Replace,15.331309316211984,8.102961395530745,15.853851295287274,0.12649252515859052,1.5524152083868008,3.9863137138648344e-11,7.401486830834377e-18,5.283355908186433,,5,2024
194,False,Replace,15.586147583730948,7.98871002168324,15.64824328840575,0.12485204831174386,1.682218248825761,3.9863137138648344e-11,7.401486830834377e-18,5.287914439860559,,5,2024
195,False,Replace,14.727158188386358,9.728078434523098,18.932111655247194,0.15105292494880862,1.4903494663955512,3.9863137138648344e-11,7.401486830834377e-18,5.220867365237495,,5,2024
196,False,Replace,15.387800265836756,9.354328517276635,19.21644607988549,0.15332153329463713,1.5932436374320598,3.9863137138648344e-11,7.401486830834377e-18,5.24665857687074,,5,2024
197,False,Replace,15.758321787657037,10.320814052026126,20.955535741306456,0.16719714235978134,1.5076205832262475,3.9863137138648344e-11,7.401486830834377e-18,5.269281123270744,,5,2024
198,False,Replace,14.601812098706404,10.216445582204393,20.821881436439977,0.16613075980036482,1.5723806174311277,3.9863137138648344e-11,7.401486830834377e-18,5.213499126673532,,5,2024
199,False,Replace,14.342403846611726,9.23426606023566,18.177359729712624,0.14503101423758882,1.5385165754814378,3.9863137138648344e-11,7.401486830834377e-18,5.223784240434204,,5,2024
200,False,Replace,14.041913027606384,9.646321153410197,19.49048934121853,0.15550803192409104,1.534892323008822,3.9863137138648344e-11,7.401486830834377e-18,5.177007816119146,,5,2024
0,True,Replace + Select,0.2915999999998552,63.3583760862777,127.69662101476021,1.018848212054197,0.06878854728562404,0.7219280948873623,0.2,1.799999999999553,,5,2024
1,True,Replace + Select,0.654931362077035,23.311569332554733,46.782191340024724,0.37325930493691095,0.8240723827039963,0.8275497346464317,0.26053308140545334,1.6210371027712829,,5,2024
2,True,Replace + Select,1.0547475211150998,7.442622236591651,14.731683935698163,0.11753913078638713,1.327370886562908,0.9731100452995103,0.4037643389077653,1.1108986540406967,,5,2024
3,True,Replace + Select,1.2947911780042352,2.4684370234549795,4.974955945778126,0.03969349329782623,1.6471786739364327,0.9993870684194922,0.48542619426597383,0.5354242746690915,,5,2024
4,True,Replace + Select,1.3908837456437728,0.8124366712968872,1.5914324300419649,0.012697501884297347,1.7535188737063607,0.941997848570803,0.35917691901891763,0.3991662517549061,,5,2024
5,True,Replace + Select,1.4914478117565713,0.2621375903937925,0.5227949007831082,0.004171203949651521,1.9004773304098337,0.8001709020154006,0.24310813243229187,0.27872084227114297,,5,2024
6,True,Replace + Select,1.5376079386079287,0.08412782922165737,0.1669355123594669,0.0013319220739296989,1.8995358599908456,0.5149341479539553,0.11504025294749824,0.26047431166017987,,5,2024
7,True,Replace + Select,1.5482996509683558,0.025728603632322152,0.05111605262956125,0.0004078377204896984,1.903458695712383,0.15976746235269837,0.023333255594702198,0.11847533192430741,,5,2024
8,True,Replace + Select,1.5381019424822893,0.008055074744556386,0.01629435476474666,0.0001300071535700227,2.00352963662639,3.9863137138648344e-11,7.401486830834377e-18,4.019594089100346,,5,2024
9,True,Replace + Select,1.5372208255949615,0.0024401881243900705,0.004848001959631685,3.868057031857603e-05,1.930482844794515,3.9863137138648344e-11,7.401486830834377e-18,4.019635417602713,,5,2024
10,True,Replace + Select,1.536000000021308,0.0007837980445852161,0.0015852480094960962,1.2648158481428284e-05,2.0176490762062578,3.9863137138648344e-11,7.401486830834377e-18,4.0195757883665,,5,2024
11,True,Replace + Select,1.5367357833280586,0.00027132040844461426,0.0005447192763375048,4.3461311376733535e-06,1.9864586508893531,3.9863137138648344e-11,7.401486830834377e-18,4.0195817102774996,,5,2024
12,True,Replace + Select,1.5368754259151807,0.00011046204132758976,0.00022256163327391223,1.7757441060776152e-06,2.0729190292240283,3.9863137138648344e-11,7.401486830834377e-18,4.019564549665057,,5,2024
13,True,Replace + Select,1.5367187058120337,5.681254993024621e-05,0.00011400522579811468,9.096091936200736e-07,1.9168365346870528,3.9863137138648344e-11,7.401486830834377e-18,4.019463124438209,,5,2024
14,True,Replace + Select,1.5363765079515719,3.6331116503465575e-05,7.260812676786695e-05,5.793157215138442e-07,2.022267973290562,3.9863137138648344e-11,7.401486830834377e-18,4.019386534307847,,5,2024
15,True,Replace + Select,1.5361363256313725,2.861056558243439e-05,5.754129200831112e-05,4.591025354944967e-07,1.9246715784777122,3.9863137138648344e-11,7.401486830834377e-18,4.019415482790865,,5,2024
16,True,Replace + Select,1.5364352009736573,2.6820016930476417e-05,5.399019025124689e-05,4.307694938896667e-07,2.0208223022882983,3.9863137138648344e-11,7.401486830834377e-18,4.0194367044672115,,5,2024
17,True,Replace + Select,1.5364968745831042,2.504673123199267e-05,4.9918432429516754e-05,3.9828231338621454e-07,1.9169715976592445,3.9863137138648344e-11,7.401486830834377e-18,4.019449855754372,,5,2024
18,True,Replace + Select,1.5363315503849195,2.391662929300567e-05,4.738471778637756e-05,3.7806665996090176e-07,1.908972936941526,3.9863137138648344e-11,7.401486830834377e-18,4.01937805874574,,5,2024
19,True,Replace + Select,1.536246877319033,2.322270895992474e-05,4.6012248052501803e-05,3.671161874789699e-07,1.976332369703588,3.9863137138648344e-11,7.401486830834377e-18,4.019381721739327,,5,2024
20,True,Replace + Select,1.5360631819597028,2.2762740816869204e-05,4.583460664532515e-05,3.6569884668599933e-07,2.008450573238111,3.9863137138648344e-11,7.401486830834377e-18,4.019343325417621,,5,2024
21,True,Replace + Select,1.5358620069939486,2.2696369074600008e-05,4.552829636385039e-05,3.632549004003861e-07,1.9970584937997242,3.9863137138648344e-11,7.401486830834377e-18,4.019299399338056,,5,2024
22,True,Replace + Select,1.5362559333492753,2.2544675012908958e-05,4.46379708543793e-05,3.561512938502487e-07,1.9368903492634075,3.9863137138648344e-11,7.401486830834377e-18,4.019374020862759,,5,2024
23,True,Replace + Select,1.536043148279753,2.31598054835017e-05,4.638611445107311e-05,3.700991412071464e-07,1.9950739330858853,3.9863137138648344e-11,7.401486830834377e-18,4.019350543821909,,5,2024
24,True,Replace + Select,1.5361982348152166,2.2747266163476324e-05,4.501832070104815e-05,3.5918597682113845e-07,2.156359245743408,3.9863137138648344e-11,7.401486830834377e-18,4.019302724358402,,5,2024
25,True,Replace + Select,1.5361620130392644,2.2840635093305614e-05,4.5799397710699985e-05,3.654179264877504e-07,1.9656320971295789,3.9863137138648344e-11,7.401486830834377e-18,4.019270188149246,,5,2024
26,True,Replace + Select,1.5364417737975222,2.33079939389293e-05,4.638025976771547e-05,3.700524286659399e-07,2.0001855504124912,3.9863137138648344e-11,7.401486830834377e-18,4.019469551449183,,5,2024
27,True,Replace + Select,1.5363157256578917,2.31563540585135e-05,4.636638497122362e-05,3.699417263506711e-07,1.9302223968309198,3.9863137138648344e-11,7.401486830834377e-18,4.0194364418488435,,5,2024
28,True,Replace + Select,1.5362349572011305,2.2927845459431027e-05,4.623176146441001e-05,3.688676108562474e-07,1.9597753699010876,3.9863137138648344e-11,7.401486830834377e-18,4.019393707346683,,5,2024
29,True,Replace + Select,1.5363639808101983,2.3672630796390765e-05,4.774682568487483e-05,3.8095579658818967e-07,2.0124959684620976,3.9863137138648344e-11,7.401486830834377e-18,4.019384931645345,,5,2024
30,True,Replace + Select,1.536167818176059,2.3278328513316474e-05,4.676356551845275e-05,3.7311069579709317e-07,1.9459927531355028,3.9863137138648344e-11,7.401486830834377e-18,4.019359026727917,,5,2024
31,True,Replace + Select,1.536194614356896,2.3014257254765637e-05,4.6158355843196103e-05,3.682819321958866e-07,1.947969476170166,3.9863137138648344e-11,7.401486830834377e-18,4.019263236985557,,5,2024
32,True,Replace + Select,1.536201159401538,2.2624073516084786e-05,4.521493473565231e-05,3.6075469380072124e-07,1.9246681553733676,3.9863137138648344e-11,7.401486830834377e-18,4.019268246084847,,5,2024
33,True,Replace + Select,1.536316308269733,2.2227889379287392e-05,4.488935141063549e-05,3.5815697440977745e-07,1.8986261874713763,3.9863137138648344e-11,7.401486830834377e-18,4.019338649089082,,5,2024
34,True,Replace + Select,1.5362988530883714,2.2425552631976055e-05,4.492199201174018e-05,3.5841740274227064e-07,1.9899188391659608,3.9863137138648344e-11,7.401486830834377e-18,4.019351494827103,,5,2024
35,True,Replace + Select,1.536378008485421,2.316897919067465e-05,4.621829925553557e-05,3.6876020043823453e-07,2.0119070957958294,3.9863137138648344e-11,7.401486830834377e-18,4.019375466682987,,5,2024
36,True,Replace + Select,1.5363456239671618,2.326776907448049e-05,4.656425163914952e-05,3.7152043766847584e-07,1.928173430898498,3.9863137138648344e-11,7.401486830834377e-18,4.01932633348913,,5,2024
37,True,Replace + Select,1.5363693798986144,2.3912466805204782e-05,4.739595559023639e-05,3.7815632260254413e-07,2.0035801986701385,3.9863137138648344e-11,7.401486830834377e-18,4.019376112624229,,5,2024
38,True,Replace + Select,1.5360631023490363,2.3247584996383582e-05,4.69282310324034e-05,3.7442450632036626e-07,1.9412308899575361,3.9863137138648344e-11,7.401486830834377e-18,4.01932502893752,,5,2024
39,True,Replace + Select,1.5358403019818545,2.381579024694228e-05,4.847384895801773e-05,3.867564697467834e-07,2.0066406825610636,3.9863137138648344e-11,7.401486830834377e-18,4.019331200330958,,5,2024
40,True,Replace + Select,1.5361777964040058,2.398670452758444e-05,4.83294284929212e-05,3.8560418763095024e-07,1.9535209475058484,3.9863137138648344e-11,7.401486830834377e-18,4.01933746971098,,5,2024
41,True,Replace + Select,1.5360885203916903,2.3417466590582072e-05,4.698604984167877e-05,3.748858230724086e-07,2.0357017551213223,3.9863137138648344e-11,7.401486830834377e-18,4.019337270487374,,5,2024
42,True,Replace + Select,1.536409740998635,2.3102824418639645e-05,4.679945416133264e-05,3.7339703915794846e-07,1.960766756556822,3.9863137138648344e-11,7.401486830834377e-18,4.019427207123055,,5,2024
43,True,Replace + Select,1.5363415769395874,2.355554278645469e-05,4.723128452762237e-05,3.7684246780836e-07,2.0178813610409354,3.9863137138648344e-11,7.401486830834377e-18,4.019365746974267,,5,2024
44,True,Replace + Select,1.5361034256095696,2.3165948780933172e-05,4.652305316413111e-05,3.7119172895027874e-07,1.968574720082461,3.9863137138648344e-11,7.401486830834377e-18,4.019376765650831,,5,2024
45,True,Replace + Select,1.5361624602989348,2.2472812800339682e-05,4.487748285671403e-05,3.580622792264088e-07,1.8905398581680908,3.9863137138648344e-11,7.401486830834377e-18,4.019389061716444,,5,2024
46,True,Replace + Select,1.5360531656898941,2.219267853703138e-05,4.471649179126769e-05,3.567777858867789e-07,1.9559247205747665,3.9863137138648344e-11,7.401486830834377e-18,4.019316624787029,,5,2024
47,True,Replace + Select,1.5359210503569967,2.3027256211757463e-05,4.6291873683358056e-05,3.69347225949514e-07,2.016353679679491,3.9863137138648344e-11,7.401486830834377e-18,4.019256312597081,,5,2024
48,True,Replace + Select,1.5358228748349814,2.2930246165282198e-05,4.577545791898796e-05,3.6522691897487403e-07,1.9305003044493683,3.9863137138648344e-11,7.401486830834377e-18,4.0191943332766265,,5,2024
49,True,Replace + Select,1.5358284907178024,2.2491481052346542e-05,4.5082054992330954e-05,3.5969449120628037e-07,1.91759127323976,3.9863137138648344e-11,7.401486830834377e-18,4.019197618080166,,5,2024
50,True,Replace + Select,1.5358757283716549,2.2547968578932275e-05,4.479235196788694e-05,3.5738304861574105e-07,1.983769848522182,3.9863137138648344e-11,7.401486830834377e-18,4.019269374841059,,5,2024
51,True,Replace + Select,1.5360008884412686,2.2644301700422232e-05,4.494661402031905e-05,3.5861385343312226e-07,2.014534781448419,3.9863137138648344e-11,7.401486830834377e-18,4.019291979853989,,5,2024
52,True,Replace + Select,1.5358354829337364,2.244417281866869e-05,4.459103644730163e-05,3.5577682006734905e-07,1.9874515065182032,3.9863137138648344e-11,7.401486830834377e-18,4.019293836748208,,5,2024
53,True,Replace + Select,1.5359043559568868,2.272643894861133e-05,4.5912277534207804e-05,3.663185564765787e-07,1.9620786309901874,3.9863137138648344e-11,7.401486830834377e-18,4.019335057584296,,5,2024
54,True,Replace + Select,1.5360831847418632,2.2430299202202165e-05,4.485804700137896e-05,3.579072071007682e-07,2.0003516976131284,3.9863137138648344e-11,7.401486830834377e-18,4.019309888565875,,5,2024
55,True,Replace + Select,1.5361305846973403,2.1865234180716246e-05,4.36479555608966e-05,3.482522961817469e-07,2.0060849515741053,3.9863137138648344e-11,7.401486830834377e-18,4.019327615467683,,5,2024
56,True,Replace + Select,1.5362085163497188,2.214744751793039e-05,4.44377686177152e-05,3.545539478182743e-07,1.9655771453547402,3.9863137138648344e-11,7.401486830834377e-18,4.0192785738769965,,5,2024
57,True,Replace + Select,1.53604856578483,2.179261354591176e-05,4.314706970612718e-05,3.4425589711088914e-07,2.111330941991326,3.9863137138648344e-11,7.401486830834377e-18,4.019245679762365,,5,2024
58,True,Replace + Select,1.5360159180303943,2.1835792289243828e-05,4.357012235290043e-05,3.476312913017808e-07,1.9315508549970604,3.9863137138648344e-11,7.401486830834377e-18,4.019230630297791,,5,2024
59,True,Replace + Select,1.5361682060436614,2.235376205142195e-05,4.4524925465425265e-05,3.5524934287064156e-07,2.023657702918048,3.9863137138648344e-11,7.401486830834377e-18,4.019285979746152,,5,2024
60,True,Replace + Select,1.5362775076886255,2.3520452817019895e-05,4.662313736006121e-05,3.71990266948136e-07,1.952026740904219,3.9863137138648344e-11,7.401486830834377e-18,4.019376459834982,,5,2024
61,True,Replace + Select,1.536086274265702,2.2688337735916515e-05,4.5959197696257604e-05,3.66692916603212e-07,1.9880370951545965,3.9863137138648344e-11,7.401486830834377e-18,4.019394052780883,,5,2024
62,True,Replace + Select,1.5360818345738676,2.276106523570291e-05,4.5202618615643484e-05,3.6065642763869816e-07,1.927160298582054,3.9863137138648344e-11,7.401486830834377e-18,4.0193418110452495,,5,2024
63,True,Replace + Select,1.5363461319934502,2.2651403573479537e-05,4.5520441488139244e-05,3.631922289999167e-07,2.051623173810801,3.9863137138648344e-11,7.401486830834377e-18,4.019399794054693,,5,2024
64,True,Replace + Select,1.536324572951793,2.2584880919909317e-05,4.504157035214671e-05,3.5937147793514135e-07,2.0797833470532585,3.9863137138648344e-11,7.401486830834377e-18,4.019388381864613,,5,2024
65,True,Replace + Select,1.5364003348284427,2.2995294613356042e-05,4.580541970871865e-05,3.6546597397612993e-07,2.0085929555723774,3.9863137138648344e-11,7.401486830834377e-18,4.019463355950532,,5,2024
66,True,Replace + Select,1.5361054654958808,2.3027343001762333e-05,4.589816175149922e-05,3.662059314136749e-07,1.960918026123233,3.9863137138648344e-11,7.401486830834377e-18,4.019322828899506,,5,2024
67,True,Replace + Select,1.5363290301722583,2.2884381929701678e-05,4.548056502830626e-05,3.6287406819439947e-07,2.038223235778574,3.9863137138648344e-11,7.401486830834377e-18,4.019386482917776,,5,2024
68,True,Replace + Select,1.5360187094309052,2.2489465710438916e-05,4.543729432632834e-05,3.625288258771463e-07,1.9270476767656881,3.9863137138648344e-11,7.401486830834377e-18,4.019348361636995,,5,2024
69,True,Replace + Select,1.5358874874668265,2.3110060487423922e-05,4.662789477854947e-05,3.720282247835293e-07,2.015723260886026,3.9863137138648344e-11,7.401486830834377e-18,4.01928850898272,,5,2024
70,True,Replace + Select,1.535685113989731,2.238188190179979e-05,4.5153147314205064e-05,3.602617128324802e-07,1.99324294785022,3.9863137138648344e-11,7.401486830834377e-18,4.019181255616777,,5,2024
71,True,Replace + Select,1.5358860943755968,2.2449744283078082e-05,4.471774094597818e-05,3.567877524703365e-07,1.9863781591526921,3.9863137138648344e-11,7.401486830834377e-18,4.019202100442639,,5,2024
72,True,Replace + Select,1.5358096046247638,2.27155101967679e-05,4.545051198754389e-05,3.6263428513198e-07,2.0110106447200726,3.9863137138648344e-11,7.401486830834377e-18,4.019253376648669,,5,2024
73,True,Replace + Select,1.535699135629117,2.3406026475887935e-05,4.6478825060167096e-05,3.708388478459222e-07,2.0063338893242255,3.9863137138648344e-11,7.401486830834377e-18,4.019186400866275,,5,2024
74,True,Replace + Select,1.5359212000403226,2.2496197754690125e-05,4.447773442825487e-05,3.548728215229038e-07,2.02865545164729,3.9863137138648344e-11,7.401486830834377e-18,4.01926665494287,,5,2024
75,True,Replace + Select,1.5358425484391758,2.293379976076296e-05,4.602510942103793e-05,3.6721880399484536e-07,1.9788944957387178,3.9863137138648344e-11,7.401486830834377e-18,4.019230912479793,,5,2024
76,True,Replace + Select,1.5356465052658725,2.2511704923926098e-05,4.540534236965429e-05,3.6227389200598906e-07,1.8876507359972425,3.9863137138648344e-11,7.401486830834377e-18,4.019223119102338,,5,2024
77,True,Replace + Select,1.535677606174526,2.2739654678325925e-05,4.554162825815609e-05,3.6336127108246617e-07,1.9380167290724315,3.9863137138648344e-11,7.401486830834377e-18,4.019187714500821,,5,2024
78,True,Replace + Select,1.535645521173082,2.2864795532956063e-05,4.6068628734191257e-05,3.6756602989670354e-07,2.0347137241484514,3.9863137138648344e-11,7.401486830834377e-18,4.019209181916281,,5,2024
79,True,Replace + Select,1.5357839199700702,2.246593128045915e-05,4.515063222945058e-05,3.6024164582064463e-07,1.9965277820337046,3.9863137138648344e-11,7.401486830834377e-18,4.019249599980631,,5,2024
80,True,Replace + Select,1.535885115285807,2.2915427615524993e-05,4.562380888762393e-05,3.6401696257009853e-07,1.9522959293443425,3.9863137138648344e-11,7.401486830834377e-18,4.019303383521236,,5,2024
81,True,Replace + Select,1.535901070542276,2.3502164813904538e-05,4.6245627314903645e-05,3.6897824179441773e-07,1.878492286199403,3.9863137138648344e-11,7.401486830834377e-18,4.019297701517943,,5,2024
82,True,Replace + Select,1.5359551187098466,2.2279231666290184e-05,4.4413299998478767e-05,3.543587209691818e-07,1.919262621879047,3.9863137138648344e-11,7.401486830834377e-18,4.019263358041156,,5,2024
83,True,Replace + Select,1.535953424998021,2.2820390963895964e-05,4.5916522023326515e-05,3.6635242182176414e-07,1.9824764447685421,3.9863137138648344e-11,7.401486830834377e-18,4.019277040784754,,5,2024
84,True,Replace + Select,1.535906177664322,2.2729745566661352e-05,4.563669028754997e-05,3.641197389096689e-07,1.9146428353533433,3.9863137138648344e-11,7.401486830834377e-18,4.019268236224293,,5,2024
85,True,Replace + Select,1.5359759020744816,2.267227810098965e-05,4.491235469006733e-05,3.5834050980745884e-07,1.933734363580109,3.9863137138648344e-11,7.401486830834377e-18,4.019284443995459,,5,2024
86,True,Replace + Select,1.535879508982365,2.2580811562352074e-05,4.527397843828858e-05,3.612257835632066e-07,1.9988093612846805,3.9863137138648344e-11,7.401486830834377e-18,4.019311507670196,,5,2024
87,True,Replace + Select,1.5359801880345818,2.270786852779669e-05,4.559825116687709e-05,3.6381304614787714e-07,1.946250529159593,3.9863137138648344e-11,7.401486830834377e-18,4.019310553785585,,5,2024
88,True,Replace + Select,1.53649176320722,2.34005309830041e-05,4.65340589179402e-05,3.7127954014294454e-07,2.082477954693444,3.9863137138648344e-11,7.401486830834377e-18,4.0194005710239535,,5,2024
89,True,Replace + Select,1.5364587253676973,2.368140894901234e-05,4.7696672976726895e-05,3.805556450679682e-07,1.975201493404044,3.9863137138648344e-11,7.401486830834377e-18,4.019393388936159,,5,2024
90,True,Replace + Select,1.5363169225913833,2.3817829516562474e-05,4.738553327659438e-05,3.78073166481926e-07,2.0047553399551417,3.9863137138648344e-11,7.401486830834377e-18,4.019303551787076,,5,2024
91,True,Replace + Select,1.536366393589538,2.3838425421884916e-05,4.732916213982147e-05,3.776234002198578e-07,2.022375986542343,3.9863137138648344e-11,7.401486830834377e-18,4.019319571631777,,5,2024
92,True,Replace + Select,1.5361589531973647,2.3204628148762443e-05,4.6373213011221114e-05,3.699962049757749e-07,2.0058872855844045,3.9863137138648344e-11,7.401486830834377e-18,4.0193086807599485,,5,2024
93,True,Replace + Select,1.536268253299572,2.3014600384330932e-05,4.6577627840880994e-05,3.716271618645422e-07,1.9736911565609705,3.9863137138648344e-11,7.401486830834377e-18,4.019312382601003,,5,2024
94,True,Replace + Select,1.5365963034058328,2.2910811047174847e-05,4.603572374345277e-05,3.673034920886147e-07,1.9728930445960544,3.9863137138648344e-11,7.401486830834377e-18,4.019375415533927,,5,2024
95,True,Replace + Select,1.5364706401556918,2.23527978899394e-05,4.5384526393475064e-05,3.6210780836224163e-07,1.970557725977927,3.9863137138648344e-11,7.401486830834377e-18,4.0193291334222785,,5,2024
96,True,Replace + Select,1.5364728629333155,2.171836064243467e-05,4.344976201476231e-05,3.4667097681311406e-07,1.9589179272608188,3.9863137138648344e-11,7.401486830834377e-18,4.0193364789238455,,5,2024
97,True,Replace + Select,1.5362247376056222,2.2775653994036794e-05,4.5380665049370794e-05,3.620770000017267e-07,1.917052109836539,3.9863137138648344e-11,7.401486830834377e-18,4.01932229847724,,5,2024
98,True,Replace + Select,1.5364849536051768,2.230616889146116e-05,4.528852178652019e-05,3.6134182002701677e-07,1.9407705040515504,3.9863137138648344e-11,7.401486830834377e-18,4.019456605099239,,5,2024
99,True,Replace + Select,1.5363087624099083,2.25302248078765e-05,4.4507062509266304e-05,3.551068203763114e-07,2.0016956898208127,3.9863137138648344e-11,7.401486830834377e-18,4.019360837796454,,5,2024
100,True,Replace + Select,1.5361844669128246,2.2336177933172236e-05,4.4062050637455627e-05,3.5155622094514245e-07,2.1092045734917706,3.9863137138648344e-11,7.401486830834377e-18,4.019335360529512,,5,2024
101,True,Replace + Select,1.5360917723562901,2.2947250499041864e-05,4.594482492103118e-05,3.665782410838026e-07,1.9289871181260914,3.9863137138648344e-11,7.401486830834377e-18,4.0193097724920195,,5,2024
102,True,Replace + Select,1.5359799164304866,2.2956572247865672e-05,4.5872555962577154e-05,3.660016314717174e-07,2.031432278045102,3.9863137138648344e-11,7.401486830834377e-18,4.0193083767614555,,5,2024
103,True,Replace + Select,1.536294537695113,2.230572230911608e-05,4.444278239423146e-05,3.5459395104779313e-07,1.930908044172786,3.9863137138648344e-11,7.401486830834377e-18,4.019341124575388,,5,2024
104,True,Replace + Select,1.5359490072676913,2.2180328188586487e-05,4.412492310741401e-05,3.5205785914900004e-07,2.005802133414875,3.9863137138648344e-11,7.401486830834377e-18,4.019244559754565,,5,2024
105,True,Replace + Select,1.5360683389657932,2.1723463669185554e-05,4.3037648952800854e-05,3.43382865874806e-07,1.9350332573041782,3.9863137138648344e-11,7.401486830834377e-18,4.019336135250367,,5,2024
106,True,Replace + Select,1.53604113882756,2.2069235551759018e-05,4.3827914497945244e-05,3.496881277628659e-07,1.9657285893263072,3.9863137138648344e-11,7.401486830834377e-18,4.019290034411256,,5,2024
107,True,Replace + Select,1.5359536667536633,2.2430363506003954e-05,4.4786071785494894e-05,3.57332941161443e-07,1.957623506069688,3.9863137138648344e-11,7.401486830834377e-18,4.0192177119353865,,5,2024
108,True,Replace + Select,1.5361022546335998,2.2501752929695005e-05,4.4703779466184816e-05,3.5667635853828045e-07,2.007371040739808,3.9863137138648344e-11,7.401486830834377e-18,4.019260405649092,,5,2024
109,True,Replace + Select,1.5360847714942316,2.2784787058056953e-05,4.555878787989952e-05,3.634981819090322e-07,2.038390578459806,3.9863137138648344e-11,7.401486830834377e-18,4.019314352584594,,5,2024
110,True,Replace + Select,1.5363704987947193,2.307868371295418e-05,4.5866399845618134e-05,3.6595251389360883e-07,1.9819647318631763,3.9863137138648344e-11,7.401486830834377e-18,4.01943845839089,,5,2024
111,True,Replace + Select,1.5363721989305832,2.259323482767272e-05,4.535094028419289e-05,3.6183983613932713e-07,1.9775683290396817,3.9863137138648344e-11,7.401486830834377e-18,4.019484162187248,,5,2024
112,True,Replace + Select,1.536220978723055,2.1801690071570514e-05,4.3656189325874954e-05,3.483179906117169e-07,1.8627580975473057,3.9863137138648344e-11,7.401486830834377e-18,4.019466095962568,,5,2024
113,True,Replace + Select,1.5362338200268275,2.176003940809526e-05,4.371789348546089e-05,3.4881030726168666e-07,2.0455300723810126,3.9863137138648344e-11,7.401486830834377e-18,4.019389829390503,,5,2024
114,True,Replace + Select,1.5362904761367062,2.1243974612458185e-05,4.2780197412075856e-05,3.413287469805563e-07,2.006398942047221,3.9863137138648344e-11,7.401486830834377e-18,4.019481351172948,,5,2024
115,True,Replace + Select,1.5362565027709374,2.2127046775607798e-05,4.483476348491751e-05,3.577214357864721e-07,2.0014940786199116,3.9863137138648344e-11,7.401486830834377e-18,4.019477218604142,,5,2024
116,True,Replace + Select,1.5361630362943322,2.3018156253206163e-05,4.636117019535203e-05,3.699001194151797e-07,1.9772466705074283,3.9863137138648344e-11,7.401486830834377e-18,4.019380907939224,,5,2024
117,True,Replace + Select,1.5365808934273162,2.2780999637542226e-05,4.5442035299556365e-05,3.625666525013622e-07,1.922225673484053,3.9863137138648344e-11,7.401486830834377e-18,4.019449935095565,,5,2024
118,True,Replace + Select,1.536508139274966,2.216858708708764e-05,4.4228210696584526e-05,3.5288195593963955e-07,2.0149021912720415,3.9863137138648344e-11,7.401486830834377e-18,4.019449086319538,,5,2024
119,True,Replace + Select,1.536682882920885,2.225180404504738e-05,4.453155719361349e-05,3.5530225519011965e-07,1.974433375391044,3.9863137138648344e-11,7.401486830834377e-18,4.019465592591614,,5,2024
120,True,Replace + Select,1.5362923808254614,2.2577320941470144e-05,4.466631602768679e-05,3.563774504150443e-07,1.9837702062138405,3.9863137138648344e-11,7.401486830834377e-18,4.0193578769733795,,5,2024
121,True,Replace + Select,1.5363406344878507,2.2312218306047873e-05,4.503455950528371e-05,3.5931554075579716e-07,1.8595122801346875,3.9863137138648344e-11,7.401486830834377e-18,4.019365291530244,,5,2024
122,True,Replace + Select,1.5363727149841278,2.1972347665500266e-05,4.4542505274524296e-05,3.553896062302079e-07,1.9421569338628435,3.9863137138648344e-11,7.401486830834377e-18,4.019397163954132,,5,2024
123,True,Replace + Select,1.5362878694965079,2.2556780663599352e-05,4.5535932472920293e-05,3.633158263357092e-07,1.9089358008322712,3.9863137138648344e-11,7.401486830834377e-18,4.019316732798115,,5,2024
124,True,Replace + Select,1.535957239070561,2.2234990615076365e-05,4.406544988024066e-05,3.5158334235529684e-07,2.0227390069697813,3.9863137138648344e-11,7.401486830834377e-18,4.0192856615495005,,5,2024
125,True,Replace + Select,1.5361567887339695,2.3197824873424775e-05,4.555996580147372e-05,3.635075801474529e-07,1.95740025386974,3.9863137138648344e-11,7.401486830834377e-18,4.019350247623191,,5,2024
126,True,Replace + Select,1.53614692772883,2.3163188278016524e-05,4.630932335635934e-05,3.6948645099710733e-07,2.0216803188215273,3.9863137138648344e-11,7.401486830834377e-18,4.019353143763032,,5,2024
127,True,Replace + Select,1.5363313483597258,2.2952924054181425e-05,4.5694407728136545e-05,3.645802468751787e-07,2.0051613602404563,3.9863137138648344e-11,7.401486830834377e-18,4.019436326737769,,5,2024
128,True,Replace + Select,1.5362438683829642,2.377182742192564e-05,4.7772168133347396e-05,3.8115799542563865e-07,2.0641747456625863,3.9863137138648344e-11,7.401486830834377e-18,4.019389333432407,,5,2024
129,True,Replace + Select,1.5364650134164786,2.29746541337555e-05,4.5696190949586984e-05,3.645944745968838e-07,1.9992565810754435,3.9863137138648344e-11,7.401486830834377e-18,4.019388238343275,,5,2024
130,True,Replace + Select,1.5358931565030343,2.298417213137102e-05,4.674130345343419e-05,3.7293307429888476e-07,2.103243372933882,3.9863137138648344e-11,7.401486830834377e-18,4.019324839112912,,5,2024
131,True,Replace + Select,1.5360008812851644,2.302573143783586e-05,4.60308702171658e-05,3.6726476744155404e-07,1.8965729250904428,3.9863137138648344e-11,7.401486830834377e-18,4.019310024909458,,5,2024
132,True,Replace + Select,1.5358160109184888,2.2731933500096948e-05,4.582297144077804e-05,3.6560601331847946e-07,1.954633989751922,3.9863137138648344e-11,7.401486830834377e-18,4.019284066870268,,5,2024
133,True,Replace + Select,1.5361808553351355,2.2988012623132402e-05,4.5871570332687654e-05,3.6599376746370624e-07,1.9676146296590278,3.9863137138648344e-11,7.401486830834377e-18,4.019411125865013,,5,2024
134,True,Replace + Select,1.535996218382406,2.28868869671367e-05,4.534338704789186e-05,3.617795714178382e-07,1.9642003633837075,3.9863137138648344e-11,7.401486830834377e-18,4.019341685079114,,5,2024
135,True,Replace + Select,1.5358802776353708,2.2844146236212396e-05,4.609500713780691e-05,3.677764942703658e-07,1.9932610742442498,3.9863137138648344e-11,7.401486830834377e-18,4.019300739698581,,5,2024
136,True,Replace + Select,1.5360959545056647,2.301833171989429e-05,4.654164231360793e-05,3.713400454958346e-07,1.9568822485170922,3.9863137138648344e-11,7.401486830834377e-18,4.019388835190482,,5,2024
137,True,Replace + Select,1.5360033116701437,2.2352086855264028e-05,4.430156503429433e-05,3.5346722542624105e-07,2.045025173174642,3.9863137138648344e-11,7.401486830834377e-18,4.0192679830192555,,5,2024
138,True,Replace + Select,1.5358345828523268,2.2385397160854507e-05,4.46793795700643e-05,3.5648168000771994e-07,1.9261148673667576,3.9863137138648344e-11,7.401486830834377e-18,4.0192273587941445,,5,2024
139,True,Replace + Select,1.5357058845280962,2.2542259196566576e-05,4.504978467818824e-05,3.594370172683997e-07,2.0729172395365927,3.9863137138648344e-11,7.401486830834377e-18,4.019171763837089,,5,2024
140,True,Replace + Select,1.5356613645821928,2.3128015705575505e-05,4.6404551322712674e-05,3.702462427792676e-07,1.958524509140727,3.9863137138648344e-11,7.401486830834377e-18,4.019218753848874,,5,2024
141,True,Replace + Select,1.5356538354935494,2.3792469275017064e-05,4.7453839400994345e-05,3.78618157979463e-07,2.01446671219103,3.9863137138648344e-11,7.401486830834377e-18,4.019188956275918,,5,2024
142,True,Replace + Select,1.5359900515803873,2.32986371300987e-05,4.671679216372668e-05,3.727375069965146e-07,1.967483827728492,3.9863137138648344e-11,7.401486830834377e-18,4.019306091562371,,5,2024
143,True,Replace + Select,1.5357126734975928,2.3803566219500064e-05,4.730599332280658e-05,3.7743854405370833e-07,1.905197399936843,3.9863137138648344e-11,7.401486830834377e-18,4.0192605580423955,,5,2024
144,True,Replace + Select,1.535897229833334,2.3374559900838814e-05,4.642692260283501e-05,3.704247356679038e-07,1.9955617621608566,3.9863137138648344e-11,7.401486830834377e-18,4.01931249541716,,5,2024
145,True,Replace + Select,1.5361294254052182,2.288392294517396e-05,4.546423273486972e-05,3.627437583409802e-07,2.0010153434858973,3.9863137138648344e-11,7.401486830834377e-18,4.019293383887931,,5,2024
146,True,Replace + Select,1.5362382853958494,2.24426414384925e-05,4.493220380333615e-05,3.584988791785831e-07,1.977541430130209,3.9863137138648344e-11,7.401486830834377e-18,4.019355430781773,,5,2024
147,True,Replace + Select,1.536066517455756,2.2995768315226998e-05,4.6080454424255596e-05,3.6766038308383266e-07,1.9971276885211562,3.9863137138648344e-11,7.401486830834377e-18,4.019310226784681,,5,2024
148,True,Replace + Select,1.5360830602961288,2.3110408786281247e-05,4.613150112945967e-05,3.6806766750463507e-07,1.9757790911993065,3.9863137138648344e-11,7.401486830834377e-18,4.0193200815143015,,5,2024
149,True,Replace + Select,1.5361087414042287,2.352940315830188e-05,4.755186395479189e-05,3.7940026278834825e-07,2.0014361797728975,3.9863137138648344e-11,7.401486830834377e-18,4.019272956779233,,5,2024
150,True,Replace + Select,1.53583920088519,2.375076300347351e-05,4.701290105917443e-05,3.7510005986833574e-07,1.9222619326599277,3.9863137138648344e-11,7.401486830834377e-18,4.019240620512886,,5,2024
151,True,Replace + Select,1.5360833404538492,2.2920577000263416e-05,4.588391039278488e-05,3.660922246356094e-07,2.0195609974597293,3.9863137138648344e-11,7.401486830834377e-18,4.019327891777841,,5,2024
152,True,Replace + Select,1.5363608082024252,2.291350022958967e-05,4.632925742712484e-05,3.696454982154049e-07,1.906894627637877,3.9863137138648344e-11,7.401486830834377e-18,4.01941079472527,,5,2024
153,True,Replace + Select,1.5362860009283072,2.343379275613566e-05,4.6973182536933904e-05,3.7478315919352844e-07,1.9588337755878784,3.9863137138648344e-11,7.401486830834377e-18,4.0192971846494725,,5,2024
154,True,Replace + Select,1.5362506880212665,2.3262948035093204e-05,4.6960314151275724e-05,3.74680486690406e-07,2.0314663528555075,3.9863137138648344e-11,7.401486830834377e-18,4.019326955755394,,5,2024
155,True,Replace + Select,1.5363127005251187,2.311289275388345e-05,4.621189873824941e-05,3.687091328724571e-07,1.9892386169802947,3.9863137138648344e-11,7.401486830834377e-18,4.019352461627818,,5,2024
156,True,Replace + Select,1.536412101314073,2.3165537024725425e-05,4.6387506638552754e-05,3.701102490008625e-07,1.952495161804605,3.9863137138648344e-11,7.401486830834377e-18,4.019346892884016,,5,2024
157,True,Replace + Select,1.5359342852124207,2.280043958426248e-05,4.513996504578069e-05,3.6015653596477407e-07,1.9470453268018542,3.9863137138648344e-11,7.401486830834377e-18,4.019364163974415,,5,2024
158,True,Replace + Select,1.5362081353153012,2.301806554934105e-05,4.601560335609674e-05,3.671429583131661e-07,1.970264332483639,3.9863137138648344e-11,7.401486830834377e-18,4.019292695288843,,5,2024
159,True,Replace + Select,1.5363085652963133,2.2961338515298996e-05,4.6190720965525294e-05,3.6854016257626764e-07,1.8525200223738554,3.9863137138648344e-11,7.401486830834377e-18,4.019335765316176,,5,2024
160,True,Replace + Select,1.5362117659137697,2.320777860631342e-05,4.6158327579102794e-05,3.682817066862318e-07,1.9353839793887722,3.9863137138648344e-11,7.401486830834377e-18,4.019275587576425,,5,2024
161,True,Replace + Select,1.5362816203390293,2.4097060102390228e-05,4.8411239346970054e-05,3.862569288053989e-07,2.0460960705646833,3.9863137138648344e-11,7.401486830834377e-18,4.019359948378768,,5,2024
162,True,Replace + Select,1.5361407981340134,2.3656285952821113e-05,4.6912251928289645e-05,3.7429701444527075e-07,2.0645375387687235,3.9863137138648344e-11,7.401486830834377e-18,4.019297397779017,,5,2024
163,True,Replace + Select,1.5362258651925904,2.3020872901625998e-05,4.584323667310452e-05,3.657677027630287e-07,2.1240914128389177,3.9863137138648344e-11,7.401486830834377e-18,4.0193317332844165,,5,2024
164,True,Replace + Select,1.536489791106475,2.286300496692572e-05,4.610387209022734e-05,3.67847224731765e-07,2.0130518178861943,3.9863137138648344e-11,7.401486830834377e-18,4.019406361621766,,5,2024
165,True,Replace + Select,1.5366441585902044,2.226295895720577e-05,4.4144907283633215e-05,3.522173061417906e-07,1.9952141528898304,3.9863137138648344e-11,7.401486830834377e-18,4.0194227041497665,,5,2024
166,True,Replace + Select,1.5369297856321353,2.3021386484241737e-05,4.6670476904716386e-05,3.723679731869394e-07,1.9786913680380596,3.9863137138648344e-11,7.401486830834377e-18,4.019468903420447,,5,2024
167,True,Replace + Select,1.5367112727699115,2.3386847086763628e-05,4.655198851004055e-05,3.714225943029461e-07,2.0970200335662943,3.9863137138648344e-11,7.401486830834377e-18,4.019418351134821,,5,2024
168,True,Replace + Select,1.536559986876584,2.249560158908382e-05,4.4763451854984966e-05,3.57152464375341e-07,1.9479237860697132,3.9863137138648344e-11,7.401486830834377e-18,4.019484297189746,,5,2024
169,True,Replace + Select,1.536322321834607,2.2383069999120946e-05,4.505460372009279e-05,3.5947546677621946e-07,1.9643293849194723,3.9863137138648344e-11,7.401486830834377e-18,4.01943387377693,,5,2024
170,True,Replace + Select,1.5360724316774015,2.2511842946293193e-05,4.540970851454354e-05,3.6230872800148084e-07,2.0736777991851736,3.9863137138648344e-11,7.401486830834377e-18,4.0193476400216,,5,2024
171,True,Replace + Select,1.5358012348374792,2.2790958829939732e-05,4.5338914228908064e-05,3.6174388430577314e-07,2.003691157689664,3.9863137138648344e-11,7.401486830834377e-18,4.019285904120392,,5,2024
172,True,Replace + Select,1.5356824122862818,2.314951861212628e-05,4.6045164932242665e-05,3.673788201453934e-07,1.995045959775804,3.9863137138648344e-11,7.401486830834377e-18,4.019306245068422,,5,2024
173,True,Replace + Select,1.5359304799080564,2.3167188360054422e-05,4.660455101499534e-05,3.7184197277802796e-07,1.8401070730820983,3.9863137138648344e-11,7.401486830834377e-18,4.019388181806813,,5,2024
174,True,Replace + Select,1.535910746325048,2.309944466456577e-05,4.699041633161665e-05,3.7492066182092685e-07,1.9650685394502325,3.9863137138648344e-11,7.401486830834377e-18,4.019415408952712,,5,2024
175,True,Replace + Select,1.5357745633555557,2.306612847734578e-05,4.606250865555713e-05,3.67517199856218e-07,1.9429341309635997,3.9863137138648344e-11,7.401486830834377e-18,4.0193623894948,,5,2024
176,True,Replace + Select,1.5358068336101964,2.3373108110487994e-05,4.610526945645511e-05,3.678583738449634e-07,1.9614336283933258,3.9863137138648344e-11,7.401486830834377e-18,4.019301631942333,,5,2024
177,True,Replace + Select,1.5359485725781616,2.2694209249537866e-05,4.5043419270908074e-05,3.5938622983350236e-07,1.9575032216059673,3.9863137138648344e-11,7.401486830834377e-18,4.019329110336148,,5,2024
178,True,Replace + Select,1.5360683800256278,2.2724445887141396e-05,4.564985146198865e-05,3.642247474755873e-07,2.027023722561865,3.9863137138648344e-11,7.401486830834377e-18,4.0194012110947845,,5,2024
179,True,Replace + Select,1.536089036638472,2.2399325113704726e-05,4.506525656749193e-05,3.5956046224782745e-07,2.008311511109613,3.9863137138648344e-11,7.401486830834377e-18,4.019348408948995,,5,2024
180,True,Replace + Select,1.5358941985145016,2.2660117030214312e-05,4.491751360816568e-05,3.5838167107264243e-07,1.8654021303503203,3.9863137138648344e-11,7.401486830834377e-18,4.019314559133596,,5,2024
181,True,Replace + Select,1.5362225491741723,2.27853649262424e-05,4.564853879240817e-05,3.64214274128333e-07,2.0257995279209338,3.9863137138648344e-11,7.401486830834377e-18,4.019443051528497,,5,2024
182,True,Replace + Select,1.5361691036789142,2.25702736851437e-05,4.526352468801983e-05,3.611423766203608e-07,2.0431845601546916,3.9863137138648344e-11,7.401486830834377e-18,4.019488622456804,,5,2024
183,True,Replace + Select,1.5357179827373075,2.2443730655154593e-05,4.421272616419404e-05,3.5275841008529213e-07,1.930428212830869,3.9863137138648344e-11,7.401486830834377e-18,4.019345690051326,,5,2024
184,True,Replace + Select,1.5361893684338956,2.2361726467212343e-05,4.454417014925799e-05,3.554028897034294e-07,2.064654023415954,3.9863137138648344e-11,7.401486830834377e-18,4.019405586343276,,5,2024
185,True,Replace + Select,1.536264452722928,2.320705028588331e-05,4.627194821833313e-05,3.6918824739351407e-07,1.9561571845673225,3.9863137138648344e-11,7.401486830834377e-18,4.019402793076862,,5,2024
186,True,Replace + Select,1.536204986709087,2.2839158694007655e-05,4.558585081760152e-05,3.6371410794898145e-07,2.026405313137334,3.9863137138648344e-11,7.401486830834377e-18,4.019361076765877,,5,2024
187,True,Replace + Select,1.5362009670844674,2.3422734228325003e-05,4.6565481464144715e-05,3.7153025002676333e-07,1.9301898680800438,3.9863137138648344e-11,7.401486830834377e-18,4.0193378433359035,,5,2024
188,True,Replace + Select,1.5363802103498487,2.3355781548170222e-05,4.6801561487823116e-05,3.734138528043078e-07,2.0522729619109787,3.9863137138648344e-11,7.401486830834377e-18,4.019385164229773,,5,2024
189,True,Replace + Select,1.5362945346631802,2.3497111411835543e-05,4.6933092359032504e-05,3.7446329320372234e-07,1.964600550404875,3.9863137138648344e-11,7.401486830834377e-18,4.019385455169075,,5,2024
190,True,Replace + Select,1.5363924807868294,2.310779365322331e-05,4.691390024462357e-05,3.743101658046127e-07,1.9481834548211188,3.9863137138648344e-11,7.401486830834377e-18,4.019431802041516,,5,2024
191,True,Replace + Select,1.5363364657438865,2.3696508465964745e-05,4.694178609814561e-05,3.7453265761196644e-07,1.998532638898297,3.9863137138648344e-11,7.401486830834377e-18,4.019474108529133,,5,2024
192,True,Replace + Select,1.5362425420860024,2.317398916450764e-05,4.621832968972562e-05,3.6876044326235834e-07,1.9731052663570385,3.9863137138648344e-11,7.401486830834377e-18,4.0194233887505355,,5,2024
193,True,Replace + Select,1.5362385042238507,2.2798749127419335e-05,4.460410696510665e-05,3.5588110531460494e-07,1.9954324506842087,3.9863137138648344e-11,7.401486830834377e-18,4.019364336694536,,5,2024
194,True,Replace + Select,1.5361059444971215,2.226753733749692e-05,4.476672028661335e-05,3.571785420874554e-07,1.8795666672467752,3.9863137138648344e-11,7.401486830834377e-18,4.019359114236636,,5,2024
195,True,Replace + Select,1.5364884936780316,2.2497027264564008e-05,4.507910212441459e-05,3.5967093127044876e-07,1.9768528692835088,3.9863137138648344e-11,7.401486830834377e-18,4.01936669805497,,5,2024
196,True,Replace + Select,1.536339211886665,2.2299059311832624e-05,4.476765288967911e-05,3.571859830123487e-07,2.0004107365705326,3.9863137138648344e-11,7.401486830834377e-18,4.019335427219031,,5,2024
197,True,Replace + Select,1.5365417284180154,2.1717514301685213e-05,4.316862036336011e-05,3.4442784252664e-07,1.958932600389236,3.9863137138648344e-11,7.401486830834377e-18,4.019410655912902,,5,2024
198,True,Replace + Select,1.5364766987421328,2.272024358605798e-05,4.569657261073395e-05,3.6459751974227686e-07,1.9538210782003758,3.9863137138648344e-11,7.401486830834377e-18,4.019439597120312,,5,2024
199,True,Replace + Select,1.5363308259246007,2.2859497207090508e-05,4.6233235236658416e-05,3.688793695872798e-07,1.937764219596264,3.9863137138648344e-11,7.401486830834377e-18,4.019396075814231,,5,2024
200,True,Replace + Select,1.536535769385422,2.2689214761882115e-05,4.477674289314661e-05,3.57258509080046e-07,1.9405610702547733,3.9863137138648344e-11,7.401486830834377e-18,4.0194860650891435,,5,2024
0,False,Accumulate,0.2915999999998552,63.3583760862777,127.50508473824303,1.0173200087914773,0.05608824657496211,0.7219280948873623,0.2,1.799999999999553,,5,2024
1,False,Accumulate,0.6416104989130251,64.23549360339607,130.8946463914771,1.04436417646484,0.17137028765392803,0.7706519134832998,0.2258193030437351,2.918545855921531,300.0,5,2024
2,False,Accumulate,0.44738784810235693,65.51075726199949,131.0322510689258,1.0454620777129293,0.16020098806967958,0.7645975664054545,0.22243980950273992,3.2205206533971835,600.0,5,2024
3,False,Accumulate,0.43762927855870376,64.43484725462602,128.8314929675888,1.0279029720851318,0.1651376290310587,0.7697705360390531,0.22532402089964887,3.476355977631021,900.0,5,2024
4,False,Accumulate,0.4021331452500654,65.39312765942435,131.72829091871037,1.0510155446005889,0.15720386782673712,0.7766855439766448,0.22924082630984827,3.547722159280573,1200.0,5,2024
5,False,Accumulate,0.420363718236639,64.46147371482878,127.96539039219326,1.0209926321451637,0.15986055314311381,0.7778859859204861,0.22992812367201657,3.514360538458282,1500.0,5,2024
6,False,Accumulate,0.44526215668805136,63.982949774843576,126.75710149676547,1.0113521031243586,0.14468199105438756,0.7829592196056713,0.23285739190249924,3.385495637418373,1800.0,5,2024
7,False,Accumulate,0.34385231703014546,63.72502405108475,126.26055649877483,1.0073903382836997,0.1492201457889665,0.7840664024883927,0.23350205993514825,3.3053809784887505,2100.0,5,2024
8,False,Accumulate,0.3364234397768028,64.47260693832084,128.48252861267696,1.0251187033531386,0.14685330754737372,0.7860893294079712,0.23468499963841305,3.2712866452936193,2400.0,5,2024
9,False,Accumulate,0.32340222706069544,64.60825822563893,130.2630612756304,1.0393249721309517,0.1463722868398381,0.7919595215615624,0.2381555355415858,3.279430401653988,2700.0,5,2024
10,False,Accumulate,0.31882561399679926,64.53304346890414,128.89971512906274,1.0284472936708389,0.11401344435150745,0.7964044743400879,0.24082194433788465,3.317479945035486,3000.0,5,2024
11,False,Accumulate,0.33914453011821427,64.40606215448676,128.28336832674918,1.023529670694191,0.11109249501543257,0.7934928711163544,0.23907154023475216,3.230802807397268,3300.0,5,2024
12,False,Accumulate,0.3330690888718474,64.55215927428394,129.38557453388552,1.0323238017724603,0.14667327361834134,0.8006279720181176,0.2433872770466218,3.32439655250263,3600.0,5,2024
13,False,Accumulate,0.35870258763246626,64.56487874759826,129.12397338237372,1.0302365745351922,0.15487806644194047,0.8009531175338964,0.24358607925163137,3.37396444847164,3900.0,5,2024
14,False,Accumulate,0.3664564796688391,64.59406401915207,128.08377883730108,1.0219372135653098,0.1577120576446725,0.801844116214745,0.244131830776788,3.3769921812131307,4200.0,5,2024
15,False,Accumulate,0.3630720750893088,64.96096064260671,130.69044700880636,1.042734938554836,0.1505167180544278,0.8019430439684097,0.244192513826072,3.4545408860915074,4500.0,5,2024
16,False,Accumulate,0.3354151084563038,65.06372174161952,130.89169167011875,1.0443406017410206,0.130515503378275,0.8029963728555101,0.24483973175062573,3.4348647654765903,4800.0,5,2024
17,False,Accumulate,0.32955129270653183,65.01238919746287,131.52244808947125,1.0493731941854576,0.1479241552212427,0.8007752790456197,0.24347732084626916,3.4133118023950026,5100.0,5,2024
18,False,Accumulate,0.3502585459069893,64.93088695470685,127.44851503191903,1.016868658210024,0.15831073900599746,0.8009956362107673,0.24361209024764718,3.4492010738716448,5400.0,5,2024
19,False,Accumulate,0.36303606511984543,64.90190717169192,128.76436787331312,1.0273674036280867,0.18991616493697078,0.8019451389673732,0.2441937991056001,3.44678993426936,5700.0,5,2024
20,False,Accumulate,0.3655656455149741,64.88917351581196,131.31892115030988,1.0477493214751101,0.13805860510342244,0.8037044771080769,0.24527595962450557,3.4547180037222076,6000.0,5,2024
21,False,Accumulate,0.36437010142917947,65.07408123335699,130.92739095901675,1.0446254343104049,0.15446746600501632,0.8015676669783515,0.24396234822446036,3.478812319322057,6300.0,5,2024
22,False,Accumulate,0.35961583149743254,65.13307061686943,128.94933039887837,1.0288431571521162,0.15878281927440485,0.8026276925981305,0.2446129674245443,3.5115443800252333,6600.0,5,2024
23,False,Accumulate,0.3645344866168493,65.23743118730334,130.6089988235603,1.0420850909922805,0.13143592425965261,0.8001643640055683,0.24310414220275062,3.5360690818642304,6900.0,5,2024
24,False,Accumulate,0.37916130329695524,65.30835769734605,131.68077143746595,1.0506364027085098,0.1633146288019443,0.7978889935059689,0.2417200575999874,3.509805503687371,7200.0,5,2024
25,False,Accumulate,0.3689189647581638,65.41339570129028,130.34591490499844,1.0399860332574953,0.16286964593707665,0.7992521544852451,0.2425481545660687,3.5298989821207547,7500.0,5,2024
26,False,Accumulate,0.3703735631251397,65.55919045985775,129.49089147925574,1.033164090110842,0.14433929953491254,0.8016271329675774,0.24399879337652258,3.5222325023801773,7800.0,5,2024
27,False,Accumulate,0.3741550502530755,65.59316519722188,129.29485782314393,1.0316000037752384,0.13483471077216824,0.7997410735849128,0.24284596472371792,3.5160758528104563,8100.0,5,2024
28,False,Accumulate,0.38094120526550196,65.67823421675357,133.37440070295787,1.0641492986278909,0.1398288665029606,0.8015171350225152,0.2439313835112669,3.525788183175062,8400.0,5,2024
29,False,Accumulate,0.38212290127794835,65.64447801240402,132.74120855203833,1.0590972723039012,0.13934267780435458,0.8028242340652589,0.24473382354598824,3.511565350836333,8700.0,5,2024
30,False,Accumulate,0.3916281818596414,65.58777734027393,132.11551337979915,1.0541050618408447,0.1524469623429992,0.8009723732754113,0.24359785863852662,3.4903044780740746,9000.0,5,2024
31,False,Accumulate,0.4013412281769689,65.58442921232879,132.4418587617991,1.0567088614270872,0.15985161354684296,0.8001187062022488,0.24307627879535265,3.5016093092847393,9300.0,5,2024
32,False,Accumulate,0.4026187931718279,65.71613406074322,131.17309315115295,1.0465858091203761,0.1537848511090087,0.7999197808845655,0.2429549247561899,3.497319416971275,9600.0,5,2024
33,False,Accumulate,0.40790559860275843,65.69128563940151,132.47883819015308,1.057003907796849,0.15691659132158528,0.7983319428671982,0.24198878275307806,3.4971469045882255,9900.0,5,2024
34,False,Accumulate,0.4130703408964446,65.71708036269246,129.96626083633925,1.0369569016643594,0.15394208554882519,0.7971871852753711,0.24129499412348285,3.5114085601689027,10200.0,5,2024
35,False,Accumulate,0.41306642387146825,65.74350892436874,134.052184119821,1.0695571036030216,0.14972759974776245,0.7977064824148693,0.24160943333809246,3.5171243224633066,10500.0,5,2024
36,False,Accumulate,0.4132906869782223,65.69305147964693,130.05548377096818,1.037668781326472,0.1492370660498355,0.7995463679206102,0.24272731488971339,3.5240866979936945,10800.0,5,2024
37,False,Accumulate,0.41507061200648415,65.70378608381571,131.23936762867973,1.0471145907936608,0.15909693419107723,0.7984725868971031,0.242074179764888,3.5324100024743124,11100.0,5,2024
38,False,Accumulate,0.41896435260475945,65.67033341326685,133.78401732065313,1.067417491280524,0.16330854837958783,0.7967540181983419,0.2410330676212095,3.5445820813888216,11400.0,5,2024
39,False,Accumulate,0.4124375438448148,65.63812802435169,130.42235838544366,1.0405959499706854,0.14404060397566473,0.7979814502485107,0.2417761200971864,3.5366733426103982,11700.0,5,2024
40,False,Accumulate,0.4077706181591828,65.57985893479508,130.8332539918409,1.0438743472422183,0.18850345716912484,0.7985391144230213,0.24211458644761774,3.541330298593487,12000.0,5,2024
41,False,Accumulate,0.40385453299100454,65.6503399713002,132.67577113424684,1.0585751692475438,0.15020846972598928,0.8004656400473624,0.24328809394718648,3.5367741521889084,12300.0,5,2024
42,False,Accumulate,0.40464027997028956,65.68104527049363,131.20003601627405,1.0468007771417545,0.15532470022523853,0.7994684236269022,0.24267983601905935,3.538925823340228,12600.0,5,2024
43,False,Accumulate,0.40921669813774536,65.66388366737131,128.9775226786966,1.0290680938313976,0.13693079847739398,0.8010683073759792,0.24365655467149533,3.545766639184751,12900.0,5,2024
44,False,Accumulate,0.41132172702498837,65.71673734587519,130.79610927011956,1.043577982052503,0.1556499699918546,0.7996009467314428,0.24276056736246254,3.5401778817098,13200.0,5,2024
45,False,Accumulate,0.41072065068566316,65.79247927563682,132.35303279690396,1.0560001490524118,0.18333304734315692,0.8004367879820727,0.243270470571374,3.553630362916482,13500.0,5,2024
46,False,Accumulate,0.4079231457666094,65.7777676091782,130.1781938912259,1.0386478439330784,0.17460666053356866,0.8013903634780571,0.24385372131333707,3.552043121024352,13800.0,5,2024
47,False,Accumulate,0.4134126419909055,65.79125107871664,129.82093178794946,1.0357973702692853,0.15209285576313686,0.800770261434226,0.24347425311149032,3.568817361853948,14100.0,5,2024
48,False,Accumulate,0.417793523447963,65.78569935639652,131.46213833564474,1.048892003028109,0.17141612869609252,0.8020322615948068,0.2442472557567862,3.5757058615106656,14400.0,5,2024
49,False,Accumulate,0.4204331592683609,65.80929633166784,133.79797288699322,1.0675288380311334,0.150686913897999,0.801775440294948,0.24408971481768446,3.586702657072093,14700.0,5,2024
50,False,Accumulate,0.4239979666209183,65.73477880388276,132.02534118774807,1.0533856083743538,0.15461583601801507,0.802083149142416,0.24427848565033267,3.5836877291524236,15000.0,5,2024
51,False,Accumulate,0.41399752110589894,65.73577888440687,133.91234635299838,1.0684413852889998,0.16110984583260363,0.8026897726193096,0.24465113373062178,3.597733678129192,15300.0,5,2024
52,False,Accumulate,0.42169613356392016,65.69397107991902,131.7318422450045,1.051043879433699,0.14437963754411853,0.8018091244777464,0.24411037080141826,3.6126593959216287,15600.0,5,2024
53,False,Accumulate,0.42216491275688084,65.76152921846248,128.25989479083623,1.0233423832788666,0.17192886575088984,0.8019424558953171,0.24419215304530917,3.6221160365766023,15900.0,5,2024
54,False,Accumulate,0.42242638198627214,65.725968884634,132.2765559640208,1.0553899662313833,0.16673700679758163,0.8023317792671577,0.24443113826812346,3.6135728721577673,16200.0,5,2024
55,False,Accumulate,0.424651226376386,65.65315900002064,131.1748095734247,1.0465995038739946,0.16626130942934964,0.8035114831584634,0.24515697497259065,3.6019746770989522,16500.0,5,2024
56,False,Accumulate,0.42429616330972575,65.65050750779253,130.26437785213534,1.0393354766502367,0.17533719228162073,0.8033627943341084,0.24506535169407684,3.6017731094932426,16800.0,5,2024
57,False,Accumulate,0.4254732687800707,65.76096361221676,131.5148780628863,1.049312795499964,0.15056146410943042,0.8033113527775152,0.24503366237120291,3.5849719379838114,17100.0,5,2024
58,False,Accumulate,0.4241315889951101,65.82563324901422,132.17735349689636,1.05459846324988,0.14792259993029047,0.8030413997251858,0.24486744337222902,3.569035258643788,17400.0,5,2024
59,False,Accumulate,0.42414793225594866,65.77013935556553,133.20393577517603,1.0627892165402968,0.17154122246624395,0.8029426427008381,0.24480666854908734,3.5618650320046363,17700.0,5,2024
60,False,Accumulate,0.42656931013197263,65.828958378403,132.58705207364855,1.0578673098261482,0.1734916203925272,0.8041128468475698,0.24552795234237987,3.5636530430495035,18000.0,5,2024
61,False,Accumulate,0.42206224307899304,65.88843905535315,133.36145297200238,1.0640459930554387,0.16184979427622057,0.8043435166260995,0.24567042680404483,3.553934531364897,18300.0,5,2024
62,False,Accumulate,0.42596422939073153,65.82106902304045,130.2871307807197,1.0395170145830572,0.14182499643281166,0.8031895940420957,0.24495867507239358,3.555427984297705,18600.0,5,2024
63,False,Accumulate,0.42483484222693657,65.81681086372704,130.55854588886524,1.041682544065835,0.16569303034197944,0.8039411035150664,0.24542193748406216,3.556616677355817,18900.0,5,2024
64,False,Accumulate,0.4221006347313461,65.80676403454464,131.03421423356008,1.0454777411405258,0.18150931958272898,0.8045840439366592,0.24581909388706594,3.5535285535698296,19200.0,5,2024
65,False,Accumulate,0.4240400716655029,65.78613039999182,131.91078725661652,1.0524716212461926,0.15396846751859986,0.8045149012829694,0.24577634674048715,3.5596438687290495,19500.0,5,2024
66,False,Accumulate,0.42632356983637987,65.8278316498355,133.48803940368973,1.065055983441794,0.1553230251981042,0.8047792840817326,0.24593984775259045,3.553446427791035,19800.0,5,2024
67,False,Accumulate,0.43027985241120387,65.81458832671737,130.3140323014737,1.0397316527316938,0.16828312452812638,0.8046353669283026,0.24585082979092676,3.562246766016306,20100.0,5,2024
68,False,Accumulate,0.4288250480615898,65.79825157458905,131.02114759445303,1.0453734868400912,0.14749011664958578,0.805582218586978,0.24643719312317255,3.549541438546399,20400.0,5,2024
69,False,Accumulate,0.4282048611486846,65.83367948138915,129.60767514650723,1.0340958675504548,0.13864883545676135,0.8068148845591069,0.2472030453644379,3.5447629334177497,20700.0,5,2024
70,False,Accumulate,0.42808072970799266,65.8482037381481,130.98740496327594,1.0451042657818392,0.15945179160545406,0.8067060353654051,0.24713530365851755,3.5524855168636678,21000.0,5,2024
71,False,Accumulate,0.4261505390330442,65.90159200023916,134.84803146686016,1.075906900803256,0.18972657404143753,0.8069345954632163,0.24727757237484005,3.53963651782965,21300.0,5,2024
72,False,Accumulate,0.42496116171637055,65.9669677765077,128.18958156813804,1.0227813778218662,0.14328486481358332,0.8062889990888713,0.24687596808852355,3.5421034712994808,21600.0,5,2024
73,False,Accumulate,0.426994600740714,66.03526514422931,129.40610108246256,1.0324875761711185,0.16314938574191892,0.8057211037596465,0.24652334092480518,3.561052207217985,21900.0,5,2024
74,False,Accumulate,0.4255379669364606,66.07478241345319,131.9143288285097,1.0524998782522321,0.1478853724318181,0.806237914781542,0.2468442234092788,3.564352108159968,22200.0,5,2024
75,False,Accumulate,0.4226251973278711,66.09346707306956,132.13314138772822,1.0542457097625977,0.15526687172455717,0.8060352858249041,0.24671835408062,3.5669733550961684,22500.0,5,2024
76,False,Accumulate,0.4245591519989062,66.0831023052142,131.16655197831807,1.0465336193114791,0.13947097949692128,0.8062293886478893,0.24683892559432985,3.570544973924576,22800.0,5,2024
77,False,Accumulate,0.4233194652059019,66.06041877612753,130.6988563169511,1.0428020335844443,0.16976827324883564,0.8071898506981697,0.2474365732057525,3.56900054974549,23100.0,5,2024
78,False,Accumulate,0.4241335181855075,66.13990879591219,133.19132404261032,1.0626885917855196,0.1620146462546277,0.8077177042857047,0.24776576579209003,3.563011737223767,23400.0,5,2024
79,False,Accumulate,0.42063461550757614,66.1421052964239,130.37328031448254,1.04020437261764,0.14559950876839906,0.8079298975198901,0.24789824643055047,3.5645067344969092,23700.0,5,2024
80,False,Accumulate,0.42189407917540417,66.19430435973007,131.49950327320005,1.04919012524559,0.14093252903359219,0.8084896864371136,0.24824815245814788,3.547242472175303,24000.0,5,2024
81,False,Accumulate,0.42185185058626673,66.16838666189443,131.34035168959215,1.0479203085103004,0.1526125824262729,0.8091266600980375,0.2486470257579078,3.5369050096866737,24300.0,5,2024
82,False,Accumulate,0.4204097019420984,66.16838985359443,132.9798846740497,1.0610015884732633,0.16847676797737748,0.80939594993696,0.24881588706536867,3.543895540405888,24600.0,5,2024
83,False,Accumulate,0.41856003561463284,66.15625620236379,131.98697385815163,1.0530794884093149,0.16174583768803197,0.8100914204910294,0.2492526298605319,3.54133401316448,24900.0,5,2024
84,False,Accumulate,0.4173163577855796,66.10018818803769,131.83743865115406,1.0518863974952568,0.1735173775921383,0.8097733557963289,0.24905277637298126,3.5469419100170114,25200.0,5,2024
85,False,Accumulate,0.4179360750978814,66.14205413750659,131.93844401968676,1.0526922852182021,0.1724131046400593,0.8099000512023656,0.2491323612594006,3.538265760524056,25500.0,5,2024
86,False,Accumulate,0.4193791876022975,66.16507285008575,130.83547527098656,1.0438920700783283,0.16892958954691356,0.8092196466288908,0.24870531843517302,3.5350126595705276,25800.0,5,2024
87,False,Accumulate,0.4178434121947633,66.20314398316168,131.2601140095709,1.0472801191601093,0.12536722757509333,0.8085702706199732,0.24829857181578047,3.5417495821584524,26100.0,5,2024
88,False,Accumulate,0.4185233117032519,66.17647587529899,132.04195424543582,1.0535181583509108,0.1512734547988095,0.8080456879982021,0.24797057479583173,3.5475730923484874,26400.0,5,2024
89,False,Accumulate,0.41962381321796505,66.15482532811843,132.3792022065529,1.056208945933797,0.16884720336069797,0.8073981264329109,0.24756640055998938,3.5453744153328066,26700.0,5,2024
90,False,Accumulate,0.4196463669197795,66.18282240914607,130.8186607197188,1.0437579124525467,0.15831006435841202,0.8082736835744232,0.2481130658803746,3.5528531287648044,27000.0,5,2024
91,False,Accumulate,0.4150078083378684,66.14482411763574,132.86810904877294,1.0601097685091994,0.15958756007649452,0.808188089774961,0.2480595605568137,3.554499670655413,27300.0,5,2024
92,False,Accumulate,0.41511126034904144,66.17346867819555,133.56100068863185,1.065638116893108,0.14431993408363253,0.8086042501107593,0.248319835555888,3.55460852924749,27600.0,5,2024
93,False,Accumulate,0.41594281977653147,66.17764319212293,133.96719513961565,1.06887900523332,0.14199226842827892,0.8083071449669518,0.2481339866105229,3.547613902647359,27900.0,5,2024
94,False,Accumulate,0.4107126622014596,66.19951901848063,130.9073186356157,1.0444652840210205,0.1480203671686162,0.8088798823998062,0.24849240205082804,3.5369100397530793,28200.0,5,2024
95,False,Accumulate,0.4088516862363131,66.20364859615813,134.1725354960683,1.0705173465877882,0.18343711370926863,0.8091477691779875,0.24866025746559384,3.535977053731951,28500.0,5,2024
96,False,Accumulate,0.4112061492612899,66.20642765100523,130.71733416365709,1.042949462082782,0.16411431665976645,0.8086153792039373,0.24832680041309962,3.54050284822369,28800.0,5,2024
97,False,Accumulate,0.4120001013195537,66.21240291109741,132.89446210256713,1.0603200306251974,0.1503183557033317,0.8087399707141664,0.2484047888331033,3.540998581825631,29100.0,5,2024
98,False,Accumulate,0.4157541012685095,66.19101238382353,128.63222768486398,1.0263131016922011,0.16162534131315764,0.808944346025399,0.24853278191495765,3.534351859658822,29400.0,5,2024
99,False,Accumulate,0.4157303223645452,66.20632348035014,131.19437191662473,1.0467555852035908,0.1675093003757495,0.8089714874752568,0.24854978561629837,3.539553485503994,29700.0,5,2024
100,False,Accumulate,0.4155755375504641,66.23064051369525,134.26750611748957,1.0712750851016488,0.15623376212587436,0.8094175172151143,0.24882941704952483,3.548439749228829,30000.0,5,2024
101,False,Accumulate,0.4176964584605897,66.24906176084774,132.10479778933916,1.0540195657635445,0.15206855199262553,0.8097045418203608,0.24900956309613842,3.54848874552406,30300.0,5,2024
102,False,Accumulate,0.4158963045006978,66.22673215410869,131.34940592410211,1.0479925491895656,0.19899526007717677,0.808939399176791,0.24852968294104685,3.5366277071511782,30600.0,5,2024
103,False,Accumulate,0.4148817432366199,66.22919751921528,129.71966221958698,1.0349893745851264,0.1455367901821678,0.8086308003422807,0.24833645172442137,3.5335522699953583,30900.0,5,2024
104,False,Accumulate,0.4172322772364631,66.16240082340964,128.9544820969433,1.0288842608110915,0.17576840473013028,0.8083330206579097,0.24815016605980114,3.5254922753787143,31200.0,5,2024
105,False,Accumulate,0.415916096901271,66.18394110605153,133.9632174196931,1.0688472683494545,0.1657841622880711,0.8083060054012099,0.2481332740964792,3.524550724599522,31500.0,5,2024
106,False,Accumulate,0.4164545818168331,66.163161922875,132.6483770818634,1.058356601355379,0.15619205387707966,0.8086277726020847,0.24833455677926444,3.5260538238896384,31800.0,5,2024
107,False,Accumulate,0.41531054323636213,66.19926838137879,133.45136446744053,1.0647633665117002,0.15527723372590674,0.808869905470144,0.24848615323044373,3.517492143416536,32100.0,5,2024
108,False,Accumulate,0.41586647069127036,66.21792623824528,130.89869573987085,1.0443964848480858,0.1437702276903185,0.8092688856056537,0.24873619270591119,3.5114601091731603,32400.0,5,2024
109,False,Accumulate,0.4162116031881969,66.26558955925728,131.80321562081,1.051613343494297,0.16344846986102496,0.8089524102177603,0.24853783386147796,3.50876381509959,32700.0,5,2024
110,False,Accumulate,0.41729589230156366,66.28850632772858,132.58484080125805,1.0578496668305581,0.16564915139159028,0.8084044118845702,0.2481948118473158,3.505726291694489,33000.0,5,2024
111,False,Accumulate,0.416253984072349,66.28808734965179,130.91354170915508,1.0445149358230705,0.159154633568209,0.8083097232634582,0.24813559870074842,3.5008118906899455,33300.0,5,2024
112,False,Accumulate,0.4165254503069527,66.2860634292265,136.8135328338745,1.0915889724012284,0.16475277262404783,0.8083581110676205,0.24816585570033697,3.5006583913325877,33600.0,5,2024
113,False,Accumulate,0.4173793213913593,66.31084914696353,130.51858837030346,1.0413637365200967,0.153282732417353,0.8086968629010685,0.24837780204245613,3.4988611710078157,33900.0,5,2024
114,False,Accumulate,0.4183469911804487,66.27700744666456,131.17163717435454,1.0465741923732292,0.16743921392095815,0.8083837140718,0.2481818671057269,3.4916772674130248,34200.0,5,2024
115,False,Accumulate,0.4185731002583735,66.29706163820057,133.26583383147266,1.0632830802266364,0.13709241404738257,0.808017760813787,0.24795312780415132,3.4875259990081253,34500.0,5,2024
116,False,Accumulate,0.4172025851778685,66.2999042189291,131.88894477494517,1.0522973474618056,0.14901708155401147,0.8080856841744476,0.2479955642295108,3.4879102796538617,34800.0,5,2024
117,False,Accumulate,0.41907707346018314,66.32312340321987,132.44272920726135,1.0567158064174547,0.16352783749476782,0.8080651695500786,0.24798274640606682,3.4823523162458416,35100.0,5,2024
118,False,Accumulate,0.41951812083648804,66.31580489363267,134.2407170021561,1.0710613437978997,0.164410224787151,0.8077169350991398,0.24776528571268486,3.4788041901632627,35400.0,5,2024
119,False,Accumulate,0.420507671172272,66.28945420935527,134.310242585822,1.0716160649490716,0.1564802620390343,0.8076858932135048,0.24774591218748707,3.4747494187434476,35700.0,5,2024
120,False,Accumulate,0.42043647749053115,66.2589341746847,134.47638226664017,1.0729416373519096,0.16809629133736462,0.8071422240056628,0.2474068968389466,3.482786371858377,36000.0,5,2024
121,False,Accumulate,0.4214332766942275,66.27527073975916,134.23885800376132,1.071046511477548,0.1794834222883814,0.8076399488343544,0.24771724120711025,3.495701821836331,36300.0,5,2024
122,False,Accumulate,0.42169877786605525,66.24360137499878,132.66628640028438,1.0584994937585397,0.1635519595434178,0.8071021766294565,0.24738194646206263,3.498570102704311,36600.0,5,2024
123,False,Accumulate,0.42061276642275536,66.23545580615502,132.56383804773347,1.0576820929534525,0.15931408948194353,0.8073935166565606,0.247563526204285,3.498324330039178,36900.0,5,2024
124,False,Accumulate,0.4218578805946553,66.23118054476006,134.55587147334575,1.073575854886297,0.14279717031152572,0.8071846027998772,0.2474333030126319,3.498747547167656,37200.0,5,2024
125,False,Accumulate,0.42165413173915345,66.21530312422504,131.50594357788418,1.0492415102615784,0.15853865630923508,0.8073228622395585,0.24751947571201038,3.4983579464057226,37500.0,5,2024
126,False,Accumulate,0.4206589850976098,66.20791946570422,130.67143196780808,1.0425832239646668,0.16251976478587632,0.8072228682667442,0.2474571490696758,3.4896263101779725,37800.0,5,2024
127,False,Accumulate,0.4187092449836045,66.20415971077287,134.56313845952315,1.0736338357147248,0.16098957826980304,0.8076778543459465,0.24774089535218116,3.483234375501109,38100.0,5,2024
128,False,Accumulate,0.4168429336846336,66.1728861297215,132.2120974840861,1.0548756737895684,0.13432827080011556,0.8076742727225532,0.24773866019905705,3.485680285744163,38400.0,5,2024
129,False,Accumulate,0.41544748115003016,66.2207008795332,134.40411799189042,1.072365065109519,0.15980447885280696,0.8078808364832599,0.2478676081444017,3.489978332144304,38700.0,5,2024
130,False,Accumulate,0.41666112687514273,66.22279834460649,130.00157815894272,1.0372386866536814,0.15133368124739086,0.8075190617154335,0.24764182216788003,3.4927170133863545,39000.0,5,2024
131,False,Accumulate,0.41899079055235455,66.2503182622069,133.3916171916397,1.0642866631765528,0.16331541225650165,0.8074042416410305,0.24757021366627488,3.4920829878125774,39300.0,5,2024
132,False,Accumulate,0.4192906055579592,66.26440902702535,132.8811181026593,1.0602135633566063,0.16227559437648503,0.8076014786403332,0.24769323744701974,3.490536670864105,39600.0,5,2024
133,False,Accumulate,0.4208600376961729,66.28312119360243,129.81809844096728,1.0357747639506218,0.14187721666397668,0.8074418476395344,0.24759366423522228,3.4920857222115136,39900.0,5,2024
134,False,Accumulate,0.421375584700046,66.2838295317796,134.45022397534092,1.0727329291800813,0.15753166044804134,0.8074730436083919,0.24761311961593024,3.4894729846282013,40200.0,5,2024
135,False,Accumulate,0.4201780826359679,66.29185584151456,132.92277920726963,1.0605459632400733,0.15169299788424911,0.8072696615484685,0.24748631317399908,3.4908431585467024,40500.0,5,2024
136,False,Accumulate,0.4229193060536859,66.32877220022553,130.89357131255264,1.0443555987731883,0.15481429152397697,0.807103333553906,0.2473826672087301,3.4974450696209973,40800.0,5,2024
137,False,Accumulate,0.4238532430461448,66.33922161792614,134.9654173056786,1.0768434827664297,0.15855898953920158,0.8069504313568852,0.24728743314881724,3.4969769891155553,41100.0,5,2024
138,False,Accumulate,0.4238597725842446,66.34974139852245,131.64439069510837,1.050346133052119,0.16342087489372475,0.8072145480813185,0.24745196391004137,3.5007768788051763,41400.0,5,2024
139,False,Accumulate,0.4270004368766679,66.329137721812,130.88124360176695,1.0442572401322712,0.18078109519579982,0.8068852177983648,0.24724682865449094,3.5013925661660084,41700.0,5,2024
140,False,Accumulate,0.4252459803282011,66.29579374374566,131.765682798356,1.0513138817799093,0.15038283111190703,0.8070999586641848,0.2473805647098089,3.5013165801336386,42000.0,5,2024
141,False,Accumulate,0.4250770102798506,66.32144476109933,132.83868702645975,1.059875020129872,0.1672291016152605,0.8071202567396124,0.24739321038752293,3.4961412619026473,42300.0,5,2024
142,False,Accumulate,0.42773352019605704,66.30942244387231,132.57107728016197,1.057739852344091,0.1500105328522408,0.8070635577294115,0.24735788890247626,3.4956953879620234,42600.0,5,2024
143,False,Accumulate,0.4268636286992316,66.29615080049737,132.05775383744617,1.05364421795956,0.14299552535800006,0.8073074421248251,0.24750986306964395,3.49732345927294,42900.0,5,2024
144,False,Accumulate,0.42576629182197945,66.29541487272924,132.57450349638958,1.0577671889662341,0.1925209342275869,0.8069593488338733,0.24729298613481976,3.500008252809984,43200.0,5,2024
145,False,Accumulate,0.4266514983463072,66.27451929108688,135.49254764558913,1.0810492777206695,0.17274522435381845,0.8062729036113006,0.2468659655537932,3.4944479342983708,43500.0,5,2024
146,False,Accumulate,0.42741913383493046,66.30264236765333,134.0272442714524,1.0693581169758317,0.1788245934121798,0.8064488367594674,0.24697532540641895,3.4932637284517103,43800.0,5,2024
147,False,Accumulate,0.42785822170726867,66.31161109144116,133.12130681785754,1.0621299479961581,0.16100578748256364,0.8067454364703072,0.2471598221658561,3.495290377756745,44100.0,5,2024
148,False,Accumulate,0.429126395924979,66.29449185346665,132.42977652398923,1.0566124613321404,0.17406559132925803,0.8067426678935301,0.2471580992420084,3.4893618195037868,44400.0,5,2024
149,False,Accumulate,0.42857344604998526,66.29580548918665,133.17846548021868,1.0625859976589234,0.15010376539810527,0.8070428765081137,0.24734500672933551,3.487195126302293,44700.0,5,2024
150,False,Accumulate,0.4276530886438679,66.3326602566261,133.6946049625027,1.0667041002721074,0.17502696301766058,0.8069561206412269,0.24729097589561636,3.4903216375643114,45000.0,5,2024
151,False,Accumulate,0.4260179342678315,66.32435577465934,133.60046734650572,1.0659530080271962,0.14946413649862722,0.8070493656148193,0.24734904865758423,3.4920818963732185,45300.0,5,2024
152,False,Accumulate,0.42592295568280203,66.32122762164266,131.52790291974924,1.0494167164339838,0.15845151574594124,0.8070832959607442,0.24737018444159414,3.4847790983770337,45600.0,5,2024
153,False,Accumulate,0.4247493476751662,66.3396267364896,133.46045649693698,1.0648359087443982,0.1468793506363342,0.8068235988653988,0.2472084696231956,3.486305543349987,45900.0,5,2024
154,False,Accumulate,0.4239331856458779,66.31923823819636,132.82543487287325,1.0597692856720593,0.15095203912144234,0.8067966682912696,0.24719170702598098,3.485061559881665,46200.0,5,2024
155,False,Accumulate,0.42156796182850925,66.32424892789209,133.89763682069542,1.0683240228986097,0.18349340741937628,0.8065779955452089,0.24705564709990271,3.489729711634016,46500.0,5,2024
156,False,Accumulate,0.4217368560477915,66.31210348087808,132.83614456689907,1.0598547347037028,0.15357210845074265,0.8060007295786917,0.24669689600641945,3.4819979672010204,46800.0,5,2024
157,False,Accumulate,0.42026080410364,66.31785710233308,133.8285160122493,1.067772531312212,0.17742267490561953,0.805836279854323,0.24659480957620425,3.4820111026885057,47100.0,5,2024
158,False,Accumulate,0.41952007399554014,66.33345141751202,132.88015710967807,1.0602058959181657,0.15433594098057668,0.8054659514623463,0.24636510234662695,3.4799212459890256,47400.0,5,2024
159,False,Accumulate,0.4201610986763677,66.31078639003636,131.92517443064568,1.0525864116487862,0.1577585412999383,0.8054188646742664,0.2463359135696858,3.481815091424353,47700.0,5,2024
160,False,Accumulate,0.4202075988539867,66.34074946002137,132.26878693925835,1.055327979806639,0.1520401872818597,0.8055073063508102,0.246390741343825,3.4863800329129577,48000.0,5,2024
161,False,Accumulate,0.4203093742640241,66.33579221347837,135.25381535455014,1.079144513397606,0.15572484319028576,0.8053310310261382,0.24628147705832526,3.488325488818563,48300.0,5,2024
162,False,Accumulate,0.42044414875359676,66.36795078033316,136.43675491144754,1.0885827886075177,0.16234608142839135,0.8050463004551586,0.24610510812492203,3.4937737961235507,48600.0,5,2024
163,False,Accumulate,0.4213122641461321,66.37388494003025,131.36098368128336,1.048084924203955,0.1770757423392031,0.8053632421751226,0.24630143885027386,3.4949796520266347,48900.0,5,2024
164,False,Accumulate,0.41982226741868334,66.39912176663296,132.1845597646018,1.0546559596261265,0.16054260880062715,0.8056809181636452,0.246498410895812,3.4945314613199727,49200.0,5,2024
165,False,Accumulate,0.4183960516117064,66.38367702942185,133.40210236636042,1.064370320844488,0.14147936323299715,0.8056031742422728,0.24645018922277398,3.4912820352633522,49500.0,5,2024
166,False,Accumulate,0.42159263503204725,66.36826560162703,131.52971990002706,1.0494312135059713,0.14551288056430708,0.8055711029628794,0.2464302998604813,3.4889106242107535,49800.0,5,2024
167,False,Accumulate,0.4208118985747528,66.34340923996287,134.2679857733505,1.0712789121137687,0.15610588492183639,0.805098689065263,0.246137547642473,3.4869609906666854,50100.0,5,2024
168,False,Accumulate,0.4191441116974474,66.3587452167151,128.75801408266184,1.0273167088783481,0.15721970736450605,0.8048039720681512,0.24595512199739814,3.4884372070494702,50400.0,5,2024
169,False,Accumulate,0.41829586389047263,66.38213223125699,133.09331202409697,1.0619065869914335,0.14886704137062964,0.804688607905842,0.24588375681603591,3.48675706978023,50700.0,5,2024
170,False,Accumulate,0.4196958656931106,66.36769719946928,131.40467993231238,1.048433561833366,0.15660016943940788,0.8045876754011161,0.24582133926728975,3.4805472512199005,51000.0,5,2024
171,False,Accumulate,0.4196532499974413,66.36997767059566,131.97064233009442,1.052949184662599,0.14997250006450907,0.8044577834131841,0.24574104049442774,3.4843881880171206,51300.0,5,2024
172,False,Accumulate,0.41779827304535677,66.38119602591237,132.09735640939522,1.0539601935061513,0.16580401952062396,0.8047840394860895,0.24594278979304515,3.4888397386121874,51600.0,5,2024
173,False,Accumulate,0.4193024490934426,66.37410224554267,132.524351111317,1.0573670400237216,0.1585253330667381,0.8046133878369978,0.24583723828433734,3.490730467368482,51900.0,5,2024
174,False,Accumulate,0.41808616400153004,66.38006861778055,132.2728301514388,1.0553602392311114,0.17104744755335527,0.8043522102019638,0.24567579834874317,3.490522024651737,52200.0,5,2024
175,False,Accumulate,0.42016138235894396,66.36577199731289,131.3587956247199,1.0480674664396081,0.15542501090476246,0.803943066351825,0.2454231488116802,3.4931499510220565,52500.0,5,2024
176,False,Accumulate,0.4197087567330413,66.35871959286793,132.5842294846406,1.0578447893417275,0.1626225572624597,0.8039008202439865,0.24539707898231608,3.4920713827748915,52800.0,5,2024
177,False,Accumulate,0.42085355785329387,66.37011550040656,132.06866319200125,1.053731260015135,0.16873527169154284,0.8039162950249338,0.245406628001127,3.4937960510355865,53100.0,5,2024
178,False,Accumulate,0.4221110387138387,66.36069378959273,135.31496339163058,1.079632392933924,0.16463348924436289,0.8039097687287826,0.24540260076790826,3.4962673374434745,53400.0,5,2024
179,False,Accumulate,0.4214340685591907,66.33729546965391,131.69364519626754,1.0507391180821288,0.1479238793140527,0.8034350041915055,0.24510984296556784,3.495145967033858,53700.0,5,2024
180,False,Accumulate,0.4208021208715256,66.3421570807679,132.0115313581628,1.0532754244080913,0.14368010367835743,0.803577248566757,0.2451975130283941,3.4958300571880363,54000.0,5,2024
181,False,Accumulate,0.4206146720225798,66.34293089684348,131.03960163126973,1.0455207253673635,0.14504953773891827,0.8035699360976241,0.2451930052034961,3.493403892724487,54300.0,5,2024
182,False,Accumulate,0.42200411256498743,66.34255321126061,134.884621862369,1.0761988432113343,0.19840567112357343,0.8034109572390976,0.24509502565675628,3.4952072270926746,54600.0,5,2024
183,False,Accumulate,0.4223424412918784,66.33854544069379,129.11377102172466,1.03015517334522,0.13015158770682214,0.8028492738529925,0.2447492259016268,3.4900631109396816,54900.0,5,2024
184,False,Accumulate,0.42338876990173174,66.33705270725342,130.04434666781836,1.0375799221417772,0.15241649710246707,0.8024901494850675,0.2445284319025327,3.488242305529763,55200.0,5,2024
185,False,Accumulate,0.42493459475493056,66.32710446300337,132.15679927170294,1.0544344680288469,0.1657146083060439,0.8026719279883404,0.24464016227656282,3.4855348883274218,55500.0,5,2024
186,False,Accumulate,0.4237462026006364,66.30118762603773,131.1115020246624,1.0460943943232999,0.15119428354334238,0.8026256437732834,0.24461170794240497,3.4851304436381856,55800.0,5,2024
187,False,Accumulate,0.42469026852340386,66.30919234474192,130.825759708132,1.043814552883552,0.1409924481391518,0.8022057611300417,0.24435375234353687,3.4844242378484513,56100.0,5,2024
188,False,Accumulate,0.42385917958251274,66.31771415406793,130.44401241646764,1.0407687201710027,0.17145198755562152,0.8026163304647116,0.24460598283163856,3.4826655313592414,56400.0,5,2024
189,False,Accumulate,0.4239519396839584,66.32040079062905,130.86806892516586,1.0441521238371592,0.17907417049267949,0.8026712789450798,0.2446397632347443,3.483158878356943,56700.0,5,2024
190,False,Accumulate,0.4244786197448385,66.30993800506195,132.8668349037992,1.0600996025367713,0.168116800557108,0.8026629467627342,0.2446346405482658,3.478261632668981,57000.0,5,2024
191,False,Accumulate,0.42386993829544134,66.2884944854315,130.96982993159764,1.0449640405396996,0.13953454786564293,0.8026765689293283,0.2446430156210161,3.4785584405862773,57300.0,5,2024
192,False,Accumulate,0.425044328074042,66.27155871991056,131.14493560983428,1.0463611496078502,0.14660995193156673,0.8025015973965492,0.24453546660751738,3.4778651910856007,57600.0,5,2024
193,False,Accumulate,0.4248433709434345,66.26129279217687,133.00758190002944,1.061222575285162,0.17009510001940825,0.8027873182544721,0.24471111814437252,3.475215280030158,57900.0,5,2024
194,False,Accumulate,0.4256022294588279,66.26740175338531,131.89240046289018,1.0523249192288282,0.13986648163114987,0.8027455281237398,0.2446854177347109,3.4769359270913456,58200.0,5,2024
195,False,Accumulate,0.427175482495827,66.25481234829064,133.3624669145758,1.0640540829607927,0.15877931991149621,0.8029344470105261,0.2448016257389006,3.480318041736081,58500.0,5,2024
196,False,Accumulate,0.4284760899316782,66.25518519197196,132.74198316494505,1.0591034526786736,0.16763222906861108,0.8029913632669876,0.24483664884571374,3.482152182337058,58800.0,5,2024
197,False,Accumulate,0.42876270406554984,66.22931619382045,129.84596148057128,1.0359970737334283,0.16037070956248278,0.8031691554641409,0.24494609025496886,3.4812325815408234,59100.0,5,2024
198,False,Accumulate,0.42806932342920456,66.26684991860964,129.2122675156453,1.0309410436049589,0.13838213001226812,0.8030724972732703,0.2448865843972016,3.4844588442367312,59400.0,5,2024
199,False,Accumulate,0.4285457859704452,66.25912414731587,131.41480170695107,1.0485143200547777,0.1546256760399618,0.8031565450508287,0.24493832591860656,3.4801141389136765,59700.0,5,2024
200,False,Accumulate,0.42747078601097854,66.26305411957863,132.19659423606143,1.0547519786094968,0.1426922694907252,0.8032647961162692,0.24500498642767968,3.4802385751536313,60000.0,5,2024
0,True,Accumulate + Select,0.2915999999998552,63.3583760862777,126.9931431369651,1.0132353996530892,0.07271940875939173,0.7219280948873623,0.2,1.799999999999553,,5,2024
1,True,Accumulate + Select,0.9079989658506562,22.364234684829796,44.75719983683615,0.3571025816340278,0.8372882115950797,0.6399627594142201,0.16237567797720706,1.364575932203628,300.0,5,2024
2,True,Accumulate + Select,1.0915333364261666,14.912792940091045,29.569152882012744,0.2359222844456756,1.078562087676839,0.9921511579227298,0.44789179727464895,0.37804530448308,600.0,5,2024
3,True,Accumulate + Select,1.2002378970894998,11.014215846460552,21.601414250969707,0.17235038885561907,1.2316415974534967,0.9623320832065134,0.3862428618710981,0.4343692238455246,900.0,5,2024
4,True,Accumulate + Select,1.262660960764297,8.736807326703472,17.660685369685787,0.1409086440155393,1.3161527637203274,0.9874957716329597,0.4342649217582435,0.35228023846311285,1200.0,5,2024
5,True,Accumulate + Select,1.2977419045812804,7.19912209081382,14.13958397886029,0.11281496520089443,1.382832469552623,0.9611463159986909,0.3844823091269176,0.3276825365898379,1500.0,5,2024
6,True,Accumulate + Select,1.330723098372107,6.125009247584522,12.292567465074347,0.09807824423090207,1.5298671907547674,0.9185441955805724,0.3335818953863735,0.3240084269533078,1800.0,5,2024
7,True,Accumulate + Select,1.3545347243733377,5.3331562044048315,10.37999324296389,0.08281846044701519,1.5244751624410622,0.8858704528457892,0.303786580834606,0.3127790959542054,2100.0,5,2024
8,True,Accumulate + Select,1.3679596536254168,4.728793439598394,9.571085516816872,0.07636445889276534,1.5421661588398818,0.8979597891193491,0.3141977749440357,0.27826582102266,2400.0,5,2024
9,True,Accumulate + Select,1.385468234546264,4.246175366840689,8.545193597757967,0.06817921374541569,1.6083069994939097,0.8892634042207247,0.3066456389888579,0.2594760416372355,2700.0,5,2024
10,True,Accumulate + Select,1.395263236955937,3.852183419316464,7.499087602308046,0.0598326873094489,1.6122925193769584,0.8694944955385336,0.2905995730162668,0.25070039323038373,3000.0,5,2024
11,True,Accumulate + Select,1.4060888389877686,3.5272645560472355,7.112586956526669,0.05674892918975181,1.6560748927552535,0.8614599192356032,0.28446224815547033,0.23967591272445643,3300.0,5,2024
12,True,Accumulate + Select,1.419369476614374,3.252794339110396,6.818239100748169,0.05440042705869506,1.679504023068497,0.8608112613473313,0.2839754564976243,0.2280395125670115,3600.0,5,2024
13,True,Accumulate + Select,1.4278432607665712,3.0186380117012943,5.922052128155027,0.047250053873900716,1.6476980377503323,0.8480954487794634,0.27467655706140853,0.22168634716551813,3900.0,5,2024
14,True,Accumulate + Select,1.4376276476029846,2.8162823883864205,5.432404479858443,0.04334332065700649,1.6567348909007973,0.8287880324008166,0.2613575501512381,0.21949244064302317,4200.0,5,2024
15,True,Accumulate + Select,1.4449038492996114,2.639290952590989,5.185694854497337,0.041374907877574606,1.720131791169816,0.8093614937170767,0.24879427319081188,0.21850886808490744,4500.0,5,2024
16,True,Accumulate + Select,1.4504891376297742,2.4833728073646357,4.999744049747842,0.03989126920770594,1.6110774879404113,0.7911644222773603,0.23768211434530687,0.21718346177998832,4800.0,5,2024
17,True,Accumulate + Select,1.4563586578268894,2.3453972932433684,4.644495878254814,0.03705686402544699,1.761512091018817,0.7755690998959258,0.22860359359342888,0.21499103230140998,5100.0,5,2024
18,True,Accumulate + Select,1.460521364918783,2.2224449304726144,4.427515432059384,0.035325650326132406,1.7056295736563,0.7630981847352887,0.2216109635489417,0.21098000368435163,5400.0,5,2024
19,True,Accumulate + Select,1.4649562565602465,2.1117665794496365,4.189121809082158,0.03342358812115523,1.752766335029011,0.7535193172782368,0.21638922853338793,0.20806741943392415,5700.0,5,2024
20,True,Accumulate + Select,1.4674787881407432,2.01177539380026,3.8137507738944754,0.030428629405578115,1.7220164586398345,0.7454575731654814,0.2120893776935377,0.20464946837932252,6000.0,5,2024
21,True,Accumulate + Select,1.4709690500413424,1.9209260719516836,3.988546392318841,0.03182326461120339,1.6962707882891486,0.7374748666798592,0.2079131738171988,0.20180828919337693,6300.0,5,2024
22,True,Accumulate + Select,1.4738049777251756,1.837919973790887,3.7426532399611667,0.029861366194118187,1.7313111961074321,0.7288454221217486,0.20348593801104536,0.1996093086707757,6600.0,5,2024
23,True,Accumulate + Select,1.4757722601744203,1.762215355052642,3.6309214775766585,0.02896989619725772,1.6921454389551016,0.7197806469270019,0.1989288658131731,0.19735083518450522,6900.0,5,2024
24,True,Accumulate + Select,1.4780662525884085,1.6924659782967493,3.2506630239825665,0.025935942420845324,1.8089437468851988,0.7114312065919438,0.19481261330830824,0.19418751178212446,7200.0,5,2024
25,True,Accumulate + Select,1.4812887789306064,1.6282217148962634,3.0345611590168784,0.024211738624439313,1.7552632942524755,0.7042834445069237,0.19134827640298754,0.19111004710838242,7500.0,5,2024
26,True,Accumulate + Select,1.4832645977720793,1.5686248400814782,3.033193511767826,0.02420082662893509,1.7002724058854457,0.6986140187747281,0.18863822240265618,0.1875963594413008,7800.0,5,2024
27,True,Accumulate + Select,1.4856853342609242,1.5133040224491554,3.112523383794498,0.02483377288573166,1.7047514810251199,0.6936436904019528,0.18628910752474762,0.1840474035845522,8100.0,5,2024
28,True,Accumulate + Select,1.488140418486222,1.4617448233372503,2.7884344773560397,0.022247976955914094,1.7607302466488428,0.6890661669313606,0.18414727107081433,0.18055028567022133,8400.0,5,2024
29,True,Accumulate + Select,1.4897875824839748,1.4136275840072208,2.799532905597912,0.022336527566580108,1.8758886120683858,0.6845232628572586,0.18204172385452147,0.17737122746089468,8700.0,5,2024
30,True,Accumulate + Select,1.4912694787690326,1.3686150297581003,2.829068865097037,0.022572185012234135,1.7251138830848851,0.6802356229755031,0.1800724999885835,0.1742838656024822,9000.0,5,2024
31,True,Accumulate + Select,1.4920415435612913,1.3264121105262925,2.5447770608486744,0.020303916720102694,1.7800740748960555,0.6765794535678105,0.17840687667701557,0.17114307614216676,9300.0,5,2024
32,True,Accumulate + Select,1.4931912342297395,1.2868496710971242,2.5326486994541613,0.020207148620651427,1.8148084240909568,0.673780724947486,0.17714019598922795,0.1679430426206116,9600.0,5,2024
33,True,Accumulate + Select,1.4946878763326177,1.2497312143230948,2.523644893692385,0.02013531029533655,1.8816759514265482,0.6717540523703107,0.17622739489356376,0.16503363716173874,9900.0,5,2024
34,True,Accumulate + Select,1.4959816784979016,1.2146187482576074,2.4728272104217583,0.019729853163193405,1.795767794724524,0.6706100097335553,0.17571376370607902,0.1618189927369969,10200.0,5,2024
35,True,Accumulate + Select,1.4974387759883374,1.1815035611939706,2.673345753235789,0.02132972289511195,1.767905679327681,0.6700526883218703,0.17546397402946354,0.15878376752814058,10500.0,5,2024
36,True,Accumulate + Select,1.4984907764206685,1.1500436081135819,2.086452745080323,0.016647101794611652,1.8309381310151278,0.6702700056801586,0.1755613418276587,0.15590661879449152,10800.0,5,2024
37,True,Accumulate + Select,1.4994283928198917,1.1202306934093187,2.329580555868565,0.018586936485254085,1.8270684309622567,0.6706790289162953,0.17574471728735108,0.15283629165143145,11100.0,5,2024
38,True,Accumulate + Select,1.5005131936193685,1.0919543252282111,2.1125678041746925,0.016855465031277973,1.8901794202142115,0.6705468751801041,0.1756854529987796,0.15012906449424016,11400.0,5,2024
39,True,Accumulate + Select,1.5016569226233858,1.0651415711087981,2.1629760269425904,0.017257655216357075,1.8376131862770824,0.6692453985864778,0.1751026428868168,0.14801474079907379,11700.0,5,2024
40,True,Accumulate + Select,1.5022324995114373,1.039560628433903,2.167246031934889,0.01729172414408041,1.8004895317927345,0.6668703462141785,0.1740429733641421,0.14607444545090362,12000.0,5,2024
41,True,Accumulate + Select,1.5028125214683443,1.015215768445614,1.9986380601855955,0.015946458081519555,1.8131048158231269,0.6638168537607146,0.1726879353332969,0.14438783220724352,12300.0,5,2024
42,True,Accumulate + Select,1.5036139248666627,0.9920207857332438,1.8577558342675622,0.014822406381120902,1.8331666201638541,0.6603380060484086,0.1711540702446825,0.14293663759393876,12600.0,5,2024
43,True,Accumulate + Select,1.5044888780310242,0.9698224162203102,1.8366665650679477,0.014654142224663125,1.8598337532966025,0.6567910185585355,0.16960091153411927,0.1415013178394702,12900.0,5,2024
44,True,Accumulate + Select,1.5051820806504796,0.9485968629465227,1.8103027337935367,0.014443794118790165,1.8305867810213101,0.653357507011232,0.16810764362787045,0.13992269328125806,13200.0,5,2024
45,True,Accumulate + Select,1.5057372317982332,0.928317407488505,1.8266642048350574,0.014574336770465365,1.8591854801771368,0.6500154112979168,0.16666364749345888,0.1384416044089285,13500.0,5,2024
46,True,Accumulate + Select,1.5062390726873705,0.9089000675227635,1.7738692569303909,0.014153103711589465,1.8592843980702938,0.6467043017634614,0.16524217945220424,0.137049721539309,13800.0,5,2024
47,True,Accumulate + Select,1.506899109576759,0.8903042315319755,1.9260392013652015,0.01536721630582853,1.8189907946973474,0.6434267911937881,0.16384398626064997,0.1356942311681923,14100.0,5,2024
48,True,Accumulate + Select,1.5077040333492548,0.8724391504217692,1.7223976797561789,0.013742429380829422,1.8355299622178123,0.6388004840351852,0.16188517770810304,0.1347999139094842,14400.0,5,2024
49,True,Accumulate + Select,1.5085199715654638,0.855295687702968,1.762624548175402,0.014063385978112661,1.9137765733790923,0.6365327966773279,0.16093126834338506,0.13334035286534576,14700.0,5,2024
50,True,Accumulate + Select,1.5090623437808384,0.8388429798345127,1.723246953378776,0.013749205448238658,1.7858084339182392,0.6320042735454325,0.15903845922474508,0.1327421688064642,15000.0,5,2024
51,True,Accumulate + Select,1.5095553967477362,0.8230039753171121,1.5559234002659397,0.012414187328190959,1.8448220511072193,0.6283498578583836,0.15752264556085555,0.13192917643104227,15300.0,5,2024
52,True,Accumulate + Select,1.5103662147637709,0.8077685410560549,1.550669562872614,0.012372268734009876,1.8572781032080876,0.6248286518124057,0.15607178922331588,0.13124212635515678,15600.0,5,2024
53,True,Accumulate + Select,1.510564691211189,0.7930706336147468,1.7157501570526543,0.013689391042248068,1.8655114332436438,0.6213734642399876,0.1546572803106368,0.13036969506830412,15900.0,5,2024
54,True,Accumulate + Select,1.5111267770246297,0.778936300314953,1.5567686499307394,0.012420931289799944,1.8394322886971881,0.6180203638711755,0.15329312590501334,0.12954479114025777,16200.0,5,2024
55,True,Accumulate + Select,1.5112620522778157,0.7652962516482125,1.4519588992786079,0.01158468968677877,1.8266283141938242,0.6147982339313945,0.15199011179827723,0.12868765996283604,16500.0,5,2024
56,True,Accumulate + Select,1.5115123529362522,0.7521234097084921,1.4776442324775876,0.011789624285657246,1.854434999818643,0.6117144804090106,0.15075019185654476,0.12780818364014931,16800.0,5,2024
57,True,Accumulate + Select,1.5122071941869828,0.7394089641695218,1.4854343391058173,0.011851778915488572,1.7959869218607751,0.6087645947192676,0.1495705631677555,0.12716862867081263,17100.0,5,2024
58,True,Accumulate + Select,1.5126077128411672,0.727123629540131,1.489646345413796,0.011885385091297633,1.836949351135921,0.6059656711490795,0.14845709232248744,0.12637136234027257,17400.0,5,2024
59,True,Accumulate + Select,1.5129783091965332,0.7152359541562242,1.349203769783978,0.010764841212065411,1.8007609491344783,0.6033187466273696,0.1474092303544643,0.12550703089046938,17700.0,5,2024
60,True,Accumulate + Select,1.5133987226902996,0.7037626811932912,1.4702572733986157,0.011730686233966293,1.8923003743361573,0.6007407068051349,0.1463934014333931,0.12467904086181626,18000.0,5,2024
61,True,Accumulate + Select,1.5136507210785781,0.6926483317873117,1.3532703536742279,0.010797287111516975,1.8451795112827267,0.5983067839321515,0.1454386381235829,0.12395985015241993,18300.0,5,2024
62,True,Accumulate + Select,1.514013316622018,0.6819030034837962,1.4208890433673593,0.011336793799695759,1.918271864914813,0.5959632673635152,0.14452323618191493,0.123249419054447,18600.0,5,2024
63,True,Accumulate + Select,1.5142929727295873,0.6714735062982884,1.4069964066945813,0.011225949143648498,1.8231683252549906,0.5937322366042699,0.14365529954314918,0.12262004989800009,18900.0,5,2024
64,True,Accumulate + Select,1.5146082003965002,0.6613547794072967,1.2770455781967798,0.010189115371401361,1.812528443898242,0.5916036850544198,0.1428304154599724,0.12194771540439077,19200.0,5,2024
65,True,Accumulate + Select,1.5148854523981785,0.6515404095989513,1.2642450790436421,0.010086984511775343,1.880067899661745,0.5894869210009535,0.1420131636869099,0.12122572376684723,19500.0,5,2024
66,True,Accumulate + Select,1.5152388039760738,0.641997369925492,1.3542990734995113,0.01080549491957302,1.8204006383823286,0.587398187541591,0.14120971039708022,0.12048247845978655,19800.0,5,2024
67,True,Accumulate + Select,1.5154810007468407,0.632759506316921,1.3957954546135487,0.011136580529895235,1.86705388628055,0.585246261200489,0.14038502166765482,0.11980924706901139,20100.0,5,2024
68,True,Accumulate + Select,1.5159096011249347,0.6237865959847639,1.2852110573352302,0.010254264971717055,1.837109587113965,0.5830448839825982,0.13954458762730435,0.11921065798817018,20400.0,5,2024
69,True,Accumulate + Select,1.5162369135479594,0.6150683741363261,1.1931679934847725,0.009519884450989028,1.8885342339627167,0.5808086338270881,0.13869413818451543,0.11861932627342699,20700.0,5,2024
70,True,Accumulate + Select,1.5165925457455816,0.606566562826342,1.3390923025171868,0.01068416522969291,1.8088074966757763,0.5785829162648318,0.13785097359410203,0.11802313202903678,21000.0,5,2024
71,True,Accumulate + Select,1.516983417632096,0.5983059994364542,1.2413687413617787,0.009904461939444938,1.8706588038123857,0.5763250292081269,0.13699894337288335,0.11744321243018072,21300.0,5,2024
72,True,Accumulate + Select,1.5173115055280935,0.590289438994821,1.0896168120138128,0.008693684546407432,1.9187189680744914,0.5740323929515546,0.13613720053665154,0.116910538050644,21600.0,5,2024
73,True,Accumulate + Select,1.517519262695301,0.5824838274963007,1.1670948951730329,0.00931185600523588,1.8507885477207613,0.5717461385233507,0.13528124615543619,0.11632483700833618,21900.0,5,2024
74,True,Accumulate + Select,1.517664737425188,0.5748931523397838,1.1923062621097786,0.009513008987380778,1.7182357965883286,0.569475286393292,0.13443438739197222,0.11568633415390905,22200.0,5,2024
75,True,Accumulate + Select,1.518006066913075,0.5674827797341526,1.2040238993301702,0.00960650005736074,1.8730412714707385,0.5672670137113558,0.13361402788065588,0.11508900031945533,22500.0,5,2024
76,True,Accumulate + Select,1.5182082350951607,0.5602604865576774,1.0731965606867946,0.008562672906686133,1.7925948581249653,0.5651473028090364,0.13282948305032632,0.11448270488115456,22800.0,5,2024
77,True,Accumulate + Select,1.518358973137919,0.5532345884194353,1.1605585626369543,0.009259704815448286,1.9049864494011026,0.5630654534442847,0.13206171386760712,0.1138613377200449,23100.0,5,2024
78,True,Accumulate + Select,1.5187313321260918,0.5463868882838605,1.0656532220696537,0.008502487155474242,1.8456103619692128,0.5610581636584886,0.13132401905083912,0.11327593294892985,23400.0,5,2024
79,True,Accumulate + Select,1.5190306291753322,0.5397036731532878,1.049493178779488,0.00837355162779884,1.8908628350979035,0.5591301087862143,0.13061781315448928,0.11265298804447757,23700.0,5,2024
80,True,Accumulate + Select,1.5192928750614667,0.533193670659917,1.0680330451580045,0.008521474960157744,1.8571825216401452,0.5572745034942076,0.12994032503452338,0.11199675393851935,24000.0,5,2024
81,True,Accumulate + Select,1.5195184735881493,0.5268491005354113,1.0458733768081987,0.008344670450386856,1.8971315108141482,0.5555097978443767,0.12929799941091774,0.1113295941177617,24300.0,5,2024
82,True,Accumulate + Select,1.5199868320179695,0.5206320747998217,1.0640144226106765,0.008489411728063353,1.8406653150283394,0.5538586803916804,0.12869875315525345,0.11065314478107112,24600.0,5,2024
83,True,Accumulate + Select,1.5201740343577907,0.5145671519845192,1.0728991493574387,0.00856029996213403,1.861603855747684,0.5522921230474787,0.12813174040451716,0.10998654978081447,24900.0,5,2024
84,True,Accumulate + Select,1.5203789738815081,0.508642778252751,1.026176909206304,0.008187518987485938,1.8803688974445583,0.5507944233453071,0.12759105024691744,0.10927921971807793,25200.0,5,2024
85,True,Accumulate + Select,1.520677459906342,0.5028566097888425,1.0417151090010106,0.008311493035926482,1.8562363415646728,0.5493969550207006,0.12708777408833918,0.10860631858033216,25500.0,5,2024
86,True,Accumulate + Select,1.5208584128432967,0.497217091285564,1.013591352732624,0.008087103082906647,1.8619071368700957,0.5480679771241884,0.126610260337147,0.10784967420500745,25800.0,5,2024
87,True,Accumulate + Select,1.521155037504704,0.4916943388664479,0.98025511092137,0.00782112446815476,1.8880579445092494,0.5467952672831881,0.12615396287821684,0.10719458451137488,26100.0,5,2024
88,True,Accumulate + Select,1.5213674184753219,0.48629481821549403,0.9398552615967386,0.007498787714648168,1.89782283439961,0.5456013814677817,0.12572681099629193,0.10649251358421977,26400.0,5,2024
89,True,Accumulate + Select,1.5215217727503694,0.4810235292625738,0.9745345968250886,0.007775482418171673,1.9263361910814358,0.544440058058207,0.12531212901721558,0.10574472725498768,26700.0,5,2024
90,True,Accumulate + Select,1.5215647805801962,0.4758619719871021,0.917959984789652,0.007324092695703591,1.887196774701088,0.5433109797068271,0.12490973362788448,0.1049975606223958,27000.0,5,2024
91,True,Accumulate + Select,1.5216974176796816,0.47080242481008805,0.9844643924302775,0.00785470890371228,1.9328550471581378,0.5422236663391061,0.1245229408850257,0.10430104633740722,27300.0,5,2024
92,True,Accumulate + Select,1.5217965777927316,0.4658455503776355,0.9698750343356405,0.007738305342743966,1.9111497102110848,0.5411523164218186,0.12414251386507902,0.10355406650544889,27600.0,5,2024
93,True,Accumulate + Select,1.522019716135863,0.4610068999246262,0.9100921541741116,0.007261317932427263,1.8662816892249379,0.5400335137057828,0.12374596263420565,0.10287483218722909,27900.0,5,2024
94,True,Accumulate + Select,1.5222057296852893,0.45626761462538307,0.8986762122392274,0.007170233987238714,1.8316271103859245,0.5388964821459293,0.12334370799266657,0.10230416934707831,28200.0,5,2024
95,True,Accumulate + Select,1.5223739606566948,0.451628525437602,0.9186173601033285,0.007329337671315831,1.8434674542918592,0.5377298461616665,0.12293177158994054,0.10173082646292153,28500.0,5,2024
96,True,Accumulate + Select,1.5225677348573088,0.44708269830022,0.9026501427259533,0.007201940636475426,1.8386986839361317,0.5365262375140049,0.12250761800947327,0.10118031401121548,28800.0,5,2024
97,True,Accumulate + Select,1.522725849980891,0.4426278324162356,0.8242483798812641,0.006576399449391269,1.8235064103131708,0.5352695452551846,0.1220656628827403,0.10062409519837118,29100.0,5,2024
98,True,Accumulate + Select,1.5228247795224537,0.4382546530942493,0.9156874613650252,0.007305960998798591,1.8494414242583752,0.533977499006924,0.12161223551697385,0.10014727767574125,29400.0,5,2024
99,True,Accumulate + Select,1.5230717104827682,0.433974551362689,0.8406102578252445,0.006706945347603772,1.9232549291912995,0.532653581278763,0.12114863077826335,0.09968362359743027,29700.0,5,2024
100,True,Accumulate + Select,1.5232782782977177,0.4297793167870982,0.9155088404067554,0.0073045358424982726,1.8701549858687736,0.5312910171304674,0.12067255434951361,0.09918766735947537,30000.0,5,2024
101,True,Accumulate + Select,1.5234352550265364,0.4256593631403487,0.8297616937851993,0.006620388319017417,1.8309806729362255,0.5299277507562711,0.12019730644070667,0.09871825757424482,30300.0,5,2024
102,True,Accumulate + Select,1.5236654098245048,0.4216184898573445,0.878666707038813,0.007010584903061499,1.832487122007925,0.5285717217169063,0.11972564357995034,0.09825845462926934,30600.0,5,2024
103,True,Accumulate + Select,1.5238300351284224,0.41766239562895974,0.8877420070305774,0.007082993656691682,1.8345749602506356,0.5271914085992054,0.11924661826739354,0.09780345089115448,30900.0,5,2024
104,True,Accumulate + Select,1.5239162503462484,0.4137831065518723,0.8461076245749071,0.006750806980271817,1.7962852427515958,0.525820962917449,0.11877209586090841,0.09742065394818575,31200.0,5,2024
105,True,Accumulate + Select,1.5241357876684127,0.4099712066381761,0.8790133472603157,0.00701335062831795,1.9584222402194342,0.5244792276472018,0.11830855220002309,0.09699948669951211,31500.0,5,2024
106,True,Accumulate + Select,1.524244418903057,0.40623405152470704,0.8130844360264265,0.006487326111776016,1.8465733753894815,0.5231568248876997,0.11785268886414972,0.09661127590240304,31800.0,5,2024
107,True,Accumulate + Select,1.5243549790912467,0.402559715704581,0.7596495513972528,0.006060987213901317,1.8673533754353167,0.5218761822745933,0.11741216569288246,0.09617787644941965,32100.0,5,2024
108,True,Accumulate + Select,1.5245181615326426,0.39894894481239085,0.7427542965692513,0.0059261856816687645,1.8694110973289355,0.5206127803912302,0.11697848090575316,0.09570215568070659,32400.0,5,2024
109,True,Accumulate + Select,1.5246269156507564,0.3954019834417273,0.7907190150638708,0.006308879971396895,1.9217034632442527,0.5193774411474286,0.11655529833272331,0.09523652460787206,32700.0,5,2024
110,True,Accumulate + Select,1.5247883663159176,0.3919197681845232,0.7158345215724861,0.005711401888594198,1.8392481846057696,0.5181946773644572,0.11615092923577716,0.09478252115591534,33000.0,5,2024
111,True,Accumulate + Select,1.5249496475523268,0.3884982268949474,0.7861550264532852,0.006272465447670434,1.8476528649939996,0.517052936290103,0.11576132825907771,0.09434396580614728,33300.0,5,2024
112,True,Accumulate + Select,1.5250975060015382,0.3851418736161963,0.7742244389178392,0.006177275319046434,1.8368892760719935,0.5159351664515132,0.11538061230666485,0.09388572338656176,33600.0,5,2024
113,True,Accumulate + Select,1.5251189503016918,0.3818485018295387,0.7943250505287511,0.00633765131050361,1.851674386368339,0.5148461084739637,0.11501034503286928,0.09341063547664352,33900.0,5,2024
114,True,Accumulate + Select,1.5252178032904433,0.3786055871931389,0.7136777261228757,0.005694193546117007,1.9506971251639327,0.5138084909975629,0.11465817993856715,0.09293563316970171,34200.0,5,2024
115,True,Accumulate + Select,1.5253314630598596,0.3754188186937272,0.7965970891431915,0.006355779139271868,1.9227279902131134,0.5128546665917568,0.11433498042778391,0.09248978995563364,34500.0,5,2024
116,True,Accumulate + Select,1.5253828461809682,0.37228742209096033,0.7327125215507517,0.005846065750208196,1.8916114593404656,0.5119376447969252,0.11402472570259468,0.09204230631454982,34800.0,5,2024
117,True,Accumulate + Select,1.5254841770814551,0.36920718500165645,0.7094581278660881,0.00566052679671243,1.8781278037480962,0.5110826766473453,0.11373588352207119,0.0915730353713906,35100.0,5,2024
118,True,Accumulate + Select,1.5255991785836527,0.3661805381793277,0.7039636647236366,0.0056166883309456865,1.9783535751249994,0.5102735886777257,0.11346291224213993,0.09114601046900149,35400.0,5,2024
119,True,Accumulate + Select,1.5256558565553908,0.3632015741523922,0.7459799295839303,0.00595192191809877,1.9556762369039034,0.5095306054047916,0.1132125604258357,0.09072527057459442,35700.0,5,2024
120,True,Accumulate + Select,1.525696969344313,0.36027240940098415,0.6614723432468189,0.005277664427490389,1.923115305751037,0.5088447489000816,0.1129817266521822,0.09025392333654153,36000.0,5,2024
121,True,Accumulate + Select,1.5257550665486022,0.3573924758444267,0.777231324529558,0.006201266243825854,1.8878415169931682,0.5082161438064334,0.112770387942845,0.08982534884557694,36300.0,5,2024
122,True,Accumulate + Select,1.5258730937770772,0.3545545497546639,0.6881603671547647,0.005490599156896638,1.9420583635509,0.5076407032786677,0.11257711284686474,0.08937276039654221,36600.0,5,2024
123,True,Accumulate + Select,1.5259962072968758,0.3517648325379067,0.7834781682990836,0.00625110770051426,1.9643530947545065,0.5071178695981751,0.11240166386660115,0.08893310651331776,36900.0,5,2024
124,True,Accumulate + Select,1.5260705171281104,0.3490186452684313,0.7624226077438683,0.006083112493945714,1.8557650899103992,0.506639183556646,0.11224116047571449,0.08850394394265615,37200.0,5,2024
125,True,Accumulate + Select,1.5262102884767788,0.3463136088497156,0.6856264036390896,0.005470381517801412,1.9649781582389094,0.5062015726086841,0.11209453886246372,0.08806722852325367,37500.0,5,2024
126,True,Accumulate + Select,1.5262813888639017,0.3436552731974958,0.6723719618923163,0.005364628803530958,1.9915190314099007,0.5057758622724613,0.11195200463152942,0.08762436455705959,37800.0,5,2024
127,True,Accumulate + Select,1.526341817854285,0.34103270718903805,0.6162537268812861,0.004916880359208249,1.8616547646621437,0.5053757614970479,0.1118181347545962,0.08720710640528345,38100.0,5,2024
128,True,Accumulate + Select,1.5264020982815603,0.33845156335054655,0.6441983275403709,0.005139840890127749,1.8759825333252895,0.5050054686180521,0.11169431585161266,0.0867689425935096,38400.0,5,2024
129,True,Accumulate + Select,1.5264670480192783,0.3359042098317119,0.6968925482681012,0.005560270280877498,1.8692533336802075,0.504660309718879,0.11157896833824406,0.08631584766280277,38700.0,5,2024
130,True,Accumulate + Select,1.5264776641802635,0.3334029010580107,0.641274460341308,0.005116512341225074,1.9674596945021552,0.5043079646392383,0.11146128598854949,0.08591184351673502,39000.0,5,2024
131,True,Accumulate + Select,1.5265575415908013,0.330940120770136,0.6669578501325184,0.005321431434309308,1.8725332740088545,0.5039433250809074,0.11133956820223069,0.085477363060517,39300.0,5,2024
132,True,Accumulate + Select,1.5266632391724986,0.32851242974885525,0.5983980646131399,0.004774416060369508,1.8719609333493872,0.5035974229447486,0.11122417161161963,0.08510408942438741,39600.0,5,2024
133,True,Accumulate + Select,1.5266856110161369,0.3261211034124589,0.6388020772074824,0.005096786031199063,1.9037176291413516,0.5032451913520803,0.1111067300166519,0.08470440000984993,39900.0,5,2024
134,True,Accumulate + Select,1.5268119718351436,0.32376526612349554,0.7099344286068784,0.005664327039461988,1.876635641420379,0.5028935870027803,0.11098956449862352,0.08429846509271148,40200.0,5,2024
135,True,Accumulate + Select,1.526855027423579,0.321440729873414,0.649129784674073,0.005179187321094889,1.9339580004555863,0.5025619187217537,0.11087910355201908,0.08389040652435822,40500.0,5,2024
136,True,Accumulate + Select,1.52693708785013,0.31914937757459627,0.6521439415641928,0.005203236260948939,1.900782128588219,0.5022461073552407,0.11077397892234954,0.08347317387035923,40800.0,5,2024
137,True,Accumulate + Select,1.5269591620950682,0.31689064594317384,0.6009572545479896,0.0047948349725436,1.8349434623798584,0.5019294308238187,0.11066862036173557,0.08303882688476548,41100.0,5,2024
138,True,Accumulate + Select,1.5270178820052605,0.3146654572991642,0.6329946831135133,0.005050450795056436,1.9191282575179593,0.501607251563706,0.11056148654986987,0.08262857713506509,41400.0,5,2024
139,True,Accumulate + Select,1.5270924742877954,0.3124757653277618,0.5965359443950428,0.0047595588320437955,1.915478000633679,0.5012775854819741,0.11045192107040847,0.082226865248465,41700.0,5,2024
140,True,Accumulate + Select,1.5272142552159953,0.31031175558213925,0.558142135853179,0.0044532276004420794,1.9048564293702315,0.5009700539049458,0.110349764832238,0.08184860205103518,42000.0,5,2024
141,True,Accumulate + Select,1.5273286303991824,0.3081765970964685,0.6087959494689904,0.004857377271953204,1.930100719453816,0.5006584550411177,0.11024630943706823,0.08145558975547353,42300.0,5,2024
142,True,Accumulate + Select,1.527381118763118,0.3060744392107721,0.568218869677684,0.004533626456409116,1.9169657943288034,0.5003222886431958,0.11013475582231289,0.08106971183874283,42600.0,5,2024
143,True,Accumulate + Select,1.5274939720454506,0.3039996617448768,0.6327171886373939,0.005048236760349782,1.8296311475694398,0.4999717269204609,0.11001848995170566,0.08069699554491026,42900.0,5,2024
144,True,Accumulate + Select,1.5275594253285234,0.30195338614268413,0.6486707456638909,0.005175524803864045,1.8600706791566202,0.4996293216535473,0.10990499293371282,0.08031513610336641,43200.0,5,2024
145,True,Accumulate + Select,1.527569021883668,0.2999320332108867,0.5830095867942924,0.00465163659300869,1.8640243765699314,0.49928398737489504,0.10979058876380221,0.0799547260439576,43500.0,5,2024
146,True,Accumulate + Select,1.5275667419762313,0.2979416123476632,0.6293456200609044,0.005021336153358957,1.9252441756676404,0.4988967172735089,0.10966236793987355,0.07958928280871204,43800.0,5,2024
147,True,Accumulate + Select,1.527594411803671,0.29597925773837597,0.5377775129012506,0.0042907451516595715,1.8490458557350138,0.4984924560309194,0.10952860725808954,0.07922809348308449,44100.0,5,2024
148,True,Accumulate + Select,1.5276800753327568,0.2940415904699495,0.632469523902023,0.005046260727070152,1.8923467009792443,0.4980695808533916,0.10938878127306359,0.07891118545289613,44400.0,5,2024
149,True,Accumulate + Select,1.5276708146369786,0.29212754214482706,0.5915430691311311,0.004719722366558479,2.040933599788757,0.49762684296556614,0.10924249005213718,0.07857297412355564,44700.0,5,2024
150,True,Accumulate + Select,1.5277522482847916,0.29023926192305227,0.5799429263055875,0.004627168744673588,1.898718321691768,0.49716250088022484,0.10908917280306764,0.07826063957534958,45000.0,5,2024
151,True,Accumulate + Select,1.527812456209775,0.28837794362335223,0.5821792370325631,0.0046450115126941555,1.8578780639509302,0.4966857239662457,0.10893186954554061,0.07794124678583894,45300.0,5,2024
152,True,Accumulate + Select,1.5278497241622677,0.2865361907647058,0.629543256653549,0.005022913028983796,1.9212563142123134,0.49619495771519534,0.10877007736439726,0.07764034932334928,45600.0,5,2024
153,True,Accumulate + Select,1.527914115389115,0.284718966071343,0.5619748815509609,0.004483807783930193,1.9350538095881296,0.4957009238550973,0.10860733750510339,0.07735329237255494,45900.0,5,2024
154,True,Accumulate + Select,1.5279754393760132,0.2829247654062717,0.5863499035378261,0.004678287852179054,1.8542320535477699,0.4951933327591954,0.10844026699773272,0.07705562993380359,46200.0,5,2024
155,True,Accumulate + Select,1.5279904678415408,0.2811542479822569,0.5502644617608016,0.004390374299388509,1.9266328128331285,0.4946822496334813,0.10827218545161894,0.07676449662565668,46500.0,5,2024
156,True,Accumulate + Select,1.5281235538110887,0.27940886730908665,0.5609310802887307,0.0044754796461822085,1.828785984695319,0.49415809384595527,0.10809994868302215,0.07648319563778289,46800.0,5,2024
157,True,Accumulate + Select,1.5281532474258706,0.277684180826078,0.6071082253763399,0.004843911491413569,1.9082484489847449,0.4936222597452471,0.10792402502225358,0.07621231185916082,47100.0,5,2024
158,True,Accumulate + Select,1.5282542691570393,0.2759797111367942,0.5401727791763807,0.0043098561723147535,1.9399933890239178,0.4931029497339115,0.1077536716140272,0.07597239647240242,47400.0,5,2024
159,True,Accumulate + Select,1.528324514665314,0.27429659131811845,0.5609385445333179,0.004475539200868868,2.0027804626782104,0.49257010763481335,0.1075790274622503,0.07570028399084949,47700.0,5,2024
160,True,Accumulate + Select,1.5283816145541447,0.27263428494962727,0.5380161542407443,0.004292649190310973,1.8716470739466826,0.49203375787712966,0.10740338515675094,0.07543257658909976,48000.0,5,2024
161,True,Accumulate + Select,1.5284144024526272,0.27099205317315034,0.5683028022085508,0.00453429612572634,1.972227277288094,0.49150232957189827,0.10722950426857479,0.07520561813354097,48300.0,5,2024
162,True,Accumulate + Select,1.5284897313499584,0.2693707525748766,0.5348599942841077,0.004267467255947927,1.9504840844287517,0.49097497606496826,0.10705710382056341,0.07494387339962975,48600.0,5,2024
163,True,Accumulate + Select,1.5285672283755742,0.26776936508679083,0.5455955074423269,0.004353122289728905,1.8979863679343594,0.4904590517033631,0.10688858147273576,0.07471790732993738,48900.0,5,2024
164,True,Accumulate + Select,1.5286121618134765,0.26618429212790207,0.5275735064075644,0.004209330830048979,1.9221552318908977,0.4899666641119878,0.10672787779665283,0.07447645784306381,49200.0,5,2024
165,True,Accumulate + Select,1.5286902452994842,0.2646181864476354,0.5556935556477272,0.004433691205942592,1.8622831414303862,0.4894970254310827,0.10657471753552536,0.0742232990977731,49500.0,5,2024
166,True,Accumulate + Select,1.5287516747187155,0.26307272034389984,0.5384172063467089,0.0042958490496170015,1.9771780324352588,0.4890477669154159,0.10642831208411495,0.07396504229763441,49800.0,5,2024
167,True,Accumulate + Select,1.5288126949818905,0.26154452394582645,0.5380023176615711,0.004292538792918782,2.061586126515296,0.4886064922918993,0.10628461148878102,0.07373213789558851,50100.0,5,2024
168,True,Accumulate + Select,1.5288289806295414,0.26003309779865647,0.5232954828192716,0.00417519792465633,1.8743305934465306,0.4881730076005085,0.10614354701665431,0.07347699572690432,50400.0,5,2024
169,True,Accumulate + Select,1.5288396354480878,0.2585408345499173,0.5369097508736668,0.00428382157151104,1.952562742600352,0.4877322203762376,0.10600020701965876,0.07322044651068421,50700.0,5,2024
170,True,Accumulate + Select,1.5288952048115636,0.25706617089668504,0.5555091485280335,0.004432219883814434,1.878013315279329,0.4873073788166867,0.10586214857287111,0.07296816446680948,51000.0,5,2024
171,True,Accumulate + Select,1.528948965811978,0.2556082631932829,0.5400670845238285,0.004309012870378329,1.9278525083454414,0.48689278753443355,0.1057275120253661,0.07271116990761586,51300.0,5,2024
172,True,Accumulate + Select,1.528977455918548,0.2541664506530777,0.49506718479321504,0.003949973868258969,1.9329990286380427,0.4864859881047223,0.10559549306435939,0.072453899108616,51600.0,5,2024
173,True,Accumulate + Select,1.529033470125339,0.252740077811301,0.4488468168320769,0.0035811971623173964,1.9348541360295002,0.48610188258367004,0.10547091820646502,0.07219894284741916,51900.0,5,2024
174,True,Accumulate + Select,1.5290460085189126,0.25132832755539797,0.5092336757958362,0.004063003515515134,1.9445257704914236,0.4857517159598488,0.10535741757022081,0.07193010067023661,52200.0,5,2024
175,True,Accumulate + Select,1.5291119987796815,0.2499350792412935,0.4821807410964989,0.0038471572861458157,1.888850672770706,0.4854024775783518,0.10524428141221952,0.0716669980796032,52500.0,5,2024
176,True,Accumulate + Select,1.5291547385891606,0.24855790904823782,0.5066592933820363,0.004042463387682459,1.902506839725381,0.48506773984292983,0.10513590232951826,0.07138348512222835,52800.0,5,2024
177,True,Accumulate + Select,1.529201714817632,0.24719628449059722,0.508002812838767,0.004053182875680437,1.8574757426241102,0.4847363479705817,0.10502866394712151,0.0711093415374421,53100.0,5,2024
178,True,Accumulate + Select,1.5292737313441835,0.24584836671951354,0.5211071192960658,0.004157737711181416,1.9133476751977363,0.48441781611856155,0.10492564085916278,0.07084769819996721,53400.0,5,2024
179,True,Accumulate + Select,1.5293278231697145,0.24451665140544912,0.4899759932199663,0.003909352970145852,1.931628763481156,0.4841033627026293,0.10482398854929573,0.07056603424725569,53700.0,5,2024
180,True,Accumulate + Select,1.5293665126968499,0.24319879655974563,0.48699130308728317,0.0038855391355975713,1.9339344691333582,0.48379340107185215,0.10472383850795039,0.07030452656151469,54000.0,5,2024
181,True,Accumulate + Select,1.5294241001205295,0.2418950780021747,0.48903975429978763,0.0039018830359980306,1.9710682047765915,0.4835103196223415,0.10463241711437955,0.07003460409568787,54300.0,5,2024
182,True,Accumulate + Select,1.5294763102012192,0.24060427432723958,0.49544141260339847,0.003952959705568339,1.8766623337092578,0.4832341203502072,0.10454325836125489,0.06975941758161767,54600.0,5,2024
183,True,Accumulate + Select,1.5295158427333324,0.23932976833421932,0.49779549093130515,0.003971742101503044,1.911390432473532,0.4829583927495238,0.10445429128507223,0.06949939780142622,54900.0,5,2024
184,True,Accumulate + Select,1.5295243859091707,0.23806593308221974,0.47292581465046474,0.0037733153537023167,1.9221155349987538,0.4827032362533677,0.10437199680907366,0.0692262330166847,55200.0,5,2024
185,True,Accumulate + Select,1.5295440361081964,0.23681636643342108,0.500696458984261,0.003994887945852667,1.9132733323354718,0.4824647234758516,0.10429510082241299,0.06896324997386126,55500.0,5,2024
186,True,Accumulate + Select,1.5295710413357981,0.2355801991099944,0.4948709592497865,0.003948408250919271,1.9833180263426953,0.482230752965616,0.10421969784107805,0.06870085110117875,55800.0,5,2024
187,True,Accumulate + Select,1.5296148783484351,0.23435842196421613,0.4448354545006318,0.003549191857033539,1.9001101075237012,0.4819982872192542,0.10414480783577619,0.0684526822812109,56100.0,5,2024
188,True,Accumulate + Select,1.529657011111911,0.23314779549565895,0.4658860707985103,0.0037171476150426206,1.8886476934674876,0.48179584739606696,0.1040796135789399,0.06818378533830799,56400.0,5,2024
189,True,Accumulate + Select,1.5296699118695916,0.2319500549577263,0.40186318041436764,0.003206330595139754,1.9210595156264711,0.4816047797682547,0.10401810107099756,0.06790399179108314,56700.0,5,2024
190,True,Accumulate + Select,1.5297103198569715,0.23076592964731818,0.502287150611116,0.0040075795371185274,1.8833558552018055,0.48141665462683564,0.1039575542852155,0.06765724606619254,57000.0,5,2024
191,True,Accumulate + Select,1.5297459236007434,0.2295919616920984,0.4457818009065859,0.0035567424353967585,1.9455311876028614,0.4812482739735984,0.10390337761779679,0.0673840740668392,57300.0,5,2024
192,True,Accumulate + Select,1.5298107676593393,0.22843292946271285,0.4501653023929295,0.0035917169133148695,1.968681862545787,0.48107020279735857,0.10384609892748886,0.06713328605112659,57600.0,5,2024
193,True,Accumulate + Select,1.5298372615393374,0.2272822826032222,0.46156536134653625,0.00368267413355997,1.9076559456240272,0.48089730639839773,0.10379050041248722,0.06686577285464827,57900.0,5,2024
194,True,Accumulate + Select,1.5298708881865892,0.22614538730552722,0.45539482336259474,0.00363344149496396,1.9144590871637444,0.48072914356067586,0.10373643885872269,0.06662599610093822,58200.0,5,2024
195,True,Accumulate + Select,1.5299145192534886,0.22501736806489026,0.464940348930002,0.0037096020196527566,1.9505172499192804,0.48056529585850893,0.10368377856673566,0.06634881388166584,58500.0,5,2024
196,True,Accumulate + Select,1.5299412198219293,0.2239040197492248,0.4300447862774246,0.0034311821105379005,1.9689418596126436,0.4803860007019545,0.10362616934460087,0.06609715996475471,58800.0,5,2024
197,True,Accumulate + Select,1.5299707062769556,0.2228005280443894,0.3972707279422545,0.0031696889678752742,1.8667472888330807,0.48019922426334516,0.10356617392186097,0.06586510373001725,59100.0,5,2024
198,True,Accumulate + Select,1.529974420123325,0.22170709370884828,0.42502421847231386,0.003391124695618968,1.8599237177273706,0.48002245116107967,0.10350940826421366,0.06563165667684699,59400.0,5,2024
199,True,Accumulate + Select,1.5300084435519414,0.22062366058566169,0.4390503606524208,0.0035030345470203465,1.9555119953265927,0.4798455317504281,0.10345261172446558,0.06539135749025736,59700.0,5,2024
200,True,Accumulate + Select,1.530023052673611,0.21955140434117945,0.452031684723328,0.0036066081475951894,1.9869355730031115,0.479653027899408,0.10339083039414577,0.06514592059680785,60000.0,5,2024
