iteration,use_selection,setting,mean_error,variance,dispersion,dispersion_ratio,swd_to_truth,num_samples,run,seed
0,False,Replace,0.0,60.126378898667156,120.82866177391585,0.9987949209877587,0.06777543047393751,,1,42
1,False,Replace,1.1817822938871698,62.614872539421455,126.39142066181199,1.044777846250195,0.35780843292085573,,1,42
2,False,Replace,1.0521208561192879,59.20608336332937,119.22057734507838,0.9855021596804485,0.35505770818108845,,1,42
3,False,Replace,1.1693271602498982,56.60550165216523,113.22136258944016,0.935911399178127,0.3837787811174016,,1,42
4,False,Replace,1.036645337025266,52.78718639247146,105.34617756752952,0.8708134771599156,0.3254475215769777,,1,42
5,False,Replace,0.7001249677669613,54.71126323567412,110.7624025711701,0.9155851227706671,0.33995881298108255,,1,42
6,False,Replace,1.094761852573887,51.15079616919708,100.87082890921769,0.8338193116701493,0.41120442447417027,,1,42
7,False,Replace,2.7277482739402212,49.60308239913785,100.85759380461911,0.8337099075349241,0.4614666142840319,,1,42
8,False,Replace,2.2410422510723578,53.422996811568844,106.78799648285957,0.882731853052469,0.541379483145032,,1,42
9,False,Replace,2.6026262861393885,49.20370174859888,97.99803809271903,0.8100722235666,0.5719606666363027,,1,42
10,False,Replace,4.640862714435507,49.738489653403214,99.39202356564029,0.8215951982469755,0.6939758416290247,,1,42
11,False,Replace,4.784535692418582,47.6225947050587,96.31689392435135,0.7961755352133378,0.7356837433175634,,1,42
12,False,Replace,3.790884098759004,44.33626038093461,86.82128920393795,0.7176828859758396,0.6975218371207252,,1,42
13,False,Replace,4.388528665445788,47.273606013085896,96.59818345272978,0.7985007331270342,0.7048554818032075,,1,42
14,False,Replace,5.548021438556756,47.093325407199295,92.6898049831687,0.7661932614776359,0.7788547268298123,,1,42
15,False,Replace,5.624065297255707,49.028425641584036,97.92782745674944,0.8094918478049538,0.764861654201801,,1,42
16,False,Replace,5.107457238013071,51.381811241608744,101.98682700332436,0.8430443846938944,0.7803268629509696,,1,42
17,False,Replace,5.633080226569955,48.02950897864227,95.19654301168859,0.7869144808834857,0.6968046207559122,,1,42
18,False,Replace,7.531790407834313,49.97692219836417,98.38555114500434,0.8132754872852965,0.7862600922219606,,1,42
19,False,Replace,8.593290760050252,47.18995540360372,92.69230941221187,0.7662139636104872,0.9092508124781074,,1,42
20,False,Replace,12.870435109758242,48.27688697305925,96.03059967230148,0.7938089672098749,0.9594567677536836,,1,42
21,False,Replace,14.886936567738692,45.176754103480064,92.01355713711077,0.7606032557285415,1.0961395534958447,,1,42
22,False,Replace,14.380228430228598,42.31862781367833,84.87106700008188,0.7015619424562161,1.1439381522357448,,1,42
23,False,Replace,12.274216972333244,37.34721700374078,76.35707446905784,0.6311835043234991,1.1237296576150464,,1,42
24,False,Replace,11.540481955969334,42.31500928392135,85.55696040635384,0.7072316804179364,1.022944983097839,,1,42
25,False,Replace,9.259860482965061,41.421496467439496,83.76005243864329,0.692378064352984,0.993737075688028,,1,42
26,False,Replace,12.354413313362864,39.189942055918365,76.05134536852141,0.6286562838086737,1.1356453137636235,,1,42
27,False,Replace,17.73358553905642,38.21960114515816,76.4710541246261,0.6321256839306069,1.2478951208257274,,1,42
28,False,Replace,16.40737092626465,39.68531434078241,79.05927075956174,0.6535204224921144,1.1888373777865648,,1,42
29,False,Replace,13.431010635922595,38.8368305407815,77.07888628719533,0.637150151369658,1.148737113585021,,1,42
30,False,Replace,14.218140724022355,34.38209609989261,71.17887372895015,0.5883794169228463,1.1235257961289533,,1,42
31,False,Replace,14.690590413661488,32.82450043306626,66.03318470026346,0.545844078110179,1.2768063547640331,,1,42
32,False,Replace,16.764035370467152,31.815282284140917,64.94349535395578,0.5368364786832892,1.3538855179572922,,1,42
33,False,Replace,19.096258646867845,34.75417171290445,72.49539178184622,0.5992620297509323,1.4346595018143549,,1,42
34,False,Replace,21.261199384699804,38.870235034152365,78.4940623265943,0.648848291692523,1.4061452161592585,,1,42
35,False,Replace,22.883429292723267,38.26934104946277,76.60399025981222,0.6332245617522291,1.5361980685028813,,1,42
36,False,Replace,23.573895793490003,44.737789141216666,93.2972390029967,0.7712144377857423,1.518985371322123,,1,42
37,False,Replace,22.86231883843402,46.27105182142601,93.90599190292255,0.776246516231833,1.3113397184073727,,1,42
38,False,Replace,28.88341452302198,48.4641219875694,93.87378306164496,0.7759802712316264,1.588362718600132,,1,42
39,False,Replace,26.45054413894792,43.927122846767915,88.52786573884288,0.7317898035756496,1.4459350206196184,,1,42
40,False,Replace,20.43812864638817,54.62600813160632,109.58637222946558,0.9058638106665919,1.3550173987912493,,1,42
41,False,Replace,18.911251518851625,48.56080147470114,98.82088103577641,0.8168740149646883,1.35419295939528,,1,42
42,False,Replace,17.18560026550525,46.5745172017041,90.18458640057631,0.7454846021287528,1.2155364362499608,,1,42
43,False,Replace,15.585321829901211,41.729190673781865,85.0461153938661,0.7030089289912974,1.303678349332725,,1,42
44,False,Replace,15.991897815171171,37.37817216988809,73.69363188581859,0.609166932382485,1.3394550859487568,,1,42
45,False,Replace,17.49771914914032,38.200829604248035,75.46639859518486,0.6238209917705154,1.3486888183092796,,1,42
46,False,Replace,18.218022606553827,35.978125840220265,71.24265236958873,0.5889066244694837,1.410368536276419,,1,42
47,False,Replace,19.689331552586935,32.81726373714157,66.90759619828863,0.5530721459399376,1.3598372542196095,,1,42
48,False,Replace,18.13253327287169,30.434210405292983,61.192963612528835,0.5058338010127392,1.4068097130370583,,1,42
49,False,Replace,16.82850531538229,27.88814595259919,58.30724330757922,0.4819798350607872,1.3840326777775707,,1,42
50,False,Replace,17.515432938388514,24.47903012865204,48.06908377189461,0.3973490728361931,1.4454568550691267,,1,42
51,False,Replace,15.549804992756794,21.757286109288984,43.275331046304544,0.3577229129127353,1.4167849779182449,,1,42
52,False,Replace,15.387484691638369,23.885093226113348,46.79384052261376,0.3868076461439991,1.2639800640138215,,1,42
53,False,Replace,15.330975093887098,24.785664596135305,48.83122656661162,0.4036491041471009,1.3246248564655203,,1,42
54,False,Replace,15.669065888116346,26.943354051003613,52.71366560996252,0.4357421550889311,1.504306346003687,,1,42
55,False,Replace,17.31206339708983,24.409716776028663,48.538276849657315,0.40122752068252326,1.40329055804114,,1,42
56,False,Replace,17.875280235591827,22.7764671304381,45.4542519069312,0.37573432723180034,1.260280494366558,,1,42
57,False,Replace,19.629866369863567,25.95996754417692,51.70677066758454,0.4274189514744019,1.4805377284768895,,1,42
58,False,Replace,20.433913770021526,26.10824054809869,52.76962236333568,0.4362047052839225,1.4331287085010516,,1,42
59,False,Replace,19.293834746307798,28.177318564143818,54.73742822525717,0.45247099898876114,1.5536543274919357,,1,42
60,False,Replace,19.63290413021093,23.518645929873852,46.89542321528411,0.38764734987000116,1.5131627701696386,,1,42
61,False,Replace,18.95212409315637,22.070359301619327,44.82442913466649,0.3705280808261464,1.5242627102277382,,1,42
62,False,Replace,16.47399224894455,24.801298438432102,47.63432495578576,0.39375526577908376,1.2366814429723734,,1,42
63,False,Replace,15.633886441544192,17.296468645375164,34.336110195270166,0.2838294487915556,1.3932475409104383,,1,42
64,False,Replace,15.508169369597896,18.173255876999544,35.952992658118106,0.2971949364831136,1.3305629839264967,,1,42
65,False,Replace,16.66591668432519,19.9361904833659,38.986694221909076,0.32227214638697405,1.5429860224364327,,1,42
66,False,Replace,19.24855688696534,19.760992496779497,40.508538555574525,0.3348520290794031,1.6275634010985005,,1,42
67,False,Replace,17.9300027507653,18.63412970919663,36.295643631635826,0.30002736090126514,1.3145183307876405,,1,42
68,False,Replace,17.162926711851764,16.600617114599324,33.65064473122944,0.27816324828958006,1.547253875795083,,1,42
69,False,Replace,17.492648508792186,17.25722914650301,34.49538512607892,0.2851460485916107,1.4340065182114148,,1,42
70,False,Replace,17.021903008619493,18.112214560647526,36.402547682629994,0.30091105208511504,1.4869008378216426,,1,42
71,False,Replace,17.001591230436414,18.940988361419446,37.20670669719625,0.307558398233152,1.4771632709232734,,1,42
72,False,Replace,16.71263897932218,16.241128248273903,32.25721741248249,0.2666448874280308,1.4389539072658923,,1,42
73,False,Replace,16.77417718345434,16.515892041663818,32.52976859923111,0.2688978523871484,1.6133352230827085,,1,42
74,False,Replace,16.464796969634378,16.26255047661935,32.89126238354458,0.2718860354096213,1.4984283880783167,,1,42
75,False,Replace,17.09221579887062,13.334711197599274,26.976572956952975,0.22299397890771774,1.5636705904450368,,1,42
76,False,Replace,17.187524298827416,13.871337140075578,28.48321374550183,0.23544818592501704,1.438970640311664,,1,42
77,False,Replace,16.902375990247624,13.513755718348362,26.99120138189624,0.22311490051953467,1.3903948513139066,,1,42
78,False,Replace,16.539957721058098,12.40355973320898,24.722032571123115,0.2043574778204007,1.5391695702961152,,1,42
79,False,Replace,15.65784520371875,10.757688289926492,21.651217285747997,0.1789734781526467,1.6000841369787318,,1,42
80,False,Replace,15.703075962833186,9.323052645447873,18.896561533817028,0.15620291913374082,1.6296645671851218,,1,42
81,False,Replace,15.19073006604755,9.688181841677201,19.08185684370394,0.157734608814656,1.6019272544417749,,1,42
82,False,Replace,15.118507835622681,9.490584060530427,19.20823240417681,0.15877925555727626,1.67234806327313,,1,42
83,False,Replace,15.561147312171636,9.714684864469898,18.93509388295862,0.15652143556892537,1.55711261724259,,1,42
84,False,Replace,15.845063610258892,8.679846981852185,17.010784314451044,0.14061469129801907,1.5812619380410695,,1,42
85,False,Replace,15.06637820458023,8.3731852185328,16.81128141562266,0.13896555872345684,1.6650362695467003,,1,42
86,False,Replace,15.38496882534943,9.742488441216784,19.34077684686219,0.15987489556698703,1.6707630090475025,,1,42
87,False,Replace,15.073655795890264,10.682654319468073,21.561302246324527,0.17823022168205352,1.488424764843836,,1,42
88,False,Replace,15.951409214183084,8.499789213629912,16.54373096518439,0.13675393089374752,1.5851170216258383,,1,42
89,False,Replace,15.667548625067404,8.82096354830227,17.894330744638005,0.14791827038241565,1.6452101198717004,,1,42
90,False,Replace,15.967427691648695,6.740988358546951,13.797158193435875,0.11405018747499936,1.6887715115286577,,1,42
91,False,Replace,15.100258242118247,5.59955111709614,11.292391973291323,0.09334526744846511,1.7167665265566419,,1,42
92,False,Replace,15.334616506602258,5.938410530837569,11.857963714658748,0.09802040143107064,1.6596003431826327,,1,42
93,False,Replace,15.098821428669558,6.697380608952448,13.622308009683547,0.11260483938538489,1.647824081805107,,1,42
94,False,Replace,15.02375915811722,6.061816792167985,12.030741039715474,0.09944861483834487,1.6591966381266066,,1,42
95,False,Replace,14.866036137128013,5.7473132539243315,11.343282443387674,0.09376593868915153,1.6090940314110627,,1,42
96,False,Replace,14.471833909224777,5.118252615599458,10.220629348140902,0.08448585403786456,1.6087143620639224,,1,42
97,False,Replace,14.328407603187854,5.430062745887651,10.738554612785986,0.08876713230565403,1.6806554491566241,,1,42
98,False,Replace,14.334416435913996,5.417318084561414,10.619708404647957,0.08778472475992598,1.7723059752232206,,1,42
99,False,Replace,14.219961554670038,5.140127509228391,10.11573437485906,0.08361877030944352,1.7418835316416694,,1,42
100,False,Replace,14.014658640215721,5.181319486190979,10.106921565473492,0.08354592178886314,1.7438064405086913,,1,42
101,False,Replace,13.96776774837284,4.854062329389674,9.7128593621757,0.08028852142185809,1.66487350731266,,1,42
102,False,Replace,14.239296891469731,4.8054360341465285,9.642659869822356,0.079708237775668,1.8742792251306089,,1,42
103,False,Replace,14.079741760000497,5.05126774437498,9.853820412691535,0.08145373486745391,1.690481902314157,,1,42
104,False,Replace,13.924821360997834,6.18131247719589,12.448110130192948,0.10289867479618985,1.722932813561565,,1,42
105,False,Replace,13.94894292867103,7.238277846500036,14.526524565586328,0.12007928204037842,1.6898261983126202,,1,42
106,False,Replace,13.765579054833076,7.306808586407999,14.281501955399662,0.11805387403710582,1.6325188296344058,,1,42
107,False,Replace,13.964612679660318,7.014509639431483,14.234505302403932,0.11766538990075588,1.5574174122577094,,1,42
108,False,Replace,13.98180368324189,6.394187349005758,13.338653781477156,0.11026009436967532,1.612069345465966,,1,42
109,False,Replace,14.17720274353727,6.5463768102368345,13.463785822971596,0.11129446192504336,1.58913028359517,,1,42
110,False,Replace,14.025685950835044,6.840556644248701,13.62053225034969,0.11259016058833861,1.6443274216897086,,1,42
111,False,Replace,13.940782594256245,6.937681473932121,13.602404430215998,0.11244031224596444,1.6389524550707013,,1,42
112,False,Replace,14.131312300987167,8.229443472493626,16.898792553181345,0.13968894403982343,1.6687369150693483,,1,42
113,False,Replace,14.225737523150926,8.59636550311708,17.59984887804988,0.14548402184938497,1.593914442077244,,1,42
114,False,Replace,14.117862877546466,9.05331173150069,17.960127923643846,0.14846216358822906,1.4329027562640682,,1,42
115,False,Replace,14.628158921272938,10.370957912813761,19.662984459446292,0.1625383308995305,1.5214150731657528,,1,42
116,False,Replace,15.444787010736352,8.521290302417201,16.624649688053488,0.1374228219352265,1.7239071761877862,,1,42
117,False,Replace,15.206801810411134,8.965613363787982,17.668819236832,0.1460541452210994,1.4861323746166502,,1,42
118,False,Replace,14.898675150089034,6.948596803853709,13.648122565135347,0.11281822788521831,1.6545879425009709,,1,42
119,False,Replace,15.754207798431283,8.368225680322494,17.37884681453638,0.1436571726951825,1.55178498177273,,1,42
120,False,Replace,15.364313838350942,8.218579947394128,16.77712703531962,0.13868323149186018,1.6439276953627806,,1,42
121,False,Replace,14.162902125309364,7.498114490157866,15.251001625421543,0.1260679605303339,1.7849191873206696,,1,42
122,False,Replace,14.154220453767893,6.797800823898779,13.684110309242877,0.1131157100844308,1.6277784922200176,,1,42
123,False,Replace,13.903919366014765,7.156273731241291,14.227268897368859,0.1176055722673473,1.749491400201247,,1,42
124,False,Replace,13.768721452989471,7.327053923358634,14.5172833466549,0.12000289219713313,1.6453407288508068,,1,42
125,False,Replace,13.803334677113089,7.184435520963947,14.739604643840522,0.12184064641203868,1.6109052549496905,,1,42
126,False,Replace,13.871989189148518,7.49706744955396,14.998396486600802,0.12397987376378801,1.5948010162371524,,1,42
127,False,Replace,13.809146727318845,7.324658267475099,14.881048580103997,0.12300985149194607,1.5394588399313263,,1,42
128,False,Replace,13.596961260879015,8.874217849531213,16.990637111103524,0.14044815031279106,1.5259340135848596,,1,42
129,False,Replace,13.655694331893848,8.629710454410803,17.092495556721172,0.1412901334701728,1.7002748969977208,,1,42
130,False,Replace,13.78853846399763,9.743676393388872,19.49447346425026,0.1611453838647672,1.4978215351120432,,1,42
131,False,Replace,13.946930965388942,9.668245795268495,19.956896826830942,0.16496787183335757,1.4428321183703674,,1,42
132,False,Replace,14.103212111091223,12.95814539676773,25.507369834154026,0.21084923944435535,1.5355901719380216,,1,42
133,False,Replace,13.898121031354343,14.006488115406206,28.30874897010494,0.23400602370125814,1.5041573521438707,,1,42
134,False,Replace,14.108822804833997,11.189162349502334,22.358719227734184,0.18482183677774675,1.573831846932167,,1,42
135,False,Replace,14.508314832149246,11.293376300989136,22.489466673252252,0.18590262243405004,1.7820079353305591,,1,42
136,False,Replace,13.846163818280463,14.427326388437187,28.801659865140852,0.23808052797229426,1.6086419750056584,,1,42
137,False,Replace,14.253529271706043,12.740064544488984,25.5208202104198,0.21096042306008359,1.5809640466101749,,1,42
138,False,Replace,14.437899165141037,14.521362238268765,28.458534298570093,0.23524418046897444,1.5696224891066233,,1,42
139,False,Replace,14.068970902646237,12.602137997348295,25.156352580118128,0.20794765760637945,1.5098984495883179,,1,42
140,False,Replace,13.785007209865778,12.829888234070943,25.23301112474047,0.20858133312587146,1.4689923354942886,,1,42
141,False,Replace,14.15386548487283,12.427342879991059,25.387688371890206,0.20985992751380397,1.5149274199745686,,1,42
142,False,Replace,13.884838913758031,10.57021852508656,21.143525160828233,0.17477678915228229,1.5118163145383103,,1,42
143,False,Replace,14.242598044146952,11.893580564696563,23.627206417435698,0.19530741647226105,1.530471038299818,,1,42
144,False,Replace,14.730383596572864,14.38197594752384,27.27107843644778,0.22542842262996027,1.6371754485803764,,1,42
145,False,Replace,14.108163949331031,16.68769523250507,33.84281971878016,0.27975180682104583,1.425966108715218,,1,42
146,False,Replace,14.306051309368508,18.273182508923497,36.97995512306995,0.30568402242497583,1.4155914862137327,,1,42
147,False,Replace,13.798192915383249,17.45196331223469,34.937513495437585,0.288800773913044,1.5382057103464701,,1,42
148,False,Replace,13.729201971560377,19.160430482758173,37.06974787197709,0.30642626801665335,1.2837148357627526,,1,42
149,False,Replace,13.661469307621543,23.96515332519477,47.48917487720783,0.39255542495376805,1.3355435253881875,,1,42
150,False,Replace,13.607682520119745,23.371970347014397,46.23949774620705,0.3822253331279262,1.3827016303633903,,1,42
151,False,Replace,14.533363912613694,27.4091756266674,55.51820292649616,0.45892504552527247,1.3982697401779576,,1,42
152,False,Replace,14.445732028457579,26.74071545199354,53.14845193988919,0.43933618958099746,1.408234131445158,,1,42
153,False,Replace,14.264413059373354,21.204370883335287,43.025796589320024,0.3556602090427386,1.4301856976751566,,1,42
154,False,Replace,13.846357534413444,24.788043865567236,48.32056335841734,0.3994278555526729,1.4450088020333323,,1,42
155,False,Replace,13.657602508228802,20.746448805317193,40.53886210146136,0.3351026898346698,1.3301425302489238,,1,42
156,False,Replace,13.672827943176308,19.873570723459036,38.23540924074958,0.3160618680276843,1.4748811436400922,,1,42
157,False,Replace,13.698958989006279,22.454396712992985,44.39051371714886,0.3669412454777105,1.4486595429895646,,1,42
158,False,Replace,13.643847620496338,21.37275399378706,42.054851161409154,0.34763417161324006,1.445603529701094,,1,42
159,False,Replace,13.680028758074188,22.185610597708504,42.76885149734365,0.3535362473181692,1.376818161499537,,1,42
160,False,Replace,13.767863779619558,17.39914163611982,33.05264753389825,0.2732200787245899,1.3690521200378272,,1,42
161,False,Replace,13.74712386692476,15.804596748785068,31.570620682088922,0.26096933564242014,1.461064320250528,,1,42
162,False,Replace,13.689082019406168,15.523129549279158,32.07810713122335,0.26516432448384253,1.606393063716463,,1,42
163,False,Replace,13.674836730036425,14.89598000863139,28.858799491010828,0.23855285603807105,1.423055494303203,,1,42
164,False,Replace,14.599029559076987,13.787045190891664,28.50804681822333,0.23565346128388154,1.5230103195695908,,1,42
165,False,Replace,13.926239744541151,12.456797246325449,24.109897734849735,0.199297443583048,1.614253344064771,,1,42
166,False,Replace,13.731287142150506,13.322669482562947,27.10202635652744,0.22403100287600497,1.4532862495840941,,1,42
167,False,Replace,13.768087326734646,11.845588847845832,22.913120647733667,0.18940463455398948,1.5650296623738003,,1,42
168,False,Replace,14.056271782149116,14.665960623118755,29.930431636235042,0.24741119087438573,1.535163979774518,,1,42
169,False,Replace,14.690417749747635,15.41734498990814,30.47881720700005,0.2519442603860544,1.5807954133179065,,1,42
170,False,Replace,14.715741154197328,16.309737375207128,33.548028961829466,0.277315004935849,1.4451041574319832,,1,42
171,False,Replace,14.498082121729393,21.469467105285176,42.89394810073472,0.354570321934783,1.4553106532300824,,1,42
172,False,Replace,15.138262855238446,19.827064823955276,39.46527072798226,0.32622815960893914,1.5215745330293946,,1,42
173,False,Replace,14.808665586305393,16.875057302521746,33.85800863019252,0.2798773615309241,1.4881709093303188,,1,42
174,False,Replace,15.260987478473018,15.855334504273873,31.540314608423753,0.2607188193161821,1.485122154590289,,1,42
175,False,Replace,16.690702384111162,15.382342754496666,29.720056023994882,0.2456721821829022,1.6602434778052957,,1,42
176,False,Replace,18.81688585467601,16.594591911863677,32.582440664557495,0.2693332506656162,1.5832073452834745,,1,42
177,False,Replace,20.64812247740188,15.137296569295394,30.559083392758026,0.25260775741966496,1.7024764307192848,,1,42
178,False,Replace,24.446853079168,12.670634309115144,24.11798429225662,0.19936428875328902,1.7167089318529118,,1,42
179,False,Replace,27.233860071246117,15.551984561509446,31.91935792353319,0.2638520704207425,1.7706845435265768,,1,42
180,False,Replace,24.064433690607665,14.070523708486618,28.73782572619959,0.2375528616651108,1.8753819405720884,,1,42
181,False,Replace,21.491726794812962,15.565540274283384,31.8363981791163,0.2631663078694277,1.7827520824819008,,1,42
182,False,Replace,25.067938376647632,15.317996483758144,30.27053847879312,0.25022258497536326,1.7866468955346768,,1,42
183,False,Replace,29.027396568380755,14.725238848234056,28.97399094047308,0.23950505258626584,1.7851645894185237,,1,42
184,False,Replace,28.578234576609127,20.10025920193072,40.27845483693335,0.3329501090696394,1.8105465963884888,,1,42
185,False,Replace,31.719007562728983,21.41198978910046,43.491513709905064,0.3595099239020138,1.8138092442935725,,1,42
186,False,Replace,31.506356991532876,19.14246065423188,38.1530085803539,0.31538072698150404,1.9572860833641228,,1,42
187,False,Replace,30.14532827091884,14.323769555240847,29.74998071017014,0.24591954588059775,1.909222956798326,,1,42
188,False,Replace,29.638707487140156,17.35261229393985,34.02082408929877,0.28122322807637906,1.95188075469541,,1,42
189,False,Replace,27.672620829282284,15.04329272161495,29.996486268703624,0.24795721224422246,1.7790101024469565,,1,42
190,False,Replace,27.34843522476952,15.954222618268123,32.14171589659539,0.2656901278060938,1.669068390422627,,1,42
191,False,Replace,27.100868702379618,16.076442682103533,31.32287415478735,0.2589214111721138,1.7616155441442243,,1,42
192,False,Replace,23.413002414202698,18.80124187341442,36.772091925418785,0.30396578187653106,1.6840756230073364,,1,42
193,False,Replace,26.520268225591423,15.871067788742204,31.48808103093874,0.2602870456696721,1.8569743609474898,,1,42
194,False,Replace,24.43570350208397,14.35878034756929,28.17018330490421,0.23286061101031286,1.7425111401939828,,1,42
195,False,Replace,24.65865717255276,14.747051635662496,29.008584494751503,0.2397910101215471,1.7954374907840633,,1,42
196,False,Replace,23.554666046743478,10.67552648041522,21.40148096242917,0.1769091056134248,1.7982603570152613,,1,42
197,False,Replace,24.86520309166344,9.086570921873857,18.059241794871742,0.14928145952123448,1.8358266518942723,,1,42
198,False,Replace,22.554324039578304,9.08485377769444,18.488036455037186,0.15282596562129602,1.7445245120108877,,1,42
199,False,Replace,21.96885517331564,8.987732639426898,17.402076453301905,0.14384919373451835,1.7360799383753684,,1,42
200,False,Replace,18.679550803186288,8.796714862525068,17.553797192325984,0.1451033490096078,1.7233041791819894,,1,42
0,True,Replace + Select,0.0,60.126378898667156,120.19553581875176,0.9935613697832718,0.06849476193202358,,1,42
1,True,Replace + Select,3.015631886387198,36.484163698466325,72.18828338301074,0.5967234076686693,0.6417476195105136,,1,42
2,True,Replace + Select,8.000151210533758,20.0320531412403,39.92639240631162,0.3300398875839993,1.0723508787286218,,1,42
3,True,Replace + Select,9.571915615162972,9.365997688028855,18.880298936267323,0.15606848911029897,1.4465900572615196,,1,42
4,True,Replace + Select,11.143596784197047,4.913337509968822,9.841592940459986,0.08135266003154915,1.6527307512376805,,1,42
5,True,Replace + Select,11.205656794575809,2.250785658895543,4.503644773836146,0.037228067082769496,1.791112793588015,,1,42
6,True,Replace + Select,11.953830640222577,1.1272923315147079,2.2594266081106062,0.018676891619870968,1.8201052880178463,,1,42
7,True,Replace + Select,12.63116086149535,0.6051670967836116,1.2101695195718976,0.010003513669167694,2.0216704278280315,,1,42
8,True,Replace + Select,12.544792292868788,0.29445218010362534,0.6003595213570121,0.004962697028127421,2.065393776924494,,1,42
9,True,Replace + Select,12.649211815545561,0.15320733755058794,0.30772963625962274,0.0025437573603904083,2.029576980932174,,1,42
10,True,Replace + Select,12.743596287481262,0.08335037156969687,0.1659697493008155,0.0013719405661335566,2.0870487809953575,,1,42
11,True,Replace + Select,12.821685619921858,0.04908144175318467,0.09798958151718229,0.0008100023197493183,2.055207322757531,,1,42
12,True,Replace + Select,12.861856526732314,0.03356956303573507,0.06707621713849439,0.0005544660018030839,2.092213809291766,,1,42
13,True,Replace + Select,12.860978645936122,0.02294022027127141,0.04547087731918187,0.0003758717563572372,2.090215361649495,,1,42
14,True,Replace + Select,12.897203753628464,0.01699257983252548,0.033685610831326845,0.0002784522853663076,2.130132297874707,,1,42
15,True,Replace + Select,12.918093892830878,0.014500860869740763,0.029062206586646742,0.0002402342615177921,2.1806332939064506,,1,42
16,True,Replace + Select,12.932374163037125,0.01090376377685787,0.021643427423785087,0.00017890908552883108,2.1086133987167535,,1,42
17,True,Replace + Select,12.875598009566957,0.009342848584919263,0.018561472864196862,0.000153433006296972,2.086749745543811,,1,42
18,True,Replace + Select,12.912250603223466,0.007477510148367089,0.01478862235113272,0.00012224583700476012,2.135309106693926,,1,42
19,True,Replace + Select,12.903515557729888,0.005773538931959312,0.011711948352890404,9.681340799441989e-05,2.0467019963917594,,1,42
20,True,Replace + Select,12.946488582452588,0.0057562197650626815,0.0113044923419619,9.344529161982327e-05,2.1577858973308093,,1,42
21,True,Replace + Select,12.973225379118912,0.005086791831103338,0.010013925876026453,8.277720002260495e-05,2.186517505596261,,1,42
22,True,Replace + Select,12.997328071635959,0.004115984154255303,0.008198764985181165,6.777270148777744e-05,2.1580751639543303,,1,42
23,True,Replace + Select,13.023839631940653,0.00378842163822922,0.007582239443832043,6.267637276644367e-05,2.1515414014931333,,1,42
24,True,Replace + Select,13.054739530885008,0.003835730013172959,0.0077127626823151685,6.375530508063042e-05,2.081551640545327,,1,42
25,True,Replace + Select,13.083686052504106,0.003458725198129127,0.006775505529506765,5.600774195991919e-05,2.1585984589680884,,1,42
26,True,Replace + Select,13.056054235772983,0.0032075976214631643,0.006387791621807074,5.28028179284725e-05,2.0841971765585687,,1,42
27,True,Replace + Select,13.051719834985848,0.0030281918362777037,0.006094191206156922,5.0375855652750494e-05,2.1800221572404332,,1,42
28,True,Replace + Select,13.041664752279331,0.0030668583579187233,0.006149786766070696,5.083542014726793e-05,2.047673472037531,,1,42
29,True,Replace + Select,13.076438406903849,0.0029182550196087294,0.00586719754790115,4.8499478726665566e-05,2.195565878498381,,1,42
30,True,Replace + Select,13.073787922553311,0.002540994845415357,0.004983821364491608,4.119730693764164e-05,2.13313126311529,,1,42
31,True,Replace + Select,13.106345696669083,0.002346324852409544,0.004733774715734563,3.913036918361894e-05,2.1163059756755582,,1,42
32,True,Replace + Select,13.130300151199803,0.002072343027735146,0.00416443860769364,3.442411816090861e-05,2.0972399277621543,,1,42
33,True,Replace + Select,13.148303601279956,0.0020203353054103093,0.004028599131278874,3.330124071510383e-05,2.1687345622475958,,1,42
34,True,Replace + Select,13.15609559700794,0.0019674473101794804,0.0039341500115798725,3.252050459122256e-05,2.116093716879945,,1,42
35,True,Replace + Select,13.14638053350928,0.0018821383083118856,0.003791476297189029,3.134113390880393e-05,2.2478012711671216,,1,42
36,True,Replace + Select,13.153271968679704,0.0018771144143568145,0.0037464119141663657,3.096862231908939e-05,2.0825964962757832,,1,42
37,True,Replace + Select,13.1457220813929,0.001966383423542036,0.003960744252322398,3.274033813229795e-05,2.1511622640245016,,1,42
38,True,Replace + Select,13.167204612833347,0.0017957498079952167,0.0035652989724980232,2.9471504966238393e-05,2.0941199170521774,,1,42
39,True,Replace + Select,13.190543216449301,0.00151937880184146,0.0030876712444568816,2.552333454138478e-05,2.1283422163738566,,1,42
40,True,Replace + Select,13.200622753700449,0.0015121595871441232,0.0029849588781737713,2.4674292697669258e-05,2.1280923128647515,,1,42
41,True,Replace + Select,13.200614864262404,0.00165398946480219,0.0032944028596900584,2.723222119353396e-05,2.213875002002119,,1,42
42,True,Replace + Select,13.210282987479737,0.0018581866931496856,0.00380995680962876,3.149389767934533e-05,2.164147918351431,,1,42
43,True,Replace + Select,13.21768445281154,0.0018988875139727226,0.0037167281495768603,3.072325012947374e-05,2.054851604274809,,1,42
44,True,Replace + Select,13.244490348655052,0.001896576766976046,0.003726363822204565,3.0802900609248643e-05,2.229384784123244,,1,42
45,True,Replace + Select,13.249021574475924,0.0014804174328684235,0.0029876199555460762,2.469628971828335e-05,2.1699643948558607,,1,42
46,True,Replace + Select,13.26937275246054,0.001657527769288175,0.003300076832934297,2.727912343986331e-05,2.143232516678024,,1,42
47,True,Replace + Select,13.268230461002615,0.0014293541924880878,0.002903873166838722,2.4004021294699784e-05,2.119539564002662,,1,42
48,True,Replace + Select,13.271613309593427,0.0013785838252976606,0.002717080013444462,2.2459950126928644e-05,2.048930095591267,,1,42
49,True,Replace + Select,13.280268417966214,0.0011487617692662086,0.00231187524701145,1.9110443008902344e-05,2.1100930557593918,,1,42
50,True,Replace + Select,13.293481836010583,0.0010523298043475897,0.002098438088803208,1.7346126939861237e-05,2.076569510771298,,1,42
51,True,Replace + Select,13.301475230224982,0.0010642672763931905,0.002126163411623928,1.7575310241319095e-05,2.098719137806457,,1,42
52,True,Replace + Select,13.306888839682209,0.0010297469888104738,0.0020894735806547024,1.7272024445664666e-05,2.0961072893397295,,1,42
53,True,Replace + Select,13.321263533444624,0.0010900622393155597,0.002219349815244585,1.834560849071608e-05,2.1574768935968596,,1,42
54,True,Replace + Select,13.334787639799417,0.001008495001006807,0.001995294231155581,1.6493518298525e-05,2.129537165390811,,1,42
55,True,Replace + Select,13.342468467376042,0.0008718597299752587,0.0017311004613523124,1.4309637491089968e-05,2.1268933421905545,,1,42
56,True,Replace + Select,13.348834758610261,0.0007803354006795488,0.0015901945020288558,1.3144879440781427e-05,2.0249226668622136,,1,42
57,True,Replace + Select,13.353299859779472,0.0007942819101662018,0.0016028090702577171,1.3249154092941484e-05,2.171904117681146,,1,42
58,True,Replace + Select,13.372148194348426,0.0006875039553523521,0.0013688789701227478,1.1315439091461557e-05,2.087543888986162,,1,42
59,True,Replace + Select,13.378405525940694,0.0007307401955412154,0.0014473868854991247,1.196440189535309e-05,2.1373857525210243,,1,42
60,True,Replace + Select,13.386998628626573,0.0007413803235827384,0.0015007899599701272,1.2405842847886117e-05,2.2443952684192334,,1,42
61,True,Replace + Select,13.399689666717318,0.0007587334003546409,0.0014962922740482157,1.236866403791627e-05,2.1544825884593326,,1,42
62,True,Replace + Select,13.407608639392118,0.0006587685417345288,0.0013307592849609697,1.100033382280869e-05,2.193389858674724,,1,42
63,True,Replace + Select,13.415995510358487,0.000693083136848322,0.0014406267707045737,1.1908521376418555e-05,2.081567685104032,,1,42
64,True,Replace + Select,13.430392269421557,0.0006191221712608627,0.0012561583723928822,1.0383667119063545e-05,2.0516787457800802,,1,42
65,True,Replace + Select,13.436096495869291,0.0005821583603365849,0.0011699600199859069,9.671133558585216e-06,2.1465542085360854,,1,42
66,True,Replace + Select,13.45400481131583,0.0005672611751597498,0.0011508899403298901,9.5134963024605e-06,2.1304325023220225,,1,42
67,True,Replace + Select,13.458158336425923,0.0005533308378343867,0.0011149427458480461,9.216349294911867e-06,2.112333386421565,,1,42
68,True,Replace + Select,13.466593359765136,0.0005267870321319838,0.0010485379111786239,8.66743308063688e-06,2.1381877094828936,,1,42
69,True,Replace + Select,13.47970742396331,0.0004720295551929014,0.0009701219915909008,8.019230733123087e-06,2.16711519033161,,1,42
70,True,Replace + Select,13.489549643073415,0.0003956837788434927,0.0007894128923010712,6.5254516256074046e-06,2.1187864501432223,,1,42
71,True,Replace + Select,13.496836443718529,0.0003895586305065362,0.0007826769019708683,6.469770524527116e-06,2.1805388681933415,,1,42
72,True,Replace + Select,13.506260809278286,0.00040321631560781817,0.0008108183638982014,6.702393718639645e-06,2.1449312769613638,,1,42
73,True,Replace + Select,13.513223387399577,0.0003523381206094605,0.0006992647227539696,5.780268052785398e-06,2.157529770961846,,1,42
74,True,Replace + Select,13.517652694219686,0.00031833684746799694,0.0006341793692685202,5.242258945198035e-06,2.131323911851679,,1,42
75,True,Replace + Select,13.5294336233846,0.0003021204993388126,0.0006079739818185091,5.025639746546629e-06,2.161265650587739,,1,42
76,True,Replace + Select,13.541052021755716,0.00030718664723271635,0.0006226369856570361,5.146847194724346e-06,2.1549539839316596,,1,42
77,True,Replace + Select,13.55088099616125,0.0003329108543175584,0.0006654842465546319,5.501031590499841e-06,2.1015648501490776,,1,42
78,True,Replace + Select,13.55698983106133,0.00035563762663123866,0.0007083711902267745,5.855544012366879e-06,2.253551300785173,,1,42
79,True,Replace + Select,13.564255083064586,0.0003569592411486181,0.0007090807228526253,5.861409157048369e-06,2.181132881382065,,1,42
80,True,Replace + Select,13.577168701239536,0.00036861392728658953,0.0007287030617313885,6.02361150310001e-06,2.1657155134621955,,1,42
81,True,Replace + Select,13.582867186592694,0.0003641851689692285,0.0007277053253964974,6.015364006445295e-06,2.107105120317047,,1,42
82,True,Replace + Select,13.587673210977597,0.00034220752746163955,0.0006882683537157899,5.689369772663818e-06,2.000796916528733,,1,42
83,True,Replace + Select,13.600939746272154,0.0003347726540056454,0.0006634271934351991,5.484027560348983e-06,2.1501295402665908,,1,42
84,True,Replace + Select,13.611952157066078,0.00031739605106227215,0.0006183165979830008,5.111133969052785e-06,2.129804475421337,,1,42
85,True,Replace + Select,13.619368859732695,0.0003190760068833647,0.0006422944075136844,5.309339543988886e-06,2.2066926735019035,,1,42
86,True,Replace + Select,13.627828555058274,0.0003192565357470256,0.0006300931435929293,5.208481351447749e-06,2.1473817934030643,,1,42
87,True,Replace + Select,13.636530984149621,0.00035718648164774106,0.0007189371375806989,5.9428843370679e-06,2.061687792562838,,1,42
88,True,Replace + Select,13.646372708462952,0.0003345636846768567,0.0006699140360273017,5.537649154258234e-06,2.201359290464641,,1,42
89,True,Replace + Select,13.656081702227304,0.0003417692197640308,0.0006840899363928793,5.654830103527209e-06,2.1141979650246423,,1,42
90,True,Replace + Select,13.660015468101529,0.00035924423274464153,0.000737920579983851,6.099805431589408e-06,2.1377310008216157,,1,42
91,True,Replace + Select,13.67108248455601,0.00037074848984601196,0.0007496307145447186,6.196603846400642e-06,2.156128690655724,,1,42
92,True,Replace + Select,13.681997493383424,0.0003680319868338784,0.0007541800502725172,6.234209604439207e-06,2.2199540100888324,,1,42
93,True,Replace + Select,13.69216921183013,0.0004242886566623467,0.0008545837849494074,7.064167817757176e-06,2.127307174524467,,1,42
94,True,Replace + Select,13.700734456297228,0.0004065461876002682,0.0008170076174562817,6.753555379521753e-06,2.0898841349824258,,1,42
95,True,Replace + Select,13.702085967574536,0.00035388313298694544,0.0007115974927217158,5.882213301740844e-06,2.1532433404906026,,1,42
96,True,Replace + Select,13.710559096739619,0.0003138561331564133,0.000617725612781295,5.1062487621062145e-06,2.2054741171661245,,1,42
97,True,Replace + Select,13.709854711882008,0.0003199374712768996,0.0006308417445551723,5.214669443146836e-06,2.1596894649870593,,1,42
98,True,Replace + Select,13.713799187638655,0.0003124526351926456,0.0006119454509184272,5.05846873850617e-06,2.092246971449294,,1,42
99,True,Replace + Select,13.716353001040781,0.0002781462051015843,0.0005728471607122183,4.7352741164359856e-06,2.1535688985186328,,1,42
100,True,Replace + Select,13.71837857378727,0.00028241366729519384,0.0005679241175812616,4.69457921505403e-06,2.1218938690824274,,1,42
101,True,Replace + Select,13.721572831831441,0.0002789477323600331,0.0005505558319353966,4.551009343181962e-06,2.1478942150330522,,1,42
102,True,Replace + Select,13.727748105092257,0.0002665033108215549,0.0005430132914368208,4.488661130177518e-06,2.1342740945270986,,1,42
103,True,Replace + Select,13.723831072009979,0.00026603270743345066,0.0005315901946533353,4.39423542950523e-06,2.0941939090164094,,1,42
104,True,Replace + Select,13.739095987636926,0.00025551078759370745,0.0005203912718382709,4.301662797614715e-06,2.0969168630020945,,1,42
105,True,Replace + Select,13.745056668965058,0.00025178619304963324,0.0004968970756521874,4.107454871458439e-06,2.1133925258018307,,1,42
106,True,Replace + Select,13.750990409203311,0.0002616488156504926,0.0005244604415281319,4.335299403029374e-06,2.150695034389803,,1,42
107,True,Replace + Select,13.75992431444769,0.0002593017173765059,0.0005169244457851243,4.27300529033958e-06,2.17804193137933,,1,42
108,True,Replace + Select,13.777119257669993,0.00025793878011191504,0.0005102889279770762,4.2181547160842495e-06,2.0512502104397896,,1,42
109,True,Replace + Select,13.777854968329235,0.00029683245822625384,0.000589841917756199,4.8757563229732855e-06,2.133721880555617,,1,42
110,True,Replace + Select,13.777273381656169,0.000271555737463958,0.0005465449270004722,4.517854366384627e-06,2.225892178765629,,1,42
111,True,Replace + Select,13.780494390797173,0.0002548874895305019,0.0005106915174483873,4.221482604627293e-06,2.0431076620055677,,1,42
112,True,Replace + Select,13.786050204222121,0.00025996211418146867,0.0005207743598810168,4.3048294832815785e-06,2.076088040916117,,1,42
113,True,Replace + Select,13.798382650872455,0.0002829470909577792,0.0005587889042547441,4.619065636249873e-06,2.1022590854532233,,1,42
114,True,Replace + Select,13.802107944194873,0.00025598732103379585,0.0005080906015196285,4.199982891054191e-06,2.178590265529077,,1,42
115,True,Replace + Select,13.808844354175772,0.00024363527581015894,0.000484299873609249,4.003323771813508e-06,2.195464502454257,,1,42
116,True,Replace + Select,13.824104056326325,0.00024719925320904025,0.0004879929231359804,4.03385128950759e-06,2.170272515680458,,1,42
117,True,Replace + Select,13.838676535376289,0.00023628447715889507,0.0004746416367541584,3.923486771428523e-06,2.1390816695931725,,1,42
118,True,Replace + Select,13.849198832400267,0.00023239181991715444,0.00046447751672296246,3.839468035191389e-06,2.079521502207225,,1,42
119,True,Replace + Select,13.849100300613955,0.00022214473521022177,0.00043823608756363885,3.62255090825313e-06,2.0710714459220596,,1,42
120,True,Replace + Select,13.850280254981463,0.0002336968497692056,0.00046873619797319256,3.874671182692886e-06,2.130035463683991,,1,42
121,True,Replace + Select,13.858824179508082,0.00024992956239300513,0.0004900873323563735,4.0511641129808215e-06,2.0955757276779625,,1,42
122,True,Replace + Select,13.867335952931498,0.0002324508413186945,0.0004664319328775951,3.855623646782917e-06,2.205861252720224,,1,42
123,True,Replace + Select,13.879653173556868,0.00023489676495104333,0.0004678256312087914,3.867144247889901e-06,2.2627991654943944,,1,42
124,True,Replace + Select,13.893836674758614,0.0002233281051266271,0.00044862566647632765,3.7084333346314986e-06,2.19955291370632,,1,42
125,True,Replace + Select,13.902863235856913,0.0002347671308680594,0.0004700896956620172,3.885859476904869e-06,2.26253952346916,,1,42
126,True,Replace + Select,13.916794189828416,0.00024643759915313077,0.0004998598441329738,4.131945733702772e-06,2.2212202163808574,,1,42
127,True,Replace + Select,13.922941702675534,0.0002897121554363053,0.0005935618685979695,4.9065062125486305e-06,2.2555875733951103,,1,42
128,True,Replace + Select,13.923626475652192,0.00027700521568635797,0.0005491664570078264,4.539524480231138e-06,2.028366477275016,,1,42
129,True,Replace + Select,13.92980223356856,0.0002522457711977126,0.0005028934014952017,4.157021751606435e-06,2.099589933617108,,1,42
130,True,Replace + Select,13.9354164326465,0.0002530867844464307,0.0004908779974731869,4.05769991575544e-06,2.1071423199340105,,1,42
131,True,Replace + Select,13.950393895001353,0.00026706115860413533,0.0005330905952921052,4.406638054142869e-06,2.104787425782224,,1,42
132,True,Replace + Select,13.957538619689567,0.00027687507036781286,0.0005507952866257595,4.552988725598599e-06,2.2111475640714233,,1,42
133,True,Replace + Select,13.967644947076115,0.0002525773854038199,0.0005066815647699977,4.188335499381099e-06,2.1949414969609347,,1,42
134,True,Replace + Select,13.989270038225238,0.00027394860277403835,0.0005458192209958744,4.511855529180927e-06,2.2293214397627796,,1,42
135,True,Replace + Select,13.990982337411939,0.00031720604765114155,0.0006365807585030536,5.26210932949886e-06,2.1029435960775134,,1,42
136,True,Replace + Select,14.020343040641418,0.00031131710703206754,0.0006124330329430515,5.062499193222874e-06,2.0495953980751214,,1,42
137,True,Replace + Select,14.025350927597621,0.00028603134583905,0.0005733517704020019,4.739445325384572e-06,2.154312580498826,,1,42
138,True,Replace + Select,14.033276163560288,0.0002941792993550149,0.0005861376169674926,4.8451358000009e-06,2.056142339336184,,1,42
139,True,Replace + Select,14.035719493802231,0.00029412781132941943,0.0005606645651477486,4.6345702404218005e-06,2.2266238500978703,,1,42
140,True,Replace + Select,14.036014711637446,0.00028499911178335083,0.0005810610143020799,4.803171543477273e-06,2.233806498096728,,1,42
141,True,Replace + Select,14.036650381375182,0.0002661883245052532,0.0005283557266564941,4.367498642389378e-06,2.1715372886147444,,1,42
142,True,Replace + Select,14.051815591787719,0.0002824075564641345,0.0005536909628753203,4.576924989465345e-06,2.1521301663770034,,1,42
143,True,Replace + Select,14.061206841919219,0.00028247593442790964,0.000572567872893471,4.732965465071622e-06,2.177580008084427,,1,42
144,True,Replace + Select,14.075184727428615,0.00026296280954673026,0.0005196504618804743,4.2955391079834504e-06,2.145797566108816,,1,42
145,True,Replace + Select,14.088672885527041,0.0002848041294274828,0.0005723500360823961,4.731164780554294e-06,2.1146522469212314,,1,42
146,True,Replace + Select,14.097500147989495,0.00028064292501972586,0.0005550505866654679,4.588163923308662e-06,2.1186300899046073,,1,42
147,True,Replace + Select,14.11454674507211,0.000253214060330915,0.000500087698945213,4.1338292291073065e-06,2.140875527655619,,1,42
148,True,Replace + Select,14.123979882499636,0.00021591830363864917,0.0004242897860150138,3.5072678706954183e-06,2.276082407492698,,1,42
149,True,Replace + Select,14.13131287112214,0.00020151048027292095,0.0004088664734097051,3.3797755516642536e-06,2.004328034823605,,1,42
150,True,Replace + Select,14.128749836014686,0.00021616717682249075,0.00043936293519388403,3.6318656658056213e-06,2.129614946583316,,1,42
151,True,Replace + Select,14.135003503064482,0.00022079854589403884,0.00044113847322629175,3.6465426335279625e-06,2.202429866555492,,1,42
152,True,Replace + Select,14.143213159001712,0.00021889842483509698,0.00044150922490841164,3.6496073442647403e-06,2.1308226191675836,,1,42
153,True,Replace + Select,14.148506464187205,0.00022397491657453962,0.00044372977124876295,3.6679628434815627e-06,2.110845843647801,,1,42
154,True,Replace + Select,14.152274297252507,0.00022903577407008444,0.0004530264148954604,3.744810838983894e-06,2.142121293402921,,1,42
155,True,Replace + Select,14.157969298746844,0.00021406511457972377,0.00041765579706460097,3.452429934296195e-06,2.221339397062109,,1,42
156,True,Replace + Select,14.170139545570832,0.00020899795595542294,0.00042243072063555964,3.4919004485000344e-06,2.14627573298534,,1,42
157,True,Replace + Select,14.173103750884117,0.00021043339635052136,0.0004119930357822634,3.40562036838254e-06,2.1387622897860035,,1,42
158,True,Replace + Select,14.180521893026597,0.00020155104604128166,0.0004057211883482472,3.3537759692942943e-06,2.0875598713760164,,1,42
159,True,Replace + Select,14.19026906244862,0.00021249517440314686,0.0004244502267406594,3.5085941071987593e-06,2.131481243454406,,1,42
160,True,Replace + Select,14.197193076103002,0.00019117341254850615,0.00037825970552526694,3.126773624290202e-06,2.1459144439917424,,1,42
161,True,Replace + Select,14.204124560832877,0.0002047176395168944,0.0004115812791878955,3.402216702488206e-06,2.0826105357148497,,1,42
162,True,Replace + Select,14.212288260970187,0.00019032487052972794,0.00038409552661038343,3.1750137386309033e-06,2.096931218595193,,1,42
163,True,Replace + Select,14.22159539013168,0.00021175136167473637,0.0004222771201132401,3.4906307545441344e-06,2.160163149296614,,1,42
164,True,Replace + Select,14.235461435763629,0.000199050981597522,0.00039105071048915014,3.2325067393035944e-06,2.1698735429707425,,1,42
165,True,Replace + Select,14.252235664359155,0.00020300785380486934,0.00041159859456591923,3.4023598350146375e-06,2.1499770758358276,,1,42
166,True,Replace + Select,14.25641008781986,0.0002110387348557265,0.00042047772903835073,3.475756612597309e-06,2.1342963112571782,,1,42
167,True,Replace + Select,14.265291325752845,0.00020750648395643955,0.00040936535492853694,3.383899410356955e-06,2.1565594547112004,,1,42
168,True,Replace + Select,14.278152327808115,0.00019788459150599165,0.0003980710231028836,3.290538107684246e-06,2.2622976922491915,,1,42
169,True,Replace + Select,14.291816863270624,0.00020551703476100514,0.0004084597560681961,3.376413541285152e-06,2.171008115724818,,1,42
170,True,Replace + Select,14.297142593866628,0.00021366073293264276,0.0004263369442431182,3.524190107610653e-06,2.1483128431304213,,1,42
171,True,Replace + Select,14.307760212832138,0.00023240165400954075,0.00046483043884108414,3.84238536303322e-06,2.1192691951191684,,1,42
172,True,Replace + Select,14.317196172298962,0.00024094526606937698,0.0004814316773804299,3.9796146635300685e-06,2.066137618008616,,1,42
173,True,Replace + Select,14.320633049398891,0.0002493228058610242,0.0005041143458287599,4.167114332135453e-06,2.144128413210144,,1,42
174,True,Replace + Select,14.327967922350002,0.00026737540180647935,0.0005321732793998823,4.399055329641559e-06,2.0919481016368078,,1,42
175,True,Replace + Select,14.331825122931598,0.00025658226701222677,0.0005169530558836324,4.273241787381418e-06,2.1225876776450208,,1,42
176,True,Replace + Select,14.346530729562119,0.000264565361083368,0.0005308447524391044,4.388073448676072e-06,2.160648501182285,,1,42
177,True,Replace + Select,14.355922494220373,0.0002606339660842799,0.0005189497215569496,4.28974664230691e-06,2.166138342665917,,1,42
178,True,Replace + Select,14.366359668380479,0.0002801984419235644,0.000557347675855836,4.6071521416892346e-06,2.1176154391375395,,1,42
179,True,Replace + Select,14.380499334995628,0.00026114443463264475,0.0005269063960718176,4.355518173471203e-06,2.0681162423602335,,1,42
180,True,Replace + Select,14.390725015143497,0.00024338221894889747,0.000490614508218403,4.0555218586161045e-06,2.1652414192787943,,1,42
181,True,Replace + Select,14.39976682696563,0.0002518872251711379,0.0005043540594409262,4.169095854853724e-06,2.1708299144107412,,1,42
182,True,Replace + Select,14.412167496437492,0.0002678357189014414,0.0005382800514780132,4.449535181406198e-06,2.0107494320264334,,1,42
183,True,Replace + Select,14.419300684388029,0.00028077296995774595,0.0005602116612753521,4.630826442544673e-06,2.126390548882119,,1,42
184,True,Replace + Select,14.43120389411039,0.0002931397419752944,0.000567200575938049,4.688598268912988e-06,2.0946850357148854,,1,42
185,True,Replace + Select,14.443150478883888,0.00027199706595519384,0.000553178759197576,4.5726910070283014e-06,2.13137767722624,,1,42
186,True,Replace + Select,14.454678238816184,0.00028122355890336027,0.0005511369088057802,4.555812645795116e-06,2.1536652800587177,,1,42
187,True,Replace + Select,14.464336546575808,0.0002520557725206599,0.0005025996318479138,4.154593390426696e-06,2.1823557060429244,,1,42
188,True,Replace + Select,14.470263911182911,0.0002461832946977706,0.0004994546400918877,4.128596232580615e-06,2.105456722101544,,1,42
189,True,Replace + Select,14.471875379242542,0.0002371196099296298,0.00047280619226848096,3.908314604468006e-06,2.19154328884149,,1,42
190,True,Replace + Select,14.473066171415779,0.00025859480182286793,0.000520460555386746,4.302235509877757e-06,2.1382646065937325,,1,42
191,True,Replace + Select,14.483900148408807,0.000292207250668215,0.0005800718562104191,4.794994956370372e-06,2.161222823285907,,1,42
192,True,Replace + Select,14.491018997630688,0.0002838878709939457,0.0005775096464782435,4.773815196291668e-06,2.186622914775578,,1,42
193,True,Replace + Select,14.502526568499826,0.00028408310061417636,0.0005673460966740035,4.689801173669492e-06,2.2016102258770687,,1,42
194,True,Replace + Select,14.511135498150407,0.0003058774718362037,0.0006079917575099315,5.025786684119628e-06,2.134514950780555,,1,42
195,True,Replace + Select,14.524000303020669,0.00029670936578243676,0.0005976142127760775,4.9400037347736286e-06,2.121925710601353,,1,42
196,True,Replace + Select,14.537107530601693,0.00028127026630867723,0.0005524842998801232,4.5669504614580596e-06,2.0894067580981837,,1,42
197,True,Replace + Select,14.55156247617874,0.00024679783858356163,0.0004883083908573602,4.036459011493614e-06,2.1778885952187004,,1,42
198,True,Replace + Select,14.559074841445055,0.0002213401331614807,0.0004377135056384786,3.618231137058224e-06,2.1556239724795625,,1,42
199,True,Replace + Select,14.56584355468427,0.000232879558912557,0.0004662303555159411,3.853957366265942e-06,2.1453403030149634,,1,42
200,True,Replace + Select,14.58374125121696,0.00023220819181684216,0.00047028803699193357,3.887499007708521e-06,2.153962780282777,,1,42
0,False,Accumulate,0.0,60.126378898667156,119.96695432743094,0.9916718674978766,0.06671569022330882,,1,42
1,False,Accumulate,0.4494525589496441,60.421196185237754,119.17224942943606,0.9851026710493836,0.20667420305018197,100.0,1,42
2,False,Accumulate,0.13640252952433093,64.89932219356713,128.95676738231094,1.065983537328701,0.16834413043463453,200.0,1,42
3,False,Accumulate,0.20059433149167474,66.2117319466877,135.94672106238227,1.1237639524313543,0.2144044352391467,300.0,1,42
4,False,Accumulate,0.2887801148055576,66.4207529694827,133.38346029565258,1.1025755042817986,0.1917572536843141,400.0,1,42
5,False,Accumulate,0.28522115441667445,66.382132836629,132.40846862066226,1.0945160197299644,0.19976343403661173,500.0,1,42
6,False,Accumulate,0.36592599818134136,66.70943266508124,131.9540958920635,1.0907600799810913,0.2163367863813422,600.0,1,42
7,False,Accumulate,0.3405180324211631,67.89764669711089,134.09246016658017,1.1084362450999703,0.2532123008976046,700.0,1,42
8,False,Accumulate,0.4221830414898005,67.68282263299513,135.70063858078487,1.1217297833099298,0.2073891306430084,800.0,1,42
9,False,Accumulate,0.4408230161314472,67.38493227232082,136.13945754375177,1.1253571523878438,0.23454115116188978,900.0,1,42
10,False,Accumulate,0.4389501593426115,67.24338040224478,133.14453205769584,1.100600473630559,0.20855316846418964,1000.0,1,42
11,False,Accumulate,0.4047069287743026,67.23137029094462,133.00154950951043,1.0994185500635771,0.21861855038801375,1100.0,1,42
12,False,Accumulate,0.3871919856460119,67.50404590048005,135.64636564933897,1.121281151938205,0.22884314214336293,1200.0,1,42
13,False,Accumulate,0.4363523261793707,67.55711880508773,137.11323801524364,1.1334066248789239,0.2620515679902272,1300.0,1,42
14,False,Accumulate,0.46655211067785846,67.7410197672417,134.73000669512416,1.1137063376860705,0.25668022239688315,1400.0,1,42
15,False,Accumulate,0.4703771199600371,67.84392762238556,136.45973372645975,1.1280046221181685,0.25765277929732133,1500.0,1,42
16,False,Accumulate,0.5084015759745897,68.05821408497373,136.58435394258186,1.129034758818251,0.2517795182000124,1600.0,1,42
17,False,Accumulate,0.49334847841221385,68.45859533102028,136.62639054424199,1.12938224213568,0.23553848138197356,1700.0,1,42
18,False,Accumulate,0.4698348151430466,68.7857442942322,133.80447023314764,1.1060556602405085,0.2299520341971766,1800.0,1,42
19,False,Accumulate,0.45881697025072404,68.37660877992484,135.9023784930662,1.1233974075042963,0.24976719892472127,1900.0,1,42
20,False,Accumulate,0.43666426160863986,68.23879810455608,135.6566590006165,1.1213662389268797,0.24942543940440393,2000.0,1,42
21,False,Accumulate,0.43204555107876125,68.27128696785098,136.2371286853527,1.1261645224168244,0.23486063419210423,2100.0,1,42
22,False,Accumulate,0.4688763936470307,68.07661257515501,138.5110068292493,1.1449608734458423,0.2601176942379778,2200.0,1,42
23,False,Accumulate,0.4680004545800555,68.4824223174505,136.6197341699082,1.129327219157033,0.2374971984390558,2300.0,1,42
24,False,Accumulate,0.4779206726861547,68.5915168032436,135.89336706096032,1.1233229171268804,0.26195576009047344,2400.0,1,42
25,False,Accumulate,0.4548764555155764,68.50108915355754,138.46516355757416,1.1445819234000636,0.2676760404988131,2500.0,1,42
26,False,Accumulate,0.42449412609122633,68.1517666370023,134.7749872031831,1.1140781559478399,0.21508108509384266,2600.0,1,42
27,False,Accumulate,0.40907168704656904,67.95967410626254,133.20451055505612,1.1010962684002141,0.23933430525892804,2700.0,1,42
28,False,Accumulate,0.41923172315293045,67.86393519674694,137.95757225583742,1.14038606782516,0.25766183710878077,2800.0,1,42
29,False,Accumulate,0.38504118212529104,67.92969175801974,134.72047827005707,1.1136275737370016,0.22941320334134535,2900.0,1,42
30,False,Accumulate,0.4045219586195287,68.00450332193718,135.24996147101825,1.1180043923171652,0.23467847866412475,3000.0,1,42
31,False,Accumulate,0.4192432639922875,68.20686462632082,135.88158780772739,1.1232255473627089,0.1862293265166648,3100.0,1,42
32,False,Accumulate,0.4355250100374753,68.15902380568403,137.32996718235674,1.1351981533802284,0.22246224396168193,3200.0,1,42
33,False,Accumulate,0.4400663800604943,68.26316069967858,136.14762107176387,1.1254246338131624,0.2750323653275642,3300.0,1,42
34,False,Accumulate,0.4354725647836734,68.34516705023181,136.78947006604344,1.1307302914784525,0.21812236628335935,3400.0,1,42
35,False,Accumulate,0.4307765896712041,68.50495262106392,136.94352477628016,1.1320037398464116,0.23455115146482117,3500.0,1,42
36,False,Accumulate,0.42851401242421944,68.5783989514659,135.18137402314508,1.1174374341668927,0.20571594269611293,3600.0,1,42
37,False,Accumulate,0.43328693511685384,68.85754453308071,136.02137116801123,1.1243810257752014,0.2318367738331999,3700.0,1,42
38,False,Accumulate,0.4587397552069139,68.93583242899935,139.95590346781358,1.1569046904406097,0.2445200292838418,3800.0,1,42
39,False,Accumulate,0.4450845836905024,68.8675281698297,136.24722337502286,1.1262479672272152,0.22193260727320585,3900.0,1,42
40,False,Accumulate,0.4475304813405719,68.65907201587937,137.38437188811054,1.135647874025868,0.27089971375065625,4000.0,1,42
41,False,Accumulate,0.4372719575244101,68.49521392798152,134.5016824500238,1.1118189618515908,0.2275927918287774,4100.0,1,42
42,False,Accumulate,0.43746836997798316,68.48881210915894,134.75577160803647,1.113919315830318,0.2522745264676589,4200.0,1,42
43,False,Accumulate,0.43221361799085484,68.56501146388324,138.24571133131687,1.1427678855238903,0.28968658210569853,4300.0,1,42
44,False,Accumulate,0.4160199660234278,68.4267478827015,139.14494329569243,1.1502011245056203,0.25963988127238813,4400.0,1,42
45,False,Accumulate,0.41379228446290656,68.47852191730468,135.88150707296015,1.123224879992283,0.24776969481236077,4500.0,1,42
46,False,Accumulate,0.40610119508013137,68.5404640950308,137.46187088091835,1.1362884968653642,0.25281078139399416,4600.0,1,42
47,False,Accumulate,0.4128303797362449,68.56170119324183,136.99114454303498,1.132397374771065,0.28483884699728834,4700.0,1,42
48,False,Accumulate,0.4251326692048951,68.85995405733364,136.91379871821292,1.1317580180500875,0.2384967238242069,4800.0,1,42
49,False,Accumulate,0.4274718843600304,68.99445302882557,137.5353900979684,1.136896222048334,0.25977849074098863,4900.0,1,42
50,False,Accumulate,0.4261256459536527,68.78042813765748,134.26717183640505,1.109880448204569,0.20230490423281372,5000.0,1,42
51,False,Accumulate,0.4366425722945294,68.86836102232546,135.50877170941123,1.1201437717310514,0.26312703400559145,5100.0,1,42
52,False,Accumulate,0.4287272747558886,68.96488033017532,137.50961651605795,1.13668317224434,0.21096390338515086,5200.0,1,42
53,False,Accumulate,0.4155157050003373,69.0042345993019,139.76054484268295,1.1552898152968567,0.2362495337652014,5300.0,1,42
54,False,Accumulate,0.41206483914433295,69.08680337412423,137.6073461838172,1.1374910260627529,0.24070933578145173,5400.0,1,42
55,False,Accumulate,0.42188040119763054,69.1476928631231,137.97680498773002,1.140545049598599,0.22576202938295103,5500.0,1,42
56,False,Accumulate,0.4225251171096047,69.27402496023396,139.1120062877282,1.1499288603276991,0.22961351116522938,5600.0,1,42
57,False,Accumulate,0.42239665875139737,69.32631887085377,140.1420756543201,1.1584436285665638,0.2589920392538124,5700.0,1,42
58,False,Accumulate,0.408679131719798,69.40999201505132,139.02542510107844,1.1492131621795172,0.22876467339862022,5800.0,1,42
59,False,Accumulate,0.3978846078791275,69.5128426287869,140.5125230283984,1.1615058238295963,0.270662553512041,5900.0,1,42
60,False,Accumulate,0.3979299246678213,69.50148527913852,139.89630020570067,1.156411997443777,0.2599659991516779,6000.0,1,42
61,False,Accumulate,0.39230635333518216,69.503240171198,138.40470382814775,1.1440821506657732,0.23162272808342277,6100.0,1,42
62,False,Accumulate,0.3878682453369781,69.47527632718524,137.27272977230243,1.1347250170099878,0.2325292609660522,6200.0,1,42
63,False,Accumulate,0.38226595469023844,69.53527542117065,136.95039181362006,1.1320605042094083,0.2362025314262159,6300.0,1,42
64,False,Accumulate,0.38171109816681287,69.58844654684142,137.4952189985521,1.136564159361564,0.2402528629108174,6400.0,1,42
65,False,Accumulate,0.39015095880284745,69.58086682943164,140.38113071663886,1.1604197075744331,0.2484212977183778,6500.0,1,42
66,False,Accumulate,0.3886002405509756,69.6215799584269,140.32428703668688,1.1599498258593437,0.2713232924804223,6600.0,1,42
67,False,Accumulate,0.39303567566465974,69.58519382743759,139.79256644853558,1.1555545125699864,0.2628100231412483,6700.0,1,42
68,False,Accumulate,0.3855977254124183,69.5394741002801,138.1831632395084,1.1422508499505535,0.22224117905217627,6800.0,1,42
69,False,Accumulate,0.3786725595124552,69.622911874262,136.37815144323716,1.1273302459484003,0.2555411483693528,6900.0,1,42
70,False,Accumulate,0.36951758289794984,69.78256252071549,140.09423061057043,1.1580481314552822,0.24017057739287068,7000.0,1,42
71,False,Accumulate,0.3715493024193371,69.87606878141932,141.6590392813344,1.1709831663197836,0.24549439247435903,7100.0,1,42
72,False,Accumulate,0.37577012247188485,69.84601023754612,140.81589405369553,1.1640135520026402,0.24483130044487184,7200.0,1,42
73,False,Accumulate,0.37501718243143056,69.78645539112728,138.1827279508732,1.1422472517639013,0.22420521613345024,7300.0,1,42
74,False,Accumulate,0.36950073720500076,69.79216121374417,139.41273886602724,1.1524147785475223,0.26560247157437944,7400.0,1,42
75,False,Accumulate,0.3698797209203019,69.78228539289077,139.268912605754,1.1512258806804385,0.255589544856214,7500.0,1,42
76,False,Accumulate,0.36891822327996626,69.82560315073653,142.6111678730416,1.1788536598563568,0.2583968541889219,7600.0,1,42
77,False,Accumulate,0.36835129486163654,69.85229582223948,140.19592931422233,1.1588887941522557,0.22428938690648506,7700.0,1,42
78,False,Accumulate,0.3589128759352321,69.87859436849041,139.9402294349501,1.1567751256156287,0.22887401447751726,7800.0,1,42
79,False,Accumulate,0.3540666274464694,69.81152422774932,140.04696870079337,1.1576574546510499,0.23433166641679154,7900.0,1,42
80,False,Accumulate,0.3522208451543712,69.75527036187526,142.47328017408782,1.1777138513758207,0.2785845665463464,8000.0,1,42
81,False,Accumulate,0.35098046902107827,69.71143719377669,139.33598314872023,1.1517802997783502,0.22129419388702637,8100.0,1,42
82,False,Accumulate,0.3489840174899705,69.7838019533625,138.80604752092944,1.1473997413436448,0.24519515757351207,8200.0,1,42
83,False,Accumulate,0.35678322563478926,69.71560398988535,138.55830223249842,1.145351827114101,0.24489512596961638,8300.0,1,42
84,False,Accumulate,0.3550591815404318,69.70421782434725,138.6100144591757,1.1457792911660893,0.24398249488786716,8400.0,1,42
85,False,Accumulate,0.35018692406104257,69.72506962305654,138.06854758562216,1.141303413048691,0.23319024572217487,8500.0,1,42
86,False,Accumulate,0.34661273188209024,69.63073296667311,142.16386056307599,1.175156124331629,0.24707254189609013,8600.0,1,42
87,False,Accumulate,0.3451985913890371,69.54456968337074,137.49948896497634,1.1365994557946677,0.24686026645678977,8700.0,1,42
88,False,Accumulate,0.3461782172650778,69.54759889377148,137.4551742059027,1.1362331407528743,0.22542520660505314,8800.0,1,42
89,False,Accumulate,0.34235267038613376,69.61191883665322,138.99698901099725,1.1489781035276307,0.23595417787951667,8900.0,1,42
90,False,Accumulate,0.34009729999742216,69.59620283539647,140.01992956341078,1.15743394350155,0.2600880844949891,9000.0,1,42
91,False,Accumulate,0.33700248894985035,69.55298107961372,139.5867536329157,1.1538532209070864,0.24989653881480173,9100.0,1,42
92,False,Accumulate,0.32305286581019627,69.5745159162384,139.41861977448036,1.1524633913634514,0.27953177677362406,9200.0,1,42
93,False,Accumulate,0.3246811106970032,69.50720056103424,139.31269166330483,1.1515877675017063,0.2398959142644279,9300.0,1,42
94,False,Accumulate,0.326676258741033,69.54945920031734,140.25931240139548,1.1594127319714422,0.2256627437954356,9400.0,1,42
95,False,Accumulate,0.32629674129764336,69.60331833653677,137.6446656255448,1.1377995163522618,0.2348644368322748,9500.0,1,42
96,False,Accumulate,0.32241515996468045,69.60556856997634,141.42780456459926,1.1690717319196968,0.2553016138981034,9600.0,1,42
97,False,Accumulate,0.3159662385842029,69.657987703126,139.93804390582235,1.156757059575995,0.24861854337721676,9700.0,1,42
98,False,Accumulate,0.31446978707333784,69.68489060560249,138.4798139630397,1.1447030267074625,0.24669915219415955,9800.0,1,42
99,False,Accumulate,0.31184913319722324,69.70584386023607,138.28141584945246,1.1430630265181427,0.25398944183511074,9900.0,1,42
100,False,Accumulate,0.31575975399951106,69.73418506314351,140.1633699719606,1.1586196518378058,0.2426643993886572,10000.0,1,42
101,False,Accumulate,0.3146406568416408,69.77455775384125,137.44930030468592,1.1361845858602224,0.21036858631592342,10100.0,1,42
102,False,Accumulate,0.31914231644326985,69.69840788609439,140.37786416800392,1.1603927056020713,0.21637193240268154,10200.0,1,42
103,False,Accumulate,0.31532824184500513,69.64205323057348,139.31963182298347,1.151645136309207,0.202524274121949,10300.0,1,42
104,False,Accumulate,0.31740647346879897,69.65005556982672,138.00879784295597,1.1408095092130517,0.19041059591959741,10400.0,1,42
105,False,Accumulate,0.31777463501004943,69.68271397456414,139.0796147089672,1.1496611047813388,0.24865209790907195,10500.0,1,42
106,False,Accumulate,0.31807632473856534,69.63561987754345,141.049281740998,1.1659427833065088,0.2365222921564321,10600.0,1,42
107,False,Accumulate,0.31518607829841777,69.74468119311773,140.01747857796252,1.1574136831446016,0.2518911065333114,10700.0,1,42
108,False,Accumulate,0.31064395267816663,69.76703981895562,138.8964251121692,1.1481468213640318,0.24520274102368061,10800.0,1,42
109,False,Accumulate,0.3094146018259558,69.77157748842346,138.66363541207306,1.1462225331471405,0.250785903382276,10900.0,1,42
110,False,Accumulate,0.30880273894006016,69.77084691407487,137.51600873903763,1.136736011692797,0.25961457043146285,11000.0,1,42
111,False,Accumulate,0.3107185518277186,69.7158013059415,139.63581013034545,1.154258732147176,0.22646483961616543,11100.0,1,42
112,False,Accumulate,0.31969711163021824,69.71453946430316,139.38912583871013,1.1522195883384507,0.2530715221035438,11200.0,1,42
113,False,Accumulate,0.32378853994009493,69.68819401224053,138.95573222005657,1.1486370662882635,0.24278724414752406,11300.0,1,42
114,False,Accumulate,0.3193402461187739,69.72008029872414,139.99452483632246,1.157223942728452,0.24769681644044417,11400.0,1,42
115,False,Accumulate,0.32096911559644586,69.67723000490776,142.50466777626346,1.1779733078423142,0.24275700975484982,11500.0,1,42
116,False,Accumulate,0.31830851085187645,69.69742709362944,138.0001652585649,1.1407381504698675,0.21012974466101553,11600.0,1,42
117,False,Accumulate,0.3170712918222306,69.71499778015456,141.95582905731575,1.1734364925132486,0.26656025666804206,11700.0,1,42
118,False,Accumulate,0.31739070487628007,69.69883030269581,140.82697833052381,1.1641051769468909,0.23878320648226387,11800.0,1,42
119,False,Accumulate,0.31633196578907946,69.70499070285831,140.9395732940173,1.1650359104004857,0.2397306868896496,11900.0,1,42
120,False,Accumulate,0.32214479923274375,69.73653475101067,139.39529962185878,1.1522706221177017,0.23738149692250915,12000.0,1,42
121,False,Accumulate,0.3201382309818173,69.71560472697139,139.47913892992514,1.1529636553256049,0.2262124694185253,12100.0,1,42
122,False,Accumulate,0.31483137838934044,69.689377204038,141.63989089580653,1.170824881770989,0.29171282309344226,12200.0,1,42
123,False,Accumulate,0.31243735144372137,69.67545564947098,139.85152371426503,1.1560418656259699,0.22476648082837736,12300.0,1,42
124,False,Accumulate,0.3188930484515166,69.70341313417097,139.1366619062438,1.1501326688130837,0.254508603814017,12400.0,1,42
125,False,Accumulate,0.31806180896900527,69.70668704807764,139.45033060624274,1.152725519713129,0.26655511036760815,12500.0,1,42
126,False,Accumulate,0.3166217370900724,69.74297533683747,139.86433414128894,1.1561477592877825,0.24065980300502948,12600.0,1,42
127,False,Accumulate,0.3174799894453943,69.71774296125676,137.54744269830903,1.1369958513567133,0.25266456489123923,12700.0,1,42
128,False,Accumulate,0.3186472894830579,69.69684405685751,139.09930556078388,1.1498238734696258,0.21138819362324923,12800.0,1,42
129,False,Accumulate,0.31571367918287824,69.74897424370894,138.34172606889527,1.1435615633717233,0.23729584536844167,12900.0,1,42
130,False,Accumulate,0.31552753718270854,69.66489297959963,140.38173322267136,1.1604246880149702,0.2646171059858278,13000.0,1,42
131,False,Accumulate,0.31467572044551717,69.60818228942647,137.5564314486936,1.1370701542422896,0.22274867032471807,13100.0,1,42
132,False,Accumulate,0.31866321972200473,69.60071654888829,139.10337718881465,1.149857530396199,0.24844514666626527,13200.0,1,42
133,False,Accumulate,0.32072510407548,69.59566140354438,137.20069347206595,1.1341295499267097,0.23601318882425093,13300.0,1,42
134,False,Accumulate,0.31726766141665547,69.58327227605771,137.27197768434834,1.1347188000940869,0.2408417476428436,13400.0,1,42
135,False,Accumulate,0.3225201296495879,69.60588944315028,138.27989468897056,1.1430504522883116,0.19723649114148947,13500.0,1,42
136,False,Accumulate,0.3206010210588578,69.63719022061305,138.654897274034,1.1461503018754855,0.24159801224692712,13600.0,1,42
137,False,Accumulate,0.3246644765078018,69.69348415288967,138.25538238509614,1.142847828471644,0.21088920706537131,13700.0,1,42
138,False,Accumulate,0.32359582576813156,69.65377111925093,141.01033594701175,1.1656208492500009,0.24692102855180692,13800.0,1,42
139,False,Accumulate,0.32538113360699455,69.63290474490329,139.70761119071716,1.1548522546886653,0.25063049987604413,13900.0,1,42
140,False,Accumulate,0.3258834952337888,69.63464352221366,137.33399388023437,1.1352314389047844,0.21883712514236858,14000.0,1,42
141,False,Accumulate,0.32479640586697145,69.66543306544291,139.95559555140613,1.1569021451393597,0.2566517265900726,14100.0,1,42
142,False,Accumulate,0.3223132581467084,69.64330369396185,139.96672028794353,1.156994104532005,0.24548744276066017,14200.0,1,42
143,False,Accumulate,0.3217032664419005,69.65785695539381,140.0159862782359,1.1574013474837934,0.2432973636458533,14300.0,1,42
144,False,Accumulate,0.31593772395559905,69.71662689590667,140.70436782676651,1.163091652948407,0.22253935899019645,14400.0,1,42
145,False,Accumulate,0.31830804397794,69.75200643855516,138.63004954573117,1.1459449053705288,0.2157552197874923,14500.0,1,42
146,False,Accumulate,0.3166290142308941,69.8016578288667,138.6368372733756,1.14600101414304,0.24538754458224665,14600.0,1,42
147,False,Accumulate,0.31460741082791144,69.80976040275605,138.77811697551795,1.1471688616294458,0.24891175140225208,14700.0,1,42
148,False,Accumulate,0.31506133609361076,69.84022027623155,139.74230316772199,1.1551390258067322,0.22577921130665835,14800.0,1,42
149,False,Accumulate,0.3128967790797237,69.86589767469798,139.49079910234525,1.1530600407429392,0.22894065398631305,14900.0,1,42
150,False,Accumulate,0.3173624695495525,69.86664903492479,138.93992435219832,1.1485063951552998,0.24341484619706769,15000.0,1,42
151,False,Accumulate,0.3171435051109364,69.88058119437657,139.39753854938277,1.1522891295596165,0.271985422121434,15100.0,1,42
152,False,Accumulate,0.3122307145709593,69.87687859939459,140.51137254938388,1.1614963137300924,0.2602390613564383,15200.0,1,42
153,False,Accumulate,0.3099576301050924,69.89507561611514,139.069191086095,1.14957494094049,0.24009147104813242,15300.0,1,42
154,False,Accumulate,0.3113997031195676,69.89541715812528,141.69112193262688,1.1712483682072523,0.2271395154601581,15400.0,1,42
155,False,Accumulate,0.3130174298254968,69.92915959370272,141.6840071417624,1.1711895558619445,0.252126298484136,15500.0,1,42
156,False,Accumulate,0.31283831564069836,69.95814671376017,140.45375140111832,1.1610200052997566,0.23685338063183428,15600.0,1,42
157,False,Accumulate,0.3117585383015971,69.96408554804896,138.71102399390455,1.1466142570489963,0.2301002283880634,15700.0,1,42
158,False,Accumulate,0.3153941512374536,69.9826024632637,139.52574162969532,1.1533488829624206,0.25666203907648294,15800.0,1,42
159,False,Accumulate,0.3195749036018351,69.94347243064426,139.2846556355051,1.1513560158480842,0.2464458868741291,15900.0,1,42
160,False,Accumulate,0.3211992386189329,69.92463380824933,140.23801877766576,1.1592367144362115,0.24445101770660677,16000.0,1,42
161,False,Accumulate,0.3234315553507583,69.95639070876706,138.8989215115505,1.148167457122023,0.22585803478655442,16100.0,1,42
162,False,Accumulate,0.32208318122501595,69.93138084734701,140.87336118342725,1.1644885872836497,0.23630197074135034,16200.0,1,42
163,False,Accumulate,0.32235459339531014,69.95962885812007,138.31969377512675,1.143379439835878,0.19985496626873311,16300.0,1,42
164,False,Accumulate,0.324822375140086,69.9645774899302,140.99816157601984,1.1655202133600189,0.24624230800778535,16400.0,1,42
165,False,Accumulate,0.3189758635427836,69.95334240509362,140.2466164131161,1.159307784284162,0.26324335703265117,16500.0,1,42
166,False,Accumulate,0.318418541906246,70.00503662481391,138.60773259527835,1.1457604288031566,0.22694887424145327,16600.0,1,42
167,False,Accumulate,0.32457026572560926,69.97299150154902,141.64659956239177,1.170880337008294,0.280921668272564,16700.0,1,42
168,False,Accumulate,0.3211584221084409,70.01901005624516,138.06647171631778,1.1412862534800308,0.26503060609067314,16800.0,1,42
169,False,Accumulate,0.3196794630728566,69.99186906105885,138.9080175418431,1.148242646805696,0.2779444029611762,16900.0,1,42
170,False,Accumulate,0.31637521328255935,70.00015571573994,142.34256829759676,1.1766333597405136,0.2746637858741275,17000.0,1,42
171,False,Accumulate,0.31502753934727745,69.98794786836274,140.3764015342328,1.1603806151662392,0.22959345349061464,17100.0,1,42
172,False,Accumulate,0.313325004472204,70.00716339580097,139.47455628157473,1.1529257741984793,0.21069363456708284,17200.0,1,42
173,False,Accumulate,0.30989259352788706,69.99271187256716,141.10000392519424,1.1663620634608434,0.30631350588380124,17300.0,1,42
174,False,Accumulate,0.313390848744333,69.99995470878136,142.33935210236797,1.17660677399991,0.2659638011493068,17400.0,1,42
175,False,Accumulate,0.31613536653776475,69.98073455988663,141.29116374646998,1.167942230416134,0.23359398679589322,17500.0,1,42
176,False,Accumulate,0.3207272373141176,69.9911143074637,139.17284309697126,1.1504317500824062,0.2278681719750194,17600.0,1,42
177,False,Accumulate,0.31837817494868276,69.95812133505943,140.80954131078562,1.1639610389046748,0.2644637187334796,17700.0,1,42
178,False,Accumulate,0.3194043313195768,69.95554915582754,137.78539419155217,1.1389628080324183,0.23152356054838769,17800.0,1,42
179,False,Accumulate,0.32209479286243214,69.95921278928682,139.98723401236003,1.157163675256839,0.23411320527108292,17900.0,1,42
180,False,Accumulate,0.322558937154894,69.96069630670922,137.56571403998774,1.1371468860781149,0.2635010591242418,18000.0,1,42
181,False,Accumulate,0.3260531234179938,69.97611698117494,139.02260968700512,1.1491898893795407,0.240240262550861,18100.0,1,42
182,False,Accumulate,0.32872342680757094,69.97829660793121,143.75588472145995,1.1883161280934764,0.2703359368874882,18200.0,1,42
183,False,Accumulate,0.32949102871843605,69.97097702298846,139.2940441596515,1.1514336233469618,0.2241772963678666,18300.0,1,42
184,False,Accumulate,0.3248962437971811,69.95116834579096,138.22982774191945,1.1426365884608898,0.22974998114327727,18400.0,1,42
185,False,Accumulate,0.3274683766566656,69.93688082602517,139.5025791076332,1.1531574167237544,0.24178827071009895,18500.0,1,42
186,False,Accumulate,0.3278925235306433,69.92184876584332,146.05262687219818,1.2073014777720827,0.27529761905822775,18600.0,1,42
187,False,Accumulate,0.3315783322450737,69.93625545864434,139.50096086688913,1.153144040008227,0.26987014407370313,18700.0,1,42
188,False,Accumulate,0.32908748779004104,69.9407337809831,142.13310799385118,1.174901917179964,0.248070770022906,18800.0,1,42
189,False,Accumulate,0.3316002453759445,69.9019250817411,137.5312319663637,1.1368618500651755,0.25044723376015693,18900.0,1,42
190,False,Accumulate,0.3305959879265888,69.92895466387496,138.283320857534,1.1430787737122963,0.23654760905871092,19000.0,1,42
191,False,Accumulate,0.33010864612402435,69.93212471475623,136.25810037860936,1.1263378788076157,0.24294390784498338,19100.0,1,42
192,False,Accumulate,0.3280269102723799,69.90387470655098,140.59976999858193,1.1622270254833393,0.22512265899725611,19200.0,1,42
193,False,Accumulate,0.3274253114106569,69.9001189570399,135.81749825611828,1.1226957697611386,0.23482743856909843,19300.0,1,42
194,False,Accumulate,0.3267462572382441,69.86227511216867,138.9608220870577,1.1486791401905527,0.26096854344680886,19400.0,1,42
195,False,Accumulate,0.3281299319601943,69.88755228704197,139.907866900084,1.1565076101521614,0.28456965417391566,19500.0,1,42
196,False,Accumulate,0.32539068947078004,69.83886008414359,140.32678050982582,1.1599704374284054,0.2634693680032175,19600.0,1,42
197,False,Accumulate,0.3257380719502519,69.8044860205921,142.0512098424124,1.174224929977636,0.2769789395610605,19700.0,1,42
198,False,Accumulate,0.3250474070071229,69.80825845203758,140.40944410256685,1.1606537519281954,0.2295362388384657,19800.0,1,42
199,False,Accumulate,0.3249169415614494,69.77646388159712,140.8290578513183,1.1641223666995302,0.24934163684071414,19900.0,1,42
200,False,Accumulate,0.32623884334924236,69.78939247779542,137.73112298656434,1.1385141909319563,0.2904565358909176,20000.0,1,42
0,True,Accumulate + Select,0.0,60.126378898667156,118.82596254282717,0.982240191415232,0.05881863853380864,,1,42
1,True,Accumulate + Select,5.154636974746802,35.5308022093358,70.02380604754248,0.5788313865412325,0.7144734296656876,100.0,1,42
2,True,Accumulate + Select,7.234035914363895,27.407329303348405,54.41024044668011,0.4497663965653436,0.9452117209868376,200.0,1,42
3,True,Accumulate + Select,8.685521705256448,23.74118519435655,47.06344480023775,0.3890362513376183,1.0069244549139893,300.0,1,42
4,True,Accumulate + Select,9.879211348973058,21.171342377851612,42.30481442213268,0.3497004200643844,1.1634483611931554,400.0,1,42
5,True,Accumulate + Select,11.374471117505689,19.64653259763335,39.523966965532296,0.3267133549515455,1.210736297176617,500.0,1,42
6,True,Accumulate + Select,12.812989630727987,18.412923213212643,36.80714619106579,0.30425554774808145,1.2444233917708845,600.0,1,42
7,True,Accumulate + Select,14.411477346670289,17.47024685818358,35.08229918967013,0.28999760266135655,1.351730239183059,700.0,1,42
8,True,Accumulate + Select,15.475094697050121,16.495494794258164,32.91002654691039,0.27204114389788236,1.4918609969089922,800.0,1,42
9,True,Accumulate + Select,16.507705570667312,15.587633548136989,30.754575983625465,0.25422373995214126,1.3219444167022794,900.0,1,42
10,True,Accumulate + Select,17.32557242465749,14.774712435166489,29.723679007194765,0.24570213051772394,1.3980966100836683,1000.0,1,42
11,True,Accumulate + Select,18.024192772822477,14.03848168508161,27.82740079310453,0.23002709926928605,1.4740416694788032,1100.0,1,42
12,True,Accumulate + Select,18.784291991783796,13.457427769718198,26.905586679518564,0.2224071915319378,1.5651367457574383,1200.0,1,42
13,True,Accumulate + Select,19.443426254576107,12.915362963096866,25.682314108276664,0.21229536530459642,1.4111780970022036,1300.0,1,42
14,True,Accumulate + Select,19.792800932871994,12.352309393092826,24.67144165374588,0.203939282744972,1.6287352675490956,1400.0,1,42
15,True,Accumulate + Select,20.340953760361845,11.919579993518417,24.334743237912278,0.20115606341023776,1.5196848668689247,1500.0,1,42
16,True,Accumulate + Select,20.708110903924503,11.486820737054584,22.925185223773724,0.18950436285599803,1.6403644221071338,1600.0,1,42
17,True,Accumulate + Select,21.036915462082632,11.085447458567085,22.310651381309707,0.1844244979330824,1.6517075284855736,1700.0,1,42
18,True,Accumulate + Select,21.34755473611886,10.698094240342945,21.21094869924633,0.17533412618422778,1.6288772931956246,1800.0,1,42
19,True,Accumulate + Select,21.592160235082346,10.374618112880663,20.809817550237113,0.17201829243751254,1.5736333464739864,1900.0,1,42
20,True,Accumulate + Select,21.850596916121827,10.071243706095748,20.37134516162557,0.16839378821550913,1.73149500302228,2000.0,1,42
21,True,Accumulate + Select,22.07118322549082,9.771978936540632,19.57258186666626,0.16179104421119678,1.717898611359405,2100.0,1,42
22,True,Accumulate + Select,22.26190453009149,9.497728065632353,18.55654430069267,0.15339226576303344,1.5436276333475094,2200.0,1,42
23,True,Accumulate + Select,22.475368318114125,9.241556959884019,18.70139163528578,0.15458960404342348,1.6866206831102444,2300.0,1,42
24,True,Accumulate + Select,22.624539179372068,9.007139294713605,18.310021992883744,0.1513544609464043,1.6607642395602138,2400.0,1,42
25,True,Accumulate + Select,22.761006731954136,8.780290466006852,17.46432345031588,0.14436374039548053,1.7194785978519356,2500.0,1,42
26,True,Accumulate + Select,22.902346976850193,8.572736894404544,17.29252909738713,0.1429436524408471,1.5429930702960886,2600.0,1,42
27,True,Accumulate + Select,22.99856626333235,8.37981042770793,16.874039800924535,0.13948433262667356,1.7118769423958344,2700.0,1,42
28,True,Accumulate + Select,23.136556413282978,8.194615812348006,16.43544078221973,0.13585878165390639,1.7692246258470379,2800.0,1,42
29,True,Accumulate + Select,23.295757081136028,8.016802111596903,16.011861987626766,0.13235739098660615,1.702249604011623,2900.0,1,42
30,True,Accumulate + Select,23.341969813654092,7.847181104104989,15.66018544934423,0.12945035936753227,1.7895600679439707,3000.0,1,42
31,True,Accumulate + Select,23.454907688183532,7.689695153125001,15.296078423842918,0.12644057474832385,1.7828087890167645,3100.0,1,42
32,True,Accumulate + Select,23.53757084094208,7.542953651034975,15.258033910527615,0.12612609086583348,1.8565592842443805,3200.0,1,42
33,True,Accumulate + Select,23.606586795901954,7.399037527145575,14.776991103614959,0.12214969068670167,1.7301754618418852,3300.0,1,42
34,True,Accumulate + Select,23.693437101904593,7.256607864683021,14.374134199677494,0.11881959148978698,1.7302312938796374,3400.0,1,42
35,True,Accumulate + Select,23.734256460984707,7.124438887469886,14.215637479513454,0.11750942454124236,1.8421480331095692,3500.0,1,42
36,True,Accumulate + Select,23.820833726337575,7.001324704809373,14.147195336283916,0.11694366750946221,1.9214368509835402,3600.0,1,42
37,True,Accumulate + Select,23.908117413658932,6.8815861506292855,13.874698174594217,0.11469114913275032,1.7630619717840066,3700.0,1,42
38,True,Accumulate + Select,23.992294743141855,6.7623070292155205,13.417082186974708,0.11090839992832412,1.7079215382968318,3800.0,1,42
39,True,Accumulate + Select,24.063879399927067,6.657519803436234,13.27833415889088,0.1097614797877494,1.792551214545134,3900.0,1,42
40,True,Accumulate + Select,24.154602886728462,6.5570935995573585,13.120037637646892,0.10845296772523595,1.8446023783135779,4000.0,1,42
41,True,Accumulate + Select,24.188965272131803,6.454993471995738,12.949088192948178,0.10703986395826522,1.7792128806954786,4100.0,1,42
42,True,Accumulate + Select,24.25114657596653,6.357448839724806,12.55676179753745,0.10379681214131409,1.9908835671803096,4200.0,1,42
43,True,Accumulate + Select,24.328155184000828,6.2627955026842494,12.514676871323095,0.10344892936304008,1.7654880223844167,4300.0,1,42
44,True,Accumulate + Select,24.358160049171303,6.1731688573935966,12.416402905916158,0.10263657626674048,1.8063967607870595,4400.0,1,42
45,True,Accumulate + Select,24.419194660874858,6.09066951861887,12.283587872777737,0.10153869949990442,1.9978953047905381,4500.0,1,42
46,True,Accumulate + Select,24.460849375507827,6.006605381192336,12.164680212590998,0.1005557839787239,1.8407030123338628,4600.0,1,42
47,True,Accumulate + Select,24.526900643775356,5.928785047393063,11.632274882446598,0.0961548104692264,1.8434587399823767,4700.0,1,42
48,True,Accumulate + Select,24.581570508310755,5.848762173321462,11.784847401955679,0.09741600673947155,1.8904393851897119,4800.0,1,42
49,True,Accumulate + Select,24.622594375290937,5.770444118003745,11.63235580705847,0.0961554794089476,1.7272870537132616,4900.0,1,42
50,True,Accumulate + Select,24.652103415169247,5.696276381016984,11.678137284780377,0.09653391865301962,1.7256616141548076,5000.0,1,42
51,True,Accumulate + Select,24.694310494455095,5.625611907584983,11.19585802536182,0.09254729769957148,1.9898319550282864,5100.0,1,42
52,True,Accumulate + Select,24.73728851834631,5.556099406571029,11.195881768900989,0.09254749396861874,1.9012952285331985,5200.0,1,42
53,True,Accumulate + Select,24.76787596107325,5.487301669204227,10.780061851498388,0.08911023979854131,1.811716444831502,5300.0,1,42
54,True,Accumulate + Select,24.79322966287192,5.420671006615459,10.835417440141361,0.08956782064048047,1.8047777412088326,5400.0,1,42
55,True,Accumulate + Select,24.83198418469413,5.3575344721641835,10.76920876752942,0.08902052594268862,1.771894425731179,5500.0,1,42
56,True,Accumulate + Select,24.868260320364367,5.294073602654278,10.655540071091842,0.0880809167886157,1.887633884219579,5600.0,1,42
57,True,Accumulate + Select,24.896259709850888,5.235835090404963,10.457873555207025,0.08644696413850265,1.7867957297558534,5700.0,1,42
58,True,Accumulate + Select,24.920028479858555,5.17673612030325,10.307881607080912,0.08520709940957158,1.8043764962862956,5800.0,1,42
59,True,Accumulate + Select,24.954857385394583,5.120526835170168,10.261520374411159,0.08482386779017383,1.9457539149470928,5900.0,1,42
60,True,Accumulate + Select,24.994754717384218,5.06672709179386,10.068634155507226,0.08322943007199188,1.745355697038943,6000.0,1,42
61,True,Accumulate + Select,25.02227216990083,5.015647476428351,9.958061444221562,0.08231541297695352,1.930965320962131,6100.0,1,42
62,True,Accumulate + Select,25.049144951485324,4.963547927795615,10.048158653401524,0.0830601753007513,1.8436718823668783,6200.0,1,42
63,True,Accumulate + Select,25.083404669677176,4.911885584628441,9.741756991479592,0.08052739525322868,2.0965145142615875,6300.0,1,42
64,True,Accumulate + Select,25.123084870073694,4.861171978250368,9.800766098258592,0.08101517683814077,1.8355503270084639,6400.0,1,42
65,True,Accumulate + Select,25.13202483765157,4.813977650826911,9.58035844720818,0.0791932412213423,1.8096382682793313,6500.0,1,42
66,True,Accumulate + Select,25.163007485364602,4.765912624958595,9.612621936893818,0.07945993795668853,1.7636496985056347,6600.0,1,42
67,True,Accumulate + Select,25.186818787611696,4.720207139695425,9.332571224663509,0.07714498035566823,1.9236180691226972,6700.0,1,42
68,True,Accumulate + Select,25.202501489354425,4.675205759530458,9.400178873944238,0.07770383928640656,1.995616504941156,6800.0,1,42
69,True,Accumulate + Select,25.218208040652513,4.631675259050155,9.387688364798233,0.07760059013250196,1.888406488609577,6900.0,1,42
70,True,Accumulate + Select,25.23892741304887,4.588443707021628,9.189097276763277,0.07595899477614616,1.9136660312709597,7000.0,1,42
71,True,Accumulate + Select,25.25156681021286,4.543483130768691,9.098006784718018,0.07520602176900225,1.9156704488513516,7100.0,1,42
72,True,Accumulate + Select,25.258182024043926,4.499697888095005,8.88749698853002,0.07346590388501745,2.009117962708618,7200.0,1,42
73,True,Accumulate + Select,25.277057164303287,4.460370416862753,8.940013909009393,0.0739000197038193,1.8227022056636208,7300.0,1,42
74,True,Accumulate + Select,25.298383084555105,4.420803398892236,8.904714861936183,0.07360823041794276,1.9124886582788103,7400.0,1,42
75,True,Accumulate + Select,25.32437546506869,4.3844429057879015,8.803954494854931,0.072775324206783,1.9679325283886087,7500.0,1,42
76,True,Accumulate + Select,25.342954135270496,4.348966466894689,8.668006570250538,0.07165155030562234,1.9663048720189313,7600.0,1,42
77,True,Accumulate + Select,25.371724627114645,4.314600168396808,8.68452065903154,0.07178805920803878,1.8690277820943484,7700.0,1,42
78,True,Accumulate + Select,25.371536937604947,4.279573178995445,8.525276723921081,0.07047171562489099,1.833403485948307,7800.0,1,42
79,True,Accumulate + Select,25.396606421043778,4.2456878020911475,8.607486360191817,0.07115127762581011,1.8709888866956645,7900.0,1,42
80,True,Accumulate + Select,25.40792972046754,4.211696942594264,8.450271484398133,0.06985170667020137,1.7973339714845824,8000.0,1,42
81,True,Accumulate + Select,25.42059810786398,4.1785366755995,8.211811989122085,0.06788055074373196,1.9102329774132634,8100.0,1,42
82,True,Accumulate + Select,25.43575724955888,4.146152345071877,8.360988724976446,0.06911367675798559,1.9566826297715638,8200.0,1,42
83,True,Accumulate + Select,25.449320542837537,4.113725137176155,8.219815028547657,0.06794670553691906,1.9379126847302168,8300.0,1,42
84,True,Accumulate + Select,25.461852820945424,4.081921122357702,8.123230253912809,0.06714831564387748,1.939286454834808,8400.0,1,42
85,True,Accumulate + Select,25.477399670885326,4.051409080687155,8.122405883181337,0.06714150122346169,1.8867873898675822,8500.0,1,42
86,True,Accumulate + Select,25.485720127155126,4.019565204430223,7.989698095271075,0.06604451096805107,2.0650118563306625,8600.0,1,42
87,True,Accumulate + Select,25.500348104575814,3.989285874380947,7.919304337446497,0.06546262148295534,1.8038985041500601,8700.0,1,42
88,True,Accumulate + Select,25.513410853615643,3.9603458028357394,7.915968933914892,0.06543505034165573,1.8912376334227141,8800.0,1,42
89,True,Accumulate + Select,25.525794155790177,3.931968070359302,7.791812228006153,0.0644087451136772,2.043370848851816,8900.0,1,42
90,True,Accumulate + Select,25.52913416047483,3.904747086114031,7.727131125705236,0.06387407763070097,1.8937089663738838,9000.0,1,42
91,True,Accumulate + Select,25.537547934662957,3.8776300655554463,7.715493019690458,0.06377787461887562,1.870781952382755,9100.0,1,42
92,True,Accumulate + Select,25.553104346021662,3.8508760591855915,7.67821906775609,0.06346976035748582,1.833396307939145,9200.0,1,42
93,True,Accumulate + Select,25.562227466545423,3.823870461016247,7.599670892582427,0.06282046475771241,1.940108563104796,9300.0,1,42
94,True,Accumulate + Select,25.573477556426432,3.7989076168271136,7.595541216069965,0.06278632799028147,1.8754105798187435,9400.0,1,42
95,True,Accumulate + Select,25.5865456968342,3.7734010021185083,7.500799631571815,0.06200317429136735,1.9545571157034922,9500.0,1,42
96,True,Accumulate + Select,25.606376864416887,3.7478932236953373,7.501854222519052,0.0620118917601066,1.9745792769686208,9600.0,1,42
97,True,Accumulate + Select,25.614402430975918,3.722257999722222,7.396466160393011,0.06114073205644964,1.9590008232115146,9700.0,1,42
98,True,Accumulate + Select,25.628402385471215,3.696819902791947,7.371848423635627,0.0609372367095799,1.9257466250931459,9800.0,1,42
99,True,Accumulate + Select,25.63795408126482,3.6729949721663226,7.34528506670358,0.06071765846052376,1.8369972257725893,9900.0,1,42
100,True,Accumulate + Select,25.6497060913826,3.6497146799765483,7.213193226104539,0.05962575975406363,2.0098848901466555,10000.0,1,42
101,True,Accumulate + Select,25.654170887330984,3.6254437992900845,7.3080168600723034,0.06040959169100768,1.8217957254294368,10100.0,1,42
102,True,Accumulate + Select,25.665502568622482,3.602395402891261,7.233626128785039,0.059794662389569986,1.9000289251922822,10200.0,1,42
103,True,Accumulate + Select,25.676452707771137,3.5810167679033533,7.285823249712711,0.06022613467857284,1.9771026049265894,10300.0,1,42
104,True,Accumulate + Select,25.684128562952008,3.5586984769843095,7.136951183094567,0.058995527123774504,1.8317294646845577,10400.0,1,42
105,True,Accumulate + Select,25.696473891677037,3.535900220288,7.153597849126848,0.05913313193740335,1.8979203545426824,10500.0,1,42
106,True,Accumulate + Select,25.713718296612885,3.514149462394319,7.058768988264116,0.058349256793855254,1.8972382279578033,10600.0,1,42
107,True,Accumulate + Select,25.721664710072684,3.492450527493355,6.9956153848675875,0.057827215935432504,2.0104437432832913,10700.0,1,42
108,True,Accumulate + Select,25.730439676781963,3.470107109169951,6.817380802770356,0.05635389170317223,1.9186497406518606,10800.0,1,42
109,True,Accumulate + Select,25.73619627355531,3.4497295238054875,6.995290552471973,0.05782453080309594,1.9561927602321356,10900.0,1,42
110,True,Accumulate + Select,25.74519505039135,3.428992321004049,6.963662487308902,0.0575630866193918,1.9059015833085329,11000.0,1,42
111,True,Accumulate + Select,25.756510258110165,3.4082342181808514,6.807163951483357,0.0562694370793758,2.0481278425340443,11100.0,1,42
112,True,Accumulate + Select,25.772148444851805,3.3883033254550976,6.763617028677919,0.05590946913233274,2.1497222840152825,11200.0,1,42
113,True,Accumulate + Select,25.781941121609925,3.3687762411549684,6.924305678447814,0.057237755028197876,2.009687259379601,11300.0,1,42
114,True,Accumulate + Select,25.78801375190732,3.350250233979715,6.695000370150219,0.05534226952069711,1.9083150047560078,11400.0,1,42
115,True,Accumulate + Select,25.791632917232103,3.331674515101384,6.681528455699317,0.0552309078658381,2.0795145223762543,11500.0,1,42
116,True,Accumulate + Select,25.79762348472232,3.3140039494527236,6.692001095604377,0.05531747689170449,2.000531299014821,11600.0,1,42
117,True,Accumulate + Select,25.806163814408748,3.2944034981463446,6.594867714574675,0.05451455210377326,2.0549598512920624,11700.0,1,42
118,True,Accumulate + Select,25.815848951732285,3.275754096215262,6.540996916121336,0.05406924484724313,2.0026001080365137,11800.0,1,42
119,True,Accumulate + Select,25.82427860658784,3.2572546013450037,6.655771911160835,0.05501799889631425,1.9162025053992293,11900.0,1,42
120,True,Accumulate + Select,25.831014611245198,3.2403616477063517,6.493458173707959,0.05367627968669646,2.04405830063726,12000.0,1,42
121,True,Accumulate + Select,25.84126326245915,3.222651974274319,6.489400324811545,0.05364273666132175,1.8485911367553216,12100.0,1,42
122,True,Accumulate + Select,25.846997087991294,3.205104073390031,6.44432670583845,0.05327014872531448,1.895281815641549,12200.0,1,42
123,True,Accumulate + Select,25.85307303186347,3.187861822711242,6.41189989972348,0.05300210198229842,2.007465135781797,12300.0,1,42
124,True,Accumulate + Select,25.86171765390988,3.170615434808988,6.315748836846058,0.05220729724110849,1.9770434231034608,12400.0,1,42
125,True,Accumulate + Select,25.868530988514756,3.154064947296598,6.280044251986027,0.05191215569529792,1.996507246582958,12500.0,1,42
126,True,Accumulate + Select,25.872708328369892,3.138123654057434,6.205185944109976,0.05129336130824895,2.018842045734095,12600.0,1,42
127,True,Accumulate + Select,25.8789754961148,3.1222415770946297,6.2421175896439065,0.05159864599353355,1.9768296676780928,12700.0,1,42
128,True,Accumulate + Select,25.886266121365185,3.106402430864507,6.2087986133431174,0.05132322438567028,2.116732050050876,12800.0,1,42
129,True,Accumulate + Select,25.894592622973438,3.090030569982977,6.192164602909177,0.05118572418585706,1.9350042816016493,12900.0,1,42
130,True,Accumulate + Select,25.90240816980276,3.0753714017886065,6.199874818430573,0.05124945843557424,2.0842189312719803,13000.0,1,42
131,True,Accumulate + Select,25.90569796963087,3.059909850100711,6.133012281148936,0.05069675875603785,1.9162652299457548,13100.0,1,42
132,True,Accumulate + Select,25.908352093429762,3.044442243967018,6.1700779005860875,0.05100315089755112,1.9426692239194008,13200.0,1,42
133,True,Accumulate + Select,25.916729677373763,3.0296707248642494,6.042518363268091,0.04994871715537202,2.062036814430357,13300.0,1,42
134,True,Accumulate + Select,25.92363307637494,3.0153668728764953,6.105209911797589,0.05046693857188726,1.8999673828824466,13400.0,1,42
135,True,Accumulate + Select,25.924982762883154,3.00107701918544,6.0346578452968656,0.04988374047425406,1.966593916871052,13500.0,1,42
136,True,Accumulate + Select,25.932718446841037,2.9871123748196915,5.883297005888041,0.04863256020445309,1.9613312267936986,13600.0,1,42
137,True,Accumulate + Select,25.942760244705806,2.9726737286375524,5.891469555686224,0.04870011620573711,1.991599490224485,13700.0,1,42
138,True,Accumulate + Select,25.94460335602249,2.958948808648124,6.009064137410933,0.04967217754646508,2.0308153726085663,13800.0,1,42
139,True,Accumulate + Select,25.950246623687296,2.945053430079541,5.960804080038249,0.04927324984601098,1.9169688327783463,13900.0,1,42
140,True,Accumulate + Select,25.955079016339543,2.9315457685519175,5.901136417248954,0.0487800244997544,1.8773075558491295,14000.0,1,42
141,True,Accumulate + Select,25.960505398538803,2.9176312839553113,5.803650421506781,0.04797418492506058,2.0530154106806116,14100.0,1,42
142,True,Accumulate + Select,25.965108788300075,2.9041471268073002,5.723575458157166,0.04731226857576321,1.9931221640875818,14200.0,1,42
143,True,Accumulate + Select,25.965820866528542,2.8909967218240245,5.750122795296061,0.047531714401867715,1.978799858173677,14300.0,1,42
144,True,Accumulate + Select,25.970743259495407,2.8778711361639755,5.731034492331852,0.04737392650807641,2.005575398631385,14400.0,1,42
145,True,Accumulate + Select,25.97495260840983,2.8650838544316923,5.783300368872993,0.047805967145321426,2.0122348541477857,14500.0,1,42
146,True,Accumulate + Select,25.980333803947197,2.851903199485896,5.6941349057076485,0.04706890682842654,1.8793437316906663,14600.0,1,42
147,True,Accumulate + Select,25.98363992042007,2.838705245341177,5.703719399155857,0.047148134250428644,1.9759924572959542,14700.0,1,42
148,True,Accumulate + Select,25.98986265392766,2.826073739739219,5.6299633612440045,0.04653845145681815,1.9706864474582835,14800.0,1,42
149,True,Accumulate + Select,25.99593527249714,2.813802707267129,5.653912742045513,0.04673642203394915,1.9307908305787507,14900.0,1,42
150,True,Accumulate + Select,26.00108704545522,2.8019784896541777,5.6160183355650215,0.04642317896586502,2.040799294534224,15000.0,1,42
151,True,Accumulate + Select,26.0060675974091,2.7903092011893524,5.612720643475893,0.046395919555214875,1.9677349174060508,15100.0,1,42
152,True,Accumulate + Select,26.01137552614049,2.778872320684979,5.588101368460402,0.04619241149278277,1.8863847547940729,15200.0,1,42
153,True,Accumulate + Select,26.01546628122145,2.766920835464995,5.489735731641882,0.04537930062147398,1.9803897246158928,15300.0,1,42
154,True,Accumulate + Select,26.026246193616274,2.7556259225468653,5.474242500197703,0.045251230338736854,2.0267955915443543,15400.0,1,42
155,True,Accumulate + Select,26.02639942697846,2.7443475842852805,5.530641386996925,0.04571743530084947,2.064473762286328,15500.0,1,42
156,True,Accumulate + Select,26.030419730331687,2.7326319337242477,5.404571090411533,0.044675311933195884,2.0886030417770183,15600.0,1,42
157,True,Accumulate + Select,26.03634358084573,2.7208957997078,5.433591905461572,0.04491520404363852,1.9109222251378144,15700.0,1,42
158,True,Accumulate + Select,26.03759329905945,2.709431297119301,5.549679300361702,0.045874806663701466,1.8624255084654178,15800.0,1,42
159,True,Accumulate + Select,26.039583941496403,2.6985337231746778,5.427759550462478,0.044866992580687846,1.8615462200565098,15900.0,1,42
160,True,Accumulate + Select,26.043267284247072,2.687598519358389,5.288213495790027,0.04371347578587705,1.9994913086159685,16000.0,1,42
161,True,Accumulate + Select,26.045714570971818,2.6765324160672224,5.402952814034752,0.044661934923121004,1.920520942183852,16100.0,1,42
162,True,Accumulate + Select,26.047897020752263,2.6652973257732278,5.288227173182565,0.04371358884605664,2.0910622317482748,16200.0,1,42
163,True,Accumulate + Select,26.05099727179227,2.6541688659058815,5.316682205195728,0.04394880407590392,1.9794397866800306,16300.0,1,42
164,True,Accumulate + Select,26.053720815856863,2.6438758675806837,5.302583997569138,0.04383226535102078,1.9365531322050045,16400.0,1,42
165,True,Accumulate + Select,26.056997187440654,2.633122208903428,5.321814896021065,0.0439912319688565,2.0940939531300797,16500.0,1,42
166,True,Accumulate + Select,26.062474640268803,2.622289260734414,5.201095355552689,0.04299333906734115,2.0388241031072982,16600.0,1,42
167,True,Accumulate + Select,26.0696242158982,2.6118620826261285,5.221131481975748,0.043158961867542846,1.955319177632377,16700.0,1,42
168,True,Accumulate + Select,26.074369475442975,2.602162340612513,5.205412379734711,0.043029024489686166,1.9363167278272484,16800.0,1,42
169,True,Accumulate + Select,26.07728159692685,2.5923894059772494,5.251580799597582,0.043410662278204816,2.0186023040804435,16900.0,1,42
170,True,Accumulate + Select,26.08273401628399,2.58226225610322,5.113335729689785,0.04226789969482153,1.9673480646658346,17000.0,1,42
171,True,Accumulate + Select,26.086361201452263,2.5728754712671553,5.047167565196269,0.041720939845585885,1.9339960270316343,17100.0,1,42
172,True,Accumulate + Select,26.0911248841654,2.563145443017454,5.051974023209013,0.041760671030063055,1.93952649007903,17200.0,1,42
173,True,Accumulate + Select,26.090654461755324,2.5536102880914515,5.159040252534844,0.04264570281383007,1.8908993492875847,17300.0,1,42
174,True,Accumulate + Select,26.09396218544437,2.5443148202946935,5.1748277065118256,0.04277620520139307,2.0074180734999523,17400.0,1,42
175,True,Accumulate + Select,26.095983463969233,2.5347632729684375,5.0819053745299385,0.042008089823242924,1.9377581826017285,17500.0,1,42
176,True,Accumulate + Select,26.09797410550825,2.525697630992162,5.1055745162619965,0.04220374388577283,2.04306570822885,17600.0,1,42
177,True,Accumulate + Select,26.099332137729,2.5164942609605467,4.950488636970543,0.0409217716593233,2.071659086821784,17700.0,1,42
178,True,Accumulate + Select,26.101421980670718,2.507577819923225,5.041968183439936,0.041677960671487116,1.9948278095325547,17800.0,1,42
179,True,Accumulate + Select,26.10270731441365,2.4984543123408165,4.971786388847256,0.04109782331867811,2.040369849162999,17900.0,1,42
180,True,Accumulate + Select,26.111552856374736,2.4891527825381363,4.944587136878594,0.04087298862861262,1.952978728663191,18000.0,1,42
181,True,Accumulate + Select,26.11436130572537,2.4802261308430626,4.934557807238643,0.04079008409786446,2.1322721077581708,18100.0,1,42
182,True,Accumulate + Select,26.119157002773285,2.471739268489583,4.967176622579956,0.04105971802919526,2.07529341479677,18200.0,1,42
183,True,Accumulate + Select,26.12164049119576,2.4625756004622783,4.935818179889744,0.04080050260109035,1.9809497610546658,18300.0,1,42
184,True,Accumulate + Select,26.125943055840118,2.4540557553337847,4.944756242406118,0.040874386490175614,1.9912177821660355,18400.0,1,42
185,True,Accumulate + Select,26.12804887785301,2.4451646198668238,4.7997143312268165,0.03967543979913879,1.9344318393139195,18500.0,1,42
186,True,Accumulate + Select,26.130317692043565,2.4365298506727253,4.880030575500893,0.04033935062688477,1.8773536414398075,18600.0,1,42
187,True,Accumulate + Select,26.135291837838967,2.4284426035909394,4.826695416877465,0.039898471080913864,2.0046533257439076,18700.0,1,42
188,True,Accumulate + Select,26.13922414547549,2.4199942539176686,4.857064066723325,0.04014950467491373,2.056627119167901,18800.0,1,42
189,True,Accumulate + Select,26.138658443628106,2.411957702564252,4.81115028904969,0.03976997181184525,1.985909080824991,18900.0,1,42
190,True,Accumulate + Select,26.140207325628083,2.403476450402965,4.8506389319941015,0.040096393171070235,1.9284843720090485,19000.0,1,42
191,True,Accumulate + Select,26.143763860954266,2.394864839982034,4.779792225338005,0.039510759516455884,2.0003846657481614,19100.0,1,42
192,True,Accumulate + Select,26.14573166557974,2.3863830051070463,4.799169671196336,0.0396709375257202,2.1149527083863955,19200.0,1,42
193,True,Accumulate + Select,26.150352017450935,2.3784385259416982,4.774586202611108,0.03946772544670925,1.988954485112045,19300.0,1,42
194,True,Accumulate + Select,26.154591627108807,2.3705265453601303,4.807925147574528,0.039743312119702945,2.0187546930073212,19400.0,1,42
195,True,Accumulate + Select,26.15879460960123,2.362805288346567,4.697124615964087,0.038827411814340615,2.027626445994936,19500.0,1,42
196,True,Accumulate + Select,26.162475480338514,2.354899050510092,4.6589717431383155,0.0385120322095348,2.0882685163073234,19600.0,1,42
197,True,Accumulate + Select,26.164852506154617,2.347483430747875,4.712797993887048,0.038956971225446786,2.086334663454808,19700.0,1,42
198,True,Accumulate + Select,26.167554078099542,2.3398166587773837,4.625728215553269,0.03823723427649315,1.9771604005488166,19800.0,1,42
199,True,Accumulate + Select,26.17133185219273,2.332049838096515,4.6772768336742905,0.03866334590602978,2.0575565003925544,19900.0,1,42
200,True,Accumulate + Select,26.171054711443052,2.3244748196027394,4.659337462155017,0.038515055319209505,2.092041106188268,20000.0,1,42
0,False,Replace,0.0,91.02361873341025,183.52934127515624,1.0036043139035495,0.09507980544585863,,2,123
1,False,Replace,1.1444528407392898,90.41937707070865,180.71498360421043,0.9882143959765074,0.35751318270666754,,2,123
2,False,Replace,1.1320599313839688,83.29488160563383,165.53791060110515,0.9052207131543731,0.3858830019483481,,2,123
3,False,Replace,0.3629735891369404,85.8554627980476,172.28565907612622,0.9421198238448769,0.27304536172839433,,2,123
4,False,Replace,2.50750748916266,79.49627142589883,158.54403755148985,0.8669757049463158,0.5750112718838156,,2,123
5,False,Replace,5.529818817214662,75.89574998842251,149.88149056674018,0.8196057887090379,0.8001218816346054,,2,123
6,False,Replace,5.7918378071802445,71.92396123043281,144.1547470931289,0.7882898998446054,0.6973810706752206,,2,123
7,False,Replace,7.062074709815067,72.22363798962962,143.8994640781245,0.7868939206875692,0.8394878534951906,,2,123
8,False,Replace,8.275175271311115,77.65472560190176,152.90121179746055,0.8361187082938876,0.9220056768560767,,2,123
9,False,Replace,8.628834055698881,69.56747757242697,138.76211703975326,0.758801063088309,0.8110592557771477,,2,123
10,False,Replace,10.58824951178385,71.53025893279133,145.77919312563714,0.7971729538271539,0.9674827359042142,,2,123
11,False,Replace,6.58196800286804,74.72528838760732,150.6275974332948,0.8236857688621003,0.8125232389663245,,2,123
12,False,Replace,8.880120301057016,65.09849219442764,128.36726391515467,0.7019582750863606,0.9058022558948308,,2,123
13,False,Replace,10.864155601802903,56.48930234395047,110.8700657110577,0.6062773148821284,1.0157662579011877,,2,123
14,False,Replace,11.707393594797312,59.36408871894335,118.11942310302595,0.6459194031774281,0.9958343044700972,,2,123
15,False,Replace,12.329468669057649,57.735793193283484,115.2837978153927,0.6304131862885651,1.1769925259042826,,2,123
16,False,Replace,12.5910877942457,66.85854115920652,134.04894808829272,0.7330277635222717,1.134200189649165,,2,123
17,False,Replace,11.335560069474992,61.57865925971022,123.86197515310218,0.6773217390122831,1.097272051015714,,2,123
18,False,Replace,9.059123656738219,58.13623227647847,114.65129138448413,0.626954414093225,1.0809262852675836,,2,123
19,False,Replace,11.448936840721604,58.2393030412096,117.76420954528724,0.6439769679437664,1.0953726057502855,,2,123
20,False,Replace,15.334873226203042,49.15066899032312,97.98799152081816,0.5358335093329823,1.3040235288327215,,2,123
21,False,Replace,13.148538899729061,56.65586199299926,112.19503886913989,0.6135227436948657,1.1447505998697936,,2,123
22,False,Replace,15.730157207661543,56.99287566637759,112.6570782074704,0.6160493406407264,1.3657673460846063,,2,123
23,False,Replace,14.015799339159784,57.672575340401835,116.09812323851489,0.6348662099952295,1.2494190858038663,,2,123
24,False,Replace,16.940670953712146,55.11809149253709,110.20379272146911,0.6026338950237963,1.4022419551323133,,2,123
25,False,Replace,21.93878858838216,62.80695220105122,124.60386471589828,0.6813786574346399,1.5098376097299957,,2,123
26,False,Replace,22.87461092970186,72.86192769529445,146.75526226439752,0.8025104502270315,1.2183817061075866,,2,123
27,False,Replace,18.793883736903897,79.3237348752505,160.43719587984847,0.8773281742138571,1.3868361408990864,,2,123
28,False,Replace,19.492915525923515,81.68851340792925,161.32098655745273,0.8821610588658081,1.4876003800364281,,2,123
29,False,Replace,18.468518095956277,69.28655004095066,140.17940839190248,0.7665513209227912,1.3739076169757953,,2,123
30,False,Replace,24.2861040488071,70.41714283202144,141.18560186430557,0.7720535479918208,1.4401120292126974,,2,123
31,False,Replace,19.843669969888158,67.54724870605041,134.09239197704287,0.7332653302996571,1.393327121020011,,2,123
32,False,Replace,13.921102493219854,61.28843658043001,121.93395487917344,0.6667786321130578,1.277449145914201,,2,123
33,False,Replace,11.480287280409806,54.601975354012396,109.55776294254312,0.599101172307442,1.1295090521484676,,2,123
34,False,Replace,11.016262374001306,53.12203577539961,105.00612268484603,0.5742111696178273,1.21167765653186,,2,123
35,False,Replace,13.310881833791962,52.905405700457855,104.75759880329592,0.5728521518286346,1.3555208174012299,,2,123
36,False,Replace,10.606098503318137,48.72999876794502,98.46645565126747,0.5384499229376447,1.075042789934323,,2,123
37,False,Replace,9.801224442597366,42.5978052083463,84.3488735790548,0.4612499168180892,1.2271302004489926,,2,123
38,False,Replace,10.034745442695405,37.507180045629504,74.07922324560845,0.40509178261830736,1.230954728995324,,2,123
39,False,Replace,9.447488958963694,42.12371329612235,82.07989535450194,0.448842329461796,1.23840832244287,,2,123
40,False,Replace,12.001794573666075,41.24519213243878,80.83519857221634,0.4420358806862246,1.1360036957910977,,2,123
41,False,Replace,12.66792597693305,34.678523090003395,68.7560511148137,0.37598276671383013,1.452139017467286,,2,123
42,False,Replace,12.927998337933694,28.398137170815502,57.61745583318772,0.3150729296393003,1.5882808332886238,,2,123
43,False,Replace,12.389151293618307,27.80839353795971,56.78055638426061,0.31049646305683976,1.4560364134968284,,2,123
44,False,Replace,13.960398878244732,27.14690948216658,52.56766166932242,0.2874588425839667,1.5931146007132582,,2,123
45,False,Replace,15.008520071095282,25.306649134646293,51.307753420597535,0.28056921204991914,1.5902699267241411,,2,123
46,False,Replace,16.270959480926507,22.17640610453967,44.281700776826796,0.24214823427051338,1.7965565383327289,,2,123
47,False,Replace,17.749486357432975,21.302508166652654,42.69976731884138,0.23349765430487038,1.799400996221083,,2,123
48,False,Replace,19.148524689697094,18.85620265111322,37.612511115843574,0.205678711372979,1.8829796709152609,,2,123
49,False,Replace,21.61048899740442,19.10594312020635,38.426146936405054,0.21012796408531623,1.8517998907545372,,2,123
50,False,Replace,19.970687583857284,18.809403894523516,37.26972512188834,0.20380423451882076,1.8582171966601857,,2,123
51,False,Replace,19.225743915834727,18.1126528630973,35.83282537509597,0.19594675094421507,1.7756461490863955,,2,123
52,False,Replace,19.031118517268467,15.132855741875561,30.456613630428063,0.16654769539310127,1.9297336333946595,,2,123
53,False,Replace,21.701566402342642,15.967534733883447,31.742431651314277,0.17357900986135089,1.8630733798330978,,2,123
54,False,Replace,15.4448190510287,16.383909085767794,32.749099259063264,0.17908382967263745,1.8145823283048916,,2,123
55,False,Replace,14.259084644812544,17.887392875481755,36.52734192058225,0.1997446167039053,1.7393555228789896,,2,123
56,False,Replace,17.366202620737443,18.908338918643636,37.795973719067455,0.2066819507392633,1.6742121370540577,,2,123
57,False,Replace,18.046885938810615,19.80634962444341,39.74421997407502,0.21733566056291811,1.8235781821333301,,2,123
58,False,Replace,13.655098878082624,19.716518836642308,39.57562430077742,0.21641371890578945,1.629300560690715,,2,123
59,False,Replace,15.088010957334406,21.287901884204103,42.9977252812054,0.23512699539176565,1.6728987780326778,,2,123
60,False,Replace,14.53072425408015,20.032510134734025,41.1307425802236,0.2249176638501705,1.653915297918018,,2,123
61,False,Replace,14.72552202852205,20.25734910001136,40.17610702801538,0.21969737399490716,1.6666726470961657,,2,123
62,False,Replace,12.676212260355292,18.564921734969573,36.495750667166135,0.19957186439089777,1.6146865803701989,,2,123
63,False,Replace,14.575653279865673,16.996817677041733,34.57215726532639,0.18905296521723142,1.6978316421439863,,2,123
64,False,Replace,11.376483197018242,18.426231188107657,36.14758245268925,0.1976679556230391,1.6525222120712726,,2,123
65,False,Replace,13.680915451523315,17.837518599124554,36.38124556823458,0.19894570940961134,1.7514705124916023,,2,123
66,False,Replace,14.562846500948268,18.174264383482033,36.30033005164319,0.198503234321167,1.692689708081709,,2,123
67,False,Replace,16.199962118304573,17.59038630143461,34.37599592898481,0.18798028462019084,1.7317773439646693,,2,123
68,False,Replace,15.241923040297708,17.562346046304043,35.97790289277196,0.19674008688482497,1.7419487564616174,,2,123
69,False,Replace,16.643396540342764,15.621213145622852,31.02770323183884,0.1696706183198611,1.9421124551859101,,2,123
70,False,Replace,14.630304545239893,13.54514192094789,27.39913192313028,0.14982828796862413,1.8294456493562459,,2,123
71,False,Replace,17.237148747156944,13.931805577997824,28.518313168606337,0.1559483727365182,1.9686283337173158,,2,123
72,False,Replace,16.424295646279734,13.515392174772703,27.25718615785983,0.14905207757427535,1.9003713473608808,,2,123
73,False,Replace,18.827046820433917,12.915945866762524,25.794877821730594,0.1410556507130458,1.7833786807571468,,2,123
74,False,Replace,16.430605521138375,13.200103258383532,26.012982782218522,0.14224832692333783,1.8557453857723298,,2,123
75,False,Replace,17.753819207111295,12.185787775194196,24.89888279266333,0.13615602828667922,1.9153697985021183,,2,123
76,False,Replace,14.487390615199601,12.712798018370778,25.338930064000547,0.13856236471641334,1.8261140805388618,,2,123
77,False,Replace,16.90549994426284,11.871474379131268,23.773490217199218,0.1300019777369228,1.859786542208348,,2,123
78,False,Replace,18.31722160106523,12.708617768637371,25.817765683755194,0.14118080975793923,1.9571803761086235,,2,123
79,False,Replace,19.72894278937446,15.250290122584556,30.504225950928504,0.16680805665150933,1.8067838120507758,,2,123
80,False,Replace,18.202635060895158,16.101402578166653,32.687080313841335,0.17874468781915495,1.8469264119391697,,2,123
81,False,Replace,19.4805805782092,15.284640900241964,30.32698757949728,0.1658388536187859,2.0291633623426435,,2,123
82,False,Replace,21.48412970032156,14.656666509572172,29.953682753798343,0.16379748883825868,1.9275122796959476,,2,123
83,False,Replace,18.78613845135342,13.63177389047115,28.27855320699284,0.15463727920725034,1.8966653397128825,,2,123
84,False,Replace,18.149164002876397,14.764829008467276,28.408411187031074,0.15534738925317362,1.9236770604688094,,2,123
85,False,Replace,18.69336731389048,15.085669734984808,30.283384899668604,0.16560041851478688,1.7728095837415134,,2,123
86,False,Replace,21.280626585531355,15.348166116018938,29.892496283199403,0.16346289925482216,1.8429866137850148,,2,123
87,False,Replace,21.19598119137869,15.390329717978558,30.853264101686428,0.16871672254320666,1.8811911630763405,,2,123
88,False,Replace,21.5348924574565,14.662609330938192,29.564359441603923,0.161668529223917,1.8934737720468595,,2,123
89,False,Replace,20.345513438082037,15.830734474596586,31.965893831576153,0.1748009812722812,1.7924274380969782,,2,123
90,False,Replace,23.927629211012768,14.736411850195609,28.699980200601786,0.1569417932748252,1.9853451791915537,,2,123
91,False,Replace,23.85915036033216,13.19395622591762,27.039764990243278,0.1478631405888438,2.0794736744242557,,2,123
92,False,Replace,20.775533210251073,13.497357059174373,26.819753562085303,0.14666003912902664,1.9842281969493292,,2,123
93,False,Replace,18.605065075626896,15.079105876210804,30.663158165803686,0.1676771550493935,1.8197987225842454,,2,123
94,False,Replace,20.016882969965547,15.218372726693588,30.1110831980602,0.16465821096461722,1.886059653184404,,2,123
95,False,Replace,23.251678375706632,15.522243257055305,30.35011614962194,0.16596532894196994,2.0768859003165123,,2,123
96,False,Replace,23.224017951179277,14.28916763274455,28.859824660770812,0.15781588015741638,1.9905621964875158,,2,123
97,False,Replace,24.485432081431263,15.216274132013465,29.658964340437798,0.16218586276811436,1.9736916008394791,,2,123
98,False,Replace,27.031397151570566,15.431850833991426,30.542032509434904,0.16701479648366502,2.0599396305741116,,2,123
99,False,Replace,25.949306337515658,16.163474583181177,31.40455731324032,0.1717313917045356,2.039279015469549,,2,123
100,False,Replace,26.082698154258868,14.813147538145326,29.116145103096613,0.15921753233941907,1.9227221691681529,,2,123
101,False,Replace,24.831377683557463,16.467130595050744,32.606721159256935,0.1783052551178648,2.0307633998731345,,2,123
102,False,Replace,23.3917036512372,15.961423444808325,33.00737649801616,0.1804961823209674,1.9973006025988882,,2,123
103,False,Replace,23.563890923583532,15.38405092344496,29.42897458499548,0.16092819623309707,1.9874514806905956,,2,123
104,False,Replace,26.221789033740105,17.40217315882671,33.744733248134594,0.18452831369660014,2.0054033858254874,,2,123
105,False,Replace,28.08271933960484,21.282162532543346,43.07481375357344,0.23554854282872184,1.9816683512315758,,2,123
106,False,Replace,30.351457542535073,22.620518477325426,46.03557842537869,0.25173906678762414,2.01712430604343,,2,123
107,False,Replace,30.100939984969937,24.515144040262843,49.29760850275484,0.26957701812004686,2.0352536252597564,,2,123
108,False,Replace,27.007917957283627,28.435205394335796,56.978889829216556,0.3115810215234378,2.1012234860407975,,2,123
109,False,Replace,27.587891491243532,29.430855126664447,58.46055431423707,0.3196832947544787,1.9760967449926192,,2,123
110,False,Replace,35.261210933955084,28.957094375212765,58.659710749967516,0.3207723536300351,2.1146318659907317,,2,123
111,False,Replace,39.3408245464704,28.519025426636205,57.01840102695518,0.31179708293477654,2.2528687482683245,,2,123
112,False,Replace,38.24216637043454,34.010467289458234,68.96875595715504,0.3771459131397844,1.931323802486602,,2,123
113,False,Replace,35.42325017286786,38.85179742174617,77.89777884222934,0.42597301524859116,1.8458315136372878,,2,123
114,False,Replace,33.03332990539987,31.269051339501324,63.66935943647421,0.34816691080540024,1.9970010369390034,,2,123
115,False,Replace,40.58972380671101,32.015630078895676,63.77338240153797,0.34873574571625254,2.1198663864813985,,2,123
116,False,Replace,37.34987742603868,26.60864021356725,55.287138255747934,0.3023299166843444,2.2671568319643067,,2,123
117,False,Replace,36.290428145898424,25.21297548683689,48.52504252744235,0.2653523500630942,2.0939194379062522,,2,123
118,False,Replace,45.13342975635415,30.328004416001953,61.94397454786707,0.33873188692682593,2.2272566772389397,,2,123
119,False,Replace,35.250729397652904,24.0884347853191,48.421217523719264,0.2647845976759088,2.105699221568834,,2,123
120,False,Replace,30.617755945820495,28.786003534311448,57.475137067075735,0.3142946795424655,1.9852306497695873,,2,123
121,False,Replace,23.90213220936728,18.45968511520693,36.29553855579651,0.19847703270202333,2.0104985780285363,,2,123
122,False,Replace,21.27551484366001,19.14785152363344,37.99353603908983,0.20776229241793792,2.017481722310179,,2,123
123,False,Replace,19.843093506807175,20.79313089918763,42.39171387618181,0.2318131075080589,1.7862509037140386,,2,123
124,False,Replace,20.48879656680158,22.98913469575035,46.329528920119344,0.25334649360311906,1.9183809400443461,,2,123
125,False,Replace,22.58732629644201,28.12007203797885,57.033451140429015,0.31187938235732193,1.8889041662411359,,2,123
126,False,Replace,22.896473174724754,28.433604483091074,56.861390383611415,0.3109384923797528,1.9672181623137752,,2,123
127,False,Replace,21.636245384970618,31.375829111775513,62.55080567164552,0.34205025732691313,1.7595517976771595,,2,123
128,False,Replace,23.637053112567838,34.00136453603497,68.09379698393165,0.3723613234174299,1.7566452421799497,,2,123
129,False,Replace,27.3381412669618,30.479719548083793,61.53585658322774,0.3365001514067845,1.9144890928743339,,2,123
130,False,Replace,19.557292022372202,40.08804743467887,78.57511872942607,0.4296769528753841,1.69859686765827,,2,123
131,False,Replace,15.633649460965831,27.837172441186542,56.770564490178714,0.3104418237935209,1.5667102801977868,,2,123
132,False,Replace,14.898785751263015,25.28459990602662,49.403232929077674,0.2701546103958904,1.7646436883000403,,2,123
133,False,Replace,14.221796712123913,26.728822564297566,54.441103191454744,0.2977034932779348,1.6986034956571303,,2,123
134,False,Replace,17.53346371035822,23.926490848091134,47.50499488603786,0.25977436342516547,1.6242370440082603,,2,123
135,False,Replace,18.91332737749361,27.82076397399487,56.28302256208474,0.30777576953296326,1.848497157942496,,2,123
136,False,Replace,20.37682709166702,29.68180041479165,58.59407351747919,0.3204134256830361,1.8331713996381132,,2,123
137,False,Replace,17.734923850037323,25.041740827947322,51.39765647991777,0.28106083424798306,1.6927507183965593,,2,123
138,False,Replace,19.67592687755132,22.592333752292785,45.574220686272255,0.24921619707097312,1.6789287867682041,,2,123
139,False,Replace,19.313462784499237,17.93876296401432,35.791266233653985,0.19571949064161978,1.9684641285646372,,2,123
140,False,Replace,19.216519512330706,13.743527487185371,27.175673480323475,0.14860633699543968,1.9211366204226175,,2,123
141,False,Replace,23.102689383566446,17.43377263651113,34.367747696177446,0.187935180322589,2.0345986484191476,,2,123
142,False,Replace,19.264732988026612,12.760351850677958,24.7897527929155,0.1355592662770613,1.8446029311237626,,2,123
143,False,Replace,17.833453732374974,12.393636991675361,24.943132614122213,0.13639800219339648,1.8667204863683944,,2,123
144,False,Replace,16.268526398508456,11.403418077809537,22.272767017014807,0.12179548461045236,2.0211718629372246,,2,123
145,False,Replace,14.398230135082049,13.098184035361612,26.36891142071534,0.1441946724752552,1.8155396990776866,,2,123
146,False,Replace,13.112596004504363,13.56983333849951,27.399196762417866,0.149828642533122,1.7761787575914059,,2,123
147,False,Replace,13.527059688147638,16.165478599644924,31.77324435707642,0.1737475047963355,1.8693990212024918,,2,123
148,False,Replace,13.295317199430293,17.000874336343887,33.830916532018584,0.18499959482740674,1.659978091963775,,2,123
149,False,Replace,12.329332299029582,15.719850640779665,29.900333891205722,0.16350575810862275,1.7925837045999633,,2,123
150,False,Replace,13.5324392805881,17.671506136930915,35.200705550378316,0.19249009285029497,1.7307347012716923,,2,123
151,False,Replace,12.382503193796136,15.846910974517126,30.396122225599406,0.1662169066787828,1.7114519784481554,,2,123
152,False,Replace,12.085966722717927,15.15748095516755,29.18975097727396,0.15962003567942876,1.7950886544733464,,2,123
153,False,Replace,12.549988737721621,12.256089633986402,24.060316297850974,0.1315704456989506,1.8227319067679595,,2,123
154,False,Replace,12.197464271293272,12.326847223268864,24.459561648226078,0.13375366257946925,1.8467317782026273,,2,123
155,False,Replace,11.962614829323929,12.428801190542554,24.931533013739358,0.1363345714149558,1.9281429923566558,,2,123
156,False,Replace,12.044831335453894,12.473597726526938,25.40939000172255,0.1389476649466864,1.7139494551212764,,2,123
157,False,Replace,13.336156797502388,12.680547844268585,25.0168473767811,0.13680110097470755,1.9518856342790605,,2,123
158,False,Replace,13.908524490709658,11.974549119138704,23.79762553787961,0.13013395833350747,1.9912983973988394,,2,123
159,False,Replace,13.557817201001106,12.503147943465047,24.907873137164962,0.13620519071739806,1.8474044236287601,,2,123
160,False,Replace,14.219372758288669,12.885764259441196,25.94947554578758,0.14190104655931893,1.8143611460040745,,2,123
161,False,Replace,14.47510418712322,10.7051651995876,21.277229528611045,0.11635152828677776,1.9300160183172808,,2,123
162,False,Replace,14.641078271315418,7.342929789327567,14.573014263518882,0.07969047281392558,1.985255502227282,,2,123
163,False,Replace,13.88975029989018,10.404901733556501,21.23722186632667,0.11613275202910245,1.9506934350666416,,2,123
164,False,Replace,13.965885671405031,12.55594043450243,24.783671432567022,0.13552601121583932,1.9674871467599577,,2,123
165,False,Replace,14.848548363748867,11.050394735408052,22.318433041459738,0.12204520282342762,1.9164003565269647,,2,123
166,False,Replace,14.506279647405561,11.980414702479537,23.26092720870285,0.127199099227687,1.9281738644067437,,2,123
167,False,Replace,14.657131737391573,8.516807409318563,16.74065443285105,0.09154390731010696,1.9229611850870147,,2,123
168,False,Replace,14.64177550049273,9.622280754581242,19.323912863316377,0.10567009163970584,1.9498043360343602,,2,123
169,False,Replace,14.6990092997555,7.27287635072642,13.936926305264738,0.07621211554151065,2.1148982565323644,,2,123
170,False,Replace,14.382335060014132,5.827978949333657,11.78658161973878,0.06445325895880272,2.1922836764771354,,2,123
171,False,Replace,14.512254913659499,6.566662037915323,13.404048611950302,0.07329814904396004,2.0480441174207407,,2,123
172,False,Replace,14.612336836689648,6.454027232627848,12.775685248658665,0.06986203262945734,2.13944366885379,,2,123
173,False,Replace,14.859796243244409,6.261969179775587,12.231389731096128,0.06688562937061737,2.006564473989357,,2,123
174,False,Replace,14.699783603214035,5.889064601478999,11.849431898596906,0.06479694684300587,1.9229779006337442,,2,123
175,False,Replace,14.692006813214318,6.326188580456947,12.565809963436784,0.06871435923747024,2.0249140515794175,,2,123
176,False,Replace,14.997826160925738,5.008607458996243,9.622807465037141,0.05262096521828391,2.14781483547269,,2,123
177,False,Replace,14.93913425378644,3.7890712729638985,7.853538635789366,0.04294596820063531,2.215564394683477,,2,123
178,False,Replace,14.951343935793963,4.11651658345263,8.266756199484618,0.045205590158758725,2.1198921333963185,,2,123
179,False,Replace,15.495200613805688,4.5928566305593534,9.11946595901184,0.04986851319451543,2.21704241787189,,2,123
180,False,Replace,16.010819340070203,4.6657115172340635,9.59447990581434,0.052466059956592065,2.0981227517640564,,2,123
181,False,Replace,16.189567663335545,3.963159194077839,7.769132813942884,0.04248440687024998,2.2870729465148525,,2,123
182,False,Replace,17.539606174740573,3.9092141644473344,7.6449534283563985,0.04180534941705702,2.2935858831834506,,2,123
183,False,Replace,17.705434385873374,4.727171194229048,9.389725517066246,0.05134638946461232,2.156707995310353,,2,123
184,False,Replace,18.19635181201763,3.9162530950779435,8.000400145301596,0.04374905964894975,2.135865091471956,,2,123
185,False,Replace,17.622677407224028,3.8921257987252935,7.6112350875243315,0.041620965426564745,2.290605024917851,,2,123
186,False,Replace,18.01850746582473,3.325939605161212,6.671362461830718,0.03648140455247113,2.3197136274222188,,2,123
187,False,Replace,17.90804996424238,3.28522092199498,6.575338101841071,0.03595630888517424,2.1984840593289,,2,123
188,False,Replace,18.497223424229908,3.147725477401556,6.1418120932035265,0.03358563306061646,2.298840825945294,,2,123
189,False,Replace,19.16712515971808,3.1855537929688142,6.236401673770865,0.034102882839034086,2.3137423257326426,,2,123
190,False,Replace,19.04093255445766,2.719558128262533,5.564976331866051,0.030431288068857396,2.268646813500551,,2,123
191,False,Replace,19.546354796610053,2.3056413591886002,4.635892165878621,0.025350722364834537,2.2815073536839154,,2,123
192,False,Replace,19.72590174411735,2.384961245607572,4.755089912655456,0.026002538428912612,2.2809112033517316,,2,123
193,False,Replace,19.803574339790007,2.2811697347418587,4.778342652763438,0.02612969275813489,2.445189398289485,,2,123
194,False,Replace,19.691248942024878,2.0020871248527827,4.100522880702954,0.02242313094865758,2.3580402493732597,,2,123
195,False,Replace,19.03040530420329,1.6891116820920231,3.4614748706416902,0.01892858705048373,2.3388481067895763,,2,123
196,False,Replace,19.12049999706718,1.8576262063903966,3.695951574685287,0.020210789830992996,2.1975667997610278,,2,123
197,False,Replace,19.12384228107967,2.0223524260686307,4.127753709006178,0.022572038892021848,2.342150780850709,,2,123
198,False,Replace,19.681041688371938,2.021095722122597,3.974845527533099,0.02173588207103999,2.222275109091795,,2,123
199,False,Replace,20.266411248059228,1.4412412098322815,2.8606773518643838,0.01564321056823797,2.4360213969206135,,2,123
200,False,Replace,20.44805766650412,1.6078257396540216,3.1930692259431095,0.017460848644058013,2.437345345150104,,2,123
0,True,Replace + Select,0.0,91.02361873341025,179.91809021659623,0.9838566968970355,0.07926015742232972,,2,123
1,True,Replace + Select,4.8306095327772285,54.82647511957853,108.72267151461656,0.5945345926327815,0.7651705461165179,,2,123
2,True,Replace + Select,8.644714509789127,28.61659315383745,57.97128588484296,0.31700779936510354,1.3314097539516376,,2,123
3,True,Replace + Select,12.839590786471092,12.843699037992561,25.892144249084147,0.14158753845051478,1.757358264653622,,2,123
4,True,Replace + Select,14.190816928504653,6.576510181720213,13.293462648073898,0.07269342529988498,1.9895590584545295,,2,123
5,True,Replace + Select,16.159690604957632,3.552329967903386,7.0680996994402365,0.03865090617212844,2.1087500317207093,,2,123
6,True,Replace + Select,16.75301806659576,1.5613373931183496,3.079703548238355,0.016840924427022248,2.3108602638518274,,2,123
7,True,Replace + Select,17.01831259859668,0.862298829236464,1.718192917854483,0.009395695601021103,2.3621238406138905,,2,123
8,True,Replace + Select,17.061760419765683,0.46573303903143903,0.9310540708878683,0.005091337851093861,2.450181758964847,,2,123
9,True,Replace + Select,16.969482453344707,0.24871518037160031,0.4972052156612069,0.0027188965855046063,2.506698864058545,,2,123
10,True,Replace + Select,17.00739873109695,0.13320268128744922,0.2653471501556753,0.001451013460452589,2.4457231479267474,,2,123
11,True,Replace + Select,16.987887716933592,0.07742532601150144,0.15481130398676365,0.0008465637779912939,2.476463739167805,,2,123
12,True,Replace + Select,17.05150526434654,0.04779784762014001,0.09551785857571632,0.0005223259357624828,2.5816577886499985,,2,123
13,True,Replace + Select,16.990010062814378,0.030401042298591606,0.061254422169229245,0.00033496116701329533,2.567991996043995,,2,123
14,True,Replace + Select,17.014499376900343,0.02214261739050897,0.04443758355645191,0.0002430006572618894,2.5970950920448352,,2,123
15,True,Replace + Select,17.032451768063584,0.018217149557712732,0.03626637108896619,0.00019831753452405806,2.6177209477824883,,2,123
16,True,Replace + Select,17.016744958970662,0.014335340189248352,0.028606805442360127,0.00015643228025271906,2.545732579150004,,2,123
17,True,Replace + Select,17.017328642896636,0.010656526327227512,0.02109568181596312,0.00011535876022949144,2.5988483670862816,,2,123
18,True,Replace + Select,17.04017337217251,0.009627521482850513,0.019599980572924686,0.00010717972896727073,2.6502535080902927,,2,123
19,True,Replace + Select,17.041201516756786,0.009551957778303151,0.018838820967594753,0.00010301743503557203,2.647445709428526,,2,123
20,True,Replace + Select,17.059377643169395,0.009495894269512199,0.01858013103568777,0.00010160282563403755,2.691706317385152,,2,123
21,True,Replace + Select,17.057841524695235,0.00896290334400856,0.017729133990943297,9.69492683374728e-05,2.5405343472062976,,2,123
22,True,Replace + Select,17.055325728938787,0.007847108688829658,0.01574481378235033,8.609829318726955e-05,2.507008090686485,,2,123
23,True,Replace + Select,17.06604577731761,0.006298492695995828,0.01251988855281576,6.846324448121609e-05,2.619901843703966,,2,123
24,True,Replace + Select,17.061907029035694,0.005569968951869442,0.011131870193410963,6.087306187827471e-05,2.65284201750916,,2,123
25,True,Replace + Select,17.086679231306004,0.005230875016826893,0.010620062288338904,5.8074312545599e-05,2.636019623511729,,2,123
26,True,Replace + Select,17.06925954576603,0.0050410760100099115,0.009833250147684169,5.37717413430527e-05,2.5270579026644953,,2,123
27,True,Replace + Select,17.05954424366145,0.004803444367096199,0.00946842852221386,5.177676574632576e-05,2.5619828738110852,,2,123
28,True,Replace + Select,17.063821094378778,0.004034954627241589,0.00808273257109686,4.419928290550462e-05,2.59984515731852,,2,123
29,True,Replace + Select,17.07862723812347,0.003629318151757142,0.007393511556553541,4.0430375009782285e-05,2.5592781390803125,,2,123
30,True,Replace + Select,17.090722401243156,0.0035021865151771726,0.00703299054106977,3.845891669211774e-05,2.492491296019299,,2,123
31,True,Replace + Select,17.112429938530923,0.003090310799544528,0.006167586784642735,3.37265783249442e-05,2.5667569401900687,,2,123
32,True,Replace + Select,17.123326328665634,0.00266562421051452,0.005211666447527915,2.8499262804652324e-05,2.5547280490392965,,2,123
33,True,Replace + Select,17.153417448505394,0.002481448220664415,0.005006961018275935,2.7379860040770802e-05,2.62291432040613,,2,123
34,True,Replace + Select,17.16389615229405,0.002560063114517275,0.005152912615244875,2.8177975760695572e-05,2.589773822158904,,2,123
35,True,Replace + Select,17.181023082911857,0.002443348272421309,0.0047650423229106086,2.6056961780494496e-05,2.5961898790733984,,2,123
36,True,Replace + Select,17.19098620390265,0.002590802570161777,0.005185722239272893,2.8357390561529545e-05,2.6278134548095746,,2,123
37,True,Replace + Select,17.192895648907122,0.002446433167166147,0.004874829839189469,2.6657319326512317e-05,2.5720342932223423,,2,123
38,True,Replace + Select,17.199117800208978,0.002389139385925951,0.004814716818706656,2.6328599753613763e-05,2.5719067750387987,,2,123
39,True,Replace + Select,17.20495201896812,0.002005176294779056,0.004060103867489766,2.2202105276453677e-05,2.540993854020515,,2,123
40,True,Replace + Select,17.223434580000728,0.0017038800101426073,0.0034576699165740155,1.890778019589584e-05,2.6158162948239383,,2,123
41,True,Replace + Select,17.250939677862277,0.0017565663049112447,0.0034619072775464296,1.8930951606646482e-05,2.6203398802099365,,2,123
42,True,Replace + Select,17.263737364305342,0.0015942687551138033,0.0031417491896644453,1.7180212264931392e-05,2.6799242289815224,,2,123
43,True,Replace + Select,17.2717496115107,0.0015417688298070336,0.0030747296759494162,1.6813725508030324e-05,2.612285366831849,,2,123
44,True,Replace + Select,17.28665279987693,0.0015532679698612212,0.003048430288800581,1.6669911019228672e-05,2.548344499347322,,2,123
45,True,Replace + Select,17.303638257626595,0.0013837129303000686,0.0027622320619426956,1.5104876387106872e-05,2.639776417209583,,2,123
46,True,Replace + Select,17.318681834012633,0.001290788899062129,0.0025491939520303013,1.3939907534451377e-05,2.5961193992616565,,2,123
47,True,Replace + Select,17.329090733096024,0.0010917491159302365,0.0021665267149209126,1.18473457277986e-05,2.6309812521209404,,2,123
48,True,Replace + Select,17.33967242299255,0.0011457672903970734,0.0022871593652735046,1.2507008359671558e-05,2.6007495467883945,,2,123
49,True,Replace + Select,17.351842259488716,0.0011070715444342202,0.0021793469248235437,1.1917451237217606e-05,2.513077071815533,,2,123
50,True,Replace + Select,17.359276277332132,0.0010556515211803878,0.002084731778683984,1.1400061657074592e-05,2.507549512771509,,2,123
51,True,Replace + Select,17.379721540197277,0.0010188261492131382,0.002062088673674449,1.1276241031392347e-05,2.5500443047531185,,2,123
52,True,Replace + Select,17.39932991073624,0.0009469507402509235,0.0019188883757881368,1.0493170402399518e-05,2.686246442636514,,2,123
53,True,Replace + Select,17.407220134964746,0.0009003386456084041,0.0017848575624655905,9.760241806285618e-06,2.6198105407130416,,2,123
54,True,Replace + Select,17.423471646263415,0.0008662686548579119,0.0017046024922637985,9.321378275759486e-06,2.5362883882053335,,2,123
55,True,Replace + Select,17.443795933959276,0.001059285337788764,0.0021137209565577986,1.1558584887030827e-05,2.5610393132704186,,2,123
56,True,Replace + Select,17.461719413875823,0.0009645533220228361,0.0019513058325706532,1.0670440691971027e-05,2.529578281157085,,2,123
57,True,Replace + Select,17.469924669360072,0.0009905143611667073,0.0019664636032949183,1.0753328823004124e-05,2.6268902066222717,,2,123
58,True,Replace + Select,17.483748784979046,0.0009418796130331772,0.0018961910308462962,1.0369053173298604e-05,2.6759509166383717,,2,123
59,True,Replace + Select,17.489818933809946,0.0008279819399458472,0.0016631144949100724,9.094507014575186e-06,2.6589597356855332,,2,123
60,True,Replace + Select,17.505429301069885,0.000722167722629896,0.0014200902607597512,7.765563271401709e-06,2.6051488183237304,,2,123
61,True,Replace + Select,17.510609719135203,0.0008006592279203991,0.0016159592254783271,8.836645075464145e-06,2.681186745204459,,2,123
62,True,Replace + Select,17.512084592544948,0.0007902172984520328,0.0016045254916830984,8.774121315060556e-06,2.6407956005519884,,2,123
63,True,Replace + Select,17.523037802751368,0.0006230258564830227,0.0012342541891910456,6.749344928277908e-06,2.62000585328861,,2,123
64,True,Replace + Select,17.53569257017521,0.0005424410791790021,0.0010853896484682795,5.93530018633853e-06,2.712594164586179,,2,123
65,True,Replace + Select,17.548799431957256,0.0005531505142628831,0.00109213682215143,5.972196153860769e-06,2.5652679557493183,,2,123
66,True,Replace + Select,17.56389190542442,0.0005700869826334839,0.001113434573581691,6.088659903271878e-06,2.5943845208623806,,2,123
67,True,Replace + Select,17.569925789857685,0.0005305282071205065,0.0010720718551463886,5.862473712180989e-06,2.685325700196376,,2,123
68,True,Replace + Select,17.585093848245084,0.0005285849272581972,0.0010680552996153677,5.8405097448395376e-06,2.528805471090789,,2,123
69,True,Replace + Select,17.59244894362225,0.000500059560584873,0.0010080647025194416,5.512459626962984e-06,2.5864485218785767,,2,123
70,True,Replace + Select,17.593170981725347,0.00046098379896314476,0.0009159248485649409,5.008605832966408e-06,2.6740397403644565,,2,123
71,True,Replace + Select,17.608612583139635,0.0004516930419698582,0.0009186590334810674,5.023557337492981e-06,2.640750673998535,,2,123
72,True,Replace + Select,17.62725009766843,0.00041472895524433833,0.0008305980733274111,4.5420083988728785e-06,2.5731562498658542,,2,123
73,True,Replace + Select,17.63586854023007,0.0004038223674808261,0.0008027214160966346,4.38956883111966e-06,2.599410065192869,,2,123
74,True,Replace + Select,17.644015763727925,0.0003846182349939989,0.0007678720289700587,4.198999873512548e-06,2.668281010369686,,2,123
75,True,Replace + Select,17.64959776539279,0.0003719407589831949,0.0007461463999116258,4.080196335648692e-06,2.6611084453786678,,2,123
76,True,Replace + Select,17.658012657876284,0.00040226490329617554,0.0007987595655210571,4.367904010110306e-06,2.592882149295683,,2,123
77,True,Replace + Select,17.665099646415857,0.00040948196896605686,0.0008252368550471277,4.512691332966756e-06,2.6931966364918054,,2,123
78,True,Replace + Select,17.66702493408305,0.0003646986538882014,0.0007294301998685622,3.988786153719573e-06,2.6464132830786533,,2,123
79,True,Replace + Select,17.674583877985132,0.00036438433089365583,0.0007307215002969058,3.995847447959649e-06,2.66645171912463,,2,123
80,True,Replace + Select,17.69836546949718,0.00041738772882907985,0.0008357470473987045,4.570164837261551e-06,2.610370017646865,,2,123
81,True,Replace + Select,17.70462114285153,0.00043737515615970446,0.0008847631939549814,4.838202720430629e-06,2.6377239957034626,,2,123
82,True,Replace + Select,17.717929711313165,0.0004150540078625457,0.0008203815183420795,4.486140609094572e-06,2.5506659735676913,,2,123
83,True,Replace + Select,17.72663782560898,0.0003738433852458115,0.0007453564918453527,4.0758768348136165e-06,2.7040444314811496,,2,123
84,True,Replace + Select,17.737797021427184,0.00038105758949080894,0.0007609099585350546,4.160928773416379e-06,2.595577094643783,,2,123
85,True,Replace + Select,17.75372602289048,0.0004227999543739194,0.000836903594559998,4.576489252269214e-06,2.55296698897883,,2,123
86,True,Replace + Select,17.76296162895484,0.0004442627591842485,0.0008925291556195376,4.880669786317784e-06,2.580942161509954,,2,123
87,True,Replace + Select,17.769981059873103,0.00040453540254664725,0.0008208155164777843,4.488513866679398e-06,2.65422192564208,,2,123
88,True,Replace + Select,17.784410801003517,0.0004281470329960866,0.0008466259371079707,4.629654511047998e-06,2.672316131019948,,2,123
89,True,Replace + Select,17.795868213097652,0.0004192715239752398,0.0008440094134317696,4.615346420414527e-06,2.6454636643136227,,2,123
90,True,Replace + Select,17.810793775447184,0.0004118040345946323,0.0008199282725992551,4.483662098685301e-06,2.632839104463926,,2,123
91,True,Replace + Select,17.821921577132333,0.0003953270176217432,0.0007883514096794708,4.310988478077006e-06,2.5263902142592762,,2,123
92,True,Replace + Select,17.83469867976388,0.0003551724942787108,0.0007116989657051557,3.891825400885238e-06,2.5766690294520216,,2,123
93,True,Replace + Select,17.84462269540375,0.00037278819159554963,0.0007493186075256071,4.097543105510499e-06,2.5997171480954258,,2,123
94,True,Replace + Select,17.860144553166467,0.00037371812018474924,0.0007386575709184083,4.0392447306821e-06,2.6380817829241963,,2,123
95,True,Replace + Select,17.87481952640216,0.0003540409949378013,0.0007005435714203703,3.830823700831618e-06,2.613831996310934,,2,123
96,True,Replace + Select,17.894485397898766,0.0003257685347618065,0.0006470961282089749,3.5385538969878195e-06,2.454763408798991,,2,123
97,True,Replace + Select,17.90544397515476,0.0003246360107732949,0.0006422605275810136,3.5121110970691904e-06,2.4998582168293852,,2,123
98,True,Replace + Select,17.913258381603566,0.00033515029370597614,0.0006709599645537744,3.6690499197791956e-06,2.6574919071692227,,2,123
99,True,Replace + Select,17.930870278351332,0.00033084672471039227,0.0006683339084112281,3.6546897021981765e-06,2.662749767883046,,2,123
100,True,Replace + Select,17.945280243584765,0.00031332933488991956,0.0006138995696268754,3.3570231991262843e-06,2.655512765554841,,2,123
101,True,Replace + Select,17.960256158146077,0.00031477049633390255,0.0006312321939247855,3.4518042101395177e-06,2.6426220506371796,,2,123
102,True,Replace + Select,17.97736145385816,0.0002933339691614735,0.000587021465268195,3.210044076897108e-06,2.7273620454109073,,2,123
103,True,Replace + Select,17.98938095163521,0.000300168024286758,0.0005958817407810382,3.258495243698452e-06,2.590254855595504,,2,123
104,True,Replace + Select,18.002531545643787,0.0002971247046276885,0.0005917657622077099,3.2359875954748704e-06,2.703807982143569,,2,123
105,True,Replace + Select,18.020719570286836,0.000312184176661202,0.0006338532888931422,3.4661372982393102e-06,2.668708812521344,,2,123
106,True,Replace + Select,18.033021697248483,0.00033484290813071095,0.0006701726727292825,3.6647447254932503e-06,2.6803154702747567,,2,123
107,True,Replace + Select,18.041875083380642,0.00031045438197420855,0.0006117546690136813,3.345294112685176e-06,2.576989084792238,,2,123
108,True,Replace + Select,18.050834585474156,0.0002945138666814723,0.0005971718375642267,3.2655499559747845e-06,2.6472902581757287,,2,123
109,True,Replace + Select,18.061448887072082,0.0002893487104386728,0.0005748707790778006,3.143599763454684e-06,2.721184239102944,,2,123
110,True,Replace + Select,18.076725970162414,0.00027937009524838034,0.0005662577229408722,3.0965004809374808e-06,2.6341569183666436,,2,123
111,True,Replace + Select,18.087532540523565,0.00026743284524658465,0.0005314607698591147,2.9062182515080517e-06,2.6152146519250916,,2,123
112,True,Replace + Select,18.097086093591066,0.0002692009598792376,0.000530820869399043,2.902719046107243e-06,2.584455883302369,,2,123
113,True,Replace + Select,18.113174372871526,0.00025547900911913294,0.000502886296722436,2.7499627759081194e-06,2.640342036370324,,2,123
114,True,Replace + Select,18.120882411759542,0.0002663478482714712,0.0005404800351816246,2.955538831656273e-06,2.5786881674937208,,2,123
115,True,Replace + Select,18.13294542134262,0.0002757095612457325,0.0005627406663523841,3.0772679531033747e-06,2.629707930225755,,2,123
116,True,Replace + Select,18.14725014535994,0.0002696274499569489,0.000548552211235813,2.999680387738178e-06,2.576741098468111,,2,123
117,True,Replace + Select,18.152727517533478,0.00027072328314429897,0.0005396726670357686,2.951123852838937e-06,2.6294239440418576,,2,123
118,True,Replace + Select,18.161005222396522,0.00025304215157289213,0.0005032936184688749,2.7521901574212467e-06,2.5411578049881696,,2,123
119,True,Replace + Select,18.180399204358796,0.0002593661771358029,0.0005285767594534231,2.890447447426347e-06,2.5948400926484467,,2,123
120,True,Replace + Select,18.192002094185195,0.00028684035628294044,0.0005781342241371978,3.16144545241669e-06,2.666270369309725,,2,123
121,True,Replace + Select,18.202292849556812,0.0003012344474752365,0.0006027110272808712,3.2958402335757922e-06,2.5513711458321002,,2,123
122,True,Replace + Select,18.2217252703267,0.00030514911204034483,0.0006117324590750372,3.3451726607686605e-06,2.6633287019837066,,2,123
123,True,Replace + Select,18.240307399019226,0.0003225745298289998,0.0006400005573405784,3.499752768603368e-06,2.6083622822147072,,2,123
124,True,Replace + Select,18.251712525771136,0.00032574231518944937,0.0006585321140452302,3.601089972360086e-06,2.5488739371798887,,2,123
125,True,Replace + Select,18.265410110966364,0.00029557042804433765,0.0005875966185846604,3.2131892216764115e-06,2.6174174698885446,,2,123
126,True,Replace + Select,18.28024125035731,0.00026755533997000993,0.0005404973276649523,2.9556333931620527e-06,2.6261616895471733,,2,123
127,True,Replace + Select,18.298973146813985,0.0002339281853498567,0.0004582334477306786,2.505784969978851e-06,2.655488788180811,,2,123
128,True,Replace + Select,18.315663920487854,0.0002412347297082165,0.0004769767283875584,2.608279956302304e-06,2.5339595371144537,,2,123
129,True,Replace + Select,18.33280042191666,0.000248880580587569,0.0005025655467909358,2.7482088001530643e-06,2.6531041936701687,,2,123
130,True,Replace + Select,18.34644765726749,0.0002477708257459599,0.0004922047814800338,2.691552416551849e-06,2.574554384396761,,2,123
131,True,Replace + Select,18.36326082154398,0.000257975593091229,0.0005115054129636041,2.797095197250512e-06,2.61200002781211,,2,123
132,True,Replace + Select,18.379562710238986,0.0002383071671714694,0.00046775367545552344,2.5578449923579096e-06,2.612985403715474,,2,123
133,True,Replace + Select,18.398167917375265,0.0002564910271075846,0.000507147632258726,2.7732652881794364e-06,2.6295821464592657,,2,123
134,True,Replace + Select,18.417665306912237,0.00026267197711044347,0.0005167223086466769,2.825623055392099e-06,2.6405614554163304,,2,123
135,True,Replace + Select,18.434059740423,0.0002810831398998329,0.0005664298187160493,3.0974415624080085e-06,2.652373358424496,,2,123
136,True,Replace + Select,18.443371145547328,0.0002542948905555551,0.0005168234512812884,2.8261761396221763e-06,2.6500151967265317,,2,123
137,True,Replace + Select,18.458682851576857,0.0002438634555723299,0.000484019276243764,2.6467911358240766e-06,2.5464456501194945,,2,123
138,True,Replace + Select,18.479965054225374,0.0002595103660867461,0.000511363430135806,2.7963187841849587e-06,2.6148054650103334,,2,123
139,True,Replace + Select,18.49448380265767,0.0002696307072782463,0.0005304446120136707,2.9006615356706336e-06,2.6335945021680685,,2,123
140,True,Replace + Select,18.512230726540047,0.000267529524721045,0.0005334693364950337,2.9172018148258586e-06,2.5885730144385546,,2,123
141,True,Replace + Select,18.525960065067313,0.00027577662093235955,0.0005569371422629672,3.045532200272171e-06,2.5932072314469226,,2,123
142,True,Replace + Select,18.5411003422815,0.00027382931994779684,0.0005492142003755529,3.003300381967897e-06,2.712581769793868,,2,123
143,True,Replace + Select,18.557008468072976,0.0002602967600610343,0.0005181364403578322,2.833356035175509e-06,2.4355334574814105,,2,123
144,True,Replace + Select,18.572928580198482,0.00025963086158762287,0.0005290846431478119,2.8932247377664546e-06,2.546616336426482,,2,123
145,True,Replace + Select,18.58506714295832,0.00028115572297970415,0.0005695925211313704,3.1147363544317576e-06,2.5755206171353464,,2,123
146,True,Replace + Select,18.605741030516736,0.0003200991915704175,0.0006457015031020775,3.53092758631817e-06,2.629360698578572,,2,123
147,True,Replace + Select,18.618554665966823,0.00034292917457131027,0.000688678753841151,3.76594261956445e-06,2.4943949673162233,,2,123
148,True,Replace + Select,18.633496673685908,0.0003570746810813367,0.0007233025271892096,3.955277840049079e-06,2.6709106561651357,,2,123
149,True,Replace + Select,18.64867822695974,0.00030085857130773765,0.0006030802592125631,3.297859326309969e-06,2.583583714960544,,2,123
150,True,Replace + Select,18.65629757719376,0.0002647709634370214,0.0005334074490960959,2.916863392314674e-06,2.595566227859142,,2,123
151,True,Replace + Select,18.67242315179314,0.0002826361858168997,0.0005646779485423003,3.087861707483681e-06,2.5731204328769453,,2,123
152,True,Replace + Select,18.685181831898216,0.0002868006988253871,0.0005861718589232671,3.205398124446316e-06,2.683622286658301,,2,123
153,True,Replace + Select,18.69926202022152,0.00030773736952310703,0.0006110935014117953,3.3416786109193236e-06,2.5632152315100867,,2,123
154,True,Replace + Select,18.715326945065158,0.00029888909729377004,0.000583232040831426,3.1893221439051988e-06,2.5663212835852782,,2,123
155,True,Replace + Select,18.72642078913421,0.0003428681872134526,0.0006905283265305216,3.7760567469134257e-06,2.625324286365364,,2,123
156,True,Replace + Select,18.743230338802395,0.00030908365080020364,0.0006270173102148138,3.428755713127874e-06,2.6707558453631632,,2,123
157,True,Replace + Select,18.761167216997077,0.00030571341114555016,0.0006088219748065427,3.3292570881026513e-06,2.63638833517439,,2,123
158,True,Replace + Select,18.77814412288725,0.00029070477255628807,0.0005839870637901539,3.1934508804505975e-06,2.625770283316258,,2,123
159,True,Replace + Select,18.793519477280437,0.0002694448285097459,0.0005245854610775678,2.8686215952751142e-06,2.5409128179149234,,2,123
160,True,Replace + Select,18.807066071818078,0.000263886701246899,0.0005174374338244678,2.8295336165504703e-06,2.610608836922849,,2,123
161,True,Replace + Select,18.81655644391758,0.0003125399101172843,0.0006308400344616807,3.4496597414339936e-06,2.5235142965291653,,2,123
162,True,Replace + Select,18.827951782610654,0.00031094849405174165,0.0006304341442095891,3.447440187845775e-06,2.6902456812765267,,2,123
163,True,Replace + Select,18.83924175375218,0.0003200388181975509,0.0006389270273153834,3.4938823210939676e-06,2.568484316289796,,2,123
164,True,Replace + Select,18.854001038500396,0.00032380087067995913,0.000641213798339549,3.5063872058650706e-06,2.6542661638134177,,2,123
165,True,Replace + Select,18.873484004306462,0.00033862346281163973,0.0006696971917320941,3.6621446247320213e-06,2.629788254563578,,2,123
166,True,Replace + Select,18.89659815969197,0.00035221108684390664,0.000699804859780534,3.826784160432685e-06,2.65284179643596,,2,123
167,True,Replace + Select,18.911018114278598,0.00037855612489501506,0.0007731895618300954,4.2280780518603664e-06,2.59986431941276,,2,123
168,True,Replace + Select,18.924722142751516,0.0003985723588787153,0.0007929576756093322,4.336177193549292e-06,2.606957617241658,,2,123
169,True,Replace + Select,18.954247492170644,0.0003780013817938417,0.0007418972260301517,4.056960327671198e-06,2.6238085258061914,,2,123
170,True,Replace + Select,18.969518792190325,0.0003800200518221833,0.000762206082290658,4.16801644334119e-06,2.5066614501592994,,2,123
171,True,Replace + Select,18.98435702539123,0.00037839261913598843,0.0007500746174140212,4.101677238941668e-06,2.548212310215308,,2,123
172,True,Replace + Select,19.00081948223382,0.00032749206343248173,0.0006534354811319716,3.5732197542108233e-06,2.570895944325039,,2,123
173,True,Replace + Select,19.0125819472666,0.00033768562141538145,0.0006713008232286159,3.6709138573606506e-06,2.692927188729772,,2,123
174,True,Replace + Select,19.02437795281616,0.00034587312626295394,0.0006763586863301104,3.698572068263196e-06,2.636074353850419,,2,123
175,True,Replace + Select,19.040421994922045,0.0003616680010608025,0.0007095086621941475,3.879848035102018e-06,2.6872966822173145,,2,123
176,True,Replace + Select,19.054994177786437,0.0003660786572468449,0.0007118000784065837,3.892378321429923e-06,2.548757162263029,,2,123
177,True,Replace + Select,19.074939955689008,0.00035251609158761047,0.0006994031004526364,3.824587196220709e-06,2.5509874295255734,,2,123
178,True,Replace + Select,19.083939546340368,0.0004183004186686977,0.0008304506744295053,4.5412023687919385e-06,2.634383511850153,,2,123
179,True,Replace + Select,19.102009868580247,0.00038199673437640236,0.0007591094024256473,4.151082686320597e-06,2.6220752569184826,,2,123
180,True,Replace + Select,19.11723744128529,0.0003921380597655519,0.000781130899624593,4.271504137375348e-06,2.7057090173755016,,2,123
181,True,Replace + Select,19.139561425077535,0.0004602273813230937,0.0009225512837596936,5.044841559096354e-06,2.5873672826386107,,2,123
182,True,Replace + Select,19.152094547065506,0.0004026461336994738,0.0007988226588058983,4.368249026838449e-06,2.6697589724942103,,2,123
183,True,Replace + Select,19.17418117374531,0.0003343999426412055,0.000668712745031635,3.656761316817743e-06,2.6480410417041793,,2,123
184,True,Replace + Select,19.194149428003534,0.00031042407815797673,0.000622632909876314,3.404780238345334e-06,2.606946442227949,,2,123
185,True,Replace + Select,19.211920787619828,0.0002514153136266228,0.0005112448424516104,2.79567030416205e-06,2.5994825528006524,,2,123
186,True,Replace + Select,19.22962816063195,0.00024054323178149237,0.00047735059966183037,2.6103244186269493e-06,2.78272959115229,,2,123
187,True,Replace + Select,19.24630907123762,0.00023709715371228893,0.00048096303757143413,2.6300785257609777e-06,2.7153664861572824,,2,123
188,True,Replace + Select,19.260537646280138,0.0002466361842387231,0.0004954476217485375,2.7092854311213894e-06,2.5679228752948693,,2,123
189,True,Replace + Select,19.271833809986738,0.0002554990961698004,0.0005146598925430143,2.8143450238560046e-06,2.6587597104335274,,2,123
190,True,Replace + Select,19.29200051000806,0.0002553396637581679,0.0005102707506687195,2.7903436206538167e-06,2.723665110277339,,2,123
191,True,Replace + Select,19.30680766448464,0.0002576077950715071,0.0005263393064507933,2.8782122512991554e-06,2.5964447670648076,,2,123
192,True,Replace + Select,19.327854614344055,0.0002510847515182327,0.0005117597529690048,2.7984860196925525e-06,2.486137186122602,,2,123
193,True,Replace + Select,19.34461045346278,0.00025073714099799226,0.0004962553909040063,2.713702602803226e-06,2.641920064459633,,2,123
194,True,Replace + Select,19.36958304111207,0.0002472417635745535,0.0005068869493259762,2.7718397803339285e-06,2.5074244337901064,,2,123
195,True,Replace + Select,19.38084052752896,0.00023597595632300085,0.000475157874073312,2.5983338080545265e-06,2.684692384059051,,2,123
196,True,Replace + Select,19.39579234886367,0.0002367444607436227,0.0004706842044206227,2.5738701766197734e-06,2.7111594990891823,,2,123
197,True,Replace + Select,19.41275782050346,0.00024795029751146597,0.00048648355193874255,2.6602666798485073e-06,2.6198866504039833,,2,123
198,True,Replace + Select,19.429704647171803,0.0002422545978983934,0.0004832922799215202,2.6428156589868224e-06,2.547974628234334,,2,123
199,True,Replace + Select,19.447273461834325,0.0002285181260044353,0.0004538826450489555,2.481993219243071e-06,2.5895680732316446,,2,123
200,True,Replace + Select,19.46479965141271,0.00021728820788483592,0.00043563075870740105,2.382185353416328e-06,2.6280897539834283,,2,123
0,False,Accumulate,0.0,91.02361873341025,180.1439125971672,0.9850915747304235,0.1126082328059302,,2,123
1,False,Accumulate,0.7452738252005522,81.37688410657263,164.07054539549,0.8971966335156877,0.3504491485169907,100.0,2,123
2,False,Accumulate,0.7114711209165112,82.6898732539912,165.9597982240373,0.907527746108425,0.30146054613031886,200.0,2,123
3,False,Accumulate,0.7827207688073691,84.13441636978129,170.81958524155505,0.9341028058865831,0.310073793209552,300.0,2,123
4,False,Accumulate,0.7534677926270194,83.58779976155903,167.83477471784119,0.9177807905784541,0.3154832546810838,400.0,2,123
5,False,Accumulate,0.7562263368110637,82.35520224692938,165.18495951647364,0.903290649935751,0.3702339844248874,500.0,2,123
6,False,Accumulate,0.5672135147879038,82.08836901578336,163.04756562049033,0.8916026129188038,0.3200133655477992,600.0,2,123
7,False,Accumulate,0.5988595866994574,83.05199021962652,166.51638949652903,0.9105713869686419,0.29827659164770715,700.0,2,123
8,False,Accumulate,0.6494637337470702,82.58081124164204,166.7438219184029,0.9118150690857805,0.30683427556038745,800.0,2,123
9,False,Accumulate,0.6545105072847827,83.09774004680553,167.042783092945,0.9134498960969575,0.3030275595741555,900.0,2,123
10,False,Accumulate,0.6839562808843821,83.39539637463581,166.80679089334274,0.9121594060427631,0.3010442873249819,1000.0,2,123
11,False,Accumulate,0.5874821510960351,83.09339564348446,168.81891819298167,0.9231624403478511,0.2880117689349074,1100.0,2,123
12,False,Accumulate,0.5958805013179342,84.13629781300307,169.7781906311793,0.9284080863600631,0.3009154204730058,1200.0,2,123
13,False,Accumulate,0.5676550259793385,83.36629557415527,163.30563715881195,0.893013840722248,0.3108092802313627,1300.0,2,123
14,False,Accumulate,0.5586877351007052,82.94167859401348,164.4449043106978,0.899243762436003,0.34266995842689973,1400.0,2,123
15,False,Accumulate,0.5862769034499471,83.24057674260439,165.73300431197592,0.9062875555921269,0.33023182870664924,1500.0,2,123
16,False,Accumulate,0.544843070367995,83.21549203922946,166.58366365233994,0.9109392661999242,0.2565650243428985,1600.0,2,123
17,False,Accumulate,0.5199926098154913,83.16118597391358,165.50608624117802,0.9050466861312924,0.2815954013556652,1700.0,2,123
18,False,Accumulate,0.5220355337807256,83.13460127087254,166.83963862221287,0.9123390292145511,0.30286645587347527,1800.0,2,123
19,False,Accumulate,0.5034181718156097,83.36247700963034,167.9796734309864,0.9185731487517098,0.3155407600515643,1900.0,2,123
20,False,Accumulate,0.45369200329981363,83.34390693977582,167.4284955438933,0.9155591102259268,0.2697683562830619,2000.0,2,123
21,False,Accumulate,0.44972766652658175,83.22411045807682,167.4635306866699,0.9157506949621034,0.2964324760885776,2100.0,2,123
22,False,Accumulate,0.45391082342726446,83.60249008973886,165.98706596517283,0.9076768559044057,0.27098357130837203,2200.0,2,123
23,False,Accumulate,0.4582484878953259,83.34527717833868,166.0101316868188,0.9078029875495495,0.29151128881890054,2300.0,2,123
24,False,Accumulate,0.46142164339808955,83.09080594861564,165.6834760761935,0.9060167174212607,0.29855189197686044,2400.0,2,123
25,False,Accumulate,0.4671482888892189,82.91715785556595,167.0923722828807,0.9137210675870127,0.29326107398896295,2500.0,2,123
26,False,Accumulate,0.4471260117984671,83.12421394445622,165.55487932521083,0.9053135042285173,0.30759908361405847,2600.0,2,123
27,False,Accumulate,0.44875867829994703,83.06742928874897,164.82447601635664,0.9013193967655777,0.2721499304442371,2700.0,2,123
28,False,Accumulate,0.4534672678599015,83.15886978628755,166.87083730241108,0.9125096347962933,0.29773890955061005,2800.0,2,123
29,False,Accumulate,0.4660981407812733,83.02768113289821,164.02014457687767,0.8969210237487034,0.3089475738808933,2900.0,2,123
30,False,Accumulate,0.454703576824164,83.03203493362543,164.64063700292573,0.9003140990531731,0.2725736607176702,3000.0,2,123
31,False,Accumulate,0.4374512322454292,82.73206054298295,165.94424466842608,0.9074426936835674,0.2967766000335558,3100.0,2,123
32,False,Accumulate,0.43816634106605956,82.56072668868174,163.1208580058198,0.89200340198927,0.2608142420586605,3200.0,2,123
33,False,Accumulate,0.441498461651085,82.65265487932864,166.68393728172197,0.9114875983974865,0.2946434470450381,3300.0,2,123
34,False,Accumulate,0.43183254663634135,82.60337556537792,165.56614365066173,0.9053751016032868,0.2828514838851775,3400.0,2,123
35,False,Accumulate,0.460644316149016,82.46680603219058,164.59547361020984,0.9000671294109063,0.278757497358573,3500.0,2,123
36,False,Accumulate,0.47636891316628494,82.27200586501003,163.20268242796502,0.8924508472995241,0.3078411222275943,3600.0,2,123
37,False,Accumulate,0.48446384318443914,82.38688958801615,164.2528922382313,0.8981937715031635,0.26164615126111346,3700.0,2,123
38,False,Accumulate,0.4727548264113095,82.32511597141023,164.68663977654373,0.9005656587314991,0.32822695335519125,3800.0,2,123
39,False,Accumulate,0.45896635564002725,82.38113983401237,164.92685099007832,0.9018792198682434,0.2887332387012041,3900.0,2,123
40,False,Accumulate,0.4610923946741068,82.44372351537406,162.6668717188536,0.8895208420188223,0.3245037872089773,4000.0,2,123
41,False,Accumulate,0.47788001091979576,82.50764959614057,162.99475323701003,0.8913138158495172,0.3430590612279404,4100.0,2,123
42,False,Accumulate,0.4639001088290892,82.7637468334487,166.60448477685097,0.911053123582261,0.3247057272567863,4200.0,2,123
43,False,Accumulate,0.46654976299945045,82.91257461469972,164.36222012944,0.8987916156543203,0.3335993421976065,4300.0,2,123
44,False,Accumulate,0.4538625942419652,82.97583321842677,166.15966630203343,0.9086206964993262,0.3031047506030046,4400.0,2,123
45,False,Accumulate,0.4534604138228135,82.96888119873685,163.25053107262073,0.8927125008632391,0.30194921279160136,4500.0,2,123
46,False,Accumulate,0.4579934476376944,82.82153154320028,165.7564481297514,0.9064157548026203,0.33090940707259375,4600.0,2,123
47,False,Accumulate,0.4641986613360801,82.86745875450818,166.4432310338994,0.9101713302355685,0.3277483273521051,4700.0,2,123
48,False,Accumulate,0.4673245660016031,82.9952673625216,168.7191831046381,0.9226170530859903,0.31179359184688527,4800.0,2,123
49,False,Accumulate,0.46667042698751815,82.96825366654016,166.79339579356804,0.9120861568291734,0.31304511505473487,4900.0,2,123
50,False,Accumulate,0.47232925014017785,82.95733753396394,164.55292969352314,0.8998344840037988,0.28150136761481714,5000.0,2,123
51,False,Accumulate,0.4856362232863072,82.84479568131168,166.2525008724189,0.9091283492521279,0.274597285432974,5100.0,2,123
52,False,Accumulate,0.4776111288070198,82.81390842923253,164.9620620585153,0.9020717666290772,0.2871904255248109,5200.0,2,123
53,False,Accumulate,0.4679119572214496,82.70908832210634,164.8048437888349,0.9012120406987195,0.3057294522684637,5300.0,2,123
54,False,Accumulate,0.46211996943940864,82.67950980722077,167.48021236021805,0.9158419163407653,0.32585523963167884,5400.0,2,123
55,False,Accumulate,0.4710455374952033,82.58684922636822,166.19783196626906,0.9088294000505063,0.3244495898399779,5500.0,2,123
56,False,Accumulate,0.4772870955654611,82.70028782346472,164.6621114036154,0.9004315287841409,0.29011603994449575,5600.0,2,123
57,False,Accumulate,0.48238065488224663,82.55907559965473,164.8743101119308,0.9015919074875702,0.30351697202215444,5700.0,2,123
58,False,Accumulate,0.46635431641282693,82.52182635679372,165.30814355871436,0.9039642644942619,0.3291079662892434,5800.0,2,123
59,False,Accumulate,0.4674494208415537,82.63168017161198,166.18677595600823,0.9087689418179685,0.28041705031805336,5900.0,2,123
60,False,Accumulate,0.4710711775795434,82.66666781424257,165.12910433582553,0.9029852137593727,0.30904672145898693,6000.0,2,123
61,False,Accumulate,0.46703889735233023,82.63807411424716,167.1253454502915,0.9139013767017657,0.29806918867903825,6100.0,2,123
62,False,Accumulate,0.4618005611015536,82.57932679656793,163.84420792322345,0.8959589389760217,0.3073287665301599,6200.0,2,123
63,False,Accumulate,0.4737960560088703,82.62007048175919,165.52096195050328,0.9051280318493529,0.3251710524582272,6300.0,2,123
64,False,Accumulate,0.4760670823276849,82.54555417856807,165.77566716008806,0.9065208513589579,0.2807932879357872,6400.0,2,123
65,False,Accumulate,0.46744036847131165,82.47402996845318,163.79190316635822,0.8956729177912733,0.31097801255952695,6500.0,2,123
66,False,Accumulate,0.47276595966355084,82.43171732054223,164.7345216194774,0.900827493835314,0.2856159048221298,6600.0,2,123
67,False,Accumulate,0.47494420940849436,82.36017495633712,162.4213773771145,0.8881783908407358,0.30268397151365956,6700.0,2,123
68,False,Accumulate,0.4704776466274586,82.4131352480134,166.47234336940647,0.9103305269356695,0.3314831171590101,6800.0,2,123
69,False,Accumulate,0.4729133833097388,82.48032411187282,167.10809330795968,0.9138070357950313,0.2820539932179844,6900.0,2,123
70,False,Accumulate,0.4663352533891995,82.63130826302192,163.9414658980573,0.896490780492079,0.32253714673242656,7000.0,2,123
71,False,Accumulate,0.4510236884728329,82.59259655326824,166.76382534886855,0.9119244550235751,0.2894183783506208,7100.0,2,123
72,False,Accumulate,0.44453952241902095,82.51467016553113,162.93150239936028,0.8909679375660654,0.28806552266955976,7200.0,2,123
73,False,Accumulate,0.4440533596471141,82.64704697161349,164.96290907478902,0.902076398418089,0.28674241017516244,7300.0,2,123
74,False,Accumulate,0.44796599160847517,82.70578107346059,165.40149972762345,0.9044747695350128,0.31754027504111865,7400.0,2,123
75,False,Accumulate,0.44084047325705494,82.7177725269023,163.77508663773787,0.8955809589766718,0.294811379200157,7500.0,2,123
76,False,Accumulate,0.4336066507664755,82.75196858442558,168.65646095833776,0.9222740658766049,0.26615715847280436,7600.0,2,123
77,False,Accumulate,0.43372322397562263,82.70834404204115,164.52553110719754,0.8996846586993533,0.3033036463743768,7700.0,2,123
78,False,Accumulate,0.4350870031819846,82.68185695219698,166.03820304975415,0.9079564918379828,0.2886175174981925,7800.0,2,123
79,False,Accumulate,0.44194433974366765,82.73587213201664,165.09541793473784,0.9028010044268671,0.3019815407398522,7900.0,2,123
80,False,Accumulate,0.4366103005702991,82.73095420284186,163.76162508029407,0.8955073463486931,0.3403014944701688,8000.0,2,123
81,False,Accumulate,0.43945968991204637,82.7379099975176,166.48355794686572,0.9103918522705642,0.2618985650031034,8100.0,2,123
82,False,Accumulate,0.4286010363113263,82.77242744494355,165.27321898610302,0.9037732843954371,0.29940352452521285,8200.0,2,123
83,False,Accumulate,0.42657104295419346,82.81022699496266,167.4475494886514,0.9156633040350652,0.3064767764256156,8300.0,2,123
84,False,Accumulate,0.41996670584563695,82.84794549244343,165.3504354974138,0.9041955319952903,0.28851748555108814,8400.0,2,123
85,False,Accumulate,0.42344616248960004,82.89588771872289,164.33476272849902,0.898641468730447,0.3167824014428163,8500.0,2,123
86,False,Accumulate,0.42300066786903595,82.79300374863696,164.72791709449206,0.9007913779220736,0.25044017754834774,8600.0,2,123
87,False,Accumulate,0.426424101529624,82.84214442706978,163.55824572099968,0.8943951950113177,0.28868428411280395,8700.0,2,123
88,False,Accumulate,0.42689332048973166,82.84729475574264,164.78061613948967,0.9010795552158553,0.26514463037769265,8800.0,2,123
89,False,Accumulate,0.4318371161116427,82.98827430899958,168.61310643918432,0.9220369878042526,0.3224509062591925,8900.0,2,123
90,False,Accumulate,0.4281305721171976,82.92924378923004,163.2830529988578,0.8928903424292863,0.29731179007160535,9000.0,2,123
91,False,Accumulate,0.421156501740619,82.94390365291547,165.060208861711,0.9026084685776521,0.3320610367745675,9100.0,2,123
92,False,Accumulate,0.41791566559840404,82.82297208456902,165.8706406402657,0.9070402004382411,0.2757987203288057,9200.0,2,123
93,False,Accumulate,0.4155911900830203,82.89075578954365,164.50248436947476,0.8995586308651156,0.343746226957342,9300.0,2,123
94,False,Accumulate,0.4093203328637293,82.77833026792507,164.6979318860233,0.9006274080393102,0.31051099532756243,9400.0,2,123
95,False,Accumulate,0.41009140821377943,82.7157690516968,164.0292814620738,0.896970987516539,0.322205079281031,9500.0,2,123
96,False,Accumulate,0.415943600375079,82.74453881828275,165.49289198909162,0.9049745352249542,0.2887627044542403,9600.0,2,123
97,False,Accumulate,0.42509360442733446,82.75000693496007,163.3809574992596,0.8934257193792123,0.3016560065749272,9700.0,2,123
98,False,Accumulate,0.4272415743068736,82.67059663650149,166.7043425566015,0.9115991817647736,0.3185390249221841,9800.0,2,123
99,False,Accumulate,0.4282846240504663,82.65885328862637,164.92282965736806,0.901857229777571,0.30425393968325687,9900.0,2,123
100,False,Accumulate,0.4274099150218269,82.77166085936962,165.3103379777914,0.9039762643654373,0.292223019475499,10000.0,2,123
101,False,Accumulate,0.42764175453301156,82.75340355740593,160.72972174831116,0.8789278106615104,0.297660354174009,10100.0,2,123
102,False,Accumulate,0.42903542922341387,82.80705279622647,165.16655118603416,0.9031899865774429,0.3292921138948075,10200.0,2,123
103,False,Accumulate,0.4279438857027118,82.75274422991575,164.82811387290863,0.901339289870972,0.30966843710292313,10300.0,2,123
104,False,Accumulate,0.42348543534516514,82.78467955028,168.8111343865357,0.923119875700294,0.35266690925069744,10400.0,2,123
105,False,Accumulate,0.4241615254653321,82.77163214446028,166.23203619246232,0.9090164410365567,0.2979186591717246,10500.0,2,123
106,False,Accumulate,0.4236218492535003,82.7129107497179,164.24521220659796,0.8981517743335306,0.29698919656668643,10600.0,2,123
107,False,Accumulate,0.42898019882925953,82.71001900743518,167.7233980119706,0.9171717427733268,0.26499413483882683,10700.0,2,123
108,False,Accumulate,0.4292281982105003,82.63714338217433,161.9715391222916,0.8857185137989375,0.27708500985567497,10800.0,2,123
109,False,Accumulate,0.4300912153966558,82.57511180296817,164.51567784641745,0.8996307775326896,0.2943846324060857,10900.0,2,123
110,False,Accumulate,0.4320190451245464,82.63352887032458,165.8646552709546,0.9070074702904664,0.3097118011630169,11000.0,2,123
111,False,Accumulate,0.4374078195881516,82.68487757878216,161.69831508007508,0.8842244266653736,0.3051192116574488,11100.0,2,123
112,False,Accumulate,0.43363150153201874,82.74727163800766,164.66715660940713,0.9004591177803305,0.24332275688723065,11200.0,2,123
113,False,Accumulate,0.4295531873419094,82.7080660833604,166.1320139557558,0.9084694835443787,0.29411416123374445,11300.0,2,123
114,False,Accumulate,0.4324475486232888,82.68858211776863,165.86721027191703,0.9070214419528181,0.28329700410412345,11400.0,2,123
115,False,Accumulate,0.43126303463219445,82.69222995981724,165.15678373390597,0.9031365746432879,0.2868909758560534,11500.0,2,123
116,False,Accumulate,0.42620689078163987,82.69365723332488,165.48706702019874,0.9049426822042402,0.30589508291712963,11600.0,2,123
117,False,Accumulate,0.42721370508098516,82.65077357702717,163.00286962527488,0.8913581991738365,0.2818370862326069,11700.0,2,123
118,False,Accumulate,0.4231629105709215,82.71344844236012,165.78887207171334,0.9065930605554807,0.30983069917776684,11800.0,2,123
119,False,Accumulate,0.42287552958819485,82.78436537326046,165.89342480489134,0.907164792428536,0.3327153310651466,11900.0,2,123
120,False,Accumulate,0.4254628631862929,82.8321057523269,166.46398564739374,0.9102848239117928,0.2995809222128517,12000.0,2,123
121,False,Accumulate,0.4340761930166059,82.7880525265666,164.37813120872704,0.8988786231469663,0.294352438055601,12100.0,2,123
122,False,Accumulate,0.44009296788442404,82.79703049932209,168.49872328717487,0.9214114996725077,0.2809109594716065,12200.0,2,123
123,False,Accumulate,0.44432124916105276,82.8569965648892,165.7530944133785,0.9063974154777142,0.29829998367172383,12300.0,2,123
124,False,Accumulate,0.43771607452359057,82.84660483683186,165.41441082289052,0.9045453720382269,0.2804755892386006,12400.0,2,123
125,False,Accumulate,0.4381540140908081,82.89689328767088,164.68605230176072,0.9005624462085181,0.32792193919688184,12500.0,2,123
126,False,Accumulate,0.43968095596555845,82.89206097189519,166.17082692639883,0.9086817267993379,0.2902565400781777,12600.0,2,123
127,False,Accumulate,0.43578193691408096,82.86884438421124,165.91193235713536,0.9072659983672858,0.27144765129541726,12700.0,2,123
128,False,Accumulate,0.4372351128525991,82.8774001843317,165.5727711823744,0.9054113433255703,0.2665108752673339,12800.0,2,123
129,False,Accumulate,0.4371253118536592,82.85281465098622,163.8644505840313,0.8960696331111965,0.286493717641433,12900.0,2,123
130,False,Accumulate,0.43090352631062784,82.90827490836885,168.6864566528258,0.9224380931006856,0.30065938341281884,13000.0,2,123
131,False,Accumulate,0.4358814795436491,82.98547303388833,167.3062613585866,0.9148906898260718,0.3134940832395344,13100.0,2,123
132,False,Accumulate,0.44529101293219453,83.03318709215912,166.99038938562293,0.9131633884991832,0.2765025143801883,13200.0,2,123
133,False,Accumulate,0.4449826841205768,83.04664293216176,164.78523801373078,0.9011048292831758,0.31056872457391715,13300.0,2,123
134,False,Accumulate,0.44626718148067956,83.08669957547086,164.4550724912333,0.8992993656969261,0.30419792389711997,13400.0,2,123
135,False,Accumulate,0.44436915190655046,83.05691944342392,166.22574332333815,0.9089820293694305,0.3058570809705715,13500.0,2,123
136,False,Accumulate,0.43740010175544836,83.06259044660933,168.27209165525625,0.920172196562279,0.2795824082912556,13600.0,2,123
137,False,Accumulate,0.4404443398888469,83.06840867557962,165.0324057061361,0.9024564309433358,0.29054682362206796,13700.0,2,123
138,False,Accumulate,0.44280495037668804,83.0612756082243,164.96779937023615,0.9021031403089109,0.31645676441293924,13800.0,2,123
139,False,Accumulate,0.4431598884232711,83.0230589917132,167.9604643236442,0.9184681064578678,0.34386581901843477,13900.0,2,123
140,False,Accumulate,0.44021742844647865,83.03552749592683,168.28657609750064,0.9202514026915004,0.3097633379836702,14000.0,2,123
141,False,Accumulate,0.4398463410177436,83.03883785912011,166.89568215610865,0.9126454953740949,0.27196235171233163,14100.0,2,123
142,False,Accumulate,0.4382411722229746,83.04457995210359,165.69258775852984,0.9060665433708125,0.3007230116873922,14200.0,2,123
143,False,Accumulate,0.44025143077037365,83.01811215977284,165.82171861052558,0.906772677219605,0.28736851997167856,14300.0,2,123
144,False,Accumulate,0.4415344519405988,83.05764455080387,163.71575311834422,0.895256501995522,0.3067179189045869,14400.0,2,123
145,False,Accumulate,0.4461539360953854,83.08642727909496,167.6843564969888,0.9169582497558899,0.3081518720887251,14500.0,2,123
146,False,Accumulate,0.4452582170557537,83.12717086279936,166.6697831614712,0.9114101985874916,0.27092956891673503,14600.0,2,123
147,False,Accumulate,0.4481282913742681,83.13412464170958,162.1648855870298,0.886775801667684,0.2739004022559467,14700.0,2,123
148,False,Accumulate,0.44661658709031415,83.10251350410613,165.0969155425691,0.902809193884038,0.30857990699917826,14800.0,2,123
149,False,Accumulate,0.44646046930196426,83.12833177161937,166.96034912379906,0.9129991175649133,0.2867083865031318,14900.0,2,123
150,False,Accumulate,0.44992484859899956,83.09903439256178,165.30002198284672,0.9039198528022685,0.30584988611404096,15000.0,2,123
151,False,Accumulate,0.4478924635887246,83.05540649419206,167.23964812146093,0.9145264247353898,0.2810843669818243,15100.0,2,123
152,False,Accumulate,0.4485975215797084,83.16736852403056,168.4110114411913,0.9209318598154803,0.2502398734315051,15200.0,2,123
153,False,Accumulate,0.45060608498035304,83.18680056805414,168.60150820781558,0.9219735645120725,0.2675821699891531,15300.0,2,123
154,False,Accumulate,0.4515260793773153,83.1556255049197,165.07821088193546,0.9027069100858639,0.292429444578861,15400.0,2,123
155,False,Accumulate,0.4591968737019344,83.1391525865596,165.56486637516963,0.9053681170024322,0.27661994328781014,15500.0,2,123
156,False,Accumulate,0.45962977539505084,83.08116878270731,164.60196381981905,0.9001026202066378,0.3013620334269956,15600.0,2,123
157,False,Accumulate,0.4592070104601254,83.07517760973677,164.3931735761396,0.8989608802112682,0.33250874874106084,15700.0,2,123
158,False,Accumulate,0.4585361737909725,83.07512126192843,165.59669263362616,0.9055421544073532,0.28393551279007556,15800.0,2,123
159,False,Accumulate,0.4592811184913947,83.05070095153768,164.94179499195252,0.9019609390344743,0.2850809800654699,15900.0,2,123
160,False,Accumulate,0.46543001973422066,83.03819632498042,166.65995991710255,0.9113564815613399,0.3099021777043878,16000.0,2,123
161,False,Accumulate,0.4690588794865442,83.01081336592287,165.63003766239927,0.905724496993511,0.3105181079123726,16100.0,2,123
162,False,Accumulate,0.4649181810065746,83.00034689946989,164.14341168583658,0.8975950925458454,0.3218376883048345,16200.0,2,123
163,False,Accumulate,0.46485885485871736,82.99799275510681,165.35658035777828,0.9042291342973925,0.28050026515470494,16300.0,2,123
164,False,Accumulate,0.4641619419427593,83.0151640172295,166.09875033910603,0.9082875861489335,0.30199968499636287,16400.0,2,123
165,False,Accumulate,0.46810808909982415,82.96771193070526,168.36834398914218,0.9206985388726694,0.3180673722126204,16500.0,2,123
166,False,Accumulate,0.46821674902186433,83.01072925249412,166.09377741192333,0.9082603923981216,0.3027830832919153,16600.0,2,123
167,False,Accumulate,0.46855622429212496,83.03666041390856,168.86648579302863,0.9234225570587675,0.3346047950449058,16700.0,2,123
168,False,Accumulate,0.4677347047692089,83.02610979705956,163.98993703516825,0.896755838067976,0.29540136327164146,16800.0,2,123
169,False,Accumulate,0.46808434885149436,83.04587331342022,167.53826884633696,0.916159390045592,0.277599304405435,16900.0,2,123
170,False,Accumulate,0.47307380387414366,83.0554698153374,164.35657931122896,0.8987607696356334,0.31379752751843565,17000.0,2,123
171,False,Accumulate,0.47327042960798277,83.09560647474945,171.12553289324708,0.935775837462534,0.34084535820039935,17100.0,2,123
172,False,Accumulate,0.4734247513751444,83.06314447073889,165.09133578661778,0.9027786817757051,0.29765135925341013,17200.0,2,123
173,False,Accumulate,0.47610837900483594,83.04043145545951,167.5264741072878,0.9160948921788812,0.30137399656737784,17300.0,2,123
174,False,Accumulate,0.4770967847737104,83.08068341621278,167.55312718910005,0.916240640797057,0.3400691108945082,17400.0,2,123
175,False,Accumulate,0.4756202105315437,83.08363914418321,166.66508209352992,0.9113844914605927,0.33461235098602404,17500.0,2,123
176,False,Accumulate,0.4753014781781451,83.10281371683519,165.197108147473,0.9033570830106711,0.2574878801489071,17600.0,2,123
177,False,Accumulate,0.47448619812636983,83.11085036885247,166.6781392657483,0.9114558927650094,0.31834576406220283,17700.0,2,123
178,False,Accumulate,0.47831087315818266,83.10309268417875,165.21820288431613,0.90347243660345,0.3090030860671855,17800.0,2,123
179,False,Accumulate,0.48319060419145443,83.13427790363394,166.08545372231043,0.9082148754756227,0.2998615820945687,17900.0,2,123
180,False,Accumulate,0.4858865908300247,83.15644502613631,166.46811070623423,0.9103073812141764,0.2781126399842051,18000.0,2,123
181,False,Accumulate,0.4833674433731494,83.1656495434224,169.72607503686044,0.928123099584016,0.2901790152735288,18100.0,2,123
182,False,Accumulate,0.47784584945680103,83.17581760143584,166.00698913450557,0.9077858029455167,0.2767437969581723,18200.0,2,123
183,False,Accumulate,0.4784709219673243,83.1696946221947,168.23480624148738,0.9199683065366072,0.2993780955550843,18300.0,2,123
184,False,Accumulate,0.4764974766817551,83.18908521764268,167.8425049744679,0.9178230623963783,0.3098059748314512,18400.0,2,123
185,False,Accumulate,0.47923846500717404,83.19663366417518,165.78810865851514,0.9065888859380943,0.2931374390237933,18500.0,2,123
186,False,Accumulate,0.47795400140374966,83.22215840621338,166.4924667653657,0.9104405688878431,0.2863251555308819,18600.0,2,123
187,False,Accumulate,0.4755342139235358,83.22861325518859,166.6488492661009,0.9112957245336185,0.280142162265344,18700.0,2,123
188,False,Accumulate,0.4739954615120841,83.21916751890993,167.88915133088753,0.9180781414164706,0.29188254034080596,18800.0,2,123
189,False,Accumulate,0.4747655855353468,83.16611575855123,166.0778234359545,0.9081731503310223,0.3133521852453991,18900.0,2,123
190,False,Accumulate,0.47417829209356155,83.15458487466475,166.12507860608193,0.9084315585629955,0.31990759917683514,19000.0,2,123
191,False,Accumulate,0.47594560118818846,83.18387875199902,166.85318086134978,0.9124130830389875,0.2983314451121876,19100.0,2,123
192,False,Accumulate,0.4776775474885974,83.16109865957787,163.89863834740845,0.8962565840726593,0.28878748921775843,19200.0,2,123
193,False,Accumulate,0.47670462736920893,83.15994485494558,166.37045571734154,0.9097733686827416,0.2696060643417273,19300.0,2,123
194,False,Accumulate,0.4792330963270468,83.14435913363828,163.9526416814813,0.8965518936872644,0.3340918668704551,19400.0,2,123
195,False,Accumulate,0.4806741292680117,83.12560666322558,167.20568367766185,0.9143406949655379,0.3160951003290223,19500.0,2,123
196,False,Accumulate,0.4830739838849381,83.11332711589725,165.84599207036683,0.9069054132107047,0.30775719188431916,19600.0,2,123
197,False,Accumulate,0.48071364881460477,83.11399666309373,164.0501072514029,0.8970848704077754,0.2842869834245028,19700.0,2,123
198,False,Accumulate,0.48317796144464153,83.13080636209946,164.93259974130603,0.9019106561034066,0.2745837987896597,19800.0,2,123
199,False,Accumulate,0.48205081473431133,83.11600841966901,164.8503645400572,0.9014609645055693,0.2825123816790396,19900.0,2,123
200,False,Accumulate,0.4841586283000863,83.12969938977608,166.04135767150166,0.9079737424420145,0.2726413164752938,20000.0,2,123
0,True,Accumulate + Select,0.0,91.02361873341025,175.87999672871317,0.9617749522766517,0.08743821432902069,,2,123
1,True,Accumulate + Select,4.9427504682385095,57.34022947123719,114.25093148261848,0.6247651024451003,0.7012641743679318,100.0,2,123
2,True,Accumulate + Select,6.299322183168384,41.947138865181735,82.8703647266858,0.453164899719066,1.0125283632551951,200.0,2,123
3,True,Accumulate + Select,7.6752071194507225,35.78041412139426,72.66250448442023,0.39734465591672496,1.0892316845313017,300.0,2,123
4,True,Accumulate + Select,9.259549641999124,32.051842818381544,63.76678943866851,0.34869969302881176,1.265761480286941,400.0,2,123
5,True,Accumulate + Select,10.721675277982069,29.09438327087562,59.18568986806791,0.3236485962421487,1.3026497855014996,500.0,2,123
6,True,Accumulate + Select,12.29423528715762,27.01667950505318,54.644233531233056,0.2988142828872135,1.3548249838781994,600.0,2,123
7,True,Accumulate + Select,13.53131939330563,25.04828209858823,49.880432124922805,0.27276410688410296,1.5177695699654175,700.0,2,123
8,True,Accumulate + Select,14.713086144374378,23.447879339755474,46.75555823694869,0.2556761748260157,1.5106761544907337,800.0,2,123
9,True,Accumulate + Select,15.636636407230611,22.101430016822214,44.31245705279495,0.2423164206271296,1.6181415690326109,900.0,2,123
10,True,Accumulate + Select,16.521084961445975,20.941252168739545,41.37423003494125,0.226249140649674,1.5893321216848253,1000.0,2,123
11,True,Accumulate + Select,17.233398797821565,19.915093601105312,40.2141737411676,0.2199055364460458,1.6460678518042866,1100.0,2,123
12,True,Accumulate + Select,17.817414943683602,18.920799462383172,38.097695812535825,0.20833187544613008,1.6773218040605509,1200.0,2,123
13,True,Accumulate + Select,18.398620825401306,18.11855491537419,35.97521344106306,0.196725379997532,1.7734422849576372,1300.0,2,123
14,True,Accumulate + Select,18.864669790637137,17.36375455307421,34.626808698379556,0.18935181886968874,1.7699410363872885,1400.0,2,123
15,True,Accumulate + Select,19.315328892355343,16.6679091030353,33.57311316159772,0.18358983346229973,1.8872016773478286,1500.0,2,123
16,True,Accumulate + Select,19.715465758568616,16.027244442357222,31.64087669826552,0.17302367092606205,1.7653684037756743,1600.0,2,123
17,True,Accumulate + Select,20.092091047627044,15.478254509376981,30.876958268759715,0.1688462907535205,1.7529705328739815,1700.0,2,123
18,True,Accumulate + Select,20.415844096573696,14.98680273520556,29.908515669892935,0.16355049901124266,2.061430922593842,1800.0,2,123
19,True,Accumulate + Select,20.689196879001038,14.520484961220633,29.334638716982308,0.1604123338459929,1.7428641243723642,1900.0,2,123
20,True,Accumulate + Select,20.95939507292182,14.074228302147633,28.54777877984055,0.15610950127509954,1.9122690557349957,2000.0,2,123
21,True,Accumulate + Select,21.219547237640995,13.680882021308244,27.2686115484673,0.14911455571113358,1.996006101728938,2100.0,2,123
22,True,Accumulate + Select,21.44138742411279,13.336690482373353,26.90101606542504,0.14710441166555796,1.8810613339412883,2200.0,2,123
23,True,Accumulate + Select,21.655743247205763,12.968266200976704,26.064838100386805,0.14253189041597036,1.9352000846510025,2300.0,2,123
24,True,Accumulate + Select,21.843253933481837,12.645380647370901,25.228232259980416,0.13795702939028862,1.8478607681847428,2400.0,2,123
25,True,Accumulate + Select,22.01463266776578,12.322018933919177,24.652379468313868,0.1348080596295162,1.9445131354862368,2500.0,2,123
26,True,Accumulate + Select,22.176636993835977,12.050683824050761,24.131548737191558,0.13195997024535489,1.9008919503106043,2600.0,2,123
27,True,Accumulate + Select,22.3445812692579,11.765996223284555,23.806062321187444,0.13018009369292402,1.8879113763930933,2700.0,2,123
28,True,Accumulate + Select,22.460411801908226,11.516846981399315,23.201818014724502,0.1268758689384272,1.9696986740060556,2800.0,2,123
29,True,Accumulate + Select,22.596467427888744,11.270834040642686,22.548427079844792,0.12330289277911312,2.097035534668702,2900.0,2,123
30,True,Accumulate + Select,22.72769744602478,11.029133614386577,22.057698441209297,0.12061941244148022,2.052748178791036,3000.0,2,123
31,True,Accumulate + Select,22.849006452062472,10.815446807529081,21.32933974030975,0.11663648562872582,2.037321856858785,3100.0,2,123
32,True,Accumulate + Select,22.957971476238807,10.600630054543275,21.34679888509968,0.11673195849920255,2.1051645571658715,3200.0,2,123
33,True,Accumulate + Select,23.082788758145174,10.400680648916747,20.527925583280414,0.11225406535941224,2.0174553519385254,3300.0,2,123
34,True,Accumulate + Select,23.164594371485148,10.205280311065643,20.230161579489316,0.11062578490761293,2.0492279769593846,3400.0,2,123
35,True,Accumulate + Select,23.273744098864128,10.026307047120763,20.33576116305761,0.11120324133435763,1.9495641935234849,3500.0,2,123
36,True,Accumulate + Select,23.359127173225378,9.850136308427217,19.59374317480928,0.10714562063553117,2.056111917956848,3600.0,2,123
37,True,Accumulate + Select,23.43165388011051,9.689369828156838,19.04937432901541,0.10416881639160193,2.029767220802458,3700.0,2,123
38,True,Accumulate + Select,23.5098512781062,9.5244682620426,19.101110783620825,0.10445172989560794,2.054183335600161,3800.0,2,123
39,True,Accumulate + Select,23.606459261386895,9.380384423026722,18.47717440095333,0.1010398218001734,2.0283176099696134,3900.0,2,123
40,True,Accumulate + Select,23.676238016106492,9.223469761082294,18.594461475566174,0.1016811896230443,2.0861138113606272,4000.0,2,123
41,True,Accumulate + Select,23.748411889265622,9.080990607931506,18.327334018085725,0.10022044080311839,1.9982754823588413,4100.0,2,123
42,True,Accumulate + Select,23.824648866630522,8.946883370434723,17.774736972171286,0.09719864180750917,2.051022645525615,4200.0,2,123
43,True,Accumulate + Select,23.908716306960002,8.817176739227223,17.978911930995228,0.09831514376868372,2.122069119920841,4300.0,2,123
44,True,Accumulate + Select,23.992177262373662,8.693584926394466,17.402189072644425,0.09516141617098106,2.076102093178871,4400.0,2,123
45,True,Accumulate + Select,24.059363980497125,8.571669967877419,17.228811087906536,0.09421332311833955,2.1513562496893,4500.0,2,123
46,True,Accumulate + Select,24.130168347923103,8.457843102266427,16.62105784323277,0.09088991023021167,2.0222406089502614,4600.0,2,123
47,True,Accumulate + Select,24.18899305570826,8.342320754751379,16.64708544492363,0.09103223849857477,2.1116535548230946,4700.0,2,123
48,True,Accumulate + Select,24.258058411492858,8.229372844711856,16.5416254261853,0.09045554526241556,1.9383334033912685,4800.0,2,123
49,True,Accumulate + Select,24.32063942826283,8.1182505284571,16.390543821750214,0.08962937682030692,2.109045200207033,4900.0,2,123
50,True,Accumulate + Select,24.368322734233757,8.017375458557481,15.617482252182292,0.0854019986760775,2.018452318379027,5000.0,2,123
51,True,Accumulate + Select,24.43345062245354,7.925445207927286,15.685593708880532,0.08577445656915153,2.192648525490002,5100.0,2,123
52,True,Accumulate + Select,24.486757377162228,7.832359435242886,15.86507148855171,0.08675590548994166,2.1332303814440854,5200.0,2,123
53,True,Accumulate + Select,24.53848157546129,7.74163756044161,15.572322437444035,0.08515504859947667,2.133452728452049,5300.0,2,123
54,True,Accumulate + Select,24.588785126960083,7.651143293285122,15.06282508810061,0.08236893421487335,2.056412586860004,5400.0,2,123
55,True,Accumulate + Select,24.63455556787207,7.562773916805602,15.21183877675869,0.08318379455125802,2.151269142946873,5500.0,2,123
56,True,Accumulate + Select,24.673947547065254,7.478884860641231,14.873610787398947,0.08133424250227286,2.245440597389016,5600.0,2,123
57,True,Accumulate + Select,24.722435983896215,7.3943395583553215,14.7364777381182,0.0805843497664265,2.129843341925352,5700.0,2,123
58,True,Accumulate + Select,24.757626104652285,7.309207314502686,14.638306355454144,0.0800475134084961,2.141131707362378,5800.0,2,123
59,True,Accumulate + Select,24.794605836468815,7.230402221474581,14.684547881842898,0.08030037867267018,2.0605293701012046,5900.0,2,123
60,True,Accumulate + Select,24.837422512610594,7.158015416729545,14.112403539636462,0.07717168804465224,2.1656094407713438,6000.0,2,123
61,True,Accumulate + Select,24.885798935718803,7.086421666758751,14.09062309078117,0.0770525847324622,2.155064594880936,6100.0,2,123
62,True,Accumulate + Select,24.92739988593128,7.0130940920101414,14.065455155908596,0.07691495743082932,2.1879551239070167,6200.0,2,123
63,True,Accumulate + Select,24.96337796657074,6.942396001091515,13.980224343741666,0.07644888475725072,2.1411207131069334,6300.0,2,123
64,True,Accumulate + Select,24.995043714168645,6.868301675718322,14.05069578185046,0.07683424787576666,2.181669724238359,6400.0,2,123
65,True,Accumulate + Select,25.0194884681471,6.798497632412885,13.454821117216685,0.07357579132698135,2.1716092416490786,6500.0,2,123
66,True,Accumulate + Select,25.05344448277591,6.733188441100561,13.391495734464804,0.0732295054041539,2.222984925702577,6600.0,2,123
67,True,Accumulate + Select,25.092621891802906,6.668676125099731,13.416858446188058,0.07336819781551927,2.148077189543757,6700.0,2,123
68,True,Accumulate + Select,25.13209121592022,6.605944893916051,13.21565314077835,0.07226793498513773,2.114669938997741,6800.0,2,123
69,True,Accumulate + Select,25.16695446467462,6.54649426528075,13.075474682464217,0.0715013888595812,2.2816920094553943,6900.0,2,123
70,True,Accumulate + Select,25.194362318235957,6.485020495829738,12.998958355124342,0.0710829701170041,2.2641893332305774,7000.0,2,123
71,True,Accumulate + Select,25.21849650296388,6.428364079224576,12.884533426209563,0.0704572535341455,2.1997939636450505,7100.0,2,123
72,True,Accumulate + Select,25.249648739063858,6.374392227437714,12.582341128847192,0.06880475758361188,2.1779301636633983,7200.0,2,123
73,True,Accumulate + Select,25.28417022539575,6.319562494144707,12.54796587291802,0.06861678134557628,2.1697685743899573,7300.0,2,123
74,True,Accumulate + Select,25.312253906168337,6.266630255137552,12.403933646933849,0.06782916143513304,2.2028069544403115,7400.0,2,123
75,True,Accumulate + Select,25.338827449433182,6.213759643325614,12.50089335386613,0.06835937191524462,2.0738047475948607,7500.0,2,123
76,True,Accumulate + Select,25.363742045928532,6.1609928300215415,12.381435491183172,0.06770613344402615,2.2339888471846514,7600.0,2,123
77,True,Accumulate + Select,25.393344340684312,6.111615239934456,12.294461146990756,0.06723052651151079,2.160789536494013,7700.0,2,123
78,True,Accumulate + Select,25.423137918605576,6.062990454523287,11.873995800826124,0.0649312710773341,2.080111460211265,7800.0,2,123
79,True,Accumulate + Select,25.44501197466624,6.016851315094998,12.23303762857449,0.06689464066552349,2.2406414019896532,7900.0,2,123
80,True,Accumulate + Select,25.471733008241742,5.970445425575182,12.126613812099219,0.06631267703739424,2.2416190455601317,8000.0,2,123
81,True,Accumulate + Select,25.4978163007567,5.922963877541687,11.853082731898454,0.06481691090992464,2.148586022167705,8100.0,2,123
82,True,Accumulate + Select,25.520792593388506,5.876004672724838,11.92384476961715,0.06520386313141503,2.258770560220497,8200.0,2,123
83,True,Accumulate + Select,25.54514135826924,5.829206696742848,11.515832921941797,0.06297270789702215,2.185265670386682,8300.0,2,123
84,True,Accumulate + Select,25.566518857289505,5.782022990790455,11.553290175822866,0.06317753760610753,2.238877265457133,8400.0,2,123
85,True,Accumulate + Select,25.585137504923164,5.737091758633908,11.56679982787719,0.06325141323267958,2.175474028813039,8500.0,2,123
86,True,Accumulate + Select,25.607073904986972,5.694112236006382,11.251327140612984,0.06152629534331481,2.290719499843087,8600.0,2,123
87,True,Accumulate + Select,25.618242810155696,5.64957665271998,11.364262484995814,0.06214386634328294,2.284522027297476,8700.0,2,123
88,True,Accumulate + Select,25.641133962886908,5.609443520282034,11.330776107749475,0.06196075081293817,2.17110894911981,8800.0,2,123
89,True,Accumulate + Select,25.662305906193584,5.570401216611936,11.12489575819933,0.060834923163141735,2.1384178849923474,8900.0,2,123
90,True,Accumulate + Select,25.681805627818207,5.530630989405286,10.98566082779811,0.060073536586881846,2.179981195663248,9000.0,2,123
91,True,Accumulate + Select,25.69509320698974,5.491139119266283,11.114701174921786,0.06077917552254811,2.220738339139791,9100.0,2,123
92,True,Accumulate + Select,25.71525398273944,5.451815826679922,10.903833021334252,0.059626072769958585,2.396746817981956,9200.0,2,123
93,True,Accumulate + Select,25.734590555552472,5.414010469956266,10.872220358010594,0.05945320337989175,2.1873364175828964,9300.0,2,123
94,True,Accumulate + Select,25.74835063579137,5.376905355388538,10.780165420025575,0.058949813936895946,2.2361804568857746,9400.0,2,123
95,True,Accumulate + Select,25.763401402832745,5.338890551339746,10.603443399057888,0.05798343449384537,2.23388615554044,9500.0,2,123
96,True,Accumulate + Select,25.782339800939297,5.302012679896336,10.653762035830722,0.05825859486103292,2.21636817462715,9600.0,2,123
97,True,Accumulate + Select,25.793325263489177,5.2664484239525065,10.525405042893649,0.057556692751341364,2.2556239746639415,9700.0,2,123
98,True,Accumulate + Select,25.809927755609618,5.233976129745233,10.58056525242674,0.05785832857621057,2.169892634834595,9800.0,2,123
99,True,Accumulate + Select,25.824110049874047,5.200130461767125,10.24552949601263,0.05602623280278856,2.252548996619576,9900.0,2,123
100,True,Accumulate + Select,25.84045188135125,5.166688941490479,10.421478236050874,0.05698838366815637,2.3373263556111796,10000.0,2,123
101,True,Accumulate + Select,25.858211446936217,5.133198046383555,10.30877871196228,0.056372102218202186,2.1511073437509376,10100.0,2,123
102,True,Accumulate + Select,25.874271012356363,5.1014851192951065,10.216353333866284,0.055866687075714204,2.218788918876765,10200.0,2,123
103,True,Accumulate + Select,25.887298448949746,5.06966038480471,10.13833186420456,0.055440037674667174,2.332302644668779,10300.0,2,123
104,True,Accumulate + Select,25.904509511640075,5.037610068499822,10.128974192863197,0.0553888665689408,2.2205501141540864,10400.0,2,123
105,True,Accumulate + Select,25.91838426318093,5.006372430937174,9.922568127311122,0.05426016411534591,2.2967663306179427,10500.0,2,123
106,True,Accumulate + Select,25.94130712974171,4.976197742061689,9.797749023123863,0.05357760845122407,2.23549080319578,10600.0,2,123
107,True,Accumulate + Select,25.956319913034143,4.94664591618999,10.057829021245407,0.054999819233768524,2.2093832807688973,10700.0,2,123
108,True,Accumulate + Select,25.96727650748663,4.917708225252628,9.911484710455676,0.054199556013711424,2.2574891148332417,10800.0,2,123
109,True,Accumulate + Select,25.975495279311872,4.8877914005838115,9.760693964118184,0.05337497808808069,2.2416586897550204,10900.0,2,123
110,True,Accumulate + Select,25.988991210812216,4.858592295323937,9.55588014184827,0.05225498259227064,2.298468199272157,11000.0,2,123
111,True,Accumulate + Select,26.004604384708284,4.828760510604819,9.6902282242555,0.05298964612961979,2.2092008018195735,11100.0,2,123
112,True,Accumulate + Select,26.019038163811903,4.7999521483065015,9.575743712517658,0.0523636037264981,2.2673017264680135,11200.0,2,123
113,True,Accumulate + Select,26.035017043024066,4.772959211672731,9.538636215293298,0.052160686612352854,2.356133200212158,11300.0,2,123
114,True,Accumulate + Select,26.04803278343831,4.746476545042236,9.551969725070215,0.052233599029727726,2.1707255006611037,11400.0,2,123
115,True,Accumulate + Select,26.06169660719681,4.72032629307649,9.55498574791527,0.052250091725212264,2.347417831236667,11500.0,2,123
116,True,Accumulate + Select,26.073726132546245,4.695220118647111,9.209705002013475,0.05036197267194683,2.3091889674242543,11600.0,2,123
117,True,Accumulate + Select,26.086563172247033,4.66863556376482,9.346835672000264,0.0511118523969598,2.2880548338614837,11700.0,2,123
118,True,Accumulate + Select,26.097787888890743,4.643597195407763,9.434073868209968,0.051588902167012424,2.2799413859904196,11800.0,2,123
119,True,Accumulate + Select,26.111586714752757,4.618506686757922,9.310620482053073,0.05091381473928987,2.2611452781016355,11900.0,2,123
120,True,Accumulate + Select,26.120849328235984,4.593648664641161,9.185259616101165,0.05022829652737957,2.306066697312461,12000.0,2,123
121,True,Accumulate + Select,26.130390944169775,4.5686006035749696,9.09301357897118,0.049723862085666176,2.1578498020405954,12100.0,2,123
122,True,Accumulate + Select,26.14188533923352,4.5458152430672225,9.116008165916357,0.049849604740733036,2.3069060834932955,12200.0,2,123
123,True,Accumulate + Select,26.15170527065706,4.52292361411874,9.030271299432819,0.04938076478050866,2.2842154276458837,12300.0,2,123
124,True,Accumulate + Select,26.167995915201722,4.499082765404131,8.82609687734508,0.04826426575440031,2.4872648155826838,12400.0,2,123
125,True,Accumulate + Select,26.178829692060287,4.475915452574612,8.916348453908011,0.04875779376984366,2.338859259903663,12500.0,2,123
126,True,Accumulate + Select,26.191088278555984,4.452540059867901,8.686384539030405,0.04750026854030939,2.307993857513982,12600.0,2,123
127,True,Accumulate + Select,26.201497639191345,4.430071574673618,8.840455017707665,0.048342781219597335,2.268889668060373,12700.0,2,123
128,True,Accumulate + Select,26.213061494144807,4.407389639483725,8.743137576007202,0.047810614517368434,2.2971825007180406,12800.0,2,123
129,True,Accumulate + Select,26.22358136848762,4.3854452523812375,8.674622671462119,0.047435950426654765,2.1265274351450203,12900.0,2,123
130,True,Accumulate + Select,26.231626211763995,4.3641419001796065,8.731370367117812,0.0477462671954528,2.212799275182352,13000.0,2,123
131,True,Accumulate + Select,26.243622569974637,4.342744816053904,8.754859722984012,0.047874715424571605,2.297112001604642,13100.0,2,123
132,True,Accumulate + Select,26.254437283126023,4.320239087275889,8.524247937391557,0.04661364740542257,2.398939291669155,13200.0,2,123
133,True,Accumulate + Select,26.26398900802503,4.298467222381929,8.395736787230037,0.045910902308694726,2.2212683431735907,13300.0,2,123
134,True,Accumulate + Select,26.275668905842448,4.278162876012083,8.714433879705288,0.04765365240311778,2.265974333436239,13400.0,2,123
135,True,Accumulate + Select,26.28206388320414,4.2569431227466294,8.515940197566835,0.0465682177020904,2.247421553633703,13500.0,2,123
136,True,Accumulate + Select,26.290722197740426,4.23621998319947,8.377002797020678,0.04580845812587302,2.1702203413871275,13600.0,2,123
137,True,Accumulate + Select,26.300151151658895,4.214705175946353,8.406825762445814,0.045971540805438624,2.316600637655577,13700.0,2,123
138,True,Accumulate + Select,26.310746667971348,4.195444390516996,8.292985368532152,0.04534902066977846,2.260354874931328,13800.0,2,123
139,True,Accumulate + Select,26.321865938182103,4.176677628911773,8.223453100758002,0.04496879327175706,2.376761458703867,13900.0,2,123
140,True,Accumulate + Select,26.329605554973654,4.157921924159642,8.358830642439745,0.04570908626193218,2.2172904104429785,14000.0,2,123
141,True,Accumulate + Select,26.33661846185619,4.138500535182125,8.131962853270096,0.044468491759088825,2.2461035948431807,14100.0,2,123
142,True,Accumulate + Select,26.341821029718574,4.119722037049757,8.229043504466231,0.04499936360584675,2.2612782758812786,14200.0,2,123
143,True,Accumulate + Select,26.34721946892122,4.1008662164835235,8.293958640982012,0.04535434287287959,2.269220489048416,14300.0,2,123
144,True,Accumulate + Select,26.35533540863517,4.082887540908684,8.214722660460547,0.04492105209051636,2.3182667626333235,14400.0,2,123
145,True,Accumulate + Select,26.362185058931942,4.06497559699515,8.246257226008197,0.04509349441391166,2.2812970373672368,14500.0,2,123
146,True,Accumulate + Select,26.370459050737214,4.04642662463126,8.104123161429667,0.04431625433135834,2.352003555472413,14600.0,2,123
147,True,Accumulate + Select,26.378486321526083,4.029004489883496,7.91687218976379,0.043292298806640594,2.434598704083796,14700.0,2,123
148,True,Accumulate + Select,26.38785133352978,4.0113104036534875,7.970715277014905,0.04358673213410559,2.278209595745187,14800.0,2,123
149,True,Accumulate + Select,26.395949420898614,3.9931918417783607,8.056878325628052,0.044057902611188,2.3352147945661588,14900.0,2,123
150,True,Accumulate + Select,26.40172454063993,3.9757316630295403,8.029743518318826,0.04390951974508458,2.2539565640530483,15000.0,2,123
151,True,Accumulate + Select,26.409396353024356,3.9582081441364543,7.8794950167234035,0.04308790700833619,2.404723310353087,15100.0,2,123
152,True,Accumulate + Select,26.414867520649018,3.941245797724746,7.998954284142103,0.0437411531611539,2.2546485433168906,15200.0,2,123
153,True,Accumulate + Select,26.42045239055337,3.924369189057256,7.818373704584326,0.042753673734746124,2.4129783654065937,15300.0,2,123
154,True,Accumulate + Select,26.428548219693738,3.908555796562173,7.846716511409198,0.04290866237579906,2.356146914067712,15400.0,2,123
155,True,Accumulate + Select,26.434331614487387,3.8921313006606884,7.813031173251347,0.04272445885577533,2.375237247733083,15500.0,2,123
156,True,Accumulate + Select,26.44167871446289,3.8753636462832235,7.904179026326588,0.043222888032896464,2.422258491516031,15600.0,2,123
157,True,Accumulate + Select,26.448852949005186,3.859309246523518,7.704331346744463,0.0421300491878448,2.3599510237086507,15700.0,2,123
158,True,Accumulate + Select,26.45657482730337,3.843074320061617,7.683617523840741,0.04201677856921144,2.225636758169287,15800.0,2,123
159,True,Accumulate + Select,26.465384394378876,3.8273147959480758,7.63863280036893,0.04177078595450259,2.17476173659392,15900.0,2,123
160,True,Accumulate + Select,26.469345435860248,3.811372691805889,7.675859785401672,0.04197435647087288,2.4687115622387967,16000.0,2,123
161,True,Accumulate + Select,26.47674188415761,3.7962554666307184,7.577717017288144,0.04143767658757563,2.308400177806634,16100.0,2,123
162,True,Accumulate + Select,26.48334615338114,3.7802286109414562,7.609199204877564,0.04160983248949484,2.37163385923186,16200.0,2,123
163,True,Accumulate + Select,26.48880115222337,3.7645345384706568,7.4670329932773996,0.04083241661548841,2.413237606224164,16300.0,2,123
164,True,Accumulate + Select,26.494978905244942,3.7496329956698964,7.663538751245385,0.041906980633608454,2.332192791740393,16400.0,2,123
165,True,Accumulate + Select,26.503129230193384,3.7345256082898786,7.441199431507062,0.04069114942705921,2.193582096789415,16500.0,2,123
166,True,Accumulate + Select,26.50884127339325,3.719813775798952,7.3994216683194995,0.04046269362228727,2.3269955364312693,16600.0,2,123
167,True,Accumulate + Select,26.514732790806097,3.7052454632989527,7.3993477386998325,0.040462289348590724,2.1428936448827898,16700.0,2,123
168,True,Accumulate + Select,26.519922427475404,3.6909497952737427,7.511602034796779,0.04107613613207695,2.290703004190876,16800.0,2,123
169,True,Accumulate + Select,26.525015166815415,3.6770821128248725,7.361157973923901,0.04025345400700562,2.3367864285300697,16900.0,2,123
170,True,Accumulate + Select,26.531332586448308,3.6625787749650427,7.262210804490313,0.03971237536855939,2.2392960904785078,17000.0,2,123
171,True,Accumulate + Select,26.538537839443737,3.6494384083403335,7.310012742518191,0.03997377352366857,2.36798801339445,17100.0,2,123
172,True,Accumulate + Select,26.541888998134375,3.6357818353325104,7.339338583062874,0.04013413774595042,2.2880360517524654,17200.0,2,123
173,True,Accumulate + Select,26.546721896620515,3.621922734100663,7.326813488758836,0.040065646034552975,2.3059478574284165,17300.0,2,123
174,True,Accumulate + Select,26.55486077013301,3.608731350060345,7.263174770383623,0.03971764668006882,2.3458453320616184,17400.0,2,123
175,True,Accumulate + Select,26.559187711366945,3.5947539921954257,7.134946723708728,0.03901644969482267,2.388490651266978,17500.0,2,123
176,True,Accumulate + Select,26.563858769654473,3.5812768695071187,7.08179084418669,0.03872577426588582,2.4172636470827413,17600.0,2,123
177,True,Accumulate + Select,26.570506053307785,3.5685000981253685,7.077458478504374,0.03870208333528055,2.3409585747681128,17700.0,2,123
178,True,Accumulate + Select,26.575378532194,3.5550066482780127,7.084618588443913,0.03874123738647159,2.2581821948729472,17800.0,2,123
179,True,Accumulate + Select,26.58058649530199,3.541886172413803,7.064478745360847,0.03863110549552124,2.3044793129684726,17900.0,2,123
180,True,Accumulate + Select,26.588072361568507,3.5288610621582412,7.058436211363289,0.038598062750722376,2.3028814663029675,18000.0,2,123
181,True,Accumulate + Select,26.591427628000762,3.5160475498520456,7.126574872863988,0.03897066940942111,2.3491343551864654,18100.0,2,123
182,True,Accumulate + Select,26.599360957771985,3.503869440676257,6.996140379668363,0.03825740678262023,2.3244635096616806,18200.0,2,123
183,True,Accumulate + Select,26.60485911737404,3.4919065828640186,6.972200765726617,0.03812649638072923,2.3843978574940374,18300.0,2,123
184,True,Accumulate + Select,26.609959495147912,3.4795170909595736,6.902636827765091,0.037746095798755604,2.3133305430701183,18400.0,2,123
185,True,Accumulate + Select,26.61587286695799,3.4674637678692526,6.984047733816255,0.03819127985458049,2.329503538822924,18500.0,2,123
186,True,Accumulate + Select,26.621282483432967,3.454851851396234,6.8075005359917835,0.037225856407227836,2.3388002382301445,18600.0,2,123
187,True,Accumulate + Select,26.624384025628615,3.441847206726809,6.824188548408701,0.037317112449099556,2.2649178067802804,18700.0,2,123
188,True,Accumulate + Select,26.629216018294027,3.4296043407079813,6.919113212087677,0.03783619458224596,2.2729837356178195,18800.0,2,123
189,True,Accumulate + Select,26.634919104338003,3.4175995876877305,6.824492129308135,0.03731877253842464,2.2875473432891784,18900.0,2,123
190,True,Accumulate + Select,26.64029657049965,3.4057952858508775,6.77362869949343,0.03704063304733674,2.3470451412417814,19000.0,2,123
191,True,Accumulate + Select,26.64510828853846,3.3943467173434496,6.70188928962993,0.036648336204141735,2.279188328680106,19100.0,2,123
192,True,Accumulate + Select,26.650349181275864,3.382869190428721,6.812688284192822,0.0372542248764755,2.2941913417762603,19200.0,2,123
193,True,Accumulate + Select,26.655438990512692,3.371421732186775,6.749198360805792,0.03690703918639503,2.375100418736493,19300.0,2,123
194,True,Accumulate + Select,26.65771535170347,3.36040227401141,6.895887927214784,0.03770919038810391,2.374706330595063,19400.0,2,123
195,True,Accumulate + Select,26.664060677385127,3.349013738509405,6.662236352835327,0.03643149971276925,2.396081988519799,19500.0,2,123
196,True,Accumulate + Select,26.665156860226606,3.3381448925451256,6.721030008911911,0.036753004527523406,2.2887120596870236,19600.0,2,123
197,True,Accumulate + Select,26.669872885024546,3.3273677437603166,6.617230607348367,0.03618539214213595,2.3330786047617975,19700.0,2,123
198,True,Accumulate + Select,26.673719490841865,3.3167104717165197,6.616534259683487,0.03618158426315816,2.2073533548068953,19800.0,2,123
199,True,Accumulate + Select,26.678593543366645,3.3055456798218485,6.595079472961972,0.03606426178840841,2.3462081814929556,19900.0,2,123
200,True,Accumulate + Select,26.682988739002557,3.294546388674573,6.583822438616939,0.03600270428402278,2.3683180435740825,20000.0,2,123
0,False,Replace,0.0,70.6737496833999,139.65146418035278,0.9899819455991468,0.10274965648044729,,3,456
1,False,Replace,0.5911301043122728,69.40867933107097,141.11453628246107,1.0003535874197185,0.201034031413722,,3,456
2,False,Replace,0.5896476151559048,67.87060007361016,135.47549947760555,0.9603787496323645,0.24473170106144154,,3,456
3,False,Replace,1.6211319257889352,71.1229329111342,143.99386821667326,1.0207650213204462,0.3610949601263195,,3,456
4,False,Replace,2.457500524049717,68.71612207665035,134.36584178907376,0.9525124441561609,0.41559718248350397,,3,456
5,False,Replace,3.1685277159695167,68.10534566380231,135.5330882488348,0.9607869934278793,0.5591755802989427,,3,456
6,False,Replace,3.1851645544032414,67.84758941973429,136.81196107317447,0.9698528561758604,0.6061791673531931,,3,456
7,False,Replace,2.3482472601450066,71.88752822237699,142.6303043390411,1.0110987881130116,0.5554434869479328,,3,456
8,False,Replace,3.554091216964393,65.3255384203019,131.8198430066778,0.9344639915825858,0.6516164039536887,,3,456
9,False,Replace,3.7239813427907458,61.65189434795027,124.95544197956654,0.8858026107365092,0.5891773318160538,,3,456
10,False,Replace,3.6269136050485993,65.87704732616024,132.35799445016272,0.9382789190964153,0.6843061469522238,,3,456
11,False,Replace,1.7318055634960146,80.77287236174178,160.7955172981363,1.1398710353143977,0.5332436461987544,,3,456
12,False,Replace,2.4080060875366267,73.57959485453279,144.90109640137194,1.0271963146023446,0.5872018476007526,,3,456
13,False,Replace,3.5757419345921546,68.63795189838306,139.3337292910325,0.9877295395412499,0.6988014073366695,,3,456
14,False,Replace,5.212807831924716,60.769023076177085,120.9177738040047,0.8571797916376398,0.7365236915010126,,3,456
15,False,Replace,6.325177221689498,62.65970312565253,124.90144343579111,0.8854198178761544,0.6754178555737841,,3,456
16,False,Replace,8.801674478046772,59.49345603281688,122.57723563675057,0.8689436300153575,0.8084713804253321,,3,456
17,False,Replace,8.990388641763644,60.785701218421046,120.28202147641485,0.8526729765470815,0.9750766329576596,,3,456
18,False,Replace,9.57218345991512,71.3815726381786,142.24192777628167,1.00834560691665,0.9152966618962725,,3,456
19,False,Replace,9.689776332888552,77.25998076903151,154.71595118088032,1.096773308208673,0.9308462976589288,,3,456
20,False,Replace,14.65261091784907,76.23025314147351,150.4431894079886,1.0664839228604017,1.1479718824661678,,3,456
21,False,Replace,25.190816036155145,81.08843372361787,165.1151306477135,1.1704925490460962,1.438215223468482,,3,456
22,False,Replace,31.748175527574237,79.18929020920459,164.56957571746915,1.166625138600782,1.581788782306011,,3,456
23,False,Replace,29.450315400207483,73.78416174349155,148.31683254630863,1.051410289974996,1.3241029573962992,,3,456
24,False,Replace,24.888087301168085,64.81565913736821,129.57904887410126,0.9185791188526417,1.3464393592426147,,3,456
25,False,Replace,25.3306460698709,58.999138276467704,113.20414627096072,0.8024982883851708,1.3279962178922484,,3,456
26,False,Replace,32.12133798022451,53.05692622367805,107.60593759147523,0.7628128790490416,1.5839297161834933,,3,456
27,False,Replace,35.09130177068267,53.92788986024516,105.75234198325954,0.7496728364626957,1.9076451562681767,,3,456
28,False,Replace,36.57844181967097,51.36775525807185,102.86562788046999,0.7292090707539638,1.4099147319313325,,3,456
29,False,Replace,38.69003684833848,51.526924898640964,102.51061647995442,0.7266924134524808,1.6539808696047178,,3,456
30,False,Replace,49.0573693617395,61.62318462165503,124.11231840370256,0.879825751683056,1.8431286090596612,,3,456
31,False,Replace,54.86257337473865,61.465620285411546,126.35836165356821,0.895747835131678,1.778595295372989,,3,456
32,False,Replace,45.037627864631055,58.86987389282349,117.61241821988017,0.8337482983033295,2.0006574995768864,,3,456
33,False,Replace,39.41168520648227,58.72667960305427,116.2204294604531,0.8238805625914427,1.695141533484445,,3,456
34,False,Replace,46.35650707201321,58.83694577196824,117.71153429237432,0.8344509269715201,1.9354170646085984,,3,456
35,False,Replace,45.138624002720796,51.0381039991582,100.06450020523202,0.7093520227661073,1.6659925653764107,,3,456
36,False,Replace,46.63000220631284,48.571801442919934,96.52540343028278,0.684263550321571,1.8389247050715394,,3,456
37,False,Replace,51.53907837303996,51.43461107707504,104.97045681228218,0.744130093267396,2.300592886956081,,3,456
38,False,Replace,51.67335036420706,50.71721937176923,101.91225541158546,0.7224506630482769,1.6663608527733313,,3,456
39,False,Replace,55.1875087330108,46.74385428002323,93.14472185776904,0.6602980749844412,1.9615738608084183,,3,456
40,False,Replace,59.82678566681589,43.08252095536475,84.14756527549915,0.596517701248633,2.2425546075241893,,3,456
41,False,Replace,56.44124443952619,38.37917239523533,77.4526078472966,0.5490574972373393,2.2920253764746676,,3,456
42,False,Replace,62.65864508208922,39.80522672355063,79.49397751028171,0.5635286603039804,2.146287187616164,,3,456
43,False,Replace,66.83126276405645,35.26208075473025,69.88281855475213,0.495395655769421,2.341879555104643,,3,456
44,False,Replace,55.63979263567399,30.606647222348524,62.16801770731524,0.4407058349524186,2.2236240238308573,,3,456
45,False,Replace,57.74493291145936,30.92221116752002,60.86286119604944,0.43145364851872925,2.151447027985661,,3,456
46,False,Replace,65.41907221048632,27.582311341237897,54.90664610739138,0.38923035042096205,2.425065733097706,,3,456
47,False,Replace,65.55534300679939,21.68392397245114,42.27682986619241,0.2996982418361605,2.5040640452372322,,3,456
48,False,Replace,71.21280971537415,19.90824061955506,40.15974721843281,0.28469035336950954,2.179160841237187,,3,456
49,False,Replace,73.57995495894328,17.763658964744494,34.51564334812275,0.24467959541943768,2.430711800111503,,3,456
50,False,Replace,75.4042985085923,17.246355441859997,34.33384354182563,0.24339082607495635,2.641089673249833,,3,456
51,False,Replace,73.03848335834523,16.507180303805857,33.853435449891215,0.23998523816847656,2.2598512518312073,,3,456
52,False,Replace,80.19898567461688,16.792122319852446,32.7387055856262,0.23208297630305594,2.625853656351662,,3,456
53,False,Replace,81.57448991104766,15.110049074872823,30.235576894877568,0.21433842757314003,2.747573857193206,,3,456
54,False,Replace,74.75166116478202,15.686130353075749,31.67828930135609,0.22456574057331818,2.8171309144956536,,3,456
55,False,Replace,79.21852206269895,13.720978221434551,26.641265842401392,0.18885854399509525,2.3540698633561044,,3,456
56,False,Replace,81.35592797016406,11.692839710664748,23.06095163568805,0.16347788332661226,2.5879255632751867,,3,456
57,False,Replace,78.47186567201068,12.276328819714614,24.948177886836014,0.17685633178658977,2.647589708137771,,3,456
58,False,Replace,75.46765524769673,11.975799744337186,24.24230134106506,0.17185240977090174,2.5826590808129506,,3,456
59,False,Replace,73.39639601167585,11.306666331955626,22.959211994743196,0.16275665631851538,2.435427527388115,,3,456
60,False,Replace,74.09777393736074,10.860888612158725,22.120101057702723,0.15680824265238985,2.539725283028895,,3,456
61,False,Replace,71.63154552758033,10.523157121017888,21.26409094739529,0.15074003162840605,2.4540652450816753,,3,456
62,False,Replace,66.9959185019791,9.888373374665543,19.286951387763246,0.13672419241430533,2.5339274550443154,,3,456
63,False,Replace,67.97961483365829,8.718969130166943,17.322781969505563,0.12280029785590764,2.7587268564622893,,3,456
64,False,Replace,66.03171826085642,8.929481297985019,17.84852120336926,0.12652723586313128,2.1274839709571634,,3,456
65,False,Replace,68.05268096974292,7.325230147046393,14.714816256088739,0.10431256494041209,2.5566190789144514,,3,456
66,False,Replace,68.83037876805406,6.339479365409554,12.6706573012253,0.08982162872913009,2.7232984578831223,,3,456
67,False,Replace,68.37766528519397,6.731473842437232,13.31772440024918,0.09440865364422567,2.473735187458824,,3,456
68,False,Replace,69.16043470099333,6.0841125999826655,12.231755237008652,0.08671027488825996,2.5318622180963444,,3,456
69,False,Replace,73.53352904567964,5.3591330586550106,11.032002260541386,0.07820528861509397,2.8452649938912353,,3,456
70,False,Replace,73.91562627259096,4.532618992235037,9.001227613654482,0.0638092330649556,3.0691581462624424,,3,456
71,False,Replace,75.510876260136,4.353177317008924,8.561448704720096,0.0606916633176161,2.878498298323006,,3,456
72,False,Replace,74.13950815387425,3.819345894961806,7.561341505422298,0.05360195554563099,2.974762938209537,,3,456
73,False,Replace,74.71678322994472,3.9127169795400003,7.689932986285973,0.054513533846367535,2.8078898339100684,,3,456
74,False,Replace,73.9527142850573,3.710725618767284,7.311784030461872,0.05183285562211661,2.7266166208736875,,3,456
75,False,Replace,76.53138438867711,2.966550622755567,5.891486457666457,0.041764440208799616,2.951188613353592,,3,456
76,False,Replace,74.91251568552588,2.536116718474344,5.074261995571153,0.03597117862200025,2.821873587168538,,3,456
77,False,Replace,74.09908010494375,2.3072797558887586,4.6164155956073705,0.032725529373121995,2.967726120669136,,3,456
78,False,Replace,74.32473606737945,2.1823091035687225,4.320588337002021,0.030628425366699494,2.7434957713635857,,3,456
79,False,Replace,74.47350516774678,2.0523825431299514,4.123617253849134,0.02923210763189482,2.7126201776286405,,3,456
80,False,Replace,73.40523395145352,1.9110143033419382,3.781480993662543,0.02680672152865918,2.8165617151932896,,3,456
81,False,Replace,72.32949470057129,1.7858568982485425,3.443561123886289,0.024411225197122893,2.7201578901553836,,3,456
82,False,Replace,72.40996328106672,1.859853632061801,3.7826927445379246,0.02681531156741196,2.670025139868261,,3,456
83,False,Replace,71.39195011063707,1.5586748855208852,3.1265411074690292,0.02216388683594883,3.019756579788459,,3,456
84,False,Replace,71.68984519114773,1.6069896055668234,3.2415583431999178,0.022979238020947864,2.804385857588516,,3,456
85,False,Replace,73.24755947699462,1.5981301618178552,3.1684288851602114,0.022460827107208623,2.6875851500283714,,3,456
86,False,Replace,72.09864580402187,1.5637513656285817,3.1298990411775494,0.0221876910528646,2.8180826113329775,,3,456
87,False,Replace,72.24414068635286,1.5207400741463186,2.997161467663293,0.021246721317581003,2.7904904590649373,,3,456
88,False,Replace,70.62755346315278,1.731219324495853,3.4508618755602805,0.02446297984494542,2.764331473158725,,3,456
89,False,Replace,68.56042245792977,1.7290042166307107,3.40151809380348,0.02411318434975655,2.6519459333515782,,3,456
90,False,Replace,67.04637594599018,1.5774716416149044,3.1353688711286214,0.022226466392091016,2.6276727858925586,,3,456
91,False,Replace,67.23298151947648,1.611896654995277,3.152444445828532,0.02234751425050666,2.802438017404021,,3,456
92,False,Replace,65.58966029625459,1.4003248249736826,2.820105395170034,0.019991580054610412,2.492316758385467,,3,456
93,False,Replace,66.71927955308759,1.5607507401506344,3.145926808648378,0.02230131106048507,2.7459954489461165,,3,456
94,False,Replace,65.72112488494847,1.3933640774853326,2.861477056278941,0.02028486160233819,2.651520091105615,,3,456
95,False,Replace,64.31395884596857,1.3750731777266714,2.7617106683889054,0.019577622882225497,2.54104949678337,,3,456
96,False,Replace,64.57828854203616,1.3915745128766042,2.738276349167146,0.01941149821555542,2.756426474045227,,3,456
97,False,Replace,64.04358786903623,1.564014146616883,3.108977518850094,0.022039379472315167,2.6755420845526006,,3,456
98,False,Replace,63.49715460927046,1.644131499599802,3.2799258865731105,0.023251223534736676,2.7261974987435926,,3,456
99,False,Replace,63.50289656241303,1.6161313684467395,3.1357899170508454,0.022229451164672644,2.7896948435172106,,3,456
100,False,Replace,64.89694158972799,1.524400381118058,3.0465496065990965,0.02159683125849823,2.533626462492654,,3,456
101,False,Replace,63.43229359299191,1.6232705418692122,3.24902677705876,0.023032181359032792,2.70799015052694,,3,456
102,False,Replace,63.2670405554301,1.4415786165111653,2.8538325473149975,0.020230670077016972,2.6774295202569736,,3,456
103,False,Replace,62.49396157454127,1.2944082996590442,2.5584053325579013,0.018136401960569155,2.8281269197784202,,3,456
104,False,Replace,63.83381870703871,1.5289091823122671,2.985002687241862,0.021160528357354134,2.6098327735719633,,3,456
105,False,Replace,64.7592778750236,1.4973561032046006,2.9665149179488943,0.0210294695251259,2.6381375307968957,,3,456
106,False,Replace,63.2492318053869,1.3274255222935842,2.673104160558166,0.018949495969773383,2.5435500799237936,,3,456
107,False,Replace,63.07217579895027,1.2289810220178543,2.429854071614412,0.017225108776749005,2.797039560484598,,3,456
108,False,Replace,62.88398111770622,1.295958380715695,2.563667277826815,0.018173703616126653,2.5546474164019157,,3,456
109,False,Replace,62.57814609688341,1.287513337394087,2.565555601078455,0.018187089841165897,2.705824882365717,,3,456
110,False,Replace,63.648652047967715,1.1864901973099382,2.3234302710330828,0.016470676005306696,2.7655432463655676,,3,456
111,False,Replace,64.24559994200253,1.1508265985700212,2.3307382980936655,0.016522482227965297,2.9398698020657155,,3,456
112,False,Replace,63.41766591984881,0.9999912064302432,2.0198477319400827,0.014318595220009068,2.999715987875315,,3,456
113,False,Replace,64.22029679721811,0.9070206792781136,1.8334247908922834,0.012997052714414774,2.796789837225452,,3,456
114,False,Replace,64.16032792189635,0.8032888351749718,1.5937998203626123,0.011298363796748012,2.783812935993752,,3,456
115,False,Replace,64.37069966627426,0.813322785369067,1.5939258278709094,0.011299257057402,2.741030626793455,,3,456
116,False,Replace,63.80220116575304,0.9225418534219706,1.8541436225049528,0.013143927431059079,2.869455945697207,,3,456
117,False,Replace,62.64826819595152,0.8751024943309159,1.770701197063465,0.012552408429314895,3.035461363501138,,3,456
118,False,Replace,61.53523476461436,0.946433664051447,1.8919904573440456,0.013412221669208899,2.741608130797714,,3,456
119,False,Replace,62.12753977628807,1.001404372386864,1.9995974105426948,0.014175041747844223,2.3932201337216106,,3,456
120,False,Replace,62.33799627653842,1.0396429222096384,2.074311045390355,0.014704682808347165,2.5823698827622295,,3,456
121,False,Replace,64.62190164140023,0.9833943587693533,1.9944938220090296,0.014138862674923296,2.6863492820897577,,3,456
122,False,Replace,65.29969178512066,0.9738200207990655,1.9956824569542548,0.014147288846052885,2.5888420973939468,,3,456
123,False,Replace,66.53252539385186,0.9093358292056688,1.8381543986326698,0.01303058065699833,2.687669772610259,,3,456
124,False,Replace,67.10772213449475,0.8970630138843575,1.766359649609787,0.01252163142586327,2.714247599230987,,3,456
125,False,Replace,65.66106012470975,1.0098162595680873,2.0204059404284678,0.014322552330868056,2.755480374907203,,3,456
126,False,Replace,65.74319761678957,1.0790445045277626,2.155970173132633,0.015283560105715332,2.8927525776332965,,3,456
127,False,Replace,64.99374417809699,0.8671180550266954,1.7169812394525927,0.012171590451750166,2.600427905691965,,3,456
128,False,Replace,64.65454162428614,0.7593258899531098,1.518285166408189,0.010763044353576976,2.8115314852315345,,3,456
129,False,Replace,64.80230368685481,0.7072611752931238,1.4518276270764279,0.010291930323562784,2.485723698417354,,3,456
130,False,Replace,65.03969075663568,0.6937626010967075,1.3725913684600388,0.009730228619055443,2.831034751092666,,3,456
131,False,Replace,64.56828748450741,0.6381737156747469,1.3056825772555816,0.009255915688052212,2.729739208774943,,3,456
132,False,Replace,64.67720773366078,0.6093050305480754,1.1826556021755381,0.008383783878580972,2.7037840413820717,,3,456
133,False,Replace,64.1295748896878,0.673295530435134,1.3167041237152197,0.00933404685604006,2.849492863206628,,3,456
134,False,Replace,64.15402025131688,0.7195667068140987,1.4533319172218135,0.010302594157942288,2.6842799135323645,,3,456
135,False,Replace,65.83028443538727,0.6754281369839111,1.3509692158544315,0.00957695030700784,3.0985416089565634,,3,456
136,False,Replace,65.91661453427876,0.6084409196860445,1.2076635900019186,0.008561064199909412,2.892668139339256,,3,456
137,False,Replace,66.72041713435162,0.5555896862256072,1.1147651258003433,0.00790251183260536,2.9712934043136343,,3,456
138,False,Replace,67.45163246993015,0.5236235387667534,1.0481565674815772,0.007430327236869174,2.827955725307728,,3,456
139,False,Replace,67.86101255791131,0.5870496333089522,1.1734403453157989,0.008318457403353912,2.78206419699975,,3,456
140,False,Replace,69.06817697717568,0.5615579985288712,1.1529815680692752,0.008173426198547235,3.1425844451594447,,3,456
141,False,Replace,70.21227083502829,0.6061464132801636,1.2074170540902311,0.00855931651969034,3.197403858038793,,3,456
142,False,Replace,69.05222699192711,0.5618558417282007,1.109874427222366,0.007867841925476337,2.7882762527982012,,3,456
143,False,Replace,69.70770480450715,0.5840830333484848,1.1744169728015128,0.008325380664660962,2.8975432538776293,,3,456
144,False,Replace,69.24063094930395,0.615619985753741,1.2176074513971578,0.008631555714685896,3.031158149663417,,3,456
145,False,Replace,70.1479294956219,0.5877013952237358,1.1541238650682573,0.008181523882392811,2.7635333475642407,,3,456
146,False,Replace,70.25171835886526,0.6177174987347498,1.210054622994005,0.008578014108078225,2.9288302918196365,,3,456
147,False,Replace,70.37021130594238,0.5289700787349343,1.0198610091730838,0.007229741499866946,2.78720067495244,,3,456
148,False,Replace,70.12447021223959,0.4814253531637241,0.9635405650431913,0.006830488809005698,2.777708786459064,,3,456
149,False,Replace,70.7156384990701,0.42666854179214414,0.841223792142412,0.005963391585740362,2.968182784329638,,3,456
150,False,Replace,70.56737068211145,0.3648394321982608,0.7370941651190275,0.005225222090990254,2.643514706682496,,3,456
151,False,Replace,69.930066393966,0.3294180482366367,0.6490541369779957,0.004601110923511896,2.843199416921844,,3,456
152,False,Replace,70.40047557344384,0.33650831273065807,0.6587203153879502,0.004669633958089154,2.9368282406990716,,3,456
153,False,Replace,71.02390332869268,0.33214142234905597,0.6572508825176956,0.00465921722511496,2.9653589620895104,,3,456
154,False,Replace,71.14685405193296,0.31465950552765987,0.6120484023444994,0.0043387792008492375,2.7294138430347346,,3,456
155,False,Replace,71.21474076578316,0.3109364693083909,0.6154512151049804,0.004362901563023543,2.731712423925444,,3,456
156,False,Replace,71.6057831461591,0.249973875658029,0.5019651557782323,0.0035584048076899863,3.1413528697490785,,3,456
157,False,Replace,71.6672318480507,0.23528575755809192,0.477079791473975,0.0033819937581140505,2.7028381608310257,,3,456
158,False,Replace,72.06403946876789,0.22013746648048232,0.4352120436824547,0.003085195477768237,3.129766989140886,,3,456
159,False,Replace,71.94277543897066,0.2548836867435263,0.5227090292927863,0.003705457045070609,3.196080050514327,,3,456
160,False,Replace,72.16248809277171,0.2855418820909559,0.5764498949155342,0.004086423238440998,2.5940347805975543,,3,456
161,False,Replace,72.41704579621957,0.2620608965103244,0.5225930232886317,0.0037046346845578263,2.788539038924464,,3,456
162,False,Replace,72.10014190280629,0.23256075705938548,0.46154844550688057,0.0032718928566410764,2.8541930876673183,,3,456
163,False,Replace,72.12691611128766,0.23331284952123,0.46140556595749205,0.003270879990967808,2.6433289743957133,,3,456
164,False,Replace,71.23056789225137,0.2275641019831859,0.44786926636650803,0.003174921869196961,2.6858627807259596,,3,456
165,False,Replace,71.42538907862458,0.22648692792863245,0.45157731393303013,0.003201208024990781,2.8744112208584394,,3,456
166,False,Replace,71.45280305955193,0.260559346644707,0.5206228225337205,0.003690668034168476,2.8661699966526766,,3,456
167,False,Replace,71.78757251292647,0.3013939554302649,0.5821874588174798,0.004127096529680623,2.83177329632019,,3,456
168,False,Replace,71.84138117977787,0.3369571499044223,0.6748283166370165,0.0047838227387787,2.839825066948757,,3,456
169,False,Replace,72.4029314895498,0.31755699221830724,0.6330559211662117,0.004487700406061028,2.802653381012642,,3,456
170,False,Replace,72.57199869923755,0.3866969747313804,0.7849707992381632,0.005564617053099564,2.8916797595863954,,3,456
171,False,Replace,72.6930066808769,0.309942222725539,0.617740210726438,0.004379128133594061,2.835863124635906,,3,456
172,False,Replace,73.13974658891257,0.2793532566556419,0.5496128385567745,0.0038961767456875285,2.8593185502444904,,3,456
173,False,Replace,73.0867867334663,0.2793325693282731,0.5633835630366889,0.003993796693268812,2.8010076045591283,,3,456
174,False,Replace,73.43167588257808,0.26167159706629783,0.531399649154677,0.0037670643959840664,3.0451036754377565,,3,456
175,False,Replace,73.76045948642856,0.22155926582640229,0.43823609834463007,0.0031066328435390127,2.759040072023884,,3,456
176,False,Replace,73.47061631086228,0.18681714695036264,0.37484990373999777,0.002657291416099483,3.038981880798625,,3,456
177,False,Replace,73.25789606376632,0.180819378493587,0.3572112499641594,0.0025322519194838017,3.0253961152191193,,3,456
178,False,Replace,73.47085806616897,0.1631573136346726,0.3266844076720335,0.00231584872670146,2.8445680662602033,,3,456
179,False,Replace,73.42421792695967,0.1773542630040219,0.34752370748911915,0.0024635774361634615,2.81522528062413,,3,456
180,False,Replace,73.62529109339671,0.18573802675324214,0.3684945431559708,0.0026122385964037747,2.902976900525248,,3,456
181,False,Replace,73.44897126236681,0.15657500963104262,0.31897836705755045,0.002261221006718949,3.1525072703527988,,3,456
182,False,Replace,73.60876944610962,0.16513438236448125,0.32728389065421176,0.002320098430294141,3.0603188544037017,,3,456
183,False,Replace,72.89190643275329,0.18514880590532498,0.3638386607811278,0.002579233289091169,3.2241673787981266,,3,456
184,False,Replace,72.90347439619441,0.18713190391842222,0.3738053037482142,0.0026498863012422323,2.9008001278243,,3,456
185,False,Replace,72.90425229597405,0.22186648310736926,0.4449593668842212,0.0031542937435422823,2.9715492304153774,,3,456
186,False,Replace,72.85730733168234,0.20944772155193125,0.4084837639677457,0.0028957200969708446,3.096229158419139,,3,456
187,False,Replace,72.44727190523088,0.1772708426701889,0.3567558206746248,0.0025290234050046835,2.6914186404043496,,3,456
188,False,Replace,72.20972723358715,0.15329277160239826,0.30102478505659525,0.002133949000341518,2.797141152891134,,3,456
189,False,Replace,72.49898943036085,0.16776476811777674,0.3380880111392703,0.0023966882768887508,2.895870116065224,,3,456
190,False,Replace,72.30734650384356,0.18692920485207126,0.36891801396726587,0.0026152405588975506,3.1355767048546155,,3,456
191,False,Replace,72.29052685272681,0.20782039838759514,0.4118971623195242,0.0029199174998497325,2.8572723555944624,,3,456
192,False,Replace,71.6899206271791,0.22550917229972334,0.45022847869212446,0.0031916462023208803,3.0811563237787656,,3,456
193,False,Replace,72.20037514886405,0.19168653023375282,0.3779713310757416,0.0026794190516743976,2.702119302694709,,3,456
194,False,Replace,72.46563310538603,0.22710737545161294,0.4714994188050731,0.0033424347873266536,2.98064189332644,,3,456
195,False,Replace,73.24986137114409,0.204823146666698,0.4149464091419598,0.0029415334515306133,2.824467477094111,,3,456
196,False,Replace,73.52674890334444,0.22831703669328648,0.45475941310843443,0.0032237657600725114,2.913096959849465,,3,456
197,False,Replace,73.52314932421123,0.2184503252745923,0.42503713753882943,0.0030130660988213318,2.607171342680026,,3,456
198,False,Replace,73.40727512469988,0.23705837927759474,0.47537061935214087,0.003369877526089788,2.9334583708043267,,3,456
199,False,Replace,73.75531130189991,0.2656585098255478,0.5419938850977537,0.0038421663820077763,2.940477391928252,,3,456
200,False,Replace,74.91610304821437,0.22989032665690057,0.46678474022911853,0.003309012676811075,2.8892360854845442,,3,456
0,True,Replace + Select,0.0,70.6737496833999,140.78921524695033,0.9980474035671573,0.06839382370709096,,3,456
1,True,Replace + Select,1.1942297932242132,59.43188002618361,118.95641533244978,0.8432758237338039,0.3675227997126741,,3,456
2,True,Replace + Select,3.829615596246524,43.97897219144329,87.76543708116334,0.6221646057771401,0.7003648138307941,,3,456
3,True,Replace + Select,5.3240121317077165,26.342870488024854,53.151905064521394,0.3767910826922711,1.0005762664282334,,3,456
4,True,Replace + Select,5.533672226343761,15.366967114861815,31.199508631853416,0.2211716893795735,1.3013608347988617,,3,456
5,True,Replace + Select,8.270308730187637,8.142058359763787,16.16412739579794,0.11458665601628418,1.5187394983545943,,3,456
6,True,Replace + Select,10.165988902607555,4.067917163879339,8.110928199282972,0.05749794695293152,1.7562710498014924,,3,456
7,True,Replace + Select,11.725808124172927,2.153272626970592,4.315838726057324,0.03059475562244391,1.9037172843625272,,3,456
8,True,Replace + Select,12.15922601450901,1.2643098830523722,2.4999068835167764,0.017721709506493096,2.0395636304159765,,3,456
9,True,Replace + Select,12.89692312706665,0.6501128167474706,1.2916289344532987,0.009156290147240183,2.112267822336276,,3,456
10,True,Replace + Select,12.606525323318566,0.424971899132896,0.8532738113216778,0.006048813543194317,2.124991697940433,,3,456
11,True,Replace + Select,12.289986786006923,0.28989266154069193,0.5832777569732216,0.004134825596438638,2.2623674774869715,,3,456
12,True,Replace + Select,12.338078902274798,0.20566371960338284,0.4166877327320261,0.0029538776036362097,2.2260808387064475,,3,456
13,True,Replace + Select,12.147457902342797,0.17849180999735187,0.35810506416419485,0.002538588121728072,2.171847772742499,,3,456
14,True,Replace + Select,12.196281505628368,0.15102959147253922,0.30660148802828713,0.0021734819568367983,2.167038188244856,,3,456
15,True,Replace + Select,12.159389156766645,0.13590511840760308,0.2721091704061527,0.0019289677162722628,2.218525954325734,,3,456
16,True,Replace + Select,12.17262489739133,0.10989170915411309,0.22135342809720143,0.0015691629063745828,2.2762452089597334,,3,456
17,True,Replace + Select,12.299239149545832,0.09888862014343652,0.1964858241760835,0.001392877759228372,2.1677650229053134,,3,456
18,True,Replace + Select,12.198697475841326,0.09033042668809718,0.18338247498998805,0.001299988800295847,2.007563637512789,,3,456
19,True,Replace + Select,12.144857945782752,0.08862981569060428,0.17690053208731066,0.001254038645145537,2.130207578568743,,3,456
20,True,Replace + Select,12.160904027399495,0.07960181966318945,0.15791855269710273,0.001119476383315097,2.1537159594663544,,3,456
21,True,Replace + Select,12.382704516086216,0.06834853953308909,0.13566148514119622,0.0009616971923008728,2.1257403847783287,,3,456
22,True,Replace + Select,12.234865897826166,0.06329149533982337,0.12630026586758478,0.0008953359971350158,2.190476627682643,,3,456
23,True,Replace + Select,12.158838675000428,0.05366162931017965,0.10541961567414271,0.000747314157011787,2.1856021993588115,,3,456
24,True,Replace + Select,12.157256797077302,0.050621663164722566,0.10227219759521083,0.0007250022744140443,2.240896646936995,,3,456
25,True,Replace + Select,12.152609529925266,0.0471583401371475,0.09261076248239383,0.0006565128648227906,2.276588697923497,,3,456
26,True,Replace + Select,12.22524432385083,0.04335661936054762,0.08673630081881002,0.0006148691124912593,2.214382574308623,,3,456
27,True,Replace + Select,12.182244282621058,0.04082326759144602,0.08077037304992207,0.0005725769617099388,2.1996679001619075,,3,456
28,True,Replace + Select,12.411846128004033,0.03962839292751558,0.07930454400892971,0.0005621857760934151,2.134144074762448,,3,456
29,True,Replace + Select,12.452123037383497,0.0434244884666051,0.0867982237271502,0.0006153080807586927,2.2107686889708544,,3,456
30,True,Replace + Select,12.583023353773312,0.045373211400912314,0.0921012109752555,0.0006529006807659995,2.157492599297207,,3,456
31,True,Replace + Select,12.504238338602885,0.03867146402887661,0.07580728536323497,0.0005373938919649607,2.2171999170135956,,3,456
32,True,Replace + Select,12.43283279385902,0.03918003622693168,0.07964857529462852,0.0005646245959336657,2.07221828992252,,3,456
33,True,Replace + Select,12.458723117821577,0.03866040650902298,0.07671424880665369,0.000543823308509734,2.208286822330388,,3,456
34,True,Replace + Select,12.464563055666005,0.03109490559365291,0.062438727974000505,0.00044262488591317786,2.2602282750786302,,3,456
35,True,Replace + Select,12.366449258029595,0.02874191935925555,0.057365674641392195,0.00040666227543987947,2.0255619888521257,,3,456
36,True,Replace + Select,12.542155098050644,0.027185473274129318,0.05456379205549128,0.00038679987592970806,2.1791093218607545,,3,456
37,True,Replace + Select,12.604929320637535,0.029400540481893712,0.060739695639956834,0.0004305805343156881,2.124650127263669,,3,456
38,True,Replace + Select,12.602194539857752,0.029128514499881818,0.057137892659397525,0.00040504754085022784,2.2494331121112356,,3,456
39,True,Replace + Select,12.506604257675662,0.028699831815877014,0.05626227958761533,0.00039884036545480555,2.181276312941259,,3,456
40,True,Replace + Select,12.7321358483924,0.029664317970380105,0.05992124720039414,0.00042477859601646297,2.2448010165274193,,3,456
41,True,Replace + Select,12.80017849255348,0.029598509127634696,0.0590762044438779,0.000418788131991467,2.193941385598598,,3,456
42,True,Replace + Select,12.775084149769931,0.030045698218360367,0.06049997516184204,0.00042888116834973193,2.2551776906589747,,3,456
43,True,Replace + Select,12.714809100919268,0.02625007216093391,0.05198062135744594,0.00036848791358491646,2.184047478170889,,3,456
44,True,Replace + Select,12.571520549187433,0.02798801726117867,0.05616615463662669,0.00039815894069095587,2.2455587697439974,,3,456
45,True,Replace + Select,12.489533055109531,0.021658317379991503,0.04435700605753742,0.0003144445023582645,2.297080896886583,,3,456
46,True,Replace + Select,12.414115869890766,0.021214398586672914,0.043305906891482275,0.0003069933151935881,2.2604898289125215,,3,456
47,True,Replace + Select,12.40293898741548,0.017702136565928388,0.03537247659022319,0.000250753641581769,2.2706082933761134,,3,456
48,True,Replace + Select,12.34744709753609,0.01732518533165807,0.034406354039098225,0.00024390484920810144,2.229011184506993,,3,456
49,True,Replace + Select,12.430300747135465,0.015088923450020627,0.030967674077039344,0.0002195282263125802,2.1805516477140516,,3,456
50,True,Replace + Select,12.439483629908551,0.012968013554980857,0.025922294684608202,0.00018376179495777358,2.233884293631686,,3,456
51,True,Replace + Select,12.432120735677442,0.011182561038247711,0.021796059554532402,0.00015451112933785176,2.2500971049398015,,3,456
52,True,Replace + Select,12.432314214331331,0.010734612072880586,0.02158964791128031,0.00015304788796490689,2.232464204209597,,3,456
53,True,Replace + Select,12.410629137134752,0.010370396706346133,0.02035740611917431,0.00014431259017223753,2.3498604057194186,,3,456
54,True,Replace + Select,12.456639143876208,0.01022588442025278,0.020800967780211743,0.0001474569756519338,2.2103357306216207,,3,456
55,True,Replace + Select,12.457088437922295,0.008240145376128523,0.0166799767578123,0.00011824348523780625,2.2277324502107008,,3,456
56,True,Replace + Select,12.466914017794974,0.007071512624313823,0.014083123326344146,9.983452670944768e-05,2.264335406039549,,3,456
57,True,Replace + Select,12.478192303880414,0.005522065639004876,0.011197712892135251,7.938000263928705e-05,2.305306732731886,,3,456
58,True,Replace + Select,12.481402033129982,0.005091161960267086,0.00996123027672159,7.06146418713836e-05,2.2714902274434587,,3,456
59,True,Replace + Select,12.492922475924262,0.004660243548181885,0.00960299865628071,6.807515659881107e-05,2.1771712709202005,,3,456
60,True,Replace + Select,12.484964591027339,0.004355215683987131,0.00862837073331617,6.116607008779806e-05,2.268719626812784,,3,456
61,True,Replace + Select,12.472411592947171,0.004031898712715509,0.008193867370073375,5.808589840870305e-05,2.2272543950151915,,3,456
62,True,Replace + Select,12.482067443364905,0.004025192875015229,0.007868247467160392,5.5777595900715794e-05,2.2329496099613637,,3,456
63,True,Replace + Select,12.502695210100722,0.0044121961744141265,0.00892719280484056,6.328440416679945e-05,2.2301780766011996,,3,456
64,True,Replace + Select,12.486088570257332,0.004282127830381866,0.00855948222777099,6.067772306509188e-05,2.2489965496624986,,3,456
65,True,Replace + Select,12.559028247282733,0.004326112468439193,0.00858912897468248,6.088788730762512e-05,2.3103292640698196,,3,456
66,True,Replace + Select,12.587370912360678,0.004318425715637635,0.008791620389336435,6.232333838451006e-05,2.2537049719800795,,3,456
67,True,Replace + Select,12.633349612540679,0.0047667091580760445,0.00941557036546853,6.674648722117436e-05,2.1189781288994913,,3,456
68,True,Replace + Select,12.629063249841703,0.004449660979692473,0.008668308966947908,6.144919014290526e-05,2.10695759158606,,3,456
69,True,Replace + Select,12.587035520193222,0.00352560687754708,0.006966867297514636,4.938775889250534e-05,2.3278642461700043,,3,456
70,True,Replace + Select,12.59421726914309,0.0038592453182923073,0.007472353647200262,5.297112526014555e-05,2.040150243123122,,3,456
71,True,Replace + Select,12.614816651079568,0.0034912012535276184,0.007121383617061437,5.048311702247246e-05,2.293623910412493,,3,456
72,True,Replace + Select,12.624277041729478,0.003570839708163789,0.007194054851367659,5.099827961206518e-05,2.157070841831435,,3,456
73,True,Replace + Select,12.648726733958254,0.003661068271859129,0.007390825527717332,5.2393176673494734e-05,2.2165761133251825,,3,456
74,True,Replace + Select,12.696722498396426,0.0035584875952415418,0.006996090985338984,4.959492409123586e-05,2.3179130855351078,,3,456
75,True,Replace + Select,12.72008918892745,0.0033334070876232065,0.006660631055378794,4.72168661447495e-05,2.126129715380193,,3,456
76,True,Replace + Select,12.733531831855949,0.0034168587601424725,0.0068998650634867105,4.891278355020036e-05,2.2138744072287957,,3,456
77,True,Replace + Select,12.743120539073574,0.0030460652462831247,0.006148214587423549,4.358437253015878e-05,2.1917245198838877,,3,456
78,True,Replace + Select,12.818738072196686,0.003242824506910182,0.006278028834339394,4.450461895566183e-05,2.2176809198957406,,3,456
79,True,Replace + Select,12.807958208653684,0.003449715012215641,0.0069296047391646685,4.91236065599121e-05,2.255446111922198,,3,456
80,True,Replace + Select,12.783206445827215,0.003312621961959341,0.006650229393739852,4.7143129307923465e-05,2.3151462360071635,,3,456
81,True,Replace + Select,12.78757694644787,0.003290091195658696,0.006572934523667396,4.659519000554465e-05,2.1782144382859547,,3,456
82,True,Replace + Select,12.76031513632816,0.003540306190269446,0.007144627633242912,5.0647892640815835e-05,2.185714830962671,,3,456
83,True,Replace + Select,12.77040620683662,0.0038961049543148416,0.007643996665550783,5.4187893664633676e-05,2.2873659336943017,,3,456
84,True,Replace + Select,12.785688962446589,0.003998682471079833,0.008181216276671592,5.799621546743664e-05,2.207989806230974,,3,456
85,True,Replace + Select,12.763868211936021,0.004153878755031661,0.008096700732382835,5.7397089182156166e-05,2.221116637739649,,3,456
86,True,Replace + Select,12.741540681818678,0.004098052888556804,0.008402478629151377,5.95647327435097e-05,2.2788294900645107,,3,456
87,True,Replace + Select,12.788433926285219,0.0029860948461113016,0.005883488498390316,4.1707743092650576e-05,2.218555374138094,,3,456
88,True,Replace + Select,12.75193837509733,0.0024773454339690228,0.0049305237566272045,3.495222574326097e-05,2.142722915536446,,3,456
89,True,Replace + Select,12.754975529509982,0.0023730568231229154,0.004651344210464938,3.297313650203201e-05,2.467054927303749,,3,456
90,True,Replace + Select,12.746502541140366,0.0023407651308836063,0.004747086494853594,3.365184856231361e-05,2.2088552525763436,,3,456
91,True,Replace + Select,12.745481255247736,0.0023148346024804423,0.004594759587262078,3.2572011059501614e-05,2.254441830420723,,3,456
92,True,Replace + Select,12.76655160492307,0.0024275588420002965,0.004830422669024815,3.424261435434475e-05,2.0856092290304113,,3,456
93,True,Replace + Select,12.814441724205253,0.002089332629065981,0.0041808737768317325,2.963799613691867e-05,2.090078823822477,,3,456
94,True,Replace + Select,12.844428749075279,0.0020056057837335006,0.004072811921389434,2.887195128000502e-05,2.2952098799440988,,3,456
95,True,Replace + Select,12.853221352104164,0.001960113935328661,0.0039044454764502854,2.7678410333529787e-05,2.146055273115346,,3,456
96,True,Replace + Select,12.88068681263692,0.0017422942837728229,0.0035618434509352166,2.5249722444174072e-05,2.2063093181706743,,3,456
97,True,Replace + Select,12.904786380837557,0.0012854826780395365,0.0025911942421247888,1.836884083027682e-05,2.108129502439514,,3,456
98,True,Replace + Select,12.911840166225987,0.001261331089895927,0.002521767644114241,1.78766792981496e-05,2.329044173671881,,3,456
99,True,Replace + Select,12.931134023391534,0.0011283164343483668,0.002268028142081518,1.6077933202846906e-05,2.2197683583311765,,3,456
100,True,Replace + Select,12.931060672825527,0.0012067882335321165,0.002402663730415976,1.703235786619379e-05,2.2286223102711507,,3,456
101,True,Replace + Select,12.927028534931587,0.0012725629327449393,0.002527341964404853,1.7916195363942982e-05,2.331890518240518,,3,456
102,True,Replace + Select,12.917569446645912,0.0011770577888496518,0.0023460207401699504,1.6630818662738713e-05,2.2635818064205266,,3,456
103,True,Replace + Select,12.937876872622397,0.0011263634758666866,0.002211037693587074,1.5673930885991605e-05,2.314962415623442,,3,456
104,True,Replace + Select,12.935057369501438,0.001158589648305357,0.0023080997398413363,1.6361998669302018e-05,2.2511833140888546,,3,456
105,True,Replace + Select,12.972632648056111,0.0010870947342379506,0.0022062203956072697,1.5639781311874584e-05,2.3597165400521227,,3,456
106,True,Replace + Select,12.977401376320783,0.0010849054298368026,0.00214332180759188,1.5193896502113492e-05,2.282153364756376,,3,456
107,True,Replace + Select,12.992565622621111,0.001156336569004391,0.002305450562824229,1.634321879160417e-05,2.1339733407501424,,3,456
108,True,Replace + Select,13.01012375004977,0.0014480994002370028,0.002828329696174737,2.0049881695467637e-05,2.1276212731312074,,3,456
109,True,Replace + Select,13.005097330142219,0.0011616728100376067,0.0023067648340216983,1.635253559157295e-05,2.2060384194102896,,3,456
110,True,Replace + Select,13.031849157236397,0.0011247806350017323,0.002204117367873919,1.5624873057963098e-05,2.1971412649167457,,3,456
111,True,Replace + Select,13.016347981154992,0.0010424938748480465,0.00208456969595604,1.477740584713409e-05,2.3138504741434653,,3,456
112,True,Replace + Select,13.028099649696692,0.000970107551055639,0.0019699514172511717,1.3964882847683617e-05,2.302942530426378,,3,456
113,True,Replace + Select,13.014777544848629,0.0008206886750663467,0.0016296875497092496,1.155277003824532e-05,2.259511436197239,,3,456
114,True,Replace + Select,13.001919631617056,0.0007910069530434115,0.0015693835794369413,1.1125278338334222e-05,2.270706997810465,,3,456
115,True,Replace + Select,13.004774124163063,0.0007604809961333161,0.0015541132025880028,1.1017027433328163e-05,2.209686278370786,,3,456
116,True,Replace + Select,13.022171566482822,0.0007843181837720815,0.0015653047435651105,1.1096363683583737e-05,2.2204590172718586,,3,456
117,True,Replace + Select,13.037123880912759,0.0008043333625871585,0.0016038618381891436,1.1369692916303094e-05,2.262460794318062,,3,456
118,True,Replace + Select,13.03847146765224,0.000828865288119032,0.0016678835365896928,1.1823539397005116e-05,2.2338942435809575,,3,456
119,True,Replace + Select,13.04634927804347,0.0008637606423148322,0.001736983660731438,1.2313386572904698e-05,2.2595292027951643,,3,456
120,True,Replace + Select,13.040825822974423,0.0007298411326839072,0.0014666430193021151,1.0396955866305814e-05,2.2424556918639134,,3,456
121,True,Replace + Select,13.057693852174399,0.000757178390227115,0.0014934853546631644,1.058723978163117e-05,2.171271472136059,,3,456
122,True,Replace + Select,13.063132085837294,0.0008880457004341827,0.0017146399841768002,1.2154993415215841e-05,2.262806143052252,,3,456
123,True,Replace + Select,13.06648434001108,0.0008574287123559211,0.0016538314103159185,1.1723924606784585e-05,2.240149322936788,,3,456
124,True,Replace + Select,13.055251185123819,0.0008217071647708867,0.0016385196034925588,1.161538000685077e-05,2.270962201561497,,3,456
125,True,Replace + Select,13.056567246305748,0.0008502602692229502,0.0017126503998743368,1.2140889355868905e-05,2.244231503891512,,3,456
126,True,Replace + Select,13.067651446568833,0.0008377419768161886,0.0016874704170190085,1.1962389770751214e-05,2.284566713133279,,3,456
127,True,Replace + Select,13.062508830160326,0.0008024415834757854,0.001607860944176409,1.1398042370060466e-05,2.270592757745428,,3,456
128,True,Replace + Select,13.080678266706528,0.0007096022678267418,0.0014433865844147517,1.0232092212404138e-05,2.187247086749898,,3,456
129,True,Replace + Select,13.096539547730075,0.0007618409319425813,0.0015390081540285663,1.0909948531943152e-05,2.2164590463827087,,3,456
130,True,Replace + Select,13.097616222370354,0.0008421921535490784,0.0017463328235723862,1.2379662300648248e-05,2.2579948513465053,,3,456
131,True,Replace + Select,13.086116192410806,0.0009506537382008944,0.0019329378235220414,1.3702495412301926e-05,2.269285279833114,,3,456
132,True,Replace + Select,13.098562031751122,0.0011374075031224797,0.0022410397060018943,1.588661358714793e-05,2.238155151219221,,3,456
133,True,Replace + Select,13.134521392805702,0.001179621039125414,0.002396790333396277,1.6990721661067227e-05,2.167487593592191,,3,456
134,True,Replace + Select,13.140622281329405,0.0010200462214438862,0.0020591504224892416,1.4597209943352668e-05,2.2593344711977563,,3,456
135,True,Replace + Select,13.17854848304308,0.0010645477909197133,0.002189541221101131,1.5521543513757048e-05,2.2885054907099467,,3,456
136,True,Replace + Select,13.174806875381751,0.0011379960146875665,0.002308286179120162,1.6363320327625267e-05,2.2618306654652693,,3,456
137,True,Replace + Select,13.181993845895386,0.001270591337034911,0.002578025701157803,1.8275489730209853e-05,2.197951419292613,,3,456
138,True,Replace + Select,13.198832673076392,0.0014300194818719979,0.002810916771674876,1.992644238191572e-05,2.2770652103056324,,3,456
139,True,Replace + Select,13.220673598008423,0.0015360007293460454,0.0031676000274425548,2.245495137807992e-05,2.336185658015671,,3,456
140,True,Replace + Select,13.189430262598403,0.001717227112055609,0.003420915934216539,2.42506946286874e-05,2.3200101792035603,,3,456
141,True,Replace + Select,13.163894666811096,0.00150344610237988,0.003060861908166992,2.16982904178085e-05,2.305983374184033,,3,456
142,True,Replace + Select,13.171837971671128,0.001750848105262163,0.0035564592675235815,2.5211554248798552e-05,2.2680536621902077,,3,456
143,True,Replace + Select,13.116859236638119,0.0013388801520917443,0.002677849576385191,1.89831359750586e-05,2.229330457828378,,3,456
144,True,Replace + Select,13.13471430250624,0.0014191336414142463,0.0028784431412424874,2.0405133293723544e-05,2.1509794222694882,,3,456
145,True,Replace + Select,13.143665556106114,0.0016354268058401424,0.0032227700153229983,2.2846048544594605e-05,2.2821100737775986,,3,456
146,True,Replace + Select,13.165833942014961,0.0017271304781465247,0.0034208750979426742,2.4250405142471922e-05,2.2629093965961227,,3,456
147,True,Replace + Select,13.174698208250705,0.0017941070690791708,0.0035103585175491727,2.4884748436764208e-05,2.270546973879674,,3,456
148,True,Replace + Select,13.185291797974335,0.0013378574938408383,0.0025913983328716013,1.837028761893596e-05,2.203999991334914,,3,456
149,True,Replace + Select,13.175447975003651,0.0013952906410982606,0.0028372385587909946,2.0113036157883645e-05,2.2272947576671864,,3,456
150,True,Replace + Select,13.183919038906172,0.0014857671799063431,0.0029393972914338955,2.0837234085168896e-05,2.2127385935788784,,3,456
151,True,Replace + Select,13.197027926699032,0.0014938455317274988,0.0029496849303864365,2.091016262111826e-05,2.2409579360256258,,3,456
152,True,Replace + Select,13.199958487467196,0.0013649707059731186,0.002756556138560702,1.9541082689124592e-05,2.172614504488596,,3,456
153,True,Replace + Select,13.203391613896175,0.0014457347333197339,0.002898795755030252,2.0549411911308376e-05,2.325928635892999,,3,456
154,True,Replace + Select,13.190377495590502,0.0012253247496570466,0.002502240741907478,1.773825410689482e-05,2.17837361225849,,3,456
155,True,Replace + Select,13.165988775579981,0.0011482601311985894,0.002335452742461623,1.65559026781926e-05,2.1965504732900962,,3,456
156,True,Replace + Select,13.140375752784012,0.001054866793907006,0.0020621874653416416,1.4618739381726503e-05,2.277736193915838,,3,456
157,True,Replace + Select,13.177666023475362,0.000987442554408387,0.0019952505648777458,1.4144227185649244e-05,2.137295708379196,,3,456
158,True,Replace + Select,13.171051138567622,0.0008597715849642621,0.0016964898625382873,1.2026328149598926e-05,2.168541931628339,,3,456
159,True,Replace + Select,13.172720525652231,0.0008899887257459612,0.0017765167193892735,1.259363436375511e-05,2.2502082563933925,,3,456
160,True,Replace + Select,13.154962987254144,0.0007929369298386611,0.0015619655625867793,1.1072692403794168e-05,2.2109167244989143,,3,456
161,True,Replace + Select,13.187433016620092,0.0006438126811129592,0.0013013059053940833,9.224889689505577e-06,2.2277575420431126,,3,456
162,True,Replace + Select,13.204194679674497,0.0006202710003122345,0.0012329791724930439,8.740525043772629e-06,2.168202630598984,,3,456
163,True,Replace + Select,13.225350556776048,0.0005968183670555775,0.0012062092095410743,8.55075417268042e-06,2.315521120217221,,3,456
164,True,Replace + Select,13.235799520574318,0.0006698739296737439,0.0013497711351275388,9.568457175224685e-06,2.2402069413762002,,3,456
165,True,Replace + Select,13.227931023617469,0.0007991901530238311,0.00156649427801184,1.1104796231232573e-05,2.281433076372475,,3,456
166,True,Replace + Select,13.205670164164378,0.0007429662199467718,0.0014882375976889208,1.0550038706154554e-05,2.2052372072587243,,3,456
167,True,Replace + Select,13.21239059985991,0.0006878544836611693,0.0013988355100451508,9.916271969903919e-06,2.255789584978969,,3,456
168,True,Replace + Select,13.237067849380251,0.0007841827510262843,0.001567885884674288,1.1114661258278905e-05,2.224927828892185,,3,456
169,True,Replace + Select,13.24467625579393,0.000772876651735526,0.0015580119532609203,1.104466547349648e-05,2.2835392199793207,,3,456
170,True,Replace + Select,13.268664659445502,0.0007736064015551181,0.0015215360521175576,1.0786089712810195e-05,2.2131033160186178,,3,456
171,True,Replace + Select,13.25449656432416,0.000897094779430244,0.001732673480817039,1.2282831932302946e-05,2.226839367908779,,3,456
172,True,Replace + Select,13.250162930125933,0.0009600606236794442,0.0018943154991825362,1.3428703769531854e-05,2.209902086057202,,3,456
173,True,Replace + Select,13.26935296789779,0.001121297404048685,0.002247461300030521,1.593213593227779e-05,2.192470027711076,,3,456
174,True,Replace + Select,13.288707367902546,0.0009843771326925542,0.001989790689415511,1.4105522413274989e-05,2.268180328907359,,3,456
175,True,Replace + Select,13.290518303977532,0.0009236070161271975,0.0018895816007513128,1.339514541046475e-05,2.25030087596585,,3,456
176,True,Replace + Select,13.28660806412703,0.0009699298721063761,0.001958360792532951,1.3882717513602802e-05,2.1547101236113604,,3,456
177,True,Replace + Select,13.305868726738712,0.0008686649332739574,0.0017335272791621438,1.228888446423877e-05,2.239104551221628,,3,456
178,True,Replace + Select,13.323938693315895,0.0008775386975887142,0.0017827220462377346,1.2637623602124887e-05,2.258280391101563,,3,456
179,True,Replace + Select,13.355040368680863,0.0007912120055632502,0.0015657967284188944,1.1099851338551144e-05,2.1964779328148634,,3,456
180,True,Replace + Select,13.381431012703153,0.0008303063714118243,0.0017010042434520952,1.2058330360434721e-05,2.2022679955483526,,3,456
181,True,Replace + Select,13.369534418159757,0.0009267665345339484,0.0017395092178410184,1.2331290115525886e-05,2.262075056518099,,3,456
182,True,Replace + Select,13.369355673755855,0.0007493319764933302,0.001481180609610092,1.0500012085743853e-05,2.2930809010407582,,3,456
183,True,Replace + Select,13.347190242712253,0.0007167651867154333,0.0014348943500878306,1.0171891206200639e-05,2.316743810749963,,3,456
184,True,Replace + Select,13.368984217972011,0.0006920717907354802,0.0013664460448932665,9.68666474081989e-06,2.2364648069775086,,3,456
185,True,Replace + Select,13.401409091647631,0.000611080382266916,0.0012363867477067007,8.764681166729097e-06,2.197149756033175,,3,456
186,True,Replace + Select,13.413986522808106,0.0006609305665236549,0.001343811054062077,9.526206471418999e-06,2.2488161278252345,,3,456
187,True,Replace + Select,13.434421574184672,0.0006336637289152688,0.0012821245928309564,9.088914365209184e-06,2.2078889405728446,,3,456
188,True,Replace + Select,13.450548156409715,0.0006364935263905031,0.001257551072751205,8.914713963075523e-06,2.4155444800020485,,3,456
189,True,Replace + Select,13.460180576657107,0.0006111408145836781,0.0012446295127225256,8.823113697998116e-06,2.1392367274628263,,3,456
190,True,Replace + Select,13.462098558434011,0.0006189632145711381,0.0012374306461518131,8.772081308358587e-06,2.251843272758112,,3,456
191,True,Replace + Select,13.471066146425212,0.0005514614516195078,0.0010956481905131635,7.766992875460349e-06,2.441432995763111,,3,456
192,True,Replace + Select,13.483713017840552,0.0005341913443761976,0.001087004456265862,7.705717894223245e-06,2.316739406623406,,3,456
193,True,Replace + Select,13.501103185428809,0.0005239486526232587,0.0010423265848457791,7.388998794045669e-06,2.234749963099312,,3,456
194,True,Replace + Select,13.501075408005953,0.0005316158818168221,0.001070558341279162,7.5891322428830324e-06,2.2698481931318937,,3,456
195,True,Replace + Select,13.507073873681332,0.0005504351208055075,0.0011051622996612073,7.83443789897159e-06,2.244973307965667,,3,456
196,True,Replace + Select,13.507631026486964,0.0006020245481545356,0.001215699909102834,8.618033246855496e-06,2.3225805646663247,,3,456
197,True,Replace + Select,13.517518141775366,0.0005468436867608566,0.0010929597642202525,7.747934761693502e-06,2.29191046298724,,3,456
198,True,Replace + Select,13.528451867759804,0.000558749731983846,0.0011092076957681018,7.863115500972602e-06,2.2907912531979475,,3,456
199,True,Replace + Select,13.521769112521836,0.0005040922414569907,0.0009743926357037491,6.907418571893426e-06,2.2737012801333667,,3,456
200,True,Replace + Select,13.522925184392735,0.0005368292890431034,0.0010663488891977614,7.5592916566356195e-06,2.228365113512268,,3,456
0,False,Accumulate,0.0,70.6737496833999,140.62023368017697,0.996849502054083,0.06711183331287074,,3,456
1,False,Accumulate,0.7602770385566395,70.80640776076663,141.39060877305727,1.002310650906098,0.310123752714219,100.0,3,456
2,False,Accumulate,0.7816775272749525,70.80535424522986,139.53424053724905,0.989150953307364,0.26517366834565725,200.0,3,456
3,False,Accumulate,0.7993159574240709,72.17036960782573,145.3796305292762,1.0305886180755575,0.3015897415288752,300.0,3,456
4,False,Accumulate,0.8211847925759268,73.02121467009161,146.23060548625202,1.0366211351601982,0.31246846549782126,400.0,3,456
5,False,Accumulate,0.7865762660108807,73.59169086780841,148.1452558410481,1.050193991660544,0.33126438359780885,500.0,3,456
6,False,Accumulate,0.9476546352755647,72.54606385416378,142.64060588426833,1.0111718152298168,0.32287800660507937,600.0,3,456
7,False,Accumulate,0.9425912802635339,71.58765204281421,145.41953659414156,1.0308715100879575,0.28411004166814086,700.0,3,456
8,False,Accumulate,0.9685205798214103,71.50383699226008,142.98334253158305,1.0136014574460888,0.3394150040928522,800.0,3,456
9,False,Accumulate,0.9999378367201167,71.08465028249158,140.99786607094447,0.9995265183755907,0.36866912770370963,900.0,3,456
10,False,Accumulate,1.0678312447712828,71.57771547739092,141.933531279588,1.006159400237009,0.32683431843923594,1000.0,3,456
11,False,Accumulate,1.0169052022904053,71.26195780349369,141.57164821395685,1.0035940300599355,0.34725180094615826,1100.0,3,456
12,False,Accumulate,0.9411425995410019,70.7958448780567,142.02059535562512,1.0067765929309267,0.2678612801050173,1200.0,3,456
13,False,Accumulate,0.8485142650246653,70.22832909152943,140.0460676467637,0.9927792689907093,0.31692266010314085,1300.0,3,456
14,False,Accumulate,0.8687793808201907,70.37639947318114,141.2668002437378,1.001432978699388,0.2813123181123888,1400.0,3,456
15,False,Accumulate,0.9597269526776322,70.2835104672321,140.9120044301406,0.9989178496823247,0.29170909850250487,1500.0,3,456
16,False,Accumulate,1.0008377488886908,70.13932630542755,139.35976031808013,0.9879140721342577,0.38563892697235713,1600.0,3,456
17,False,Accumulate,1.0767999980792897,70.1675279426757,139.79109197124853,0.9909717597260662,0.35011261032412233,1700.0,3,456
18,False,Accumulate,1.07802726431135,69.97645312951124,139.7502838750087,0.9906824732603008,0.3272296546630609,1800.0,3,456
19,False,Accumulate,1.1483356892032566,69.88148128930412,138.43327273160617,0.9813462499577109,0.3544825017369122,1900.0,3,456
20,False,Accumulate,1.1711319986524715,69.2628313322839,137.3601273345465,0.9737387782113361,0.3796458447283535,2000.0,3,456
21,False,Accumulate,1.150789694761754,68.99263219341746,139.13544614548843,0.9863239206645888,0.2937180198888516,2100.0,3,456
22,False,Accumulate,1.1870797059353622,69.12967609205313,139.0848245789017,0.9859650670193877,0.37894188574722204,2200.0,3,456
23,False,Accumulate,1.1896690080159662,69.42424902571335,139.57601808628223,0.9894471121734166,0.337986820872009,2300.0,3,456
24,False,Accumulate,1.202140736749227,69.4714150770437,136.57487191338333,0.9681721434882556,0.3270409371725793,2400.0,3,456
25,False,Accumulate,1.2104901313354417,69.39570417095338,139.50776744111505,0.9889632869096604,0.3358489113134591,2500.0,3,456
26,False,Accumulate,1.1846042180637237,69.28456159114288,139.3728132865792,0.9880066039471277,0.3817454708578797,2600.0,3,456
27,False,Accumulate,1.1990816898768224,69.41810536141311,139.62202004569752,0.9897732176643301,0.41652107560660456,2700.0,3,456
28,False,Accumulate,1.1938998006775061,69.37898011689518,138.2042408527007,0.9797226549140511,0.3083283942290218,2800.0,3,456
29,False,Accumulate,1.173250793329341,69.23765675637091,140.43311865125955,0.995523053373679,0.3035390010565139,2900.0,3,456
30,False,Accumulate,1.1914781003914747,69.16055789686155,137.47482732328768,0.9745518804489722,0.32327984157680956,3000.0,3,456
31,False,Accumulate,1.1835179304193737,69.06760245023433,136.02145596505432,0.9642490066957562,0.3279388507708151,3100.0,3,456
32,False,Accumulate,1.1901771620847321,68.94929293549788,137.66284802963116,0.975884749429411,0.31497630478309546,3200.0,3,456
33,False,Accumulate,1.1934120516601991,68.81945866478725,138.2179656940685,0.9798199495986438,0.368924295804841,3300.0,3,456
34,False,Accumulate,1.2157083288486876,68.7045277696673,136.10616352324357,0.9648494941575622,0.34104223765198016,3400.0,3,456
35,False,Accumulate,1.212533592818829,68.94253875519614,139.12679064522126,0.9862625622746506,0.35289089137787266,3500.0,3,456
36,False,Accumulate,1.243331483280249,68.88728355477504,136.93516207488352,0.9707262216510277,0.41211136509665136,3600.0,3,456
37,False,Accumulate,1.2257481339620906,68.89267523460933,137.73838249052048,0.9764202092829104,0.3119721008124957,3700.0,3,456
38,False,Accumulate,1.2085296395448921,68.90746726514061,139.91151110507224,0.9918254046848917,0.35101675877727745,3800.0,3,456
39,False,Accumulate,1.1860049550985368,69.11849291750833,137.92393374459004,0.9777355724449817,0.3825871508673342,3900.0,3,456
40,False,Accumulate,1.1617540528474304,69.06217356190741,137.48521793805384,0.9746255389750932,0.32386187116558396,4000.0,3,456
41,False,Accumulate,1.1637793911118657,69.09755983558425,138.62486032446012,0.9827044044105798,0.3648232823455388,4100.0,3,456
42,False,Accumulate,1.186406114857323,69.29478673491397,138.8864063272552,0.9845584903826136,0.32708538764881645,4200.0,3,456
43,False,Accumulate,1.173509058800751,69.33376338079712,137.0126035649992,0.9712752003352456,0.28413158044236714,4300.0,3,456
44,False,Accumulate,1.149190486016094,69.49738897024645,139.74543015269117,0.9906480654759534,0.337564640113249,4400.0,3,456
45,False,Accumulate,1.133226068488235,69.40718237119891,137.21214130010546,0.9726897129318756,0.3196821456603244,4500.0,3,456
46,False,Accumulate,1.1039836421664029,69.25986987660933,138.20184643848472,0.9797056810365624,0.3215908437748879,4600.0,3,456
47,False,Accumulate,1.0829198333253425,69.12263409435853,137.57367150035006,0.9752525816646286,0.3608490278632921,4700.0,3,456
48,False,Accumulate,1.0858926525312627,69.22626746691738,139.8756589576937,0.9915712506821104,0.318245752793762,4800.0,3,456
49,False,Accumulate,1.0824752132142652,69.23753309189217,141.0081262022229,0.9995992519110731,0.2942673833364803,4900.0,3,456
50,False,Accumulate,1.0902127263212902,69.25894555697302,139.3571817638924,0.9878957928981138,0.37296110277382344,5000.0,3,456
51,False,Accumulate,1.0792288263350567,69.25707701911743,139.87012914636858,0.9915320501380518,0.292889692761898,5100.0,3,456
52,False,Accumulate,1.0793046293402362,69.15632421809443,137.83934353917454,0.9771359168908678,0.3868943812695456,5200.0,3,456
53,False,Accumulate,1.0663974488390529,69.17629410032217,137.9678961203261,0.9780472194335741,0.3563410853297847,5300.0,3,456
54,False,Accumulate,1.0695750272232902,69.17562951074021,137.67196419232215,0.9759493734312443,0.35343698211841396,5400.0,3,456
55,False,Accumulate,1.0612192003525367,69.21399310472894,138.88069075806501,0.9845179730107383,0.30951630874092456,5500.0,3,456
56,False,Accumulate,1.0630471335881968,69.30046979189896,137.23453837767443,0.9728484846465697,0.2844312507796973,5600.0,3,456
57,False,Accumulate,1.0710071759158981,69.16316757485636,136.9508903190844,0.9708377183538102,0.35540123713934124,5700.0,3,456
58,False,Accumulate,1.0687361006505858,69.25354486689797,137.64578187042142,0.975763768316914,0.3373430345347185,5800.0,3,456
59,False,Accumulate,1.0951399039534049,69.2775283186866,138.49802210835145,0.9818052549122444,0.277268349627745,5900.0,3,456
60,False,Accumulate,1.0718732946956162,69.48875672417617,140.10421710837724,0.9931914874911137,0.3554353236829758,6000.0,3,456
61,False,Accumulate,1.0604845402804859,69.4261959909609,138.2537844904966,0.9800738671782769,0.30911212581250896,6100.0,3,456
62,False,Accumulate,1.0595957972451053,69.39704031964396,137.91155072489738,0.9776477898642569,0.3198832871388011,6200.0,3,456
63,False,Accumulate,1.0615798863943844,69.40269027702814,137.1085064861927,0.9719550511414582,0.32541441641469676,6300.0,3,456
64,False,Accumulate,1.0659296976987445,69.38795799830517,139.43890022564125,0.9884750908111597,0.28452716848295334,6400.0,3,456
65,False,Accumulate,1.0511479096398322,69.39324950098171,138.32064686058524,0.9805478510324114,0.3091153294228915,6500.0,3,456
66,False,Accumulate,1.0383577205909027,69.33566571656623,137.3435457380292,0.973621232138492,0.33622583504561643,6600.0,3,456
67,False,Accumulate,1.0304839262594043,69.36143614481519,138.31928301684346,0.9805381828152616,0.3364808451298839,6700.0,3,456
68,False,Accumulate,1.043925846829293,69.34064063784821,139.4371844048525,0.9884629274470825,0.3439087900418358,6800.0,3,456
69,False,Accumulate,1.0355267065237692,69.35850972158374,136.00116496421634,0.9641051648491589,0.317339772193241,6900.0,3,456
70,False,Accumulate,1.0412876571372218,69.26854113249752,137.8052347774087,0.976894121657763,0.31258383752650015,7000.0,3,456
71,False,Accumulate,1.0675822674335187,69.37953799453045,138.08271676680658,0.9788611770076308,0.3062917350745953,7100.0,3,456
72,False,Accumulate,1.0517433502988631,69.43043952140304,138.05742993513272,0.9786819199768115,0.2869304957772185,7200.0,3,456
73,False,Accumulate,1.0570896178825666,69.4892255622899,140.23419535487218,0.9941128965010791,0.377815972014674,7300.0,3,456
74,False,Accumulate,1.0756581088277535,69.4776999740887,139.8128315857293,0.9911258707192202,0.31120676013462356,7400.0,3,456
75,False,Accumulate,1.0899373127859886,69.44937116582673,138.77337602429964,0.9837572244604238,0.31553864053366143,7500.0,3,456
76,False,Accumulate,1.0947398217859297,69.37354910965794,136.58005247428375,0.9682088682142697,0.3094223039145866,7600.0,3,456
77,False,Accumulate,1.098026496473405,69.2868037060668,138.5836909031824,0.9824125565304669,0.283954520291458,7700.0,3,456
78,False,Accumulate,1.1008552425001537,69.23126622735359,139.76746416564234,0.9908042634445088,0.34842420754205683,7800.0,3,456
79,False,Accumulate,1.1093019439252696,69.23042982578417,137.3990357957187,0.9740145982631888,0.2909454920685848,7900.0,3,456
80,False,Accumulate,1.1199417721054645,69.25179671890896,137.80008688756874,0.9768576285351923,0.30961626554631283,8000.0,3,456
81,False,Accumulate,1.139587155594596,69.28903884080692,139.72889366642755,0.9905308391873447,0.3024950589599309,8100.0,3,456
82,False,Accumulate,1.1517552255825094,69.28868155370668,137.9050309366874,0.9776015714256971,0.2875888858846136,8200.0,3,456
83,False,Accumulate,1.1630980596079756,69.22425906526843,138.77058714983997,0.983737454274842,0.35137390303736915,8300.0,3,456
84,False,Accumulate,1.1611039792948283,69.24866277671428,139.7170863262993,0.9904471375690257,0.31620882337180756,8400.0,3,456
85,False,Accumulate,1.1564122125770135,69.27164637861476,140.0470921274365,0.9927865314807638,0.3035471934548223,8500.0,3,456
86,False,Accumulate,1.1483472843062559,69.29536574769358,141.04479992377603,0.9998592300103262,0.30937226067799223,8600.0,3,456
87,False,Accumulate,1.1502036838061611,69.33942556373151,137.7742437380636,0.9766744277962838,0.3200208385814627,8700.0,3,456
88,False,Accumulate,1.1497988622812905,69.33678863464941,140.81615226499565,0.9982383586830929,0.3567964002725513,8800.0,3,456
89,False,Accumulate,1.158659353259169,69.39240731611525,136.6153482382174,0.9684590780438301,0.33288967437013306,8900.0,3,456
90,False,Accumulate,1.1510698658395189,69.3816402499678,140.79465409498894,0.9980859592772222,0.36495531295466094,9000.0,3,456
91,False,Accumulate,1.1704735018285426,69.34643627330036,136.33294648282074,0.9664571467294035,0.35890097112830993,9100.0,3,456
92,False,Accumulate,1.168475845463678,69.44860716863268,138.14570348593367,0.9793076865742459,0.32437321519953966,9200.0,3,456
93,False,Accumulate,1.1639919185657757,69.54414068407456,139.82802576766355,0.9912335814824502,0.327156699929677,9300.0,3,456
94,False,Accumulate,1.168336017756831,69.52071500976606,140.15850273338955,0.993576315455383,0.32500026982444563,9400.0,3,456
95,False,Accumulate,1.1683135091118755,69.44562453731754,137.57428357514854,0.9752569206309503,0.2961715747929259,9500.0,3,456
96,False,Accumulate,1.177362586972641,69.42942854416025,138.88970537104217,0.984581877131947,0.2851193759793146,9600.0,3,456
97,False,Accumulate,1.181243465015137,69.43069345528392,140.52172530665092,0.9961511813321807,0.3524308144701884,9700.0,3,456
98,False,Accumulate,1.1945329581357,69.4155882041087,141.31556990207707,1.0017787042636153,0.29170396171337243,9800.0,3,456
99,False,Accumulate,1.1906935549576716,69.42183574692876,137.88617325327508,0.9774678902915708,0.36282236602394347,9900.0,3,456
100,False,Accumulate,1.182757688486251,69.42125843265086,139.76639403892722,0.9907966773720412,0.3114102155090194,10000.0,3,456
101,False,Accumulate,1.189084279433591,69.42256349751553,136.2949653711538,0.9661879006098247,0.3269597804542326,10100.0,3,456
102,False,Accumulate,1.1938903228574826,69.45264228944204,137.02376603519713,0.9713543305042638,0.31350994091036316,10200.0,3,456
103,False,Accumulate,1.1885958393786091,69.48252556601598,138.36037388046557,0.9808294738042515,0.34625340772126645,10300.0,3,456
104,False,Accumulate,1.1807538977213565,69.40850681099181,138.32429918019187,0.9805737421356042,0.3507645813817344,10400.0,3,456
105,False,Accumulate,1.1793929489121395,69.36059122933774,140.13261718284497,0.9933928141377174,0.3384885358575773,10500.0,3,456
106,False,Accumulate,1.1800491745149448,69.27541520011818,139.67987376696755,0.9901833396768647,0.3622880212980907,10600.0,3,456
107,False,Accumulate,1.1767572249829732,69.24931633402923,136.56480012410427,0.9681007450993832,0.3478260474469648,10700.0,3,456
108,False,Accumulate,1.1764615686733146,69.32508115160965,134.78770814658174,0.9555030327607259,0.3498357933794405,10800.0,3,456
109,False,Accumulate,1.184587395222845,69.30482675356352,139.06125860316072,0.9857980090465198,0.32830584314156463,10900.0,3,456
110,False,Accumulate,1.1754055187000723,69.25090002986079,136.61904500824176,0.9684852842537158,0.31318589330672575,11000.0,3,456
111,False,Accumulate,1.1800298871041512,69.29147433021497,137.93735946021548,0.9778307466427886,0.29513716355383407,11100.0,3,456
112,False,Accumulate,1.1811797693408486,69.28936531169757,139.34628408315604,0.9878185398077776,0.3082670927870284,11200.0,3,456
113,False,Accumulate,1.1861347444164179,69.23719829764056,139.7282238618393,0.9905260909775544,0.32836721065365093,11300.0,3,456
114,False,Accumulate,1.1830112436340212,69.22954213379275,138.63093916336155,0.9827474969824905,0.3282237036714826,11400.0,3,456
115,False,Accumulate,1.1966865689743202,69.25407500059248,138.18251436802015,0.979568636997366,0.3273261022364108,11500.0,3,456
116,False,Accumulate,1.2068419607611498,69.246715354756,137.7584198529346,0.9765622530999504,0.329842775460527,11600.0,3,456
117,False,Accumulate,1.1916941688467912,69.25996429789919,139.23612311717392,0.987037614465733,0.3567841561716162,11700.0,3,456
118,False,Accumulate,1.193367120584608,69.22491290336771,134.4868383713152,0.953370182616701,0.38398238610070407,11800.0,3,456
119,False,Accumulate,1.1912748969306661,69.20267344663684,140.28476270666795,0.9944713658204549,0.3504085333096174,11900.0,3,456
120,False,Accumulate,1.1845680056570218,69.23526001650846,138.6581291168073,0.9829402451442871,0.29502474667995,12000.0,3,456
121,False,Accumulate,1.1792781608891525,69.21354504429053,139.3898002511576,0.9881270236530136,0.3979640809521461,12100.0,3,456
122,False,Accumulate,1.18542680166938,69.21248343732282,136.94148020466994,0.9707710105435411,0.3022961765798712,12200.0,3,456
123,False,Accumulate,1.1797320859057323,69.1568031396062,140.12543930845555,0.9933419305605562,0.3460069486099855,12300.0,3,456
124,False,Accumulate,1.1867372616321856,69.14872054348683,135.5550377279649,0.9609425921405863,0.3517706302319628,12400.0,3,456
125,False,Accumulate,1.1743515206909019,69.14417326483361,138.6563900365864,0.9829279168953086,0.30066521034781246,12500.0,3,456
126,False,Accumulate,1.17404771147034,69.18387970022292,139.84580083002749,0.9913595879724321,0.3428535703686501,12600.0,3,456
127,False,Accumulate,1.1788381664823784,69.15829741210898,139.26847787008143,0.9872669756215272,0.3222340227771409,12700.0,3,456
128,False,Accumulate,1.1708620834681835,69.12613675829844,136.67078857710732,0.96885209171455,0.3307636914391533,12800.0,3,456
129,False,Accumulate,1.1711019865090846,69.14637263613676,137.2774638416353,0.9731527810216714,0.31494673908869014,12900.0,3,456
130,False,Accumulate,1.1748003792435018,69.13970448164369,136.38182640617242,0.9668036539565524,0.3452120097511599,13000.0,3,456
131,False,Accumulate,1.1818986934455107,69.1371600955766,139.7033319133038,0.9903496332527066,0.32117449039236734,13100.0,3,456
132,False,Accumulate,1.190246257018345,69.12855020557635,137.4658763148863,0.9744884272172836,0.3506254761465373,13200.0,3,456
133,False,Accumulate,1.1919714828611299,69.14717190269039,139.15395251245573,0.9864551113347604,0.3119697918499833,13300.0,3,456
134,False,Accumulate,1.1867306878681108,69.19884257640594,138.8944402285474,0.9846154422898398,0.3572544518190788,13400.0,3,456
135,False,Accumulate,1.18659034102387,69.1500016120553,135.8113696568587,0.9627597158146907,0.28338617170432445,13500.0,3,456
136,False,Accumulate,1.187483158922309,69.19134200906238,136.4505645137923,0.9672909348162106,0.40818447297328186,13600.0,3,456
137,False,Accumulate,1.1891985878876363,69.2137734622389,139.6788334608781,0.9901759650012573,0.32301096343427527,13700.0,3,456
138,False,Accumulate,1.1855960137736334,69.2273629433055,139.85800309525106,0.9914460891941533,0.2715033610535659,13800.0,3,456
139,False,Accumulate,1.1902321368850088,69.20140045136979,138.74818803438623,0.9835786681136891,0.34782083512489315,13900.0,3,456
140,False,Accumulate,1.1869168651706459,69.17574025666025,138.8217250935101,0.9840999684902543,0.33931819655163,14000.0,3,456
141,False,Accumulate,1.1868905365122981,69.14550184759767,138.69832228623693,0.9832251724259686,0.3275597638137241,14100.0,3,456
142,False,Accumulate,1.1846905882984096,69.15121354854976,140.25846307632898,0.9942849291127246,0.3677882763975856,14200.0,3,456
143,False,Accumulate,1.1871874443997485,69.1006930322654,136.05899555801966,0.9645151229122882,0.35106474768062956,14300.0,3,456
144,False,Accumulate,1.196510406860689,69.13946768283063,139.76583867685596,0.9907927404392848,0.3243037522256876,14400.0,3,456
145,False,Accumulate,1.1987838390308423,69.1690756074913,137.49590904959658,0.9747013277071901,0.32897816838967275,14500.0,3,456
146,False,Accumulate,1.2054344779056663,69.16073068520427,138.85993573871662,0.9843708417611229,0.3724077441483472,14600.0,3,456
147,False,Accumulate,1.2055056109116358,69.17866859509257,137.7920874478552,0.9768009209242999,0.2789095468217803,14700.0,3,456
148,False,Accumulate,1.2032883606656228,69.11432552854826,136.76840143255362,0.9695440641554935,0.2984176763466924,14800.0,3,456
149,False,Accumulate,1.1981423095528099,69.10427305516579,138.95762518791256,0.9850633571711627,0.40409751552982787,14900.0,3,456
150,False,Accumulate,1.1929969258361852,69.08431430168925,137.84559084359137,0.9771802037060303,0.3521136983786961,15000.0,3,456
151,False,Accumulate,1.1750670820897542,69.08007560947013,135.61938912975324,0.9613987758714077,0.35198679747600436,15100.0,3,456
152,False,Accumulate,1.1799115049780198,69.0723049757521,138.61219482958975,0.9826146193780538,0.3967824006274325,15200.0,3,456
153,False,Accumulate,1.1734876566846968,69.06898607800866,137.09208911737093,0.9718386692701817,0.31082360038045853,15300.0,3,456
154,False,Accumulate,1.1681805303071557,69.10284340787909,139.4477650759932,0.9885379332729297,0.33131047566756444,15400.0,3,456
155,False,Accumulate,1.1625808919653031,69.1176177190513,136.74387887326094,0.9693702250117214,0.35106129939111763,15500.0,3,456
156,False,Accumulate,1.1642398081530412,69.07871883659196,139.17202135806778,0.9865832004388649,0.38432333145416053,15600.0,3,456
157,False,Accumulate,1.1598507600111916,69.07848025344941,138.4633383104669,0.9815593832780868,0.34581963000816723,15700.0,3,456
158,False,Accumulate,1.1613284734712157,69.04585100520444,139.47075604137652,0.9887009150273636,0.3246216395882404,15800.0,3,456
159,False,Accumulate,1.162819300638074,69.05947165982073,137.8532328346488,0.9772343773820436,0.3394455713347632,15900.0,3,456
160,False,Accumulate,1.1643363311079933,69.06832139976846,139.46952347265403,0.9886921774119785,0.3312786874255772,16000.0,3,456
161,False,Accumulate,1.1602501978371793,69.07431296539697,136.19223558096817,0.9654596544854044,0.3497636210304817,16100.0,3,456
162,False,Accumulate,1.1588773943138526,69.05194340324893,140.2750086246699,0.9944022196419267,0.30577713909523463,16200.0,3,456
163,False,Accumulate,1.1616614163752874,69.03174311819939,138.3122084103773,0.9804880312990222,0.3412429371754743,16300.0,3,456
164,False,Accumulate,1.1594164049258182,69.0574340797825,138.75018296684223,0.9835928100858174,0.3040091154776544,16400.0,3,456
165,False,Accumulate,1.1541860552603915,69.03658285718785,138.81084468332054,0.9840228378299235,0.32670418655474254,16500.0,3,456
166,False,Accumulate,1.1527769925513567,69.05364999522115,142.32932358338385,1.0089651512347855,0.35126721023521085,16600.0,3,456
167,False,Accumulate,1.151288174731201,69.08242864794448,139.5146305802368,0.9890119393449252,0.35949416186136585,16700.0,3,456
168,False,Accumulate,1.1490227992622826,69.08390266173201,138.07224542830056,0.9787869462351282,0.3535208693969407,16800.0,3,456
169,False,Accumulate,1.151448236067386,69.07875127529633,135.40194179104648,0.9598573030289871,0.334477836858757,16900.0,3,456
170,False,Accumulate,1.1480613907108572,69.06501872255245,136.86206079362736,0.9702080104810374,0.30991509084918234,17000.0,3,456
171,False,Accumulate,1.156971438732153,69.06362778132412,139.35674374249166,0.9878926877872504,0.29683465914367113,17100.0,3,456
172,False,Accumulate,1.1526321869662808,69.07686632518131,140.49320600514915,0.9959490094913513,0.3405494789153424,17200.0,3,456
173,False,Accumulate,1.1448364729369236,69.07104900169907,140.95972023341943,0.9992561045229957,0.31586575125264477,17300.0,3,456
174,False,Accumulate,1.148367134302443,69.09373831566683,140.0398310425649,0.9927350580288344,0.3571372560246058,17400.0,3,456
175,False,Accumulate,1.1490273176333416,69.10866884638246,138.4832993711433,0.9817008861960878,0.3403129115301251,17500.0,3,456
176,False,Accumulate,1.1511541208759763,69.053344280411,137.49284455469268,0.974679603662655,0.3412824748241473,17600.0,3,456
177,False,Accumulate,1.1513992487601536,69.04633701941682,139.22583123394566,0.9869646558423345,0.26559546933023626,17700.0,3,456
178,False,Accumulate,1.1454789160127683,69.0209796018091,137.20101128673002,0.9726108128475791,0.34256929190516733,17800.0,3,456
179,False,Accumulate,1.147348661930286,68.99716783381452,138.93415514043238,0.9848969792287322,0.2917271191180635,17900.0,3,456
180,False,Accumulate,1.1489704834399304,68.99097632829209,136.79905127385132,0.9697613392818111,0.31544858840618495,18000.0,3,456
181,False,Accumulate,1.1505115354666207,68.97932342297361,138.3665100474805,0.9808729727721684,0.312915175981488,18100.0,3,456
182,False,Accumulate,1.150369877597121,68.97454621746743,137.47928675476723,0.9745834931261346,0.3272176162843271,18200.0,3,456
183,False,Accumulate,1.1527853084661361,68.99872877044233,139.4903539257661,0.9888398434076101,0.3573113148550924,18300.0,3,456
184,False,Accumulate,1.1586690897737926,68.9875130551497,139.92568199879577,0.9919258614113688,0.35197831223007836,18400.0,3,456
185,False,Accumulate,1.1588441540606065,69.05769265259174,137.59156844592232,0.975379452178317,0.35500997875463125,18500.0,3,456
186,False,Accumulate,1.1585745165190426,69.0620598330014,136.18302074197388,0.9653943309724037,0.343226285060535,18600.0,3,456
187,False,Accumulate,1.1550424003034307,69.07549727171613,138.49201074026894,0.9817626406374498,0.3527512546847122,18700.0,3,456
188,False,Accumulate,1.151042764620785,69.07953433505091,139.5537902119029,0.9892895399313085,0.31037292825075913,18800.0,3,456
189,False,Accumulate,1.1516549037179133,69.04386509052196,134.03700466103007,0.9501813349070269,0.31381448432117076,18900.0,3,456
190,False,Accumulate,1.151311950820441,69.0150765646399,138.84001590463578,0.9842296310963075,0.3507145295056216,19000.0,3,456
191,False,Accumulate,1.1448450473472835,69.00241529383369,138.84940684234664,0.984296202963925,0.32868632559342836,19100.0,3,456
192,False,Accumulate,1.1457839362952063,68.98539030337042,136.38337219002128,0.9668146119376316,0.3313748128374062,19200.0,3,456
193,False,Accumulate,1.1528493041335284,68.98675932085828,136.0543551916547,0.9644822275971604,0.35907596918025714,19300.0,3,456
194,False,Accumulate,1.1552500283060956,68.97043777213511,137.13919210714496,0.9721725799078805,0.33436740425582934,19400.0,3,456
195,False,Accumulate,1.1596790463304916,68.95454348923735,138.12372824226895,0.9791519052180969,0.3613693799982214,19500.0,3,456
196,False,Accumulate,1.1523768046455567,68.95405777363702,137.40880346573675,0.9740838407664822,0.3715079794323176,19600.0,3,456
197,False,Accumulate,1.154634612369414,68.97459550860707,138.62560664609407,0.982709695045716,0.32680844122530633,19700.0,3,456
198,False,Accumulate,1.1523671797685116,68.9803734740411,135.0323014687639,0.9572369420641167,0.3458087975562876,19800.0,3,456
199,False,Accumulate,1.1437493645081058,68.96659532006707,138.36956881977213,0.9808946562494036,0.3045473697360668,19900.0,3,456
200,False,Accumulate,1.142695121427555,68.9579860586732,136.16298845189763,0.9652523231129022,0.2953509985191859,20000.0,3,456
0,True,Accumulate + Select,0.0,70.6737496833999,138.93272211554998,0.9848868205900849,0.07556717267255805,,3,456
1,True,Accumulate + Select,0.9558122212966161,58.84938400537985,118.07545141279348,0.837030716456893,0.3117073556425621,100.0,3,456
2,True,Accumulate + Select,2.1482534059478566,53.084188505616495,108.57188362297607,0.7696604200843007,0.451083084789614,200.0,3,456
3,True,Accumulate + Select,3.6842426628971205,51.172156597120036,101.75984817140247,0.7213702560719139,0.5960497056028261,300.0,3,456
4,True,Accumulate + Select,6.277288575965718,50.75166242979628,102.69916310709286,0.728029010658004,0.7569566222089534,400.0,3,456
5,True,Accumulate + Select,9.200285565344716,49.97612561474818,101.44942142366357,0.7191696570485074,0.9661841990885293,500.0,3,456
6,True,Accumulate + Select,12.274371712445422,49.54872108949438,99.27401424052782,0.7037483089926804,0.927942778210814,600.0,3,456
7,True,Accumulate + Select,16.177530776145087,50.508500819181876,101.88993373166787,0.7222924258236008,1.0324782352849122,700.0,3,456
8,True,Accumulate + Select,20.42676992825431,51.9918174017335,104.6117042122294,0.741586914797528,1.1259993033049538,800.0,3,456
9,True,Accumulate + Select,25.06797930178654,52.78113251199062,105.9499205239835,0.7510734604325378,1.37491691709327,900.0,3,456
10,True,Accumulate + Select,29.81126843138229,53.05619686341541,105.94071513745226,0.7510082039275546,1.395704816178172,1000.0,3,456
11,True,Accumulate + Select,34.99352232365332,53.785227165646695,104.93620342363072,0.7438872727818424,1.4664755982328304,1100.0,3,456
12,True,Accumulate + Select,40.50384208573693,55.05443359243242,110.21613494630144,0.7813164319540898,1.6826326054545822,1200.0,3,456
13,True,Accumulate + Select,46.822285416542805,56.28842927903942,112.83305931896939,0.7998676723377487,2.0414883473329133,1300.0,3,456
14,True,Accumulate + Select,52.303906448299436,56.56584217847372,111.76875924063599,0.7923229045944681,1.8519237772863657,1400.0,3,456
15,True,Accumulate + Select,57.310506173639965,56.830880916176504,114.4531601561558,0.8113524826709457,2.4284323906954866,1500.0,3,456
16,True,Accumulate + Select,61.704877579359746,56.56473849903727,112.21177706647157,0.795463434854784,1.7798936278929733,1600.0,3,456
17,True,Accumulate + Select,65.50823920918087,55.905047573983374,112.42487623454295,0.7969740837423632,2.302932547127332,1700.0,3,456
18,True,Accumulate + Select,68.98393476435812,55.25038107223479,110.68190152950066,0.7846182269688212,2.557405796497112,1800.0,3,456
19,True,Accumulate + Select,72.02943886799879,54.489201390392,110.6731746492461,0.7845563625698755,2.4818270025673472,1900.0,3,456
20,True,Accumulate + Select,74.39433630465842,53.69041356717271,109.69775228561203,0.7776416443103927,2.3397541064939418,2000.0,3,456
21,True,Accumulate + Select,76.51568209714058,52.888598485644806,105.36604258469872,0.7469343801749969,2.323164783364212,2100.0,3,456
22,True,Accumulate + Select,78.47805818662813,52.063005523274164,102.63107048519987,0.7275463056129963,2.447754333324996,2200.0,3,456
23,True,Accumulate + Select,79.83056120973225,51.19601867354807,103.76577211719189,0.7355901462981411,2.659606948382584,2300.0,3,456
24,True,Accumulate + Select,80.88882395619632,50.306482021167376,101.43029351717101,0.7190340603170597,2.4545530217584193,2400.0,3,456
25,True,Accumulate + Select,82.11982802544979,49.51372909114537,99.82987074242327,0.7076887467421172,2.3156834739951133,2500.0,3,456
26,True,Accumulate + Select,82.87589039459041,48.781634652616894,94.83833891510685,0.6723040379678142,2.356290942705301,2600.0,3,456
27,True,Accumulate + Select,83.82639382426007,48.02079324487319,95.14993283382341,0.6745129110054039,2.0951045569719424,2700.0,3,456
28,True,Accumulate + Select,84.51233265728361,47.34307978410585,94.26719217347166,0.6682552085063744,2.4060523083074528,2800.0,3,456
29,True,Accumulate + Select,85.01860178591218,46.70925791147448,92.6813855916346,0.6570135083606208,2.3532424465721897,2900.0,3,456
30,True,Accumulate + Select,85.3021516988923,46.01262386954532,92.16161906555304,0.6533289105673388,2.3073210682783216,3000.0,3,456
31,True,Accumulate + Select,85.48792499270573,45.41597599002645,90.17794949903707,0.6392667804750316,2.7231965591752143,3100.0,3,456
32,True,Accumulate + Select,85.55883524552073,44.795388372630306,89.90475385099381,0.6373301107754588,2.5711020209115882,3200.0,3,456
33,True,Accumulate + Select,85.41400446108358,44.31727042399177,87.43753093252622,0.6198400961924609,2.333810963502431,3300.0,3,456
34,True,Accumulate + Select,85.54547411204415,43.75894015144793,89.52274157340563,0.6346220456647262,2.187691317115185,3400.0,3,456
35,True,Accumulate + Select,85.54766579723234,43.332024890056914,87.39007993190422,0.6195037185240126,2.1818802571344635,3500.0,3,456
36,True,Accumulate + Select,85.56235272585396,42.85195746131106,86.14810968815401,0.6106994562450564,2.53800333752525,3600.0,3,456
37,True,Accumulate + Select,85.47922193754027,42.38876328325098,85.20396263971664,0.6040064470637375,2.2811754608238815,3700.0,3,456
38,True,Accumulate + Select,85.31740198250746,41.94436159929254,84.39417119125858,0.5982658777229197,2.7632507418985304,3800.0,3,456
39,True,Accumulate + Select,85.27089627066906,41.52349139441291,83.65405187679612,0.5930192105060202,2.3295781800287703,3900.0,3,456
40,True,Accumulate + Select,84.99287023170064,41.15784420906499,80.69381239915992,0.5720342272499552,2.158673039341515,4000.0,3,456
41,True,Accumulate + Select,84.77317415157268,40.73370039074192,81.48935738318127,0.5776738041474518,2.3270042340981396,4100.0,3,456
42,True,Accumulate + Select,84.76402007877846,40.279775181915234,80.81413231903606,0.5728871688862812,2.325019906108732,4200.0,3,456
43,True,Accumulate + Select,84.53361561985058,39.93814972751125,78.64091619316842,0.557481353121146,2.2834051136330187,4300.0,3,456
44,True,Accumulate + Select,84.32421737521597,39.559270847432586,80.11803128879043,0.5679525449902785,2.250538948964719,4400.0,3,456
45,True,Accumulate + Select,84.05098831868366,39.19119975182151,78.29083207677563,0.5549996250798108,2.2942264755137134,4500.0,3,456
46,True,Accumulate + Select,83.67479471186005,38.92291760171818,78.63222315044858,0.5574197285947189,2.4846334461071575,4600.0,3,456
47,True,Accumulate + Select,83.44198793766513,38.624673176341574,76.45072217899731,0.5419551819913644,2.2704785636084717,4700.0,3,456
48,True,Accumulate + Select,83.1822853764093,38.28848537517778,74.89455604799309,0.5309236014555708,2.5838439691260087,4800.0,3,456
49,True,Accumulate + Select,82.82002202260804,37.976917381189935,75.11826416223795,0.5325094566092299,2.15863265025333,4900.0,3,456
50,True,Accumulate + Select,82.494270978262,37.73003004420331,75.50176681166946,0.5352280868882244,2.322803842327433,5000.0,3,456
51,True,Accumulate + Select,82.17169130177479,37.455590206569894,75.69503972612766,0.5365981884980425,2.433272820539037,5100.0,3,456
52,True,Accumulate + Select,81.87937910996172,37.214656888323894,75.64259048516011,0.536226378564484,2.791328565343937,5200.0,3,456
53,True,Accumulate + Select,81.66974255797686,36.933792884638514,74.00359497165144,0.5246076248563516,2.1327187624763866,5300.0,3,456
54,True,Accumulate + Select,81.40281171364492,36.65950912949586,74.47436038810564,0.5279448563392971,2.62314479070339,5400.0,3,456
55,True,Accumulate + Select,81.13043362520989,36.40189914686306,73.82816883323763,0.5233640381110557,2.678235980747309,5500.0,3,456
56,True,Accumulate + Select,80.87689543544985,36.14230338098232,70.82611375006105,0.5020826262083434,2.3655615525963256,5600.0,3,456
57,True,Accumulate + Select,80.5740666571627,35.906983800665685,72.16079101340681,0.5115440837137769,2.412928279769814,5700.0,3,456
58,True,Accumulate + Select,80.31785437051187,35.70797604779461,71.87665378191168,0.5095298496998075,2.4140106859037793,5800.0,3,456
59,True,Accumulate + Select,79.96033825860734,35.49364799862504,70.3471461137964,0.4986872496169749,2.0290733360490742,5900.0,3,456
60,True,Accumulate + Select,79.63179843288503,35.26831109615651,69.61831171020619,0.49352058054464776,2.4626617741244425,6000.0,3,456
61,True,Accumulate + Select,79.38921935584264,35.053620217382516,69.817083244439,0.4949296615832497,2.3452112129710128,6100.0,3,456
62,True,Accumulate + Select,79.13135594484713,34.80615254363457,69.58107487354691,0.4932566105517782,2.1739899903520343,6200.0,3,456
63,True,Accumulate + Select,78.82577024265096,34.590626804789025,69.09085451226696,0.4897814639796987,2.1015852314175123,6300.0,3,456
64,True,Accumulate + Select,78.52634970134129,34.40482301767633,68.16292846988627,0.4832034446642564,2.146347325662278,6400.0,3,456
65,True,Accumulate + Select,78.32746209251525,34.201710558401054,67.53605395768841,0.4787595639439606,2.1886664575684396,6500.0,3,456
66,True,Accumulate + Select,78.11513225494461,33.99776995351314,68.69436267470752,0.4869707540235585,2.329921961218629,6600.0,3,456
67,True,Accumulate + Select,77.97633186654852,33.80086668912139,67.00205109772604,0.4749740455223397,2.1993888133487545,6700.0,3,456
68,True,Accumulate + Select,77.7776881167832,33.60997778775938,67.21332554344939,0.4764717590483681,2.038957187960999,6800.0,3,456
69,True,Accumulate + Select,77.47946011663598,33.432961405408626,66.26349965372484,0.4697384928573628,2.0278023805780743,6900.0,3,456
70,True,Accumulate + Select,77.22433601857993,33.26339402925734,66.5764460959754,0.47195695386373965,2.241759905070067,7000.0,3,456
71,True,Accumulate + Select,76.99495047450972,33.09215769312829,67.09369534843869,0.4756237068356383,2.3963310844818064,7100.0,3,456
72,True,Accumulate + Select,76.76713885344742,32.919079966020874,65.58989177462601,0.46496332173663646,2.1185146461885025,7200.0,3,456
73,True,Accumulate + Select,76.51641000662286,32.72993639781333,65.8971738578622,0.4671416283974034,2.4898023265100186,7300.0,3,456
74,True,Accumulate + Select,76.29466164975501,32.55347454794575,65.0883045760501,0.4614075962478402,2.3447022880582926,7400.0,3,456
75,True,Accumulate + Select,76.13291270411712,32.372554756340854,64.01339705774025,0.453787632915832,2.3790337614692936,7500.0,3,456
76,True,Accumulate + Select,75.9120371896438,32.215390114502036,65.81010294386975,0.46652438722957706,2.53675597464875,7600.0,3,456
77,True,Accumulate + Select,75.66816464288812,32.06835134100063,64.40432650413238,0.45655891137111176,2.2658656079631645,7700.0,3,456
78,True,Accumulate + Select,75.44882009937818,31.911388329669762,63.34964405963976,0.4490823225324896,2.650887326101134,7800.0,3,456
79,True,Accumulate + Select,75.28500541534125,31.7328091048163,63.337521777804064,0.44899638830883326,2.435725012078536,7900.0,3,456
80,True,Accumulate + Select,75.09883374245612,31.550162367142025,64.86295157097241,0.45981008054886185,2.678087700341745,8000.0,3,456
81,True,Accumulate + Select,74.93862237158491,31.386416529314594,61.46130447978161,0.43569598174335483,2.630444347004409,8100.0,3,456
82,True,Accumulate + Select,74.72810888194903,31.22318514867761,61.66719553885472,0.4371555327222077,2.4584779968791417,8200.0,3,456
83,True,Accumulate + Select,74.55266866446694,31.06455473089924,61.725025068379026,0.43756548324071864,2.0883723578486233,8300.0,3,456
84,True,Accumulate + Select,74.38785017416008,30.91548918691914,61.848628401349536,0.4384417008212136,2.3817186806029977,8400.0,3,456
85,True,Accumulate + Select,74.2623072940971,30.749735458062908,60.465429880929825,0.4286362786551665,2.0152279542408946,8500.0,3,456
86,True,Accumulate + Select,74.12784305165509,30.583941644093304,60.90862963268432,0.43177809857883254,2.5415468659380545,8600.0,3,456
87,True,Accumulate + Select,73.93030049555244,30.45669493535501,60.971877841921234,0.4322264618351974,2.411458926545811,8700.0,3,456
88,True,Accumulate + Select,73.76454952337299,30.3077391816006,60.08546694580029,0.4259427412262333,2.346950760280813,8800.0,3,456
89,True,Accumulate + Select,73.57835305789246,30.18284706568958,60.69393193901559,0.43025611782667,2.4308993618853343,8900.0,3,456
90,True,Accumulate + Select,73.45968275489811,30.021031942790906,60.10090543182103,0.42605218384839005,2.247249253285373,9000.0,3,456
91,True,Accumulate + Select,73.30193099356848,29.859598516883626,59.17599819580133,0.41949556469378513,2.134008259513235,9100.0,3,456
92,True,Accumulate + Select,73.13493396417671,29.723380611670606,58.77881199720484,0.41667993244846996,1.903720921282036,9200.0,3,456
93,True,Accumulate + Select,72.97494577628017,29.59126134161791,59.43393945098513,0.42132409679801974,2.115342921373995,9300.0,3,456
94,True,Accumulate + Select,72.81973920881018,29.447167682449468,58.485719512561765,0.414602215112025,2.5536961472775968,9400.0,3,456
95,True,Accumulate + Select,72.66379502969424,29.330449828472872,58.23794969585777,0.41284578780464937,2.4716855113917964,9500.0,3,456
96,True,Accumulate + Select,72.52132996975482,29.199208964398352,57.232029469089426,0.40571487178412285,2.6929250649739154,9600.0,3,456
97,True,Accumulate + Select,72.38804364971853,29.059906373403965,57.803339793959005,0.40976486087857905,1.9287033692268412,9700.0,3,456
98,True,Accumulate + Select,72.25031493423218,28.92787192947128,57.97846925779063,0.4110063445132358,2.4131181284462615,9800.0,3,456
99,True,Accumulate + Select,72.10130462559319,28.800173388149663,57.21946651401244,0.4056258136508438,2.5193861184322914,9900.0,3,456
100,True,Accumulate + Select,71.94077436164454,28.686159278421343,57.93154638001453,0.41067371068009606,2.3906655581829743,10000.0,3,456
101,True,Accumulate + Select,71.81928310014139,28.563803719421934,57.13423683432658,0.4050216248969813,2.3123882635599644,10100.0,3,456
102,True,Accumulate + Select,71.69743308922428,28.433296501086502,55.970701752805525,0.39677338539202717,2.185081100122699,10200.0,3,456
103,True,Accumulate + Select,71.56286728360065,28.30001142137558,56.73093134484584,0.40216261331775915,2.3070493911520282,10300.0,3,456
104,True,Accumulate + Select,71.43159556100781,28.171637416686735,56.552923893444635,0.4009007277793324,2.4304737638514813,10400.0,3,456
105,True,Accumulate + Select,71.31063895860927,28.05637409810614,56.47674251417628,0.4003606819551861,2.2030069946970214,10500.0,3,456
106,True,Accumulate + Select,71.21545753174247,27.924105625257823,56.205747486426844,0.3984396123380956,2.3711577535901176,10600.0,3,456
107,True,Accumulate + Select,71.11586853925658,27.79931695238935,54.61332168925828,0.3871509889201035,2.1857740789723965,10700.0,3,456
108,True,Accumulate + Select,70.96765345603373,27.694929405788177,55.08025492995942,0.3904610543090153,2.3677733594650547,10800.0,3,456
109,True,Accumulate + Select,70.8172846344033,27.584815743415227,54.8981251920457,0.38916994609651245,2.3409875711286614,10900.0,3,456
110,True,Accumulate + Select,70.72266913173965,27.468313239724367,55.56657273687899,0.3939085358767844,2.2791183317844723,11000.0,3,456
111,True,Accumulate + Select,70.61154296818084,27.35585645773055,54.462558049346164,0.38608223334033354,2.293964447115207,11100.0,3,456
112,True,Accumulate + Select,70.51099795234543,27.246145311617727,54.76302954647602,0.3882122601114209,2.223827545518915,11200.0,3,456
113,True,Accumulate + Select,70.39447820854973,27.1255987539599,53.17082259617544,0.37692518808746134,2.0824456014921475,11300.0,3,456
114,True,Accumulate + Select,70.31324012508324,27.013038227345927,53.690392354836135,0.3806083910067599,2.3972550186336825,11400.0,3,456
115,True,Accumulate + Select,70.19283309809715,26.927070418664893,53.62736440659303,0.38016158916909176,2.112319815637264,11500.0,3,456
116,True,Accumulate + Select,70.12405281701507,26.80867918617013,54.07151451457951,0.38331014611851744,2.1158628250177642,11600.0,3,456
117,True,Accumulate + Select,70.03677805886821,26.695534741838298,53.28619122389869,0.3777430302719662,2.601811227665541,11700.0,3,456
118,True,Accumulate + Select,69.95657235313044,26.58477076629874,52.40841445405187,0.3715205165338185,2.456246422370501,11800.0,3,456
119,True,Accumulate + Select,69.85385282449684,26.484921527267158,52.324509953579145,0.3709257219062789,2.1799978845152133,11900.0,3,456
120,True,Accumulate + Select,69.75287072101412,26.392169294520077,53.43330538371206,0.3787859148776667,2.260627423860053,12000.0,3,456
121,True,Accumulate + Select,69.65055721882142,26.28966210823038,53.12345094708408,0.3765893729378748,2.5504004966544174,12100.0,3,456
122,True,Accumulate + Select,69.5712297035513,26.188870326957325,52.39347124093371,0.3714145848754356,2.0965622997844426,12200.0,3,456
123,True,Accumulate + Select,69.47601497838667,26.091150281634455,52.20935484864896,0.37010939337371707,2.2841673205357296,12300.0,3,456
124,True,Accumulate + Select,69.39651115341483,25.982907276951067,52.391836202172286,0.37140299417093664,2.018519145523288,12400.0,3,456
125,True,Accumulate + Select,69.29997092872952,25.888068988260077,51.973378090123376,0.36843656644066297,2.5172736196536434,12500.0,3,456
126,True,Accumulate + Select,69.20442824147968,25.78978433523236,50.747637724819256,0.35974735692348914,2.3219046835045085,12600.0,3,456
127,True,Accumulate + Select,69.12198334182219,25.690035595406414,51.18882484322773,0.3628749093943407,2.42570817807791,12700.0,3,456
128,True,Accumulate + Select,69.04273717531521,25.596905772508414,51.76343949850144,0.3669483227146837,2.18373933451846,12800.0,3,456
129,True,Accumulate + Select,68.97027063811096,25.498963717000425,51.03876777859989,0.36181116268990715,2.087446188464249,12900.0,3,456
130,True,Accumulate + Select,68.8793637219025,25.40483127522546,50.30261319873548,0.35659260126977976,2.4654772788431423,13000.0,3,456
131,True,Accumulate + Select,68.81670145161482,25.316529310726033,50.68593894989493,0.35930997752615046,2.0808993742238,13100.0,3,456
132,True,Accumulate + Select,68.73923135807837,25.226503873653854,49.23388841849761,0.3490164670454831,2.2752533110390445,13200.0,3,456
133,True,Accumulate + Select,68.67306168756625,25.1269948316982,49.98019792746132,0.35430701622833216,2.120916007099196,13300.0,3,456
134,True,Accumulate + Select,68.62928245894557,25.029615909550376,50.181830988825695,0.35573638248351747,2.227127917037233,13400.0,3,456
135,True,Accumulate + Select,68.54495882823284,24.933249021517707,49.74447703004477,0.35263600308133475,2.4850707224034068,13500.0,3,456
136,True,Accumulate + Select,68.50668410805056,24.84603767815357,49.407819996886246,0.3502494589327142,2.0724549791275253,13600.0,3,456
137,True,Accumulate + Select,68.43553748440499,24.76087837245381,48.92295157850386,0.34681225200468757,2.4769638949764303,13700.0,3,456
138,True,Accumulate + Select,68.35447099439467,24.67337308844276,49.44442344407909,0.3505089388606927,2.1471247172525842,13800.0,3,456
139,True,Accumulate + Select,68.28113534759628,24.585986529234575,49.10490132367945,0.3481020842580578,2.132919744657003,13900.0,3,456
140,True,Accumulate + Select,68.20931200973057,24.502885723281764,49.68445603452365,0.35221051737467535,2.190310674147306,14000.0,3,456
141,True,Accumulate + Select,68.13299984164986,24.408672917253046,49.30354367584698,0.3495102495317368,1.9363733131391458,14100.0,3,456
142,True,Accumulate + Select,68.04952003015084,24.328847636253123,48.24935730441544,0.3420371773291703,2.133264424413531,14200.0,3,456
143,True,Accumulate + Select,67.99302445357168,24.236328276098504,48.22503635503171,0.34186476738752714,2.283160672530868,14300.0,3,456
144,True,Accumulate + Select,67.91636253125587,24.156992206118762,48.45437079739978,0.34349050728779223,2.1401805557207427,14400.0,3,456
145,True,Accumulate + Select,67.85581941044902,24.06642830809189,47.99059601031221,0.3402028320118077,2.3250930924022146,14500.0,3,456
146,True,Accumulate + Select,67.79336718384515,23.97982566723477,47.331814624222666,0.33553276512670027,2.547693157780202,14600.0,3,456
147,True,Accumulate + Select,67.72715262628412,23.89657094917768,47.962267389407316,0.34000201189578405,2.2112825318257734,14700.0,3,456
148,True,Accumulate + Select,67.67651107926034,23.811854710126532,46.931638269782006,0.332695935822567,2.318594305459153,14800.0,3,456
149,True,Accumulate + Select,67.61481201410473,23.732987725587776,47.688373285677045,0.3380603908802761,2.3841457896096294,14900.0,3,456
150,True,Accumulate + Select,67.57265700719886,23.650973500028456,47.43174690763405,0.336241179871511,2.155929606291093,15000.0,3,456
151,True,Accumulate + Select,67.52693540223332,23.56519096336811,46.82175816384042,0.3319170014827007,2.1314450839783543,15100.0,3,456
152,True,Accumulate + Select,67.4661702099459,23.488358699065223,47.15419465765434,0.3342736264480432,2.5537941922287533,15200.0,3,456
153,True,Accumulate + Select,67.4045353458906,23.41597788537981,46.55585051464479,0.3300319960268293,2.2646161789991197,15300.0,3,456
154,True,Accumulate + Select,67.35115768335834,23.342451505148922,46.376969681908136,0.32876391913366965,2.4252536221631082,15400.0,3,456
155,True,Accumulate + Select,67.28794070240224,23.26441528802279,46.63833850407756,0.3306167490814894,2.1632887651413704,15500.0,3,456
156,True,Accumulate + Select,67.23785036706533,23.184603498731295,46.645854578587034,0.33067003014166185,2.2329403231780014,15600.0,3,456
157,True,Accumulate + Select,67.19582510611372,23.10741158636131,45.41137485698771,0.32191886778354084,2.558767561133849,15700.0,3,456
158,True,Accumulate + Select,67.1292137533637,23.035967150859793,45.292769473828294,0.3210780804085724,2.4099889241351526,15800.0,3,456
159,True,Accumulate + Select,67.0737419234319,22.96123254202923,45.37725872074249,0.3216770202731362,2.332945708844322,15900.0,3,456
160,True,Accumulate + Select,67.02738522417515,22.8892818315011,45.186129394190644,0.3203221144461806,2.2679596880109134,16000.0,3,456
161,True,Accumulate + Select,66.99583483042503,22.815172946414084,45.57193892041546,0.3230570980544403,2.3044978604893167,16100.0,3,456
162,True,Accumulate + Select,66.92740485706642,22.74173159297861,45.35314293429814,0.3215060647208694,2.360840074637961,16200.0,3,456
163,True,Accumulate + Select,66.87800412900265,22.66796230887444,45.798287685690205,0.32466167264551843,2.327082261023714,16300.0,3,456
164,True,Accumulate + Select,66.81417979673347,22.596201475901147,45.23311997423666,0.32065522821718057,2.2335399947722716,16400.0,3,456
165,True,Accumulate + Select,66.75716407350187,22.531512079895826,45.20998938116996,0.3204912566493819,2.1919462191433094,16500.0,3,456
166,True,Accumulate + Select,66.70877700164465,22.461287313544002,45.7384045249436,0.32423716404238634,2.1452937861437964,16600.0,3,456
167,True,Accumulate + Select,66.66955817636598,22.39247294635715,44.91258352087491,0.3183829620179182,2.452554421535839,16700.0,3,456
168,True,Accumulate + Select,66.61950689862164,22.32234715234113,44.69082386766298,0.3168109194028933,2.581826250121944,16800.0,3,456
169,True,Accumulate + Select,66.56919417186,22.258272149513886,44.869327166659815,0.31807631997906294,2.1709097248888414,16900.0,3,456
170,True,Accumulate + Select,66.51304036995964,22.18689919386332,44.320102628100486,0.31418289587180426,2.1763476191236792,17000.0,3,456
171,True,Accumulate + Select,66.47340384309823,22.11949910969963,43.35462095767644,0.3073386466679983,2.316726793280612,17100.0,3,456
172,True,Accumulate + Select,66.4217675910523,22.05415137189999,44.04465049371928,0.312230230058276,2.2694968108531333,17200.0,3,456
173,True,Accumulate + Select,66.37729015960875,21.98985953865276,43.96083978671009,0.3116361003277073,1.9364224429234325,17300.0,3,456
174,True,Accumulate + Select,66.33248238579993,21.9194072909158,43.84230556874885,0.3107958174391169,2.2472020684742318,17400.0,3,456
175,True,Accumulate + Select,66.29049081294403,21.853627637600255,44.01904220988265,0.3120486942698413,2.661587283527301,17500.0,3,456
176,True,Accumulate + Select,66.24995549346077,21.790579281481257,43.83954367387729,0.31077623851042796,2.3447492053245647,17600.0,3,456
177,True,Accumulate + Select,66.20214028071898,21.723486782675963,42.669234981331286,0.30247998123021763,2.2439765091569237,17700.0,3,456
178,True,Accumulate + Select,66.17415397488354,21.65319281927784,42.74718718985973,0.30303258037062536,2.435077640934061,17800.0,3,456
179,True,Accumulate + Select,66.12886879011852,21.588843795788335,42.96751360153995,0.3045944628111873,2.3481764212054164,17900.0,3,456
180,True,Accumulate + Select,66.08461063671399,21.5279753933447,43.92967246741049,0.3114151568268251,2.4371279311471015,18000.0,3,456
181,True,Accumulate + Select,66.04374536474297,21.463454134984655,42.997050258235774,0.3048038466299238,2.0871517718751247,18100.0,3,456
182,True,Accumulate + Select,66.01323320472055,21.397527575589464,42.42915183282501,0.3007780443127725,2.423375388047586,18200.0,3,456
183,True,Accumulate + Select,65.9876940587888,21.34087005124016,42.70414818987036,0.30272747914453946,2.3063024385694266,18300.0,3,456
184,True,Accumulate + Select,65.95586023909169,21.278270885358786,43.20859014047847,0.30630344182159314,2.3535531780077408,18400.0,3,456
185,True,Accumulate + Select,65.94087485383946,21.20856818934824,42.02867829708386,0.29793910830590054,2.247687140380952,18500.0,3,456
186,True,Accumulate + Select,65.90514092643333,21.14470924313434,43.082417830313375,0.30540901289575917,1.983497624236782,18600.0,3,456
187,True,Accumulate + Select,65.86317476583233,21.091029380908864,41.98157245733623,0.2976051774648875,2.34641488306106,18700.0,3,456
188,True,Accumulate + Select,65.82658952375681,21.0330675241269,41.207342551264965,0.292116702043222,2.3496016230005425,18800.0,3,456
189,True,Accumulate + Select,65.79339492651654,20.973819395233278,42.160152594225856,0.29887112274087146,2.3856297941698954,18900.0,3,456
190,True,Accumulate + Select,65.75558286346082,20.914845394771973,42.42491459535505,0.3007480067573548,2.2509506310504905,19000.0,3,456
191,True,Accumulate + Select,65.72314694795855,20.855633346291146,41.09925955167502,0.2913505072965485,2.4806463768714266,19100.0,3,456
192,True,Accumulate + Select,65.68727446328593,20.798409489226888,41.166744854008385,0.29182890708487474,2.223302328140651,19200.0,3,456
193,True,Accumulate + Select,65.63966763566214,20.745493173500115,40.72348856289356,0.28868668635663225,2.051857146139282,19300.0,3,456
194,True,Accumulate + Select,65.60138478364702,20.689808156847842,41.52059376684936,0.29433732357186587,2.3415772042124727,19400.0,3,456
195,True,Accumulate + Select,65.56182569002536,20.632912686675528,41.19694308694699,0.29204298078308966,2.397763546404777,19500.0,3,456
196,True,Accumulate + Select,65.52833668052384,20.573944379008655,41.00617807907582,0.2906906575922591,2.1177038156552914,19600.0,3,456
197,True,Accumulate + Select,65.49624857340598,20.519476102557494,40.83318322615308,0.28946430610299784,2.2165563132277644,19700.0,3,456
198,True,Accumulate + Select,65.45786976070966,20.465590270138797,41.42401189443765,0.2936526597158803,2.187294612998252,19800.0,3,456
199,True,Accumulate + Select,65.42494981874528,20.41045476650887,41.13353827973996,0.29159350741188256,2.549277998384387,19900.0,3,456
200,True,Accumulate + Select,65.39097039876084,20.358990858633444,40.7777456559598,0.28907131205942405,2.343305674848514,20000.0,3,456
0,False,Replace,0.0,113.88987101779813,225.498359403944,0.9977928033272656,0.07411210491323855,,4,789
1,False,Replace,0.6485283706527719,115.83117694934822,229.0019273906988,1.0132955100094438,0.2852989542385132,,4,789
2,False,Replace,4.36384262330137,108.715934143906,215.48095632356493,0.9534674577768545,0.5885885690032397,,4,789
3,False,Replace,5.118647711215123,90.8292434512895,185.44196491169362,0.8205499078257106,0.626139031385333,,4,789
4,False,Replace,5.399700597904335,92.79123965247156,188.1818562035806,0.832673471918018,0.7117242576896141,,4,789
5,False,Replace,10.050989367959954,85.67116139781886,174.43928707351213,0.7718648850464546,0.8686513391695856,,4,789
6,False,Replace,10.719714750032395,86.12615495415841,171.90444784839582,0.7606486423070473,0.8113118841786886,,4,789
7,False,Replace,20.295592306016136,100.94630625419933,201.20097348560364,0.8902809044688067,1.233394290775581,,4,789
8,False,Replace,25.12868739483954,105.70482873874714,212.34486288590304,0.9395907649666178,1.5920638371271751,,4,789
9,False,Replace,23.51948617089701,104.45573278594021,208.33221810365765,0.9218354779808663,1.147730607457885,,4,789
10,False,Replace,22.751820347609005,94.61699822896725,188.35954217870128,0.8334597028586609,1.2364647379354996,,4,789
11,False,Replace,24.034109269158723,101.54060403649154,202.62616397548214,0.8965871357776735,1.1122450692334538,,4,789
12,False,Replace,23.48155589012703,87.36696996842993,170.04680738477722,0.7524288916593371,1.341948198570544,,4,789
13,False,Replace,20.52894600448032,100.00527296256583,195.84949951399915,0.8666015205913613,1.3280165951910743,,4,789
14,False,Replace,21.953124826815596,94.04599078574559,187.27921211842303,0.8286794216973564,1.1998669471852554,,4,789
15,False,Replace,27.32604119317182,86.21494641626165,172.59726217842405,0.7637142306970092,1.3169755358227282,,4,789
16,False,Replace,22.42137401053914,88.18084451789612,176.78330201310123,0.7822367620028804,1.2685114328818967,,4,789
17,False,Replace,25.625998354276923,86.00887657132,168.92529377835484,0.7474663801436002,1.3821119057177482,,4,789
18,False,Replace,25.965340115725212,85.851887081518,175.04704552366113,0.7745541152888515,1.2496632565329073,,4,789
19,False,Replace,20.141415951496594,81.03917832787144,160.23668104515664,0.7090207112748839,1.1961635187417565,,4,789
20,False,Replace,22.20373459061285,72.12230630760021,141.85281608297828,0.6276751608900015,1.4433703640985867,,4,789
21,False,Replace,24.163672280024507,71.1083486739483,142.262012912297,0.6294857889252465,1.3241270394073679,,4,789
22,False,Replace,27.007888293530428,83.56879914926724,167.32290073413077,0.7403760569507634,1.38532446502864,,4,789
23,False,Replace,29.737422271844874,79.63666209590643,156.74984098107825,0.6935920228733942,1.5705746315338782,,4,789
24,False,Replace,38.62061581868543,81.11078110887061,158.76023798483504,0.7024876958507122,1.738497242491268,,4,789
25,False,Replace,31.3605265347255,88.12650035746961,180.45231020576668,0.7984715141299787,1.6571777031483648,,4,789
26,False,Replace,26.02343170656803,81.56668182674615,164.19708730349234,0.7265448514649279,1.5227538470732682,,4,789
27,False,Replace,23.595461832329242,78.78582785696375,151.49866236614392,0.6703564292982691,1.4360961321985235,,4,789
28,False,Replace,29.57752255908045,64.35956817314273,127.66333782369203,0.5648890753171019,1.469966777697136,,4,789
29,False,Replace,26.64018697839869,63.03587405462378,126.48956427676313,0.559695322240772,1.4847645920925239,,4,789
30,False,Replace,32.89979501437737,59.46056542863582,119.23753469634106,0.5276062953228446,1.7998395549873498,,4,789
31,False,Replace,27.25284272906697,49.26118906906755,98.63022398787244,0.4364223666450946,1.572409343166394,,4,789
32,False,Replace,26.5510248103694,46.780492483081396,93.35808962423536,0.4130940473610145,1.659219734810423,,4,789
33,False,Replace,24.354522349203158,47.56294190157852,96.46809657703295,0.4268553118065816,1.5143637346397267,,4,789
34,False,Replace,23.100956669787962,48.73889133355346,97.82300889346416,0.4328505738654633,1.8361968964216135,,4,789
35,False,Replace,29.236062157743667,45.17607050694055,88.63397482556202,0.39219062367018276,1.5979401611844057,,4,789
36,False,Replace,33.13741126731463,41.67435832256163,82.97392252483567,0.3671458319162703,2.120623322924978,,4,789
37,False,Replace,30.150290682338028,38.24122362367792,75.56451796414045,0.3343604468378873,1.7230525919709323,,4,789
38,False,Replace,28.99587629427776,34.54327843095755,69.2728510386634,0.306520865229546,1.8095404338948746,,4,789
39,False,Replace,29.918145164930813,33.937421786384064,67.01246955391898,0.29651905242605675,1.7609924136052704,,4,789
40,False,Replace,30.76389948183361,31.26994810015688,63.413604399365866,0.2805946715975213,2.081291034101264,,4,789
41,False,Replace,29.917025102420432,30.949541500798087,61.54875385647491,0.2723430175460418,1.8445446237045025,,4,789
42,False,Replace,32.70786132186004,33.31891791221316,66.4605155126177,0.29407674742821305,1.8552440139450928,,4,789
43,False,Replace,31.701960280254575,35.21360761065764,68.70793897146316,0.3040212231183792,2.0498874403092637,,4,789
44,False,Replace,25.58360473639069,32.53732387969315,64.82316082630328,0.2868317247734268,1.6054888029870655,,4,789
45,False,Replace,19.900050777929014,34.23798819162487,68.07643577742564,0.3012269263263565,1.5989460192961233,,4,789
46,False,Replace,21.014587685618704,35.04654496542005,70.30264997409321,0.31107755455252817,1.5988388693345716,,4,789
47,False,Replace,19.77302243386081,33.99309889963628,67.88558340592232,0.30038243626759364,1.5620332731921664,,4,789
48,False,Replace,18.225430524255028,34.401385502221274,68.0021014937207,0.3008980094618732,1.7182043741427495,,4,789
49,False,Replace,18.43543872742918,34.3054579885542,68.71729482780124,0.3040626212294243,1.6629075221902856,,4,789
50,False,Replace,18.131539620443995,33.38232451315877,66.43121447218189,0.293947095188817,1.8887728048276475,,4,789
51,False,Replace,22.277800132281747,32.582820519550516,63.092376478651225,0.27917329137833,1.6944795943511186,,4,789
52,False,Replace,23.50776550740065,34.12549599204148,69.18272879357919,0.3061220892570626,1.8862669735366964,,4,789
53,False,Replace,23.38563210789731,40.52847825080411,81.62766143024932,0.361188850077784,1.8208645422500505,,4,789
54,False,Replace,24.04142871171992,43.25874426778008,86.09779660721311,0.3809684561080198,1.8110299516250556,,4,789
55,False,Replace,23.931840102957207,42.57493429440952,86.97474907333512,0.38484882517974855,1.7460747735418995,,4,789
56,False,Replace,21.27052937744248,41.69853635994525,84.26194798770678,0.3728451307526439,1.8523868522270943,,4,789
57,False,Replace,20.36644698802448,44.155207713996006,87.5389963297894,0.38734552561373575,1.683609832563492,,4,789
58,False,Replace,20.06766141020636,45.5716811875083,89.71276321328067,0.3969640831863581,1.597378246883593,,4,789
59,False,Replace,21.404803404989444,39.45301126109763,78.91663560493512,0.3491930108828424,1.7012332738005271,,4,789
60,False,Replace,20.278264151464022,39.92497716245036,76.00291772452182,0.33630029299484027,1.7656819909518726,,4,789
61,False,Replace,20.485033172816134,43.36515032674751,85.1457791660748,0.3767559369840637,1.5864858425093467,,4,789
62,False,Replace,24.922460211714814,43.14716085003983,86.49505709302966,0.3827262678049288,1.7985048881478383,,4,789
63,False,Replace,23.26534118675413,37.900757515724095,75.00959707513344,0.33190501403149913,1.8359311975464299,,4,789
64,False,Replace,22.203865519525298,37.94416556506869,76.17307344712414,0.3370532038182552,1.8144737377904478,,4,789
65,False,Replace,20.850909347781904,41.316089797286715,80.55375763190436,0.3564370040586521,1.7190044932126722,,4,789
66,False,Replace,19.53206189855302,39.52421860531766,79.25551999211147,0.35069251803481605,1.6690249408590472,,4,789
67,False,Replace,18.124688549519274,41.92807837074436,82.25969621443124,0.3639854990679416,1.7713550394815487,,4,789
68,False,Replace,20.245803429135496,50.89637676725736,103.56124524021395,0.4582413170429843,1.6990214727107191,,4,789
69,False,Replace,20.1582052457872,42.183334509344505,83.35312502077912,0.36882374000596213,1.5996134248141525,,4,789
70,False,Replace,18.748201764681458,40.27422956387022,78.79564627560762,0.34865765318710806,1.5991136892491427,,4,789
71,False,Replace,20.054933249533086,36.804435968024244,72.68647512007084,0.3216255850629685,1.9517915736362839,,4,789
72,False,Replace,21.324486176376244,34.09326198835886,69.0138668686425,0.3053749032735229,1.8719651503278454,,4,789
73,False,Replace,23.846091335412464,33.04678602710258,63.98731082086314,0.28313322726642165,1.7795414568957564,,4,789
74,False,Replace,25.01591078951984,30.396541137839687,61.733186001500826,0.2731590991685223,1.815589104914653,,4,789
75,False,Replace,22.85193646870064,30.202529686242112,61.32438884926975,0.271350239638036,1.9269988614730484,,4,789
76,False,Replace,23.6654750324997,35.309228911389106,69.77621744952829,0.3087481780291835,1.8614637995788503,,4,789
77,False,Replace,26.09426837259242,33.48428810756088,66.26510379521679,0.2932120830207919,2.0348699100262437,,4,789
78,False,Replace,23.00210332418724,32.453144246493764,65.74982522751179,0.29093206090478246,1.8333584279574353,,4,789
79,False,Replace,24.451466511964767,31.80532287285401,64.52753084419783,0.28552361118283437,1.8962323319198566,,4,789
80,False,Replace,24.228826423270085,34.12988575628652,66.77131442650578,0.2954519810236111,1.9192060762607022,,4,789
81,False,Replace,26.329497711561515,30.115168668329233,61.62069713636363,0.2726613546155906,1.9365772133460897,,4,789
82,False,Replace,26.534447129866265,29.725814804769673,59.89826544844895,0.2650398803531307,1.81820997131805,,4,789
83,False,Replace,23.244207806775567,29.995332625983917,60.75247081154241,0.2688195972704117,1.8948965849920718,,4,789
84,False,Replace,20.743195404230555,30.33916960370391,60.38245349628745,0.26718233208035097,1.5902384196682,,4,789
85,False,Replace,21.24781949700561,30.584707683325192,61.29788304029026,0.2712329558337724,1.7266909359540015,,4,789
86,False,Replace,19.343014709280933,24.913427484672415,50.363588449992086,0.22285051757347454,1.7007997621046025,,4,789
87,False,Replace,18.4492462244707,29.504287716723862,58.42912745983599,0.25853918865848824,1.6470889232826293,,4,789
88,False,Replace,19.016436487825114,28.464363104289298,58.11303945587265,0.25714055171759714,1.8794199550427715,,4,789
89,False,Replace,18.043502134799283,26.737846188461823,52.92950055732941,0.23420425265801773,1.91247683755387,,4,789
90,False,Replace,18.202935963514996,20.75763381040028,41.27357839722144,0.18262873220527284,2.1501390111815972,,4,789
91,False,Replace,18.23774987536894,19.170120290637406,38.53404132875562,0.17050673549279624,1.8218750082287158,,4,789
92,False,Replace,19.195934771102735,20.637259605416606,42.794582496514344,0.18935892282890884,1.9903044513064512,,4,789
93,False,Replace,20.40925532440511,20.473248042168397,40.8671859668854,0.1808305131699423,1.8786391815354306,,4,789
94,False,Replace,22.746090388129563,17.859898490368444,35.80105604604529,0.15841372934456613,1.992318616957283,,4,789
95,False,Replace,22.749041172520784,17.42353916878567,33.56651054225346,0.14852623646752575,1.9161200742338191,,4,789
96,False,Replace,22.599369071992893,16.520226207006328,34.03305283290979,0.15059060864874776,2.041342508880379,,4,789
97,False,Replace,23.2084446808736,19.79423583913673,39.38616303630147,0.17427723258020575,1.9980139271592794,,4,789
98,False,Replace,23.356991485031273,22.602820348419385,45.072876727009586,0.1994399965584875,1.8788036899212344,,4,789
99,False,Replace,23.377365142850994,21.173997402318623,42.80229752705176,0.1893930605581945,2.0513279611600077,,4,789
100,False,Replace,22.579472053891,16.937368475455223,34.38001672664073,0.15212586627587305,2.136584421124717,,4,789
101,False,Replace,24.574413319706544,18.050291949691672,36.23805612602823,0.16034738214812969,2.156732767285906,,4,789
102,False,Replace,23.95000234795919,20.493916374141996,42.35759043199799,0.18742530549245423,1.9403604076500187,,4,789
103,False,Replace,23.24615376229805,21.51073930742377,43.06777551783775,0.1905677565930048,1.8932553981942415,,4,789
104,False,Replace,25.543600735213705,20.342122696439638,40.46570051611803,0.17905400670455077,1.9882537331691454,,4,789
105,False,Replace,27.64198125490668,17.520175968752863,34.61195826969847,0.15315216909717677,1.9079028488392502,,4,789
106,False,Replace,26.922740533284262,17.46730706073755,35.42849205493061,0.156765195536623,2.0238553523874456,,4,789
107,False,Replace,31.795607058702206,21.564985758643648,43.000700301586576,0.19027095989686052,2.0389448804553867,,4,789
108,False,Replace,30.20564520557587,23.14606663769821,45.52890738447706,0.2014578565079807,1.9257155738666965,,4,789
109,False,Replace,28.204049150121065,22.83690527538671,46.18409312154042,0.2043569446211382,2.0476768189961763,,4,789
110,False,Replace,34.9964323905781,20.355650454028634,39.56512533631284,0.17506911104659567,2.2609816383289605,,4,789
111,False,Replace,33.34898030695383,15.840173606659976,31.614243667192852,0.1398877796589765,2.247682705580901,,4,789
112,False,Replace,36.26456347305811,13.19134615988742,26.320916283030602,0.11646568477751877,2.3407179031508996,,4,789
113,False,Replace,36.5494957121746,11.254891336676518,22.377062001319576,0.09901478433609473,2.472794265511091,,4,789
114,False,Replace,40.59968965620961,12.24508192120553,24.748843429034398,0.10950952339270946,2.258721286509126,,4,789
115,False,Replace,39.67531415824877,10.141969749738113,20.064247386969697,0.08878096363900245,2.3425812540138047,,4,789
116,False,Replace,42.25849931570727,9.911520925291518,20.69433153949888,0.09156898140793875,2.4805922450498343,,4,789
117,False,Replace,41.29745831405648,9.359198402944415,18.866578198105728,0.08348147631424291,2.5165408386922063,,4,789
118,False,Replace,38.73466906775451,9.83484808084119,19.401893286368512,0.08585015670727536,2.4612543849144033,,4,789
119,False,Replace,37.883678165350894,9.935941800805244,19.919454552873376,0.08814027938650255,2.481063706264991,,4,789
120,False,Replace,36.77701625499047,9.98401022971597,19.54524516314374,0.08648446496285586,2.4961089092258097,,4,789
121,False,Replace,37.73238442192379,9.7649035187967,19.39354181526235,0.08581320283413432,2.490910501553296,,4,789
122,False,Replace,41.26655147830606,11.737550248464988,23.883817467921727,0.10568192712561937,2.570669099961347,,4,789
123,False,Replace,42.96374851889798,12.667243076251559,25.457763334272638,0.11264637627914244,2.4471766048169035,,4,789
124,False,Replace,41.39659994749368,14.503044837626021,30.432077870858837,0.1346568922723027,2.4065102331261827,,4,789
125,False,Replace,42.12840936422531,14.844759192606341,29.19076279553933,0.12916427914602832,2.533577648213903,,4,789
126,False,Replace,39.43287370817197,13.116801419903162,25.711925084700844,0.11377099982908162,2.3673372832719153,,4,789
127,False,Replace,38.17817183463441,11.54148590155198,23.04696946829049,0.10197901366000478,2.4552728673181243,,4,789
128,False,Replace,34.228126279199365,9.302087569471121,18.494748083231702,0.0818361897868272,2.3448647603865034,,4,789
129,False,Replace,34.04975610574337,10.094171810205456,20.89369802997379,0.09245114502964447,2.4925683336492597,,4,789
130,False,Replace,36.82706863402177,10.361035148079491,19.73559193129227,0.08732671781071354,2.5250672143735198,,4,789
131,False,Replace,37.5404260054768,12.446886511271535,24.826008109211816,0.1098509642916836,2.3256709497661303,,4,789
132,False,Replace,33.554243877838225,12.954019318521082,25.18044270492408,0.11141927853479698,2.2301637507187095,,4,789
133,False,Replace,35.776122922846554,12.182350389760188,23.931038270213577,0.1058908713362056,2.5162639148253927,,4,789
134,False,Replace,38.27135584832017,12.497886333130596,25.531815853384305,0.11297404638207882,2.4170237350117554,,4,789
135,False,Replace,35.488211620992146,11.882623941725639,23.9055421004581,0.10577805501788883,2.334291353222448,,4,789
136,False,Replace,31.967444321694753,11.585533157312351,23.70173815186443,0.10487625638071042,2.074896587290531,,4,789
137,False,Replace,31.695647419876437,9.529524104172058,18.62005407604004,0.08239064800181568,2.293835694028326,,4,789
138,False,Replace,29.217325036028267,9.67487631417192,19.384905157846163,0.08577498705891781,2.2954930081106006,,4,789
139,False,Replace,28.450770156666852,10.420578541254336,21.077216267795148,0.09326318276447088,2.3031789480286378,,4,789
140,False,Replace,26.06915966186182,8.863264975803508,17.67759746366929,0.0782204339578758,2.31882303639002,,4,789
141,False,Replace,26.621453672546526,8.588752481456076,17.283981704290586,0.07647874957036004,2.340875752581507,,4,789
142,False,Replace,27.03564214641404,8.302021969292007,16.4488580516892,0.07278346605407797,2.3694402371907173,,4,789
143,False,Replace,27.647407805903793,8.606518821776927,17.15284501149607,0.07589849147594031,2.3687531741669487,,4,789
144,False,Replace,26.239021337564907,7.968475705076196,16.387549893163673,0.07251218763092795,2.4563830183336917,,4,789
145,False,Replace,28.359842097544508,7.575290917922862,15.064433727074075,0.06665761825853955,2.439927951134686,,4,789
146,False,Replace,28.62533852844437,8.23186632457472,16.59606031979799,0.07343481165207096,2.259663713618654,,4,789
147,False,Replace,28.485191330992592,7.817157495880964,15.950297174751757,0.070577416944259,2.2457938090354905,,4,789
148,False,Replace,27.768710440390784,6.714951056932552,13.456768874130251,0.059543968187338724,2.535783623581792,,4,789
149,False,Replace,27.517556062742983,6.847470457642194,13.887132298293267,0.06144825489071075,2.476524997076199,,4,789
150,False,Replace,27.22105434791393,6.252109016342761,12.518904724346566,0.0553940750279101,2.434493410534002,,4,789
151,False,Replace,27.065536345760574,4.974899514059796,9.87982298385506,0.0437165764642165,2.5489144129432697,,4,789
152,False,Replace,27.225361869081652,5.06236951239805,9.863371952603677,0.04364378338211457,2.3948827965445934,,4,789
153,False,Replace,28.47632011336852,4.666437619799842,9.519215069589986,0.042120946311395735,2.5398070220127686,,4,789
154,False,Replace,29.162127951929786,4.60423421088545,9.14530260556836,0.040466445734711635,2.576533015828386,,4,789
155,False,Replace,30.27509713005488,4.130394061078739,8.321418337734645,0.03682089463007395,2.54059331397273,,4,789
156,False,Replace,29.485057351007484,3.8741109742721047,7.689193444621783,0.034023404439458706,2.4240498958990915,,4,789
157,False,Replace,28.588692362593328,3.2250528857939584,6.430595268666349,0.028454316462195175,2.6070451605065834,,4,789
158,False,Replace,27.176172374921308,4.097602289368513,8.02147161063458,0.03549368015954251,2.6291323893443543,,4,789
159,False,Replace,27.701648032032388,4.046609829263052,8.10542137871587,0.0358651439460371,2.5535828367334856,,4,789
160,False,Replace,28.69759107657568,3.8715318766531337,7.672010652626837,0.033947373437552775,2.615785445521416,,4,789
161,False,Replace,29.8171802416984,4.542819177595795,8.794297422569747,0.03891330607350814,2.634367327098925,,4,789
162,False,Replace,27.37435096905688,4.60514467950439,9.257266759117718,0.040961868525979286,2.5269905739646252,,4,789
163,False,Replace,24.65604498252301,3.931512892768989,7.657136796760275,0.03388155909468743,2.545983530688125,,4,789
164,False,Replace,26.25609764883386,4.4402723160563875,8.99217592279168,0.039788885585379234,2.569973779446332,,4,789
165,False,Replace,26.549976861958402,3.7794557450612776,7.505016593529197,0.03320845245024948,2.6568497424404676,,4,789
166,False,Replace,25.03147766498937,3.450201349900563,6.819939002287321,0.030177097844970854,2.3737922624895402,,4,789
167,False,Replace,26.30682989404272,3.601864736033363,7.229422472238615,0.03198899421742726,2.339512923346555,,4,789
168,False,Replace,25.958839277334064,3.8587224220653833,7.697157882930725,0.034058645756726874,2.526587886638608,,4,789
169,False,Replace,26.076826251852076,3.920382403740844,7.658685562280808,0.03388841212499113,2.589595764173408,,4,789
170,False,Replace,26.205165278375286,3.6758117914701494,7.416141065604252,0.032815192994216966,2.487266942669349,,4,789
171,False,Replace,26.1625918635084,4.4286554926200505,8.780747456266331,0.038853349722168765,2.6065448324911404,,4,789
172,False,Replace,26.455352789796496,4.316275051742319,8.250619186597396,0.03650762014030313,2.463606175704874,,4,789
173,False,Replace,25.822777519856277,4.5683407623002354,8.870492551939972,0.039250456871124405,2.512795760046343,,4,789
174,False,Replace,25.491569994607026,4.17612865379445,8.444894011376611,0.037367253986619164,2.4840417303031685,,4,789
175,False,Replace,25.56626149472662,3.5549080648136218,7.23958974782737,0.03203398272394554,2.3998544135816116,,4,789
176,False,Replace,24.761463343501546,2.8535232528115673,5.687000430679344,0.025164032755050116,2.7376728190143265,,4,789
177,False,Replace,24.979692588367776,2.5997505534911864,5.1290781900822555,0.022695319466157507,2.5743875921109947,,4,789
178,False,Replace,25.6371709503058,2.9751363578776733,5.9307774972823015,0.026242705803118455,2.5633094668878305,,4,789
179,False,Replace,25.672909122338975,2.94250184651071,6.007099110640149,0.026580416271381198,2.5236446030059247,,4,789
180,False,Replace,25.500843239971275,2.675733126951961,5.08325754117131,0.02249257070182957,2.4608312563999277,,4,789
181,False,Replace,25.598582003893725,3.1035517327889286,6.228174731487688,0.02755863919085546,2.5344692724165805,,4,789
182,False,Replace,25.312288184447716,3.6269076225478583,7.33057011724174,0.03243655575412487,2.4678216056929605,,4,789
183,False,Replace,25.31777457162392,3.7352090331984202,7.381153127322983,0.03266037717598845,2.5521207933153613,,4,789
184,False,Replace,25.668591402617334,4.277664630261525,8.527569607723933,0.03773307977472778,2.369604618419617,,4,789
185,False,Replace,25.85669826522073,4.523209538701793,9.206146301567333,0.040735668988291306,2.5658129303095483,,4,789
186,False,Replace,25.410093242617826,4.071173632325419,8.221097595059465,0.036376991998895915,2.5690763127837095,,4,789
187,False,Replace,25.552891825314134,4.43149983932873,8.888879118221372,0.03933181437439837,2.3416110294984227,,4,789
188,False,Replace,26.08510509377213,4.444223328496755,8.756726624570971,0.03874706152983371,2.4307802417723305,,4,789
189,False,Replace,26.715353078762245,5.623542720924956,10.831870697983096,0.04792922954112626,2.3622618331299385,,4,789
190,False,Replace,26.974954004204783,5.371389141423504,10.783481462519829,0.04771511520773873,2.384192266146321,,4,789
191,False,Replace,27.343932607707785,6.178243723313928,12.401004517004937,0.054872386184109966,2.4307772031545785,,4,789
192,False,Replace,26.023376036659478,4.776252356229667,9.84549604094628,0.04356468544077339,2.761733461429139,,4,789
193,False,Replace,25.449837814991643,5.242569107027163,10.529341557066743,0.04659058831818778,2.317717736916479,,4,789
194,False,Replace,25.71919606371662,5.791264552281874,11.555013423833739,0.05112901604750921,2.4849388930182847,,4,789
195,False,Replace,25.707644237746912,4.993097962945855,10.218925919860807,0.04521705065847692,2.418263220203774,,4,789
196,False,Replace,26.205427057217616,4.899092046089559,9.633070663620506,0.04262473841277728,2.514390026404634,,4,789
197,False,Replace,26.991870200213977,6.021085589556579,12.035321571603307,0.05325429986106205,2.3641180156020427,,4,789
198,False,Replace,26.53267594482829,5.786164630919381,11.344373141112316,0.050196967766777546,2.463196548022066,,4,789
199,False,Replace,27.21003191826109,4.940807833087132,9.894266738628952,0.04378048768115177,2.4424037682268134,,4,789
200,False,Replace,26.952673128171476,4.1817688802992565,7.996036693658836,0.03538113487460693,2.5005694991374288,,4,789
0,True,Replace + Select,0.0,113.88987101779813,225.43696068435523,0.9975211241864457,0.08306874548112458,,4,789
1,True,Replace + Select,8.678226430849467,71.86285260448517,142.61181066664074,0.6310335859151085,0.9001286456058927,,4,789
2,True,Replace + Select,14.96258675702178,36.88763080964241,73.838900682979,0.3267248768541798,1.538276494008461,,4,789
3,True,Replace + Select,23.129203578399096,18.289726684198524,36.69457717235183,0.16236741198689733,1.9836722298402694,,4,789
4,True,Replace + Select,27.897778806164094,8.750846454564106,17.704768340527163,0.0783406605770873,2.2259049967237523,,4,789
5,True,Replace + Select,29.34714865511354,4.390982187559151,8.84977032350372,0.03915876445057975,2.5285186450213546,,4,789
6,True,Replace + Select,29.69655894940034,2.2127248581928023,4.41592071980859,0.019539716057959514,2.6698833745202393,,4,789
7,True,Replace + Select,30.492010341244598,1.1021313584814267,2.192059174688771,0.009699497924301557,2.869831276328986,,4,789
8,True,Replace + Select,30.453597139660264,0.5823596593986285,1.1514944834988052,0.005095171919401819,2.805154762895875,,4,789
9,True,Replace + Select,30.250641940880676,0.2977566025639561,0.5897963409509941,0.0026097508912491154,2.710084401023815,,4,789
10,True,Replace + Select,30.433237796771728,0.14137862287920064,0.28137754880280336,0.00124504893940436,2.929366304584783,,4,789
11,True,Replace + Select,30.322254521745357,0.06898761102872054,0.13692985152384324,0.0006058918600219855,3.055444136490334,,4,789
12,True,Replace + Select,30.33715261962644,0.04143212631168864,0.08320110722716435,0.0003681510865070744,3.044464503022448,,4,789
13,True,Replace + Select,30.291331116903102,0.02785678018697557,0.05549720330111618,0.00024556591101156984,2.826928146300893,,4,789
14,True,Replace + Select,30.36865837423028,0.02033444373015312,0.04067238202398706,0.00017996853806379287,2.881900017250241,,4,789
15,True,Replace + Select,30.38066513332953,0.015589870845561198,0.031180132297268234,0.00013796690891783997,2.8770450095738704,,4,789
16,True,Replace + Select,30.438052310148972,0.013035474868570044,0.02566446588970321,0.00011356100077035004,2.887810448912706,,4,789
17,True,Replace + Select,30.429057462549597,0.011220847078163853,0.022321608884385766,9.87694134999393e-05,2.8576271476775426,,4,789
18,True,Replace + Select,30.423592540555013,0.008862679652520761,0.01775190254256796,7.854922159593992e-05,2.9319500775513077,,4,789
19,True,Replace + Select,30.470237047566567,0.007643981351586385,0.015002177302547607,6.638214391576563e-05,2.8962110118182176,,4,789
20,True,Replace + Select,30.47635780915266,0.005988299008083084,0.011871395634855827,5.252895480579131e-05,2.9051788379740406,,4,789
21,True,Replace + Select,30.49109592251658,0.004985301286407929,0.009957871298948158,4.406192730099225e-05,3.001172114742967,,4,789
22,True,Replace + Select,30.48923050673002,0.0038078878158513815,0.007619866805188228,3.371664556951167e-05,2.911903983865825,,4,789
23,True,Replace + Select,30.525855010681536,0.003543347552276668,0.007028969568227735,3.110202339619029e-05,2.84448050664927,,4,789
24,True,Replace + Select,30.57878091056862,0.0031492353636892343,0.006272681073068345,2.7755572363446993e-05,2.9579804880578395,,4,789
25,True,Replace + Select,30.609971433906917,0.0028013121930343093,0.005527273774025276,2.445726881703201e-05,3.067760963911862,,4,789
26,True,Replace + Select,30.62746719218665,0.0027858974042033278,0.005661006095073306,2.5049012135549656e-05,2.948357187630812,,4,789
27,True,Replace + Select,30.657335370677227,0.002505515493492756,0.004983301951444848,2.2050283811827247e-05,3.0166009242358993,,4,789
28,True,Replace + Select,30.670680937152238,0.0027318026359735713,0.005482574864390835,2.4259483562772455e-05,3.0879257785336627,,4,789
29,True,Replace + Select,30.679058158854193,0.002524849670777721,0.005069226804134404,2.2430487019811626e-05,2.9278837372650117,,4,789
30,True,Replace + Select,30.706262490930964,0.0021255066894686554,0.004321241089401225,1.9120774412034163e-05,2.847788631149722,,4,789
31,True,Replace + Select,30.731528710512368,0.002138746793354176,0.0043040602890116915,1.9044752222651534e-05,2.840351297853224,,4,789
32,True,Replace + Select,30.75849481318584,0.001999020524452178,0.00395788162211394,1.751296909390048e-05,2.9029951891549484,,4,789
33,True,Replace + Select,30.777600069620185,0.0020579329040319944,0.004106166769302556,1.816910625204309e-05,2.965768698374184,,4,789
34,True,Replace + Select,30.779779762261914,0.0018967873925804359,0.0037541602545508364,1.6611535864072297e-05,2.9363273417266766,,4,789
35,True,Replace + Select,30.798155151419977,0.0021077303976083056,0.004197924568363326,1.8575119279339573e-05,3.025422469843548,,4,789
36,True,Replace + Select,30.83139701402151,0.0019071373977244007,0.003789186641339301,1.6766521810561965e-05,2.8713722585669808,,4,789
37,True,Replace + Select,30.84626888784148,0.001973963444192191,0.003951057445944145,1.748277324729274e-05,2.8860146931105533,,4,789
38,True,Replace + Select,30.86998697699913,0.0015365669062518753,0.0030666467212736538,1.3569402619700342e-05,2.9336660191449995,,4,789
39,True,Replace + Select,30.908777070438045,0.0015458618579741693,0.003133884625813719,1.3866919184513581e-05,2.8210125038311267,,4,789
40,True,Replace + Select,30.933303158922065,0.001485951267517176,0.0029569380588478616,1.3083960002199856e-05,3.017647357675842,,4,789
41,True,Replace + Select,30.9439960441652,0.001237448853491448,0.0024762899598486363,1.0957171960894177e-05,2.8986899169980718,,4,789
42,True,Replace + Select,30.968920995211036,0.0010709122768341093,0.00215856114758244,9.551274715668429e-06,3.060151415339388,,4,789
43,True,Replace + Select,30.979089816613385,0.0010105943646459472,0.002023028443254796,8.951565000036504e-06,3.0407081273612517,,4,789
44,True,Replace + Select,30.98311021708269,0.0010160870623401735,0.002032750801071203,8.994584819276987e-06,2.7986980543399476,,4,789
45,True,Replace + Select,30.989898489660558,0.0009736897653273818,0.0019421877640272572,8.593858415551634e-06,2.900784179645015,,4,789
46,True,Replace + Select,30.99584178228772,0.0010254343145211797,0.0020563981652882025,9.099220480023031e-06,3.0687699214245723,,4,789
47,True,Replace + Select,31.01048971996187,0.0009819259553551852,0.001955694470675474,8.65362335009868e-06,2.9458050502320976,,4,789
48,True,Replace + Select,31.0270347623215,0.001101867792928105,0.002206037605501543,9.76135015996154e-06,3.0762157743387215,,4,789
49,True,Replace + Select,31.034842344590192,0.0009429137777937509,0.0018991911860884623,8.403605696425735e-06,2.8564395979015704,,4,789
50,True,Replace + Select,31.054400312413577,0.000999000326379054,0.0020017586676237473,8.857449774058167e-06,2.9241015798339562,,4,789
51,True,Replace + Select,31.071152437439412,0.0008997884815485315,0.001828613759110224,8.091312299248097e-06,3.0055470092804137,,4,789
52,True,Replace + Select,31.08068486790739,0.0008450268495634189,0.001691214192619112,7.483342028477603e-06,3.0902689740282003,,4,789
53,True,Replace + Select,31.091227681234592,0.0007623617570556586,0.0015156275163714999,6.706400136824278e-06,2.9105924840554636,,4,789
54,True,Replace + Select,31.09686533330104,0.000770470952757142,0.001526733070774103,6.7555403713216235e-06,3.016886163055692,,4,789
55,True,Replace + Select,31.10889364708018,0.0006726147906933109,0.0013308206704173854,5.8886605249439754e-06,3.0511954341981937,,4,789
56,True,Replace + Select,31.11853717985983,0.0006219123946806532,0.0012543790241043384,5.5504189307822376e-06,3.0176759212181015,,4,789
57,True,Replace + Select,31.13291273853226,0.000616935182301006,0.0012522228307359207,5.540878133096276e-06,2.945930245876094,,4,789
58,True,Replace + Select,31.151226815705105,0.0005563103990899982,0.0011098506252668408,4.9109047604013346e-06,2.836695547061037,,4,789
59,True,Replace + Select,31.170138603095012,0.0005302610961679211,0.001072739799940427,4.746695519437858e-06,2.84983525934857,,4,789
60,True,Replace + Select,31.195746633682372,0.0005161802305312817,0.0010367407886921998,4.587405871187982e-06,3.0529197216690376,,4,789
61,True,Replace + Select,31.217159777323594,0.0005387823643485969,0.0010697074541800044,4.733277892875309e-06,3.084884596554539,,4,789
62,True,Replace + Select,31.225416757406272,0.0005294282346700289,0.0010604021550275366,4.692103488983051e-06,3.218014784892934,,4,789
63,True,Replace + Select,31.241791177418047,0.0004746038916077191,0.000963494893498826,4.263304945175066e-06,2.9206283457102256,,4,789
64,True,Replace + Select,31.251493400897363,0.0004641432205798921,0.0009374151855102827,4.147906567055469e-06,3.0284409849587792,,4,789
65,True,Replace + Select,31.25650497143013,0.00046628231387050873,0.0009325055905810606,4.126182424580204e-06,3.0302871549288755,,4,789
66,True,Replace + Select,31.27105536883952,0.000507314861593347,0.0010135224527375874,4.484668589276113e-06,3.0906071485556765,,4,789
67,True,Replace + Select,31.29682151508412,0.0005360806259532279,0.0010936927423141778,4.839408810853023e-06,2.952084988838612,,4,789
68,True,Replace + Select,31.306301820702288,0.0005439081357710819,0.0010929847057271937,4.836275866503217e-06,2.845658167477592,,4,789
69,True,Replace + Select,31.318342254109584,0.0005649148408875285,0.001148331837640908,5.081177736540251e-06,3.0128772604453173,,4,789
70,True,Replace + Select,31.326134434076955,0.00048438020507106134,0.0009778247374013576,4.3267121254159485e-06,2.982056833000745,,4,789
71,True,Replace + Select,31.340043074587022,0.0004449447671335012,0.0009030163286527419,3.995697336328186e-06,2.9395720138378834,,4,789
72,True,Replace + Select,31.361603594533058,0.0004557825876717272,0.0009185221364640431,4.064307961632901e-06,2.9463880625441288,,4,789
73,True,Replace + Select,31.37880909602864,0.0004804425151711369,0.0009463242901204868,4.187327875874073e-06,3.0804415073115763,,4,789
74,True,Replace + Select,31.39137641306512,0.00046623495661178723,0.0009179704374677342,4.0618667851668055e-06,2.9955584605936827,,4,789
75,True,Replace + Select,31.401287388359677,0.00044485912453741974,0.0008807112927628279,3.89700125557735e-06,3.061703469461405,,4,789
76,True,Replace + Select,31.420184256356535,0.00045992881493475826,0.0009114641930022508,4.033077733567907e-06,3.05975030594805,,4,789
77,True,Replace + Select,31.43737197713306,0.0004363868983754551,0.0008776906223612143,3.883635290539198e-06,3.0751862170505904,,4,789
78,True,Replace + Select,31.457493790607224,0.0003987274234637535,0.0007915906297967874,3.502657117685078e-06,2.9712944382067863,,4,789
79,True,Replace + Select,31.464914425957154,0.00036763606861300613,0.000731425406755676,3.2364359943044757e-06,3.1041867341618765,,4,789
80,True,Replace + Select,31.479673585836316,0.00033137777752281517,0.0006505341923710538,2.8785058001393144e-06,3.015260425408589,,4,789
81,True,Replace + Select,31.48279217736451,0.00030397606272124353,0.0006032747165162688,2.669390465457645e-06,2.7701361052227957,,4,789
82,True,Replace + Select,31.49624383708424,0.0003029326503997768,0.0005996920648880837,2.6535378267915327e-06,2.9615240951324715,,4,789
83,True,Replace + Select,31.504526420603952,0.00027519399154353935,0.0005498522420686847,2.433004885178333e-06,3.096140228918933,,4,789
84,True,Replace + Select,31.516084867430717,0.00028439921716766955,0.0005658973765212502,2.5040019413321176e-06,3.014206539488593,,4,789
85,True,Replace + Select,31.538842023448737,0.0002567943482268836,0.0005136955855709201,2.2730176828713763e-06,3.0889127828710805,,4,789
86,True,Replace + Select,31.56007103576375,0.0002716635624001858,0.0005408331814641064,2.3930970393394188e-06,3.0233092855997716,,4,789
87,True,Replace + Select,31.57549953654609,0.0002685551946982705,0.0005434460046010535,2.404658347941858e-06,2.9870773734249103,,4,789
88,True,Replace + Select,31.590353957992452,0.00023437367126831642,0.0004700665647872942,2.0799665091546944e-06,2.8589050679374983,,4,789
89,True,Replace + Select,31.606449620396752,0.0002345193106558079,0.00046728646666100836,2.0676650364952745e-06,2.874779598581447,,4,789
90,True,Replace + Select,31.626190070354088,0.0002281294550363177,0.0004518592055482426,1.999401967291326e-06,2.9671356720116124,,4,789
91,True,Replace + Select,31.64478728180996,0.00021946584046013667,0.0004317496178859552,1.9104203804613947e-06,2.9791304863993755,,4,789
92,True,Replace + Select,31.65776873476636,0.0002539185037955892,0.0005000958698475527,2.212841198608071e-06,3.035466214406367,,4,789
93,True,Replace + Select,31.681506747309086,0.0002619329837214472,0.000527592908451348,2.3345110293962017e-06,2.9077300423913686,,4,789
94,True,Replace + Select,31.686069271503445,0.0002565134533376267,0.0005054387663459138,2.236482628590439e-06,3.040933255160443,,4,789
95,True,Replace + Select,31.701432411510954,0.0002427433163755533,0.00048312146663884474,2.13773228248472e-06,2.954707330913366,,4,789
96,True,Replace + Select,31.71109810072206,0.00027981873464249515,0.0005641000821066509,2.496049211932721e-06,2.876136121739563,,4,789
97,True,Replace + Select,31.720228312960845,0.0002839192930894325,0.0005629588947385972,2.490999647287986e-06,2.8554546722800502,,4,789
98,True,Replace + Select,31.74020998838333,0.0002643331571052832,0.00052745392194689,2.33389603718839e-06,2.8757234645269016,,4,789
99,True,Replace + Select,31.756601379907753,0.0002560624734589073,0.0005089844600882285,2.2521717347472893e-06,2.9045585212507046,,4,789
100,True,Replace + Select,31.77084635732884,0.000243016628596255,0.00047982899863679453,2.1231636581882297e-06,2.971024828076696,,4,789
101,True,Replace + Select,31.790816525799475,0.00024295825594071915,0.00048237376718870734,2.1344238365502537e-06,2.9863071266620462,,4,789
102,True,Replace + Select,31.80727064942515,0.0002593451537274714,0.0005236681474034666,2.3171446133446325e-06,3.0125773712115027,,4,789
103,True,Replace + Select,31.839297241180468,0.0002394921990851077,0.00047321021053234053,2.09387661967128e-06,3.0619439419828,,4,789
104,True,Replace + Select,31.860103393750283,0.0002548575146923028,0.000507720528886998,2.2465790490185677e-06,2.949573034574616,,4,789
105,True,Replace + Select,31.88156005436471,0.00024544740524304776,0.0004870912849662853,2.15529806951797e-06,2.937542925594742,,4,789
106,True,Replace + Select,31.905240014479574,0.0002637467551424947,0.0005159959316221092,2.283196332246502e-06,2.847384015456282,,4,789
107,True,Replace + Select,31.923915395483288,0.00029325935013596637,0.0005955297476799175,2.635120264169563e-06,3.1238098265038645,,4,789
108,True,Replace + Select,31.960855596154616,0.00028842397886322285,0.0005794327708093846,2.563893813923104e-06,2.9094858568785167,,4,789
109,True,Replace + Select,31.970815233028443,0.00029665259339193813,0.0005825729170359815,2.577788439651538e-06,2.946724271321732,,4,789
110,True,Replace + Select,31.992466090404534,0.00032208488135758076,0.0006576873310651847,2.9101572513031795e-06,3.191401877267757,,4,789
111,True,Replace + Select,32.021081953057376,0.00031605115947583117,0.0006304646512075816,2.7897014124181566e-06,2.9020076911188126,,4,789
112,True,Replace + Select,32.03885918784089,0.00030809315001900596,0.0006188055795476713,2.738111955951663e-06,3.0568758305867734,,4,789
113,True,Replace + Select,32.051960093141346,0.0003207548190234175,0.0006407606761500681,2.8352596134518414e-06,3.116892195319063,,4,789
114,True,Replace + Select,32.069122061426135,0.0003521869443690772,0.0007063810967830637,3.1256190805095246e-06,3.2086081200619283,,4,789
115,True,Replace + Select,32.09013724551667,0.00027879804901018217,0.0005651850515726111,2.5008500216939384e-06,2.8841117455765115,,4,789
116,True,Replace + Select,32.11908442967992,0.0002963420596043848,0.0005893562873722758,2.6078037272205868e-06,2.885103374753638,,4,789
117,True,Replace + Select,32.13041474479403,0.0002830806918684957,0.0005629549988364486,2.4909824085677726e-06,3.0959011668847785,,4,789
118,True,Replace + Select,32.151774944230596,0.00027028016276876463,0.0005350411786182502,2.3674683883296172e-06,2.919268721615841,,4,789
119,True,Replace + Select,32.16862449306529,0.0002600023204282892,0.0005192576298087993,2.2976288052184007e-06,2.933836376389111,,4,789
120,True,Replace + Select,32.19103386647771,0.00024948510372388617,0.0004927079737284439,2.180150984812896e-06,2.942315498463423,,4,789
121,True,Replace + Select,32.2014885398662,0.00026719979811990467,0.0005303817430237699,2.3468511593793567e-06,3.049887643302282,,4,789
122,True,Replace + Select,32.230368952564945,0.00027447474177577164,0.0005507871566531558,2.4371417270009374e-06,2.9740527635420326,,4,789
123,True,Replace + Select,32.246668901144766,0.00026735997922061643,0.0005432302116896787,2.4037035001347697e-06,3.0118787751865286,,4,789
124,True,Replace + Select,32.26767460074397,0.0002467055099265546,0.0004917201224226192,2.175779906786808e-06,2.9545265674786103,,4,789
125,True,Replace + Select,32.28305122796409,0.00023920484058950452,0.0004816864612129438,2.131382621713421e-06,3.003102997687078,,4,789
126,True,Replace + Select,32.293148809438485,0.00024052418215880005,0.00047812015369029206,2.1156023030008603e-06,2.885918723016266,,4,789
127,True,Replace + Select,32.3086149675074,0.00023655083177743266,0.00047727188612789944,2.1118488598658923e-06,3.0107998539375247,,4,789
128,True,Replace + Select,32.3196680210781,0.00024365116682528536,0.0004958021399595069,2.1938421566946497e-06,3.0256206396065144,,4,789
129,True,Replace + Select,32.335559061193216,0.0002603495399914203,0.0005165072588861125,2.285458870499623e-06,2.920180348070236,,4,789
130,True,Replace + Select,32.359515928942926,0.00025693997605469196,0.0005069304603653842,2.2430831269768934e-06,2.9443466731899726,,4,789
131,True,Replace + Select,32.38491169207973,0.000251157696985162,0.0005054681941488934,2.236612841733046e-06,3.0055408183031234,,4,789
132,True,Replace + Select,32.39786397667034,0.00026947269899083774,0.0005343847757385767,2.3645639145624794e-06,3.0273223094232113,,4,789
133,True,Replace + Select,32.42009181706085,0.00028371479666917905,0.0005720287070202464,2.531132060872191e-06,3.1353798210645722,,4,789
134,True,Replace + Select,32.45043930105675,0.00026497611033321825,0.0005318364725796434,2.353288096151202e-06,3.063611778554585,,4,789
135,True,Replace + Select,32.46733815409971,0.00027869325855635335,0.0005570475607189169,2.4648429756452674e-06,2.9255333232033713,,4,789
136,True,Replace + Select,32.48437845221066,0.00026892667285749347,0.000530517927004958,2.3474537508869715e-06,3.143031518082154,,4,789
137,True,Replace + Select,32.49842427373386,0.0002782107538819302,0.0005557805789588951,2.4592367917003457e-06,3.0535789392457158,,4,789
138,True,Replace + Select,32.51425353983119,0.0002686565654862455,0.0005371653597950094,2.376867537382125e-06,3.1020178509121488,,4,789
139,True,Replace + Select,32.533713822510755,0.0002503449089682402,0.000500350397833064,2.213967442687451e-06,3.035758812350544,,4,789
140,True,Replace + Select,32.55264142670305,0.000264141966019515,0.0005201665864801119,2.301650787584789e-06,2.948650579744159,,4,789
141,True,Replace + Select,32.57073215012526,0.0002607815258477378,0.0005133288133048866,2.2713947764853805e-06,3.0354473720985817,,4,789
142,True,Replace + Select,32.59077375273943,0.00024526934583398477,0.0004907641010428879,2.1715496708993087e-06,3.0184979246090555,,4,789
143,True,Replace + Select,32.61673595427163,0.00023121187608578383,0.0004585184634265707,2.0288680778389136e-06,2.929611989621163,,4,789
144,True,Replace + Select,32.64029801077794,0.0002308044534146487,0.00045801502942423067,2.02664046595822e-06,2.982457153309123,,4,789
145,True,Replace + Select,32.66277547526692,0.00026396744193511767,0.0005277992230549092,2.335423937264795e-06,3.0285371109804924,,4,789
146,True,Replace + Select,32.67944729581637,0.0002509266915846484,0.0005027839690650994,2.224735591369896e-06,3.0217479601280943,,4,789
147,True,Replace + Select,32.693577838566924,0.0002270555717483699,0.00044998824476118166,1.9911232764238117e-06,3.1232649309044267,,4,789
148,True,Replace + Select,32.70494749213878,0.00021731738968116588,0.0004343453834033478,1.921906211929196e-06,2.9479679514282733,,4,789
149,True,Replace + Select,32.7197752914892,0.00021047956640006247,0.0004168080544363191,1.844306442781705e-06,3.0499449068547655,,4,789
150,True,Replace + Select,32.74345421138343,0.00021344110518208746,0.0004220912556406788,1.8676837309986758e-06,3.032332768437825,,4,789
151,True,Replace + Select,32.75693804768545,0.00021302749766171275,0.00042719873028209207,1.8902834583485747e-06,3.011566119152926,,4,789
152,True,Replace + Select,32.77367820463442,0.0002074234566180894,0.00041291321074325254,1.8270724060583389e-06,3.045522867655007,,4,789
153,True,Replace + Select,32.789558274016315,0.00020008174450376537,0.0004017196578746126,1.7775427929582053e-06,2.9709249382691034,,4,789
154,True,Replace + Select,32.811239534367026,0.00020461275404170783,0.00040615739851807366,1.7971790585558029e-06,3.065463565547036,,4,789
155,True,Replace + Select,32.83366401738237,0.00021002482552337807,0.0004171692236136055,1.8459045564302148e-06,3.064060709221286,,4,789
156,True,Replace + Select,32.85640326404422,0.00020144127413593028,0.00040845141454436124,1.807329698621644e-06,3.0186505426338712,,4,789
157,True,Replace + Select,32.87639583113281,0.00021756620353680133,0.0004391915327775419,1.9433496183566363e-06,2.958129956277233,,4,789
158,True,Replace + Select,32.89241938827279,0.0002464687953065601,0.0004946993164211627,2.1889623456272506e-06,2.9553904060440908,,4,789
159,True,Replace + Select,32.91351874915416,0.0002500845359598842,0.0005007929144875227,2.2159255054172128e-06,2.9259581774237056,,4,789
160,True,Replace + Select,32.92762568023651,0.00021415337628650905,0.000425032365548629,1.8806976540609288e-06,2.9379692270126014,,4,789
161,True,Replace + Select,32.941286605561274,0.0002310203342172875,0.0004636529475421217,2.051587317627783e-06,2.8841473074852715,,4,789
162,True,Replace + Select,32.96302354746225,0.00024660716210878183,0.0004871692814367701,2.1556431909509613e-06,3.1191082950295614,,4,789
163,True,Replace + Select,32.97932071201388,0.00025643965872649015,0.0005156441812388963,2.2816398951980675e-06,3.13221170747334,,4,789
164,True,Replace + Select,32.998738452323416,0.00025881479486805696,0.0005199064672691964,2.3004998032612454e-06,2.92889907343113,,4,789
165,True,Replace + Select,33.0150922927055,0.00025957873620883543,0.0005198160240261737,2.300099606926176e-06,2.98504088969954,,4,789
166,True,Replace + Select,33.03044117795205,0.00027244167734518786,0.000542252231731993,2.399376101185365e-06,3.1812032942832347,,4,789
167,True,Replace + Select,33.04824602445505,0.0002612324492248811,0.0005087481496083661,2.251126100105952e-06,3.198824460620502,,4,789
168,True,Replace + Select,33.07184313114336,0.0002758842978376701,0.0005565692940322181,2.4627267249580312e-06,2.892301285111251,,4,789
169,True,Replace + Select,33.08804532157371,0.00027226425702780733,0.0005351444180738464,2.367925205780909e-06,3.062969769369433,,4,789
170,True,Replace + Select,33.10649616971096,0.0002694502899363884,0.0005456550238476889,2.4144328913688275e-06,3.0074864480712513,,4,789
171,True,Replace + Select,33.12278710928609,0.00030383167741795025,0.0006052826279420157,2.6782751401649227e-06,3.0917421008273047,,4,789
172,True,Replace + Select,33.143516589099846,0.00031164363093599096,0.0006067565533711679,2.684797015489144e-06,3.21127317835161,,4,789
173,True,Replace + Select,33.16898837552876,0.0003084062591464062,0.0006075338278252021,2.688236325905839e-06,3.1833062358955164,,4,789
174,True,Replace + Select,33.18591579851182,0.0002899958340395334,0.0005737364196126607,2.5386884055807128e-06,3.214918237978062,,4,789
175,True,Replace + Select,33.21139887968745,0.00029266238638334964,0.0005836448053899877,2.582531367664073e-06,3.1529345776789235,,4,789
176,True,Replace + Select,33.2295913409546,0.0002828794417674928,0.0005573894657537661,2.4663558486617082e-06,3.1250617635362423,,4,789
177,True,Replace + Select,33.2487865163014,0.0002613336696529433,0.0005191264741940104,2.2970484633972973e-06,3.0199212499951233,,4,789
178,True,Replace + Select,33.266022688327915,0.00025603122505461686,0.000516249104309369,2.284316579356124e-06,3.081455061239356,,4,789
179,True,Replace + Select,33.28712602115461,0.0002568146844413249,0.0005118553858811334,2.264875104752371e-06,3.0226231695405197,,4,789
180,True,Replace + Select,33.29980195487279,0.0002748378052884009,0.0005454527300842022,2.4135377750500276e-06,3.0934002695570495,,4,789
181,True,Replace + Select,33.3181504914522,0.0002351241531904539,0.0004689204330740925,2.0748950666035346e-06,3.0493296811037127,,4,789
182,True,Replace + Select,33.337241137409336,0.0002445825995680412,0.0004740668102533534,2.097666931224845e-06,3.070109565759843,,4,789
183,True,Replace + Select,33.35657628220701,0.0002756140846151129,0.000559278217585175,2.474713261946809e-06,3.129269308673317,,4,789
184,True,Replace + Select,33.36924542047626,0.0002655033194851932,0.0005324690331040516,2.3560870714545776e-06,3.154413958749519,,4,789
185,True,Replace + Select,33.386047923232695,0.00025966515850047383,0.0005067481698256508,2.242276521602285e-06,2.982960311469884,,4,789
186,True,Replace + Select,33.402148842242646,0.0002474484455976748,0.0004923024100426153,2.1783564328344233e-06,3.015242203970872,,4,789
187,True,Replace + Select,33.41255751320989,0.0002392579454357537,0.00047554189473407487,2.1041939351598366e-06,2.9465839220733487,,4,789
188,True,Replace + Select,33.43423103417553,0.00022386102353541586,0.00044542618417600893,1.970936915723625e-06,2.93206454066899,,4,789
189,True,Replace + Select,33.452864926738364,0.00021286193312262765,0.0004359000437010196,1.928785325643087e-06,3.2711981256610665,,4,789
190,True,Replace + Select,33.474253333732456,0.000219884741144187,0.00043712869777326805,1.93422191593274e-06,3.108865910349254,,4,789
191,True,Replace + Select,33.49078672967277,0.00020791169598002315,0.000412415694475418,1.8248709791703751e-06,2.900125716818057,,4,789
192,True,Replace + Select,33.50831608865769,0.0001955781372460641,0.00038363989840591473,1.697542858894653e-06,2.979744500773798,,4,789
193,True,Replace + Select,33.52959017542435,0.00021336293406741438,0.00042949493687901674,1.9004437913258087e-06,2.8726445773527205,,4,789
194,True,Replace + Select,33.55302444157737,0.00020759409041428903,0.0004162655421024979,1.8419059157719569e-06,3.013602269898282,,4,789
195,True,Replace + Select,33.5635594582209,0.00018978929976378226,0.00037690509616537565,1.6677424770860894e-06,2.9543305527642487,,4,789
196,True,Replace + Select,33.58487938999656,0.0002117342245299131,0.00042107032563866664,1.8631662852336542e-06,3.171572876345045,,4,789
197,True,Replace + Select,33.61096717727788,0.00021791531743532705,0.0004362303519081244,1.9302468846220538e-06,2.9339408819853094,,4,789
198,True,Replace + Select,33.63147243693421,0.00023525319661259322,0.0004599096976146297,2.0350240581496235e-06,2.9355325285302483,,4,789
199,True,Replace + Select,33.65753628843206,0.00022969671747608504,0.0004600207876327467,2.035515613036726e-06,2.9287761986768555,,4,789
200,True,Replace + Select,33.67390218136322,0.00021397510038760387,0.0004258097346812401,1.8841373834146072e-06,2.95180020316597,,4,789
0,False,Accumulate,0.0,113.88987101779813,226.38293626592372,1.0017069090848694,0.08004354328097621,,4,789
1,False,Accumulate,0.6228597466159362,105.64981717697808,213.62128494585463,0.9452387206714591,0.27499215035940516,100.0,4,789
2,False,Accumulate,0.8370145489811456,113.96139924919149,230.53562894494263,1.0200818847632176,0.2955304658410752,200.0,4,789
3,False,Accumulate,0.6673014331415323,113.57203329350173,229.7703468106671,1.0166956383705013,0.2673420223872022,300.0,4,789
4,False,Accumulate,0.528470566764613,115.72286983269404,233.26467664598852,1.0321574677662964,0.23877765926592798,400.0,4,789
5,False,Accumulate,0.40009936723718664,114.85309904444664,230.36360864707996,1.0193207235038306,0.25667597272110754,500.0,4,789
6,False,Accumulate,0.33285931275039465,112.53035415491877,223.0842991226197,0.9871109873625263,0.22054947478298367,600.0,4,789
7,False,Accumulate,0.43571850097601983,112.41074486669608,225.0776952054641,0.9959314340872847,0.2237420524332841,700.0,4,789
8,False,Accumulate,0.5549232598308573,113.03537394699376,226.41107794695301,1.0018314313513674,0.27527393917476206,800.0,4,789
9,False,Accumulate,0.5997940000192492,112.30657182695369,224.46033229597163,0.9931997057068165,0.2706410028833539,900.0,4,789
10,False,Accumulate,0.6311523809271353,112.80493500802918,224.37978179685402,0.9928432831211427,0.26787480981932776,1000.0,4,789
11,False,Accumulate,0.6163873653872175,112.90539308048962,224.20335280838384,0.9920626141377443,0.24771990025096796,1100.0,4,789
12,False,Accumulate,0.7104611861073302,113.54116427237959,228.88629047814652,1.0127838358693364,0.2634705402863817,1200.0,4,789
13,False,Accumulate,0.7446284503111348,113.58312373861669,225.203638428859,0.9964887119418262,0.2850902258894803,1300.0,4,789
14,False,Accumulate,0.7798970201014827,113.32566259319333,224.86290603850298,0.9949810276825864,0.26254238952014575,1400.0,4,789
15,False,Accumulate,0.7464019144066227,113.06002939926574,224.97143928469694,0.9954612692784026,0.3054028350329361,1500.0,4,789
16,False,Accumulate,0.7417405308797254,112.38611809861631,223.70509510317484,0.9898579065124915,0.2669053934677833,1600.0,4,789
17,False,Accumulate,0.8309472236338774,112.91639737275997,228.3654723849367,1.0104793022726353,0.3044374867196914,1700.0,4,789
18,False,Accumulate,0.8053166460962644,113.34186987067714,228.79403412131686,1.0123756168066826,0.2927231123933849,1800.0,4,789
19,False,Accumulate,0.8198929716678727,112.63960173704439,224.8716232441085,0.9950195998701682,0.2991554067895791,1900.0,4,789
20,False,Accumulate,0.8387450675451746,111.58370227205143,224.4951082462102,0.9933535835131502,0.2579159310391631,2000.0,4,789
21,False,Accumulate,0.8460811941124885,111.40618181707225,220.64026922453002,0.976296560819129,0.36641910007514733,2100.0,4,789
22,False,Accumulate,0.9349713408806851,111.75771927461864,221.8580850512693,0.9816851936717601,0.2788279320150723,2200.0,4,789
23,False,Accumulate,0.8435653996802885,111.70955381438567,217.24244016199214,0.9612617313219295,0.2843789443845245,2300.0,4,789
24,False,Accumulate,0.8916474650220714,111.28156129721032,222.88177003782064,0.9862148297859873,0.30231076235385845,2400.0,4,789
25,False,Accumulate,0.8786633033651812,111.23913286725995,220.53208678203927,0.9758178714714595,0.2946371727143809,2500.0,4,789
26,False,Accumulate,0.904222312101263,111.45062456001236,225.79104466080653,0.9990878869975388,0.32655506585172567,2600.0,4,789
27,False,Accumulate,0.883904406368552,111.06778708510731,224.32979748726243,0.99262211084955,0.2947838845420243,2700.0,4,789
28,False,Accumulate,0.8956437134788185,111.35015970491713,220.90458402012342,0.9774661099083247,0.29282309370017856,2800.0,4,789
29,False,Accumulate,0.8734415276362762,111.48462670601396,222.01411033346687,0.982375579642307,0.3088167485557578,2900.0,4,789
30,False,Accumulate,0.9054886315617283,111.58649069754972,224.9817754888642,0.9955070052658354,0.2990413473541412,3000.0,4,789
31,False,Accumulate,0.9222736130374347,112.02552572340345,225.59739193713142,0.9982310058453278,0.3315391117899249,3100.0,4,789
32,False,Accumulate,0.9600826897164478,111.64930922024702,221.96414865847836,0.9821545075250754,0.3060215000266019,3200.0,4,789
33,False,Accumulate,0.8926611141417745,112.01326179476092,223.5735143015646,0.9892756833102926,0.2694152877076206,3300.0,4,789
34,False,Accumulate,0.8600951669924137,111.69499275297783,225.85305956328432,0.9993622926453446,0.31821116328717136,3400.0,4,789
35,False,Accumulate,0.8367491828744374,111.65042149170073,225.20966075307183,0.9965153597266472,0.2728046188347466,3500.0,4,789
36,False,Accumulate,0.8349537571150341,111.34749536585777,220.71621138553826,0.9766325922737411,0.2726933623345378,3600.0,4,789
37,False,Accumulate,0.8187821130637496,111.48770292816519,223.49229078370405,0.9889162827284153,0.2857402381700895,3700.0,4,789
38,False,Accumulate,0.8444907690517415,111.23481581957427,219.4345166977982,0.9709613060662927,0.26282678109516366,3800.0,4,789
39,False,Accumulate,0.821353838430808,111.16309871079108,221.64666157259987,0.980749679878984,0.30909260325651033,3900.0,4,789
40,False,Accumulate,0.8262731658514388,111.26853558866627,226.4816816223681,1.0021438408935204,0.29311363403065666,4000.0,4,789
41,False,Accumulate,0.8096540155191867,111.02064471727675,221.06406011844828,0.9781717651673336,0.2528554363678631,4100.0,4,789
42,False,Accumulate,0.7948259221416549,111.38046492769251,221.32317418821918,0.9793183019081846,0.3149558340707,4200.0,4,789
43,False,Accumulate,0.8048096243566826,111.74513752524572,224.4704283520473,0.9932443790788131,0.33909189996885675,4300.0,4,789
44,False,Accumulate,0.7981051922010143,111.45407253963336,221.02851619533163,0.9780144892085126,0.28458983191486,4400.0,4,789
45,False,Accumulate,0.8208413202470297,111.28299172342065,221.24835443927637,0.9789872369406202,0.3466308170026541,4500.0,4,789
46,False,Accumulate,0.7922029551635861,111.46523934596368,228.8111844862629,1.0124515043242808,0.3132392220131258,4600.0,4,789
47,False,Accumulate,0.7815312520362672,111.38506424483278,222.17138492370808,0.9830714935935381,0.2780714505028194,4700.0,4,789
48,False,Accumulate,0.770308937641593,111.35501258883177,218.81203038219417,0.9682069074643642,0.3081042779103176,4800.0,4,789
49,False,Accumulate,0.757538023691189,111.80186926922148,220.71347086258845,0.9766204659146673,0.30653783581343447,4900.0,4,789
50,False,Accumulate,0.7476440473927763,111.77850734976064,221.63447136433,0.9806957402311973,0.2684571148665422,5000.0,4,789
51,False,Accumulate,0.7532295575116492,111.96049902393503,220.86327219441912,0.9772833119381354,0.30958962591007155,5100.0,4,789
52,False,Accumulate,0.74173853407821,112.09721312875052,219.10074207762977,0.9694844087850103,0.2903508919879454,5200.0,4,789
53,False,Accumulate,0.7215166876966664,112.10956615952715,224.93418437185377,0.9952964224740988,0.2942082053686681,5300.0,4,789
54,False,Accumulate,0.7127738702432459,112.02007569920283,225.22990535734826,0.9966049387395793,0.24869559038950345,5400.0,4,789
55,False,Accumulate,0.7185525474190527,112.42909301227655,223.39170384648236,0.9884712022305623,0.2892406843377918,5500.0,4,789
56,False,Accumulate,0.7168483011391731,112.77836341164793,221.77979484579043,0.9813387725101858,0.2553429267413164,5600.0,4,789
57,False,Accumulate,0.7068988696013233,112.67539268356938,220.32279061378705,0.9748917706741054,0.30594495295658763,5700.0,4,789
58,False,Accumulate,0.708686466116651,112.53596900473151,225.4363151803163,0.9975182679382395,0.30152315077668274,5800.0,4,789
59,False,Accumulate,0.7248744511670013,112.26675745614097,222.40514992294678,0.9841058649057141,0.2622814460528379,5900.0,4,789
60,False,Accumulate,0.7211439460646768,112.34866929909153,223.43716625545525,0.9886723658426391,0.27677674146892484,6000.0,4,789
61,False,Accumulate,0.6975298493268469,112.44733783218805,224.1015194472459,0.9916120184209921,0.29190310200375447,6100.0,4,789
62,False,Accumulate,0.7059200071902342,112.42291952554665,221.50007310634152,0.9801010502522763,0.3112706180739193,6200.0,4,789
63,False,Accumulate,0.7024976967210403,112.34718870276176,229.74849082008217,1.016598929240675,0.2632850678695541,6300.0,4,789
64,False,Accumulate,0.6838401351375738,112.1337780430798,226.39146764330707,1.0017446590134191,0.3270136780313216,6400.0,4,789
65,False,Accumulate,0.7065653818187138,112.0105618189448,224.62873416328213,0.9939448560117387,0.2745276758710598,6500.0,4,789
66,False,Accumulate,0.7117286410603263,111.81803392267564,220.5515991311989,0.9759042103770682,0.25631181423665905,6600.0,4,789
67,False,Accumulate,0.7115628496906048,111.7420406121275,225.02622972150692,0.9957037078650276,0.2787736274885876,6700.0,4,789
68,False,Accumulate,0.7156704839415884,111.77309434619026,225.72780086810047,0.9988080437144922,0.30129267131702775,6800.0,4,789
69,False,Accumulate,0.7095281285154577,111.71271006089165,225.28360953521005,0.9968425708106984,0.26735370532857017,6900.0,4,789
70,False,Accumulate,0.7180007343197252,111.87376282521691,223.7641347622039,0.9901191472019838,0.2543825510468205,7000.0,4,789
71,False,Accumulate,0.7204719784769674,112.13243680635831,225.3570025303847,0.9971673226297071,0.28813583008206356,7100.0,4,789
72,False,Accumulate,0.7311725419562823,112.10759997518747,227.3153825004914,1.0058328288689447,0.257275454115392,7200.0,4,789
73,False,Accumulate,0.7300757268814743,112.36434041691405,229.55158895735408,1.0157276711875736,0.2614095251653624,7300.0,4,789
74,False,Accumulate,0.733150816311559,112.53273744078354,226.87758732817093,1.003895657913788,0.270429853955704,7400.0,4,789
75,False,Accumulate,0.7238779616456505,112.46019587997345,224.39827943548622,0.9929251321011288,0.29472830213810974,7500.0,4,789
76,False,Accumulate,0.7169454457449138,112.38065558383609,225.57546810204065,0.9981339965148265,0.2760376517215214,7600.0,4,789
77,False,Accumulate,0.7237580328269474,112.29422957917204,228.14449317508289,1.0095015059558021,0.30398085560655663,7700.0,4,789
78,False,Accumulate,0.7118579027166314,112.34820749553586,223.02720777785368,0.9868583676401905,0.29613003087806455,7800.0,4,789
79,False,Accumulate,0.7124030445609892,112.43238624032142,223.68180897830504,0.9897548692758842,0.31699478394540803,7900.0,4,789
80,False,Accumulate,0.7130175020877724,112.48268792319331,223.57070014663532,0.989263231141934,0.29100501245235527,8000.0,4,789
81,False,Accumulate,0.7210275981325546,112.46446657106893,226.13724666154587,1.0006197733746651,0.30076047562658614,8100.0,4,789
82,False,Accumulate,0.7123394122039697,112.40355278945154,224.21718849774805,0.9921238347661923,0.26837027534489866,8200.0,4,789
83,False,Accumulate,0.6999340978908857,112.50348079879437,223.41613015489474,0.9885792845900533,0.27218096922443913,8300.0,4,789
84,False,Accumulate,0.6953107755057831,112.57727318146041,228.04514492960433,1.009061906463266,0.3075761560416357,8400.0,4,789
85,False,Accumulate,0.6872074510610703,112.47768296328839,226.927570155683,1.0041168236274247,0.33216527500144033,8500.0,4,789
86,False,Accumulate,0.6975775593037296,112.39819912136788,224.33207312264892,0.9926321801583363,0.2938519464427708,8600.0,4,789
87,False,Accumulate,0.6969954108372886,112.28025129047573,221.23029665257317,0.9789073342323961,0.32887277613582605,8700.0,4,789
88,False,Accumulate,0.694054995421731,112.33264986964161,225.2551353402707,0.996716577225352,0.2958678936365705,8800.0,4,789
89,False,Accumulate,0.687868555531954,112.5988475043368,226.14281076560943,1.0006443936113987,0.3000984746946033,8900.0,4,789
90,False,Accumulate,0.6922527645818963,112.5361863241448,225.74715436530607,0.9988936797265767,0.29496058686689147,9000.0,4,789
91,False,Accumulate,0.6921661271470079,112.71958440488666,228.11177308956385,1.0093567250095397,0.28109811695828313,9100.0,4,789
92,False,Accumulate,0.6891011064568743,112.77585787628367,231.5516230644989,1.0245774900678226,0.2712593252262581,9200.0,4,789
93,False,Accumulate,0.7111047741854848,112.81436390855154,228.08920779812573,1.0092568773411954,0.2917618123883572,9300.0,4,789
94,False,Accumulate,0.6929045482657814,112.86440455271513,227.08284070698093,1.0048038700390407,0.2858835566693436,9400.0,4,789
95,False,Accumulate,0.6966820869737492,112.83148480217992,220.89797952936422,0.9774368861331869,0.28413649939182073,9500.0,4,789
96,False,Accumulate,0.6947758774685292,112.74400234217124,227.34477086175582,1.0059628674885104,0.30796681979685314,9600.0,4,789
97,False,Accumulate,0.6944489568462476,112.70185201537092,226.44045427128742,1.001961416709516,0.3555458951583126,9700.0,4,789
98,False,Accumulate,0.6941992697089885,112.63062147767852,222.0384456432367,0.9824832593479124,0.27830216285744935,9800.0,4,789
99,False,Accumulate,0.682615988224739,112.56276899539328,221.5508187857874,0.9803255914590723,0.3079630220722428,9900.0,4,789
100,False,Accumulate,0.6716490898795803,112.61749310533912,230.04354025422148,1.0179044740028993,0.26298702095200865,10000.0,4,789
101,False,Accumulate,0.676550998044418,112.57361631081346,229.00085652372093,1.0132907716008512,0.2795250234317795,10100.0,4,789
102,False,Accumulate,0.6782482668638958,112.61110434747008,225.5386885111318,0.9979712529311695,0.27684142270469014,10200.0,4,789
103,False,Accumulate,0.6759703133303978,112.45983955395721,229.11336206887626,1.0137885899600938,0.3357804512122082,10300.0,4,789
104,False,Accumulate,0.6739616566620453,112.41353602344135,227.72715168406432,1.0076548391447047,0.28620052078715275,10400.0,4,789
105,False,Accumulate,0.677179388677465,112.38869539640376,227.4004006755196,1.0062090201788034,0.3226488336740564,10500.0,4,789
106,False,Accumulate,0.6738130314725858,112.43366921881166,224.48698344493425,0.9933176326163763,0.27059013961985035,10600.0,4,789
107,False,Accumulate,0.685814487125786,112.38874839609943,221.9336431468851,0.9820195257007728,0.2631335323869116,10700.0,4,789
108,False,Accumulate,0.6753446263260421,112.37828676425744,221.3959620671364,0.979640376188215,0.2839522913104371,10800.0,4,789
109,False,Accumulate,0.6938610015601946,112.45835696368688,221.65405239427383,0.9807823830378737,0.2760194725344576,10900.0,4,789
110,False,Accumulate,0.7000591027518138,112.35767861587098,224.48215785207634,0.9932962801691206,0.30081118770789317,11000.0,4,789
111,False,Accumulate,0.6984585379604369,112.22091112718117,224.9302944966968,0.9952792104223227,0.2903456872685056,11100.0,4,789
112,False,Accumulate,0.6939221388686982,112.16866162998971,222.19168255115378,0.9831613072251915,0.2593427553532943,11200.0,4,789
113,False,Accumulate,0.6975653721011356,112.3797699970429,227.53577454549148,1.0068080270787805,0.27667488933804396,11300.0,4,789
114,False,Accumulate,0.6947161852221574,112.51319138129237,220.60589845032604,0.9761444758494815,0.2496851581511162,11400.0,4,789
115,False,Accumulate,0.6959469049024384,112.5456763505495,224.64543089334248,0.9940187362702796,0.29800539334737264,11500.0,4,789
116,False,Accumulate,0.6978398823883436,112.57554232032321,227.21269494911652,1.005378453502206,0.32559050616812935,11600.0,4,789
117,False,Accumulate,0.7012671418730887,112.5148141866237,224.4442270944633,0.9931284428639132,0.31058321431279795,11700.0,4,789
118,False,Accumulate,0.7051093580006828,112.44013673056789,225.3219076836757,0.9970120337594347,0.29487122706539,11800.0,4,789
119,False,Accumulate,0.7042244317083926,112.48296435726675,222.1245328782238,0.9828641810706047,0.2622538855089062,11900.0,4,789
120,False,Accumulate,0.703410669509965,112.45562232477384,222.95921073643427,0.9865574920207174,0.2907733883780309,12000.0,4,789
121,False,Accumulate,0.7084976119777623,112.4226850592588,220.7983807081791,0.9769961778847497,0.26149519206488087,12100.0,4,789
122,False,Accumulate,0.7169705752998161,112.44160607718379,232.39819815706332,1.0283234443047833,0.2651377536434222,12200.0,4,789
123,False,Accumulate,0.7182104904876605,112.45908277368798,223.4472204946107,0.9887168541817061,0.27433050098541545,12300.0,4,789
124,False,Accumulate,0.7186427867133144,112.48876921013996,226.1609578277298,1.0007246913485224,0.29965249807518557,12400.0,4,789
125,False,Accumulate,0.7208989661784071,112.3570155899043,221.0270284362844,0.9780079061217251,0.2776427954783795,12500.0,4,789
126,False,Accumulate,0.7269026937006027,112.34029558148484,222.3801374924971,0.9839951890535156,0.321915930969483,12600.0,4,789
127,False,Accumulate,0.7375008068795554,112.32656569732075,222.41385629725187,0.9841443891665896,0.2684884725709551,12700.0,4,789
128,False,Accumulate,0.7441231948548589,112.36879621853508,225.12955743209673,0.9961609158300138,0.288409792230705,12800.0,4,789
129,False,Accumulate,0.7546593595953407,112.27281326091008,224.8177893508144,0.9947813938297964,0.2959362260939544,12900.0,4,789
130,False,Accumulate,0.7374841172608768,112.22568812456802,223.0394589071493,0.9869125768534022,0.28747397928704077,13000.0,4,789
131,False,Accumulate,0.735797317771772,112.29991443211568,225.7547253451967,0.9989271800556655,0.28826323464081705,13100.0,4,789
132,False,Accumulate,0.7394803777685107,112.34724235497788,232.9466602170328,1.0307502978649692,0.29861875396863324,13200.0,4,789
133,False,Accumulate,0.734721668369842,112.23203763785929,224.38367092687068,0.9928604918757965,0.27079724852890596,13300.0,4,789
134,False,Accumulate,0.7392296874888108,112.30144733896698,224.45529616164146,0.9931774216485,0.26221351228695566,13400.0,4,789
135,False,Accumulate,0.7481076953306202,112.23681103754447,225.75423699505322,0.998925019187356,0.2843447199801207,13500.0,4,789
136,False,Accumulate,0.7520431037521804,112.28069878520111,224.95723970475674,0.9953984384945688,0.27151085721224844,13600.0,4,789
137,False,Accumulate,0.7448378140540785,112.31055369833598,223.1304471412139,0.987315184683353,0.27815079497652895,13700.0,4,789
138,False,Accumulate,0.7386180631936119,112.29187617875921,227.69007415013945,1.007490777212666,0.29930827193025755,13800.0,4,789
139,False,Accumulate,0.734386485240869,112.21586732399037,223.72626283029854,0.9899515701907667,0.3123176729787628,13900.0,4,789
140,False,Accumulate,0.7215401573444293,112.22880154749805,222.69909562316857,0.9854065258285942,0.30939700682436244,14000.0,4,789
141,False,Accumulate,0.7288974740883837,112.20770347077509,225.84289909613057,0.9993173342650209,0.298674281863346,14100.0,4,789
142,False,Accumulate,0.7298968054486986,112.18112626902955,223.127116494195,0.9873004471232455,0.2779620773505563,14200.0,4,789
143,False,Accumulate,0.7289238132936742,112.10888344260509,227.6407344818639,1.007272457371874,0.28401804112241313,14300.0,4,789
144,False,Accumulate,0.7308828481838737,112.12143159500496,226.37587437187628,1.0016756613761189,0.2758472840327546,14400.0,4,789
145,False,Accumulate,0.7364991234403072,112.13284449970129,220.467999988036,0.975534298047627,0.2925845110476668,14500.0,4,789
146,False,Accumulate,0.737419631054775,112.16245874150636,223.80443039359298,0.990297448681036,0.29611080456968314,14600.0,4,789
147,False,Accumulate,0.7358973215193888,112.16432313549788,227.56136629200716,1.0069212663083937,0.2986345970363967,14700.0,4,789
148,False,Accumulate,0.7202788603947965,112.22016832225174,224.1766161757334,0.9919443089770579,0.292649076264646,14800.0,4,789
149,False,Accumulate,0.7187301740541852,112.29780343329728,220.55025609294583,0.9758982676557683,0.2786166414547615,14900.0,4,789
150,False,Accumulate,0.7100334050949525,112.21523116328503,228.31782073886725,1.0102684516498615,0.2780412793352657,15000.0,4,789
151,False,Accumulate,0.7170729627601774,112.21233679268815,225.73807548481963,0.9988535071876918,0.260609758488995,15100.0,4,789
152,False,Accumulate,0.7157881964349501,112.18933447289189,229.4994981694228,1.0154971780990436,0.27627541650036347,15200.0,4,789
153,False,Accumulate,0.7104753933700485,112.2183208324901,226.2578021074296,1.0011532112081936,0.3455496833202114,15300.0,4,789
154,False,Accumulate,0.713525856052167,112.24739980903755,226.7944385196176,1.0035277382402301,0.2601673267367548,15400.0,4,789
155,False,Accumulate,0.7142964450036541,112.21695375262486,224.85590727773013,0.9949500593280945,0.26509926385441185,15500.0,4,789
156,False,Accumulate,0.7191774485327744,112.18300012548224,226.07023214504966,1.0003232452648592,0.32856188436566075,15600.0,4,789
157,False,Accumulate,0.7148984680680603,112.25959677759614,223.71572891910074,0.989904959382547,0.28200589760217964,15700.0,4,789
158,False,Accumulate,0.7108529258028587,112.2479266322397,226.0657226476383,1.0003032914874765,0.2678995221665548,15800.0,4,789
159,False,Accumulate,0.7177020914665019,112.21924178730714,224.19752257174133,0.9920368163085319,0.2759515337717265,15900.0,4,789
160,False,Accumulate,0.713892883379719,112.16911241116556,221.26633642542035,0.9790668042439541,0.268515065010747,16000.0,4,789
161,False,Accumulate,0.7141754800169691,112.19379456492811,224.7287506012202,0.9943874121449754,0.29975898228631165,16100.0,4,789
162,False,Accumulate,0.7151550752479148,112.18204072409016,221.0420966837676,0.9780745806152212,0.28826547651883566,16200.0,4,789
163,False,Accumulate,0.7179431891970294,112.16323942182677,227.32655990391092,1.0058822870234136,0.29151817594117213,16300.0,4,789
164,False,Accumulate,0.7200775949954451,112.18348079522497,224.8333342740779,0.9948501775344832,0.3271827368004952,16400.0,4,789
165,False,Accumulate,0.7228585093403862,112.19352192217171,225.46516177970196,0.9976459093514344,0.3256820234891545,16500.0,4,789
166,False,Accumulate,0.7208570669271591,112.22038130665274,228.81289997772396,1.0124590950891916,0.2820192675642734,16600.0,4,789
167,False,Accumulate,0.7124942461016315,112.2372847972128,220.78891715462422,0.9769543032314,0.2795216638515915,16700.0,4,789
168,False,Accumulate,0.7075453302874646,112.23960966012955,221.91278579920694,0.9819272354000151,0.28915170918092664,16800.0,4,789
169,False,Accumulate,0.7090527876047257,112.21794730001639,224.57719786882083,0.9937168164647567,0.283329011713631,16900.0,4,789
170,False,Accumulate,0.7087625979047835,112.22324649388358,222.52523789368604,0.9846372342393382,0.26018151590455996,17000.0,4,789
171,False,Accumulate,0.7069076558446242,112.28902435162553,226.3055454100155,1.001364467395836,0.2782483920128723,17100.0,4,789
172,False,Accumulate,0.7018770982369108,112.19812234888437,224.36917076566883,0.992796331069782,0.29236851505487854,17200.0,4,789
173,False,Accumulate,0.7051372329774966,112.18235123323214,223.9015828143239,0.9907273320136126,0.26141822432826306,17300.0,4,789
174,False,Accumulate,0.6991336208238769,112.19986780008945,224.78339967974702,0.9946292252446656,0.2816907244525622,17400.0,4,789
175,False,Accumulate,0.7012145098487758,112.12234249524222,222.0967988955152,0.9827414628014901,0.2690601519523713,17500.0,4,789
176,False,Accumulate,0.695165384783533,112.15735825863219,223.60558903940753,0.9894176087002285,0.26661796742732596,17600.0,4,789
177,False,Accumulate,0.699716644067237,112.15342949831638,224.4994132156586,0.9933726322882521,0.22437122102562262,17700.0,4,789
178,False,Accumulate,0.7087637218392374,112.2645397825163,222.97566719765484,0.9866303091295315,0.2883943700563901,17800.0,4,789
179,False,Accumulate,0.7086578136953924,112.28467512830494,220.60741540223017,0.9761511881098143,0.3388253620734054,17900.0,4,789
180,False,Accumulate,0.7071441650936799,112.18699492488125,225.44143476274493,0.9975409212405376,0.30723255583966014,18000.0,4,789
181,False,Accumulate,0.7083978687564354,112.21421026183268,224.7708371214116,0.994573638009656,0.25196667703187814,18100.0,4,789
182,False,Accumulate,0.7176888294115373,112.25799402823552,223.95061396993688,0.9909442867370917,0.2773196677935905,18200.0,4,789
183,False,Accumulate,0.7156997573493676,112.32800538844735,224.700281614463,0.9942614416049703,0.28327840624024847,18300.0,4,789
184,False,Accumulate,0.7182487823944139,112.42535905492693,222.96133004135913,0.9865668695931648,0.27390451464354615,18400.0,4,789
185,False,Accumulate,0.726546626856515,112.40606002601865,228.055680704052,1.0091085255160572,0.258666502195044,18500.0,4,789
186,False,Accumulate,0.7240108276208929,112.40089407851067,223.76136484928227,0.9901068907971641,0.2644996347551145,18600.0,4,789
187,False,Accumulate,0.728430369881241,112.44596185573026,228.01218808948286,1.0089160779171935,0.235392272804403,18700.0,4,789
188,False,Accumulate,0.7279121265756459,112.46605450651772,228.96395392406887,1.0131274837239272,0.31905179109210013,18800.0,4,789
189,False,Accumulate,0.7295523653552178,112.49130155846302,224.55727873246897,0.9936286775933569,0.3113473990358385,18900.0,4,789
190,False,Accumulate,0.7296570119739288,112.50237975219545,221.03300729026498,0.9780343615579852,0.307457843731445,19000.0,4,789
191,False,Accumulate,0.730323583031944,112.4937653209973,222.21593961762179,0.983268640717176,0.2698636149098913,19100.0,4,789
192,False,Accumulate,0.7354916039299839,112.50150191173941,226.17869888992846,1.0008031926033962,0.30282270074633777,19200.0,4,789
193,False,Accumulate,0.7385608550425029,112.51583447621574,224.61864155693792,0.9939001979042309,0.2992030374637898,19300.0,4,789
194,False,Accumulate,0.7413669203758138,112.59939411006538,221.8284006576734,0.9815538451582746,0.27661184783343046,19400.0,4,789
195,False,Accumulate,0.7408585187065351,112.54540876498741,224.93924332050514,0.995318807481999,0.3050962592671008,19500.0,4,789
196,False,Accumulate,0.7472357301222019,112.55192745998,229.5463114740109,1.015704319199943,0.31003740648882905,19600.0,4,789
197,False,Accumulate,0.7469530786570578,112.52180421041022,223.58277368783737,0.9893166545573148,0.2973080250679967,19700.0,4,789
198,False,Accumulate,0.7527856864254596,112.52875415637818,222.0012881889598,0.9823188437815842,0.28241270900058035,19800.0,4,789
199,False,Accumulate,0.752223780357506,112.52865848402288,226.71032520814944,1.0031555508014,0.32430763545594576,19900.0,4,789
200,False,Accumulate,0.7576475010604541,112.52766316846343,225.24350335738941,0.9966651076322337,0.276321966276584,20000.0,4,789
0,True,Accumulate + Select,0.0,113.88987101779813,225.0149348771044,0.9956537300537064,0.08617913928349288,,4,789
1,True,Accumulate + Select,8.93118361701562,74.3692709804553,148.3933089151555,0.6566157558256375,0.8777123718541018,100.0,4,789
2,True,Accumulate + Select,11.00487890249441,55.74742519241877,111.62790093410557,0.49393492926951826,1.1812003370586803,200.0,4,789
3,True,Accumulate + Select,13.785504647964425,46.88458767676183,91.69959776714475,0.4057554962347178,1.4219399843167064,300.0,4,789
4,True,Accumulate + Select,15.989255557128745,41.358182956084896,82.2931573216556,0.3641335589122264,1.5126232225568303,400.0,4,789
5,True,Accumulate + Select,18.1339012838383,38.142402674159435,76.68605980549862,0.33932308328852756,1.5195408965564439,500.0,4,789
6,True,Accumulate + Select,20.530707447870007,35.74212044428131,72.4330098339648,0.3205040432520285,1.5877043482203268,600.0,4,789
7,True,Accumulate + Select,22.596328010096485,33.69941009526933,67.41588238903765,0.29830408724722013,1.699105569094995,700.0,4,789
8,True,Accumulate + Select,24.537271749739148,31.823681640204516,63.60456224868879,0.28143962837812453,1.7937164537661343,800.0,4,789
9,True,Accumulate + Select,26.19622941788156,29.97865913294681,60.89242287420487,0.2694388619129773,1.8290477756263646,900.0,4,789
10,True,Accumulate + Select,27.788689574722103,28.46458683167979,56.349321414419975,0.2493363921950549,1.9367660425210425,1000.0,4,789
11,True,Accumulate + Select,28.976232048211063,26.98126199178638,53.222885905364514,0.23550243411550095,1.8623199286229353,1100.0,4,789
12,True,Accumulate + Select,30.06888309429297,25.743947390269312,51.43914175795554,0.22760966239881822,1.9051273894779488,1200.0,4,789
13,True,Accumulate + Select,31.09338387280815,24.661838772354162,49.426885996318845,0.21870576472647088,2.1033603349327685,1300.0,4,789
14,True,Accumulate + Select,31.975943165187022,23.673965775575354,47.65606675199413,0.21087018356015522,2.0078400105882617,1400.0,4,789
15,True,Accumulate + Select,32.75220182534451,22.79398422889691,45.8817183731622,0.20301898655954886,2.0902535340913966,1500.0,4,789
16,True,Accumulate + Select,33.44840097952698,21.984296083978524,43.28495114669093,0.19152872269537716,2.005441299602766,1600.0,4,789
17,True,Accumulate + Select,33.97403824556747,21.25474139350278,42.99944578699542,0.19026540887806806,2.1419939101824905,1700.0,4,789
18,True,Accumulate + Select,34.52765959495728,20.53135369082637,40.96154724463405,0.18124804615820544,2.1657063847557025,1800.0,4,789
19,True,Accumulate + Select,34.98496919122435,19.873976846475834,39.96862677451338,0.17685453792168654,2.2087154581849404,1900.0,4,789
20,True,Accumulate + Select,35.460454778352464,19.298127145947586,38.82874455133373,0.17181074832633994,2.1815812796471863,2000.0,4,789
21,True,Accumulate + Select,35.96260032793822,18.77239950446219,37.09560060815463,0.16414187411277395,2.3618802090115847,2100.0,4,789
22,True,Accumulate + Select,36.390351894161206,18.28653474209428,36.403630545403836,0.16108002146535028,2.340120826938855,2200.0,4,789
23,True,Accumulate + Select,36.736788463785345,17.81177056384065,35.68744641820739,0.15791102560275183,2.1244721474230976,2300.0,4,789
24,True,Accumulate + Select,37.12623450789398,17.370546172951638,34.50220273944252,0.15266651909730877,2.238551430338921,2400.0,4,789
25,True,Accumulate + Select,37.398712266615426,16.931458780094466,33.73771088672235,0.14928376956927308,2.2945688735915106,2500.0,4,789
26,True,Accumulate + Select,37.65710421379267,16.519606529537896,32.676966064068395,0.14459014983293253,2.3285806891802547,2600.0,4,789
27,True,Accumulate + Select,37.87630590542726,16.136669913334263,32.12654628352916,0.14215463368424422,2.21327471734001,2700.0,4,789
28,True,Accumulate + Select,38.144478011918274,15.798016285937786,31.654177948104014,0.14006448222215492,2.3507136259205716,2800.0,4,789
29,True,Accumulate + Select,38.36624339530902,15.46362951269042,30.98111141868914,0.13708627457139508,2.4252831314606667,2900.0,4,789
30,True,Accumulate + Select,38.564900186075356,15.149700425012302,30.586333156145578,0.13533944630037256,2.262837192601064,3000.0,4,789
31,True,Accumulate + Select,38.807835430162605,14.854388310774562,30.818752660993855,0.13636786402324863,2.439746508241252,3100.0,4,789
32,True,Accumulate + Select,39.035713596985985,14.573330794069422,29.203188669835946,0.12921926157685834,2.3849977076798723,3200.0,4,789
33,True,Accumulate + Select,39.23721946340397,14.308043306672932,28.617547356703287,0.12662789599389135,2.346174832367959,3300.0,4,789
34,True,Accumulate + Select,39.425252388837336,14.046933565642817,28.143976542168975,0.1245324237613785,2.3224483424788414,3400.0,4,789
35,True,Accumulate + Select,39.56435941039053,13.793818618471457,27.701165210526906,0.1225730571340021,2.32038419458609,3500.0,4,789
36,True,Accumulate + Select,39.746294243700774,13.569822332010514,27.95712071155439,0.12370561773254621,2.317229777881003,3600.0,4,789
37,True,Accumulate + Select,39.90865367083073,13.341508591694273,26.711553857492632,0.11819419119121384,2.480391007042209,3700.0,4,789
38,True,Accumulate + Select,40.095622705192895,13.123294521150385,26.215340051001885,0.11599852747846295,2.282374293160351,3800.0,4,789
39,True,Accumulate + Select,40.251390866511436,12.931521414982049,25.56607455605909,0.11312563545381568,2.342599748954778,3900.0,4,789
40,True,Accumulate + Select,40.37818537898048,12.727325778107929,25.49026353154218,0.11279018425640659,2.393280555314149,4000.0,4,789
41,True,Accumulate + Select,40.503635342355196,12.526974642231668,25.155196693798647,0.11130756912688705,2.3656723531594555,4100.0,4,789
42,True,Accumulate + Select,40.61094636154904,12.335017206169127,24.443511507931948,0.10815848033276254,2.3916659358873678,4200.0,4,789
43,True,Accumulate + Select,40.69498558512608,12.150950003689179,23.85902081556907,0.10557220605567684,2.4347461406949167,4300.0,4,789
44,True,Accumulate + Select,40.77535245528942,11.978075354287473,23.965886323701618,0.10604506818744763,2.5136604913716303,4400.0,4,789
45,True,Accumulate + Select,40.87687032713048,11.816826245433536,23.136833490278136,0.10237664703815584,2.376463857831979,4500.0,4,789
46,True,Accumulate + Select,40.97030347735356,11.654429990311982,23.343093450010358,0.10328931311687758,2.2558206326165515,4600.0,4,789
47,True,Accumulate + Select,41.07412381789136,11.500139398238854,23.000894534590604,0.1017751397277019,2.525624325939207,4700.0,4,789
48,True,Accumulate + Select,41.15935303834174,11.351337434264895,22.769316195606752,0.10075044402412629,2.4676978850196325,4800.0,4,789
49,True,Accumulate + Select,41.25238322723739,11.208827182092236,22.71150699560029,0.10049464791152918,2.5137593580005784,4900.0,4,789
50,True,Accumulate + Select,41.31585511787857,11.059938090420076,22.061433295898226,0.09761817971499957,2.37892072924624,5000.0,4,789
51,True,Accumulate + Select,41.404228622167984,10.922911590750584,21.584369000193504,0.09550724940829226,2.5108510917365736,5100.0,4,789
52,True,Accumulate + Select,41.492598771091906,10.791998277620916,21.30460031210821,0.09426931941046127,2.5236866500259203,5200.0,4,789
53,True,Accumulate + Select,41.55668594011118,10.660363151435257,20.77119112331911,0.09190907230618416,2.5274050568318986,5300.0,4,789
54,True,Accumulate + Select,41.640196061930574,10.54204203561434,20.978286090979815,0.09282543315636216,2.5542039556573166,5400.0,4,789
55,True,Accumulate + Select,41.69471978309066,10.421887084698369,20.805518436954554,0.0920609649700312,2.349594102877753,5500.0,4,789
56,True,Accumulate + Select,41.77169533609343,10.308812098103898,20.507669311120324,0.09074303203685921,2.4541978394024175,5600.0,4,789
57,True,Accumulate + Select,41.83975180527347,10.191933977417293,20.716214218021044,0.09166580862745667,2.4752904676708285,5700.0,4,789
58,True,Accumulate + Select,41.89956807882126,10.08575126822882,20.196914803152513,0.08936799493028608,2.6678211867113375,5800.0,4,789
59,True,Accumulate + Select,41.9678273606839,9.980308973375184,20.336134482669422,0.0899840188990222,2.356726667386855,5900.0,4,789
60,True,Accumulate + Select,42.0225616414347,9.87216470925441,20.009573856174022,0.0885390423420821,2.304116912884149,6000.0,4,789
61,True,Accumulate + Select,42.08479977841767,9.771452682165195,19.610373487961272,0.08677264698762742,2.5338565980947845,6100.0,4,789
62,True,Accumulate + Select,42.14002479307938,9.674075984412854,19.471771934222343,0.08615935812283818,2.571040829018585,6200.0,4,789
63,True,Accumulate + Select,42.19780028459954,9.580641036158445,18.896384818475788,0.08361336566091207,2.5955814977532805,6300.0,4,789
64,True,Accumulate + Select,42.2508207959552,9.488870472069943,18.960227142167124,0.08389585734420098,2.475222683082223,6400.0,4,789
65,True,Accumulate + Select,42.29853889610363,9.397385949793236,18.8129571701708,0.08324421216774579,2.649705652785306,6500.0,4,789
66,True,Accumulate + Select,42.3493690145071,9.302202826181126,18.644397224823102,0.08249836239375302,2.4395229026141205,6600.0,4,789
67,True,Accumulate + Select,42.39827647996218,9.216902504388655,18.145752499874835,0.08029194227040651,2.619633228116796,6700.0,4,789
68,True,Accumulate + Select,42.43870875529841,9.126784014420801,18.18548000857568,0.08046772990088243,2.5595467675080306,6800.0,4,789
69,True,Accumulate + Select,42.493686802882365,9.043808635050844,17.78659074984029,0.07870271115421495,2.611435654336762,6900.0,4,789
70,True,Accumulate + Select,42.535843206948584,8.961213398892237,18.147716437221963,0.08030063236711643,2.581365115249817,7000.0,4,789
71,True,Accumulate + Select,42.5748862901898,8.876723760731593,17.679347544032055,0.07822817777293427,2.4564941307920685,7100.0,4,789
72,True,Accumulate + Select,42.60675854977055,8.795691609559812,17.50853387602453,0.07747235565033278,2.5816809104734726,7200.0,4,789
73,True,Accumulate + Select,42.64124072748369,8.716649679219824,17.203808509994335,0.07612399649588086,2.4823510155620103,7300.0,4,789
74,True,Accumulate + Select,42.68502984932076,8.6410635137456,17.28649504415589,0.07648987068200158,2.694551238112537,7400.0,4,789
75,True,Accumulate + Select,42.735399935831815,8.568181380688355,17.162635910207527,0.07594181457726229,2.619204719404986,7500.0,4,789
76,True,Accumulate + Select,42.777858999012494,8.494383558447694,16.957653584794635,0.07503480181829189,2.653058816260712,7600.0,4,789
77,True,Accumulate + Select,42.81395040532148,8.424774343893828,16.875236710897727,0.07467012083407348,2.662254433609472,7700.0,4,789
78,True,Accumulate + Select,42.845344516668966,8.353728314160223,16.51144324598457,0.07306039514849721,2.5202044333938147,7800.0,4,789
79,True,Accumulate + Select,42.89546934431153,8.284558234454066,16.76576408541774,0.07418572264087155,2.659932975623004,7900.0,4,789
80,True,Accumulate + Select,42.93007812150618,8.219396302827196,16.492266079747417,0.07297553937167373,2.51329357504381,8000.0,4,789
81,True,Accumulate + Select,42.957688207209685,8.153143608264841,16.334761739890205,0.07227860881653467,2.593674351168757,8100.0,4,789
82,True,Accumulate + Select,42.98665033006358,8.08743515941458,15.899994399775403,0.07035483551621018,2.6483026791456474,8200.0,4,789
83,True,Accumulate + Select,43.015261311451546,8.026872390057603,16.242748950088792,0.07187146749754418,2.4325090610800606,8300.0,4,789
84,True,Accumulate + Select,43.05990532102133,7.963651386021328,15.805956551777568,0.06993873365089885,2.560408350906297,8400.0,4,789
85,True,Accumulate + Select,43.098575820567596,7.903244615931906,15.703920835097467,0.06948724254446748,2.552907101208721,8500.0,4,789
86,True,Accumulate + Select,43.13309801917224,7.844755599705235,15.631590206183166,0.06916719151978777,2.6629843128465787,8600.0,4,789
87,True,Accumulate + Select,43.166314139413146,7.78444310297045,15.558192698055551,0.06884241973171148,2.619349618179772,8700.0,4,789
88,True,Accumulate + Select,43.200374363494596,7.7274590064530635,15.581818416274295,0.0689469596125089,2.5669218641835156,8800.0,4,789
89,True,Accumulate + Select,43.227121124714174,7.6704625974246285,15.330596224994594,0.06783534312377888,2.4651287464687566,8900.0,4,789
90,True,Accumulate + Select,43.25885555888306,7.615737860778169,15.39117597322771,0.06810339845231501,2.345605935707451,9000.0,4,789
91,True,Accumulate + Select,43.2847940016328,7.559021453552532,15.347524573601074,0.06791024825593332,2.6082013842515988,9100.0,4,789
92,True,Accumulate + Select,43.309295053608814,7.505012635775245,14.88471796213483,0.06586240583493334,2.736066582494283,9200.0,4,789
93,True,Accumulate + Select,43.33388017953301,7.45103970159523,15.068192399018,0.06667424975788007,2.677502186169092,9300.0,4,789
94,True,Accumulate + Select,43.35923750026424,7.4018214526541914,14.795364001406925,0.06546702939317671,2.77473531869041,9400.0,4,789
95,True,Accumulate + Select,43.38249012413594,7.353642945211607,14.746574321551007,0.06525114315983312,2.6378201503982424,9500.0,4,789
96,True,Accumulate + Select,43.408993356219355,7.304299209129688,14.518534646766641,0.06424210545785439,2.673979411399854,9600.0,4,789
97,True,Accumulate + Select,43.42951179569291,7.252760784025765,14.369801389449874,0.06358398548678953,2.5223255833360536,9700.0,4,789
98,True,Accumulate + Select,43.45384771669819,7.206206526930347,14.342819498815302,0.06346459510024083,2.4383965147460107,9800.0,4,789
99,True,Accumulate + Select,43.4853975477809,7.158308372506966,14.545769573185392,0.06436261548573932,2.6739281590797916,9900.0,4,789
100,True,Accumulate + Select,43.510135179883896,7.112227520726833,14.029723183003817,0.06207919588274427,2.734155425871876,10000.0,4,789
101,True,Accumulate + Select,43.53021276524017,7.064477282897263,14.197070600083647,0.06281968042045456,2.5283443176991245,10100.0,4,789
102,True,Accumulate + Select,43.55464457744871,7.017914079052067,13.809996225915699,0.0611069405765015,2.4651076004471957,10200.0,4,789
103,True,Accumulate + Select,43.57463601716342,6.975954972390706,13.811034778916557,0.06111153600111066,2.6578355396350624,10300.0,4,789
104,True,Accumulate + Select,43.59705254757302,6.933018390240781,13.768489075846901,0.06092327832842686,2.725033661890568,10400.0,4,789
105,True,Accumulate + Select,43.61284358731285,6.88910128886533,13.54868015327826,0.059950660338540615,2.569419040186326,10500.0,4,789
106,True,Accumulate + Select,43.6384567200999,6.84732344801101,13.656609895003676,0.060428231527276756,2.71865768701329,10600.0,4,789
107,True,Accumulate + Select,43.66221212601272,6.806027534288217,13.660131717802122,0.060443815008470014,2.7178765369634883,10700.0,4,789
108,True,Accumulate + Select,43.68253340967731,6.764867257084694,13.445888528993699,0.059495824466454614,2.439893341793381,10800.0,4,789
109,True,Accumulate + Select,43.713322148662684,6.726894163026296,13.604983645057125,0.06019979394220693,2.5426129708707763,10900.0,4,789
110,True,Accumulate + Select,43.737986342078315,6.685021039805278,13.505085762972161,0.05975776239893767,2.508514990230066,11000.0,4,789
111,True,Accumulate + Select,43.76283749502498,6.645302283007296,13.450708409821134,0.059517151638923724,2.676154735856567,11100.0,4,789
112,True,Accumulate + Select,43.783988911216284,6.605809693880141,13.149294799561122,0.058183446453940156,2.5602813170393532,11200.0,4,789
113,True,Accumulate + Select,43.804829742430044,6.569706886912605,13.154549143291366,0.05820669605262505,2.57034263762135,11300.0,4,789
114,True,Accumulate + Select,43.8171796965989,6.532739166397289,13.087960251407738,0.05791205126106805,2.633930720055573,11400.0,4,789
115,True,Accumulate + Select,43.83784697689482,6.49571954694167,13.099493298575592,0.057963083080079664,2.685293445445218,11500.0,4,789
116,True,Accumulate + Select,43.85662704609615,6.459430180772116,12.884470234559547,0.05701164171974472,2.6443598506268797,11600.0,4,789
117,True,Accumulate + Select,43.87358770238737,6.423361828710801,12.698205031745063,0.05618744912087238,2.7544278338415342,11700.0,4,789
118,True,Accumulate + Select,43.897347416133506,6.388872195973596,12.70674744564767,0.05622524788418753,2.7609763867451775,11800.0,4,789
119,True,Accumulate + Select,43.904150623060026,6.352941574494807,12.688184172173795,0.056143108480923624,2.7238911986629777,11900.0,4,789
120,True,Accumulate + Select,43.932950848455576,6.3192160086473805,12.830316212697305,0.05677201916360639,2.732957192374439,12000.0,4,789
121,True,Accumulate + Select,43.95180828052928,6.28579585697228,12.496070017856354,0.05529303524268838,2.760186676005569,12100.0,4,789
122,True,Accumulate + Select,43.97031400722974,6.252556621665313,12.661600723742184,0.05602548113497399,2.6104181100334016,12200.0,4,789
123,True,Accumulate + Select,43.988659042465194,6.220166995249097,12.508693798946936,0.055348893378225406,2.7566910833871234,12300.0,4,789
124,True,Accumulate + Select,44.009606674029214,6.186667440667428,12.535147695734556,0.055465947479658426,2.6939179666057136,12400.0,4,789
125,True,Accumulate + Select,44.0196861029894,6.153378860238941,12.288381699816304,0.054374048915589265,2.6182769753854847,12500.0,4,789
126,True,Accumulate + Select,44.03617396235929,6.122152878787351,12.313605633716524,0.05448566063544288,2.4996101325166777,12600.0,4,789
127,True,Accumulate + Select,44.04929512409191,6.08956846755691,12.032780283358214,0.053243055082479916,2.597219428330545,12700.0,4,789
128,True,Accumulate + Select,44.06556826252026,6.057209714790909,11.940062757392166,0.05283279542296057,2.5346458889981283,12800.0,4,789
129,True,Accumulate + Select,44.07882949069033,6.026858578015476,12.102664171328566,0.05355227968468838,2.771474047973939,12900.0,4,789
130,True,Accumulate + Select,44.09156994271049,5.996505408043004,12.211785622230995,0.05403512398868631,2.738096943512081,13000.0,4,789
131,True,Accumulate + Select,44.104069758377754,5.966462787077463,11.995785753707834,0.05307936043057558,2.6435270624193903,13100.0,4,789
132,True,Accumulate + Select,44.11796633275111,5.936318741003218,11.743825973146496,0.051964480231728234,2.766187827543135,13200.0,4,789
133,True,Accumulate + Select,44.12910429033842,5.905912296770721,11.918392798543481,0.05273690945268226,2.648825373189871,13300.0,4,789
134,True,Accumulate + Select,44.1410162716098,5.878565172089411,11.754743298041927,0.052012787581906035,2.6448824407704423,13400.0,4,789
135,True,Accumulate + Select,44.154047933854685,5.8492534111735655,11.817851299158766,0.05229203000971436,2.635441944741272,13500.0,4,789
136,True,Accumulate + Select,44.1618737610992,5.821539089369116,11.788586104689646,0.05216253638276982,2.6443972230906923,13600.0,4,789
137,True,Accumulate + Select,44.17507770375846,5.7926824151431155,11.426833195299277,0.050561839816610686,2.7430901830210517,13700.0,4,789
138,True,Accumulate + Select,44.1920269353981,5.765085001914724,11.256847813471591,0.04980968272284366,2.744338898447154,13800.0,4,789
139,True,Accumulate + Select,44.20902866016442,5.736887958548097,11.698655607201411,0.05176460886156484,2.6870335112859682,13900.0,4,789
140,True,Accumulate + Select,44.2212820416329,5.710940888868053,11.114946013900719,0.049181790818151924,2.591555559519197,14000.0,4,789
141,True,Accumulate + Select,44.22877185805466,5.685322718679871,11.464828284172022,0.05072996177696203,2.6682231879885125,14100.0,4,789
142,True,Accumulate + Select,44.24331128818669,5.658386705095171,11.264134046873941,0.04984192309599513,2.5569459393614413,14200.0,4,789
143,True,Accumulate + Select,44.25737552996521,5.634707450317257,11.316203285618434,0.05007232083295124,2.5731365110509588,14300.0,4,789
144,True,Accumulate + Select,44.27354607708932,5.608976110203499,11.423633109800319,0.050547679969553116,2.622363819958892,14400.0,4,789
145,True,Accumulate + Select,44.28868369374888,5.583671143136261,11.264064656407282,0.049841616054700305,2.8148971330014456,14500.0,4,789
146,True,Accumulate + Select,44.30303287512411,5.5570339415118095,11.10034584837814,0.04911718750962089,2.7372813262821496,14600.0,4,789
147,True,Accumulate + Select,44.31731160521937,5.532909858693646,11.022200496543821,0.04877140730137518,2.6682318395468325,14700.0,4,789
148,True,Accumulate + Select,44.32754429397153,5.508545537052646,11.059659521692508,0.04893715726874439,2.6296872484315426,14800.0,4,789
149,True,Accumulate + Select,44.338620787263665,5.48472903898077,11.060675711980663,0.048941653742062476,2.583406695715694,14900.0,4,789
150,True,Accumulate + Select,44.35345254875606,5.461039002241304,10.877188805615187,0.04812975464372672,2.6616097070048634,15000.0,4,789
151,True,Accumulate + Select,44.36226690079457,5.439347703534951,10.820677363141415,0.047879700892759225,2.8373901335650364,15100.0,4,789
152,True,Accumulate + Select,44.37202377915025,5.4159464643651525,10.948292210641558,0.04844437540644494,2.5961474856436837,15200.0,4,789
153,True,Accumulate + Select,44.38029686895039,5.392351896430296,10.768350693014312,0.04764816406467359,2.703904944783314,15300.0,4,789
154,True,Accumulate + Select,44.3923089684881,5.369272496862287,10.66750223957359,0.0472019264009681,2.8249991516079005,15400.0,4,789
155,True,Accumulate + Select,44.40602849669738,5.347327363255206,10.538641169712237,0.04663173756023074,2.592689380335,15500.0,4,789
156,True,Accumulate + Select,44.41813511674069,5.324051970385006,10.531933227099694,0.046602056027816856,2.476501531470348,15600.0,4,789
157,True,Accumulate + Select,44.424099423975186,5.302411493107833,10.562307798835702,0.046736458464989555,2.683323270064306,15700.0,4,789
158,True,Accumulate + Select,44.43270960877628,5.281626587998181,10.543138046406385,0.04665163549303492,2.651687380379158,15800.0,4,789
159,True,Accumulate + Select,44.43827704047351,5.25958485423624,10.610243241556269,0.0469485648408289,2.695855549864399,15900.0,4,789
160,True,Accumulate + Select,44.44753501753167,5.236820394498603,10.602362029430154,0.046913691785602604,2.7284623728049366,16000.0,4,789
161,True,Accumulate + Select,44.45900525428129,5.214847181633957,10.34143840893135,0.04575914808320062,2.6572417219494815,16100.0,4,789
162,True,Accumulate + Select,44.471212133833774,5.193935024560226,10.159641187479586,0.04495472556008807,2.8136138379724365,16200.0,4,789
163,True,Accumulate + Select,44.47872204846441,5.173868475876334,10.469592207877714,0.04632620736755964,2.6578556093551335,16300.0,4,789
164,True,Accumulate + Select,44.4864963631024,5.153509335039853,10.41583764547473,0.04608835235321062,2.689242359421733,16400.0,4,789
165,True,Accumulate + Select,44.496624975398575,5.132218019271976,10.290612657421788,0.04553425257081645,2.7130751338629198,16500.0,4,789
166,True,Accumulate + Select,44.50067123809556,5.112488058673436,10.324044614547196,0.04568218343075287,2.7919968583465042,16600.0,4,789
167,True,Accumulate + Select,44.512015757103924,5.092233982998154,10.166791876027034,0.04498636616975963,2.9738202560383034,16700.0,4,789
168,True,Accumulate + Select,44.5171203315225,5.0714325229620565,9.86129305846463,0.043634584620685424,2.4913370069175333,16800.0,4,789
169,True,Accumulate + Select,44.53074014838287,5.0523986133082,10.072043947934535,0.044567122317916284,2.71021582806954,16900.0,4,789
170,True,Accumulate + Select,44.53869078535677,5.032653799377101,10.173391849558499,0.045015569956914685,2.7283470933960023,17000.0,4,789
171,True,Accumulate + Select,44.54854850464419,5.013451635619788,10.20453797134597,0.04515338637497306,2.6034849069564943,17100.0,4,789
172,True,Accumulate + Select,44.55398426956157,4.994644891879175,9.946255247523471,0.04401052820192444,2.4596826911074974,17200.0,4,789
173,True,Accumulate + Select,44.56442591256317,4.9759026056216,9.925434185724278,0.043918398460157,2.6307000731892,17300.0,4,789
174,True,Accumulate + Select,44.57214857135159,4.957219624062323,9.925575591999229,0.04391902415944751,2.7890933856301414,17400.0,4,789
175,True,Accumulate + Select,44.58176855187319,4.938623142517303,10.007866517424784,0.044283147842590034,2.7445434173628414,17500.0,4,789
176,True,Accumulate + Select,44.58844916853878,4.920268411854833,9.835821326783162,0.04352187643678895,2.700116377545405,17600.0,4,789
177,True,Accumulate + Select,44.5943485955609,4.901053101724438,9.840656835686255,0.0435432727608983,2.7779441026848515,17700.0,4,789
178,True,Accumulate + Select,44.60114650672878,4.883014835276458,9.734912010718416,0.04307536946607651,2.664712554790979,17800.0,4,789
179,True,Accumulate + Select,44.60835458447544,4.8652404048012095,9.642368559180058,0.042665880057000026,2.4868956169641816,17900.0,4,789
180,True,Accumulate + Select,44.61802769134186,4.847176876500501,9.704793134138393,0.04294209843751876,2.772776768217682,18000.0,4,789
181,True,Accumulate + Select,44.62696397466912,4.8290610503041576,9.569966497188934,0.042345512952814635,2.77534269011714,18100.0,4,789
182,True,Accumulate + Select,44.62982731318848,4.811443001262106,9.698377908938141,0.042913712131057574,2.5754302840221355,18200.0,4,789
183,True,Accumulate + Select,44.63940808440855,4.794340411790493,9.664352456277706,0.04276315515191026,2.591221997842686,18300.0,4,789
184,True,Accumulate + Select,44.64526963471598,4.777149399970561,9.61394295403595,0.04254010147343079,2.7157891268917793,18400.0,4,789
185,True,Accumulate + Select,44.65638548477983,4.758917887292426,9.505023921175695,0.04205815283566422,2.7099284958735463,18500.0,4,789
186,True,Accumulate + Select,44.66404291937564,4.742331217395202,9.535164631449538,0.04219152047469231,2.770254518796133,18600.0,4,789
187,True,Accumulate + Select,44.66866209237321,4.725218972458417,9.403976119719925,0.041611033090087714,2.7231365311968756,18700.0,4,789
188,True,Accumulate + Select,44.67837325961882,4.709216078554499,9.277246115461868,0.04105027386084734,2.823405012247237,18800.0,4,789
189,True,Accumulate + Select,44.68684866586397,4.692957230253914,9.419177040375345,0.04167829464034475,2.7419765464758448,18900.0,4,789
190,True,Accumulate + Select,44.69612166561059,4.676124267406947,9.318820870069477,0.04123423524778258,2.8204124916538396,19000.0,4,789
191,True,Accumulate + Select,44.70138544828559,4.6611540231824184,9.21293264739362,0.04076569744190958,2.560000735747213,19100.0,4,789
192,True,Accumulate + Select,44.70645991239112,4.6451977712595305,9.288569657166528,0.041100378652966243,2.7020416957464692,19200.0,4,789
193,True,Accumulate + Select,44.71455814203386,4.630004673869433,9.16775495343498,0.04056579364650279,2.772060908962525,19300.0,4,789
194,True,Accumulate + Select,44.719534867858876,4.613847582013358,9.135660823419219,0.0404237824494217,2.6776451519511273,19400.0,4,789
195,True,Accumulate + Select,44.727329959103514,4.598160405810445,9.142365187695518,0.040453448148291785,2.6690083256485337,19500.0,4,789
196,True,Accumulate + Select,44.734640021068884,4.5820716659063,9.241851547383455,0.040893658773274784,2.8398942889689325,19600.0,4,789
197,True,Accumulate + Select,44.74242546182157,4.566252397245732,9.094871496356117,0.04024329644897493,2.669154774895649,19700.0,4,789
198,True,Accumulate + Select,44.74839268221607,4.551235749814484,9.089769421044137,0.040220720612761385,2.634872050222729,19800.0,4,789
199,True,Accumulate + Select,44.753796692246404,4.535690485709951,8.98158969407977,0.03974204328084521,2.7334269448973547,19900.0,4,789
200,True,Accumulate + Select,44.762267777643984,4.521436565902536,9.137324857533143,0.040431145524114365,2.705813887157255,20000.0,4,789
0,False,Replace,0.0,84.91887308956481,169.8382070820983,1.0152569212887723,0.09997846600955035,,5,2024
1,False,Replace,0.8749602344810786,87.95991291706191,178.7822699433718,1.068722639517653,0.3018615159883372,,5,2024
2,False,Replace,1.2365116925126955,83.37129661881531,167.16394011705296,0.9992707183472648,0.3724554303036164,,5,2024
3,False,Replace,1.3979990519845968,84.35320137947548,167.37959326654695,1.0005598473152575,0.44624311641479353,,5,2024
4,False,Replace,1.5774456838153648,83.15166776507569,169.0079727354887,1.0102939557631199,0.4287991723073817,,5,2024
5,False,Replace,2.306507718553823,76.69840533700597,155.46256612215754,0.9293223766813439,0.4617321077565122,,5,2024
6,False,Replace,2.0834015523099874,70.51037239913025,140.9257257066684,0.8424242157842408,0.5442545203455617,,5,2024
7,False,Replace,1.2805887682886303,67.24630538360483,133.63252405736097,0.7988269971134454,0.488211112250661,,5,2024
8,False,Replace,2.8903150234750328,72.69299064615257,146.06919897324462,0.8731708123426408,0.675747038311193,,5,2024
9,False,Replace,1.9336102376338498,74.13204745495052,148.59218218169707,0.8882526729480021,0.6305442482955236,,5,2024
10,False,Replace,2.336637565240585,67.9766083407782,140.32042928603818,0.8388058816588746,0.6602141174339214,,5,2024
11,False,Replace,3.4806875327774076,69.06153116333988,141.123519537418,0.8436065855178053,0.6894543606832226,,5,2024
12,False,Replace,11.816925424592787,64.47076379579634,127.8588943769158,0.7643134586421123,1.1218581777271481,,5,2024
13,False,Replace,11.693515713282908,60.522486296917435,120.2644585604832,0.7189155257600874,0.9226817329335921,,5,2024
14,False,Replace,13.430225818443832,60.2865934596952,120.013816017707,0.7174172375910423,1.0696676297090681,,5,2024
15,False,Replace,11.48513451848593,54.647637522745015,108.09146617088172,0.6461479489664608,1.2227145686272871,,5,2024
16,False,Replace,16.01673292968185,56.70364408771244,112.88625484559614,0.674810182699108,1.0479796178818135,,5,2024
17,False,Replace,20.39666611930112,51.88899427204399,105.31572177272577,0.629555135368316,1.3642334589812548,,5,2024
18,False,Replace,19.100736513370272,47.7117028959882,95.53700121670332,0.5711000097730987,1.3041280937263315,,5,2024
19,False,Replace,17.79239770548055,46.86949959293325,93.12560343584292,0.5566851832799323,1.4049141640981386,,5,2024
20,False,Replace,18.42458538265129,47.45113546510393,95.99892369486022,0.5738612847600689,1.4613511799060848,,5,2024
21,False,Replace,16.962217632470754,51.922662886542966,101.79565668678688,0.6085129299465473,1.325379409730189,,5,2024
22,False,Replace,15.140803581911474,43.54136064609392,88.93365188991245,0.5316265825455534,1.3815845219935552,,5,2024
23,False,Replace,14.071469075771088,45.159677248521916,88.83465036278959,0.5310347723318418,1.2229454180445598,,5,2024
24,False,Replace,12.829548735242307,40.59477355835544,80.05521341218177,0.47855315301744145,1.307199861038192,,5,2024
25,False,Replace,14.230186732164897,44.69703528010496,89.86069946220755,0.5371682770812334,1.0556582957497598,,5,2024
26,False,Replace,16.732274124294953,44.280488116722054,90.03730379595108,0.5382239804782671,1.2653775150003628,,5,2024
27,False,Replace,14.92759600305466,49.482371381800476,98.23918726072027,0.5872531070704106,1.3157708031325683,,5,2024
28,False,Replace,13.389452885659097,50.42980091380166,102.8265705109001,0.6146755149924273,1.1740279923087822,,5,2024
29,False,Replace,13.378271756663981,54.28364211753195,108.60259861010512,0.649203390704408,1.2660715717654485,,5,2024
30,False,Replace,13.99457427045945,51.023303904221166,103.9414707044844,0.6213401528117344,1.14135138905172,,5,2024
31,False,Replace,16.441141635471283,40.21815196577998,80.41276770973394,0.4806905370699645,1.24392127773771,,5,2024
32,False,Replace,18.81026762300749,32.98225429528145,66.63834252025467,0.39834993332328683,1.531812359844971,,5,2024
33,False,Replace,22.357180357514757,35.893007952756435,71.82160951362306,0.4293344083734805,1.492938434066839,,5,2024
34,False,Replace,27.496263110387908,34.477785200862456,68.4708458022495,0.4093042508016285,1.5331649657750788,,5,2024
35,False,Replace,23.28981414769687,36.58865731028,72.18394088906797,0.4315003487884232,1.7081199827815752,,5,2024
36,False,Replace,22.991427283927536,34.24019154752186,69.43686484007567,0.41507890852499724,1.643162026217305,,5,2024
37,False,Replace,26.424122290204487,31.83069915771707,62.2317445843742,0.37200822181677723,1.6168748014802872,,5,2024
38,False,Replace,31.03032747073895,34.50483637969923,69.26411154962805,0.4140462258512007,1.8277354216346855,,5,2024
39,False,Replace,30.711207218112378,37.07223906805532,73.66641724466601,0.4403622792487484,1.7536796212618095,,5,2024
40,False,Replace,29.8133442802207,39.447347142426615,79.56632925138875,0.47563070678769737,1.7797452537269303,,5,2024
41,False,Replace,37.216660075625924,39.65357774544857,77.47883384637476,0.4631521002685265,1.6496207743533151,,5,2024
42,False,Replace,31.342937304979,40.73680012302285,80.73979827268259,0.4826454566855848,1.7574240934827814,,5,2024
43,False,Replace,35.27968900689488,36.59361872386642,73.0467766683231,0.4366581987909313,1.9017490770046193,,5,2024
44,False,Replace,37.182487689976824,36.576332787989855,73.53161831942214,0.4395564797517602,1.7582538248377997,,5,2024
45,False,Replace,36.031436622369505,40.88588010400492,81.66840338959003,0.4881964618939047,1.9233131184687997,,5,2024
46,False,Replace,34.81521206956344,44.495793592623606,90.58673186224138,0.5415083453843446,1.6385459714663329,,5,2024
47,False,Replace,36.94000267007465,46.3430838311901,92.61834016193575,0.5536528705948314,1.6599696199427239,,5,2024
48,False,Replace,34.351359192429406,51.35919692356986,100.47969759137558,0.6006464044885659,1.8021819429875952,,5,2024
49,False,Replace,37.50843041043892,54.40588467424078,109.9315230188667,0.6571474200664973,1.8731079070062753,,5,2024
50,False,Replace,47.34614111599958,49.40837799234214,98.24037216179609,0.5872601901587152,1.8546199357457918,,5,2024
51,False,Replace,38.431432306091814,48.33419403628402,100.58895112834873,0.6012994990512849,2.0161054236630642,,5,2024
52,False,Replace,36.910079076564884,52.06519992740917,104.42891519275236,0.6242539929832741,1.871301308012515,,5,2024
53,False,Replace,35.39369957128091,51.018141030128675,100.36875643696237,0.5999832217053225,1.67342683515482,,5,2024
54,False,Replace,35.23878745973673,48.85160900970221,99.99619189525981,0.5977561095843881,1.7129038112827668,,5,2024
55,False,Replace,42.54005765929091,44.72197831158341,89.30150133232412,0.5338255087990561,1.9241955470107182,,5,2024
56,False,Replace,49.09784185038395,45.72255103851579,92.56122873663718,0.5533114705599674,2.1146809486244607,,5,2024
57,False,Replace,70.56946727296977,39.1440416343747,77.173447504902,0.46132656523625076,2.743879940481917,,5,2024
58,False,Replace,60.64568094362498,35.38463966906919,72.03933119277818,0.43063590257478235,2.4758490908411073,,5,2024
59,False,Replace,65.44164109079945,33.250984657807855,64.79522663919597,0.3873321759697983,2.2960934354842686,,5,2024
60,False,Replace,59.742014381602544,36.20076531261848,73.34689247396304,0.4384522276734713,2.1895645046982315,,5,2024
61,False,Replace,61.22219373481758,31.433121388144883,62.19369326365986,0.37178075906040975,2.128245248249679,,5,2024
62,False,Replace,61.88155157721094,27.20272845882588,54.78338343902824,0.3274834924582328,2.17239927776623,,5,2024
63,False,Replace,65.37959489591744,28.20806813306808,57.317536627627646,0.34263212484510136,2.319637664646065,,5,2024
64,False,Replace,65.57915036761693,29.311233816622853,59.37823138000699,0.3549505227248273,2.161198058327451,,5,2024
65,False,Replace,70.02879155468483,27.36983327368119,54.62909269094912,0.3265611749622501,2.297404177851578,,5,2024
66,False,Replace,68.82786856749927,29.506378513956438,58.47930238045173,0.34957691507655236,2.5150086872626867,,5,2024
67,False,Replace,65.2105199289074,26.774781490448895,53.743039295627476,0.32126453495593593,2.3566284279487193,,5,2024
68,False,Replace,62.43195256712398,24.936264427720143,50.2753357029747,0.3005353354789488,2.3213832028126498,,5,2024
69,False,Replace,67.89382889741944,22.578540561000484,44.61756745957882,0.2667143922009805,2.408324462025174,,5,2024
70,False,Replace,68.88984406449022,20.140293156896764,39.68215527201941,0.2372115408171895,2.4988736067662316,,5,2024
71,False,Replace,64.68285372796832,22.05761821311018,43.99957963065759,0.2630201915180846,2.60891329099463,,5,2024
72,False,Replace,65.0282585276208,22.116008876637792,45.78190297372471,0.27367454392271595,2.6121722750062712,,5,2024
73,False,Replace,75.691794602751,17.917047777771657,36.1233556654767,0.21593778861444926,2.655835887622648,,5,2024
74,False,Replace,67.6357031839101,18.51081669686819,36.837625277217185,0.220207541454193,2.4934016277734887,,5,2024
75,False,Replace,69.66874145337049,17.551562447767008,34.7963631381544,0.2080053076314676,2.5171689339641814,,5,2024
76,False,Replace,63.552420830688135,17.60802621757824,35.17653233159361,0.21027787875389684,2.631833360109276,,5,2024
77,False,Replace,65.14951714993859,20.334977804545993,40.46891977361075,0.241914652792923,2.532771968822236,,5,2024
78,False,Replace,63.367962439079335,18.17306357352155,36.531636177180246,0.21837840325856156,2.6512262830798887,,5,2024
79,False,Replace,54.87129605577819,16.65402266096405,33.76805247309082,0.20185828372043327,2.3115422786870794,,5,2024
80,False,Replace,54.834195888236195,15.030134775976432,30.188665252537973,0.18046146311055591,2.5673221148830896,,5,2024
81,False,Replace,58.043891970024944,14.236835389415841,28.169441306526206,0.16839096895001932,2.597116911943699,,5,2024
82,False,Replace,55.48843227835004,14.355271160466236,28.56385989445986,0.1707487199423565,2.436565477180025,,5,2024
83,False,Replace,53.17842414397767,13.84712159272668,28.601539346509583,0.1709739597464093,2.5601258696013227,,5,2024
84,False,Replace,54.110289975830675,15.264651959193666,30.709364457880564,0.18357409295525326,2.4159274154170745,,5,2024
85,False,Replace,53.52234909022813,17.152220837964094,34.49546480142128,0.20620660094337293,2.484013429124898,,5,2024
86,False,Replace,51.837805755474676,17.88846353746879,35.875491702022714,0.21445611020557934,2.3074238955022035,,5,2024
87,False,Replace,45.78955199577471,15.324686929041611,30.551719567447265,0.18263172510488582,2.2265282177966053,,5,2024
88,False,Replace,46.96111844406449,12.764827173013808,25.001033997507463,0.14945089942615614,2.20080587691952,,5,2024
89,False,Replace,44.89050035511958,15.706543020279273,31.50985852878916,0.18835927739580569,2.3018741139862913,,5,2024
90,False,Replace,44.90982928652658,18.08305986101982,35.43406443414062,0.21181735125573803,2.3832265719945736,,5,2024
91,False,Replace,47.284314928354846,18.342667937039856,37.15018321631064,0.222075946781947,2.417820399316921,,5,2024
92,False,Replace,45.39766773136488,18.386538730563856,36.978860708547245,0.2210518170247643,2.0234167177089724,,5,2024
93,False,Replace,43.142839083560396,20.865469892678423,42.097768118666956,0.25165156408314104,2.0394206067120817,,5,2024
94,False,Replace,44.7137311974469,16.549024416016138,31.9328849005045,0.19088803967580356,2.3761223284280346,,5,2024
95,False,Replace,49.93380300623561,15.838031798764554,31.463151305999723,0.18808007148551115,2.209145158824518,,5,2024
96,False,Replace,41.96517362034479,15.817487839934525,31.980331776098836,0.191171667074304,2.3635865177255457,,5,2024
97,False,Replace,44.26727203994815,16.779745533524835,33.20032360541072,0.19846452048994276,2.2459712623354147,,5,2024
98,False,Replace,38.76792518456327,18.85979422025999,38.67426049296512,0.2311865587595831,2.0455988618889025,,5,2024
99,False,Replace,43.044052339783526,20.74243696650848,40.135954947155646,0.23992425940375556,2.0717217162333723,,5,2024
100,False,Replace,47.886115006510984,22.762012199363618,45.42668902905653,0.2715511500053018,2.266767285170561,,5,2024
101,False,Replace,44.38639249037973,20.72145296451016,41.16250180396085,0.24606073964164998,2.297833690912693,,5,2024
102,False,Replace,41.327932284844124,19.804588902704733,38.41168202747798,0.2296169201661991,2.1663883072796173,,5,2024
103,False,Replace,41.000031493246695,21.438468095238292,42.89691957000949,0.2564287226275743,2.040006396069907,,5,2024
104,False,Replace,41.96829260415523,22.47933272246636,44.11023940001428,0.26368169224090654,2.3008258746321877,,5,2024
105,False,Replace,43.128831705455696,17.987347068776586,34.93771759633608,0.20885029471941186,2.1203809584570767,,5,2024
106,False,Replace,41.84907498891517,17.20162975468439,35.06186665788598,0.20959243158116708,2.201542906555633,,5,2024
107,False,Replace,40.61358866699128,19.097049945753945,37.671524955618054,0.22519241755894198,2.2058019741323074,,5,2024
108,False,Replace,43.355085101940944,17.683252355700056,34.96951963328743,0.20904040057769105,2.14010768028664,,5,2024
109,False,Replace,42.576317026570216,17.547780713789606,35.19735811186257,0.21040237086861327,2.009397534270958,,5,2024
110,False,Replace,37.98619063786183,18.948213253352304,39.0928515721794,0.23368880779802592,2.118427651180582,,5,2024
111,False,Replace,40.17319165715765,21.074831602097873,42.43495557556994,0.2536671994650374,2.109637250564376,,5,2024
112,False,Replace,37.25171573692817,19.802585838469582,41.36889780684627,0.24729453134291582,2.086628636008262,,5,2024
113,False,Replace,44.23260247533774,20.41855356290855,40.586796241404386,0.24261929341437463,2.199900854427897,,5,2024
114,False,Replace,46.25235039130165,17.714508149522093,34.22104600369849,0.20456618334531662,2.285522461844765,,5,2024
115,False,Replace,47.947847099357524,21.105766419373467,42.22660232793441,0.25242170776815015,2.3558149259532635,,5,2024
116,False,Replace,51.65341073760486,20.56305730355341,40.20211971444099,0.2403197784043738,2.3518636398942165,,5,2024
117,False,Replace,58.752616888434446,15.977721959525937,32.40165122422971,0.19369022572572492,2.4274861481101855,,5,2024
118,False,Replace,64.86196102685656,17.92676917615746,37.16461023228283,0.22216218843552402,2.4302523975740686,,5,2024
119,False,Replace,54.4006302790399,19.39658158115887,39.5349446134007,0.23633154660023525,2.4693940251571806,,5,2024
120,False,Replace,53.976140090802964,14.487591841020045,29.07592856092542,0.17380975824896655,2.7608529558589923,,5,2024
121,False,Replace,58.55222351762027,16.813528131813246,34.57154737724547,0.20666140650816348,2.3360185049273334,,5,2024
122,False,Replace,50.92954788789913,14.543150354285768,28.806384630150568,0.17219848157564258,2.4422500247863383,,5,2024
123,False,Replace,52.52326945636541,12.228895898517408,24.769749193174462,0.14806832772793696,2.366985431140562,,5,2024
124,False,Replace,50.52374068164831,12.049736046260895,23.68212891527751,0.14156676348135297,2.4426288202578244,,5,2024
125,False,Replace,51.11525953495664,10.719213598271146,21.426778523273605,0.128084755311622,2.7350883567412394,,5,2024
126,False,Replace,54.21310956251417,8.385944340743787,16.862453818771975,0.10080018650423583,2.5316136232720217,,5,2024
127,False,Replace,60.41244684990112,7.830450955120186,16.091826131730823,0.09619353699676023,2.822988865999803,,5,2024
128,False,Replace,61.476192545768235,8.882107465861356,17.82046235909796,0.1065269591658758,2.6641787511933197,,5,2024
129,False,Replace,61.76823764798253,8.37331531787154,17.3139347808354,0.1034990443139125,2.6976793503687118,,5,2024
130,False,Replace,63.58180333938061,9.8814891170823,20.218042883563605,0.12085918901939904,2.602095442137924,,5,2024
131,False,Replace,64.79855113717515,10.532334678744654,21.453073930030413,0.12824194369794928,2.7339987116563527,,5,2024
132,False,Replace,63.94363476510787,10.426059843092917,20.158579476246892,0.12050372933291918,2.56818856147075,,5,2024
133,False,Replace,63.21737856426033,9.350168178874918,18.411844362953005,0.11006211584737109,2.4125751516561578,,5,2024
134,False,Replace,63.950626218184496,10.236012304932888,20.074401320989857,0.12000053010458114,2.454295713984808,,5,2024
135,False,Replace,57.37440374469059,10.85585015797071,22.45284144502685,0.13421834268801372,2.4145662413509594,,5,2024
136,False,Replace,56.54224837938724,10.341328768354295,20.523690668355073,0.12268628690460057,2.4730396508394348,,5,2024
137,False,Replace,56.741202569701485,8.35169271728221,16.47327064644726,0.09847373172035562,2.481220012637892,,5,2024
138,False,Replace,56.403139120304296,7.090847231249407,13.81564727763311,0.08258702068093043,2.583352719420901,,5,2024
139,False,Replace,54.94783675937754,6.2534375044913855,12.815432603059845,0.0766079486653843,2.633094958055932,,5,2024
140,False,Replace,59.03352818315658,4.595943797437482,9.226045560784392,0.05515135123384854,2.5825747257812464,,5,2024
141,False,Replace,60.61156401334601,4.535413724272083,9.09980009360736,0.054396682502148734,2.688260727670393,,5,2024
142,False,Replace,57.939202644193,4.6152611814337,9.135286120073122,0.05460881047145181,2.84398971373078,,5,2024
143,False,Replace,58.86117085858352,4.206029145861763,8.016947894114484,0.047923620820942425,2.5029455002860397,,5,2024
144,False,Replace,58.89688612885968,4.460036230185066,8.60023360171932,0.051410379553907454,2.791330571853256,,5,2024
145,False,Replace,61.61605288625223,5.413835210686404,10.889122941179131,0.0650928764659677,2.7835516042284,,5,2024
146,False,Replace,63.95014137073948,5.713880980721711,11.508270051323539,0.0687940070871017,2.9342867452653074,,5,2024
147,False,Replace,63.557028477486966,6.273887329770124,12.462865468389847,0.07450037681896438,2.4868152935609347,,5,2024
148,False,Replace,65.62985260756557,5.945455363904072,11.796457327272279,0.0705167297392131,2.441107254294723,,5,2024
149,False,Replace,64.60009938386418,6.336306653556518,13.407896772071478,0.08014957430156344,2.614134527298696,,5,2024
150,False,Replace,67.95542160351725,6.877754824591862,13.738205489668102,0.08212409003311427,2.6803454659669144,,5,2024
151,False,Replace,70.44958715505972,8.10067020218591,16.164547101606193,0.09662824759137403,2.561236694726715,,5,2024
152,False,Replace,66.72304701264211,6.696855831062706,13.528777588129081,0.08087217428222734,2.6779187217449243,,5,2024
153,False,Replace,67.61247315502173,7.326614854178054,14.143138229557096,0.08454469240458184,2.591981601438037,,5,2024
154,False,Replace,69.9337519237894,7.590473834814729,15.075562826489943,0.09011852965757618,2.7469357818036215,,5,2024
155,False,Replace,70.05248561527213,8.53837429147547,17.107359050932956,0.1022641782425087,2.767027514535047,,5,2024
156,False,Replace,71.55018547745208,10.548864344343096,20.90604413364754,0.12497191514271119,2.7593393855763537,,5,2024
157,False,Replace,72.54267657558103,8.81239303582328,16.783329384040165,0.10032719734952991,2.7511104366927404,,5,2024
158,False,Replace,72.7906976207079,6.094448123816921,11.83113540675674,0.07072402797215183,3.0544479354125924,,5,2024
159,False,Replace,71.94276326057756,4.7469910812973035,9.716460429264172,0.05808294771076107,2.719684068286764,,5,2024
160,False,Replace,73.13256839739812,5.313405743735881,10.5977775997365,0.06335127556551842,2.794948121408788,,5,2024
161,False,Replace,70.98118751258637,5.463912015393885,10.72428021163416,0.0641074814540328,2.8530514837649306,,5,2024
162,False,Replace,73.00266257876277,6.195501252030912,12.438825178268212,0.07435666904345789,2.688830526973808,,5,2024
163,False,Replace,72.93865241269224,5.735998228071869,11.520984974876125,0.06887001421389727,2.7206513799235905,,5,2024
164,False,Replace,72.63895487744536,7.040517771580588,14.126191882169966,0.08444339072004962,2.6699592456580605,,5,2024
165,False,Replace,71.58559670438939,6.7694341890453655,13.818931200085457,0.08260665127557695,2.5885436147460537,,5,2024
166,False,Replace,69.12988068752468,6.857699945074992,13.697840637027685,0.08188279747165797,2.70747704575835,,5,2024
167,False,Replace,66.12448494588128,7.011013190389038,13.688096187433665,0.0818245472106334,2.6788164747284364,,5,2024
168,False,Replace,67.1869066990535,7.413678092700579,14.843590126391025,0.08873184586379575,2.549999079873052,,5,2024
169,False,Replace,67.53675598860724,5.798447232586682,11.526527521681771,0.06890314638776247,2.4637175210503486,,5,2024
170,False,Replace,67.98424071975471,5.209012993492314,10.12181950875653,0.06050609865030747,2.748414159626352,,5,2024
171,False,Replace,70.44315210866696,5.523793393567888,11.223524690297342,0.0670918594752456,3.0121604377492543,,5,2024
172,False,Replace,70.86264239123604,6.134892409582573,11.8978722435227,0.07112296668326767,2.7163472213229616,,5,2024
173,False,Replace,69.59969515521689,6.77750144944571,13.368452564532166,0.07991378516202266,2.740805567520441,,5,2024
174,False,Replace,73.78357903230659,7.701753621938967,15.403881948385333,0.09208115200635439,2.9808511771034114,,5,2024
175,False,Replace,73.5660609871035,8.070364338170593,16.048575323419865,0.09593499280200311,2.6873055278241167,,5,2024
176,False,Replace,75.48963902474578,8.916419238469132,18.221237402083855,0.10892270770362708,2.9793000160833407,,5,2024
177,False,Replace,77.84950296451137,10.101051307757485,19.96669708209171,0.11935669691844403,2.625435093604298,,5,2024
178,False,Replace,78.38859111929372,9.584320693746538,18.826389574769717,0.11254017954525616,2.885420676365701,,5,2024
179,False,Replace,82.74753377623001,11.596078423092253,23.326063003972607,0.13943827668737407,2.7418467618992137,,5,2024
180,False,Replace,89.06266134008195,12.918195663178071,25.821186335445425,0.15435359683393188,3.048741470174199,,5,2024
181,False,Replace,83.52423599790558,9.960310370658117,19.872144630428785,0.11879148233790383,2.6328029864116465,,5,2024
182,False,Replace,87.7946645304509,8.927604093483517,18.226382583960998,0.1089534645138985,2.7550409905891455,,5,2024
183,False,Replace,91.86765044473518,8.955029680955722,17.974303077814696,0.10744658648140502,2.923635214523177,,5,2024
184,False,Replace,82.80129094176014,8.397295063119117,16.60842899273591,0.09928167976041685,2.9812411770047076,,5,2024
185,False,Replace,84.38640410091557,8.874669586750256,17.741228810331442,0.10605331775052224,2.8616232063538916,,5,2024
186,False,Replace,82.18541829359295,11.04191797630698,21.81387576778883,0.1303987408597379,2.7037338054656908,,5,2024
187,False,Replace,83.85552039205506,10.299423697176538,20.431029100565866,0.12213237562838233,3.2710047271947698,,5,2024
188,False,Replace,86.87834535557735,12.422277704361015,25.12939152369385,0.15021819360041247,2.75885518122098,,5,2024
189,False,Replace,87.80336347375908,11.505774478515674,22.72616924170756,0.1358522385123294,2.703201085786403,,5,2024
190,False,Replace,89.33075094184893,10.234519973224803,20.178751345043842,0.1206243125030037,2.935706960657539,,5,2024
191,False,Replace,89.17345925026329,6.316216604074757,12.578655721334869,0.07519254648879248,2.9910079283775755,,5,2024
192,False,Replace,80.50198579222386,6.168780513401947,12.616065362267786,0.0754161734189903,2.844107983311331,,5,2024
193,False,Replace,81.20988087554697,6.501017970153613,12.926557686186086,0.07727223093561676,2.3920926413064207,,5,2024
194,False,Replace,82.00437062574085,5.121924600182903,10.13499316939399,0.06058484801048191,2.9780455444566094,,5,2024
195,False,Replace,88.70339831501681,4.762069332452487,9.864945787333493,0.058970561811733345,3.162287347426778,,5,2024
196,False,Replace,85.22573300527372,6.36793275777954,13.042763980370944,0.07796688761208218,2.913760771762104,,5,2024
197,False,Replace,86.3659192861171,6.820558265848757,13.391930647490408,0.08005413218188036,3.182968067051963,,5,2024
198,False,Replace,81.04200730072557,6.717651755295987,13.222113119255889,0.07903899887437373,3.0317043004379247,,5,2024
199,False,Replace,81.39629240105802,6.277318571999081,12.520578455322632,0.07484537286218941,2.809628026038069,,5,2024
200,False,Replace,80.4575346011083,6.245096680973829,12.86683165724609,0.0769152013525553,2.8872337839955025,,5,2024
0,True,Replace + Select,0.0,84.91887308956481,170.18950369189255,1.0173568982059007,0.07508745367007091,,5,2024
1,True,Replace + Select,1.589236868294782,26.92582512286317,54.53999395180763,0.3260285615229916,1.0788590825564428,,5,2024
2,True,Replace + Select,1.8020758259208476,8.512043276734945,16.810597754026,0.10049020190448849,1.5495935387410642,,5,2024
3,True,Replace + Select,1.6935898187708394,2.636610849433792,5.236705048487484,0.03130391645417439,1.9228219592801694,,5,2024
4,True,Replace + Select,1.7140936586324316,0.7795416024467464,1.5213225364981113,0.009094144722957918,2.0812516100361695,,5,2024
5,True,Replace + Select,1.636985547805126,0.22508862321033818,0.44852738930671393,0.0026812019757197674,2.1868324686906373,,5,2024
6,True,Replace + Select,1.5540622826520425,0.06581734118327975,0.13319801275682255,0.0007962295803552918,2.2071830578630394,,5,2024
7,True,Replace + Select,1.5386217869910146,0.018214720160586426,0.03663826021962583,0.00021901577925851156,2.21002298293915,,5,2024
8,True,Replace + Select,1.5397848378814247,0.005146944182625531,0.01042778449363255,6.233509269060158e-05,2.333264636849792,,5,2024
9,True,Replace + Select,1.53690330834002,0.0015272010956798587,0.0030648952062696244,1.8321296041978752e-05,2.2787143972904715,,5,2024
10,True,Replace + Select,1.532893702495807,0.0005579340105294732,0.0011187552896852059,6.687682769356387e-06,2.3368500008652036,,5,2024
11,True,Replace + Select,1.533820464820043,0.00018105254006411643,0.0003615155291707345,2.1610634582743893e-06,2.2686784502166017,,5,2024
12,True,Replace + Select,1.5362924586555096,8.117063864418055e-05,0.00015960467815228957,9.540830473195602e-07,2.2907698792740536,,5,2024
13,True,Replace + Select,1.535945773826768,4.6992228906107346e-05,9.372120256393235e-05,5.602455490391755e-07,2.3768037575786582,,5,2024
14,True,Replace + Select,1.5358389803093937,3.374391558074781e-05,6.801764965060235e-05,4.0659513995097765e-07,2.287922985120738,,5,2024
15,True,Replace + Select,1.5354759750551839,2.715632677208624e-05,5.3238319640712445e-05,3.182474274877956e-07,2.2589853400409527,,5,2024
16,True,Replace + Select,1.5354891391199543,2.430112272402625e-05,4.865900072969364e-05,2.908732264815813e-07,2.3489365825352677,,5,2024
17,True,Replace + Select,1.5353713574225838,2.3216082759355005e-05,4.61429514133544e-05,2.75832815218393e-07,2.1977168527911806,,5,2024
18,True,Replace + Select,1.5356245801878665,2.2983321404552068e-05,4.626201468723543e-05,2.76544550315906e-07,2.1880064193432145,,5,2024
19,True,Replace + Select,1.5354462694857869,2.1975773179365698e-05,4.4081952150487354e-05,2.6351259703930355e-07,2.2774716087984945,,5,2024
20,True,Replace + Select,1.5357939031148675,2.21945753748883e-05,4.45268466867597e-05,2.6617208258707387e-07,2.1920842212440075,,5,2024
21,True,Replace + Select,1.5358332433278148,2.2593041161351754e-05,4.512759067747607e-05,2.6976320324817814e-07,2.290901975315516,,5,2024
22,True,Replace + Select,1.5354738623646838,2.2268045220091304e-05,4.4987055992135355e-05,2.6892311658908894e-07,2.288098236044048,,5,2024
23,True,Replace + Select,1.5360716502771847,2.2074896388046047e-05,4.3886058754028545e-05,2.623415877004365e-07,2.1291728634815077,,5,2024
24,True,Replace + Select,1.5360467441751715,2.2276823381542318e-05,4.416275213765131e-05,2.6399560229246546e-07,2.2752123810687386,,5,2024
25,True,Replace + Select,1.535701103695929,2.1611482880913566e-05,4.375272736176702e-05,2.615445608055804e-07,2.2912935125541205,,5,2024
26,True,Replace + Select,1.5357974191783712,2.29435781367948e-05,4.5947631075150164e-05,2.746652315007054e-07,2.1772071247375946,,5,2024
27,True,Replace + Select,1.5360990840295716,2.222379392509565e-05,4.420698088261474e-05,2.642599923859285e-07,2.3057948387143448,,5,2024
28,True,Replace + Select,1.5363709241644337,2.308688486871448e-05,4.571162592629864e-05,2.7325444258019195e-07,2.1915919581421823,,5,2024
29,True,Replace + Select,1.5365043332849668,2.305798201613931e-05,4.60609131430621e-05,2.7534240777029417e-07,2.223977249033636,,5,2024
30,True,Replace + Select,1.5359465603046702,2.4252059719508704e-05,4.761487908783469e-05,2.8463168789154967e-07,2.385979835014778,,5,2024
31,True,Replace + Select,1.5361196469476168,2.3543597415325354e-05,4.6372395087849856e-05,2.7720438103140727e-07,2.285620675493999,,5,2024
32,True,Replace + Select,1.5364078280761317,2.2287978476187893e-05,4.430232390167316e-05,2.648299328113408e-07,2.274122138254575,,5,2024
33,True,Replace + Select,1.5364766737087558,2.3397359896717842e-05,4.641779138457168e-05,2.7747575050262073e-07,2.3295037165483183,,5,2024
34,True,Replace + Select,1.536218224530928,2.3697655878511123e-05,4.680232765595429e-05,2.7977442709439053e-07,2.194516904827596,,5,2024
35,True,Replace + Select,1.5362993317240567,2.268076942552421e-05,4.560711627534593e-05,2.7262970596589217e-07,2.2320211306385747,,5,2024
36,True,Replace + Select,1.5357826746156231,2.3600546803884616e-05,4.740700254610938e-05,2.833890458418831e-07,2.2474131036774443,,5,2024
37,True,Replace + Select,1.535994514834375,2.3040653555822592e-05,4.613555416676559e-05,2.757885960410548e-07,2.2360967285612796,,5,2024
38,True,Replace + Select,1.5362045189715803,2.4177424318448415e-05,4.8227891437829374e-05,2.882961462125608e-07,2.226209506436833,,5,2024
39,True,Replace + Select,1.5361291184861292,2.3379621314939077e-05,4.659195125863938e-05,2.7851684143613807e-07,2.2599064347926237,,5,2024
40,True,Replace + Select,1.5357418167477388,2.3814299813242134e-05,4.713162006708758e-05,2.817428675606122e-07,2.26937513485946,,5,2024
41,True,Replace + Select,1.535889359376548,2.3586459063723952e-05,4.765063532983981e-05,2.848454311522603e-07,2.194747067445086,,5,2024
42,True,Replace + Select,1.5361863671720335,2.399652595537341e-05,4.870821601554502e-05,2.911674250629975e-07,2.2881291915068074,,5,2024
43,True,Replace + Select,1.5360728341723804,2.483022257283953e-05,4.917352837832302e-05,2.93948964064073e-07,2.2031295478308603,,5,2024
44,True,Replace + Select,1.536282988163173,2.4246773257761815e-05,4.8500807374571224e-05,2.8992758002517304e-07,2.2838540818727213,,5,2024
45,True,Replace + Select,1.5362655804863647,2.35082917331738e-05,4.733884222669164e-05,2.829815978522052e-07,2.2607001697028606,,5,2024
46,True,Replace + Select,1.5363145453353413,2.337152765710711e-05,4.685473536992433e-05,2.800877093366559e-07,2.3126712059510437,,5,2024
47,True,Replace + Select,1.5359451869676046,2.2756504778979294e-05,4.542143788299645e-05,2.7151975976353113e-07,2.3149535695365073,,5,2024
48,True,Replace + Select,1.5356558558084983,2.306727905338976e-05,4.587249452673217e-05,2.742160810878879e-07,2.284475748114507,,5,2024
49,True,Replace + Select,1.5356350313790164,2.3125386921580174e-05,4.710469075221151e-05,2.8158188980546976e-07,2.1805946050843756,,5,2024
50,True,Replace + Select,1.535401517871015,2.275425825755248e-05,4.5530846358925346e-05,2.721737805185947e-07,2.1458985833482185,,5,2024
51,True,Replace + Select,1.5358785770954182,2.266283804791258e-05,4.4980468024057396e-05,2.688837351077174e-07,2.2344659355389576,,5,2024
52,True,Replace + Select,1.5360050795980207,2.3393640039173832e-05,4.6758432792180087e-05,2.7951203287213964e-07,2.1501334206944756,,5,2024
53,True,Replace + Select,1.536109790423701,2.3264264745138087e-05,4.62060664779432e-05,2.762101037405828e-07,2.3450116643399324,,5,2024
54,True,Replace + Select,1.5364073398588887,2.345441036281452e-05,4.6747408771612796e-05,2.7944613360616376e-07,2.247759530580697,,5,2024
55,True,Replace + Select,1.5363374756795556,2.3833010108184506e-05,4.695775281704848e-05,2.80703525871717e-07,2.268708095851361,,5,2024
56,True,Replace + Select,1.536254264964038,2.246945483643921e-05,4.4129474782059246e-05,2.6379667729103336e-07,2.273607306401308,,5,2024
57,True,Replace + Select,1.5367410357550495,2.3353732187899013e-05,4.6516714823855435e-05,2.780670939237272e-07,2.2998184331912888,,5,2024
58,True,Replace + Select,1.5364860447922084,2.2924216835220626e-05,4.5329919594190915e-05,2.7097268276754397e-07,2.3058165764323046,,5,2024
59,True,Replace + Select,1.5365021490944069,2.275878742306161e-05,4.5187577218899536e-05,2.701217901198289e-07,2.3818288762836652,,5,2024
60,True,Replace + Select,1.536379758869194,2.256336817153621e-05,4.4886923345967716e-05,2.683245447846921e-07,2.2449401039985655,,5,2024
61,True,Replace + Select,1.536141488083999,2.2025907876324174e-05,4.477134146798884e-05,2.676336207363896e-07,2.310585122372755,,5,2024
62,True,Replace + Select,1.53608193717729,2.2768987583635675e-05,4.5402401368584395e-05,2.7140596350210037e-07,2.2680780328038965,,5,2024
63,True,Replace + Select,1.5361373738890893,2.1513501319754693e-05,4.281466087247704e-05,2.5593699751200215e-07,2.2865967669401286,,5,2024
64,True,Replace + Select,1.5361155812699618,2.2047273025651164e-05,4.371470848563739e-05,2.6131729199608584e-07,2.3052416528374966,,5,2024
65,True,Replace + Select,1.5358224162755276,2.3028856006433786e-05,4.592130957146856e-05,2.74507887112475e-07,2.258692577194653,,5,2024
66,True,Replace + Select,1.5359979542200144,2.4762410187353008e-05,4.905734738291863e-05,2.932544586183725e-07,2.3248701384302817,,5,2024
67,True,Replace + Select,1.5364539225260376,2.305081151626414e-05,4.588808704502492e-05,2.743092898681088e-07,2.365907268111754,,5,2024
68,True,Replace + Select,1.5364705992049394,2.2997246902357666e-05,4.6065401568239314e-05,2.7536923862776227e-07,2.2940358147382525,,5,2024
69,True,Replace + Select,1.53659894430618,2.3329560768470863e-05,4.637152294036856e-05,2.771991675180172e-07,2.2795760014393034,,5,2024
70,True,Replace + Select,1.5365885496359746,2.3313828473986136e-05,4.6639087521754206e-05,2.7879861205885717e-07,2.3198238972059584,,5,2024
71,True,Replace + Select,1.53613634951124,2.3178411237219175e-05,4.645446020862381e-05,2.7769494898601294e-07,2.3422093187987683,,5,2024
72,True,Replace + Select,1.535795888568657,2.206391179981523e-05,4.447830607238802e-05,2.6588191704922973e-07,2.349567168871314,,5,2024
73,True,Replace + Select,1.5360930973918614,2.2347350431414065e-05,4.482628521762482e-05,2.679620628640936e-07,2.155217605291613,,5,2024
74,True,Replace + Select,1.5357505908223863,2.1655784880872062e-05,4.345553693695102e-05,2.5976801923157904e-07,2.3536573146976276,,5,2024
75,True,Replace + Select,1.5358498305296402,2.2210127185757263e-05,4.4817045364638574e-05,2.679068289749874e-07,2.32240737939508,,5,2024
76,True,Replace + Select,1.5359556505331007,2.2451883918450626e-05,4.4862711048701586e-05,2.681798087868147e-07,2.2245658005801623,,5,2024
77,True,Replace + Select,1.5361479253310022,2.2021067454144434e-05,4.402244663709779e-05,2.631568856516157e-07,2.373385680075695,,5,2024
78,True,Replace + Select,1.535886347135829,2.248791127934404e-05,4.539162585855998e-05,2.713415497796485e-07,2.2854187077331085,,5,2024
79,True,Replace + Select,1.5358543801231406,2.412995224963533e-05,4.781715563228281e-05,2.858408543405694e-07,2.261005364800234,,5,2024
80,True,Replace + Select,1.5357281261213644,2.3690338593581123e-05,4.740718359374214e-05,2.83390128106383e-07,2.1620121754182158,,5,2024
81,True,Replace + Select,1.5358531156756283,2.2566355575084303e-05,4.552948750196564e-05,2.721656575587667e-07,2.2339467689359114,,5,2024
82,True,Replace + Select,1.5359983439676363,2.2423618890047533e-05,4.495148889389655e-05,2.6871050398985414e-07,2.2329968609388997,,5,2024
83,True,Replace + Select,1.5360638766935286,2.348730134392853e-05,4.687063949939236e-05,2.801827808626505e-07,2.2405579029783182,,5,2024
84,True,Replace + Select,1.5359677278032582,2.1650022857925074e-05,4.336316027264512e-05,2.592158110481943e-07,2.252783327404963,,5,2024
85,True,Replace + Select,1.5359056636785633,2.215303253680309e-05,4.445896639681126e-05,2.657663085544033e-07,2.300044602548369,,5,2024
86,True,Replace + Select,1.5358827580514787,2.186164618785473e-05,4.423831860188199e-05,2.6444732265118563e-07,2.21621885887935,,5,2024
87,True,Replace + Select,1.5362302784093027,2.3686748414354043e-05,4.698024749440212e-05,2.8083799430062835e-07,2.315821793627983,,5,2024
88,True,Replace + Select,1.536688422177795,2.2428855946729364e-05,4.487613704433542e-05,2.6826006655228827e-07,2.259483478687957,,5,2024
89,True,Replace + Select,1.536792592117839,2.135585506306289e-05,4.292159092725754e-05,2.5657620278904097e-07,2.2801014085784557,,5,2024
90,True,Replace + Select,1.5366763566408193,2.1570483202093675e-05,4.287608583743374e-05,2.5630418297564793e-07,2.228131995598851,,5,2024
91,True,Replace + Select,1.5367343805561493,2.2322593523757832e-05,4.4935684428094985e-05,2.686160282322023e-07,2.2832104846247434,,5,2024
92,True,Replace + Select,1.5364396291104032,2.1781332062186193e-05,4.339942969236866e-05,2.594326219768898e-07,2.2600233991129377,,5,2024
93,True,Replace + Select,1.53660529692461,2.222324851234252e-05,4.465648919318053e-05,2.6694705810170204e-07,2.2348398382454397,,5,2024
94,True,Replace + Select,1.5366090809082167,2.1202121490104436e-05,4.316028212961767e-05,2.580030483699633e-07,2.3666849830827443,,5,2024
95,True,Replace + Select,1.5365071186634784,2.170704691073896e-05,4.347858275851323e-05,2.5990578228413244e-07,2.3528452499661996,,5,2024
96,True,Replace + Select,1.5367152718942318,2.2757119541927266e-05,4.568854511871214e-05,2.7311647038857664e-07,2.348382644966498,,5,2024
97,True,Replace + Select,1.5367309696698304,2.2174468528165773e-05,4.473082253349473e-05,2.673914071061638e-07,2.2466240571760987,,5,2024
98,True,Replace + Select,1.53669990531156,2.203237289196395e-05,4.385577736165242e-05,2.6216057193417106e-07,2.330054333494084,,5,2024
99,True,Replace + Select,1.536571874712073,2.188228648540737e-05,4.3306807363980326e-05,2.588789452655201e-07,2.2789437180716225,,5,2024
100,True,Replace + Select,1.5365527355340705,2.2166758561709663e-05,4.4512510224236975e-05,2.6608638224288715e-07,2.286590945834387,,5,2024
101,True,Replace + Select,1.5360780743254376,2.244506409368408e-05,4.473305816576226e-05,2.6740477124355116e-07,2.232202502573221,,5,2024
102,True,Replace + Select,1.5354985620002493,2.3489871241195296e-05,4.7219654636342506e-05,2.8226911961710933e-07,2.323474795011065,,5,2024
103,True,Replace + Select,1.535755222222918,2.3766568730131792e-05,4.7985103544530476e-05,2.8684481147868863e-07,2.2610384075480647,,5,2024
104,True,Replace + Select,1.5359886526439719,2.339878363449647e-05,4.7001842973947305e-05,2.809670875150085e-07,2.3004948736803534,,5,2024
105,True,Replace + Select,1.5356709528019497,2.2708713376725158e-05,4.575026365043595e-05,2.7348541073233624e-07,2.2710023476728205,,5,2024
106,True,Replace + Select,1.536241822647128,2.310496048055692e-05,4.634101686229593e-05,2.7701680862812595e-07,2.318644814352335,,5,2024
107,True,Replace + Select,1.5364771559027843,2.3126811600031818e-05,4.6259480112475416e-05,2.765293991634543e-07,2.4581393881421763,,5,2024
108,True,Replace + Select,1.5360571231654012,2.3125175150427944e-05,4.598331866861545e-05,2.7487856439494787e-07,2.28759156841575,,5,2024
109,True,Replace + Select,1.536115477277592,2.1824934237807988e-05,4.340377943513195e-05,2.59458623820186e-07,2.253344390158778,,5,2024
110,True,Replace + Select,1.5358323584460358,2.1434231180921223e-05,4.309295218503844e-05,2.5760056418564184e-07,2.2663206406961782,,5,2024
111,True,Replace + Select,1.5361216268284719,2.1915566016864705e-05,4.318941667837845e-05,2.5817720854738264e-07,2.204002172952914,,5,2024
112,True,Replace + Select,1.5360496636774459,2.1591850911702933e-05,4.31829344030215e-05,2.5813845887476827e-07,2.1736913463983356,,5,2024
113,True,Replace + Select,1.5363184028262122,2.1687279758247693e-05,4.275913744739575e-05,2.556050902069504e-07,2.259389476523709,,5,2024
114,True,Replace + Select,1.5361497800165915,2.2580649165134683e-05,4.516422166744908e-05,2.6998217556743837e-07,2.2145640043403985,,5,2024
115,True,Replace + Select,1.536882782238002,2.2361885528763877e-05,4.473956599350692e-05,2.674436736629409e-07,2.311197140357928,,5,2024
116,True,Replace + Select,1.5370407382553701,2.1565579040500255e-05,4.3099084223149866e-05,2.576372202139949e-07,2.34013255409469,,5,2024
117,True,Replace + Select,1.5372361766551952,2.160795160855405e-05,4.352651975155193e-05,2.601923395011712e-07,2.271927893627965,,5,2024
118,True,Replace + Select,1.5368274415059198,2.2061093746701348e-05,4.399242808669134e-05,2.6297744109911596e-07,2.238320723214148,,5,2024
119,True,Replace + Select,1.5363246163850768,2.24800317774223e-05,4.4867738049727374e-05,2.68209859136924e-07,2.281998744086739,,5,2024
120,True,Replace + Select,1.5359324009627175,2.0888752535817583e-05,4.156180154709878e-05,2.484476691485874e-07,2.341098240701082,,5,2024
121,True,Replace + Select,1.536240680721029,2.155348814614797e-05,4.3525729118918264e-05,2.6018761326631915e-07,2.275569772031214,,5,2024
122,True,Replace + Select,1.5364056541254187,2.2133031913025085e-05,4.439602913475311e-05,2.653900828981785e-07,2.2309326676012224,,5,2024
123,True,Replace + Select,1.536217962055376,2.208142460297917e-05,4.3703475031743614e-05,2.612501407819299e-07,2.275677001094368,,5,2024
124,True,Replace + Select,1.5357955942551567,2.2320981437189744e-05,4.407533511160235e-05,2.6347304177878913e-07,2.275146939007558,,5,2024
125,True,Replace + Select,1.5359035711880185,2.3036099608770946e-05,4.544735591649243e-05,2.7167469229223047e-07,2.2557475330249606,,5,2024
126,True,Replace + Select,1.5355196529134925,2.245916398454426e-05,4.4634552201056684e-05,2.668159233972758e-07,2.211489439212622,,5,2024
127,True,Replace + Select,1.5356433403671377,2.2848099461934676e-05,4.623390706137269e-05,2.7637652886661963e-07,2.278273602844073,,5,2024
128,True,Replace + Select,1.5352504592695468,2.2317623294940722e-05,4.437167752525785e-05,2.6524451412122696e-07,2.2269189469492248,,5,2024
129,True,Replace + Select,1.535522185386189,2.2222117626849408e-05,4.407162623195199e-05,2.634508708797909e-07,2.3134630057895675,,5,2024
130,True,Replace + Select,1.5359658638381914,2.2501574256525118e-05,4.4639289877229e-05,2.668442442245349e-07,2.2725125150975654,,5,2024
131,True,Replace + Select,1.535590707616942,2.1907691677557175e-05,4.410865980591362e-05,2.636722497610837e-07,2.205286787217478,,5,2024
132,True,Replace + Select,1.5360830832129373,2.2171660434640974e-05,4.424326312408229e-05,2.64476879960301e-07,2.244124069757956,,5,2024
133,True,Replace + Select,1.5362878354441343,2.2773381799042584e-05,4.543777304309688e-05,2.7161740789958516e-07,2.363877150113944,,5,2024
134,True,Replace + Select,1.5361066926053257,2.153382299771275e-05,4.31523553200686e-05,2.5795566357712606e-07,2.252345650617918,,5,2024
135,True,Replace + Select,1.5358048600775605,2.2836244933888157e-05,4.6345505371618906e-05,2.770436399885996e-07,2.2235440753315636,,5,2024
136,True,Replace + Select,1.5357280304013634,2.358602066781745e-05,4.733476085507674e-05,2.8295720027493694e-07,2.2577781545274966,,5,2024
137,True,Replace + Select,1.5360175080935716,2.3081645710540143e-05,4.6606164305466186e-05,2.7860180402736785e-07,2.2423540572142233,,5,2024
138,True,Replace + Select,1.536074032783463,2.390105657360397e-05,4.795290648084361e-05,2.8665234423403935e-07,2.3490215855092416,,5,2024
139,True,Replace + Select,1.5359279901627132,2.3220579818565547e-05,4.63847226888165e-05,2.7727807282561127e-07,2.27467171408865,,5,2024
140,True,Replace + Select,1.5356796962564045,2.3164557763153647e-05,4.625896366192946e-05,2.7652631193119786e-07,2.245008757463319,,5,2024
141,True,Replace + Select,1.5356468574936695,2.235532793382432e-05,4.435494461040387e-05,2.6514448829128736e-07,2.239958169103191,,5,2024
142,True,Replace + Select,1.5352992904608438,2.1316977278891198e-05,4.2273967544158846e-05,2.52704847024189e-07,2.367140110189407,,5,2024
143,True,Replace + Select,1.5358998438406035,2.1026737384536913e-05,4.213324751909287e-05,2.518636524433778e-07,2.2991870230077462,,5,2024
144,True,Replace + Select,1.535990084849512,2.1177773794607705e-05,4.245772736526424e-05,2.5380332441297737e-07,2.1298677057849122,,5,2024
145,True,Replace + Select,1.5362149973993826,2.242619713022896e-05,4.538777976155463e-05,2.713185586242912e-07,2.247331655695155,,5,2024
146,True,Replace + Select,1.5363419466675892,2.2748847930808202e-05,4.557461250520171e-05,2.724354052948368e-07,2.2611520115232664,,5,2024
147,True,Replace + Select,1.5364118135232447,2.2604666576090063e-05,4.5770535215376945e-05,2.7360658986490766e-07,2.258342588997899,,5,2024
148,True,Replace + Select,1.5365939551555572,2.3158351024176188e-05,4.604241574637064e-05,2.752318342407011e-07,2.212937455379162,,5,2024
149,True,Replace + Select,1.5364998150558178,2.3308271510445238e-05,4.6188062242541456e-05,2.761024782249926e-07,2.3468636939778165,,5,2024
150,True,Replace + Select,1.5360977676925986,2.361456274478644e-05,4.6960392141288704e-05,2.8071930319443165e-07,2.2534300877061995,,5,2024
151,True,Replace + Select,1.5359126908355272,2.46274994222981e-05,4.876397701065238e-05,2.9150075251147514e-07,2.214444687268183,,5,2024
152,True,Replace + Select,1.5360671343949859,2.3910637389446117e-05,4.8277223985088505e-05,2.885910457578994e-07,2.2261619969157245,,5,2024
153,True,Replace + Select,1.5357519526172365,2.2959454334860754e-05,4.569423060130007e-05,2.731504570023512e-07,2.302236007768972,,5,2024
154,True,Replace + Select,1.5355752030529317,2.178588649991311e-05,4.324958019380624e-05,2.585368533322431e-07,2.209233419676482,,5,2024
155,True,Replace + Select,1.535739423931071,2.0962604226475945e-05,4.1635669501485816e-05,2.488892361742958e-07,2.296700053255867,,5,2024
156,True,Replace + Select,1.5358392426741232,2.1018823951374293e-05,4.246408113549583e-05,2.538413059091008e-07,2.241812899167173,,5,2024
157,True,Replace + Select,1.5365115828112708,2.230075525014806e-05,4.4575565432825086e-05,2.664633129585502e-07,2.3226379983580876,,5,2024
158,True,Replace + Select,1.536556837315269,2.233346764476382e-05,4.452599424734955e-05,2.661669868843695e-07,2.285438933861399,,5,2024
159,True,Replace + Select,1.5364268378735026,2.2442258914214785e-05,4.489229070809265e-05,2.683566297415462e-07,2.377230253767653,,5,2024
160,True,Replace + Select,1.5367248173141674,2.2756731726353893e-05,4.545341689943237e-05,2.7171092356777974e-07,2.3062354318489575,,5,2024
161,True,Replace + Select,1.5364237565582486,2.1605887516397513e-05,4.350307773550328e-05,2.6005220808167946e-07,2.263658137239246,,5,2024
162,True,Replace + Select,1.5360962553144555,2.1828046959973323e-05,4.353742678861663e-05,2.60257539464483e-07,2.205779822226019,,5,2024
163,True,Replace + Select,1.5366995938524342,2.0945715822785768e-05,4.215533969827223e-05,2.5199571482323645e-07,2.2165942678607697,,5,2024
164,True,Replace + Select,1.5363864830692897,2.152166076596914e-05,4.324972436427777e-05,2.5853771515286394e-07,2.2709846695969,,5,2024
165,True,Replace + Select,1.536486740595128,2.1440626797995164e-05,4.2724383787498377e-05,2.553973401702707e-07,2.2985614923270634,,5,2024
166,True,Replace + Select,1.5366554184723453,2.245581890405604e-05,4.517248825257343e-05,2.7003159146688233e-07,2.2502371105499837,,5,2024
167,True,Replace + Select,1.5367648817888497,2.2204207423212534e-05,4.3805316113803555e-05,2.618589252551605e-07,2.368639934277002,,5,2024
168,True,Replace + Select,1.5363409206760819,2.121370546560755e-05,4.2331320412579497e-05,2.530476903550285e-07,2.3077604160255203,,5,2024
169,True,Replace + Select,1.536569479001084,2.1456799945316957e-05,4.278375815214396e-05,2.55752267578474e-07,2.3370086421402263,,5,2024
170,True,Replace + Select,1.5362287042658345,2.179121433545195e-05,4.295926292448903e-05,2.5680139802976533e-07,2.307399581835427,,5,2024
171,True,Replace + Select,1.5364190632036598,2.1411680832489367e-05,4.296255570397945e-05,2.5682108156991426e-07,2.393397991877099,,5,2024
172,True,Replace + Select,1.5363781032140453,2.0628943997816493e-05,4.0898612663364086e-05,2.4448326610935875e-07,2.2033061987863514,,5,2024
173,True,Replace + Select,1.5358223714296397,2.0809946490038628e-05,4.1814246476040264e-05,2.499567316013499e-07,2.184450358851233,,5,2024
174,True,Replace + Select,1.5364631741435735,2.1253340524832197e-05,4.2543064805892934e-05,2.543134536043523e-07,2.1620708435945684,,5,2024
175,True,Replace + Select,1.5364988570647278,2.182276921278516e-05,4.3929829901198895e-05,2.626032423709664e-07,2.4166579257317506,,5,2024
176,True,Replace + Select,1.5360741414503754,2.2950808425230264e-05,4.596574264268208e-05,2.7477349862509443e-07,2.1968812937030533,,5,2024
177,True,Replace + Select,1.535918100192457,2.2497624214387775e-05,4.5215829187858316e-05,2.7029067442164906e-07,2.264135244795666,,5,2024
178,True,Replace + Select,1.5362163765729477,2.2545967422561326e-05,4.538823822980714e-05,2.71321299250647e-07,2.2506765483931104,,5,2024
179,True,Replace + Select,1.5365879996433471,2.3059541387574837e-05,4.634232170036116e-05,2.7702460867441495e-07,2.2627641507846366,,5,2024
180,True,Replace + Select,1.5363441683006778,2.1646390493425893e-05,4.306875002629442e-05,2.574558887937077e-07,2.1770298213342008,,5,2024
181,True,Replace + Select,1.5359827591370188,2.2780381610404276e-05,4.627835793410606e-05,2.766422467929639e-07,2.2306642194057265,,5,2024
182,True,Replace + Select,1.5358043629871205,2.2365960907753767e-05,4.446802554146226e-05,2.6582046220725855e-07,2.293042326570417,,5,2024
183,True,Replace + Select,1.5357615302420973,2.3387171543687328e-05,4.667998906755652e-05,2.790431128586515e-07,2.2828893141194966,,5,2024
184,True,Replace + Select,1.535624523842516,2.35101870074617e-05,4.7266906350649336e-05,2.8255158038266356e-07,2.2228642086886357,,5,2024
185,True,Replace + Select,1.5362236355729542,2.3297267251927142e-05,4.6693986744259525e-05,2.7912678801278107e-07,2.3979070125455717,,5,2024
186,True,Replace + Select,1.5362489966494957,2.3247861545846088e-05,4.7208785474566844e-05,2.822041460642738e-07,2.303707908362251,,5,2024
187,True,Replace + Select,1.5360177837973432,2.3563896283868915e-05,4.762479636213102e-05,2.846909712621331e-07,2.2848557287767384,,5,2024
188,True,Replace + Select,1.536010808167153,2.339050105563489e-05,4.734234855584273e-05,2.830025579471103e-07,2.3302623985616875,,5,2024
189,True,Replace + Select,1.5358580782869145,2.3415079566565798e-05,4.713422897485721e-05,2.817584630600915e-07,2.2906313759007517,,5,2024
190,True,Replace + Select,1.535861181646361,2.2662576772101028e-05,4.54150109547149e-05,2.714813409440407e-07,2.1987172794030343,,5,2024
191,True,Replace + Select,1.5359579120286364,2.279271791223695e-05,4.560629639245694e-05,2.726248048791933e-07,2.2207459347275944,,5,2024
192,True,Replace + Select,1.535919455144909,2.2685016896773616e-05,4.541028051141836e-05,2.714530633533849e-07,2.3322369985474536,,5,2024
193,True,Replace + Select,1.5360443583887269,2.3453829752549907e-05,4.739236823544475e-05,2.833015650244286e-07,2.221460410959339,,5,2024
194,True,Replace + Select,1.535883245393264,2.169631329894338e-05,4.310967996635352e-05,2.5770055932837043e-07,2.2483300478391826,,5,2024
195,True,Replace + Select,1.536521319951708,2.2703190185410958e-05,4.6362939109754256e-05,2.771478551920567e-07,2.2790059699769136,,5,2024
196,True,Replace + Select,1.5366833250158343,2.2996956600482015e-05,4.5985559746096114e-05,2.7489196108266895e-07,2.203324716268712,,5,2024
197,True,Replace + Select,1.5364805283348488,2.310215367616947e-05,4.645999814081443e-05,2.777280535746844e-07,2.282763609767328,,5,2024
198,True,Replace + Select,1.53686665302682,2.1702616124099026e-05,4.398404041592456e-05,2.629273013752825e-07,2.3070806334999165,,5,2024
199,True,Replace + Select,1.5367053236470305,2.4006773473810388e-05,4.7506092274838685e-05,2.839813833061642e-07,2.193718016153977,,5,2024
200,True,Replace + Select,1.5365337799057452,2.3625020232880748e-05,4.671931903073127e-05,2.7927821906951657e-07,2.3127277621673277,,5,2024
0,False,Accumulate,0.0,84.91887308956481,167.7579606479469,1.0028216475859735,0.07331041168248123,,5,2024
1,False,Accumulate,0.2980838505159839,85.16877275722038,168.38882036948115,1.0065927937235464,0.1984929589801825,100.0,5,2024
2,False,Accumulate,1.0835713390062938,81.84967833075974,162.83631844988696,0.9734011102903115,0.3088739705608812,200.0,5,2024
3,False,Accumulate,1.3016118573284354,80.63339639570285,160.47593954107145,0.9592912638357939,0.3292653280411322,300.0,5,2024
4,False,Accumulate,1.3372980946588975,82.42440348255482,164.78760409586764,0.9850654836461589,0.3541558923891621,400.0,5,2024
5,False,Accumulate,1.3954228502106039,80.31271946930457,157.33990245842696,0.9405446966865422,0.36448403894715453,500.0,5,2024
6,False,Accumulate,1.4726072704478346,80.94843760328732,161.1640839513532,0.963404845740524,0.40158758600809014,600.0,5,2024
7,False,Accumulate,1.5596666107128623,80.05847292210433,159.9235588238751,0.9559892486063882,0.35634819667053547,700.0,5,2024
8,False,Accumulate,1.6710281760046883,80.47688517402084,158.04309897408038,0.9447482568972206,0.3489274899651125,800.0,5,2024
9,False,Accumulate,1.8503484510141588,80.65096710956095,162.9071370075105,0.9738244486663945,0.37818888814180396,900.0,5,2024
10,False,Accumulate,1.7753004878290903,80.3436852023861,162.28019923822123,0.9700767471307761,0.4362832201165682,1000.0,5,2024
11,False,Accumulate,1.7334806959499025,79.84098751762755,160.96110420713563,0.9621914757118432,0.3887156775083398,1100.0,5,2024
12,False,Accumulate,1.8852639072549935,79.70480512050511,158.74699291899373,0.9489559861926735,0.3811229263785504,1200.0,5,2024
13,False,Accumulate,1.7819211805747586,79.43454650867602,157.94598896644675,0.9441677537874062,0.405805596769496,1300.0,5,2024
14,False,Accumulate,1.673322742583538,79.66667317948672,158.7561010752637,0.9490104328266326,0.38101616137054406,1400.0,5,2024
15,False,Accumulate,1.758617180078393,79.69088303856519,159.45260457748017,0.9531739836169758,0.35906904909226545,1500.0,5,2024
16,False,Accumulate,1.7892164559571668,80.01358947181896,162.47035377756305,0.9712134507942098,0.4077532678560901,1600.0,5,2024
17,False,Accumulate,1.8440278541052522,80.6651169052385,161.806746612523,0.9672465473577054,0.3928345112821486,1700.0,5,2024
18,False,Accumulate,1.9285965009762547,80.49873365092573,160.9380385456684,0.962053594060529,0.4079385347264145,1800.0,5,2024
19,False,Accumulate,1.9820581959358836,80.0670786606573,161.49752688494948,0.9653980971531747,0.42158349031965525,1900.0,5,2024
20,False,Accumulate,2.0342942594526248,80.01542552263568,159.9864798269857,0.9563653770700593,0.40819878466875215,2000.0,5,2024
21,False,Accumulate,1.9559963849327333,80.3018940803981,158.9208773385522,0.9499954305173283,0.39058156424951274,2100.0,5,2024
22,False,Accumulate,1.9253753291184545,80.10953609945133,160.71464887136773,0.9607182177816886,0.359837078303424,2200.0,5,2024
23,False,Accumulate,1.8872783954240717,80.03642436280181,156.60964028393087,0.9361793436852934,0.40469981721894555,2300.0,5,2024
24,False,Accumulate,1.8892503327850527,80.21069784344047,160.47996535616016,0.9593153293078855,0.3840813943968281,2400.0,5,2024
25,False,Accumulate,1.947843431474217,80.74843075457079,162.20774444851583,0.969643627704984,0.33305073712211525,2500.0,5,2024
26,False,Accumulate,1.953450776461465,80.50287821806616,160.26811455612471,0.9580489299816575,0.3928385699774824,2600.0,5,2024
27,False,Accumulate,1.9500030166929465,80.3557099289325,160.15834862486676,0.9573927724341542,0.37744969686274926,2700.0,5,2024
28,False,Accumulate,1.915342495855011,80.31656319176803,162.53455010835344,0.9715972028973205,0.38900660062181913,2800.0,5,2024
29,False,Accumulate,2.018229895585462,80.65099932662828,159.87189932482798,0.9556804390348613,0.39690308210079583,2900.0,5,2024
30,False,Accumulate,1.9945795989591633,80.03545827273675,158.26696349479977,0.9460864717076343,0.4725184952828583,3000.0,5,2024
31,False,Accumulate,2.0315232660731937,79.94396359585376,160.21018384827397,0.9577026324487814,0.34506852485546513,3100.0,5,2024
32,False,Accumulate,2.0134134876344665,79.85255205532576,158.75593236404683,0.9490094243066207,0.3690815260360445,3200.0,5,2024
33,False,Accumulate,2.0046982413426324,79.66459565203309,158.99595169563145,0.9504442091634615,0.4300808735321835,3300.0,5,2024
34,False,Accumulate,1.9956209608446824,79.62778932756025,159.18919409063008,0.95159937137566,0.38349666565386115,3400.0,5,2024
35,False,Accumulate,2.0714326842289283,79.53404876985881,159.58463407726182,0.9539632280736299,0.4465624195179749,3500.0,5,2024
36,False,Accumulate,2.0936170712883464,79.38522848017828,160.37891079478916,0.9587112464891703,0.41017076927137286,3600.0,5,2024
37,False,Accumulate,2.116722954491401,79.53981810609244,158.04725754629288,0.9447731159633517,0.3996271365049569,3700.0,5,2024
38,False,Accumulate,2.1321994662417416,79.88580102109066,161.63617763872168,0.9662269220673536,0.4365731164774773,3800.0,5,2024
39,False,Accumulate,2.152903538226539,79.87324271957053,159.8931622542771,0.9558075443350229,0.4403136829324162,3900.0,5,2024
40,False,Accumulate,2.173278136399592,79.82887456716945,160.23853574222494,0.9578721140810943,0.3799469868171916,4000.0,5,2024
41,False,Accumulate,2.167608401999976,79.59609465189108,162.78617757368556,0.9731013787253265,0.48049280790719257,4100.0,5,2024
42,False,Accumulate,2.1356377151836856,79.5488287834055,158.4299108525871,0.9470605365876252,0.42624127092857633,4200.0,5,2024
43,False,Accumulate,2.103688762211589,79.6716928708413,159.61551916658928,0.9541478526127312,0.38559934845180194,4300.0,5,2024
44,False,Accumulate,2.1566082814931447,79.777661788655,160.07237135898436,0.9568788185025845,0.4022805127041077,4400.0,5,2024
45,False,Accumulate,2.1819828588587478,79.72415212788496,158.43549881569825,0.9470939402505699,0.3590690641738509,4500.0,5,2024
46,False,Accumulate,2.1951219284813925,79.72294444774086,157.68959495594115,0.9426350845593511,0.37038571498829387,4600.0,5,2024
47,False,Accumulate,2.209822807836137,79.745612847831,162.56037536047938,0.971751580798591,0.44633517644438025,4700.0,5,2024
48,False,Accumulate,2.184817228420881,79.82868779886795,161.3964121851293,0.9647936548395152,0.41429898865550946,4800.0,5,2024
49,False,Accumulate,2.1968960146122005,79.86768991742937,159.12591980822387,0.9512211310829947,0.3787116178825,4900.0,5,2024
50,False,Accumulate,2.1638468333197367,79.7600216508723,160.75115934055657,0.9609364696531627,0.42919463366268984,5000.0,5,2024
51,False,Accumulate,2.19419437849221,79.6551353497467,160.80420162685584,0.9612535452347502,0.37623214378979475,5100.0,5,2024
52,False,Accumulate,2.193696369262366,79.63309732956462,158.77627950310864,0.9491310552053204,0.417272269709657,5200.0,5,2024
53,False,Accumulate,2.181181865428938,79.74655185308711,160.12550530453223,0.9571964420037957,0.47483082855410974,5300.0,5,2024
54,False,Accumulate,2.164884715904401,79.63859428915558,159.26524143823815,0.952053966353617,0.45401164817069584,5400.0,5,2024
55,False,Accumulate,2.1493246976056763,79.48030738233618,159.3814529762441,0.9527486543765371,0.3958254862046109,5500.0,5,2024
56,False,Accumulate,2.160056717701652,79.4854812591023,159.15716093567167,0.9514078839427614,0.4133673203282586,5600.0,5,2024
57,False,Accumulate,2.1585434387229645,79.56560772232946,159.38272643551988,0.9527562668470521,0.4281770162175158,5700.0,5,2024
58,False,Accumulate,2.1480974423877304,79.37101850575638,161.44730890696175,0.9650979046899999,0.384418372437394,5800.0,5,2024
59,False,Accumulate,2.1582994346915756,79.44917000201488,159.45820713154887,0.9532074745015822,0.45728720802465733,5900.0,5,2024
60,False,Accumulate,2.1596960384622763,79.54353138942201,156.52852644017068,0.9356944622637057,0.3656630714358311,6000.0,5,2024
61,False,Accumulate,2.1713087682276337,79.4901894641836,159.770668465877,0.9550753023464582,0.4243164252616124,6100.0,5,2024
62,False,Accumulate,2.1630931881563256,79.53751861743307,159.26323613094732,0.9520419790502811,0.4171180098547447,6200.0,5,2024
63,False,Accumulate,2.1422976226541177,79.50011364974358,157.75590214876314,0.9430314549497381,0.3561445928363788,6300.0,5,2024
64,False,Accumulate,2.145107265708685,79.5806417678854,157.4222135459671,0.9410367349785123,0.3675931348948366,6400.0,5,2024
65,False,Accumulate,2.1372370264692027,79.55358037590436,157.13519274014044,0.9393209852383578,0.4224308507959471,6500.0,5,2024
66,False,Accumulate,2.1366506027245684,79.52168733746336,158.52055086309133,0.9476023634214755,0.40964066720590764,6600.0,5,2024
67,False,Accumulate,2.150161118484894,79.54300814032237,156.8018104385854,0.9373280962712403,0.37382290867778006,6700.0,5,2024
68,False,Accumulate,2.1601765547637886,79.51393222849302,160.04439962599213,0.9567116093921687,0.467941796420721,6800.0,5,2024
69,False,Accumulate,2.1991981217862224,79.43794031049767,158.30437688395054,0.9463101210438866,0.3879994157782436,6900.0,5,2024
70,False,Accumulate,2.2195783878282254,79.33211116928194,158.75589447558443,0.9490091978173969,0.41078878948203684,7000.0,5,2024
71,False,Accumulate,2.2376533663985727,79.2269051259006,160.50662213101663,0.9594746778763686,0.421813941438336,7100.0,5,2024
72,False,Accumulate,2.2309279260018124,79.2815252098885,159.89424702583398,0.9558140288702172,0.404702439369087,7200.0,5,2024
73,False,Accumulate,2.2311611450649678,79.28309133568357,158.5412886067533,0.9477263292719544,0.4344201312074164,7300.0,5,2024
74,False,Accumulate,2.2413612510998333,79.3268046708192,159.99630383001212,0.9564241028846961,0.39994698849559396,7400.0,5,2024
75,False,Accumulate,2.2165281562372963,79.45739830326275,160.26868562171302,0.9580523436910989,0.416968151775358,7500.0,5,2024
76,False,Accumulate,2.227654812268741,79.47264977385238,157.5045766207945,0.9415290840395024,0.4118379759051567,7600.0,5,2024
77,False,Accumulate,2.220675961224801,79.48704933596257,156.5628825518171,0.9358998358409287,0.41319591586829574,7700.0,5,2024
78,False,Accumulate,2.2012102095740342,79.54901109395914,159.32364985047542,0.9524031195023941,0.39834436252095307,7800.0,5,2024
79,False,Accumulate,2.21562453056689,79.47282834046592,157.83700641853878,0.9435162791400687,0.35320600525274365,7900.0,5,2024
80,False,Accumulate,2.2280032871824558,79.53938818353441,157.60440680425796,0.9421258477857531,0.449971268112927,8000.0,5,2024
81,False,Accumulate,2.2277897323736813,79.5470332519315,158.36889328774242,0.9466957864757802,0.3500223725410957,8100.0,5,2024
82,False,Accumulate,2.2392622964269435,79.57934928397724,160.43074063337113,0.9590210743144498,0.45420655071888894,8200.0,5,2024
83,False,Accumulate,2.247607707374526,79.51867705874761,159.50119222690552,0.9534644303204339,0.40164495805438516,8300.0,5,2024
84,False,Accumulate,2.2565843525920037,79.63747088835413,159.07001452512267,0.9508869411113727,0.4289305366646732,8400.0,5,2024
85,False,Accumulate,2.2300050499060453,79.677380658608,159.44507971791302,0.953129001596213,0.37075066011967417,8500.0,5,2024
86,False,Accumulate,2.214199248794815,79.62419944661929,158.25264986390624,0.9460009078461034,0.4393535188351612,8600.0,5,2024
87,False,Accumulate,2.208100340578663,79.56273431655995,158.5890360830146,0.9480117535977359,0.4426651131116677,8700.0,5,2024
88,False,Accumulate,2.200609843645396,79.58460039898188,160.1053125262601,0.957075733841286,0.3763431978681316,8800.0,5,2024
89,False,Accumulate,2.1822848874930365,79.6196082777698,159.54682066087972,0.9537371874591,0.3756516125047694,8900.0,5,2024
90,False,Accumulate,2.1852676008669767,79.56323860696048,157.3708441255406,0.9407296594356964,0.41959982208304775,9000.0,5,2024
91,False,Accumulate,2.19189845010648,79.54496117136304,159.24971108857966,0.9519611292043577,0.3826861732368207,9100.0,5,2024
92,False,Accumulate,2.185281946994024,79.63205746245524,161.3711784511207,0.9646428129085838,0.43356059340918046,9200.0,5,2024
93,False,Accumulate,2.1889717592525915,79.71013698618879,160.30901275346045,0.958293410765026,0.4034679839654568,9300.0,5,2024
94,False,Accumulate,2.1836942538968867,79.67715948571225,157.94248754047405,0.9441468230026657,0.406263011230952,9400.0,5,2024
95,False,Accumulate,2.182365686060462,79.68067829948296,157.23115047610094,0.9398946003115434,0.42910501837324166,9500.0,5,2024
96,False,Accumulate,2.1896874315090216,79.65366586066476,162.41032625501734,0.9708546189460682,0.3402467459620203,9600.0,5,2024
97,False,Accumulate,2.194175226807462,79.64133408715979,158.97299591940973,0.9503069843829303,0.4665410985944318,9700.0,5,2024
98,False,Accumulate,2.1920047636732076,79.53736314748934,157.80210738961722,0.9433076601180737,0.3496686459840573,9800.0,5,2024
99,False,Accumulate,2.173405142347551,79.52624512693535,158.4026447016839,0.9468975452978737,0.39801491446214743,9900.0,5,2024
100,False,Accumulate,2.1670931519961516,79.5559041574527,158.39644048111768,0.9468604577780555,0.40705494076438653,10000.0,5,2024
101,False,Accumulate,2.1574669390525254,79.54500431979218,159.35395667801706,0.9525842873147056,0.40371006928072095,10100.0,5,2024
102,False,Accumulate,2.181293923117874,79.59889451516452,157.81776885172692,0.943401281029867,0.41179070695898917,10200.0,5,2024
103,False,Accumulate,2.183888079467443,79.64109719242151,158.83891609079456,0.9495054834936695,0.35948912991520365,10300.0,5,2024
104,False,Accumulate,2.1990230982915633,79.6188679150734,160.14244434597566,0.95729770001494,0.3979806152208,10400.0,5,2024
105,False,Accumulate,2.2093304274974184,79.56505696888976,160.12815222588662,0.957212264740454,0.3959649800938345,10500.0,5,2024
106,False,Accumulate,2.2213756109993796,79.59194668560264,159.48517741966663,0.9533686971861073,0.43622609251108546,10600.0,5,2024
107,False,Accumulate,2.1959198198697543,79.53547396188745,157.9131145991088,0.9439712377646206,0.4025926915668768,10700.0,5,2024
108,False,Accumulate,2.1893114553602118,79.58842492108194,160.43496747642516,0.9590463414892483,0.44784493053385727,10800.0,5,2024
109,False,Accumulate,2.1904146123250907,79.60802196167782,156.40588605572586,0.934961343954956,0.41464793609349815,10900.0,5,2024
110,False,Accumulate,2.2075508832820363,79.61987497374913,159.53925879894925,0.9536919842460265,0.3840789022740412,11000.0,5,2024
111,False,Accumulate,2.2151054002696746,79.62559345019937,161.4225582800547,0.9649499506712584,0.435253259476433,11100.0,5,2024
112,False,Accumulate,2.213860485708106,79.61807344913122,159.145969194569,0.9513409820788583,0.4028613569703461,11200.0,5,2024
113,False,Accumulate,2.207089204408392,79.60056885577973,156.6541331506949,0.9364453126430811,0.3908132969567002,11300.0,5,2024
114,False,Accumulate,2.2256228109928458,79.58807719302564,157.20853187250947,0.9397593910777634,0.4230022145155074,11400.0,5,2024
115,False,Accumulate,2.2478298739359706,79.54784536391251,156.73582877640706,0.9369336718342682,0.45169535273620864,11500.0,5,2024
116,False,Accumulate,2.2529194201244302,79.56468424920307,158.3155931484167,0.9463771695032757,0.43591452484149557,11600.0,5,2024
117,False,Accumulate,2.266308305605872,79.5313868365191,157.22884050824024,0.9398807918116845,0.3654602728105047,11700.0,5,2024
118,False,Accumulate,2.25043084428721,79.58795192435636,157.5972571855683,0.9420831088756813,0.4855826694576968,11800.0,5,2024
119,False,Accumulate,2.267451624959074,79.55763282494406,160.2599253672445,0.95799997674061,0.43925033340168523,11900.0,5,2024
120,False,Accumulate,2.2652145477258774,79.58995262187324,158.09083210467304,0.9450335954676258,0.40547603011404726,12000.0,5,2024
121,False,Accumulate,2.258618802872523,79.5783311976827,160.24816267973011,0.9579296618796778,0.42146757199396334,12100.0,5,2024
122,False,Accumulate,2.253757986744356,79.58762527645857,158.24014517311363,0.9459261574463323,0.452368542788245,12200.0,5,2024
123,False,Accumulate,2.2563936092559707,79.55296771014741,161.84721796575158,0.9674884765571781,0.4412115872780389,12300.0,5,2024
124,False,Accumulate,2.26047941013814,79.60953898711115,160.2426966959108,0.95789698738317,0.3997807519023319,12400.0,5,2024
125,False,Accumulate,2.266927806743295,79.62702753374089,159.74579028903293,0.95492658586114,0.44297448749520485,12500.0,5,2024
126,False,Accumulate,2.2771038412210207,79.66093325268139,159.66559700998408,0.9544472073809148,0.4257973948312581,12600.0,5,2024
127,False,Accumulate,2.2769513198951388,79.67945501220018,157.55278259158473,0.9418172491487148,0.41965152394206645,12700.0,5,2024
128,False,Accumulate,2.2763552150282176,79.69893241668892,158.78138183866804,0.9491615558893561,0.3942844392048126,12800.0,5,2024
129,False,Accumulate,2.285446441520551,79.69968868479182,162.41171537913442,0.9708629228365686,0.4541283346611614,12900.0,5,2024
130,False,Accumulate,2.2834742201332636,79.66041335167778,158.49550687415132,0.9474526557464779,0.38733556398813246,13000.0,5,2024
131,False,Accumulate,2.276410939522286,79.55250333879455,159.81251146956964,0.955325430982625,0.47866601020537547,13100.0,5,2024
132,False,Accumulate,2.2841575137907575,79.44219146339759,157.57529013639572,0.9419517944965676,0.43497567154463,13200.0,5,2024
133,False,Accumulate,2.294918520303985,79.43112580794542,157.69924276884078,0.9426927571466325,0.4101171900170923,13300.0,5,2024
134,False,Accumulate,2.2892259386811484,79.39976167688067,156.8205026331704,0.9374398342614872,0.36865049920289616,13400.0,5,2024
135,False,Accumulate,2.291974887343029,79.34719316958537,158.1038262844615,0.9451112719292026,0.43826826458141793,13500.0,5,2024
136,False,Accumulate,2.2987876308869932,79.32450446768989,157.70118396812114,0.9427043612258256,0.39062902167240715,13600.0,5,2024
137,False,Accumulate,2.3067944548285375,79.30592738538138,158.57862456144818,0.9479495157213884,0.4066243556434155,13700.0,5,2024
138,False,Accumulate,2.298469199602255,79.33406274209915,160.42705456264622,0.9589990397623892,0.4521226692993366,13800.0,5,2024
139,False,Accumulate,2.3041029865679805,79.2881061620848,158.33311623760326,0.9464819188284403,0.40835278711828654,13900.0,5,2024
140,False,Accumulate,2.302920924368672,79.2671421583178,158.92208254423727,0.9500026349822973,0.3856254522587164,14000.0,5,2024
141,False,Accumulate,2.303539365532801,79.22366982636069,157.46499596614018,0.9412924792479345,0.4506569725134579,14100.0,5,2024
142,False,Accumulate,2.31894149323595,79.23151190456231,159.37089622809626,0.952685548366367,0.3937906503513998,14200.0,5,2024
143,False,Accumulate,2.3215373048487242,79.24586463195591,158.94409177024423,0.9501342014856164,0.3958577767537633,14300.0,5,2024
144,False,Accumulate,2.326036996526112,79.2343000997273,159.25723506014828,0.9520061059168528,0.4295063555380825,14400.0,5,2024
145,False,Accumulate,2.335928816669842,79.23301413999788,157.0144317381965,0.938599101481153,0.4118160662282895,14500.0,5,2024
146,False,Accumulate,2.349952701566275,79.25475041483229,159.92529962961265,0.9559996547753181,0.43104837818945074,14600.0,5,2024
147,False,Accumulate,2.3591462894168176,79.26226913258074,160.01649614159308,0.9565448082574246,0.3755637374855908,14700.0,5,2024
148,False,Accumulate,2.349681111514082,79.27029232119081,158.57601723819988,0.9479339296938428,0.42961988971350157,14800.0,5,2024
149,False,Accumulate,2.3680765684559333,79.28448851212528,160.1941207986944,0.957606610931934,0.41476469608690303,14900.0,5,2024
150,False,Accumulate,2.3698872646767666,79.26036885711645,159.48334145768087,0.9533577221932286,0.4008427440116523,15000.0,5,2024
151,False,Accumulate,2.3568274733652688,79.21512150567634,156.38555864449287,0.9348398309850493,0.40978974000344165,15100.0,5,2024
152,False,Accumulate,2.3603317233091854,79.21461318519127,159.8890991109139,0.9557832557223924,0.470488773933482,15200.0,5,2024
153,False,Accumulate,2.3694612587938653,79.23058334236909,158.4698161164262,0.9472990818243215,0.39395436866070876,15300.0,5,2024
154,False,Accumulate,2.352524782541134,79.195090950553,156.25516796407686,0.9340603830443399,0.4364382066856729,15400.0,5,2024
155,False,Accumulate,2.3466931405567313,79.20773207776413,156.90129733663045,0.9379228079297834,0.43506649950969056,15500.0,5,2024
156,False,Accumulate,2.3387639658916717,79.20767926883498,159.3604027310211,0.9526228204577467,0.3797867362821522,15600.0,5,2024
157,False,Accumulate,2.32482213101606,79.20591679073307,160.5839767844374,0.9599370876522877,0.40555038751462213,15700.0,5,2024
158,False,Accumulate,2.3266876101737797,79.22957592060015,159.64684652293832,0.9543351209306525,0.44615176474488505,15800.0,5,2024
159,False,Accumulate,2.3352430720949684,79.28108909658188,159.97981225012742,0.9563255197042175,0.4140360440216829,15900.0,5,2024
160,False,Accumulate,2.3199202070468226,79.3329533013144,157.28813847442424,0.9402352625260247,0.4499150612969984,16000.0,5,2024
161,False,Accumulate,2.3220396237723526,79.3252257349092,158.76081609299115,0.9490386182064952,0.4369481141347326,16100.0,5,2024
162,False,Accumulate,2.3167429924087073,79.32566655246586,160.346319259611,0.9585164211772834,0.4261083120866802,16200.0,5,2024
163,False,Accumulate,2.3118702994193043,79.29216301594681,160.54130755913917,0.9596820200379133,0.3795092795902453,16300.0,5,2024
164,False,Accumulate,2.324910313048536,79.31203096446333,158.03011236038634,0.9446706256641577,0.435732259141833,16400.0,5,2024
165,False,Accumulate,2.3193059015467394,79.21359290215977,159.32886156497756,0.9524342740306418,0.4334995744745487,16500.0,5,2024
166,False,Accumulate,2.3184004660625175,79.20988932168572,160.0348850500888,0.9566547332675032,0.4552475932704093,16600.0,5,2024
167,False,Accumulate,2.326547946017704,79.23168464591478,158.72688400186092,0.9488357793343378,0.40700260309355485,16700.0,5,2024
168,False,Accumulate,2.321589594959918,79.30019080603338,160.37067016353487,0.9586619857364783,0.33689629505962176,16800.0,5,2024
169,False,Accumulate,2.3160049311949193,79.27587204459302,160.6626737977884,0.9604075217722777,0.4458198370987497,16900.0,5,2024
170,False,Accumulate,2.304004799456975,79.23669861948564,159.9142928114799,0.9559338583418616,0.4320822596660692,17000.0,5,2024
171,False,Accumulate,2.3095872027682383,79.2614397041569,157.3762660630096,0.9407620706324276,0.41340447959339394,17100.0,5,2024
172,False,Accumulate,2.3022022744876156,79.24656494891245,156.24150171893078,0.9339786891180382,0.4257604009095463,17200.0,5,2024
173,False,Accumulate,2.297013823879577,79.23859263146409,160.82139730133127,0.9613563373439424,0.4806697538996766,17300.0,5,2024
174,False,Accumulate,2.2945968719235728,79.20213553606547,160.9514404818778,0.9621337080038461,0.43165911148865266,17400.0,5,2024
175,False,Accumulate,2.2992961203854665,79.24384716599545,156.33746583595305,0.9345523423358629,0.4520468717781887,17500.0,5,2024
176,False,Accumulate,2.3010846079634892,79.22282400108719,158.66093784522945,0.948441567142024,0.4511169551218549,17600.0,5,2024
177,False,Accumulate,2.309261273752198,79.2524413299943,157.5564079890409,0.9418389210087929,0.40962219237057995,17700.0,5,2024
178,False,Accumulate,2.3030282677831053,79.25541544261496,158.0475370999241,0.9447747870758996,0.4364128912326981,17800.0,5,2024
179,False,Accumulate,2.2952101250463177,79.29273350746963,157.87524788729525,0.9437448785612608,0.4051400921735135,17900.0,5,2024
180,False,Accumulate,2.2912649928084523,79.29990776970358,157.34699166105457,0.9405870744421588,0.43248983700783095,18000.0,5,2024
181,False,Accumulate,2.27865337685644,79.335429862291,158.6224406058183,0.9482114387778933,0.4243374320889038,18100.0,5,2024
182,False,Accumulate,2.285087912172085,79.29182591300466,162.88564961283757,0.9736960015605463,0.3770523601779817,18200.0,5,2024
183,False,Accumulate,2.274139456791362,79.31776667357171,159.52367121974996,0.9535988049906629,0.45650450945754206,18300.0,5,2024
184,False,Accumulate,2.2828880290357767,79.34779302695257,160.05559910069064,0.956778557485874,0.411796397475242,18400.0,5,2024
185,False,Accumulate,2.2947976501940817,79.30515533162263,157.18669956565125,0.9396288821597389,0.4245288562735894,18500.0,5,2024
186,False,Accumulate,2.300309192322028,79.30457606929674,158.47356847621654,0.9473215126384109,0.3900968099504907,18600.0,5,2024
187,False,Accumulate,2.296723668501173,79.28822800244436,158.66874781390757,0.9484882534848189,0.4035509488159429,18700.0,5,2024
188,False,Accumulate,2.2832443797215776,79.30859962101586,158.08558498073032,0.9450022292692231,0.41857090429419597,18800.0,5,2024
189,False,Accumulate,2.2815336254571856,79.27545640324746,156.13324586522123,0.9333315584950946,0.39011115807228247,18900.0,5,2024
190,False,Accumulate,2.2795789406372053,79.26367971909433,159.56071383227936,0.9538202379026042,0.4791772362270861,19000.0,5,2024
191,False,Accumulate,2.2930496708276613,79.27234829144945,157.814688216836,0.9433828656453155,0.39816703557078426,19100.0,5,2024
192,False,Accumulate,2.2845407355209093,79.27009880620452,159.6084614110991,0.9541056628414585,0.3835752379273104,19200.0,5,2024
193,False,Accumulate,2.2867594898069457,79.23827146072382,156.24953890451619,0.9340267337155022,0.39071653345333623,19300.0,5,2024
194,False,Accumulate,2.263763039558061,79.26659057778127,156.9698880565846,0.9383328287629401,0.4062880953025739,19400.0,5,2024
195,False,Accumulate,2.265223908701053,79.2587581342642,161.00659362852176,0.9624634018626259,0.36132030015724437,19500.0,5,2024
196,False,Accumulate,2.2628927709718316,79.22559788840536,159.04991093157312,0.9507667660762931,0.4229152024348699,19600.0,5,2024
197,False,Accumulate,2.272275663773334,79.20403396179856,158.31463698265063,0.9463714537463292,0.3157659512391586,19700.0,5,2024
198,False,Accumulate,2.2838180029887476,79.20698010978145,157.21045752225112,0.9397709022050991,0.46479129204341624,19800.0,5,2024
199,False,Accumulate,2.287306100202973,79.19658726728356,157.56440648891146,0.9418867343512264,0.40168368853197367,19900.0,5,2024
200,False,Accumulate,2.281263550820153,79.21963164653191,156.98111920381984,0.9383999661883786,0.40922004972181514,20000.0,5,2024
0,True,Accumulate + Select,0.0,84.91887308956481,169.28553362043527,1.011953156094791,0.08164659401249569,,5,2024
1,True,Accumulate + Select,0.5491036228521217,32.806776176848444,66.1297344585413,0.3953095817807852,0.8835898647278191,100.0,5,2024
2,True,Accumulate + Select,0.7308888259301701,20.824656436963057,41.80170570305745,0.24988176550986876,1.124235169987483,200.0,5,2024
3,True,Accumulate + Select,0.8753756769156639,16.050356925232947,32.35214312806791,0.19339427678613325,1.3226381226245776,300.0,5,2024
4,True,Accumulate + Select,0.9808230452479304,13.198335762630856,26.637422885728196,0.15923288649036868,1.3698403377435404,400.0,5,2024
5,True,Accumulate + Select,1.062267589550163,11.319731905892647,22.89318607998996,0.13685062988698637,1.4638995519202165,500.0,5,2024
6,True,Accumulate + Select,1.1305510664426643,9.99957153951324,19.94037081661935,0.11919932406523451,1.4750956772971948,600.0,5,2024
7,True,Accumulate + Select,1.188951949551442,9.02495520705634,17.853457551940615,0.10672419745800268,1.5793184889884415,700.0,5,2024
8,True,Accumulate + Select,1.181941581246622,8.230462438517245,16.747828564260804,0.10011498094892342,1.589144340937184,800.0,5,2024
9,True,Accumulate + Select,1.1883366000360616,7.583751520212854,15.11445167382974,0.09035099897117171,1.6268201818944066,900.0,5,2024
10,True,Accumulate + Select,1.2036480262410842,7.05254698790389,14.161633117488861,0.08465525093733949,1.6080064107721992,1000.0,5,2024
11,True,Accumulate + Select,1.2226943497656333,6.608475956875568,13.196792492985105,0.07888763751985617,1.6953177824948298,1100.0,5,2024
12,True,Accumulate + Select,1.2549714479605678,6.218487808739686,12.247924180949914,0.0732155032119401,1.6133161795453992,1200.0,5,2024
13,True,Accumulate + Select,1.2613593987901273,5.887049814682019,11.93915618492652,0.0713697533631815,1.7212482584880484,1300.0,5,2024
14,True,Accumulate + Select,1.2708647949282366,5.592412463132055,11.200804610062404,0.06695604363552934,1.5924405037820537,1400.0,5,2024
15,True,Accumulate + Select,1.28676598520528,5.345982513936692,10.822221909809244,0.06469295623419792,1.6556945944392771,1500.0,5,2024
16,True,Accumulate + Select,1.2957948506023995,5.116220558352073,10.321346351056986,0.06169882796080066,1.6434184981932423,1600.0,5,2024
17,True,Accumulate + Select,1.3079014477110968,4.906630245948435,10.052444589732243,0.06009139004078235,1.7219901116137872,1700.0,5,2024
18,True,Accumulate + Select,1.3212929440862489,4.718029087566476,9.438844682688346,0.05642341942786055,1.721848266417901,1800.0,5,2024
19,True,Accumulate + Select,1.3286296680873608,4.542684119900883,9.068037787113727,0.05420681414415218,1.6594713410794166,1900.0,5,2024
20,True,Accumulate + Select,1.337043441197948,4.38819338871583,8.818712781117542,0.05271640193163023,1.7532410200987798,2000.0,5,2024
21,True,Accumulate + Select,1.3383673569947623,4.245393476481223,8.413331129008581,0.05029311605775055,1.7765522517591683,2100.0,5,2024
22,True,Accumulate + Select,1.3512948341389022,4.115646455461768,8.211647864419154,0.049087496110387645,1.7229340022217503,2200.0,5,2024
23,True,Accumulate + Select,1.3569827104138594,3.986827135931083,8.114560008360197,0.048507125418006884,1.7423820786434363,2300.0,5,2024
24,True,Accumulate + Select,1.3586301334011106,3.8717150301843475,7.7399316057034655,0.046267675972307375,1.7863499769387272,2400.0,5,2024
25,True,Accumulate + Select,1.362700430673707,3.7623466108350843,7.593112723255852,0.04539002371053586,1.776569650172057,2500.0,5,2024
26,True,Accumulate + Select,1.372125517241609,3.6656609262890174,7.295154747940018,0.04360889388180208,1.7319109464116513,2600.0,5,2024
27,True,Accumulate + Select,1.377507008097673,3.573823671904023,7.171973749009352,0.04287254389386815,1.8687989328716306,2700.0,5,2024
28,True,Accumulate + Select,1.3802855648427204,3.485549741725796,7.089703316751367,0.04238074863058583,1.7697337148449295,2800.0,5,2024
29,True,Accumulate + Select,1.386451201663183,3.4019811701905724,6.752641335249827,0.040365863314130924,1.8319296219324075,2900.0,5,2024
30,True,Accumulate + Select,1.3905675176619503,3.3246443223923983,6.6566670136803925,0.039792149095679116,1.843618538402234,3000.0,5,2024
31,True,Accumulate + Select,1.3912493518234035,3.2487039399758073,6.481442790762231,0.03874469570959199,1.8049199250059438,3100.0,5,2024
32,True,Accumulate + Select,1.3943222437143903,3.179861256871952,6.3389338801759685,0.037892807549067035,1.8228200203840705,3200.0,5,2024
33,True,Accumulate + Select,1.3964741652581498,3.113419111824476,6.101595017494085,0.036474045969041,1.8453331517208036,3300.0,5,2024
34,True,Accumulate + Select,1.3991345749707598,3.052618770535736,6.079113822673719,0.03633965813586524,1.7453995791924983,3400.0,5,2024
35,True,Accumulate + Select,1.397571079613745,2.9904530309349533,6.023107134418693,0.036004861985656875,1.861540475923869,3500.0,5,2024
36,True,Accumulate + Select,1.4011836773590716,2.931688380951726,5.774432674610315,0.03451833860080884,1.8053010780113592,3600.0,5,2024
37,True,Accumulate + Select,1.402167649941288,2.8785453158190917,5.762794817707754,0.03444876995090204,1.8545522306696802,3700.0,5,2024
38,True,Accumulate + Select,1.403592195555814,2.8277180855764263,5.512459880398591,0.03295232058235293,1.7748627484969748,3800.0,5,2024
39,True,Accumulate + Select,1.4024531188912772,2.778671345669923,5.672727721577041,0.033910367878140606,1.8710531183515346,3900.0,5,2024
40,True,Accumulate + Select,1.4032703599263563,2.7321167373260242,5.458173913319322,0.03262781053980732,1.8387696485853384,4000.0,5,2024
41,True,Accumulate + Select,1.4046747246354305,2.6873023171601425,5.439042870005722,0.032513449204573615,1.9905945669752456,4100.0,5,2024
42,True,Accumulate + Select,1.4066972147929806,2.642760794785665,5.2801641415852245,0.031563705731383875,1.9255051044755533,4200.0,5,2024
43,True,Accumulate + Select,1.4128658104069487,2.6017033406827563,5.214222709444379,0.031169521781076834,1.871359854201787,4300.0,5,2024
44,True,Accumulate + Select,1.4132433949720493,2.561061862015999,5.055591663163098,0.030221258899389092,1.9887466001183147,4400.0,5,2024
45,True,Accumulate + Select,1.4158536135648498,2.521960687614442,5.117712325588684,0.03059260309552826,1.895259228556709,4500.0,5,2024
46,True,Accumulate + Select,1.41446835238062,2.4842090020705996,4.946105548980054,0.02956677403924442,1.8501166395820743,4600.0,5,2024
47,True,Accumulate + Select,1.4141495512282032,2.4470477506741544,4.864803834536211,0.02908076956640013,1.9185200233190565,4700.0,5,2024
48,True,Accumulate + Select,1.4172541715220086,2.4114901293936635,4.870836680338177,0.029116832644082956,1.9322292713049847,4800.0,5,2024
49,True,Accumulate + Select,1.4181679283271287,2.3759387329411465,4.743960606137041,0.028358394276817432,1.940026501111157,4900.0,5,2024
50,True,Accumulate + Select,1.4223614926494446,2.3419323342890177,4.726199862178394,0.02825222430163312,1.9002566372585852,5000.0,5,2024
51,True,Accumulate + Select,1.423940261931534,2.3098952827095434,4.603403164044622,0.027518171582674212,1.8338098523706057,5100.0,5,2024
52,True,Accumulate + Select,1.4255229186842824,2.2780687846679193,4.599114548200768,0.0274925351431885,1.959645233638652,5200.0,5,2024
53,True,Accumulate + Select,1.4283557179779152,2.2492254363192346,4.637253345858438,0.027720520818242556,1.903531627601052,5300.0,5,2024
54,True,Accumulate + Select,1.4298011964508106,2.220219229623139,4.407348657881158,0.02634619916402938,1.96693671653339,5400.0,5,2024
55,True,Accumulate + Select,1.4302056811016515,2.1913844957687036,4.411717039773572,0.02637231242810171,1.820499982805559,5500.0,5,2024
56,True,Accumulate + Select,1.430473631525464,2.1643216359344217,4.2683203890921755,0.025515117544835295,1.8798259340062393,5600.0,5,2024
57,True,Accumulate + Select,1.432292452753672,2.1377181289299574,4.269799596084093,0.025523959931730237,1.9891691200327015,5700.0,5,2024
58,True,Accumulate + Select,1.4340387282773916,2.112317266081097,4.197550458272859,0.02509206984951485,1.950838428716839,5800.0,5,2024
59,True,Accumulate + Select,1.4365505375583258,2.0868383167205566,4.2108252746431525,0.02517142389728964,1.9510810123673479,5900.0,5,2024
60,True,Accumulate + Select,1.438991605152024,2.0632886733368174,4.212262360306175,0.025180014491779156,1.8757010546280233,6000.0,5,2024
61,True,Accumulate + Select,1.4404528084130612,2.0400069710891287,4.021840182844523,0.02404171094420715,1.9458292331841012,6100.0,5,2024
62,True,Accumulate + Select,1.4432228585814073,2.016988600091254,4.032514740150081,0.024105521192633303,1.9218197967902448,6200.0,5,2024
63,True,Accumulate + Select,1.4441897554988428,1.9950541592461648,4.0278558273262215,0.024077671196031436,1.9949796539061602,6300.0,5,2024
64,True,Accumulate + Select,1.4440141872489278,1.9730990527299297,4.009084091330541,0.023965457724035657,1.860216020977974,6400.0,5,2024
65,True,Accumulate + Select,1.4460929722521472,1.9521627875246936,3.8787911132397372,0.023186593827185454,2.048293606482134,6500.0,5,2024
66,True,Accumulate + Select,1.4476156073902209,1.931689052100169,3.8621511413444427,0.02308712359061741,1.977432513600485,6600.0,5,2024
67,True,Accumulate + Select,1.447953190969555,1.911799665507674,3.776519173039402,0.02257523377501633,2.0279535721572035,6700.0,5,2024
68,True,Accumulate + Select,1.4496797138583566,1.8920831447289528,3.8546230828554267,0.023042122447375562,1.940679857724156,6800.0,5,2024
69,True,Accumulate + Select,1.451619103859314,1.8730842539029298,3.682927516377076,0.022015762624008613,1.9036304374616546,6900.0,5,2024
70,True,Accumulate + Select,1.4531495420768044,1.8548394602024918,3.699036548749155,0.02211205901627512,1.9678061358456764,7000.0,5,2024
71,True,Accumulate + Select,1.454853729514496,1.8374824149273046,3.7320375633673186,0.022309332109746054,1.8859522634518893,7100.0,5,2024
72,True,Accumulate + Select,1.4563095468134257,1.8197021770146105,3.5954495949165146,0.021492838090426722,1.9452653643356514,7200.0,5,2024
73,True,Accumulate + Select,1.4554502898565818,1.8022328028371206,3.6342427062353306,0.021724735114314376,1.87403309964703,7300.0,5,2024
74,True,Accumulate + Select,1.4562091891927527,1.7857508236554303,3.5552836314759273,0.021252734446588938,1.9613633562331954,7400.0,5,2024
75,True,Accumulate + Select,1.4564143601932606,1.769377482849308,3.5267045026583874,0.02108189445225018,1.9492432755291356,7500.0,5,2024
76,True,Accumulate + Select,1.4573570120437338,1.7533867379274235,3.4731389719861046,0.020761691026343468,1.9572862312692847,7600.0,5,2024
77,True,Accumulate + Select,1.4579409405370942,1.7382712298634508,3.5133387853908906,0.021001997018115965,1.9410315784896257,7700.0,5,2024
78,True,Accumulate + Select,1.4576489556168608,1.722397102148991,3.427991649479862,0.020491809870391543,1.9795582211316327,7800.0,5,2024
79,True,Accumulate + Select,1.4571527108295124,1.7069863728454227,3.4509281451672447,0.020628919395961776,1.9088377755489079,7900.0,5,2024
80,True,Accumulate + Select,1.4579972867141566,1.6922851641211836,3.3614949381425387,0.02009430657835829,1.9460268188264658,8000.0,5,2024
81,True,Accumulate + Select,1.4579454946130133,1.6774125751142546,3.326373997122468,0.01988436101272025,1.8991617545001567,8100.0,5,2024
82,True,Accumulate + Select,1.4589685871981317,1.6633581986547257,3.2944279725243044,0.019693394426707783,1.9308286964699517,8200.0,5,2024
83,True,Accumulate + Select,1.4595478414205856,1.6491728447493663,3.3306481310869946,0.019909910882590837,1.895364379744007,8300.0,5,2024
84,True,Accumulate + Select,1.460580732433808,1.635657912476657,3.2859050000162666,0.01964244589764944,2.0213125632782756,8400.0,5,2024
85,True,Accumulate + Select,1.460719492409618,1.6223403666864502,3.241199749951378,0.01937520735735807,1.9146409251763377,8500.0,5,2024
86,True,Accumulate + Select,1.4609868524856453,1.6099829768661698,3.128790899842137,0.018703250999314604,1.9749144974274158,8600.0,5,2024
87,True,Accumulate + Select,1.4627995899901862,1.5969580309830382,3.142930828997591,0.018787776508552154,2.0708565500115115,8700.0,5,2024
88,True,Accumulate + Select,1.4634970214173366,1.5841735905642977,3.1406785748839123,0.018774313009280123,2.0117684671425593,8800.0,5,2024
89,True,Accumulate + Select,1.4647796630374204,1.571887406038243,3.1537945599494375,0.018852717597070297,2.093130820080265,8900.0,5,2024
90,True,Accumulate + Select,1.4650392192258976,1.5595095583321932,3.038721800616348,0.018164836952473985,1.957168940336584,9000.0,5,2024
91,True,Accumulate + Select,1.4653325745139933,1.5478513283127826,3.1196761249661042,0.018648764800726744,2.0794400301308267,9100.0,5,2024
92,True,Accumulate + Select,1.4664887480860318,1.536118862771549,3.088529103134352,0.0184625744844516,1.9226196552418704,9200.0,5,2024
93,True,Accumulate + Select,1.4664997127560897,1.524829127463051,3.025745577493188,0.018087267832048642,2.008142891048742,9300.0,5,2024
94,True,Accumulate + Select,1.4662826521400243,1.5135115323770583,3.01770909004282,0.018039227407888412,2.01578451204671,9400.0,5,2024
95,True,Accumulate + Select,1.466860082048375,1.5022559955154042,3.022956459254219,0.018070595072455523,2.037765995517118,9500.0,5,2024
96,True,Accumulate + Select,1.466885415539749,1.49145408723182,2.99621741418309,0.01791075471000991,1.886306055106557,9600.0,5,2024
97,True,Accumulate + Select,1.4672779877473885,1.480931266534605,2.990150202157009,0.017874486198299656,2.056860775327677,9700.0,5,2024
98,True,Accumulate + Select,1.4681424228710396,1.470019138148394,2.9532830454655397,0.01765410212428998,1.9510101295634037,9800.0,5,2024
99,True,Accumulate + Select,1.468571631640679,1.459724379126572,2.9317694691646703,0.017525498510201108,2.0230224600198605,9900.0,5,2024
100,True,Accumulate + Select,1.4690882891493078,1.4497469538767653,2.955424217049772,0.01766690159566869,2.0877717311297426,10000.0,5,2024
101,True,Accumulate + Select,1.4695933661932967,1.4397867847864212,2.790191038948332,0.016679172564750832,2.0564386279471494,10100.0,5,2024
102,True,Accumulate + Select,1.4700336449992768,1.4300233166078193,2.839882383307387,0.016976216923352,1.9994061676706563,10200.0,5,2024
103,True,Accumulate + Select,1.470055924228941,1.4203364020506823,2.8576222809153435,0.01708226228345596,2.0194395426911353,10300.0,5,2024
104,True,Accumulate + Select,1.4715106641696467,1.4107801382320362,2.768925246950638,0.016552050152878514,1.9035348069129825,10400.0,5,2024
105,True,Accumulate + Select,1.4721731411030572,1.4013219670848536,2.8250977632429164,0.01688783758806013,2.024112570940237,10500.0,5,2024
106,True,Accumulate + Select,1.4723201511292818,1.3918727750268813,2.7406180692255337,0.016382835824716942,2.010689339900502,10600.0,5,2024
107,True,Accumulate + Select,1.4731977039147215,1.3824377276916389,2.7496760891501664,0.016436982754195594,2.027442709294273,10700.0,5,2024
108,True,Accumulate + Select,1.4731960473572339,1.3736442090155387,2.73865629407087,0.01637110874729424,2.010165054252009,10800.0,5,2024
109,True,Accumulate + Select,1.473840845580565,1.3650074346518581,2.746001230262885,0.016415015224131708,2.017421233391108,10900.0,5,2024
110,True,Accumulate + Select,1.4744038194110431,1.3564188394109145,2.678726922470391,0.01601286362476735,2.0530593157450925,11000.0,5,2024
111,True,Accumulate + Select,1.4745888891874426,1.3479555397845728,2.6872657123170054,0.016063906706534077,1.9431370791489393,11100.0,5,2024
112,True,Accumulate + Select,1.4748052013095916,1.3394922568478806,2.6872793977655602,0.0160639885152543,1.9621506186399293,11200.0,5,2024
113,True,Accumulate + Select,1.473941543423812,1.3314598163528562,2.715570277175697,0.01623310541553224,1.955726599793549,11300.0,5,2024
114,True,Accumulate + Select,1.4741990991248957,1.3230976942400077,2.6445556870979754,0.015808595198852665,1.9914210381219124,11400.0,5,2024
115,True,Accumulate + Select,1.4750925673683644,1.314971266027848,2.6520847966057164,0.01585360262486241,2.0319335219669097,11500.0,5,2024
116,True,Accumulate + Select,1.4756435389977727,1.3066950995739923,2.5908611617776565,0.015487620670191883,2.009180011921874,11600.0,5,2024
117,True,Accumulate + Select,1.4756960455695107,1.2989712842423007,2.576009435750747,0.01539884018963361,1.9059380986884906,11700.0,5,2024
118,True,Accumulate + Select,1.476601148756419,1.2918139896297844,2.6020121348733274,0.01555427883156197,1.8746877751535598,11800.0,5,2024
119,True,Accumulate + Select,1.4771000174166102,1.2841836818147898,2.5798963272180715,0.015422075205666201,2.1116784367364207,11900.0,5,2024
120,True,Accumulate + Select,1.4775980739054306,1.2767903643806795,2.5268023428712683,0.015104690584072588,1.9658711886140345,12000.0,5,2024
121,True,Accumulate + Select,1.478147327469761,1.2691771812285169,2.5491441160509316,0.01523824498413495,1.9291942951055634,12100.0,5,2024
122,True,Accumulate + Select,1.4782825957126395,1.2619360576128977,2.505629067069072,0.014978121214471642,1.983886900641652,12200.0,5,2024
123,True,Accumulate + Select,1.4786214878304114,1.2546090240715393,2.5668967248059484,0.015344366328790634,1.9864627822406429,12300.0,5,2024
124,True,Accumulate + Select,1.479478010061386,1.247545748096368,2.497891583798255,0.014931868174128044,2.0441943048751448,12400.0,5,2024
125,True,Accumulate + Select,1.4796346960958593,1.2405469610501219,2.4733286164124926,0.014785035944359325,1.9635980492943341,12500.0,5,2024
126,True,Accumulate + Select,1.4804272681555106,1.2340545709083,2.4321567549683873,0.014538919254766244,1.9938722452419095,12600.0,5,2024
127,True,Accumulate + Select,1.4805460632216783,1.2272044004487719,2.459129250141104,0.01470015513259962,2.011536408819408,12700.0,5,2024
128,True,Accumulate + Select,1.48015688001,1.2208235095631905,2.419060179575542,0.014460630693898788,2.048651380480278,12800.0,5,2024
129,True,Accumulate + Select,1.4803238937803445,1.2140305236994067,2.4115307424220855,0.014415621309292177,1.9480596833260606,12900.0,5,2024
130,True,Accumulate + Select,1.481156579457868,1.2076692862230836,2.375769026646683,0.01420184532753921,1.9987294943325227,13000.0,5,2024
131,True,Accumulate + Select,1.4816748472716295,1.2016995001344222,2.419406408432222,0.014462700376858434,1.964197600372154,13100.0,5,2024
132,True,Accumulate + Select,1.4821678965255065,1.1953250884745106,2.4293868484762613,0.01452236133893701,2.007403704418511,13200.0,5,2024
133,True,Accumulate + Select,1.4824133523930842,1.1892979823925072,2.38335608210251,0.014247199142184738,1.973795107301028,13300.0,5,2024
134,True,Accumulate + Select,1.4827090810183168,1.1834807586365583,2.38234183058042,0.01424113616086021,2.0080282813187385,13400.0,5,2024
135,True,Accumulate + Select,1.483001765921265,1.177352260581274,2.348860562385339,0.014040992212966613,1.9428308729127135,13500.0,5,2024
136,True,Accumulate + Select,1.4830138698385724,1.1712325464383642,2.3479017003843943,0.0140352603384977,1.9270961172864824,13600.0,5,2024
137,True,Accumulate + Select,1.4837530577241267,1.1652898069924253,2.336709535420253,0.013968355940840243,1.9833936721542593,13700.0,5,2024
138,True,Accumulate + Select,1.4841777890600778,1.1593686638242442,2.3271969278539535,0.013911491582477575,2.0230349264891268,13800.0,5,2024
139,True,Accumulate + Select,1.4844341588930872,1.153477699992057,2.341466662729103,0.013996793042884235,2.0277527989439914,13900.0,5,2024
140,True,Accumulate + Select,1.4843019722654875,1.1480152119408107,2.305957061166189,0.01378452414663094,2.008769814879858,14000.0,5,2024
141,True,Accumulate + Select,1.4849623274323676,1.1425188652866043,2.298242558067132,0.013738408476899246,2.0129803074977097,14100.0,5,2024
142,True,Accumulate + Select,1.484585660997287,1.1366238385885672,2.2366721184488845,0.01337035339646024,1.9731422503962066,14200.0,5,2024
143,True,Accumulate + Select,1.485081142451147,1.1310563084939864,2.2286122997290687,0.013322173502900304,2.057575007462601,14300.0,5,2024
144,True,Accumulate + Select,1.4852544650886301,1.1254795143556833,2.253959392922327,0.013473693071088914,1.9813476803031072,14400.0,5,2024
145,True,Accumulate + Select,1.4857502096135555,1.12007014802097,2.2548755249274635,0.013479169514670182,2.00662716829672,14500.0,5,2024
146,True,Accumulate + Select,1.4860447766138876,1.1145861561349477,2.216388814486973,0.013249104090501772,1.911479244583726,14600.0,5,2024
147,True,Accumulate + Select,1.4873119965124106,1.1095058475580775,2.195198052719927,0.013122430193497108,1.9808214039404841,14700.0,5,2024
148,True,Accumulate + Select,1.4877001489667083,1.1040686798795352,2.1882420744914364,0.013080848825192887,1.9509238383142335,14800.0,5,2024
149,True,Accumulate + Select,1.4879760090465584,1.098865005210095,2.187841659941665,0.013078455231607413,2.056646980553125,14900.0,5,2024
150,True,Accumulate + Select,1.4876031122103592,1.093422570282513,2.192587872830136,0.013106827089552197,1.9845041739942166,15000.0,5,2024
151,True,Accumulate + Select,1.488677681593166,1.0885682616447507,2.1828998187793616,0.013048913949170812,1.9369429615350584,15100.0,5,2024
152,True,Accumulate + Select,1.4884878305478333,1.0833314585588982,2.159842351417832,0.012911081280489452,2.040675980783636,15200.0,5,2024
153,True,Accumulate + Select,1.4888501982493587,1.0786602108915155,2.141665176423846,0.012802421968552647,2.016724917439573,15300.0,5,2024
154,True,Accumulate + Select,1.4882752032499673,1.0737559008171111,2.139538387455575,0.01278970847341363,1.9983523181645548,15400.0,5,2024
155,True,Accumulate + Select,1.4883954441928677,1.06887754816319,2.194201447749079,0.013116472699527832,2.0964814661097906,15500.0,5,2024
156,True,Accumulate + Select,1.4883921852674429,1.0643842992712647,2.094749438996646,0.012521969601805117,2.0832994321643183,15600.0,5,2024
157,True,Accumulate + Select,1.4886885133893066,1.0595689799256016,2.141013851384041,0.01279852848506603,2.042072415215996,15700.0,5,2024
158,True,Accumulate + Select,1.489068304336239,1.0548103034483638,2.0828141816279526,0.0124506231547417,1.991767086222144,15800.0,5,2024
159,True,Accumulate + Select,1.4891046334074614,1.0502006887651716,2.1125247630327584,0.012628226733612274,2.104542328845507,15900.0,5,2024
160,True,Accumulate + Select,1.4890535822817361,1.0455115109288045,2.105406832199774,0.012585677246853097,2.0499253004022338,16000.0,5,2024
161,True,Accumulate + Select,1.4886460974248088,1.040890714098992,2.0669676308532847,0.012355895822011683,1.9945839980746767,16100.0,5,2024
162,True,Accumulate + Select,1.488908887307278,1.036328496882471,2.059744568093111,0.012312717878802327,2.0598757622149666,16200.0,5,2024
163,True,Accumulate + Select,1.4889151308068331,1.0318896850377717,2.009120812123314,0.01201009976057687,2.022715363854288,16300.0,5,2024
164,True,Accumulate + Select,1.4885048712204647,1.0277231667207567,2.0507769398505027,0.012259111291702337,2.0621615652058454,16400.0,5,2024
165,True,Accumulate + Select,1.4883709501613838,1.023480677636964,2.098257933825041,0.012542942642671666,1.9878827359175502,16500.0,5,2024
166,True,Accumulate + Select,1.4882727043012762,1.0192660482050764,2.006375452819268,0.011993688582652047,2.03075003647325,16600.0,5,2024
167,True,Accumulate + Select,1.4887259213654094,1.015031350297671,2.038309522202897,0.01218458370291773,1.9784499550232992,16700.0,5,2024
168,True,Accumulate + Select,1.488661521171722,1.0108585839626192,1.990612239062181,0.011899459421007041,2.054635676900296,16800.0,5,2024
169,True,Accumulate + Select,1.4886921102208819,1.0068061901703584,1.9859276013717873,0.011871455646587759,1.9479052520548772,16900.0,5,2024
170,True,Accumulate + Select,1.4891673517838164,1.0027008019353187,1.9929628044531353,0.011913510604325024,2.023594658262227,17000.0,5,2024
171,True,Accumulate + Select,1.4891009334136005,0.9986307911568897,1.9714762679591524,0.011785068628489192,2.0820565272741884,17100.0,5,2024
172,True,Accumulate + Select,1.4888862485514751,0.9948116041946717,1.9960951845621422,0.011932235310858456,2.023241892126013,17200.0,5,2024
173,True,Accumulate + Select,1.489271327850729,0.9908435718838826,1.9862954934362045,0.011873654827626605,2.1149313145972393,17300.0,5,2024
174,True,Accumulate + Select,1.4897640140389121,0.9871182419764303,1.9648793540129776,0.011745633670607408,2.0622309049470253,17400.0,5,2024
175,True,Accumulate + Select,1.4896667941280677,0.9833801092928571,1.9847400277142317,0.011864356582154095,2.0787713372918772,17500.0,5,2024
176,True,Accumulate + Select,1.4899497567329931,0.979515480250079,1.9784001870963726,0.01182645835431872,2.0122927137493103,17600.0,5,2024
177,True,Accumulate + Select,1.4898163847063415,0.9756635056303724,1.950074985437981,0.011657136282891757,1.9886983409894763,17700.0,5,2024
178,True,Accumulate + Select,1.4903172220219512,0.9719294717191539,1.9280894138280784,0.011525711180560963,1.9796962525715749,17800.0,5,2024
179,True,Accumulate + Select,1.490875256191025,0.9681568149120641,1.9329012369570215,0.011554475242662227,1.985234383697478,17900.0,5,2024
180,True,Accumulate + Select,1.4913527136665456,0.964516465701456,1.941951241523195,0.011608574258021363,2.1255182669741695,18000.0,5,2024
181,True,Accumulate + Select,1.4914778827168511,0.9607743803132904,1.9598710815186249,0.011715695275702345,2.0425190949441374,18100.0,5,2024
182,True,Accumulate + Select,1.4916733479973874,0.957158954412181,1.9214163755059999,0.011485821167242342,2.002334036373825,18200.0,5,2024
183,True,Accumulate + Select,1.4916766303223312,0.9536170939071598,1.863526705504237,0.011139768949957675,2.030201055383501,18300.0,5,2024
184,True,Accumulate + Select,1.4921537506232287,0.9499631373886334,1.9099139932372506,0.011417062356075595,2.026595513536519,18400.0,5,2024
185,True,Accumulate + Select,1.492208694165864,0.9464729385684361,1.8768147804302246,0.011219202254577355,1.9733023350775483,18500.0,5,2024
186,True,Accumulate + Select,1.4925464676353768,0.9428631772713508,1.8823009111994904,0.01125199718529574,2.069523482317925,18600.0,5,2024
187,True,Accumulate + Select,1.4927111348508388,0.9393211087733442,1.8697816122199855,0.011177159460869683,2.0148924859234807,18700.0,5,2024
188,True,Accumulate + Select,1.4928280986425995,0.9358629322927591,1.8733332357300623,0.011198390315883799,1.9719430176991037,18800.0,5,2024
189,True,Accumulate + Select,1.492746505064167,0.9324095593445499,1.8780153174382022,0.011226378811181154,2.1005472629350272,18900.0,5,2024
190,True,Accumulate + Select,1.4931240781479242,0.9289447462448726,1.8402085075124408,0.011000377688651499,1.9772524310509998,19000.0,5,2024
191,True,Accumulate + Select,1.4933938027956402,0.9255564558537577,1.8354950675249584,0.0109722017401851,2.1045483907372957,19100.0,5,2024
192,True,Accumulate + Select,1.4932649233219704,0.9222263116538261,1.8230166395433223,0.010897608333949744,1.9878038823816655,19200.0,5,2024
193,True,Accumulate + Select,1.4933466145588516,0.9189843799870285,1.8187412134495937,0.01087205074000377,2.0183348026450374,19300.0,5,2024
194,True,Accumulate + Select,1.493114740911024,0.9156770295989999,1.823336457185593,0.01089952013624938,2.052198557374552,19400.0,5,2024
195,True,Accumulate + Select,1.4932504747402369,0.912437823109782,1.8304522428815684,0.010942056799832707,1.9823301757929057,19500.0,5,2024
196,True,Accumulate + Select,1.49365283024177,0.9090795503091833,1.826359450348284,0.010917590950727226,1.9905515561534326,19600.0,5,2024
197,True,Accumulate + Select,1.4934336962522992,0.9057894595658961,1.8003906352453496,0.010762354860309844,2.012836035474224,19700.0,5,2024
198,True,Accumulate + Select,1.4936841887195071,0.9026269939913106,1.8004710512619053,0.01076283557026783,2.092166358885044,19800.0,5,2024
199,True,Accumulate + Select,1.4937549129527892,0.8994351014072074,1.8085941610904293,0.010811393804704509,2.068198129143689,19900.0,5,2024
200,True,Accumulate + Select,1.4943357819473064,0.8962356633034549,1.7792123050118271,0.010635755276386251,2.023104280106193,20000.0,5,2024
