setting,iteration,use_selection,use_selection,mean_error,mean_error,variance,variance,dispersion,dispersion,dispersion_ratio,dispersion_ratio,swd_to_truth,swd_to_truth,mean_abs_scale,mean_abs_scale,num_samples,num_samples,run,run,seed,seed
,,mean,std,mean,std,mean,std,mean,std,mean,std,mean,std,mean,std,mean,std,mean,std,mean,std
Accumulate,0,0.0,0.0,0.0,0.0,84.12649828456804,20.561120228712863,169.15787957299767,42.76786361014019,1.0081410320206878,0.01813430390871385,0.08626982369822336,0.01611575212413318,1.9847177533338722,0.24259294339532084,,,3.0,1.5811388300841898,686.8,803.9674744664737
Accumulate,1,0.0,0.0,0.09992030393055375,0.06982675727379165,83.71962659225275,18.777306410186803,166.82380676128682,35.38411768046205,1.002279717031948,0.04308282066092895,0.12729564568928833,0.019658226398534297,1.9862031775910025,0.22110560494463197,500.0,0.0,3.0,1.5811388300841898,686.8,803.9674744664737
Accumulate,2,0.0,0.0,0.08220233593994832,0.05261367909968547,82.98808707185664,18.582916940018002,164.67298448381982,36.63445064395215,0.9884007889699074,0.04864277820162376,0.1265087816445365,0.016618839772152106,1.9755121670258098,0.21699206306408145,1000.0,0.0,3.0,1.5811388300841898,686.8,803.9674744664737
Accumulate,3,0.0,0.0,0.08136422198133786,0.05220612375724097,82.69470319354559,18.38233743468938,166.77854075417176,38.38769617459457,0.9989783177942411,0.03134939651181051,0.12838061121598338,0.017583688749856698,1.9721161528404128,0.2163372336540666,1500.0,0.0,3.0,1.5811388300841898,686.8,803.9674744664737
Accumulate,4,0.0,0.0,0.0837494566433127,0.04856426903057773,82.9301286618439,18.76300374498237,164.86698748259883,37.33633648305237,0.9878022279752232,0.026743658620187984,0.12801652727471136,0.02488435589453772,1.9750374186599111,0.2196341816198885,2000.0,0.0,3.0,1.5811388300841898,686.8,803.9674744664737
Accumulate,5,0.0,0.0,0.09020204403934154,0.053338135820149846,82.64989637005138,18.823053537596167,165.24595941042745,36.537765907766165,0.9913653718879842,0.03570021581663833,0.12736938545680634,0.015590715369332764,1.9725893440607376,0.22105927753214566,2500.0,0.0,3.0,1.5811388300841898,686.8,803.9674744664737
Accumulate,6,0.0,0.0,0.08866909539643178,0.05036808422046095,82.8405978236419,18.912505726015663,166.7630725067931,38.76347023141078,0.9979997222079934,0.023635766398808485,0.11937169635302056,0.012820031518023375,1.974940696124699,0.2217792138294969,3000.0,0.0,3.0,1.5811388300841898,686.8,803.9674744664737
Accumulate,7,0.0,0.0,0.08548343095163467,0.0487439438281028,82.94001544826033,18.769556649221354,166.87104731660253,37.94864400140931,0.9999900651765558,0.033907867792835715,0.1244973993316119,0.009075121054206497,1.976589272947259,0.22004647728195176,3500.0,0.0,3.0,1.5811388300841898,686.8,803.9674744664737
Accumulate,8,0.0,0.0,0.08647154366059148,0.04931351621794868,83.09674003742637,18.82455206734984,165.46965490500688,37.23238605759314,0.9922049400360635,0.044196917322816935,0.13583626912360414,0.021246475908104058,1.978522393576285,0.2206987370997918,4000.0,0.0,3.0,1.5811388300841898,686.8,803.9674744664737
Accumulate,9,0.0,0.0,0.08688151452242707,0.05106769661464572,82.9166484283192,18.791722877571257,164.92783002544104,37.404450980939025,0.9886202304304946,0.038103207431230066,0.12869792937314056,0.016866518657593216,1.9760568458380565,0.2205882892854674,4500.0,0.0,3.0,1.5811388300841898,686.8,803.9674744664737
Accumulate,10,0.0,0.0,0.08722822025363688,0.048514813589818344,82.95752289030547,18.736655089122387,164.54066110711724,35.37507497905666,0.9882275704397877,0.044869626236034174,0.13213279032150288,0.018119883836988832,1.9765392561093933,0.22028832621428007,5000.0,0.0,3.0,1.5811388300841898,686.8,803.9674744664737
Accumulate,11,0.0,0.0,0.08756567824723382,0.04757967336776211,83.26239673933682,18.976411443343153,165.87959469030304,38.533091103756234,0.9931143524746119,0.025381142909482284,0.12437030656906993,0.019861058475255107,1.9794341537868547,0.22222810286640898,5500.0,0.0,3.0,1.5811388300841898,686.8,803.9674744664737
Accumulate,12,0.0,0.0,0.08561802096435385,0.052718876193439144,83.25911135176463,19.029095296226405,165.3894320585132,37.93316254957644,0.9906857003627867,0.03749153554632942,0.13006130057359722,0.030721956312018205,1.979010098029613,0.22238480840153088,6000.0,0.0,3.0,1.5811388300841898,686.8,803.9674744664737
Accumulate,13,0.0,0.0,0.08787913328438077,0.05431062194985921,83.12837532664498,18.942048261828592,164.1747784173405,35.15599225002248,0.9858649138871156,0.044533399048558346,0.1311607302972126,0.021930560552565353,1.9776824088938043,0.22180285243429812,6500.0,0.0,3.0,1.5811388300841898,686.8,803.9674744664737
Accumulate,14,0.0,0.0,0.08780583792036774,0.05500405522855287,83.1685041092987,18.957143352653098,165.640982507488,39.058580187016275,0.9914356613371222,0.03630156019400364,0.1290913729939041,0.024781551214342785,1.9781140852918586,0.22137967873152556,7000.0,0.0,3.0,1.5811388300841898,686.8,803.9674744664737
Accumulate,15,0.0,0.0,0.08823014195990221,0.05641538054627886,83.17091503213446,18.865360559548026,165.8796582674508,36.83859281617711,0.9949604493974895,0.04466142261795681,0.1224917145339485,0.019287546057814884,1.9780911235615606,0.22062986491069952,7500.0,0.0,3.0,1.5811388300841898,686.8,803.9674744664737
Accumulate,16,0.0,0.0,0.08934146644441002,0.05653560329893973,83.13109494016258,18.83892365927947,164.9244150232294,37.816364230814436,0.987572995159066,0.03731747833653175,0.12494721630030267,0.019032684878440016,1.9777058437683255,0.2204420195743328,8000.0,0.0,3.0,1.5811388300841898,686.8,803.9674744664737
Accumulate,17,0.0,0.0,0.09061681568851672,0.05902843889030241,83.23348534179779,18.897776596223846,165.79828243419627,36.67560998888847,0.9948489436517655,0.0539968257770527,0.13472771129875027,0.02379376659806255,1.9786504464083616,0.22044271953058106,8500.0,0.0,3.0,1.5811388300841898,686.8,803.9674744664737
Accumulate,18,0.0,0.0,0.09113069323496809,0.05911542092660665,83.27202822615334,18.853273203652503,164.70917233520652,36.39193245942951,0.9881904220791089,0.04264493163368389,0.12882260382952224,0.0189572854076858,1.9790990515626028,0.21996389789673387,9000.0,0.0,3.0,1.5811388300841898,686.8,803.9674744664737
Accumulate,19,0.0,0.0,0.09170745959851838,0.058434071310067386,83.38813844304875,18.795982340246393,165.23991962151212,36.765629824181225,0.9906352449157083,0.04148844992483382,0.12379871594560268,0.02391098398681143,1.9803552644908229,0.21921748668965124,9500.0,0.0,3.0,1.5811388300841898,686.8,803.9674744664737
Accumulate,20,0.0,0.0,0.09143275733896124,0.05829624128057784,83.38265589497277,18.843938124903342,167.05631771714906,35.70301025305622,1.0037883953018722,0.05086200487683384,0.13425656111774026,0.01838103614907814,1.9803440452441883,0.21992787752063558,10000.0,0.0,3.0,1.5811388300841898,686.8,803.9674744664737
Accumulate,21,0.0,0.0,0.09057631764910559,0.0574774990387431,83.44945155219979,18.81108323356832,167.06240266711058,36.30897997832969,1.002854857260782,0.04078869695521994,0.13468107428138187,0.024960778658149677,1.9812170385107428,0.21934913413055246,10500.0,0.0,3.0,1.5811388300841898,686.8,803.9674744664737
Accumulate,22,0.0,0.0,0.08985542094047864,0.05955598540515732,83.3728291355545,18.737135693598173,166.3069143583852,38.49924400863258,0.9960025321595529,0.041813873466676914,0.1271186080523806,0.016469178503655264,1.9803480360203434,0.2186492781800454,11000.0,0.0,3.0,1.5811388300841898,686.8,803.9674744664737
Accumulate,23,0.0,0.0,0.09119739815006069,0.06063399405610039,83.35767786182977,18.845903057792707,165.94475485068747,37.762208999264665,0.9941506407181183,0.03651124934124265,0.13422368667261236,0.025052433274752078,1.9799718196614027,0.21963470973181337,11500.0,0.0,3.0,1.5811388300841898,686.8,803.9674744664737
Accumulate,24,0.0,0.0,0.08864793431607473,0.05921519756024404,83.3949332834102,18.875514334673976,167.23413539808138,37.32822314666674,1.002645320841474,0.0344401423753978,0.12797811245455848,0.015997684982352427,1.9803344006212182,0.21984724756194224,12000.0,0.0,3.0,1.5811388300841898,686.8,803.9674744664737
Accumulate,25,0.0,0.0,0.08965656471249701,0.058285097186194894,83.4205067833611,18.843243101287943,166.28725680066864,37.89136384650487,0.9965199488584922,0.047126773287160806,0.12553230667473875,0.024176675547310563,1.9806266819617797,0.21944090807957198,12500.0,0.0,3.0,1.5811388300841898,686.8,803.9674744664737
Accumulate,26,0.0,0.0,0.08931665812606529,0.057445330203941776,83.35800204448348,18.852659024809697,164.93680188798803,37.50973906647478,0.9880808181552032,0.04157679569725709,0.13026061806865244,0.030927646104908633,1.979829922107887,0.21955845783935266,13000.0,0.0,3.0,1.5811388300841898,686.8,803.9674744664737
Accumulate,27,0.0,0.0,0.0896648104372502,0.054065201600825646,83.3651141715009,18.788859076144114,166.20993032796275,39.722986339753774,0.9939392928944848,0.034374559149671594,0.13495243378457694,0.024914956791625427,1.9800854378920008,0.21918394817710654,13500.0,0.0,3.0,1.5811388300841898,686.8,803.9674744664737
Accumulate,28,0.0,0.0,0.08988176210586132,0.05446756602342457,83.35856061190592,18.840459154094706,165.52238254019102,36.569468081791136,0.9926897297359443,0.03878958165860597,0.13306232143985092,0.019626512545699696,1.9799426937230085,0.2198259886090294,14000.0,0.0,3.0,1.5811388300841898,686.8,803.9674744664737
Accumulate,29,0.0,0.0,0.09008922594963861,0.055140513501287965,83.32013883284031,18.85812262125054,166.33297071228384,35.53358645046412,0.9989028048802904,0.05074910853994525,0.13856351741287168,0.026351407669515773,1.9795632832380654,0.22010161117960036,14500.0,0.0,3.0,1.5811388300841898,686.8,803.9674744664737
Accumulate,30,0.0,0.0,0.08913862640128639,0.05521824592612847,83.390736469308,18.956035268107883,165.19654795053506,37.40953938985325,0.9897612898504399,0.03239121688767269,0.12108687371718148,0.025151488351983536,1.980439879169492,0.22109252563293552,15000.0,0.0,3.0,1.5811388300841898,686.8,803.9674744664737
Accumulate,31,0.0,0.0,0.0889701918448649,0.05401832597027891,83.43982050733219,18.99451963139069,167.70162444184206,38.211935048403305,1.0042698473995402,0.03025643148645038,0.12882508385468946,0.007980445424235517,1.9808224154163914,0.22140032850627547,15500.0,0.0,3.0,1.5811388300841898,686.8,803.9674744664737
Accumulate,32,0.0,0.0,0.08857456569874733,0.053198467616977725,83.48464551235834,18.993175872053257,167.31304228409638,39.06363125335238,1.0012204838414067,0.03408590515129953,0.11670930557628438,0.012971955673416552,1.9812577641406897,0.2213906515122373,16000.0,0.0,3.0,1.5811388300841898,686.8,803.9674744664737
Accumulate,33,0.0,0.0,0.08942125449724869,0.05444463664752252,83.5455528206719,18.96868533109119,164.67154267538692,36.00304347997613,0.9883053030271924,0.03853850743702987,0.1268714790771775,0.02341542207528995,1.9820558139655788,0.220951625601053,16500.0,0.0,3.0,1.5811388300841898,686.8,803.9674744664737
Accumulate,34,0.0,0.0,0.08915374638685476,0.05391256282468281,83.55426418194546,19.01751406647971,166.26324492569083,37.74217673639109,0.996339827796529,0.034094903041707404,0.12247235940582754,0.011273625332467896,1.9820435626679491,0.2213585069802498,17000.0,0.0,3.0,1.5811388300841898,686.8,803.9674744664737
Accumulate,35,0.0,0.0,0.08997925570394584,0.05341828955309269,83.54760450975691,19.036943975640092,167.82551956256128,37.26476099484555,1.0064367127675096,0.040709458564887675,0.12476598246823616,0.012091168002086646,1.9819805830184172,0.22165533254939734,17500.0,0.0,3.0,1.5811388300841898,686.8,803.9674744664737
Accumulate,36,0.0,0.0,0.09111003901733468,0.054115002864290496,83.57216850937822,19.115522234387058,168.63328533175977,40.295979441627175,1.0082402482102446,0.03651248063915811,0.13247249780002796,0.02877088880020543,1.9821857755310242,0.22260392117776595,18000.0,0.0,3.0,1.5811388300841898,686.8,803.9674744664737
Accumulate,37,0.0,0.0,0.09154153944501948,0.055708214196540796,83.57859801091982,19.15156189146004,166.62058250002002,38.45638557096418,0.9976122572890332,0.037413305409751706,0.13893826691768438,0.027373053258243515,1.9823036032228127,0.2229262297241177,18500.0,0.0,3.0,1.5811388300841898,686.8,803.9674744664737
Accumulate,38,0.0,0.0,0.09142539256642979,0.05689390408255041,83.59442298431736,19.187065960719075,166.84182278645721,38.313592853142296,0.9991484841705329,0.03511429107181032,0.13358947908651814,0.021419207709459067,1.9824521510027815,0.22328437874049278,19000.0,0.0,3.0,1.5811388300841898,686.8,803.9674744664737
Accumulate,39,0.0,0.0,0.09042599235949673,0.05655861506835367,83.6381743809514,19.27530220379069,166.1100813512331,37.959862376437584,0.995422046566922,0.04031751756196602,0.13037661790948046,0.02527613915693963,1.9828937734357062,0.22420411575365826,19500.0,0.0,3.0,1.5811388300841898,686.8,803.9674744664737
Accumulate,40,0.0,0.0,0.08975355829520641,0.05525842596570178,83.66508253501806,19.2676273670404,166.02688773577464,38.72616561929131,0.9940237428037022,0.03185647644259443,0.12801345942088355,0.010093274998098827,1.9831826339742213,0.22418977321601258,20000.0,0.0,3.0,1.5811388300841898,686.8,803.9674744664737
Accumulate,41,0.0,0.0,0.09073380121521915,0.05634106691787932,83.677674298642,19.235338456457754,168.458034963384,36.868905982326474,1.0107622830328704,0.04385433536836338,0.11860510289790074,0.02297570764683618,1.9833092873902651,0.22391064335396726,20500.0,0.0,3.0,1.5811388300841898,686.8,803.9674744664737
Accumulate,42,0.0,0.0,0.09156636447772462,0.056687757769435014,83.73749823302919,19.301595479001453,167.01940218046042,38.10490577164285,1.000249496029281,0.029959550816919495,0.13295452982085276,0.029563744664093495,1.9838864035349792,0.22458613805370437,21000.0,0.0,3.0,1.5811388300841898,686.8,803.9674744664737
Accumulate,43,0.0,0.0,0.0908553840478694,0.056549067294678165,83.74426294110653,19.33583576647628,167.7053703768492,38.46051816688637,1.0044443622609864,0.040113570374462774,0.1236803368205502,0.016779505945964533,1.983886462110124,0.2249291356781516,21500.0,0.0,3.0,1.5811388300841898,686.8,803.9674744664737
Accumulate,44,0.0,0.0,0.09135848088806393,0.05699913136389179,83.75478687649334,19.315956362798357,166.11131035058725,37.561634527940335,0.995359573663079,0.038234928335986226,0.12556893658333426,0.008014071565943096,1.9839307640923978,0.22474003779453156,22000.0,0.0,3.0,1.5811388300841898,686.8,803.9674744664737
Accumulate,45,0.0,0.0,0.09236038322635104,0.05763672342708597,83.78101280805747,19.262047799041735,167.77811252611514,39.640018645150946,1.003012410087927,0.029363205389548137,0.12883694513087027,0.01687005598826074,1.9841962357557477,0.22424161572680204,22500.0,0.0,3.0,1.5811388300841898,686.8,803.9674744664737
Accumulate,46,0.0,0.0,0.09220468513213187,0.05519386305744103,83.76002450827576,19.221071166464824,168.02990696335615,38.98947384336278,1.005978223418474,0.04295688337502916,0.12943699215695542,0.01337238646726596,1.9839374922412987,0.22380904742083776,23000.0,0.0,3.0,1.5811388300841898,686.8,803.9674744664737
Accumulate,47,0.0,0.0,0.09318995472623554,0.055974349071985105,83.76621030064149,19.24681674792333,168.94290959240794,39.43767861090746,1.0112035285800025,0.04243456221417039,0.13964607823663458,0.022034584692516537,1.983872183191293,0.22400701096164047,23500.0,0.0,3.0,1.5811388300841898,686.8,803.9674744664737
Accumulate,48,0.0,0.0,0.09328054995934354,0.05510135726755504,83.78827354017497,19.25949569238995,167.54150625353563,39.5185487525165,1.0025125634643914,0.03394094254287242,0.1289849229521642,0.019490257468775286,1.9840931307364051,0.2242155884929787,24000.0,0.0,3.0,1.5811388300841898,686.8,803.9674744664737
Accumulate,49,0.0,0.0,0.09282330750051115,0.05491699920963163,83.78359624196557,19.279486621121418,166.65889350065245,38.188918879731084,0.9982679324904924,0.04002839769052209,0.12891996115106222,0.02197161661621297,1.984047037450504,0.22443245083014002,24500.0,0.0,3.0,1.5811388300841898,686.8,803.9674744664737
Accumulate,50,0.0,0.0,0.09203861912131922,0.05443463116303201,83.78300666572042,19.263198788088665,168.0146791080678,39.51617675781642,1.0057281478579474,0.03875881469618479,0.1334341961861293,0.024152031542707435,1.9840907187411747,0.22425929582229917,25000.0,0.0,3.0,1.5811388300841898,686.8,803.9674744664737
Accumulate,51,0.0,0.0,0.09269460251862649,0.05453051432581729,83.79569433367803,19.33683990287338,169.4896475542551,41.414533993020946,1.0123834082972611,0.027723283042068485,0.1297094227079703,0.019464175700964533,1.9841899864467407,0.2250886722650345,25500.0,0.0,3.0,1.5811388300841898,686.8,803.9674744664737
Accumulate,52,0.0,0.0,0.09205895997646239,0.053763809207213464,83.82844386950455,19.383338768070832,166.67395872557444,39.084280175438685,0.9971702735104679,0.03152677030967667,0.1248737251383015,0.025760510523833456,1.984455396977959,0.22542730584669,26000.0,0.0,3.0,1.5811388300841898,686.8,803.9674744664737
Accumulate,53,0.0,0.0,0.09161418759345517,0.054487534387979625,83.80845623068407,19.36261675134409,167.36927159637793,36.727747065168984,1.00416083936571,0.04347585966631693,0.13626570492862078,0.011619713338222626,1.9842158989321685,0.22524733348646797,26500.0,0.0,3.0,1.5811388300841898,686.8,803.9674744664737
Accumulate,54,0.0,0.0,0.09199683515079485,0.05406131778978063,83.7887419368971,19.339782954617874,167.83536264975186,40.66784451554059,1.0028436703301298,0.03199865404066212,0.12223573467878376,0.02176340914953038,1.9840913963616416,0.2249879734818395,27000.0,0.0,3.0,1.5811388300841898,686.8,803.9674744664737
Accumulate,55,0.0,0.0,0.09154262032083552,0.05352479641023366,83.78399824513971,19.354700638851014,167.6934037292136,38.422397504936846,1.004110893768084,0.048537806878161054,0.13382004870503397,0.02895987613684367,1.9838923349318367,0.22505130810776955,27500.0,0.0,3.0,1.5811388300841898,686.8,803.9674744664737
Accumulate,56,0.0,0.0,0.09045233223600553,0.05317957793748242,83.78576855648257,19.31952363921528,167.06147341271517,36.246990387282544,1.0026361530424333,0.042184547794915345,0.13427934400161928,0.02095417939020077,1.983906942357078,0.22461120026491702,28000.0,0.0,3.0,1.5811388300841898,686.8,803.9674744664737
Accumulate,57,0.0,0.0,0.09115718904410333,0.0538912146198811,83.7998573817677,19.32697778272113,167.23083508392423,37.38138170642528,1.002518957821976,0.031042049306199894,0.12729938833006857,0.02185066100120898,1.9840298070982605,0.22462189721720857,28500.0,0.0,3.0,1.5811388300841898,686.8,803.9674744664737
Accumulate,58,0.0,0.0,0.09173058069298115,0.05391718424065344,83.85678265461205,19.368422812893265,168.0736244328909,38.96160798030865,1.006240946690409,0.04665948315627419,0.13280666522878892,0.023592636722117543,1.9845231598906636,0.22497991807643491,29000.0,0.0,3.0,1.5811388300841898,686.8,803.9674744664737
Accumulate,59,0.0,0.0,0.09228998117357781,0.05489080056929473,83.86079138522429,19.325341848688186,166.52630218482835,38.063904723910404,0.9972081513753009,0.034561072621607625,0.1350380114600261,0.029012832753882202,1.984616893689563,0.2244946976725863,29500.0,0.0,3.0,1.5811388300841898,686.8,803.9674744664737
Accumulate,60,0.0,0.0,0.0916775224986574,0.0546605125640383,83.86281883198781,19.31278356201824,166.790800949487,39.6932618982666,0.9970249579026088,0.018521792307204833,0.12420481293626998,0.03293623872726579,1.9846397831473925,0.2243108488061599,30000.0,0.0,3.0,1.5811388300841898,686.8,803.9674744664737
Accumulate,61,0.0,0.0,0.09165968881897787,0.053699499909198804,83.84551314344768,19.325466497467296,169.20694154846197,38.868591330601845,1.0129284967517056,0.03606869811779486,0.13032083499052102,0.03152409810725436,1.9845332839073442,0.22445778588283458,30500.0,0.0,3.0,1.5811388300841898,686.8,803.9674744664737
Accumulate,62,0.0,0.0,0.09094441742760861,0.05315189551350565,83.8569750992865,19.32033617968868,166.6872293212705,37.91758224835698,0.9988881248142025,0.03459147045066455,0.12051629544824119,0.017638504537804897,1.9846810579350809,0.22434029791045038,31000.0,0.0,3.0,1.5811388300841898,686.8,803.9674744664737
Accumulate,63,0.0,0.0,0.09083128654121429,0.05273777192454127,83.86726792431917,19.339048563107347,165.9007804697737,37.90831472210314,0.9934015620178054,0.03663101409093807,0.14041910323232534,0.024956470799302664,1.9848238694658398,0.22450478749919886,31500.0,0.0,3.0,1.5811388300841898,686.8,803.9674744664737
Accumulate,64,0.0,0.0,0.09002557755223387,0.052182340437732816,83.88161967882408,19.364936647177803,168.58346894866094,37.41880139156668,1.0109447116087178,0.04274030879119388,0.13298628445705402,0.02079280134765868,1.984954489519242,0.2247648172572752,32000.0,0.0,3.0,1.5811388300841898,686.8,803.9674744664737
Accumulate,65,0.0,0.0,0.09035059834882253,0.05149347730870581,83.85519596332533,19.353420438647003,167.7585728271887,38.615894517601745,1.0042057380845573,0.029070807010075257,0.12387416659807515,0.013742097806798626,1.9847277099539535,0.2247264035096528,32500.0,0.0,3.0,1.5811388300841898,686.8,803.9674744664737
Accumulate,66,0.0,0.0,0.09040299678609665,0.051351308049171734,83.84068205609022,19.369839768007825,168.48348135184477,39.83667822722597,1.0075659345201005,0.027531610743465953,0.12892291461162617,0.026717038172753133,1.9845514851049912,0.2249431469150755,33000.0,0.0,3.0,1.5811388300841898,686.8,803.9674744664737
Accumulate,67,0.0,0.0,0.09016472276416518,0.05068128417000943,83.86673099565128,19.37556287839889,168.03146413521713,40.250871777298876,1.0044890903493129,0.031721665860348226,0.12057345233831233,0.018857969006204317,1.9849208554056557,0.22512037038024799,33500.0,0.0,3.0,1.5811388300841898,686.8,803.9674744664737
Accumulate,68,0.0,0.0,0.09026709577047645,0.05106368675989294,83.86891037997346,19.375985550821163,166.79147226793404,37.93502813809272,0.9994115844258339,0.03736684184223895,0.13516518489900858,0.0319030284200344,1.9849097187937688,0.22512939943580018,34000.0,0.0,3.0,1.5811388300841898,686.8,803.9674744664737
Accumulate,69,0.0,0.0,0.0896204983543594,0.05097699684902122,83.86015699868315,19.374276748115655,167.55447228191272,38.53578548533824,1.0030323722006316,0.03615127546282661,0.12985532037499475,0.028659876051836126,1.9848571763950726,0.2250575460781867,34500.0,0.0,3.0,1.5811388300841898,686.8,803.9674744664737
Accumulate,70,0.0,0.0,0.09108288249624473,0.052599015500026866,83.86301104976366,19.389370867470326,167.26266758060342,39.636995792678725,1.0003432189705088,0.030804980832535193,0.1325660199149919,0.016621857061584724,1.9848300452032626,0.22515872040749937,35000.0,0.0,3.0,1.5811388300841898,686.8,803.9674744664737
Accumulate,71,0.0,0.0,0.09173001800995442,0.05287270693689328,83.85087543465059,19.384653653657598,168.1391668785641,40.89268451316918,1.00447557860859,0.029680684566404547,0.12417386160042057,0.01720425858512709,1.9847270168014095,0.22512587526046954,35500.0,0.0,3.0,1.5811388300841898,686.8,803.9674744664737
Accumulate,72,0.0,0.0,0.09162883099288122,0.05225009822174049,83.8555361257495,19.346272626259935,166.73237063792985,37.79572000416945,0.998950215628164,0.030444356201358318,0.12550184801506584,0.019367484180425845,1.9848600304257347,0.2246754621892393,36000.0,0.0,3.0,1.5811388300841898,686.8,803.9674744664737
Accumulate,73,0.0,0.0,0.09114515352077981,0.05176329285858929,83.85315085900251,19.351554731396075,167.8174635035915,39.28828960775721,1.0041514322982308,0.03580381281990338,0.13088232536780123,0.025191806160969835,1.9848134016104666,0.22476720843182307,36500.0,0.0,3.0,1.5811388300841898,686.8,803.9674744664737
Accumulate,74,0.0,0.0,0.09127912516653436,0.051479109030370604,83.85828828260759,19.358522297706156,167.1093119936054,39.85313368366875,0.9991091622107102,0.023676975951257465,0.12681511929407227,0.02121236687562104,1.9848451205170086,0.2248824906064119,37000.0,0.0,3.0,1.5811388300841898,686.8,803.9674744664737
Accumulate,75,0.0,0.0,0.09187842252848506,0.05190188673240711,83.85577203561587,19.367846507662335,168.20037238389156,37.813105932622754,1.007852062014167,0.03986671595282879,0.123701109556727,0.034347935439579876,1.9848396880166237,0.22496568910425677,37500.0,0.0,3.0,1.5811388300841898,686.8,803.9674744664737
Accumulate,76,0.0,0.0,0.09126062688457126,0.05141103387404668,83.8691221270487,19.374966246253223,167.76423273997227,37.166264777025894,1.0059304743672153,0.032690863670049274,0.1389900278629055,0.03002358623360963,1.984937329642141,0.2250348972085106,38000.0,0.0,3.0,1.5811388300841898,686.8,803.9674744664737
Accumulate,77,0.0,0.0,0.09113040833158527,0.05053690684637696,83.85899078469625,19.377804283947537,167.3871764469793,37.45475715209236,1.003458531520546,0.03674961761074461,0.1284696155343977,0.026918296936957752,1.9848081926304157,0.22502546419853114,38500.0,0.0,3.0,1.5811388300841898,686.8,803.9674744664737
Accumulate,78,0.0,0.0,0.09123216152159348,0.05055599624094342,83.87205244663264,19.385466250316423,168.60060191253433,40.697061973663345,1.007386048567797,0.03172408652763135,0.13972066030592875,0.02678655549289519,1.9849591775126663,0.22507659317092377,39000.0,0.0,3.0,1.5811388300841898,686.8,803.9674744664737
Accumulate,79,0.0,0.0,0.09118989375768619,0.0501612524890556,83.85044092369927,19.356249099360845,168.53821471367186,40.258873945073816,1.007754572063671,0.041153617471556256,0.11878797012220117,0.019341801837646996,1.9847403993514934,0.2248481129783281,39500.0,0.0,3.0,1.5811388300841898,686.8,803.9674744664737
Accumulate,80,0.0,0.0,0.09101260131691764,0.04949407526435068,83.83267346195467,19.31603928891347,165.9939170550369,39.20244985495151,0.9929982141614973,0.03814267709430959,0.1362464544335223,0.019473360094099293,1.9845837388888214,0.22446990939327915,40000.0,0.0,3.0,1.5811388300841898,686.8,803.9674744664737
Accumulate,81,0.0,0.0,0.09074103709414043,0.048789762467169547,83.83423272828607,19.300360411838163,167.240169201694,38.395032208864045,1.0018228376511904,0.03579777497210744,0.1266613395384918,0.018536180563371165,1.9846297521241116,0.2243195412208755,40500.0,0.0,3.0,1.5811388300841898,686.8,803.9674744664737
Accumulate,82,0.0,0.0,0.0901807231448685,0.04944623106872313,83.82482763223707,19.282111666758823,167.25751101599946,39.56023728047276,1.0007238738919029,0.03246280869983878,0.13048378219470347,0.024468741946815194,1.984511602274972,0.22416987748077358,41000.0,0.0,3.0,1.5811388300841898,686.8,803.9674744664737
Accumulate,83,0.0,0.0,0.09004683232139245,0.04986346668331098,83.83251108042947,19.274917509450294,166.37804276261392,40.40984620253902,0.9938822645377691,0.03640719730184752,0.12508475087436852,0.022337619917550948,1.9846482935630996,0.2240459697332186,41500.0,0.0,3.0,1.5811388300841898,686.8,803.9674744664737
Accumulate,84,0.0,0.0,0.09049415648193196,0.05085751051351172,83.81843444137294,19.23351030616455,168.0529405676453,38.81687605449903,1.0062740434292266,0.0423559744474669,0.1340892524862213,0.021014058589405513,1.9845201027285735,0.22362931830653046,42000.0,0.0,3.0,1.5811388300841898,686.8,803.9674744664737
Accumulate,85,0.0,0.0,0.09048903176018488,0.051123399867075627,83.80909986835064,19.240375597537763,166.540969887753,37.490989601494434,0.9982678994628966,0.040335103249029496,0.1271651003603776,0.019550986733338195,1.9843735638558475,0.22377091106920124,42500.0,0.0,3.0,1.5811388300841898,686.8,803.9674744664737
Accumulate,86,0.0,0.0,0.09127124912181642,0.051271615413002694,83.78946659324815,19.23327234757063,168.99342988952066,37.79315006397242,1.0132740567692864,0.03188763203443955,0.12296589027034147,0.01456809164430427,1.9842015404186966,0.22368457602428435,43000.0,0.0,3.0,1.5811388300841898,686.8,803.9674744664737
Accumulate,87,0.0,0.0,0.09129558245727887,0.05122164794131239,83.77735566831873,19.207786402154706,167.20907401462526,39.664352703025216,1.0004224281101404,0.03559036005643644,0.13151140489126645,0.014142428465773396,1.984064306590272,0.2233092497932838,43500.0,0.0,3.0,1.5811388300841898,686.8,803.9674744664737
Accumulate,88,0.0,0.0,0.09136328215742207,0.05093100756747889,83.80197832828614,19.23016342029059,166.8914462517196,37.000553538069056,1.0006500108599738,0.04189903000480334,0.13428202145570467,0.029570876584823217,1.9843100543519854,0.2234346114410856,44000.0,0.0,3.0,1.5811388300841898,686.8,803.9674744664737
Accumulate,89,0.0,0.0,0.0913828284617951,0.05147762647580786,83.78645359659683,19.208087974704604,168.03461119233847,38.243978221532174,1.0065375433406722,0.035677205552343806,0.1274902688355771,0.019907703794936286,1.9841867144000358,0.22314741088246448,44500.0,0.0,3.0,1.5811388300841898,686.8,803.9674744664737
Accumulate,90,0.0,0.0,0.09124852836287248,0.05110213128361848,83.77354367466197,19.195016834066,167.2009277886766,38.77649180563242,1.0004347307869064,0.03240399799825386,0.12647191765738497,0.025620667356482395,1.9840663658440878,0.22298525097393854,45000.0,0.0,3.0,1.5811388300841898,686.8,803.9674744664737
Accumulate,91,0.0,0.0,0.09096524120902208,0.05135035006920097,83.76396785248538,19.180077052891534,167.3698449723398,38.08740452149757,1.0027931886987165,0.03657438806418755,0.12314408114112482,0.016847748477503574,1.9839990828117045,0.2227878718056126,45500.0,0.0,3.0,1.5811388300841898,686.8,803.9674744664737
Accumulate,92,0.0,0.0,0.09136711807782794,0.05199713330251756,83.75945939188946,19.194648619785337,166.22195612936554,37.33351041519346,0.9966538685758382,0.03946415222927315,0.13369354744831993,0.024798927101325953,1.9839310214929349,0.22298021692522527,46000.0,0.0,3.0,1.5811388300841898,686.8,803.9674744664737
Accumulate,93,0.0,0.0,0.09142306205367272,0.05213826275419248,83.75291322610619,19.181437703160018,167.7500785337921,39.123151881308516,1.003785243290487,0.029928289189760187,0.12802542927171387,0.022465088744872342,1.9838879836494647,0.22287169567137224,46500.0,0.0,3.0,1.5811388300841898,686.8,803.9674744664737
Accumulate,94,0.0,0.0,0.09177809637304031,0.05258064796998294,83.74406208095182,19.173331406461656,169.0885686272574,38.98937612546667,1.0125869365765068,0.035562491359388645,0.13744982987077464,0.024895288665710186,1.9837258209461333,0.222799930416023,47000.0,0.0,3.0,1.5811388300841898,686.8,803.9674744664737
Accumulate,95,0.0,0.0,0.09191522181617631,0.0526337281637902,83.74527209046815,19.141496857833832,166.5125014443432,38.53428103440119,0.9970015547766309,0.035212552150965415,0.13465788631697775,0.014328273205496974,1.9837959118625517,0.22247202948124614,47500.0,0.0,3.0,1.5811388300841898,686.8,803.9674744664737
Accumulate,96,0.0,0.0,0.09168043317753913,0.05260373903547145,83.73778661271339,19.142424858970937,166.85924713553527,39.08833882373857,0.9985508278793447,0.03692261554187716,0.12601073942922858,0.02266217920151007,1.9837122270254164,0.2225277444263184,48000.0,0.0,3.0,1.5811388300841898,686.8,803.9674744664737
Accumulate,97,0.0,0.0,0.09155370833254887,0.052078042131715505,83.72331347080248,19.163726180878513,168.19249665624946,37.01530411323127,1.0092376695746257,0.043821567312541984,0.13368596542792102,0.03190979256433354,1.9835189196437155,0.2226833408233214,48500.0,0.0,3.0,1.5811388300841898,686.8,803.9674744664737
Accumulate,98,0.0,0.0,0.0913872147332149,0.052417386048622304,83.6972277629342,19.15887353928433,165.89554162590667,36.60038491644595,0.9949666512772138,0.040821448365528555,0.1279692228705855,0.007768280039698288,1.9832565543819585,0.22266078151579427,49000.0,0.0,3.0,1.5811388300841898,686.8,803.9674744664737
Accumulate,99,0.0,0.0,0.09126485209501325,0.052504157715046365,83.70660073686572,19.176007373270856,164.63409399307073,36.96206096855458,0.9869829465155735,0.03283885850790029,0.12551700667556784,0.016997082913612665,1.983337351344261,0.22285415583223167,49500.0,0.0,3.0,1.5811388300841898,686.8,803.9674744664737
Accumulate,100,0.0,0.0,0.09116398108316162,0.05246957242754231,83.69642247193183,19.151572665575056,166.1392218945806,37.28385751723061,0.9956707295069938,0.03647827011498769,0.13293000897322363,0.017940074843930252,1.9832489111724592,0.22260919909753904,50000.0,0.0,3.0,1.5811388300841898,686.8,803.9674744664737
Accumulate,101,0.0,0.0,0.0914733607371685,0.052634296843511764,83.69122927804219,19.148646613979324,165.10726864636095,37.25887713059544,0.9898682281501114,0.0459039647657872,0.132786243895978,0.024175883946726838,1.9831418974193618,0.22253762209857,50500.0,0.0,3.0,1.5811388300841898,686.8,803.9674744664737
Accumulate,102,0.0,0.0,0.09182759156384954,0.05337452288175891,83.70617737823467,19.16688612863828,166.5616463098027,39.35051511453328,0.996541211890281,0.03090749411649043,0.13285953204530615,0.023020505118031737,1.983308143007727,0.22269029184521152,51000.0,0.0,3.0,1.5811388300841898,686.8,803.9674744664737
Accumulate,103,0.0,0.0,0.09176091210185941,0.05364389947884118,83.69864519167461,19.15395848266647,167.29277712632495,38.03309027447457,1.0019514957178486,0.03452904687106798,0.125847854874689,0.024312930006285923,1.983241419163625,0.22250734112802206,51500.0,0.0,3.0,1.5811388300841898,686.8,803.9674744664737
Accumulate,104,0.0,0.0,0.09172055971610957,0.053341492786486186,83.68514280486292,19.15344076812404,167.56485913958508,39.02035245442298,1.0027100198132983,0.03157342485037234,0.13264574133483537,0.021279629369667513,1.9830633049679385,0.2225182916306256,52000.0,0.0,3.0,1.5811388300841898,686.8,803.9674744664737
Accumulate,105,0.0,0.0,0.09217674079908628,0.053352003961911414,83.66961901808185,19.17520627130624,167.89537155169697,37.884842705820354,1.0060348432843957,0.031997320888894405,0.14490211323812405,0.019188291381555412,1.9828640104087214,0.2226934733345146,52500.0,0.0,3.0,1.5811388300841898,686.8,803.9674744664737
Accumulate,106,0.0,0.0,0.092533300358233,0.053636920720611804,83.65349568685309,19.167811257963724,166.67499875488411,37.7122502348714,0.9988032458095215,0.032753048087888176,0.12610816996448987,0.006161300957263888,1.9826975521218724,0.22264082321645542,53000.0,0.0,3.0,1.5811388300841898,686.8,803.9674744664737
Accumulate,107,0.0,0.0,0.09257514432441832,0.05374982611185848,83.64935357599796,19.192739913495615,166.97132515471282,37.31704589640722,1.000605141477934,0.03388742068040049,0.1277394569664305,0.018130925441350865,1.9826379494664828,0.22286301137671238,53500.0,0.0,3.0,1.5811388300841898,686.8,803.9674744664737
Accumulate,108,0.0,0.0,0.09228246820466375,0.05311979386699724,83.64755126731865,19.17807808418161,167.53445283846008,36.930642658441485,1.0047044252648263,0.03450942554126459,0.12762123151696025,0.013361353860533188,1.9826208438593227,0.2227082259844393,54000.0,0.0,3.0,1.5811388300841898,686.8,803.9674744664737
Accumulate,109,0.0,0.0,0.09219271139851001,0.053076341980007206,83.6549970217221,19.207156856832942,168.65159767134492,37.77031157993249,1.0112955199996647,0.04093547203574686,0.13146216920425918,0.029307750874414035,1.9826812584064126,0.22299916107733728,54500.0,0.0,3.0,1.5811388300841898,686.8,803.9674744664737
Accumulate,110,0.0,0.0,0.09231192499419691,0.05310086259692186,83.65862326445462,19.218587260515577,167.79700585862622,39.18788332779389,1.0045303518877575,0.03483716722163607,0.14094238039161205,0.02854934410843899,1.9827080567457656,0.22315596867537557,55000.0,0.0,3.0,1.5811388300841898,686.8,803.9674744664737
Accumulate,111,0.0,0.0,0.09226536441556128,0.05332375374067993,83.66366179522251,19.22213431442405,168.93656397150684,39.23636128081046,1.0116977215468215,0.036897480975771155,0.12815095601018117,0.013356727277650795,1.9827745317419243,0.22320360465137315,55500.0,0.0,3.0,1.5811388300841898,686.8,803.9674744664737
Accumulate,112,0.0,0.0,0.09209354369772589,0.05324324787204437,83.66039363806894,19.230664731664497,167.52224634820945,39.94135009422557,1.0021069755361016,0.037001183939341105,0.13324018406916566,0.018057523870702766,1.982744347388627,0.2232831314071865,56000.0,0.0,3.0,1.5811388300841898,686.8,803.9674744664737
Accumulate,113,0.0,0.0,0.0920096923728408,0.0534937452085882,83.6600087468709,19.232707307379528,167.70065485240707,38.29748323944727,1.004829991494923,0.037843885849982696,0.13428933671506862,0.01782883352941347,1.9827430520709615,0.2232454173765401,56500.0,0.0,3.0,1.5811388300841898,686.8,803.9674744664737
Accumulate,114,0.0,0.0,0.09197362310159671,0.05357480200956794,83.64809372902366,19.21291141547932,169.93134940847375,39.37453855798143,1.0174598850500263,0.03691229913678448,0.11937870139798727,0.015180495655561203,1.9826405608881772,0.22306611456510125,57000.0,0.0,3.0,1.5811388300841898,686.8,803.9674744664737
Accumulate,115,0.0,0.0,0.09203417881664537,0.05340357088506231,83.65158186000644,19.21470460340376,166.76080615704404,38.447611003630826,0.999256505568465,0.03684475786034614,0.12173810452245475,0.009947207233439843,1.982629144905929,0.22308724774711347,57500.0,0.0,3.0,1.5811388300841898,686.8,803.9674744664737
Accumulate,116,0.0,0.0,0.091557804941762,0.053075825696904395,83.65481759793309,19.22576060334885,167.55604075329285,37.61305500286143,1.004260205103817,0.030585727295533664,0.11973250266595356,0.012176119889757364,1.982670293109677,0.22315977225181008,58000.0,0.0,3.0,1.5811388300841898,686.8,803.9674744664737
Accumulate,117,0.0,0.0,0.09180105068525211,0.0533184301768505,83.6721087887494,19.22864331703047,166.84096103784486,36.613543893469405,1.0018950257228727,0.05047122373582601,0.13513625043934005,0.020687205012713504,1.982848012340586,0.2231000806870029,58500.0,0.0,3.0,1.5811388300841898,686.8,803.9674744664737
Accumulate,118,0.0,0.0,0.09209862224947776,0.05327266441573229,83.66952610104406,19.23909233401293,166.68072450805647,38.29051382774164,0.9981055680940727,0.039834376975400564,0.12588241959162008,0.02403252363275016,1.9828061216952055,0.22319504470173251,59000.0,0.0,3.0,1.5811388300841898,686.8,803.9674744664737
Accumulate,119,0.0,0.0,0.09208604287175913,0.05321335385616462,83.67801383732845,19.23113108486178,165.79629478033198,36.986750134723344,0.9939323222201917,0.036627428068301396,0.126739654987761,0.02423272480596179,1.9829335592182837,0.22312965218336095,59500.0,0.0,3.0,1.5811388300841898,686.8,803.9674744664737
Accumulate,120,0.0,0.0,0.09215963581737902,0.053171993377310135,83.66900960073296,19.226679964771392,168.002890971238,38.1481748387417,1.0065830545284604,0.029845377154426825,0.13401481301893195,0.024377126161356757,1.9828045444814428,0.22311430986540118,60000.0,0.0,3.0,1.5811388300841898,686.8,803.9674744664737
Accumulate,121,0.0,0.0,0.0921222714764454,0.05267523779242016,83.68427569064627,19.244487339672148,166.6779794685773,38.21255805106231,0.9983178013607314,0.035219661705143825,0.12934922478229063,0.013707318935962056,1.9829644909997188,0.22329907232010973,60500.0,0.0,3.0,1.5811388300841898,686.8,803.9674744664737
Accumulate,122,0.0,0.0,0.09205915070682884,0.052515241187259885,83.69361672918154,19.26510778946074,168.7884203087753,38.57725594620783,1.0111296602982769,0.03480619174694504,0.12773047835879905,0.019951804860035796,1.9830297156759449,0.22354373082180298,61000.0,0.0,3.0,1.5811388300841898,686.8,803.9674744664737
Accumulate,123,0.0,0.0,0.0920161969367513,0.0524528714803712,83.69139428643217,19.266473050221933,167.20972750109254,37.66680979327411,1.0021051998826764,0.03508740586924914,0.12754318558148728,0.022979536394081294,1.9830009361545564,0.2235607491180245,61500.0,0.0,3.0,1.5811388300841898,686.8,803.9674744664737
Accumulate,124,0.0,0.0,0.09210082971046304,0.0522331944483662,83.6876767353588,19.252562718681947,168.49253284396008,40.72773653702861,1.0071033264135492,0.024908471371272112,0.12778258790435523,0.020494854132167912,1.9829998700665847,0.22348763893010798,62000.0,0.0,3.0,1.5811388300841898,686.8,803.9674744664737
Accumulate,125,0.0,0.0,0.09208061965771937,0.0523109243631848,83.68981175081551,19.25579704512753,166.5865504592621,38.93853404258184,0.9967222778543906,0.03088463239502211,0.12413273061606296,0.01920364743388201,1.9830205518125645,0.22352460564605028,62500.0,0.0,3.0,1.5811388300841898,686.8,803.9674744664737
Accumulate,126,0.0,0.0,0.0918279855718898,0.05171768815688453,83.7050892277369,19.25875990598568,167.50508474339804,39.759908634475586,1.0014610886460276,0.02755537007819443,0.13264038400400927,0.027487676628701465,1.9831423453430201,0.22352290335005043,63000.0,0.0,3.0,1.5811388300841898,686.8,803.9674744664737
Accumulate,127,0.0,0.0,0.09171050440007675,0.051468477628970506,83.6871967671945,19.26909479361837,167.3047560039625,39.4722950162694,1.0008276327431116,0.031494115241797176,0.1283644716020912,0.029174244113565125,1.9829308176037899,0.2236645772915361,63500.0,0.0,3.0,1.5811388300841898,686.8,803.9674744664737
Accumulate,128,0.0,0.0,0.09155811452268761,0.05130812666413861,83.69296680226827,19.27768163444157,166.65927314178623,36.455707881277206,1.0003259069877088,0.03930676911280759,0.12170794395529363,0.01672444407939111,1.9829918533668085,0.22374482850757324,64000.0,0.0,3.0,1.5811388300841898,686.8,803.9674744664737
Accumulate,129,0.0,0.0,0.09143118196525153,0.05148076706391248,83.70501640146448,19.287825084324172,167.21547773154072,38.44737870211846,1.0012641000160138,0.03306560494136379,0.13216261479042038,0.017844396871956176,1.9831176426042485,0.22385595059082591,64500.0,0.0,3.0,1.5811388300841898,686.8,803.9674744664737
Accumulate,130,0.0,0.0,0.0917558216056891,0.05161243223498464,83.70693845519341,19.286228458861622,167.36722928756348,38.7768852367398,1.001988129364395,0.03208340222407377,0.12740646867274696,0.020989867889469105,1.9831185863852316,0.22386964638228823,65000.0,0.0,3.0,1.5811388300841898,686.8,803.9674744664737
Accumulate,131,0.0,0.0,0.0916878264592308,0.05175048656692301,83.69719997933608,19.260172174764794,166.4042977481161,37.801684483909426,0.9969280085565165,0.03928795313686169,0.1331418261409271,0.017445174651284923,1.9830478076247604,0.2236380559481231,65500.0,0.0,3.0,1.5811388300841898,686.8,803.9674744664737
Accumulate,132,0.0,0.0,0.09134990941173923,0.05187259717529373,83.69733308050792,19.254780080882355,167.83502999984483,38.75540366907716,1.004826776161994,0.029101818937713228,0.1215405040633247,0.01250744527601447,1.9830240921858067,0.2235712497484726,66000.0,0.0,3.0,1.5811388300841898,686.8,803.9674744664737
Accumulate,133,0.0,0.0,0.09142788040388046,0.05220058632196654,83.69540827702164,19.26139762327369,168.53949283418592,38.382233210116084,1.0094137024522,0.03763850244567924,0.1283104443201603,0.02213788947504541,1.9830070290403718,0.22361120329518894,66500.0,0.0,3.0,1.5811388300841898,686.8,803.9674744664737
Accumulate,134,0.0,0.0,0.09100975630123795,0.05219345418145454,83.7116645442085,19.276714870838312,167.40660714640384,38.83723769478002,1.0021428251671591,0.03315129367693523,0.12788776804211188,0.010222944222911095,1.9831513381404904,0.2237389921240706,67000.0,0.0,3.0,1.5811388300841898,686.8,803.9674744664737
Accumulate,135,0.0,0.0,0.09058198914850386,0.05206613985083773,83.7059735295709,19.28291924126821,167.74541190960733,38.11904664832394,1.0049856914006638,0.037986280122572255,0.12794829530468368,0.019009525157886266,1.9830671598944818,0.22382364835025398,67500.0,0.0,3.0,1.5811388300841898,686.8,803.9674744664737
Accumulate,136,0.0,0.0,0.09039048052642285,0.05180144151461704,83.69949742862066,19.266331750139482,168.59102631793925,39.9192771910444,1.0080878784853446,0.029148068594175177,0.1333739106266863,0.026266228472834465,1.983019149857261,0.22362985593685922,68000.0,0.0,3.0,1.5811388300841898,686.8,803.9674744664737
Accumulate,137,0.0,0.0,0.0905867497768253,0.05202130310895304,83.69463730113246,19.251164131944435,167.9705284155034,36.77529235066225,1.008111080778989,0.042477096119228334,0.12788811376198664,0.020339181812892328,1.9829915009179424,0.22349904657956407,68500.0,0.0,3.0,1.5811388300841898,686.8,803.9674744664737
Accumulate,138,0.0,0.0,0.09085150502208253,0.05219241829962658,83.70166406476781,19.246333506846234,168.28653215750077,38.79075457619687,1.0078934744827304,0.03318364531710286,0.12986280019817062,0.028186177340565586,1.983116529546221,0.22347189020758318,69000.0,0.0,3.0,1.5811388300841898,686.8,803.9674744664737
Accumulate,139,0.0,0.0,0.09079867902229077,0.05191235140496031,83.69396574390237,19.2546893807162,166.13572576865985,36.64413448600175,0.9964683361830499,0.03502252236283245,0.12589534872973712,0.025424353568697648,1.9830413787170251,0.2236034707634682,69500.0,0.0,3.0,1.5811388300841898,686.8,803.9674744664737
Accumulate,140,0.0,0.0,0.09088643350098743,0.052153952398435115,83.68573690035961,19.25601830667272,169.68813634145906,42.45247588566458,1.0121141542675056,0.03921655616574587,0.12709691662559525,0.0187160112687473,1.9829347178932337,0.22363266035872215,70000.0,0.0,3.0,1.5811388300841898,686.8,803.9674744664737
Accumulate,141,0.0,0.0,0.09076713790119352,0.051652940971226635,83.69312088595788,19.258868654656666,167.08845491729238,38.09988045741782,1.0015033327202774,0.037429822874357276,0.1229637600407992,0.014800643091948895,1.9830391389327455,0.22365085320136988,70500.0,0.0,3.0,1.5811388300841898,686.8,803.9674744664737
Accumulate,142,0.0,0.0,0.09106704237989813,0.05182625125172932,83.69416496310164,19.25183947839471,168.29762890474132,39.535763428137884,1.0067147875586069,0.025640062717630235,0.12763600819779375,0.01976853860921798,1.983075153257899,0.22355587531351895,71000.0,0.0,3.0,1.5811388300841898,686.8,803.9674744664737
Accumulate,143,0.0,0.0,0.09117812206541066,0.051825181227615244,83.69499070201398,19.253443370095518,168.26758303161887,38.55176522077758,1.0074891959035845,0.038111842545666574,0.12299562854589204,0.021358431003894132,1.9830829802197372,0.22353405575855517,71500.0,0.0,3.0,1.5811388300841898,686.8,803.9674744664737
Accumulate,144,0.0,0.0,0.0908143689393004,0.05138027577721745,83.69799599183553,19.270660396657274,167.89285805321464,36.95258707318339,1.007163096218139,0.03555708550992802,0.11451365859978639,0.011966320364920824,1.9830957552346498,0.22367076630915336,72000.0,0.0,3.0,1.5811388300841898,686.8,803.9674744664737
Accumulate,145,0.0,0.0,0.09136300438949271,0.05181948871929999,83.69623040028051,19.275993205676098,167.89513183075275,37.41720328209841,1.006654667974122,0.04189846237347253,0.13019844184857807,0.021596000977277156,1.983060668658652,0.22372987638830696,72500.0,0.0,3.0,1.5811388300841898,686.8,803.9674744664737
Accumulate,146,0.0,0.0,0.09151540744580738,0.051915751684621356,83.69727361245506,19.267066964671375,167.4312419811159,37.721319586095824,1.0038736360506888,0.0413748744280149,0.1306369171701652,0.019130044790131237,1.9830900873145567,0.22367794776252642,73000.0,0.0,3.0,1.5811388300841898,686.8,803.9674744664737
Accumulate,147,0.0,0.0,0.0914746451743013,0.05173768917766556,83.693152356264,19.26468718671642,167.9057606956563,37.53854265120862,1.0067478305746147,0.03732701118876938,0.1351449047828806,0.014962000687496287,1.9830571225668456,0.22367094145046293,73500.0,0.0,3.0,1.5811388300841898,686.8,803.9674744664737
Accumulate,148,0.0,0.0,0.09164683139470364,0.05198507979099826,83.70035534109587,19.277915991509886,166.7453044027139,36.82427348265703,1.000081851597024,0.033723743127909975,0.13738241658846645,0.019070115947037888,1.9831413244028417,0.2237737315082784,74000.0,0.0,3.0,1.5811388300841898,686.8,803.9674744664737
Accumulate,149,0.0,0.0,0.09173754347752852,0.05223583040065834,83.69874988796495,19.261035708961483,168.14331135041755,39.72231749567291,1.005691626893158,0.033870376557606864,0.12314109406935007,0.019545489207455077,1.983146592378004,0.22358791975604572,74500.0,0.0,3.0,1.5811388300841898,686.8,803.9674744664737
Accumulate,150,0.0,0.0,0.09159089143445477,0.05207091986271832,83.70341602335358,19.28090108966415,167.49427504709132,38.40495309089175,1.0033590644028134,0.03525822351535542,0.12989857288298445,0.01946546566016064,1.9831875072397178,0.22371680153355225,75000.0,0.0,3.0,1.5811388300841898,686.8,803.9674744664737
Accumulate,151,0.0,0.0,0.09144984138481041,0.05240749710003227,83.71138073251245,19.281946464281003,166.68939503299427,37.8908341080253,0.998745224356772,0.03805608569196949,0.1290581971306019,0.019579338019532287,1.9832651998109712,0.22373441473622172,75500.0,0.0,3.0,1.5811388300841898,686.8,803.9674744664737
Accumulate,152,0.0,0.0,0.09138453090557744,0.052582618879711954,83.71158626651231,19.28667753434484,166.4960150853724,37.59166896659797,0.9982374725573055,0.03927018560296876,0.12225925129917461,0.01424163417149745,1.9832592669181601,0.2237848160202892,76000.0,0.0,3.0,1.5811388300841898,686.8,803.9674744664737
Accumulate,153,0.0,0.0,0.0915167209564862,0.05286807361126127,83.72565200786013,19.29302833539762,167.6656297626095,37.32074904676997,1.0053314725735287,0.03972677209227669,0.13036549676202597,0.012564885170441995,1.983426420685819,0.22385154424022127,76500.0,0.0,3.0,1.5811388300841898,686.8,803.9674744664737
Accumulate,154,0.0,0.0,0.09135521568905294,0.05296678331789871,83.72160956841985,19.28681500253841,167.74686253581615,37.637934052883615,1.0056442787332984,0.0408302465600423,0.12490269261502021,0.011418458177802944,1.9834145031395949,0.22379911087514914,77000.0,0.0,3.0,1.5811388300841898,686.8,803.9674744664737
Accumulate,155,0.0,0.0,0.0915657823108403,0.05318852207741385,83.72640001876164,19.30226488857085,167.32355518681993,37.87616001450605,1.0026609721376878,0.03753647613777067,0.1260468172212776,0.0216100246473509,1.9834285708190784,0.22392511652092234,77500.0,0.0,3.0,1.5811388300841898,686.8,803.9674744664737
Accumulate,156,0.0,0.0,0.09189094191591878,0.053153264148232814,83.73336982843176,19.298488077579574,167.33127258194975,39.4997423542821,1.0012431314543186,0.03661538915316142,0.1285284178427561,0.027076869530269835,1.9835282697101924,0.22385594889540478,78000.0,0.0,3.0,1.5811388300841898,686.8,803.9674744664737
Accumulate,157,0.0,0.0,0.09178048836584274,0.05276089711063242,83.73379605926547,19.28774913674026,168.84326330971047,39.08277988394363,1.0108736794748825,0.03293939358868162,0.12764441956228473,0.012667253482527533,1.983523120701573,0.22372370393477184,78500.0,0.0,3.0,1.5811388300841898,686.8,803.9674744664737
Accumulate,158,0.0,0.0,0.09139151873365317,0.05267000102190406,83.72608909992296,19.28676105721017,167.64957012997436,38.34006468628122,1.0040264948903033,0.03257065347195394,0.1251089422115676,0.021238862196456827,1.983455853600661,0.2237259533502269,79000.0,0.0,3.0,1.5811388300841898,686.8,803.9674744664737
Accumulate,159,0.0,0.0,0.09134640495057247,0.052709491237376616,83.74259876290284,19.291796482830033,167.29894407363457,37.182933465566414,1.0031573200547628,0.0368252115154384,0.1344943692520525,0.020188840870900327,1.9836436731998077,0.22377734296989063,79500.0,0.0,3.0,1.5811388300841898,686.8,803.9674744664737
Accumulate,160,0.0,0.0,0.0910470235578039,0.052833235980139025,83.73298777982855,19.28078907083037,167.80712710719905,37.68374377260479,1.0054478606279205,0.03757098153702051,0.13050087632265983,0.016387761325971653,1.9835412321140233,0.22366274946190415,80000.0,0.0,3.0,1.5811388300841898,686.8,803.9674744664737
Accumulate,161,0.0,0.0,0.09102485533593373,0.053029661505416166,83.73023421203452,19.266828851665736,167.19857583660064,36.61270739758726,1.0030280878207898,0.036708510553965956,0.13043268329479502,0.022589514388605385,1.983530572910368,0.2235502495860591,80500.0,0.0,3.0,1.5811388300841898,686.8,803.9674744664737
Accumulate,162,0.0,0.0,0.09109395726741142,0.052920267305496545,83.7234455749062,19.262018567059673,168.67931362894114,38.37216457003034,1.0105444358117643,0.03426289577665931,0.13245060992923302,0.021014247855339487,1.9834409365818189,0.22354182513555848,81000.0,0.0,3.0,1.5811388300841898,686.8,803.9674744664737
Accumulate,163,0.0,0.0,0.09114118686575975,0.05286612358925971,83.7256774764393,19.265495670793353,169.1719957956446,38.511504554122986,1.013221699492167,0.03219273714132048,0.13289852251729842,0.021415336191676855,1.9834685342779905,0.22358744669852273,81500.0,0.0,3.0,1.5811388300841898,686.8,803.9674744664737
Accumulate,164,0.0,0.0,0.09128229755588756,0.053135315809967915,83.7128344916161,19.254253833798387,168.01678956852837,37.228033045974605,1.0080082920433444,0.044122751739171545,0.1291744126346274,0.01666242772741289,1.983316515616791,0.22348200146051764,82000.0,0.0,3.0,1.5811388300841898,686.8,803.9674744664737
Accumulate,165,0.0,0.0,0.09139854058057466,0.05298314451962585,83.7005184105433,19.244609058590928,167.43076303002408,38.98449245467771,1.0025663133588203,0.033704866711519225,0.12635362897830554,0.015818375701333987,1.9831970011386288,0.223405095996075,82500.0,0.0,3.0,1.5811388300841898,686.8,803.9674744664737
Accumulate,166,0.0,0.0,0.09143794420248595,0.05326980400794894,83.69909312382579,19.23223958329899,165.4392104996654,37.46655950992775,0.9913240202285678,0.031678948369494864,0.12254468685335622,0.014599879344302104,1.983187278831935,0.2232763046271721,83000.0,0.0,3.0,1.5811388300841898,686.8,803.9674744664737
Accumulate,167,0.0,0.0,0.09148004937558518,0.05345142716259595,83.69455127911253,19.22693059972308,167.6002494607656,35.14244241701255,1.0070945910917772,0.04649103867247427,0.13470992610564722,0.02350175059577303,1.983153387032552,0.2232498092969412,83500.0,0.0,3.0,1.5811388300841898,686.8,803.9674744664737
Accumulate,168,0.0,0.0,0.09160116328740993,0.0538256683890749,83.70144991340142,19.232773860574937,168.88136899517232,40.04122168298902,1.010269715248085,0.03587314293350488,0.12112462674998037,0.023336590424234662,1.9832091948053852,0.22327504473185977,84000.0,0.0,3.0,1.5811388300841898,686.8,803.9674744664737
Accumulate,169,0.0,0.0,0.0916947090623577,0.053906946552631056,83.69895454043173,19.22957800630599,168.00398606416374,39.60549942665717,1.0049166625640202,0.030994003970099077,0.1260314954143312,0.026405823021186436,1.9831731155169123,0.2232363441805797,84500.0,0.0,3.0,1.5811388300841898,686.8,803.9674744664737
Accumulate,170,0.0,0.0,0.09174363135487469,0.053843355694211156,83.6962398930635,19.22384297470431,167.63685018519237,38.63173935620213,1.0039311059544231,0.03581002748037469,0.1222533842410648,0.010932395084845377,1.9831232786962734,0.22316922831941577,85000.0,0.0,3.0,1.5811388300841898,686.8,803.9674744664737
Accumulate,171,0.0,0.0,0.09157453575879874,0.05371561106321704,83.69387969331379,19.23234229887251,165.22292823083046,37.92289304556909,0.9894600881841168,0.038464323946386644,0.14056746022829164,0.028481649094072612,1.9830976917250922,0.22324062213415832,85500.0,0.0,3.0,1.5811388300841898,686.8,803.9674744664737
Accumulate,172,0.0,0.0,0.09131057325376833,0.05327759352515065,83.68767833973051,19.22538374660699,167.23622561348557,37.51062800261529,1.0022423040685076,0.036083916050753714,0.1364648664796336,0.023463943064921285,1.9830456472033924,0.22316086517600764,86000.0,0.0,3.0,1.5811388300841898,686.8,803.9674744664737
Accumulate,173,0.0,0.0,0.09126506123230173,0.05335705929845252,83.67937091289457,19.220694373628543,165.98883191126728,39.44927584362783,0.9928836139221466,0.028700002584484307,0.12421519447627541,0.015327965364340002,1.9829513113353319,0.22313733607949726,86500.0,0.0,3.0,1.5811388300841898,686.8,803.9674744664737
Accumulate,174,0.0,0.0,0.09130558782152065,0.053415254525624366,83.6735692884065,19.21614438006215,168.78223719811314,39.74804748597496,1.0100486899481527,0.03070706533729379,0.12907522064602928,0.024012083959486785,1.9828934815657795,0.2230829830679911,87000.0,0.0,3.0,1.5811388300841898,686.8,803.9674744664737
Accumulate,175,0.0,0.0,0.09132333366941521,0.053104823561004544,83.66870047894719,19.21766802704654,168.33944196622485,39.36777750524456,1.006886364454236,0.031613159978147835,0.12683771914490077,0.012951657817934701,1.982855955879744,0.2230841119167525,87500.0,0.0,3.0,1.5811388300841898,686.8,803.9674744664737
Accumulate,176,0.0,0.0,0.09145064944473555,0.053112949813497554,83.66063249347346,19.20594209744561,166.6717505509218,37.39618155342377,0.9988035469019383,0.03770916122061536,0.13323938210831182,0.020316736000583906,1.9827662079557218,0.22294774980229545,88000.0,0.0,3.0,1.5811388300841898,686.8,803.9674744664737
Accumulate,177,0.0,0.0,0.09127087748714521,0.0530661839709798,83.67048441016141,19.21647107642532,167.2240217619159,37.54502996131509,1.0028793627040098,0.046786162147346926,0.12587673107144268,0.025412556423710094,1.9828632747282913,0.2230295131574772,88500.0,0.0,3.0,1.5811388300841898,686.8,803.9674744664737
Accumulate,178,0.0,0.0,0.09127221704299956,0.05302558595389379,83.67271713698635,19.23693876964732,166.65388262098364,38.40188213340882,0.9978180624736102,0.036571287062652745,0.12495273224194114,0.014664916893670403,1.982872098905705,0.22321561112547755,89000.0,0.0,3.0,1.5811388300841898,686.8,803.9674744664737
Accumulate,179,0.0,0.0,0.09114954432244046,0.05289716109957868,83.66974371551689,19.232194583519252,167.81965355298175,37.85403858659765,1.0057957112925422,0.03423655027399474,0.12714959939453635,0.019718854513535125,1.9828255155586216,0.22314638576495335,89500.0,0.0,3.0,1.5811388300841898,686.8,803.9674744664737
Accumulate,180,0.0,0.0,0.0910967156275358,0.05296447461290562,83.67364917751952,19.22858241472065,165.506117293703,38.46563142349237,0.990396554824047,0.031354631350753656,0.12860792018569175,0.023138879312554046,1.98290795694952,0.2230817415235661,90000.0,0.0,3.0,1.5811388300841898,686.8,803.9674744664737
Accumulate,181,0.0,0.0,0.09071549328547454,0.053041744729564765,83.66943248967443,19.218639619071677,165.76702319850375,39.73923414354936,0.9910409383504785,0.03189013795489567,0.12366372199446765,0.012183807180480946,1.9828869481464657,0.22297698919587522,90500.0,0.0,3.0,1.5811388300841898,686.8,803.9674744664737
Accumulate,182,0.0,0.0,0.09077979957862152,0.0531700808513311,83.68459220551968,19.238345168782953,166.37736707217314,40.53169191378046,0.9936920962106335,0.031200414351041598,0.129705572491042,0.02846636150396214,1.9830159115707708,0.2231452261646037,91000.0,0.0,3.0,1.5811388300841898,686.8,803.9674744664737
Accumulate,183,0.0,0.0,0.09083253931017934,0.053068434867494074,83.6718050269815,19.23960609431856,167.16254205890831,39.1888864046529,1.0003007736491778,0.03462176053735894,0.12241047976825788,0.011666816225825702,1.9828449953039033,0.22317152969565887,91500.0,0.0,3.0,1.5811388300841898,686.8,803.9674744664737
Accumulate,184,0.0,0.0,0.0907866046297958,0.05309860956490293,83.67510645743255,19.249907394521824,167.1434827458125,37.75203617909866,1.0014379081325582,0.035869962791809526,0.11898912228422046,0.021550307886326007,1.9828771045680853,0.22325342346900398,92000.0,0.0,3.0,1.5811388300841898,686.8,803.9674744664737
Accumulate,185,0.0,0.0,0.09082592910409104,0.0533205479360195,83.67837651051005,19.253788358824757,166.6563086812278,37.92486240300574,0.9983762043241431,0.027198393607773038,0.12706804947146966,0.015411362346140526,1.982916202586703,0.2233162803607741,92500.0,0.0,3.0,1.5811388300841898,686.8,803.9674744664737
Accumulate,186,0.0,0.0,0.09068443830539696,0.0531437172723368,83.67239200814876,19.25905570016971,166.96250939129223,36.94008348850697,1.0017134641549514,0.04430722531431104,0.13103503521633833,0.01834992380617144,1.982850016647141,0.223362138803424,93000.0,0.0,3.0,1.5811388300841898,686.8,803.9674744664737
Accumulate,187,0.0,0.0,0.0905196442548407,0.05290557204232435,83.67160488073425,19.274678180463884,167.4155849942744,38.5382024804053,1.0021660131846515,0.03376911613287924,0.13325909768019245,0.03657843114314983,1.9828205542394297,0.22351031273115216,93500.0,0.0,3.0,1.5811388300841898,686.8,803.9674744664737
Accumulate,188,0.0,0.0,0.09071374659868384,0.05273957775610483,83.67174839619946,19.256534739869764,168.24385774872047,38.449018778153466,1.0076377448825131,0.037498267498043775,0.1293555533709795,0.021847042602975864,1.9828096428610795,0.22332195596192883,94000.0,0.0,3.0,1.5811388300841898,686.8,803.9674744664737
Accumulate,189,0.0,0.0,0.09069762047286983,0.052852387473622024,83.65543747965879,19.234894721488978,168.07318375054416,38.908578109480565,1.0062493166802946,0.039895840335371455,0.13351840240941418,0.024863610409373346,1.9826532149709792,0.22315172517609502,94500.0,0.0,3.0,1.5811388300841898,686.8,803.9674744664737
Accumulate,190,0.0,0.0,0.09096324359053361,0.05299568125181627,83.65411719352169,19.233697185484974,166.4968265100296,39.179794359428534,0.9962392478665855,0.03476288334825791,0.1315228356496339,0.020893493983164473,1.982644020134162,0.22315117708746385,95000.0,0.0,3.0,1.5811388300841898,686.8,803.9674744664737
Accumulate,191,0.0,0.0,0.0907888551279316,0.05304766714197184,83.65976598738158,19.24433885536735,166.98882028475327,36.91187474583217,1.0018438434166757,0.04315965187131258,0.1305098497860524,0.026208306653799043,1.9826903296320417,0.22324862967618306,95500.0,0.0,3.0,1.5811388300841898,686.8,803.9674744664737
Accumulate,192,0.0,0.0,0.09047985855768506,0.05284251546429617,83.65496266540023,19.238599166923375,166.73226455713248,37.28059979571594,0.9993569050422544,0.03616901839290456,0.12465997288778667,0.021766116604178765,1.9826748397293703,0.22318573417556795,96000.0,0.0,3.0,1.5811388300841898,686.8,803.9674744664737
Accumulate,193,0.0,0.0,0.09042149570370706,0.052699703681668736,83.66714401714435,19.237218506895648,167.27045581749954,38.667116031320504,1.001657761346772,0.035652873583494525,0.12500324719198702,0.014179628934025666,1.9828080470047404,0.22315074446005875,96500.0,0.0,3.0,1.5811388300841898,686.8,803.9674744664737
Accumulate,194,0.0,0.0,0.090520797996096,0.05276452752776287,83.66691101474075,19.242413391073764,166.1915894271051,39.01040992168004,0.9943754570017418,0.03162361913430234,0.12021472576626764,0.01564451494587276,1.9828036773183069,0.22319277484593972,97000.0,0.0,3.0,1.5811388300841898,686.8,803.9674744664737
Accumulate,195,0.0,0.0,0.09055773540920169,0.05279646132850278,83.66274240215152,19.23964940424262,167.03566237634263,39.24945758375951,0.999377531581177,0.030776884852495537,0.1255943231346633,0.018783596104780243,1.9827718746314758,0.22319548536744818,97500.0,0.0,3.0,1.5811388300841898,686.8,803.9674744664737
Accumulate,196,0.0,0.0,0.09055440250450807,0.05284969394387628,83.67270637453112,19.249961982776643,168.69009101377293,39.9716608260182,1.009011710698415,0.02913004904684973,0.12181190757625363,0.01655360465448518,1.9828602308900927,0.22327296658840373,98000.0,0.0,3.0,1.5811388300841898,686.8,803.9674744664737
Accumulate,197,0.0,0.0,0.09069739654562999,0.052651182806845574,83.67949186112028,19.25181658954304,167.59639631111307,36.77292844558146,1.0058476557610292,0.039393362081265364,0.13053076072773545,0.014480287325223468,1.9829190782630235,0.22328432953961325,98500.0,0.0,3.0,1.5811388300841898,686.8,803.9674744664737
Accumulate,198,0.0,0.0,0.09062950520995817,0.05244560176508565,83.67102938038413,19.255246641702463,168.59983621552755,41.53668579995863,1.0066471566511646,0.022159484551666823,0.12895405078131125,0.019899205389881013,1.98283273082833,0.22333871386566084,99000.0,0.0,3.0,1.5811388300841898,686.8,803.9674744664737
Accumulate,199,0.0,0.0,0.09039415646376384,0.05230858773474599,83.67547670687323,19.258281367569076,167.0224946034849,37.22133628312667,1.0012647890590807,0.032097445536313066,0.12849434276891683,0.020079329912912676,1.982880646831018,0.22333344509974196,99500.0,0.0,3.0,1.5811388300841898,686.8,803.9674744664737
Accumulate,200,0.0,0.0,0.09030876524777035,0.05227223367047339,83.67078942238592,19.257802422816084,166.64238563763362,37.1174042191532,0.9990151284986146,0.032710645280668756,0.11904844274601203,0.012898428601692515,1.9828419647102795,0.22333985631729936,100000.0,0.0,3.0,1.5811388300841898,686.8,803.9674744664737
Accumulate + Select,0,1.0,0.0,0.0,0.0,84.12649828456804,20.561120228712863,169.92520056280836,44.0320611267062,1.0121675473268252,0.01351535210954455,0.07917510665309006,0.015233825698611578,1.9847177533338722,0.24259294339532084,,,3.0,1.5811388300841898,686.8,803.9674744664737
Accumulate + Select,1,1.0,0.0,5.266968809384342,3.705127061252077,43.819724068060474,12.958542334008971,87.9697191262504,25.997946830813277,0.534143376467205,0.15872543962615537,0.8880838780523046,0.09471757361854649,1.4267296173806139,0.2206872032791983,500.0,0.0,3.0,1.5811388300841898,686.8,803.9674744664737
Accumulate + Select,2,1.0,0.0,9.680065647387899,7.514605059434694,30.876108817637213,11.200934105637888,61.54327356905011,22.509992825968816,0.3761523918555929,0.1551435926836514,1.2456886617438836,0.1607808799306116,1.1931805816873517,0.22531842036469313,1000.0,0.0,3.0,1.5811388300841898,686.8,803.9674744664737
Accumulate + Select,3,1.0,0.0,12.36821377935058,9.723906270338135,24.144489732164203,9.419879851729787,48.320857383128256,18.80642447840702,0.2957978835992684,0.13106710042379405,1.4081585329267674,0.2083134587909035,1.0522481448019017,0.21314846075091304,1500.0,0.0,3.0,1.5811388300841898,686.8,803.9674744664737
Accumulate + Select,4,1.0,0.0,14.034676638791737,10.933428207357696,20.108419389377918,8.083848707146798,40.51591419248811,16.72394062359523,0.2475765687354961,0.11499177555935174,1.5254691860347254,0.2136214899523714,0.9587718191200519,0.19996415738157663,2000.0,0.0,3.0,1.5811388300841898,686.8,803.9674744664737
Accumulate + Select,5,1.0,0.0,15.219204506575949,11.89437731703473,17.32182103860294,7.104948355118325,34.55272315854188,13.932990558963986,0.21168673848514316,0.09712991190549973,1.5723551791611177,0.21151583813619337,0.8890344900778743,0.18914209312898891,2500.0,0.0,3.0,1.5811388300841898,686.8,803.9674744664737
Accumulate + Select,6,1.0,0.0,16.041323337255722,12.409355082715516,15.261159434776081,6.32405922799662,30.56157675857162,12.7990831353625,0.18764578381954417,0.0906105266717389,1.6414970867494296,0.24293746057681928,0.8341812015395973,0.17908121664253115,3000.0,0.0,3.0,1.5811388300841898,686.8,803.9674744664737
Accumulate + Select,7,1.0,0.0,16.669916091842186,12.817078396981026,13.720802952767864,5.7301877962343,27.413919824541303,11.413420751945797,0.16803935828613026,0.07961314715535187,1.6905380306259672,0.22312401974495824,0.7904186958638622,0.17096681822286944,3500.0,0.0,3.0,1.5811388300841898,686.8,803.9674744664737
Accumulate + Select,8,1.0,0.0,17.235705154690997,13.165749192550841,12.476016157196852,5.2511109194314445,24.807918016933364,10.540384693737758,0.1521910120039428,0.0738852207030095,1.7593282336338802,0.2719833311502496,0.7535553890413473,0.16406346612972045,4000.0,0.0,3.0,1.5811388300841898,686.8,803.9674744664737
Accumulate + Select,9,1.0,0.0,17.66700113606335,13.438922490889578,11.471159670323905,4.84939265212051,22.5132446873127,9.391781189427375,0.13833344729738256,0.06645781841521893,1.8072063414320403,0.2550894759500984,0.7224290590934396,0.15802360980047342,4500.0,0.0,3.0,1.5811388300841898,686.8,803.9674744664737
Accumulate + Select,10,1.0,0.0,18.075217662635737,13.676764262373746,10.626369784453527,4.491692602120943,21.02156610829922,8.530071465481504,0.12885337124378765,0.05915529709980132,1.809368128451108,0.28114274951891705,0.6953132728020894,0.15206936629093057,5000.0,0.0,3.0,1.5811388300841898,686.8,803.9674744664737
Accumulate + Select,11,1.0,0.0,18.413733799148503,13.909795503846086,9.9352081267004,4.223510139303692,19.953241933610233,8.498409234831648,0.12216732725036625,0.058261149502527726,1.9207552976207212,0.3153932128233274,0.6720897666793052,0.1477652822175385,5500.0,0.0,3.0,1.5811388300841898,686.8,803.9674744664737
Accumulate + Select,12,1.0,0.0,18.691436283253516,14.069662363486872,9.341630745700236,3.9986802141667095,18.600114237369663,7.920059117077891,0.11419453235509276,0.05560147483738752,1.8940674655996612,0.30920179227492917,0.6514668058595753,0.1441323749757385,6000.0,0.0,3.0,1.5811388300841898,686.8,803.9674744664737
Accumulate + Select,13,1.0,0.0,18.915396269880446,14.205881698989261,8.82587250824987,3.7917778968893137,17.49529663657379,7.4762736180038125,0.10761911742902926,0.053143608652192934,1.8893404697823866,0.3062144539607608,0.6331283532793477,0.14049781452812196,6500.0,0.0,3.0,1.5811388300841898,686.8,803.9674744664737
Accumulate + Select,14,1.0,0.0,19.141146288259204,14.336981011575245,8.360586287619238,3.6015531697532994,16.70019161929472,7.1280873326169045,0.10254392950552052,0.0499871003812016,1.9157333284779834,0.2789481451759412,0.616114541941472,0.13707030423798863,7000.0,0.0,3.0,1.5811388300841898,686.8,803.9674744664737
Accumulate + Select,15,1.0,0.0,19.33571603167671,14.4385936704558,7.957061528617471,3.43842536904322,15.975667484551295,6.9188764138413115,0.0980687324767308,0.0480983714271541,1.9331613705795583,0.27594977006352206,0.6009331795289103,0.13404837622055565,7500.0,0.0,3.0,1.5811388300841898,686.8,803.9674744664737
Accumulate + Select,16,1.0,0.0,19.484094121057105,14.521185985723772,7.588436257083582,3.2877568644225317,15.180614048937183,6.649927888294495,0.09366027050407258,0.04791363638091735,1.9642251279674316,0.3088852484976028,0.5867951920603955,0.13111845943745262,8000.0,0.0,3.0,1.5811388300841898,686.8,803.9674744664737
Accumulate + Select,17,1.0,0.0,19.639071666561136,14.604950143731328,7.257134358216663,3.1472757873984336,14.449440292441574,6.1056391516339925,0.08889635575767416,0.043268999147597555,1.934477294265316,0.24433850663665505,0.5738559377566715,0.12828688351206313,8500.0,0.0,3.0,1.5811388300841898,686.8,803.9674744664737
Accumulate + Select,18,1.0,0.0,19.790703587764447,14.698129561588859,6.953749892964953,3.0194320498444926,13.824146271843759,6.041180635450464,0.0850229103596542,0.04262511085263785,2.0201522666960585,0.3352548558499752,0.561690494980515,0.12569031980695855,9000.0,0.0,3.0,1.5811388300841898,686.8,803.9674744664737
Accumulate + Select,19,1.0,0.0,19.926474508974575,14.76571705792433,6.684978340652462,2.9088823219150877,13.346827953722112,5.811230693875661,0.08219239132750415,0.041566068104519856,1.9967535830748826,0.3162402997388458,0.5506615816887603,0.1234816359640366,9500.0,0.0,3.0,1.5811388300841898,686.8,803.9674744664737
Accumulate + Select,20,1.0,0.0,20.049771565835776,14.82191872979358,6.4403115508970625,2.809761693086691,12.80106935297231,5.517680228424643,0.07880098639013637,0.03912854272913836,1.958053102518813,0.35015111469024585,0.5404349543959044,0.12146098412321982,10000.0,0.0,3.0,1.5811388300841898,686.8,803.9674744664737
Accumulate + Select,21,1.0,0.0,20.154314454116196,14.87214608415824,6.213690111120736,2.7184107622290257,12.478337218911395,5.48187227112094,0.07680487114341102,0.03878986746679962,2.033395181306463,0.31180671118107794,0.5308074626763682,0.11957054392091768,10500.0,0.0,3.0,1.5811388300841898,686.8,803.9674744664737
Accumulate + Select,22,1.0,0.0,20.246978197186216,14.91590521272835,6.003289689158192,2.6267548411852006,12.102125228617478,5.2597416444501395,0.07460495234400874,0.03770438906441647,2.017860469880273,0.28604303934973235,0.5217341327439672,0.1175139705069392,11000.0,0.0,3.0,1.5811388300841898,686.8,803.9674744664737
Accumulate + Select,23,1.0,0.0,20.348326379271118,14.963485271086702,5.81448794716849,2.548028113743758,11.692720156981112,5.13801728881647,0.07206561447407463,0.03665512992557332,2.0394826283028977,0.33211828828679707,0.5134222514318182,0.11582335675729556,11500.0,0.0,3.0,1.5811388300841898,686.8,803.9674744664737
Accumulate + Select,24,1.0,0.0,20.44709076244319,15.015660193830863,5.636846060763416,2.477567061770237,11.307324448631164,4.900760658201631,0.06982527510171341,0.03545331121523743,2.0214838379122346,0.33989609218089645,0.505461315031902,0.11428085661342013,12000.0,0.0,3.0,1.5811388300841898,686.8,803.9674744664737
Accumulate + Select,25,1.0,0.0,20.547111072096282,15.076554763158684,5.470206509498235,2.4100905610192207,10.870102354502688,4.765417299136301,0.0668869528550149,0.03365245566745888,2.096682087953808,0.3143426022735684,0.497861888080292,0.11279316154134836,12500.0,0.0,3.0,1.5811388300841898,686.8,803.9674744664737
Accumulate + Select,26,1.0,0.0,20.638280896063506,15.12096290376049,5.314621105623578,2.3430913228291854,10.534888212196218,4.60865737555629,0.06498716270661903,0.03294134920360739,2.0646150818744196,0.33530559989963304,0.4907086343817818,0.11124193605381624,13000.0,0.0,3.0,1.5811388300841898,686.8,803.9674744664737
Accumulate + Select,27,1.0,0.0,20.707496614469214,15.149048851749907,5.170158612408819,2.2846057116987004,10.322376476945822,4.661978874841064,0.06366946175519617,0.0332726545344766,2.0454938637256355,0.3113683771157922,0.4839187746514358,0.10990309983702033,13500.0,0.0,3.0,1.5811388300841898,686.8,803.9674744664737
Accumulate + Select,28,1.0,0.0,20.786800493569885,15.189396089260226,5.035000877821164,2.2266427870013055,10.01468383949134,4.300441643136154,0.061646505502714756,0.030351807325301076,2.0706556262347937,0.3078906898729472,0.47750574641470755,0.10849339560395364,14000.0,0.0,3.0,1.5811388300841898,686.8,803.9674744664737
Accumulate + Select,29,1.0,0.0,20.859478398879688,15.223422872381121,4.906357268295215,2.1684713146765437,9.802058361192062,4.416774780125601,0.060428707503027826,0.03144553562811383,2.044323574821841,0.34789730975212185,0.47134245300812194,0.10702163253888815,14500.0,0.0,3.0,1.5811388300841898,686.8,803.9674744664737
Accumulate + Select,30,1.0,0.0,20.939199859869085,15.273170450466736,4.785257586571543,2.1161944094038994,9.646881089388547,4.310685324188975,0.05947560531332937,0.030739731606531113,2.0243235913770934,0.31592444059505953,0.46547794208938403,0.1057307830084606,15000.0,0.0,3.0,1.5811388300841898,686.8,803.9674744664737
Accumulate + Select,31,1.0,0.0,21.006497000269327,15.30449083487298,4.669559514637865,2.0670645801856864,9.239151467757488,4.062138302901025,0.05694915606344484,0.02895240806056212,2.0804073649229236,0.32700486462246003,0.4598057081166185,0.10451114336870727,15500.0,0.0,3.0,1.5811388300841898,686.8,803.9674744664737
Accumulate + Select,32,1.0,0.0,21.075075708033072,15.337511021512277,4.559529328055929,2.0173759227727652,9.095206085921658,3.974685772262956,0.05616767232301493,0.028651910450196296,2.080740176263188,0.35262597412260294,0.454376314110067,0.10322663943100659,16000.0,0.0,3.0,1.5811388300841898,686.8,803.9674744664737
Accumulate + Select,33,1.0,0.0,21.135652695751652,15.358689878905743,4.457934459311455,1.9724003330180941,8.9924257734354,3.966749691320487,0.05530990667859727,0.02780972310311707,2.1012648687231468,0.31439692420925647,0.449257764460976,0.10204827733693221,16500.0,0.0,3.0,1.5811388300841898,686.8,803.9674744664737
Accumulate + Select,34,1.0,0.0,21.181426954136533,15.378710536432083,4.363617534487232,1.9341722042289289,8.771574862925053,4.041204225313866,0.05402673164181171,0.02859605975853237,2.108094834652845,0.3761933419815572,0.4444477749534411,0.10110465899919897,17000.0,0.0,3.0,1.5811388300841898,686.8,803.9674744664737
Accumulate + Select,35,1.0,0.0,21.243756196703004,15.413511212156104,4.27351756553766,1.895220240991294,8.592766499586824,3.826870372482756,0.05312610822079866,0.027734104685734968,2.1188735372186285,0.3551111885676283,0.4398024630782885,0.10007908075660508,17500.0,0.0,3.0,1.5811388300841898,686.8,803.9674744664737
Accumulate + Select,36,1.0,0.0,21.290913630457126,15.436842970322132,4.185503579313275,1.8559327853086323,8.349544591207748,3.612017744614014,0.05166368967997945,0.026300878100249246,2.0638678103655033,0.29451807277680936,0.43523184373077106,0.09901985280374268,18000.0,0.0,3.0,1.5811388300841898,686.8,803.9674744664737
Accumulate + Select,37,1.0,0.0,21.335108320359595,15.460381918155521,4.101795224833863,1.8182241856714265,8.14650948632031,3.6196294587058584,0.050298813904102804,0.025994698632527517,2.1098030266461953,0.3640024114052027,0.4308561287419973,0.09798665898894075,18500.0,0.0,3.0,1.5811388300841898,686.8,803.9674744664737
Accumulate + Select,38,1.0,0.0,21.38434396724059,15.484192499505518,4.023255362127179,1.7855125962376757,8.084229894089804,3.5899613138609405,0.049889122540778666,0.02569135327730611,2.090056775868535,0.3289930492845641,0.4266969476816218,0.09715267565124656,19000.0,0.0,3.0,1.5811388300841898,686.8,803.9674744664737
Accumulate + Select,39,1.0,0.0,21.43580772400551,15.510967276498624,3.947107202415816,1.753277797687703,7.848471232976934,3.438120688176143,0.04856314790325056,0.024997902106430162,2.087123150346191,0.3056419641316355,0.422629048686532,0.09630132528647599,19500.0,0.0,3.0,1.5811388300841898,686.8,803.9674744664737
Accumulate + Select,40,1.0,0.0,21.477898887372007,15.527832257627614,3.8752067969100414,1.7230258525775568,7.848416234611825,3.586387028390669,0.04848452950519279,0.025762152096756415,2.1401153041346292,0.32821961336046673,0.4187476745697863,0.0955149721566833,20000.0,0.0,3.0,1.5811388300841898,686.8,803.9674744664737
Accumulate + Select,41,1.0,0.0,21.527061682381717,15.550976612627675,3.8065072971973613,1.693696805616685,7.571362137341895,3.371667489061864,0.046831468939155,0.024403175409087624,2.129470907965888,0.31430367014312005,0.41498739180222116,0.09471024064334459,20500.0,0.0,3.0,1.5811388300841898,686.8,803.9674744664737
Accumulate + Select,42,1.0,0.0,21.563415606631278,15.566971341007642,3.7402853446864577,1.6646863660940836,7.43859282612618,3.302575440941757,0.04590846301818326,0.023693481252157284,2.1574302506532788,0.3454973227146162,0.41133246609654117,0.0938856181419247,21000.0,0.0,3.0,1.5811388300841898,686.8,803.9674744664737
Accumulate + Select,43,1.0,0.0,21.59864153166231,15.583960058178343,3.6764056888441687,1.636213880506504,7.3472375497179545,3.267976904058268,0.04541085399771282,0.0235488032072396,2.0941155421234368,0.3009154289468159,0.4077845816116318,0.09304391313879057,21500.0,0.0,3.0,1.5811388300841898,686.8,803.9674744664737
Accumulate + Select,44,1.0,0.0,21.63917431219967,15.60625680790531,3.613195734758867,1.6092091803624113,7.2408890163342505,3.246211699613805,0.04486114713505644,0.02374391446800457,2.113486961585731,0.3335821135151156,0.4042546598666788,0.09229148145957572,22000.0,0.0,3.0,1.5811388300841898,686.8,803.9674744664737
Accumulate + Select,45,1.0,0.0,21.672817312317,15.617926426506607,3.552549254996007,1.5827711074006567,7.08363800777318,3.143721599906985,0.04371426743859126,0.022430142437565092,2.087045922833953,0.2996342405339809,0.4008552930489122,0.09154628661173983,22500.0,0.0,3.0,1.5811388300841898,686.8,803.9674744664737
Accumulate + Select,46,1.0,0.0,21.711410039533902,15.638373750237536,3.495972446005825,1.557682142195998,6.985490682714655,3.1548211655133573,0.04323954860757223,0.022932637976480184,2.0963363917205315,0.2946707421824728,0.39765582799807636,0.09080549871540755,23000.0,0.0,3.0,1.5811388300841898,686.8,803.9674744664737
Accumulate + Select,47,1.0,0.0,21.742885127723458,15.652823142867776,3.441068629393809,1.5330582658231178,6.970345422404691,3.0934355884020994,0.043061863242638644,0.022224266028742456,2.1479517808678823,0.3584739378312502,0.3945209109196021,0.09008409719956148,23500.0,0.0,3.0,1.5811388300841898,686.8,803.9674744664737
Accumulate + Select,48,1.0,0.0,21.77708170210961,15.666168154350618,3.3890326522432352,1.510539592777005,6.768030800436695,3.09227929096195,0.041822585343834796,0.02223729046231336,2.1762616356912865,0.3805638045479476,0.3915035866227655,0.0894351681907098,24000.0,0.0,3.0,1.5811388300841898,686.8,803.9674744664737
Accumulate + Select,49,1.0,0.0,21.80273940265654,15.676474630170322,3.3380576607982553,1.4886678298509088,6.655172837391559,3.031159183326141,0.04123911687901063,0.022217891036089774,2.1460000330972586,0.34026649325345376,0.3885369762078369,0.0887895052732618,24500.0,0.0,3.0,1.5811388300841898,686.8,803.9674744664737
Accumulate + Select,50,1.0,0.0,21.832979346336263,15.689871736111112,3.289286682930642,1.4676175708211896,6.56091491867876,2.882479843758325,0.040552434168649995,0.020755291241644883,2.1823584995700367,0.4192858177515106,0.3856763153935413,0.08817361479844123,25000.0,0.0,3.0,1.5811388300841898,686.8,803.9674744664737
Accumulate + Select,51,1.0,0.0,21.86368920878261,15.7024138719401,3.2420574942715668,1.4474485276637379,6.503856992811885,2.9141432881390554,0.0403181338026176,0.021251760375200112,2.1510898990015765,0.35332396793664944,0.38288242557551794,0.08758459362281897,25500.0,0.0,3.0,1.5811388300841898,686.8,803.9674744664737
Accumulate + Select,52,1.0,0.0,21.896178574187825,15.72179427035591,3.19706282759984,1.4280716638623223,6.447382608353697,2.863525294071615,0.03993053136370694,0.020786554608106727,2.201526985106575,0.38775195595648876,0.3801997326416786,0.08702777134132388,26000.0,0.0,3.0,1.5811388300841898,686.8,803.9674744664737
Accumulate + Select,53,1.0,0.0,21.926826845558246,15.737087498827766,3.1537795362171614,1.409714484271747,6.193100090411791,2.7609506571102695,0.038321222131339136,0.01995796683479614,2.1424693658388074,0.3642190941260869,0.3775906463760582,0.08647643548178613,26500.0,0.0,3.0,1.5811388300841898,686.8,803.9674744664737
Accumulate + Select,54,1.0,0.0,21.956072366270664,15.751059582141414,3.1112848093145966,1.390822198698726,6.238838919047668,2.829139189857801,0.03859132526546052,0.020338607476187046,2.1738403684737078,0.36689449848715905,0.3750246080878565,0.08588420915962781,27000.0,0.0,3.0,1.5811388300841898,686.8,803.9674744664737
Accumulate + Select,55,1.0,0.0,21.983108157904812,15.764046485842265,3.069714953417889,1.3721847862310743,6.116026661202225,2.7839783297470055,0.03788485893811313,0.02026706161927501,2.185962233511886,0.33294787750078497,0.372504966392036,0.08530483841517271,27500.0,0.0,3.0,1.5811388300841898,686.8,803.9674744664737
Accumulate + Select,56,1.0,0.0,22.01231975418596,15.78043150673949,3.0296215984320485,1.354592055846343,6.066933690565521,2.720615484706385,0.037517868703999896,0.019572722299899335,2.2074502317299807,0.33395335982413904,0.37005482470194767,0.0847703942119518,28000.0,0.0,3.0,1.5811388300841898,686.8,803.9674744664737
Accumulate + Select,57,1.0,0.0,22.039699702514575,15.796128913453643,2.9897247829809874,1.337042425248826,5.943685930485453,2.584042714597095,0.036717404864566205,0.018486970179343167,2.1881308768253995,0.3554735313229185,0.36759951770636157,0.08423560661726799,28500.0,0.0,3.0,1.5811388300841898,686.8,803.9674744664737
Accumulate + Select,58,1.0,0.0,22.06736126167086,15.80991798757772,2.9518890323311617,1.320409425516553,5.960568420262382,2.762646984987876,0.03692114768857327,0.019992432873416437,2.2007186033668327,0.30620847704786086,0.3652575778108034,0.08371552010466439,29000.0,0.0,3.0,1.5811388300841898,686.8,803.9674744664737
Accumulate + Select,59,1.0,0.0,22.09145520231578,15.821329442025627,2.914541308708922,1.304327107601442,5.862596667069393,2.636739735931199,0.03631138550186924,0.01915022031426613,2.1633909722624396,0.3579387675220319,0.3629334068253179,0.08320730371477984,29500.0,0.0,3.0,1.5811388300841898,686.8,803.9674744664737
Accumulate + Select,60,1.0,0.0,22.118798948823155,15.832719490991225,2.879061294929236,1.2888773782890754,5.763644696581016,2.5953950759053357,0.035714317196976646,0.01882288315176991,2.172681731511433,0.34346215954520454,0.36071692857670523,0.08272502434891296,30000.0,0.0,3.0,1.5811388300841898,686.8,803.9674744664737
Accumulate + Select,61,1.0,0.0,22.147094927538074,15.848509282519693,2.8449334774781367,1.2745982495791355,5.710374699393202,2.5183396567382115,0.035359958015882056,0.018280374457545483,2.231622736269182,0.37847067475085144,0.35855729430759203,0.08228717258433425,30500.0,0.0,3.0,1.5811388300841898,686.8,803.9674744664737
Accumulate + Select,62,1.0,0.0,22.170082645061427,15.858787251656787,2.8106143023010213,1.2593881029398581,5.63468518363446,2.5648770082555816,0.03486824415222227,0.018500470085036764,2.211128845594555,0.3375503909574737,0.35638519126611473,0.08179548105245185,31000.0,0.0,3.0,1.5811388300841898,686.8,803.9674744664737
Accumulate + Select,63,1.0,0.0,22.194319411546203,15.870254688104849,2.777586150383904,1.2437589301734167,5.5253353910980305,2.4772021878119848,0.03422889694760541,0.01799244349336027,2.21732715853727,0.35289305198147497,0.35429227783291495,0.0812678413462966,31500.0,0.0,3.0,1.5811388300841898,686.8,803.9674744664737
Accumulate + Select,64,1.0,0.0,22.21594748809688,15.879701159831125,2.7459230402849095,1.2300242390622946,5.482441331229361,2.478733740578038,0.03392249720354233,0.017883139802214117,2.2749501037067543,0.432093388112838,0.35225333758703836,0.08081648631365317,32000.0,0.0,3.0,1.5811388300841898,686.8,803.9674744664737
Accumulate + Select,65,1.0,0.0,22.239520270682984,15.891180631782293,2.7149877778272935,1.2160650317229265,5.441161184084499,2.434881233408647,0.03369721905960628,0.017600260181018863,2.1916991220544206,0.327453590597895,0.35026373877063366,0.08034515884173549,32500.0,0.0,3.0,1.5811388300841898,686.8,803.9674744664737
Accumulate + Select,66,1.0,0.0,22.262739359067425,15.900763175907267,2.6854699561433426,1.2034466688723193,5.318351985607541,2.3178381620349815,0.032961923755687336,0.016875521547608113,2.197721666187773,0.3445203921122416,0.34834422303456797,0.0799411344249685,33000.0,0.0,3.0,1.5811388300841898,686.8,803.9674744664737
Accumulate + Select,67,1.0,0.0,22.282852918953573,15.90902762211453,2.6560522191914133,1.1904759295733647,5.320137767360148,2.3572308782237124,0.03292501072986907,0.017043611724023473,2.2121507275915064,0.35414450214674903,0.3464195843850551,0.07951626217694861,33500.0,0.0,3.0,1.5811388300841898,686.8,803.9674744664737
Accumulate + Select,68,1.0,0.0,22.305139303479624,15.919063992506949,2.627948200091728,1.1780320695326851,5.234856281386199,2.3388407815640253,0.03242611801503005,0.01694499930800691,2.1987257174908263,0.36089359451810077,0.34457293952594237,0.07910489364435248,34000.0,0.0,3.0,1.5811388300841898,686.8,803.9674744664737
Accumulate + Select,69,1.0,0.0,22.32415648638052,15.928789058471448,2.600508638899652,1.166843909643755,5.230227390119599,2.3616761355445632,0.03241255501195552,0.017153536345861194,2.2120786428793897,0.32881307240940905,0.3427576689027432,0.07875768829566197,34500.0,0.0,3.0,1.5811388300841898,686.8,803.9674744664737
Accumulate + Select,70,1.0,0.0,22.345455069300066,15.938145267037667,2.5737385260474173,1.1557647568766078,5.118644001396546,2.2874227731047343,0.03176184857343527,0.016792198966158047,2.2236213659313626,0.33299749415968405,0.3409663124372516,0.07839930585305149,35000.0,0.0,3.0,1.5811388300841898,686.8,803.9674744664737
Accumulate + Select,71,1.0,0.0,22.366285275961182,15.947639990453817,2.547175961615076,1.1442501276410166,5.082097684805058,2.3101679769941814,0.031561042192371255,0.01705703146426802,2.190818998522002,0.3329024078765131,0.3391944239291937,0.07801772117260511,35500.0,0.0,3.0,1.5811388300841898,686.8,803.9674744664737
Accumulate + Select,72,1.0,0.0,22.38246464567822,15.953026160902782,2.521322500241067,1.1327514014409683,5.033774030914464,2.260616025056828,0.031215173351762403,0.01650644872929673,2.252188836322176,0.35863944205571113,0.33746574065116575,0.07762314616672793,36000.0,0.0,3.0,1.5811388300841898,686.8,803.9674744664737
Accumulate + Select,73,1.0,0.0,22.401649724046955,15.960949757103693,2.496125908755139,1.1215076289479162,4.9818419655879564,2.2365877983975384,0.030842758041182295,0.016225099326362836,2.1970301847836176,0.36330887650448385,0.3357675294918267,0.07723751684802505,36500.0,0.0,3.0,1.5811388300841898,686.8,803.9674744664737
Accumulate + Select,74,1.0,0.0,22.4203095075586,15.969206595455006,2.4711734476957714,1.1109659813357498,4.940454500578309,2.191823194253821,0.030647363080443062,0.016029122098077466,2.2423496640277474,0.3301548575217139,0.3340783888369094,0.07688444645516862,37000.0,0.0,3.0,1.5811388300841898,686.8,803.9674744664737
Accumulate + Select,75,1.0,0.0,22.43927048682715,15.976669479083633,2.447077121883831,1.1003352024807052,4.854120954720381,2.1853130437694213,0.03011097171390898,0.015948378848467462,2.198913781251455,0.310248859274341,0.3324431979940403,0.07653048780721386,37500.0,0.0,3.0,1.5811388300841898,686.8,803.9674744664737
Accumulate + Select,76,1.0,0.0,22.461887655091726,15.988186363437086,2.4234996278184973,1.0902125201296804,4.867293731429924,2.2269777244248896,0.030162085230133206,0.01615597265645093,2.236380681051677,0.37089095935477023,0.3308294615763149,0.07618434174856102,38000.0,0.0,3.0,1.5811388300841898,686.8,803.9674744664737
Accumulate + Select,77,1.0,0.0,22.47753107612015,15.994628723708708,2.400691899540418,1.080524853845628,4.735405909559725,2.076625591715299,0.02935836559518578,0.015171192326271279,2.1983819291108957,0.3370276778998316,0.32925961617444643,0.0758471840175636,38500.0,0.0,3.0,1.5811388300841898,686.8,803.9674744664737
Accumulate + Select,78,1.0,0.0,22.493994288252548,16.00122849717413,2.3778844630582046,1.070210256273447,4.748341796698792,2.169396006633218,0.029438317800239772,0.01575651203489947,2.2366434373036688,0.3767632995652698,0.3276809072129586,0.07548718131502813,39000.0,0.0,3.0,1.5811388300841898,686.8,803.9674744664737
Accumulate + Select,79,1.0,0.0,22.51087584180516,16.008969802895194,2.3560358357183753,1.0602368928259711,4.72868602239634,2.163852766320031,0.029318275342097057,0.01573661838642662,2.2453368733381924,0.3963338149570764,0.32617129286984575,0.07513532272916922,39500.0,0.0,3.0,1.5811388300841898,686.8,803.9674744664737
Accumulate + Select,80,1.0,0.0,22.528252789897852,16.01677761266847,2.3344521032982195,1.0511206999430316,4.74000161112748,2.1614055924120983,0.029402256973278824,0.01579999881178334,2.230990380864165,0.3273811960403552,0.32466913541068776,0.07482735732452726,40000.0,0.0,3.0,1.5811388300841898,686.8,803.9674744664737
Accumulate + Select,81,1.0,0.0,22.544809198617987,16.02588387787453,2.3135041635652285,1.041856895750834,4.563850612020227,1.9819326431677444,0.028307073283721416,0.01454363104453057,2.2620842306967046,0.3561513791674739,0.32320623895924705,0.07450440732805123,40500.0,0.0,3.0,1.5811388300841898,686.8,803.9674744664737
Accumulate + Select,82,1.0,0.0,22.560929287014325,16.03130876910781,2.292784075643371,1.0327065949494718,4.578856327468338,2.0370152665479564,0.028453148965962537,0.015042670034678362,2.2161692899650154,0.3263686243151998,0.3217505445000941,0.0741819623588079,41000.0,0.0,3.0,1.5811388300841898,686.8,803.9674744664737
Accumulate + Select,83,1.0,0.0,22.5774886828476,16.037496311288606,2.27281416357911,1.0241442484514833,4.565923671275984,2.048262517926587,0.028334448123487843,0.01499654583514367,2.213128622723856,0.36208777974278533,0.3203365645664256,0.07388898663656777,41500.0,0.0,3.0,1.5811388300841898,686.8,803.9674744664737
Accumulate + Select,84,1.0,0.0,22.594125157913403,16.045417093891018,2.2534367801901496,1.0153744278056493,4.541518879645095,2.011450590117425,0.02812648731452837,0.014538103834476328,2.257221714150748,0.34099027744990257,0.31896517272913594,0.0735715079520055,42000.0,0.0,3.0,1.5811388300841898,686.8,803.9674744664737
Accumulate + Select,85,1.0,0.0,22.611857411237747,16.051957821465237,2.2343501582887084,1.0068496456443292,4.432179834231386,1.9770907197786183,0.027511788217983883,0.014507528960792725,2.213758192281148,0.35329355406569907,0.3176078386221643,0.07326562488168208,42500.0,0.0,3.0,1.5811388300841898,686.8,803.9674744664737
Accumulate + Select,86,1.0,0.0,22.62652252111988,16.05821337588865,2.2152842071149035,0.9986098572133743,4.463027733192964,2.0230331532271135,0.027704786891691834,0.01479256202273081,2.2204503528114707,0.35882881875795114,0.31624637651204324,0.07297158065809167,43000.0,0.0,3.0,1.5811388300841898,686.8,803.9674744664737
Accumulate + Select,87,1.0,0.0,22.641324137380472,16.06548564956052,2.196998255734299,0.9904968189446963,4.388419206473889,1.9884542360016437,0.02724074561009831,0.014561262874964266,2.245398673219097,0.3491443765936377,0.3149375567867149,0.07268718599690745,43500.0,0.0,3.0,1.5811388300841898,686.8,803.9674744664737
Accumulate + Select,88,1.0,0.0,22.656622900664733,16.071658643021,2.1788461242165558,0.9826040903725127,4.373770752124243,1.9894952809311046,0.02720551700310257,0.014762740916947311,2.2072318357006777,0.3269214425063471,0.3136236423654815,0.07241275061854766,44000.0,0.0,3.0,1.5811388300841898,686.8,803.9674744664737
Accumulate + Select,89,1.0,0.0,22.670041502762416,16.07589568229176,2.1608603081163684,0.9744372069033072,4.271203999048701,1.9178012858496578,0.026522183816743296,0.014099195682702527,2.250711746296969,0.37526569051460446,0.31233127970029495,0.07210449132866222,44500.0,0.0,3.0,1.5811388300841898,686.8,803.9674744664737
Accumulate + Select,90,1.0,0.0,22.68429655540533,16.082780029237814,2.143290800564059,0.9669717750553295,4.290435800681445,1.9099874905163132,0.02662715188975735,0.013982431061579457,2.1881417733976196,0.32427561451025944,0.31105128463744125,0.07183978105874349,45000.0,0.0,3.0,1.5811388300841898,686.8,803.9674744664737
Accumulate + Select,91,1.0,0.0,22.698535043748823,16.089129434479872,2.126076255294001,0.9596468496326271,4.279301243477176,1.9694368386064036,0.026533102355950904,0.014286466098684544,2.210371386717248,0.33990468090056475,0.3097899453577594,0.07157393602382595,45500.0,0.0,3.0,1.5811388300841898,686.8,803.9674744664737
Accumulate + Select,92,1.0,0.0,22.712562682193965,16.0945457159081,2.108954265855164,0.9519035609028491,4.21732534517525,1.9208913739875892,0.02620410063375713,0.014124750242671761,2.225059852091421,0.31711161642866453,0.3085385951120852,0.07128850254031086,46000.0,0.0,3.0,1.5811388300841898,686.8,803.9674744664737
Accumulate + Select,93,1.0,0.0,22.726773811411423,16.10038907516414,2.0925581940019566,0.944678415753168,4.160191185218929,1.889519074278689,0.02583644102012808,0.013834533993655463,2.2540964020219345,0.36995245380804886,0.3073314671725968,0.0710340477821501,46500.0,0.0,3.0,1.5811388300841898,686.8,803.9674744664737
Accumulate + Select,94,1.0,0.0,22.741447507718597,16.107306774783662,2.0764803808248726,0.9375197239269867,4.116678002682515,1.85346459543348,0.02560076368036131,0.013734597228124446,2.253931390315386,0.3582766179912191,0.30614742473530315,0.0707716441327317,47000.0,0.0,3.0,1.5811388300841898,686.8,803.9674744664737
Accumulate + Select,95,1.0,0.0,22.754718848508794,16.11332065269228,2.06102698519619,0.9310462045544724,4.13735686820988,1.8771993981586368,0.025726724844852562,0.013808056257051308,2.234127900112236,0.34274709233497436,0.3049949422198856,0.07053919528379018,47500.0,0.0,3.0,1.5811388300841898,686.8,803.9674744664737
Accumulate + Select,96,1.0,0.0,22.76825883786466,16.119940653926225,2.0455571959415777,0.9242766480009793,4.1049238322003445,1.868486153383501,0.02547598652697818,0.013641918991931503,2.251073449107951,0.32934815628349184,0.3038426966995992,0.07029197836696272,48000.0,0.0,3.0,1.5811388300841898,686.8,803.9674744664737
Accumulate + Select,97,1.0,0.0,22.781646158442815,16.1267017976661,2.0303269867595524,0.9174425434344091,4.082400477675201,1.8558991440818153,0.02530692408975463,0.013449911724584393,2.208878440289416,0.3016811953348207,0.30270561637385596,0.07003282612585297,48500.0,0.0,3.0,1.5811388300841898,686.8,803.9674744664737
Accumulate + Select,98,1.0,0.0,22.796778571661225,16.133703358407065,2.0153542120285355,0.9108699347411106,4.010286679933975,1.7651167929722715,0.024899208673159375,0.012943928512074288,2.2619405645359283,0.3610910935749432,0.3015826931560689,0.06978587913468505,49000.0,0.0,3.0,1.5811388300841898,686.8,803.9674744664737
Accumulate + Select,99,1.0,0.0,22.809804015111407,16.138471888804304,2.000954397079351,0.9048996789562177,3.999011779933389,1.8246999708247262,0.024819686897984472,0.013341954922606558,2.2838959345798657,0.3865091934517136,0.3004892508023576,0.06957424754400965,49500.0,0.0,3.0,1.5811388300841898,686.8,803.9674744664737
Accumulate + Select,100,1.0,0.0,22.822550057033563,16.14376186379113,1.9866767324571069,0.8990675664263161,3.9824817928477487,1.818477707469617,0.024730350371820226,0.013296986154004252,2.357299083202585,0.37159231248640967,0.2994038226711412,0.06937093048479463,50000.0,0.0,3.0,1.5811388300841898,686.8,803.9674744664737
Accumulate + Select,101,1.0,0.0,22.83615522571497,16.15078838540882,1.9726961441176658,0.8930755008693813,3.9309940118160567,1.7629579729633746,0.024402523595143354,0.012868857092197355,2.2989442145497923,0.3636575270762063,0.2983412686795781,0.06914798859097943,50500.0,0.0,3.0,1.5811388300841898,686.8,803.9674744664737
Accumulate + Select,102,1.0,0.0,22.84950320152763,16.15719584315906,1.958656117024025,0.8867984835162008,3.9169361527402904,1.7768890001012354,0.024315742624302437,0.012943721256269794,2.2762044122213125,0.35428653743529687,0.2972741925491178,0.0689089772284483,51000.0,0.0,3.0,1.5811388300841898,686.8,803.9674744664737
Accumulate + Select,103,1.0,0.0,22.86221122866487,16.162791927501708,1.945176986246975,0.8807480156592106,3.9001979438929473,1.7356269741592925,0.024246775758774302,0.012761252995493534,2.243464766575806,0.39120837215072213,0.2962481438785321,0.06867604494635611,51500.0,0.0,3.0,1.5811388300841898,686.8,803.9674744664737
Accumulate + Select,104,1.0,0.0,22.87524437763814,16.169742009207322,1.931769600533423,0.874694991814853,3.8587062103614174,1.7362855612423949,0.02396840565555951,0.012728034632194931,2.2597139978042358,0.2979784063574377,0.2952229389295464,0.06843440588465143,52000.0,0.0,3.0,1.5811388300841898,686.8,803.9674744664737
Accumulate + Select,105,1.0,0.0,22.886344879470492,16.174556584405998,1.9184428115418193,0.8687198128226011,3.851496579497259,1.73042606877592,0.023923485807446403,0.012689391364539386,2.256948011438616,0.36299321620534436,0.29419815080988043,0.06820059311796157,52500.0,0.0,3.0,1.5811388300841898,686.8,803.9674744664737
Accumulate + Select,106,1.0,0.0,22.89766983646474,16.179673535054157,1.9053477908118555,0.8629220070306216,3.81018621200677,1.736178918793156,0.02367546555489395,0.012788519234693962,2.283852782486342,0.3859006204213717,0.2931893409387327,0.06797440549522944,53000.0,0.0,3.0,1.5811388300841898,686.8,803.9674744664737
Accumulate + Select,107,1.0,0.0,22.908723922238018,16.183845848495473,1.8923286512744415,0.8571838847240374,3.7751103519360916,1.7376166633207466,0.023459366924977753,0.012735094347640795,2.2728898404373634,0.3471570183138632,0.29218265404397503,0.06775084667997973,53500.0,0.0,3.0,1.5811388300841898,686.8,803.9674744664737
Accumulate + Select,108,1.0,0.0,22.921805426538274,16.190002365018348,1.879505671736861,0.8516841511644904,3.765833101024158,1.7033705831979788,0.023406917116751146,0.012519946754086839,2.2310654888803976,0.3757567678415003,0.2911886029321803,0.06754338853526018,54000.0,0.0,3.0,1.5811388300841898,686.8,803.9674744664737
Accumulate + Select,109,1.0,0.0,22.934480900670852,16.19507315267674,1.867062659416164,0.8458559043030226,3.7142302591832506,1.680540398431107,0.023081629955239623,0.01238675222389066,2.2522508797619634,0.3176374833782029,0.2902237675231361,0.06731043183882221,54500.0,0.0,3.0,1.5811388300841898,686.8,803.9674744664737
Accumulate + Select,110,1.0,0.0,22.946302278361745,16.200438346602343,1.854607472605491,0.8405341208326675,3.7209268169287917,1.6979295124134757,0.023124700048285672,0.012481873268956912,2.257813384243348,0.377731095079218,0.2892494497598871,0.06710306903355051,55000.0,0.0,3.0,1.5811388300841898,686.8,803.9674744664737
Accumulate + Select,111,1.0,0.0,22.956516549724636,16.204477277618253,1.8425734588801697,0.835414489872012,3.6850074205338834,1.6489480156921077,0.022915240974079383,0.012160366177810468,2.267725277712958,0.3462750328523552,0.28830384034863743,0.06691469204400492,55500.0,0.0,3.0,1.5811388300841898,686.8,803.9674744664737
Accumulate + Select,112,1.0,0.0,22.968981004797683,16.21054111528224,1.8307806978333183,0.8300390392221167,3.6757544642755207,1.6645889088054484,0.02283581487836293,0.01217173084409569,2.2958621551377147,0.3496239479045243,0.28737518616561486,0.06669658512537054,56000.0,0.0,3.0,1.5811388300841898,686.8,803.9674744664737
Accumulate + Select,113,1.0,0.0,22.980258591485278,16.21519297789401,1.8191665147402467,0.8249371218596312,3.6487194076811575,1.634645638220093,0.022674975879134397,0.011984901042423774,2.2002716598572243,0.2678557666447765,0.28645669618913,0.06649804871893512,56500.0,0.0,3.0,1.5811388300841898,686.8,803.9674744664737
Accumulate + Select,114,1.0,0.0,22.99278683669607,16.221148522395175,1.8078501951195225,0.8199025275101056,3.6560331763235547,1.6755322959504202,0.02271245624626063,0.012235065411191511,2.243342648676979,0.38681855349441474,0.2855561316801702,0.06629832831934869,57000.0,0.0,3.0,1.5811388300841898,686.8,803.9674744664737
Accumulate + Select,115,1.0,0.0,23.002834138468153,16.22557076463369,1.79627805657396,0.8152305818970917,3.6264557704328175,1.6410999826648263,0.022558540048727944,0.012089044129676376,2.267144883041733,0.3650410571697511,0.2846334652627439,0.06612781587849882,57500.0,0.0,3.0,1.5811388300841898,686.8,803.9674744664737
Accumulate + Select,116,1.0,0.0,23.01382995653758,16.229766264527846,1.7850238636855713,0.8104324956966404,3.5958529903531042,1.6315463818219924,0.02235204313152749,0.01197123867562395,2.284439458003327,0.4096478591814958,0.2837343260933007,0.0659425368049179,58000.0,0.0,3.0,1.5811388300841898,686.8,803.9674744664737
Accumulate + Select,117,1.0,0.0,23.023534672604594,16.233285723349404,1.774029220976687,0.8058468132320868,3.551724270062232,1.6299264208211668,0.022110424486321337,0.012043605511100244,2.3235643800857244,0.42294307218006005,0.2828527688841667,0.06576513349282004,58500.0,0.0,3.0,1.5811388300841898,686.8,803.9674744664737
Accumulate + Select,118,1.0,0.0,23.03510107546621,16.239275321217864,1.76338803614075,0.8011383745012116,3.514832861913947,1.5805304952218358,0.02182860630675342,0.011559905053512702,2.2873924099742937,0.3890024078577148,0.281992792387472,0.06557795798551451,59000.0,0.0,3.0,1.5811388300841898,686.8,803.9674744664737
Accumulate + Select,119,1.0,0.0,23.043891941622455,16.242779034638865,1.7525918511216894,0.7962417090037891,3.510916431694196,1.6022139637279633,0.02177153310550068,0.011609185977845634,2.261938504537329,0.3741442140483713,0.28112771037957074,0.06537907216053952,59500.0,0.0,3.0,1.5811388300841898,686.8,803.9674744664737
Accumulate + Select,120,1.0,0.0,23.053363424890257,16.24562067911511,1.7422722038268712,0.7915982198662782,3.4898689416547213,1.5762951471493816,0.021716647729728353,0.011666740106313748,2.318330448802632,0.3485984239389234,0.280293102707743,0.0651926981663815,60000.0,0.0,3.0,1.5811388300841898,686.8,803.9674744664737
Accumulate + Select,121,1.0,0.0,23.06418613202221,16.250265799657754,1.73189787644032,0.7866981167050119,3.4678080648966843,1.6142112919079186,0.021576669745289476,0.011877752410940955,2.226055915226913,0.32308883825037876,0.2794562272832043,0.06498217043686813,60500.0,0.0,3.0,1.5811388300841898,686.8,803.9674744664737
Accumulate + Select,122,1.0,0.0,23.074315063455202,16.254055044862415,1.7216414959157582,0.7822574193237783,3.408266586089982,1.5636560516229216,0.021172107611757713,0.011438475682775978,2.2965340284663402,0.355943108225137,0.278623351869692,0.06480921130153677,61000.0,0.0,3.0,1.5811388300841898,686.8,803.9674744664737
Accumulate + Select,123,1.0,0.0,23.084877274343988,16.25879707987793,1.7116567927516388,0.7777798065869891,3.410797430125727,1.5530867108012467,0.02124312517565271,0.01153101603387318,2.262659961230115,0.3207947865900205,0.27781301263946623,0.06463186249478133,61500.0,0.0,3.0,1.5811388300841898,686.8,803.9674744664737
Accumulate + Select,124,1.0,0.0,23.094862457720417,16.26343251304072,1.701787775308409,0.7735344489628577,3.4214295050279175,1.540077093745001,0.021302608916107812,0.011405694150205129,2.3406699282372263,0.420528506971179,0.2770058601395255,0.06446423443766391,62000.0,0.0,3.0,1.5811388300841898,686.8,803.9674744664737
Accumulate + Select,125,1.0,0.0,23.10366786619947,16.266760121563447,1.6921853495007588,0.7692773451056875,3.3948604422985382,1.530434055063333,0.02112349532661558,0.011289845335483915,2.2507391842872497,0.3381174063484829,0.27621593426595364,0.06429356139583435,62500.0,0.0,3.0,1.5811388300841898,686.8,803.9674744664737
Accumulate + Select,126,1.0,0.0,23.113526246592723,16.269332435316883,1.682270146287713,0.7647209002126353,3.3748869274276165,1.522178229265525,0.021020249130951078,0.011298395732567539,2.2991556270904434,0.3196911057692229,0.2754036752405338,0.06409958969187508,63000.0,0.0,3.0,1.5811388300841898,686.8,803.9674744664737
Accumulate + Select,127,1.0,0.0,23.122952804685873,16.273049280983333,1.672767723233249,0.7603826088438632,3.3113894821999486,1.477631539709236,0.020643721501947796,0.011072823740260114,2.2445802136340065,0.3910388998647246,0.2746190156491725,0.06391961642189614,63500.0,0.0,3.0,1.5811388300841898,686.8,803.9674744664737
Accumulate + Select,128,1.0,0.0,23.131668483435796,16.276680978738014,1.6634559847868953,0.7561061228430092,3.3550117813640115,1.5463196232669645,0.020892254396792043,0.01145190965522883,2.3010418914849944,0.3694600789510774,0.2738520416637105,0.06373986146592216,64000.0,0.0,3.0,1.5811388300841898,686.8,803.9674744664737
Accumulate + Select,129,1.0,0.0,23.140992869821474,16.280769317051913,1.654385956916273,0.7521900286961168,3.2911428503726854,1.5122155378227613,0.02049717999203507,0.011190936884468124,2.310026816743753,0.4142390568140544,0.2730993585948783,0.0635820622785898,64500.0,0.0,3.0,1.5811388300841898,686.8,803.9674744664737
Accumulate + Select,130,1.0,0.0,23.1501391247328,16.285932867778676,1.6451601395606659,0.7481548426425485,3.2639642058665808,1.492148501391596,0.0202819697165134,0.010914766642447591,2.260045446442505,0.37751686281446206,0.2723336141702478,0.06341792633137433,65000.0,0.0,3.0,1.5811388300841898,686.8,803.9674744664737
Accumulate + Select,131,1.0,0.0,23.158251188992487,16.289596861684345,1.6360836740358162,0.7440590673295536,3.250900632179966,1.4759263424382116,0.020249305414400183,0.010936994670044536,2.2730612734915576,0.39219673749945105,0.2715806033625501,0.06324468729427322,65500.0,0.0,3.0,1.5811388300841898,686.8,803.9674744664737
Accumulate + Select,132,1.0,0.0,23.166993255969082,16.293130291299057,1.6272528035842726,0.7402761531753794,3.257033765330843,1.477476013857772,0.020238466884303537,0.010803639221856282,2.291246937056555,0.33736903820618436,0.2708426783405849,0.06309166447172417,66000.0,0.0,3.0,1.5811388300841898,686.8,803.9674744664737
Accumulate + Select,133,1.0,0.0,23.174773333842175,16.29650900849413,1.6183789543165539,0.7365037399905865,3.2326391350137778,1.4746589354288193,0.02016274205732237,0.010973888677364837,2.2749557577514334,0.35605272661304394,0.27009502209197744,0.06294150706207198,66500.0,0.0,3.0,1.5811388300841898,686.8,803.9674744664737
Accumulate + Select,134,1.0,0.0,23.182754410395635,16.299104708545475,1.6099211232452788,0.733164453217764,3.225889669153196,1.4938813364391206,0.02005394596936294,0.01094474402332824,2.2430360401943625,0.3340723171202659,0.269378478944797,0.06281397525641047,67000.0,0.0,3.0,1.5811388300841898,686.8,803.9674744664737
Accumulate + Select,135,1.0,0.0,23.190482715105308,16.301644168644128,1.601352614887269,0.7294597256623969,3.211483906275786,1.4792913025133938,0.019994244750877275,0.010946861936768448,2.255465054692175,0.3949233702909009,0.26865647493720834,0.06266393316413207,67500.0,0.0,3.0,1.5811388300841898,686.8,803.9674744664737
Accumulate + Select,136,1.0,0.0,23.198659669989464,16.30428619845151,1.5929562695960147,0.7256145151114616,3.194880025499482,1.4728828608130522,0.019903430180012914,0.010935704763450134,2.3064123932892793,0.4157596757971514,0.26794640951040505,0.06250089042440236,68000.0,0.0,3.0,1.5811388300841898,686.8,803.9674744664737
Accumulate + Select,137,1.0,0.0,23.20679769131447,16.306979605303578,1.5848418094067356,0.7220124844117685,3.153706961333122,1.4330522729653097,0.019589793473118764,0.01044435328270631,2.294609994138931,0.37818185308818086,0.26726096486421946,0.06235528862385573,68500.0,0.0,3.0,1.5811388300841898,686.8,803.9674744664737
Accumulate + Select,138,1.0,0.0,23.215779975898243,16.310766713184012,1.576677526506913,0.7184490937492295,3.1492909963350355,1.4192246671436077,0.01956773187758482,0.01038246048339285,2.2792790045810127,0.4064055669159962,0.26657144285170026,0.06221121334228692,69000.0,0.0,3.0,1.5811388300841898,686.8,803.9674744664737
Accumulate + Select,139,1.0,0.0,23.224901850348566,16.31444439527718,1.56852561657163,0.7148850491204778,3.101144070803578,1.3760051770730422,0.01935450071344104,0.010343417459920895,2.2775957704501963,0.3954073639696093,0.26587508422623823,0.062063411082312996,69500.0,0.0,3.0,1.5811388300841898,686.8,803.9674744664737
Accumulate + Select,140,1.0,0.0,23.23196359752719,16.31725539347275,1.5604982590194691,0.7114100546006293,3.1155152168657843,1.4418478645441946,0.019383698769038653,0.010615631959335603,2.304123718105125,0.3930291900481163,0.2651888926773693,0.06191333589686219,70000.0,0.0,3.0,1.5811388300841898,686.8,803.9674744664737
Accumulate + Select,141,1.0,0.0,23.241240160548607,16.321313079235587,1.5526304681548553,0.707760431074781,3.108515795568675,1.4041259072107934,0.019288200891138342,0.01023076710360275,2.2537701526321934,0.3424248211898039,0.2645191579983984,0.06175216766803848,70500.0,0.0,3.0,1.5811388300841898,686.8,803.9674744664737
Accumulate + Select,142,1.0,0.0,23.249443573518512,16.325072811769928,1.5448979743171523,0.7043986318237246,3.092835596910752,1.4037899774367766,0.01926161013083021,0.010415764373550535,2.3018552548420086,0.3648156133514829,0.26385342023027153,0.06161313505454445,71000.0,0.0,3.0,1.5811388300841898,686.8,803.9674744664737
Accumulate + Select,143,1.0,0.0,23.2583813353956,16.329594738869837,1.5370475495277367,0.7009119678393144,3.060796676679691,1.3819382168680536,0.019082012661957214,0.01030456375071809,2.2656026580301334,0.31843609567590897,0.26318038635108315,0.06146395333061799,71500.0,0.0,3.0,1.5811388300841898,686.8,803.9674744664737
Accumulate + Select,144,1.0,0.0,23.266656421380386,16.333984878018033,1.5293923151382802,0.6976001052058647,3.034771877123385,1.3866174267751146,0.018923618328988475,0.010312561680541591,2.285246391986513,0.3915718760625508,0.26251787500046453,0.061327400798915785,72000.0,0.0,3.0,1.5811388300841898,686.8,803.9674744664737
Accumulate + Select,145,1.0,0.0,23.27444764844153,16.337207227681347,1.5218880300617244,0.694195175230616,3.055615638520888,1.416162327549571,0.01900772568726662,0.010413063575018075,2.2923091897782344,0.3546588865592923,0.2618700110679144,0.061177598019863846,72500.0,0.0,3.0,1.5811388300841898,686.8,803.9674744664737
Accumulate + Select,146,1.0,0.0,23.282161485321677,16.34023660028425,1.514503682782299,0.6909996589356864,3.0310303623258563,1.3953736604734237,0.018907379307682166,0.010396199177653968,2.3017446293168113,0.3209778508312916,0.2612298735162488,0.0610425909385798,73000.0,0.0,3.0,1.5811388300841898,686.8,803.9674744664737
Accumulate + Select,147,1.0,0.0,23.290563879467456,16.343756297145983,1.5073336244328337,0.6877988667119667,3.016933747251814,1.4034819007605537,0.01876186323373719,0.010299519339063545,2.2903072480686992,0.3353353569275654,0.26060444809399463,0.06090657009252316,73500.0,0.0,3.0,1.5811388300841898,686.8,803.9674744664737
Accumulate + Select,148,1.0,0.0,23.298651045823433,16.34627435095429,1.4999840215493774,0.6844989894687855,2.9973948745561887,1.3752948154117839,0.018676561776823794,0.010223271493957728,2.307061492941126,0.3647524795658356,0.2599660007823855,0.06076502269787823,74000.0,0.0,3.0,1.5811388300841898,686.8,803.9674744664737
Accumulate + Select,149,1.0,0.0,23.306601965348317,16.349564133332034,1.4927063663757842,0.6811837178556753,2.990199470131303,1.358905378305215,0.018623708263454018,0.010036218194926866,2.2681238755899575,0.29774584589974323,0.25933248058605185,0.06061989498528923,74500.0,0.0,3.0,1.5811388300841898,686.8,803.9674744664737
Accumulate + Select,150,1.0,0.0,23.315028758798835,16.353072655221094,1.485758894781684,0.6782210665101926,2.9751412011624305,1.3680928603041407,0.018569793595801423,0.010217272680780886,2.290993676995895,0.306241579551053,0.2587220194328084,0.06049328920723143,75000.0,0.0,3.0,1.5811388300841898,686.8,803.9674744664737
Accumulate + Select,151,1.0,0.0,23.32176369278072,16.355598904371465,1.4787536441071552,0.6753272563198564,2.9506479028467916,1.3294739701312537,0.01835914915280845,0.009797910102330705,2.3136500898498444,0.3649668338171797,0.258106531120395,0.06037467941083621,75500.0,0.0,3.0,1.5811388300841898,686.8,803.9674744664737
Accumulate + Select,152,1.0,0.0,23.329158172942005,16.35875686235822,1.4718074279376214,0.6721429126054562,2.9404288502697615,1.3453788240997455,0.018316688470465185,0.009951905807442171,2.2913171266594867,0.3329271623250159,0.25749714762310183,0.060236021458097616,76000.0,0.0,3.0,1.5811388300841898,686.8,803.9674744664737
Accumulate + Select,153,1.0,0.0,23.33535418096396,16.3614153154876,1.4650247600668658,0.6692558782014693,2.9331321463461704,1.3333861592205605,0.018256203445403803,0.009835013486708403,2.2759748938606053,0.3162783376994788,0.2568972065135592,0.06011327256253109,76500.0,0.0,3.0,1.5811388300841898,686.8,803.9674744664737
Accumulate + Select,154,1.0,0.0,23.3432495134471,16.365679577443757,1.458374585245685,0.6665274884392189,2.9177709004545127,1.3373366775605144,0.018185744970470853,0.00991530708234314,2.2486095252851355,0.3012799124401415,0.2563055654853615,0.059999038328344974,77000.0,0.0,3.0,1.5811388300841898,686.8,803.9674744664737
Accumulate + Select,155,1.0,0.0,23.351679366533048,16.369440091606126,1.4518130027498473,0.6636457783155943,2.903716115342277,1.3394027561228568,0.01809569752183931,0.009947510369559941,2.2996833470476483,0.3482088923807852,0.2557225336316786,0.05987638733556203,77500.0,0.0,3.0,1.5811388300841898,686.8,803.9674744664737
Accumulate + Select,156,1.0,0.0,23.358338424793345,16.371612397255575,1.4452548350307681,0.660948205861765,2.9000458794813473,1.3174801029175958,0.018064617179883335,0.009735092915991738,2.3184678629660547,0.3995622986347435,0.2551376477726142,0.05976455584092262,78000.0,0.0,3.0,1.5811388300841898,686.8,803.9674744664737
Accumulate + Select,157,1.0,0.0,23.36516543812583,16.373906927345132,1.4386337663291922,0.6580551895362533,2.8728983810815722,1.3118642138080194,0.017865828118090187,0.009650097754115183,2.293290821886374,0.3862861286384569,0.2545487033091698,0.05964395787507353,78500.0,0.0,3.0,1.5811388300841898,686.8,803.9674744664737
Accumulate + Select,158,1.0,0.0,23.37164939113953,16.377239082764085,1.4320638474157614,0.6551163088697428,2.857143646918094,1.330476111710686,0.017796606535230956,0.009789601230012044,2.2993930338576276,0.3975207580229268,0.25396775673602,0.05951281356925354,79000.0,0.0,3.0,1.5811388300841898,686.8,803.9674744664737
Accumulate + Select,159,1.0,0.0,23.37941785369804,16.380545211585442,1.42563420287282,0.6523165887697981,2.845383115333432,1.291832365052877,0.01774609034390016,0.009627497803034589,2.285570913665396,0.30444908732639775,0.25339228383075973,0.05939461232680224,79500.0,0.0,3.0,1.5811388300841898,686.8,803.9674744664737
Accumulate + Select,160,1.0,0.0,23.38702033673025,16.384384285617536,1.419332642937126,0.64953574981063,2.851353725619416,1.3143557315510768,0.01773169125123028,0.009607195730394927,2.3088165317467766,0.3495983306156,0.25282627197287816,0.05927291778898264,80000.0,0.0,3.0,1.5811388300841898,686.8,803.9674744664737
Accumulate + Select,161,1.0,0.0,23.394021299792527,16.387324258934118,1.4130168254592348,0.6466933517658987,2.8405873074001575,1.3483652345201134,0.017706551782378975,0.00996806489893733,2.3096722506558836,0.351757128356825,0.25226143300484793,0.05914542832832761,80500.0,0.0,3.0,1.5811388300841898,686.8,803.9674744664737
Accumulate + Select,162,1.0,0.0,23.401008048628704,16.390448765246628,1.4068964236354715,0.6440183563122781,2.8252176550873624,1.3243544388563362,0.017594327130130098,0.00975756673839799,2.280044568781961,0.3598595935694543,0.2517098270491485,0.0590247328452202,81000.0,0.0,3.0,1.5811388300841898,686.8,803.9674744664737
Accumulate + Select,163,1.0,0.0,23.407662634513567,16.393158649681418,1.4006045385316428,0.6411289017513623,2.7827855232701966,1.2585403784738767,0.017353082819333534,0.009376026161949259,2.288143256722981,0.33270729178896463,0.25114607914449383,0.05889512319591738,81500.0,0.0,3.0,1.5811388300841898,686.8,803.9674744664737
Accumulate + Select,164,1.0,0.0,23.41482244625339,16.395582837509245,1.3945025919487146,0.6384791761238456,2.7998046350118755,1.274289920354024,0.017424337387798777,0.00937379113791183,2.3125584528928718,0.3691315032789577,0.2505947929916499,0.05877993431389824,82000.0,0.0,3.0,1.5811388300841898,686.8,803.9674744664737
Accumulate + Select,165,1.0,0.0,23.420990593199544,16.39772345310564,1.3885435600062441,0.6358653523491203,2.7803704646561305,1.293634705787592,0.017300888628450126,0.009512087325227157,2.3132496381082617,0.3816688775235398,0.2500562122715998,0.058666332951787914,82500.0,0.0,3.0,1.5811388300841898,686.8,803.9674744664737
Accumulate + Select,166,1.0,0.0,23.4283134271219,16.40124100760887,1.3826674163100752,0.6333624380270447,2.771968898518558,1.2716658607797564,0.01729290820669303,0.009484028446376068,2.3063914001543178,0.356278383685332,0.24952322344958802,0.05855957210876143,83000.0,0.0,3.0,1.5811388300841898,686.8,803.9674744664737
Accumulate + Select,167,1.0,0.0,23.435214769686816,16.404232054339605,1.3769350177816748,0.6309911928824684,2.78279334140664,1.2584172696595854,0.017327969311261925,0.009293159986973956,2.3212696764945426,0.3513457496762659,0.24900059279484887,0.05846064426997162,83500.0,0.0,3.0,1.5811388300841898,686.8,803.9674744664737
Accumulate + Select,168,1.0,0.0,23.44213940639795,16.40698800047342,1.3709640649036507,0.6284311871857172,2.756322849347549,1.2349932447436558,0.01713688091140162,0.009054219978504485,2.319656707512943,0.3704934451183234,0.24845745270257905,0.058346213173006915,84000.0,0.0,3.0,1.5811388300841898,686.8,803.9674744664737
Accumulate + Select,169,1.0,0.0,23.449495743610278,16.410352211113786,1.3652540556511679,0.6259640958997768,2.742890845174193,1.2878445527059765,0.017062858752923623,0.009405853375670395,2.2743931293778585,0.36848327279711757,0.24793344606508438,0.05823856608495818,84500.0,0.0,3.0,1.5811388300841898,686.8,803.9674744664737
Accumulate + Select,170,1.0,0.0,23.45616391386817,16.413166341851124,1.3596748826143155,0.6235463175622256,2.717710003366465,1.2163986773305284,0.016900465840144926,0.008926049866523759,2.2547179768969365,0.2830765768745376,0.2474212094679394,0.058131400099966986,85000.0,0.0,3.0,1.5811388300841898,686.8,803.9674744664737
Accumulate + Select,171,1.0,0.0,23.462626192763523,16.41598420753494,1.3539718647820929,0.62107078480989,2.718683132813275,1.246186824670268,0.016945105562624456,0.009247938760127892,2.317857468832004,0.34830198500095305,0.24689857453917682,0.05802469377177475,85500.0,0.0,3.0,1.5811388300841898,686.8,803.9674744664737
Accumulate + Select,172,1.0,0.0,23.46898164572972,16.418425618819423,1.348308759914191,0.6185570635002303,2.73847743579464,1.2770035192769327,0.01704240430453914,0.00936568373714258,2.3353786235001017,0.42340846413348693,0.24637930140144854,0.05791311880449471,86000.0,0.0,3.0,1.5811388300841898,686.8,803.9674744664737
Accumulate + Select,173,1.0,0.0,23.47532425290563,16.42101633811694,1.3428416084297856,0.6162147811345297,2.708126826647331,1.2270442395753465,0.016871536632001926,0.009071749907517879,2.301051653952398,0.39572239629407474,0.24587368979078345,0.05781001717554178,86500.0,0.0,3.0,1.5811388300841898,686.8,803.9674744664737
Accumulate + Select,174,1.0,0.0,23.48124683350502,16.4236070020593,1.3373467116743634,0.6137935926210119,2.6535315934761314,1.198403869280222,0.016512002945238923,0.008828784151009985,2.3657699522474664,0.4137631844644403,0.24536714442416124,0.0577013988918256,87000.0,0.0,3.0,1.5811388300841898,686.8,803.9674744664737
Accumulate + Select,175,1.0,0.0,23.487416087939074,16.42594902066348,1.3319329153369526,0.6113842771146611,2.668881321842865,1.2410624128439933,0.01664940284634657,0.00924194570567326,2.328259343264785,0.3488784493535551,0.24486803498035398,0.05759277824414368,87500.0,0.0,3.0,1.5811388300841898,686.8,803.9674744664737
Accumulate + Select,176,1.0,0.0,23.494461656354563,16.428891103358072,1.3265968870739138,0.6090968130831055,2.6642217979094047,1.2190513505018346,0.01659224127555455,0.008997414726522383,2.30704048243757,0.4042919274641418,0.2443747233118641,0.05749249361525737,88000.0,0.0,3.0,1.5811388300841898,686.8,803.9674744664737
Accumulate + Select,177,1.0,0.0,23.499863724355496,16.431258792951798,1.3212732215693208,0.6067321795116906,2.638689718787297,1.2255486870155579,0.016459641800354592,0.009099215713304184,2.2899689300618933,0.32277368065551076,0.2438809694021365,0.05738193667918916,88500.0,0.0,3.0,1.5811388300841898,686.8,803.9674744664737
Accumulate + Select,178,1.0,0.0,23.506579906951817,16.43458890185623,1.3160146590417796,0.604554859504581,2.638976549259129,1.2380357819925356,0.016417806462962325,0.009077244519787107,2.299745781643858,0.3407364660059331,0.24339039154263178,0.05728812878370364,89000.0,0.0,3.0,1.5811388300841898,686.8,803.9674744664737
Accumulate + Select,179,1.0,0.0,23.51329669796822,16.437008833100236,1.3108970745860926,0.6024021914519282,2.638321152320745,1.2046137909937555,0.016431545973217367,0.008897706159051076,2.291006675062978,0.33220638321282253,0.24291180525470807,0.05719213682532313,89500.0,0.0,3.0,1.5811388300841898,686.8,803.9674744664737
Accumulate + Select,180,1.0,0.0,23.519080667941246,16.44002760214518,1.3056512652953656,0.6001635556230839,2.6055555120711675,1.2183807075479418,0.016293666323815716,0.009165140495052005,2.3109042187084645,0.3786820631744168,0.24242432925472643,0.057093023336679934,90000.0,0.0,3.0,1.5811388300841898,686.8,803.9674744664737
Accumulate + Select,181,1.0,0.0,23.524684971116407,16.44250880425207,1.3004738147113333,0.5978146496243477,2.590705603704304,1.1816660179816694,0.016134959914464113,0.00873041585945575,2.315729379799836,0.4090371349586304,0.24194216937581733,0.05698270787343611,90500.0,0.0,3.0,1.5811388300841898,686.8,803.9674744664737
Accumulate + Select,182,1.0,0.0,23.530899331063146,16.44471520370499,1.2952372150254834,0.5953725836047944,2.602524715388315,1.2157281923375194,0.016225880467619084,0.009015295610666907,2.284563956284834,0.3946219929548418,0.24145510652115126,0.05686678286510481,91000.0,0.0,3.0,1.5811388300841898,686.8,803.9674744664737
Accumulate + Select,183,1.0,0.0,23.536731565919734,16.44717453523376,1.2902252589844558,0.5931791967802057,2.56301296673987,1.197867557678472,0.01596757283486532,0.008826074970630733,2.2759310521806113,0.3212779148890428,0.24098305476500195,0.05677051315585297,91500.0,0.0,3.0,1.5811388300841898,686.8,803.9674744664737
Accumulate + Select,184,1.0,0.0,23.54246099565659,16.449206519456492,1.2852416783838883,0.5908312469758621,2.5853143915167243,1.2139247567879625,0.01610394751170697,0.008937631235543602,2.315495724768849,0.3280815150807987,0.24051581037873548,0.05665666347394496,92000.0,0.0,3.0,1.5811388300841898,686.8,803.9674744664737
Accumulate + Select,185,1.0,0.0,23.548117046527203,16.451621618583093,1.280481662071576,0.5887803949835573,2.54972512144168,1.193403706474636,0.01588705422384403,0.008782924376185821,2.282988295740433,0.3933292282743281,0.24006674171572134,0.05656504842399808,92500.0,0.0,3.0,1.5811388300841898,686.8,803.9674744664737
Accumulate + Select,186,1.0,0.0,23.553458494018997,16.453788699211305,1.2756120545261251,0.5867618003000037,2.5631769206574546,1.1776961029387978,0.016030779487897946,0.008863317311395592,2.295872317537211,0.35655477710884187,0.2396043739036171,0.05647746462743703,93000.0,0.0,3.0,1.5811388300841898,686.8,803.9674744664737
Accumulate + Select,187,1.0,0.0,23.55932393491029,16.45599700554279,1.2707767487269233,0.5846488289298186,2.555006463000234,1.178455188427392,0.01593079772925746,0.00871733094648955,2.3004176710795807,0.31345646568505203,0.23914612972964652,0.056380017274207585,93500.0,0.0,3.0,1.5811388300841898,686.8,803.9674744664737
Accumulate + Select,188,1.0,0.0,23.565212655459668,16.45851838515961,1.266063991838597,0.5826798940175021,2.539977897775426,1.1681861222546372,0.015815034321133625,0.00859853851594045,2.325441554372845,0.34310752310469106,0.23869697179557944,0.05629043406346779,94000.0,0.0,3.0,1.5811388300841898,686.8,803.9674744664737
Accumulate + Select,189,1.0,0.0,23.570929158991156,16.461541184897904,1.2612391269514105,0.5805193977524961,2.502798430680726,1.1387265742592962,0.015609186891661988,0.008452794529639132,2.3335836109761856,0.3601459606986586,0.23824173242634852,0.05618808245130147,94500.0,0.0,3.0,1.5811388300841898,686.8,803.9674744664737
Accumulate + Select,190,1.0,0.0,23.576809786346935,16.464260150120964,1.2565155824200094,0.5785233636922574,2.5323427398385405,1.1823422723771264,0.015772593873862727,0.008704638316894135,2.3138774383442993,0.37629776527099434,0.23778957304667303,0.056099782697918106,95000.0,0.0,3.0,1.5811388300841898,686.8,803.9674744664737
Accumulate + Select,191,1.0,0.0,23.581827677660318,16.466041206969113,1.251845831533244,0.5765358669959996,2.4948777508571496,1.185901696070913,0.015591185302379098,0.008868100002302776,2.3084695070056775,0.3781340568221062,0.23734473023248032,0.05601149811629421,95500.0,0.0,3.0,1.5811388300841898,686.8,803.9674744664737
Accumulate + Select,192,1.0,0.0,23.586781163942106,16.468243405507533,1.2472930956561217,0.5744966731068394,2.493226214809875,1.1399732322929144,0.015539659625869996,0.008438141876449545,2.3065200174183653,0.38969519161192273,0.2369114920636178,0.05591454584920483,96000.0,0.0,3.0,1.5811388300841898,686.8,803.9674744664737
Accumulate + Select,193,1.0,0.0,23.59269917826184,16.470683758903494,1.2427407280721496,0.5725274171683988,2.4943698349822583,1.1377423611872135,0.015586335282819242,0.008528333840687343,2.282192286469906,0.35013857644540464,0.2364771475985985,0.0558232172614151,96500.0,0.0,3.0,1.5811388300841898,686.8,803.9674744664737
Accumulate + Select,194,1.0,0.0,23.597750247607546,16.472581160856336,1.2381900123222354,0.5706115706214658,2.487303007831737,1.138554795590887,0.015515968096457089,0.008474840007929176,2.3320605425084713,0.3974516848566022,0.23603846290693958,0.0557349713493799,97000.0,0.0,3.0,1.5811388300841898,686.8,803.9674744664737
Accumulate + Select,195,1.0,0.0,23.602293867030063,16.47442286641125,1.2337137711486368,0.5686462109743224,2.477963358858758,1.1482958834703312,0.01548806099028549,0.008586341951493107,2.3001578930644895,0.3416739360892993,0.23560930057299045,0.05564289724295551,97500.0,0.0,3.0,1.5811388300841898,686.8,803.9674744664737
Accumulate + Select,196,1.0,0.0,23.607914908709322,16.47669021464592,1.2292545424989831,0.5667202809864009,2.4799626905313414,1.1606362119101534,0.015484708387085927,0.0086243855293566,2.3388458249220347,0.3553930712150576,0.23518199791233876,0.055557057702318995,98000.0,0.0,3.0,1.5811388300841898,686.8,803.9674744664737
Accumulate + Select,197,1.0,0.0,23.61300335468706,16.478911365516467,1.2249132959627063,0.5649213627525752,2.4465317037685783,1.1327121708780152,0.015265209458609194,0.008398211759641476,2.3224857691677103,0.33461332983848574,0.23476036333087286,0.05547735178693102,98500.0,0.0,3.0,1.5811388300841898,686.8,803.9674744664737
Accumulate + Select,198,1.0,0.0,23.61871486040409,16.481520233863048,1.2204921508963644,0.5628928230060036,2.444746318022376,1.1175109474065634,0.015263651730531135,0.008329657254234258,2.3455211478314513,0.37110064057306413,0.23433385182160146,0.05537934244085999,99000.0,0.0,3.0,1.5811388300841898,686.8,803.9674744664737
Accumulate + Select,199,1.0,0.0,23.62374075463534,16.483408121175223,1.2161552912258713,0.5609972292554999,2.4223082899300423,1.1219414946095145,0.01511695363229637,0.008330379621603195,2.279307181838,0.3682389662300447,0.23391297658664767,0.05529261146746519,99500.0,0.0,3.0,1.5811388300841898,686.8,803.9674744664737
Accumulate + Select,200,1.0,0.0,23.628432883079235,16.484577840358682,1.2118098222369198,0.5590985769893521,2.3864418556228486,1.0983635532116764,0.014885343438830804,0.008160605634971292,2.35057048969347,0.45305078900251217,0.2334942720731849,0.055205149730569635,100000.0,0.0,3.0,1.5811388300841898,686.8,803.9674744664737
Replace,0,0.0,0.0,0.0,0.0,84.12649828456804,20.561120228712863,168.62075107125045,43.17153240098368,1.0045501351443007,0.020420054404003133,0.08388827273661993,0.014046576501377642,1.9847177533338722,0.24259294339532084,,,3.0,1.5811388300841898,686.8,803.9674744664737
Replace,1,0.0,0.0,0.09519658023203884,0.04150372313696187,85.20084112490744,20.475470228079224,170.84048624954693,42.08762758459194,1.0190524712731985,0.029294492909351256,0.1315730437696175,0.019522013615732345,1.9916536243915743,0.24579238549889693,,,3.0,1.5811388300841898,686.8,803.9674744664737
Replace,2,0.0,0.0,0.1772593290595653,0.07378171728350505,84.3120264502241,20.841873519773532,168.8964022290741,41.76466289067465,1.0074485033321254,0.05519701750907092,0.16249996533552072,0.035727108018829556,1.980612057756833,0.2529637156964374,,,3.0,1.5811388300841898,686.8,803.9674744664737
Replace,3,0.0,0.0,0.31788484761352465,0.08244910840629244,82.9882685767722,21.1321868835386,164.65862822697144,41.93397670531574,0.9807862320953207,0.054456152602193164,0.1861352268145419,0.011646515307459832,1.9660518051967504,0.25838241803589257,,,3.0,1.5811388300841898,686.8,803.9674744664737
Replace,4,0.0,0.0,0.5007876560891902,0.07948573745279001,83.20112115390722,22.338799210202566,166.06067192259707,44.689789734772,0.9859130642394216,0.06410341479973361,0.23373826788223456,0.020681261673854354,1.9610568949317055,0.26825164601091345,,,3.0,1.5811388300841898,686.8,803.9674744664737
Replace,5,0.0,0.0,0.5726279669856368,0.229578859862003,83.25541408819694,22.318940958373396,165.2116068004363,46.31781259838105,0.978682834172403,0.06784167041326584,0.23479876747675563,0.05598612991537657,1.9599993920233054,0.2674311784487675,,,3.0,1.5811388300841898,686.8,803.9674744664737
Replace,6,0.0,0.0,0.676808634943267,0.19397018945888633,82.47004397307936,23.615980893603897,165.28074866091623,47.829756015916125,0.9774436909880533,0.07137113674501672,0.24997905427979733,0.01176616532711549,1.9462406822770089,0.2793435805956443,,,3.0,1.5811388300841898,686.8,803.9674744664737
Replace,7,0.0,0.0,0.6936484858988468,0.3027284626395897,83.306393594318,24.528323413174345,165.02661100758695,48.76500462010228,0.9747626677874587,0.08318649343048194,0.2424363152760857,0.03369020556965923,1.9514701721092549,0.28827044048190653,,,3.0,1.5811388300841898,686.8,803.9674744664737
Replace,8,0.0,0.0,0.8402666636529931,0.3200491429232157,84.25391011996216,23.198753680265558,168.55796995668356,44.6631692559045,1.002343687828922,0.09151252777781776,0.2531606098647905,0.02867827252219042,1.959382334987507,0.27242268358684685,,,3.0,1.5811388300841898,686.8,803.9674744664737
Replace,9,0.0,0.0,0.995501183676217,0.40288882609341725,81.76257632644291,23.477846987099202,162.8089844910425,45.07903211002526,0.9666002870196092,0.0895566241378612,0.30695221530927724,0.07740004925658178,1.9265201032334915,0.26677817825647976,,,3.0,1.5811388300841898,686.8,803.9674744664737
Replace,10,0.0,0.0,0.9581135194471131,0.35905555583548043,81.56707473706373,23.506692150993874,164.38344114523755,47.06408713310336,0.9741775169934371,0.10670625648660907,0.3067035793767445,0.06840733149834484,1.9265556921112161,0.27052670867137507,,,3.0,1.5811388300841898,686.8,803.9674744664737
Replace,11,0.0,0.0,1.1917283512364314,0.6977850953031789,83.52682825189422,26.20906989793697,168.10187820830419,55.306514760214,0.9871473943124485,0.13642845358069214,0.3249438661909991,0.04043003408179216,1.9367596474246103,0.2979434622754205,,,3.0,1.5811388300841898,686.8,803.9674744664737
Replace,12,0.0,0.0,1.3561055597102616,0.8336532988664566,81.82689556963633,25.11881277293031,163.94090949299522,49.091291016788794,0.970530548248455,0.14556275605585584,0.3642339602291159,0.07814431824090527,1.9223275860895483,0.29128741592411184,,,3.0,1.5811388300841898,686.8,803.9674744664737
Replace,13,0.0,0.0,1.309874719379695,0.882946488087431,81.43785043994724,26.44764508887518,162.11576699001472,52.68696597537681,0.9532671348379754,0.13793619552678302,0.3388721502170656,0.04178456336049754,1.916214038858533,0.3101324259072501,,,3.0,1.5811388300841898,686.8,803.9674744664737
Replace,14,0.0,0.0,1.4532663660922185,0.9312096649557736,79.81172733557506,26.158860467664862,160.96471624483752,53.58113673767338,0.9448598369414686,0.1451716641087235,0.3639707477896313,0.022516352145225793,1.8934704320523281,0.3098699752943237,,,3.0,1.5811388300841898,686.8,803.9674744664737
Replace,15,0.0,0.0,1.4835570195984455,0.9985903078234101,79.24415159227706,26.586471495445576,158.01282793547875,53.23267446820571,0.9266468237671817,0.1264650959424183,0.3684391680109984,0.09312862459128787,1.8893255375918563,0.3134065270704689,,,3.0,1.5811388300841898,686.8,803.9674744664737
Replace,16,0.0,0.0,1.7506673325180053,1.3983486681772377,78.77715082321296,23.891029289940164,156.92559281671691,46.71836069581996,0.9279205015266326,0.09338870215584533,0.3587206896128949,0.11544216174481782,1.887599259257111,0.2800055650130926,,,3.0,1.5811388300841898,686.8,803.9674744664737
Replace,17,0.0,0.0,1.778311681676735,1.3153270352317838,80.16714987732628,24.633577346313135,160.26800164086666,49.08282921029809,0.9446334234537772,0.0796691739543871,0.3706253615580848,0.10844156439160454,1.902739744307885,0.2839187431864596,,,3.0,1.5811388300841898,686.8,803.9674744664737
Replace,18,0.0,0.0,1.962958764884227,1.4202249967791258,81.5485223194835,26.589348505093238,163.01201251958327,54.18313830634314,0.9562873844813685,0.11459149390451341,0.38542334943536155,0.09704773264357781,1.9161021486954504,0.30239367357148556,,,3.0,1.5811388300841898,686.8,803.9674744664737
Replace,19,0.0,0.0,2.063582493082314,1.4738926388966347,81.25607262080416,24.052041229080544,161.75056007312446,47.66564111885595,0.9581171823126906,0.10990412474679628,0.4117204080363634,0.14319726439151695,1.9138146915995482,0.2690654711458411,,,3.0,1.5811388300841898,686.8,803.9674744664737
Replace,20,0.0,0.0,2.2997430330159467,1.798071455775139,81.0485964832665,25.27193728513844,162.17069613006578,50.96482794990907,0.9571504457378304,0.11640660422652865,0.41246609845757,0.13225298100027807,1.9066068902933744,0.2755676028313007,,,3.0,1.5811388300841898,686.8,803.9674744664737
Replace,21,0.0,0.0,2.317133240428614,1.7570690589289188,80.25112713393325,24.870414290750787,160.4846608953338,47.808007862531866,0.9485047220922406,0.10257814236705398,0.4203390977831013,0.13872559183376582,1.8937541735606493,0.2800755866629452,,,3.0,1.5811388300841898,686.8,803.9674744664737
Replace,22,0.0,0.0,2.3626086327623286,1.6147321017370577,79.35788516602058,24.51050149329352,159.23524226137351,49.93013450260931,0.9381260950280096,0.10667014546188049,0.45485942584910966,0.1593115939221181,1.885372552409438,0.2847686554750172,,,3.0,1.5811388300841898,686.8,803.9674744664737
Replace,23,0.0,0.0,2.73559951343757,1.9727767464215566,78.03658033097349,25.399749033019635,155.7287444783831,49.318421501976346,0.9169890320187257,0.09644753026156887,0.48055112025447155,0.1754132216101561,1.8691024010225075,0.29284949196864174,,,3.0,1.5811388300841898,686.8,803.9674744664737
Replace,24,0.0,0.0,2.767858118169478,2.0475513046997067,76.32810220667677,23.33807317066891,152.63605415325193,47.66921340717692,0.9001975382595889,0.09985063887216658,0.4745670370284234,0.1785101802819537,1.8543316508012573,0.2719924730129588,,,3.0,1.5811388300841898,686.8,803.9674744664737
Replace,25,0.0,0.0,2.8300299299382385,2.081067664192225,76.63788151106367,25.391940759163734,151.96595007508978,51.73731776936154,0.890599994309982,0.09552389103646414,0.4824545186566261,0.16443515384536314,1.8499846242418219,0.2852657898814596,,,3.0,1.5811388300841898,686.8,803.9674744664737
Replace,26,0.0,0.0,2.8961975211644995,2.270135752928469,75.88005256545617,26.6288764674676,149.9646878606049,51.684665304996386,0.8789094626021537,0.1038176212761908,0.5047463867218198,0.20206337167725233,1.8368986033025247,0.302370882681073,,,3.0,1.5811388300841898,686.8,803.9674744664737
Replace,27,0.0,0.0,3.088242767835353,2.5739738356647925,75.88563031544248,24.889517816019072,151.39394221610343,50.78659906249689,0.8898050775526855,0.12190648558062711,0.48866922930602363,0.13581661842544845,1.8399118826360392,0.2919083590019707,,,3.0,1.5811388300841898,686.8,803.9674744664737
Replace,28,0.0,0.0,3.439940231901987,3.1280491080835295,74.24799820955778,23.839869887507643,148.8152185360149,47.098679961890774,0.8782579677886926,0.11124629842616846,0.5141511518711381,0.2060780197476084,1.8226515834080488,0.2815371387302791,,,3.0,1.5811388300841898,686.8,803.9674744664737
Replace,29,0.0,0.0,3.3936715898998004,2.9156204693818406,73.85001717893351,23.209725033299627,146.44902569663384,45.28076597074556,0.8678023873735278,0.11738514517608574,0.5367181302922344,0.16732322714349127,1.8159365578202475,0.26923099065213635,,,3.0,1.5811388300841898,686.8,803.9674744664737
Replace,30,0.0,0.0,3.3943807446156042,3.1929173914950044,74.02587925250546,21.901820196989878,148.8362754931329,44.305661871431774,0.8826643519837468,0.10945728233016383,0.5237802063964953,0.20363547146991087,1.8166876730023258,0.25586724703737534,,,3.0,1.5811388300841898,686.8,803.9674744664737
Replace,31,0.0,0.0,3.3274075455901224,3.314705528643049,73.64620727481318,26.332143089474933,146.62928460342272,50.58153122546036,0.8647919631036569,0.15693272457387827,0.5413121160119945,0.2259496928734918,1.8049750698316955,0.29819498616291457,,,3.0,1.5811388300841898,686.8,803.9674744664737
Replace,32,0.0,0.0,3.636463240140981,3.4616961984019485,72.42779473960192,26.28661148961592,144.55501820744047,51.37197118559384,0.8514262502049551,0.1463814538430214,0.5778422773281273,0.2276772517977421,1.7905981226352226,0.29488597567210295,,,3.0,1.5811388300841898,686.8,803.9674744664737
Replace,33,0.0,0.0,3.793351224249178,3.790615832858458,72.02704327681707,25.34730931067009,143.76921885155906,50.921146379274234,0.8480245088742937,0.16384720533281566,0.5869971816299346,0.23873033839204374,1.7791195758216176,0.2858264507746272,,,3.0,1.5811388300841898,686.8,803.9674744664737
Replace,34,0.0,0.0,3.761054325965373,3.3866670315086753,72.84980394811,26.554765060170563,145.1031607422482,51.037276134556016,0.8561877245875771,0.1639252718232895,0.5785039933115339,0.19302762186686984,1.789137673498996,0.2993559093649554,,,3.0,1.5811388300841898,686.8,803.9674744664737
Replace,35,0.0,0.0,3.6848364413846895,3.3231298325250838,73.40926492499987,26.6430362493999,146.98947913344634,53.884764621841086,0.8638764225587195,0.1581733796573242,0.56292496136453,0.21780549816471256,1.7913203491754648,0.29543471766674717,,,3.0,1.5811388300841898,686.8,803.9674744664737
Replace,36,0.0,0.0,3.666713904957388,3.289321295092831,73.66449406748549,28.540756438107568,149.03677221756726,58.827207038657946,0.8690571747037575,0.15509570249594742,0.5847310808624904,0.21394471000098694,1.7916059806445055,0.2998122152826221,,,3.0,1.5811388300841898,686.8,803.9674744664737
Replace,37,0.0,0.0,3.5244401665833047,3.198696937915773,73.0748606885972,24.05254554523723,146.56157017623286,49.532080015679206,0.8647036168518113,0.13505989043348202,0.5708316991863726,0.1884296365475496,1.7941147661889871,0.2650640686375047,,,3.0,1.5811388300841898,686.8,803.9674744664737
Replace,38,0.0,0.0,3.701224270101899,3.2125746601616365,72.21924377527914,22.39277316359621,144.27285158201843,43.61792200345264,0.8576678117334329,0.1279353749115912,0.5614856203147438,0.2110005116568014,1.786957193193033,0.2492199235161262,,,3.0,1.5811388300841898,686.8,803.9674744664737
Replace,39,0.0,0.0,4.013380389159824,3.7962588690520382,72.73709197978015,21.99664806849966,144.44102087625606,42.7586024381087,0.861034905770578,0.14471714236031738,0.5724514608215953,0.2003721725682843,1.7895544280908466,0.24062546540275379,,,3.0,1.5811388300841898,686.8,803.9674744664737
Replace,40,0.0,0.0,3.970641899509311,3.569558069798826,70.58071887561103,19.939761124527184,140.6146596117453,41.59761701533221,0.8373833920164468,0.12924819102444293,0.5622128536579587,0.18830756593056766,1.7681452159186133,0.22373602561232572,,,3.0,1.5811388300841898,686.8,803.9674744664737
Replace,41,0.0,0.0,4.294739749432365,3.836135008186721,69.38060181780907,19.794617505514744,138.84812820311626,38.281420154335876,0.8314114272887375,0.14023939042679223,0.6099625892237397,0.22520644123688466,1.7492137403069397,0.21981053831547195,,,3.0,1.5811388300841898,686.8,803.9674744664737
Replace,42,0.0,0.0,4.283614207797612,3.811592671420246,68.1075148586796,19.88842875731776,136.7056361714887,40.481575210651584,0.8170527598945533,0.15686905762240116,0.5963070416074422,0.1746236186438954,1.7333999403416407,0.22715167651433396,,,3.0,1.5811388300841898,686.8,803.9674744664737
Replace,43,0.0,0.0,4.539402102756254,4.154587850562892,66.89551832756497,18.696675979228697,133.11346165176968,37.82086028155695,0.7957459005912162,0.11814817233955131,0.6099400872105217,0.20670022879711322,1.7203315365060459,0.2131863198474669,,,3.0,1.5811388300841898,686.8,803.9674744664737
Replace,44,0.0,0.0,4.577087940853371,4.121980641114126,66.2263977116949,17.242902092296518,131.9502220646083,33.20105252838396,0.7912324790603605,0.09337081139195844,0.659594269728015,0.21683543517409723,1.7125678207268968,0.19855350838612232,,,3.0,1.5811388300841898,686.8,803.9674744664737
Replace,45,0.0,0.0,4.804468870547592,4.382360086614038,65.27428457306175,15.647197003194055,130.23340304949053,30.627565714087403,0.7828614035127531,0.0904751189776417,0.684654029654941,0.32585209387785413,1.7018056318364483,0.18747979450928423,,,3.0,1.5811388300841898,686.8,803.9674744664737
Replace,46,0.0,0.0,4.856416357541252,4.2945463549796195,65.79306299487537,15.821544269342601,131.5508753086222,33.15308594520322,0.7900673194540007,0.10687187014097763,0.6702627579897896,0.1926793217247208,1.7052703957871813,0.19491919293888874,,,3.0,1.5811388300841898,686.8,803.9674744664737
Replace,47,0.0,0.0,4.719547280846677,4.350173565358492,66.1226266957234,17.238374250387864,133.57417088248195,33.64135732267235,0.8013564008351157,0.09596804876963239,0.672373878571951,0.3040922440331322,1.7018232675232325,0.20529618079436487,,,3.0,1.5811388300841898,686.8,803.9674744664737
Replace,48,0.0,0.0,4.995859340502519,4.3993333193649855,65.86089648666149,16.299912799806478,131.00326814163466,33.70252626987461,0.7855026023030467,0.10047500994171962,0.6773186491309373,0.19817681041322152,1.694128953804465,0.19843790018279125,,,3.0,1.5811388300841898,686.8,803.9674744664737
Replace,49,0.0,0.0,5.485940473588857,4.3903931456321965,67.2422051976258,16.81335422679916,136.91691403966644,34.42095795020582,0.8209961239715333,0.10641075337265904,0.6986370591375646,0.2601655159104815,1.7065695117421704,0.21091408540308726,,,3.0,1.5811388300841898,686.8,803.9674744664737
Replace,50,0.0,0.0,5.561087503482575,3.8101202664823064,69.29175349813684,18.2285653233505,138.6943280600461,36.900600991322094,0.8285587847292172,0.08682851846890867,0.6655406856359146,0.196666978777697,1.7195909521296109,0.2076174955405792,,,3.0,1.5811388300841898,686.8,803.9674744664737
Replace,51,0.0,0.0,5.622183359642668,4.121394793501246,70.71683711316052,20.995272946364587,142.71137886907007,41.24838482295032,0.8488142730126125,0.09080298047187339,0.7510183712688576,0.2134490146179499,1.726788402113422,0.2198779718263433,,,3.0,1.5811388300841898,686.8,803.9674744664737
Replace,52,0.0,0.0,5.700920362193226,4.311059415030025,69.18069224506834,19.72438890466086,137.49096801607203,39.18757720359776,0.81920527960222,0.08622423723136985,0.6954762058160572,0.15916944196884344,1.7108443875595811,0.1996343648997907,,,3.0,1.5811388300841898,686.8,803.9674744664737
Replace,53,0.0,0.0,5.908502495207125,4.152477437509844,69.19152548249372,19.372465288614734,138.6590075846075,38.61335403913121,0.8286091818695576,0.1018742354075929,0.7279634284746007,0.2585194303331727,1.7163491787141048,0.19539726334087884,,,3.0,1.5811388300841898,686.8,803.9674744664737
Replace,54,0.0,0.0,5.7063796433594085,4.465926062676904,68.50255161169797,18.224230948061148,137.73230655029093,37.90763108852608,0.8249099268194365,0.11755059815884386,0.7121044821847041,0.16893647017850727,1.711389288961747,0.19130304404481213,,,3.0,1.5811388300841898,686.8,803.9674744664737
Replace,55,0.0,0.0,5.849975111324829,4.355787343159459,69.31961998683795,17.521691845839353,137.73229077795446,35.19468386244524,0.826569652856184,0.11568645759447518,0.7074444493262104,0.2018108717361666,1.72243660081836,0.18471549891168837,,,3.0,1.5811388300841898,686.8,803.9674744664737
Replace,56,0.0,0.0,6.242865565051424,4.763623089555721,69.88690785020627,17.5240901006791,140.02682157830867,35.040107387886636,0.8427746538365533,0.13894413769706732,0.7247338817105404,0.22024112048012529,1.7259609250001813,0.19147492386356774,,,3.0,1.5811388300841898,686.8,803.9674744664737
Replace,57,0.0,0.0,6.077095650535265,4.488311775659613,68.98552917309345,17.79357369571566,137.3177288084355,35.99036347639653,0.8254021410960783,0.14551124113336747,0.7663390838680437,0.2628732100805185,1.7095902475406135,0.19090021228142198,,,3.0,1.5811388300841898,686.8,803.9674744664737
Replace,58,0.0,0.0,6.173838089504569,4.764881183692921,68.12325356230124,15.811582251666671,135.84835590649172,30.91736568729825,0.8188036596108311,0.11534043092219809,0.6874675594777202,0.2152058554851125,1.702018197265442,0.17584066871646334,,,3.0,1.5811388300841898,686.8,803.9674744664737
Replace,59,0.0,0.0,6.2356975348118535,4.359648912888118,68.35295263433,14.058077915459076,136.90862999394045,27.799207675057367,0.828810556954585,0.11769671848403691,0.7173540655448015,0.26116560435018027,1.702772896036438,0.16115417852892552,,,3.0,1.5811388300841898,686.8,803.9674744664737
Replace,60,0.0,0.0,6.20975968919282,4.663317384242785,69.23718024844425,14.092876981979893,138.41686349629057,27.955573992405128,0.841639213297654,0.14964939189283008,0.7214584273413547,0.25419720179202954,1.704765778990031,0.15630796207061556,,,3.0,1.5811388300841898,686.8,803.9674744664737
Replace,61,0.0,0.0,5.902668905034647,4.6741399976807605,67.70938300447614,12.547961376709003,135.8988765027837,25.506146528612813,0.8281217451457044,0.14594765994298328,0.738767996796392,0.2940977878640755,1.6848421978611707,0.1350901302549885,,,3.0,1.5811388300841898,686.8,803.9674744664737
Replace,62,0.0,0.0,6.011067149245899,4.3945808185186355,68.5920663162559,13.130178660843027,137.4057516193844,25.235990089685416,0.84380748421451,0.185516991658776,0.7504876177750899,0.2584612987095634,1.6961830093996668,0.1457702060305495,,,3.0,1.5811388300841898,686.8,803.9674744664737
Replace,63,0.0,0.0,6.0198449303084605,3.9222032013900843,68.13266360547775,13.520782709708753,135.76255695883202,27.432830487142027,0.8346384933467416,0.20247301488255512,0.7587096847156133,0.21091473918028586,1.6939109175164464,0.14452843257162745,,,3.0,1.5811388300841898,686.8,803.9674744664737
Replace,64,0.0,0.0,6.12423917414917,4.302846023302,68.76161964449626,12.884695025238177,138.38782399917847,26.44167117694062,0.8519131538152044,0.20576606902176037,0.7455586349266305,0.18502112404363183,1.7007906939669062,0.1342878170129679,,,3.0,1.5811388300841898,686.8,803.9674744664737
Replace,65,0.0,0.0,6.144967821740243,4.493167428019161,70.73819339483161,13.725024533307623,142.71440497898215,26.518002587055374,0.8778917656389431,0.20883127391571732,0.7311619581315817,0.2472449943013443,1.716159061427388,0.13968709441062066,,,3.0,1.5811388300841898,686.8,803.9674744664737
Replace,66,0.0,0.0,6.580617540646057,4.937488967303821,70.04421416383602,12.180300775277043,139.63951014380055,25.526051629746593,0.856902690735091,0.1861928319804402,0.7622190778287486,0.29608963358474,1.7109977637198501,0.1277746550032175,,,3.0,1.5811388300841898,686.8,803.9674744664737
Replace,67,0.0,0.0,6.334254568031233,5.114628248426676,68.56048713896412,11.50552826280093,136.58209454212323,23.353278729274056,0.8417178929805746,0.19524577917092745,0.7670023573658445,0.27351279768835457,1.6988626342942568,0.1288421326416312,,,3.0,1.5811388300841898,686.8,803.9674744664737
Replace,68,0.0,0.0,6.5508580105599306,5.038303319368059,69.34275210885264,11.95058042404655,139.48151053413434,23.93151683141009,0.8594229584147897,0.18966751859162842,0.7704300106978117,0.247482908093176,1.709338816972004,0.1464706901088464,,,3.0,1.5811388300841898,686.8,803.9674744664737
Replace,69,0.0,0.0,6.4917858125942915,5.050697050573075,68.52537677767327,13.09221655359968,136.85075921300404,26.507312131465483,0.8447923944750029,0.20121697194213903,0.7419641074757182,0.24732805522881177,1.696340262347443,0.15135904625950203,,,3.0,1.5811388300841898,686.8,803.9674744664737
Replace,70,0.0,0.0,6.782607444677572,5.151318200913585,69.93267792262237,14.896751663758167,138.77298644857058,30.345556759356285,0.8575552997274014,0.2284529483330571,0.7792066501599151,0.31097305878714615,1.7038019261229251,0.15915756432558278,,,3.0,1.5811388300841898,686.8,803.9674744664737
Replace,71,0.0,0.0,6.779014021431733,4.859615225847905,70.43016361570349,14.445375156157482,142.20538623331134,29.031970795244813,0.8775975419457289,0.22321403766955458,0.8322133754064007,0.3158282111429008,1.7128532615329495,0.15801790750297198,,,3.0,1.5811388300841898,686.8,803.9674744664737
Replace,72,0.0,0.0,7.0407736097410405,5.704850133832842,71.35474012659056,14.42886216160801,142.55159082793844,28.725893782431644,0.8790395534820659,0.2170233980653137,0.7426339037570278,0.24084405004516435,1.7163385272785074,0.1534509233387608,,,3.0,1.5811388300841898,686.8,803.9674744664737
Replace,73,0.0,0.0,7.358440891727726,6.23214216107529,73.75781570375945,13.697000584932033,147.38562770989722,27.266504979130968,0.9128601936702525,0.23427024918218095,0.771702735476349,0.2718687630031321,1.7489376718586978,0.1388126057309618,,,3.0,1.5811388300841898,686.8,803.9674744664737
Replace,74,0.0,0.0,7.473364344262492,6.09976747976427,75.2221148600951,12.587977348849641,149.3434808218605,26.466679290440226,0.9211701150454307,0.21290913470371772,0.8291357825822352,0.33356250920280794,1.761501117750909,0.12448376180944873,,,3.0,1.5811388300841898,686.8,803.9674744664737
Replace,75,0.0,0.0,7.75535563536805,6.376647960119533,76.66814480035093,12.043221978016666,153.2701870754504,24.383004717754957,0.9481366298163201,0.22750326634193754,0.7455853646939221,0.25103459909702863,1.7785654006705882,0.11414499788089039,,,3.0,1.5811388300841898,686.8,803.9674744664737
Replace,76,0.0,0.0,8.01792398301698,6.745396083513445,76.33943384050767,12.226136646670902,153.75280101679186,23.99626107023772,0.9481387516408155,0.20722268493524304,0.8022480982572446,0.30590472453682266,1.774544030956322,0.10961373183870599,,,3.0,1.5811388300841898,686.8,803.9674744664737
Replace,77,0.0,0.0,8.598565766861963,7.3978226418442095,75.61034750015703,12.888215170939961,151.1142857671236,27.79560062078302,0.9278857714754478,0.20853177731508282,0.8116758884407667,0.25899444807165817,1.7712284940841563,0.12047273558140797,,,3.0,1.5811388300841898,686.8,803.9674744664737
Replace,78,0.0,0.0,8.860378212247534,8.368173934539525,75.87822179790086,13.513105735718309,150.31881408068674,27.41651142155383,0.9253225399345357,0.22067274889203267,0.8530979510461882,0.35827627833732717,1.7702975716511247,0.12188871657298987,,,3.0,1.5811388300841898,686.8,803.9674744664737
Replace,79,0.0,0.0,9.773567532501414,9.223132460375929,76.93141800376036,12.279702638307107,154.83294032098533,25.411791770740166,0.9546351485934768,0.22226464111166103,0.8324311893436231,0.30568568659217377,1.785385341260723,0.11408683623154975,,,3.0,1.5811388300841898,686.8,803.9674744664737
Replace,80,0.0,0.0,10.017398725249143,9.446966334883225,75.68751426808674,13.665500663829484,151.02430416333212,26.14862890512501,0.9351632467884461,0.25306075259369054,0.8873916565477623,0.3752860140830481,1.764212547562726,0.12724167055063368,,,3.0,1.5811388300841898,686.8,803.9674744664737
Replace,81,0.0,0.0,9.657499752351363,8.659259956247208,75.34946584281064,13.491684191221754,151.4560191774218,29.883038987382637,0.9274077668862203,0.20397026615473324,0.8859786533480044,0.37316396670759394,1.757817183948923,0.10758156827819816,,,3.0,1.5811388300841898,686.8,803.9674744664737
Replace,82,0.0,0.0,10.582262966853213,9.630185129274961,76.84615520212613,17.033302179097564,155.35911718262406,36.74241517297631,0.9461714604058328,0.20968119290354936,0.922390052509764,0.37648652777091085,1.7651922103997926,0.13155134534788093,,,3.0,1.5811388300841898,686.8,803.9674744664737
Replace,83,0.0,0.0,11.61742331947931,11.684884889014173,77.52371923779012,18.33839598917041,155.7641085603672,38.12401160762345,0.9439003583817002,0.18754314925487786,0.9038801236233818,0.35290404562752375,1.7707741761730902,0.13888027853277102,,,3.0,1.5811388300841898,686.8,803.9674744664737
Replace,84,0.0,0.0,12.029999290400315,11.645112852753075,77.47335864646816,18.04661348949014,155.39320841712544,38.08480264308877,0.9402693307529795,0.1818010044012306,1.0033385307158187,0.4605281824647142,1.7697594719776444,0.14786694216161259,,,3.0,1.5811388300841898,686.8,803.9674744664737
Replace,85,0.0,0.0,11.992800781932797,12.043168885800961,80.06186749236986,20.916938131366333,159.97301717365423,41.12422081755163,0.9633050117144475,0.1609920141426657,0.9440843404847039,0.43298787122088916,1.7915520274797057,0.16156614205148753,,,3.0,1.5811388300841898,686.8,803.9674744664737
Replace,86,0.0,0.0,11.757021448192244,11.42342619815735,79.55220990860956,19.43355290606057,157.04767620491683,37.26088090970955,0.9507024621491746,0.1741809448680758,0.8948372358218961,0.3594248488694449,1.7883305100419726,0.15593227589196348,,,3.0,1.5811388300841898,686.8,803.9674744664737
Replace,87,0.0,0.0,11.988273975104944,11.240545742417794,80.6540893933441,21.339395891873693,159.23514874253067,40.58670268787333,0.9634553636779313,0.1966432364532797,0.9367402576849534,0.4034106479029921,1.7866799131471627,0.17152886781575521,,,3.0,1.5811388300841898,686.8,803.9674744664737
Replace,88,0.0,0.0,11.137713722494581,10.081624161497272,77.64970683591591,15.63722726060271,156.06919888913134,31.09711385447132,0.9558090484755439,0.20582223059248606,0.9314741201730806,0.3770936434725604,1.7641058564022873,0.12778045402936627,,,3.0,1.5811388300841898,686.8,803.9674744664737
Replace,89,0.0,0.0,10.742415026921519,9.136511055805975,76.39654447881334,15.383563679473184,151.87736897863616,31.500621396694918,0.9322300461549513,0.21489642603670275,0.9535866656898688,0.36475724474675875,1.7498170428568371,0.11848129865959436,,,3.0,1.5811388300841898,686.8,803.9674744664737
Replace,90,0.0,0.0,11.025215139883802,8.915804598474608,74.87319291916188,15.064350844892033,149.67857993192666,32.425105002854444,0.9127122957976749,0.18231833162118116,0.9231219573790777,0.3014701109390966,1.731402646856824,0.1099569530533305,,,3.0,1.5811388300841898,686.8,803.9674744664737
Replace,91,0.0,0.0,11.798056494647945,10.154224606089814,76.5311045189193,15.220733686612668,152.06794289478185,30.812453551870668,0.927288522278982,0.1691894994660301,0.9473615831861754,0.3741781446025216,1.7487887870459402,0.10040004952107454,,,3.0,1.5811388300841898,686.8,803.9674744664737
Replace,92,0.0,0.0,11.131287710941228,8.451881354237313,77.41301070522763,18.700075816490898,153.14875653355188,35.43833222400329,0.9286640728280615,0.16039983406368996,0.9196512954473093,0.3151883321473478,1.7445780248280385,0.11817140217707339,,,3.0,1.5811388300841898,686.8,803.9674744664737
Replace,93,0.0,0.0,10.994382328490587,7.894764405089127,77.80496387368217,20.769516185606047,153.55189642120175,38.8755060406671,0.9277115220091104,0.1537928354596989,0.8685424640579015,0.2662290007878719,1.7511023643370578,0.1293353330964898,,,3.0,1.5811388300841898,686.8,803.9674744664737
Replace,94,0.0,0.0,12.012174163315215,9.248478470837805,79.45848100821847,22.329255253884956,158.2326273989934,42.85012718116417,0.9535217481750987,0.16654985210542203,0.9817705630920692,0.35751251293467345,1.7592328151509489,0.1319222108421462,,,3.0,1.5811388300841898,686.8,803.9674744664737
Replace,95,0.0,0.0,11.856465929018178,8.773426729073668,80.54746306067698,25.009279530724697,162.123622775883,49.82973877993483,0.9679658488214423,0.1508646265411682,0.8944501527380243,0.289974405666411,1.7601788825930005,0.1502204734520625,,,3.0,1.5811388300841898,686.8,803.9674744664737
Replace,96,0.0,0.0,12.125880964325942,9.637737589755723,80.49777960749034,25.045655125007393,162.9718440865417,53.29964326789155,0.9701205240914632,0.16205147300063316,0.9636764766233525,0.28518044472425774,1.7596745091054449,0.1487868963720095,,,3.0,1.5811388300841898,686.8,803.9674744664737
Replace,97,0.0,0.0,12.222563786987171,10.160312014000988,80.07790787655784,23.19628769460598,161.69286861999566,46.54839540249921,0.9673508529241677,0.14075432117111986,0.9586958873191719,0.39439655687234576,1.7566492461217837,0.13701387484162258,,,3.0,1.5811388300841898,686.8,803.9674744664737
Replace,98,0.0,0.0,12.408253565139429,10.15250715250583,82.45428845415185,26.014259872774154,164.3803004439786,51.28190916840795,0.9846311075388096,0.20196181870284102,1.0222757622990568,0.338661249784646,1.7716090049826447,0.1596690007146491,,,3.0,1.5811388300841898,686.8,803.9674744664737
Replace,99,0.0,0.0,12.88944883271264,11.298099619733991,80.66678145056278,24.98997005236593,161.49128638640005,50.27802436876665,0.9666238149823976,0.198468774368222,0.9586621052765494,0.300353000121816,1.758227675875948,0.16718107166920101,,,3.0,1.5811388300841898,686.8,803.9674744664737
Replace,100,0.0,0.0,11.922759765178627,10.145393075383437,79.68879720090818,23.721810716461594,160.67558000046316,48.926948715925576,0.9645185809065954,0.2072410266754432,0.9900397585285088,0.29654600078979393,1.7515733858182756,0.1616604595760196,,,3.0,1.5811388300841898,686.8,803.9674744664737
Replace,101,0.0,0.0,12.090709503268208,10.966749443883936,78.71008462083257,24.555219615097954,154.57492652068407,46.04728359403652,0.9311504807467514,0.20914933223471022,0.9968163516619784,0.34124380217606803,1.7376705275041324,0.16080808880545422,,,3.0,1.5811388300841898,686.8,803.9674744664737
Replace,102,0.0,0.0,12.54022310818183,11.417284928074722,81.11084848604239,27.368996670160556,162.43095396109683,53.53265964062305,0.976061556694036,0.2542101701659644,0.9874680113459388,0.38492402092432154,1.7491507606356305,0.1778431542425154,,,3.0,1.5811388300841898,686.8,803.9674744664737
Replace,103,0.0,0.0,13.135893161085994,12.940930009050508,81.33200652056045,25.560146542005754,162.29090053596389,48.95266901661204,0.9781193481375159,0.2354230961471708,1.0292221535053163,0.4412785125045704,1.7593863381705366,0.16492734367297884,,,3.0,1.5811388300841898,686.8,803.9674744664737
Replace,104,0.0,0.0,12.348027377399628,12.007152902195966,77.85367279599491,24.850431474661615,154.96560763174503,48.07985888764748,0.9350515329002869,0.23945202738781965,0.9365184851528954,0.3715435605134332,1.7313208170591987,0.17021820584936542,,,3.0,1.5811388300841898,686.8,803.9674744664737
Replace,105,0.0,0.0,12.441932811253304,12.235730869959356,79.06205697322217,25.373124395608258,158.2597335082219,51.25741097155985,0.950447398827975,0.2404492250826738,0.9520975350659105,0.3313068111388574,1.74030061372105,0.17497876934936554,,,3.0,1.5811388300841898,686.8,803.9674744664737
Replace,106,0.0,0.0,12.051087606071723,11.136169461837621,77.91032232100395,26.6451368381787,155.78413974736745,53.17710713182731,0.9313531774147723,0.2374964814820866,0.9202603514438904,0.3251245766731726,1.7279510233933064,0.1963011719373018,,,3.0,1.5811388300841898,686.8,803.9674744664737
Replace,107,0.0,0.0,11.866503930199325,11.09860230113441,78.28023217682856,27.741259059258155,156.4985683812393,53.93490039220219,0.9382622609939402,0.25761603642838315,0.9960301078520282,0.4611520385301005,1.7310619600482575,0.20643041856248578,,,3.0,1.5811388300841898,686.8,803.9674744664737
Replace,108,0.0,0.0,13.436056402152754,13.437064333700132,76.90494944943555,28.167748384085158,153.6082823892904,55.91242361639042,0.9134237184635865,0.2313324234384048,0.9494371755903416,0.35634273223866036,1.709745342520335,0.20788648708322513,,,3.0,1.5811388300841898,686.8,803.9674744664737
Replace,109,0.0,0.0,14.21261878341283,14.033016367424898,80.4442127044529,32.4033531306213,161.04631146206344,63.89979511046951,0.9576882078057238,0.27860345499822026,1.0178492785567548,0.3210552604378607,1.7212128474174204,0.22082540597999217,,,3.0,1.5811388300841898,686.8,803.9674744664737
Replace,110,0.0,0.0,14.165738573836876,13.883148453558867,80.34293338580993,31.71658005969226,162.02397108194523,65.01634261598913,0.9680850626108372,0.3134265753806663,1.033191317527878,0.44117807933446,1.7239160511189797,0.217921354725412,,,3.0,1.5811388300841898,686.8,803.9674744664737
Replace,111,0.0,0.0,14.501342203853124,14.644635006787203,82.2982393802607,34.44645901496925,164.2885743358608,69.95411618190796,0.9780354701120408,0.3410826408670952,1.0257309807846589,0.37251178747866875,1.7428229395525503,0.23517224131508108,,,3.0,1.5811388300841898,686.8,803.9674744664737
Replace,112,0.0,0.0,14.400124497582368,15.119889049575454,82.33047749757927,34.56737911230674,162.2337039674473,67.80116624182999,0.9647134904673547,0.3273080453537392,1.0227542880608456,0.4187549566338843,1.7470325974758723,0.24370908940679906,,,3.0,1.5811388300841898,686.8,803.9674744664737
Replace,113,0.0,0.0,14.079519804330882,13.823120370761611,83.41985400415741,34.70475584870422,166.3426885713737,69.34400170437208,0.9882414617925287,0.33340833202626924,1.0374280120275123,0.43404252114132874,1.756473679026718,0.2403354111100255,,,3.0,1.5811388300841898,686.8,803.9674744664737
Replace,114,0.0,0.0,14.41483080104546,13.513629035181756,84.32507413859233,35.54742163863952,168.43641981042757,71.61736532276697,1.0107246110725232,0.3849817814506809,1.093745610695566,0.3425879939138897,1.7602363297086208,0.2336947051483089,,,3.0,1.5811388300841898,686.8,803.9674744664737
Replace,115,0.0,0.0,14.53594689973772,14.019053355891087,86.4633687984799,39.777597243478894,170.8989799278961,76.14831409831945,1.0224879934812519,0.40910428508992913,1.0722517447100717,0.42711550162254786,1.7621678036952122,0.24658528337030824,,,3.0,1.5811388300841898,686.8,803.9674744664737
Replace,116,0.0,0.0,14.241402733527185,13.590103938961244,87.6066043794273,39.60535847140522,172.72486763691802,79.26008367201376,1.0361819733846407,0.43907098047153476,1.0578943091868438,0.36894694369053926,1.77197451901178,0.23773259262915097,,,3.0,1.5811388300841898,686.8,803.9674744664737
Replace,117,0.0,0.0,14.495806483586199,13.714606759863342,87.74179568917306,35.365240293623195,176.46029090876257,71.70131316115955,1.058483568561004,0.385218536235572,1.0482967668700398,0.38080929763248783,1.7760567311563586,0.21128400917901216,,,3.0,1.5811388300841898,686.8,803.9674744664737
Replace,118,0.0,0.0,13.742943561672107,13.038881648466251,90.50726800424214,42.73179914548085,177.90229638048467,81.40468837880108,1.0680590458393033,0.4533058180221315,1.0154791425290637,0.3746042380884097,1.7814061032467101,0.2413183955099412,,,3.0,1.5811388300841898,686.8,803.9674744664737
Replace,119,0.0,0.0,14.768198705071532,14.349583287795264,87.75750163090723,42.929402025198044,174.73724953088256,84.27281828471621,1.0442302209635321,0.4660661410363339,1.1422808696001074,0.4538624929810857,1.7592494464062969,0.25314784114756145,,,3.0,1.5811388300841898,686.8,803.9674744664737
Replace,120,0.0,0.0,14.000587342017388,13.254568297377855,87.97598913236558,45.30076800865832,178.3348963052875,92.93601616968303,1.0643859415694128,0.5195457903868177,1.089445236070589,0.3489304816050503,1.7481413441564464,0.2628443462926812,,,3.0,1.5811388300841898,686.8,803.9674744664737
Replace,121,0.0,0.0,14.74479763028918,14.082285776604751,87.0046857326267,47.27843416908731,173.718197675477,95.50740053455456,1.0304947150339743,0.5269098466922012,1.111971378971864,0.37466016451855216,1.7380557795059652,0.2965473178958134,,,3.0,1.5811388300841898,686.8,803.9674744664737
Replace,122,0.0,0.0,14.794350399710012,13.53938146045404,86.96711856698047,45.05813716775106,174.3441893398361,91.07220387510593,1.0277211510318291,0.4791539598417455,1.1417606901381765,0.41270886690191994,1.7438302489439828,0.28271037725089404,,,3.0,1.5811388300841898,686.8,803.9674744664737
Replace,123,0.0,0.0,14.99172389179943,13.27365589481025,88.23036139498258,47.3718054202246,175.35372985984478,94.28719126813144,1.0365698968972432,0.5076076804788757,1.2006456894850701,0.47651976699632714,1.7423997999975227,0.27926859063988596,,,3.0,1.5811388300841898,686.8,803.9674744664737
Replace,124,0.0,0.0,14.659411890319898,11.742585869838207,91.55723947190427,52.427458803607124,179.56490837603164,101.86618444145635,1.06693032404356,0.5698389104686308,1.1414557995561783,0.45585032395413866,1.7515034531127107,0.27858248817802145,,,3.0,1.5811388300841898,686.8,803.9674744664737
Replace,125,0.0,0.0,14.17391358535718,10.091415067936916,90.73194364673131,50.88482380755424,179.0281341670323,100.75955702984109,1.0618089631377958,0.5562120475843182,1.1008924229801829,0.27972037890151535,1.7397975462148334,0.2693637350801332,,,3.0,1.5811388300841898,686.8,803.9674744664737
Replace,126,0.0,0.0,13.284202924815881,8.410636631996475,87.56327766492961,49.465188158599354,176.14062797587397,102.27787091774688,1.051941565859973,0.5810059534260348,1.070681880496024,0.305506668925387,1.7156040985152234,0.2511238626844722,,,3.0,1.5811388300841898,686.8,803.9674744664737
Replace,127,0.0,0.0,13.32004142476848,8.598253854659811,86.87666037209088,45.80860985319544,172.9445444863895,92.26055610897957,1.0250351936814401,0.49152936672627956,1.0759323809906516,0.3500901589218105,1.7064179681700449,0.2389853452087228,,,3.0,1.5811388300841898,686.8,803.9674744664737
Replace,128,0.0,0.0,12.926517478984447,7.8418683232551025,87.31586953857436,46.03267058111685,177.58274471157247,97.93095091497804,1.053805457220799,0.5315720624547399,1.060425338520503,0.3085872370371581,1.706663516934031,0.2404103073463598,,,3.0,1.5811388300841898,686.8,803.9674744664737
Replace,129,0.0,0.0,13.238410509423527,8.571995610631957,87.74867709853086,47.83585878927285,174.81322169717117,94.46043055945579,1.0346406700795374,0.4984841812395498,1.0788442046678963,0.3372062332798444,1.6987118760813076,0.2537270054887142,,,3.0,1.5811388300841898,686.8,803.9674744664737
Replace,130,0.0,0.0,13.326218253499638,7.391274819278045,87.29940301314973,46.987857883620855,173.06396469433216,92.79578009570285,1.0216576414049336,0.476816151498742,1.0677845062960754,0.32504781268955124,1.691676895865123,0.25489214460211196,,,3.0,1.5811388300841898,686.8,803.9674744664737
Replace,131,0.0,0.0,13.798442003525432,8.304802592100295,83.46457012418804,42.254346464084115,169.08357795728662,87.75266737236366,0.9937110425365543,0.43056940894243817,1.1386707063740773,0.3375159657734224,1.6689735951115985,0.2404742477504229,,,3.0,1.5811388300841898,686.8,803.9674744664737
Replace,132,0.0,0.0,13.571762460281054,8.009157448181968,81.15503260362225,41.154578935225295,159.58489641394584,78.69424256106247,0.9451548848872461,0.3938762142526577,1.1602168340177967,0.422385625162242,1.6575107663279014,0.2405347290057763,,,3.0,1.5811388300841898,686.8,803.9674744664737
Replace,133,0.0,0.0,13.456155094975443,8.34034489466701,79.88410887325746,38.68951843849208,159.8117166345875,78.41162922523115,0.944563093083952,0.386071355825295,1.05456332652751,0.3218527221934101,1.6476430363575918,0.23153272320681584,,,3.0,1.5811388300841898,686.8,803.9674744664737
Replace,134,0.0,0.0,14.234363242094895,8.841507474279565,78.1683752131723,37.26093487534176,154.08596613685614,72.60689834918011,0.9065529280505068,0.3271053414372473,1.0812312823179608,0.3023901169686744,1.6399754544176801,0.24089122471334892,,,3.0,1.5811388300841898,686.8,803.9674744664737
Replace,135,0.0,0.0,14.407549473030112,8.756339707498444,77.32597215439978,35.10151714537548,156.49839710026035,72.60549129976054,0.9348471530003246,0.381179470346075,1.1303875207695948,0.413034870938137,1.6379310299279108,0.22043805592299898,,,3.0,1.5811388300841898,686.8,803.9674744664737
Replace,136,0.0,0.0,15.085109274535617,9.590781900067208,77.27969306858868,37.601752498760995,152.8672377019803,71.7932942292008,0.9182888972261267,0.3905786758499685,1.079939631314237,0.3366924100886696,1.6266816534735788,0.2178634533393653,,,3.0,1.5811388300841898,686.8,803.9674744664737
Replace,137,0.0,0.0,15.330730803928784,10.010124865568473,77.31611068401007,40.217782286573865,155.97674501000924,81.99274757972364,0.9365179130047551,0.45837873110391286,1.0913479707895275,0.2531575095300592,1.6180743483916604,0.2230596389794914,,,3.0,1.5811388300841898,686.8,803.9674744664737
Replace,138,0.0,0.0,16.115105974698103,10.45482307807997,79.02806446621327,42.3187232551741,158.51513253388694,85.16183186792158,0.9460311316035899,0.46224196955604624,1.1090277986701287,0.2947276193403209,1.623324802946105,0.23666961015623664,,,3.0,1.5811388300841898,686.8,803.9674744664737
Replace,139,0.0,0.0,16.34155531302356,10.219410876084511,79.84507256924655,42.27791351150348,161.08972902642034,86.5451026022981,0.9643037595515537,0.4792112293025193,1.2103330121557632,0.3588638795073205,1.6337917069812051,0.22713221466983638,,,3.0,1.5811388300841898,686.8,803.9674744664737
Replace,140,0.0,0.0,16.03077629000201,10.20389892857547,81.33066814013121,42.641649182375446,166.32856019077101,92.53008206162858,0.992402846017422,0.5067891327952505,1.187614160385888,0.3700822353303721,1.6366107846601607,0.22623641385774904,,,3.0,1.5811388300841898,686.8,803.9674744664737
Replace,141,0.0,0.0,16.489392907564856,10.268567609409905,83.14874623827225,44.08676681001024,163.97752630777,84.86971318715116,0.973501782386311,0.4412636409318056,1.1803464402298371,0.30429831093332194,1.6458732275053674,0.24515750730550684,,,3.0,1.5811388300841898,686.8,803.9674744664737
Replace,142,0.0,0.0,17.328637439095434,11.14820262372838,81.60197217977745,44.94268853514063,163.77192380827142,89.6508329787649,0.971038181630114,0.4723647337868898,1.2451632820122303,0.3950160443002508,1.6245834934213215,0.23494414625268076,,,3.0,1.5811388300841898,686.8,803.9674744664737
Replace,143,0.0,0.0,16.968011986171387,11.041813238563611,80.77327751871118,44.65733400722823,162.1997821314103,90.79573393179048,0.9654994214920727,0.49542780699742045,1.1977381717489866,0.3938619015139578,1.6137967443496553,0.23383638095993786,,,3.0,1.5811388300841898,686.8,803.9674744664737
Replace,144,0.0,0.0,18.145692751662704,12.379167512613245,78.56532320152893,45.87993698085046,159.32928663553963,96.4814550942034,0.9498391635817385,0.5422595569184712,1.260064718918492,0.5055706931909532,1.6000881828773743,0.261546749595703,,,3.0,1.5811388300841898,686.8,803.9674744664737
Replace,145,0.0,0.0,17.674733553008792,11.386599277523446,78.6690046384311,42.90116171499026,157.77732989740971,85.53148588353015,0.9364895303406765,0.45654805249302716,1.17052836485483,0.44259727666881743,1.6014513865093363,0.24809511032371953,,,3.0,1.5811388300841898,686.8,803.9674744664737
Replace,146,0.0,0.0,17.083751006019675,10.230142386838523,81.7624371407571,44.38084547178577,165.57715443002286,91.70340893054129,0.9777492186003208,0.4777443252286067,1.1473846854183607,0.32359937824268054,1.6160799066658538,0.24307532753814903,,,3.0,1.5811388300841898,686.8,803.9674744664737
Replace,147,0.0,0.0,17.0170322487618,10.86625920391973,78.3257158867921,40.25797185497301,157.83441458250832,83.65825300729202,0.9345943962321985,0.4341466638691284,1.210400354163992,0.4487356086155637,1.5957165811274354,0.2378566683230759,,,3.0,1.5811388300841898,686.8,803.9674744664737
Replace,148,0.0,0.0,17.4049626639977,10.977669226331203,80.67864097982394,45.10025807622197,162.5903049414152,90.91017056333915,0.9545435935126481,0.449934674820747,1.2121922385369024,0.44785340612542435,1.5998154976186167,0.2648018297893664,,,3.0,1.5811388300841898,686.8,803.9674744664737
Replace,149,0.0,0.0,16.70162479335976,10.440158901888852,74.76023876772629,38.412582650784735,151.87777144340117,81.05701217437252,0.8930445967980232,0.39872652528815344,1.205430646412106,0.36461933714132616,1.5669608352760653,0.2440803967452957,,,3.0,1.5811388300841898,686.8,803.9674744664737
Replace,150,0.0,0.0,16.641890663957703,11.007036655691643,74.2753871629878,36.34748168088153,148.45377055752473,73.25132865745489,0.8758681726575992,0.34883864893345473,1.208911899439362,0.42507168215580593,1.5700626109018918,0.23748006638071464,,,3.0,1.5811388300841898,686.8,803.9674744664737
Replace,151,0.0,0.0,16.14398462695345,11.19046097292851,71.9175743215244,34.41668038971567,144.39477371906474,68.15212925404458,0.8542515238845668,0.3188575981828694,1.0798158964851874,0.3405788115581532,1.5492753442061749,0.22156230352629164,,,3.0,1.5811388300841898,686.8,803.9674744664737
Replace,152,0.0,0.0,16.062786631548992,11.70636857167424,70.62097681113201,34.259932518431675,140.0877956877662,66.12494739685809,0.8297730251086431,0.32032464748318573,1.1988407609585838,0.3699307829624666,1.5396585880812208,0.22253680052567068,,,3.0,1.5811388300841898,686.8,803.9674744664737
Replace,153,0.0,0.0,16.150923711914547,12.929293667686567,71.2299871716357,32.21940896360253,143.59238111354435,66.17145432965657,0.8486744450947598,0.3000697062527112,1.1547392837754789,0.3891135230964959,1.5497368382654502,0.20377965137448364,,,3.0,1.5811388300841898,686.8,803.9674744664737
Replace,154,0.0,0.0,16.190619664699568,12.621982257494507,72.39417814811257,32.40827613765718,144.57767910810463,67.0518086221462,0.8537342305191693,0.30317971385675946,1.1512115941293632,0.3806980913471319,1.5555626078553835,0.19628204499801155,,,3.0,1.5811388300841898,686.8,803.9674744664737
Replace,155,0.0,0.0,15.73962311166431,11.551089736662819,71.21296392231261,29.224614807084915,144.5242684667854,60.22029332727244,0.862466234935799,0.2854178954996039,1.1189816520209948,0.40367909871520385,1.551284777008442,0.18030460896003175,,,3.0,1.5811388300841898,686.8,803.9674744664737
Replace,156,0.0,0.0,16.139190900174064,11.693851082049372,73.78017401989304,31.15419414719668,149.12434639705845,64.50760020345069,0.8880685467619305,0.30857439311612117,1.2538043016361569,0.43042735299182233,1.5548316977796763,0.17369819536473885,,,3.0,1.5811388300841898,686.8,803.9674744664737
Replace,157,0.0,0.0,16.765298517098305,13.780724563611397,74.27477952558738,32.17162726903737,147.57376797784642,63.65019723493588,0.8824047545433658,0.31887728691369593,1.207956941454586,0.38215360717955954,1.566016941749655,0.1864693488954851,,,3.0,1.5811388300841898,686.8,803.9674744664737
Replace,158,0.0,0.0,16.43937390994354,14.069526736028301,75.26054612887421,35.49847206729239,150.92654153209725,70.6179833879169,0.8939641444409695,0.3360941360888516,1.168992042688962,0.4783326619137185,1.5633574777228243,0.2048813791565262,,,3.0,1.5811388300841898,686.8,803.9674744664737
Replace,159,0.0,0.0,16.336532540395005,14.344535033825554,75.08954362471752,35.56194810883688,152.23793764958336,74.39952839987917,0.8923038095774143,0.3204917196691542,1.1220835004311371,0.46257365467139216,1.5615166488597438,0.20618813915718442,,,3.0,1.5811388300841898,686.8,803.9674744664737
Replace,160,0.0,0.0,16.31959947411362,13.887234250639194,75.09299211570541,36.65171399996579,149.54393141930728,72.12973301064133,0.880375134705299,0.31000374147063586,1.1760959457208098,0.4776326127542848,1.5611234162076517,0.21148907552963112,,,3.0,1.5811388300841898,686.8,803.9674744664737
Replace,161,0.0,0.0,16.369971784458222,14.589972536404424,76.00166751752651,42.00062894523623,152.60515663453526,85.25300689189177,0.8801718482272796,0.33235172960668735,1.175730169583253,0.5751168290142246,1.5550752435718846,0.24595059078223885,,,3.0,1.5811388300841898,686.8,803.9674744664737
Replace,162,0.0,0.0,15.958725137537238,13.926610632371784,77.88694288059469,47.52221171805156,159.18410592854366,101.77051940912472,0.9043181233612128,0.3850294790016324,1.1643233124069212,0.49501715954573067,1.556215341833965,0.27455728194166107,,,3.0,1.5811388300841898,686.8,803.9674744664737
Replace,163,0.0,0.0,15.491644720600181,13.437732335082153,78.53294241642652,51.33805445577327,159.4498698694842,105.4918521343157,0.903571581660551,0.41607117798457416,1.2298123996088224,0.5120065216356046,1.5426927553982297,0.2891503229589572,,,3.0,1.5811388300841898,686.8,803.9674744664737
Replace,164,0.0,0.0,15.24374162128446,12.030874493772535,79.91194392676009,50.56650793303994,159.7548074941473,99.32715837402343,0.9136101564605538,0.41320187662880986,1.1464349768609747,0.40693400062697727,1.5581979963971677,0.2959778055840898,,,3.0,1.5811388300841898,686.8,803.9674744664737
Replace,165,0.0,0.0,15.723219556767834,12.96005262684179,79.91760010514743,53.34860489996732,157.55919178153277,104.07823000599001,0.8920280360325179,0.4013378877480871,1.2123707441233726,0.4726117052087558,1.5499124929613095,0.3114368201262189,,,3.0,1.5811388300841898,686.8,803.9674744664737
Replace,166,0.0,0.0,16.953645692559295,16.02919588829759,85.40543447869912,63.69535750223407,172.23161693617618,129.84855364848332,0.9598312495636481,0.5066980869653779,1.1985192866271535,0.46433673473443426,1.5775134490663782,0.3557779787494836,,,3.0,1.5811388300841898,686.8,803.9674744664737
Replace,167,0.0,0.0,16.898477855441435,15.49478017687691,86.62166990063706,65.88228985446541,175.65133438795408,136.33856443219264,0.9761812964374647,0.5271738755301631,1.3053210624088805,0.6239401119523043,1.5845465998213784,0.36390506832127617,,,3.0,1.5811388300841898,686.8,803.9674744664737
Replace,168,0.0,0.0,16.18434808195202,13.070671325399827,91.16631172869023,73.20999759645255,189.7495569751647,159.36078045221507,1.0422158759680564,0.6121140894974932,1.165105428500866,0.47681295837134274,1.606787599592702,0.3829032865362893,,,3.0,1.5811388300841898,686.8,803.9674744664737
Replace,169,0.0,0.0,16.298222964983076,14.356819967455209,93.05367211974497,74.52180510491469,182.9728175108358,140.97897573912434,1.0174532560848855,0.5438045780854247,1.226758930382878,0.49278093848115845,1.6224090721065536,0.3973687275557647,,,3.0,1.5811388300841898,686.8,803.9674744664737
Replace,170,0.0,0.0,16.55327504923519,14.518059573573094,98.17262346746585,84.41323525187642,196.71407493074722,171.1957512996354,1.0753017555156015,0.6570767894276196,1.2143338698265087,0.5354849084160198,1.6434830852147293,0.43039188900920794,,,3.0,1.5811388300841898,686.8,803.9674744664737
Replace,171,0.0,0.0,16.497152203585745,14.728933950549987,99.02152170833592,89.63220359174358,200.3485656733295,181.74911553051396,1.0886589563986677,0.6980479863328015,1.2530689779180921,0.6288321985680516,1.6448952279698097,0.44775503896131635,,,3.0,1.5811388300841898,686.8,803.9674744664737
Replace,172,0.0,0.0,16.241926338359477,15.753910369128667,97.48764749191614,86.08783211987253,191.47454111054222,165.29647123881227,1.0469359144990187,0.6365643815197926,1.2715198740464717,0.7148208516659658,1.6379873036698345,0.44851511335491423,,,3.0,1.5811388300841898,686.8,803.9674744664737
Replace,173,0.0,0.0,15.341342563111766,13.591755936781066,98.61734545873735,85.62668576479392,199.07059062257704,174.08968362313172,1.0881025402489115,0.6833249119150914,1.2362000918725424,0.5789863535189758,1.6422324258830838,0.46098544864792235,,,3.0,1.5811388300841898,686.8,803.9674744664737
Replace,174,0.0,0.0,15.421008568769661,14.115557075067086,101.3107283229256,88.37382408928377,200.44232091795084,172.53425142928342,1.0985224190398186,0.6913171131438738,1.211897058019964,0.5025765641451581,1.6469893403236973,0.469188284696537,,,3.0,1.5811388300841898,686.8,803.9674744664737
Replace,175,0.0,0.0,14.962938111144856,13.362788681584634,97.54988218342608,85.65803412632073,193.20794409898667,169.3519999607818,1.0571329490028238,0.668011265589632,1.229192540497184,0.5361917247552416,1.6292790466836309,0.4691266345700237,,,3.0,1.5811388300841898,686.8,803.9674744664737
Replace,176,0.0,0.0,14.572449632625865,12.641946848342982,102.2387156201017,95.36963344803316,204.5487923333543,194.1721170999599,1.104888919765192,0.7661486658452163,1.2865050285812243,0.6464093149216623,1.6390989203934072,0.49018055494811,,,3.0,1.5811388300841898,686.8,803.9674744664737
Replace,177,0.0,0.0,14.189042909254159,11.894786056349286,99.73266797837326,92.32523229606362,197.77542937795138,183.62401835492133,1.0710104750355716,0.7156272599337408,1.2441513827370858,0.4769040618971632,1.6294490292314723,0.48159591363267445,,,3.0,1.5811388300841898,686.8,803.9674744664737
Replace,178,0.0,0.0,15.380327702390868,13.145081875457537,98.7239953138978,87.73654064539447,198.50158986182723,178.88316168271214,1.0809731691586895,0.698393612578886,1.133177318634227,0.36716835962484556,1.6382448154893456,0.4701862932273716,,,3.0,1.5811388300841898,686.8,803.9674744664737
Replace,179,0.0,0.0,15.159850229435005,13.042497621399516,96.08881799340739,81.16948477254083,191.4596897512198,160.31930062603766,1.055085392859877,0.6319914207461818,1.231692362657814,0.45708334851564514,1.6265472555680716,0.44640869656262705,,,3.0,1.5811388300841898,686.8,803.9674744664737
Replace,180,0.0,0.0,15.091110465243187,13.021317540594724,99.66402680882916,89.30736110222144,191.72085268278562,167.5197149314594,1.0499176818190155,0.6500344114632538,1.223977620829898,0.5400023311209438,1.6289393393778724,0.460169418983816,,,3.0,1.5811388300841898,686.8,803.9674744664737
Replace,181,0.0,0.0,15.241516325987567,12.92748468594138,106.03256311192112,101.3918296405041,213.79019438597388,208.23734997323393,1.1499685167655613,0.8251359833145534,1.3028767619124018,0.6278876942690366,1.6524315852256883,0.5061094038605264,,,3.0,1.5811388300841898,686.8,803.9674744664737
Replace,182,0.0,0.0,15.916431335310126,14.324370803923761,117.60435309655539,123.74265155632463,237.87117089121602,256.4183890435893,1.2555878377809595,1.0260843567790474,1.311170252427796,0.6406995937268741,1.6867385755907118,0.561307059790266,,,3.0,1.5811388300841898,686.8,803.9674744664737
Replace,183,0.0,0.0,17.60567793316655,16.494856731226896,114.05485761244412,118.17513766802354,227.01882425263292,234.3140516537415,1.2086327239813652,0.9380838082686243,1.3823619678183532,0.738490780352285,1.6746444907695952,0.5559931087666585,,,3.0,1.5811388300841898,686.8,803.9674744664737
Replace,184,0.0,0.0,17.305451223658523,15.539884268635484,109.32846969545122,108.66749359301288,222.82550291262936,222.60934311876304,1.1929570884017353,0.8989625725216207,1.2475037208769948,0.4431961192592899,1.6581731180128751,0.5466231297734035,,,3.0,1.5811388300841898,686.8,803.9674744664737
Replace,185,0.0,0.0,17.280402377502494,15.939255588256401,104.74197568855143,98.92127877686885,206.1474653439953,193.42487074402783,1.1151711628204262,0.7660451340332264,1.2793530511021243,0.559444780083863,1.6505843049729392,0.5207112931871333,,,3.0,1.5811388300841898,686.8,803.9674744664737
Replace,186,0.0,0.0,16.05444923157654,14.488812396248665,107.66952471898553,100.0756159596513,216.72037002147917,202.93255232426085,1.1707919484887293,0.8206966556460421,1.2796929537791806,0.6465981636989225,1.6601115697278548,0.5236667696938141,,,3.0,1.5811388300841898,686.8,803.9674744664737
Replace,187,0.0,0.0,15.779458350729133,13.988154893565916,105.789958629428,98.41359350675447,212.684152118108,196.10730491889692,1.1513302272739436,0.7883051154180747,1.2726371357781807,0.5588697788577501,1.6502707012703985,0.520926416578652,,,3.0,1.5811388300841898,686.8,803.9674744664737
Replace,188,0.0,0.0,15.831714527699072,12.879025001511735,104.75104487203596,95.79414984953843,209.80712175415732,192.23087030250358,1.1374751094907594,0.7669865172358377,1.2808585357604587,0.5337847167040625,1.6469792057921784,0.4909993387294362,,,3.0,1.5811388300841898,686.8,803.9674744664737
Replace,189,0.0,0.0,17.065181622202168,14.693162066535686,97.05629626079006,78.6584973485006,195.07005640513694,162.10870085581487,1.0726265853853814,0.6466937880032532,1.3221994528486285,0.482177273482426,1.6309714640480297,0.4548134068539644,,,3.0,1.5811388300841898,686.8,803.9674744664737
Replace,190,0.0,0.0,17.451217911919578,15.087899467588942,96.7982552211504,73.85140998824843,190.1573642166647,140.0044672819407,1.0674603834648624,0.581981816611199,1.267617154288658,0.4523142185777003,1.6333637874498428,0.43702815842020054,,,3.0,1.5811388300841898,686.8,803.9674744664737
Replace,191,0.0,0.0,17.94822815888832,15.212356623812866,96.65352961943954,75.2264181389784,190.3973782396027,146.3613051771521,1.060757255839177,0.5978994767662706,1.2591187973463032,0.4241776191385728,1.6307864709756874,0.43982668779646145,,,3.0,1.5811388300841898,686.8,803.9674744664737
Replace,192,0.0,0.0,17.463971951803522,14.01594564470087,99.03738153504442,80.02499350432912,196.86164678092635,160.08807949056828,1.0868049070936014,0.6323058405773347,1.2855424270167233,0.38583046697157514,1.641757416776025,0.44476132486696485,,,3.0,1.5811388300841898,686.8,803.9674744664737
Replace,193,0.0,0.0,16.97866774295875,12.581901773806543,92.63904928028657,67.50257455109471,182.9379066072814,129.92978042405642,1.03135497505734,0.5378414598221181,1.2922367277602331,0.350856654702538,1.6125087072727715,0.4153529885290522,,,3.0,1.5811388300841898,686.8,803.9674744664737
Replace,194,0.0,0.0,17.258623614531743,12.841597324089795,88.34452511699318,62.087749308468844,176.17792845890514,120.97934122940705,0.9978626293246549,0.48844100179325106,1.2148553813504284,0.4229375105620151,1.5934278179582253,0.40173424323702717,,,3.0,1.5811388300841898,686.8,803.9674744664737
Replace,195,0.0,0.0,17.510343518325122,13.292894341026837,91.53707770886749,63.185913594783244,182.1351691625445,126.37278972047703,1.0312172261761154,0.5210009791447113,1.3153947873520155,0.40131643622782953,1.6108827118921638,0.4163787814895872,,,3.0,1.5811388300841898,686.8,803.9674744664737
Replace,196,0.0,0.0,17.099902887547834,12.658072779651313,93.27065995670989,65.43658020970678,186.44522824539467,128.6357030148349,1.0584004569639522,0.5461042942949212,1.3220349869356984,0.4278223464667539,1.6200480472562127,0.4285502766610173,,,3.0,1.5811388300841898,686.8,803.9674744664737
Replace,197,0.0,0.0,16.770765467352927,12.238199341573718,89.85581939658775,59.77851366243116,177.04092982949504,113.15071930113031,1.0153168880369692,0.46406339880751446,1.2317670757135495,0.3795927747194223,1.6086775481161752,0.39819118460553166,,,3.0,1.5811388300841898,686.8,803.9674744664737
Replace,198,0.0,0.0,17.398990409475235,13.824985851685014,90.2106976718557,62.7490912073111,183.93858826353016,125.46474442810138,1.047364371724746,0.5209519707187715,1.2344502992912325,0.38757331922766947,1.6032992417430314,0.41684818168051907,,,3.0,1.5811388300841898,686.8,803.9674744664737
Replace,199,0.0,0.0,16.470459055099084,12.073429998905342,91.74535959712367,59.42877873587585,183.64096058038322,120.28129316440125,1.0534290739413859,0.5197504186457824,1.2663133060337235,0.3599886534246249,1.6200623086951804,0.4050796071847439,,,3.0,1.5811388300841898,686.8,803.9674744664737
Replace,200,0.0,0.0,16.286869127369975,11.988209823756772,91.1526779565178,58.93329056551211,182.9117944772936,118.55001223142165,1.050967413062982,0.5228306117385433,1.295725112456869,0.38778406311611074,1.6169373103023787,0.40295449073602724,,,3.0,1.5811388300841898,686.8,803.9674744664737
Replace + Select,0,1.0,0.0,0.0,0.0,84.12649828456804,20.561120228712863,169.43728516626214,40.17652495574363,1.0128706266755003,0.020390549889814185,0.08661830371389315,0.019219443144209137,1.9847177533338722,0.24259294339532084,,,3.0,1.5811388300841898,686.8,803.9674744664737
Replace + Select,1,1.0,0.0,4.9441176093602195,3.7451918497796144,44.06694340370349,13.23856646481846,88.22926626804589,27.23632645197912,0.5363756098369705,0.16940552004925374,0.8605273823723986,0.11316051510831165,1.4314783162497062,0.21869642122804964,,,3.0,1.5811388300841898,686.8,803.9674744664737
Replace + Select,2,1.0,0.0,12.631317295090337,10.796528113174155,19.815553630412147,8.310781580933748,39.414666588068215,16.55013627885476,0.24445225323622516,0.12446893535683068,1.507566957567785,0.21579643332214543,0.9496285088825978,0.2036468558000887,,,3.0,1.5811388300841898,686.8,803.9674744664737
Replace + Select,3,1.0,0.0,16.8645721347779,13.255317015026247,7.971650158213542,3.8175094442378925,16.003539591803268,7.569885380923865,0.09978182951724743,0.057416029558230317,1.8546521942964997,0.259002765755321,0.5988893932444516,0.14457395430327633,,,3.0,1.5811388300841898,686.8,803.9674744664737
Replace + Select,4,1.0,0.0,19.495358534657672,14.63020470073786,3.221133282761964,1.6585273034205787,6.408165956780283,3.2725098777939396,0.04010783395572199,0.02477843826745805,2.097068446167802,0.29908107806159323,0.37791342622231267,0.0972904818045846,,,3.0,1.5811388300841898,686.8,803.9674744664737
Replace + Select,5,1.0,0.0,21.014989096426397,15.329488047508946,1.3045260370849023,0.6637807962234551,2.6010911200153073,1.3413076189585966,0.016406484848844674,0.010354428156460505,2.325999416688859,0.423727558835623,0.24134873712413157,0.06190603785494879,,,3.0,1.5811388300841898,686.8,803.9674744664737
Replace + Select,6,1.0,0.0,22.229305615800747,15.829888242295594,0.558044819272548,0.28846025753397553,1.1225629230630476,0.5712270691207443,0.0070703306542482846,0.004346381947176926,2.3755820280762316,0.3666791498772496,0.157024695945062,0.0408645626398841,,,3.0,1.5811388300841898,686.8,803.9674744664737
Replace + Select,7,1.0,0.0,23.087383475863145,16.221802162734686,0.2474594214445141,0.12917835700668168,0.4890778813593396,0.25274987812586297,0.003064263483391053,0.0018470783445730264,2.412933884927063,0.3130497249028735,0.10447068466300316,0.028508110036677466,,,3.0,1.5811388300841898,686.8,803.9674744664737
Replace + Select,8,1.0,0.0,23.726205998699356,16.517083131241087,0.1206930130219133,0.06769784147884961,0.24107091233121344,0.13431893370340695,0.0014956290378654342,0.0009145696299640531,2.456201462005958,0.3718278092882169,0.07246629012366286,0.02169675273598358,,,3.0,1.5811388300841898,686.8,803.9674744664737
Replace + Select,9,1.0,0.0,24.280952013185026,16.742182165998475,0.06575874749773844,0.038991129053309356,0.13094880323305513,0.07834987479808875,0.0008072816497560259,0.0005074323221771986,2.5129067743919338,0.4519444592497838,0.05313244551779798,0.017360766639253067,,,3.0,1.5811388300841898,686.8,803.9674744664737
Replace + Select,10,1.0,0.0,24.683179957176975,16.944802485946127,0.03754743669356855,0.02264264535380661,0.07559838922373675,0.045827395159018035,0.0004706097342566277,0.00030947833026091683,2.488693569849741,0.37353449333513833,0.04016123871331469,0.013813362971840814,,,3.0,1.5811388300841898,686.8,803.9674744664737
Replace + Select,11,1.0,0.0,24.99711688522955,17.073283414396887,0.023111435948604327,0.014631511108875173,0.04591165321896973,0.028926963736481556,0.0002849654198183676,0.0001907217140638905,2.53200848476552,0.4217044418794975,0.03117079259536066,0.011411913381858308,,,3.0,1.5811388300841898,686.8,803.9674744664737
Replace + Select,12,1.0,0.0,25.27247368700376,17.205045228170487,0.015338883504831933,0.009943797637749384,0.030315382599990538,0.019619205644931612,0.00019085568092705023,0.00013842562468061303,2.548286388193619,0.4088106919570464,0.025396629228512674,0.009562760737988832,,,3.0,1.5811388300841898,686.8,803.9674744664737
Replace + Select,13,1.0,0.0,25.48979691573754,17.297701512268127,0.01058227053524666,0.007005157999665154,0.020844071838810485,0.013721383257536917,0.00013062321310669802,9.488445742840574e-05,2.5782985078478324,0.4194575288893772,0.021039642727456058,0.0081800637019799,,,3.0,1.5811388300841898,686.8,803.9674744664737
Replace + Select,14,1.0,0.0,25.67527751463286,17.37239667663449,0.007708824742037074,0.005279490739507077,0.01565038512729906,0.010836339374528605,9.82584154265151e-05,7.508006468017828e-05,2.5821419641853915,0.3596522944412665,0.01785500566750643,0.007188047192653305,,,3.0,1.5811388300841898,686.8,803.9674744664737
Replace + Select,15,1.0,0.0,25.828811698102772,17.438267406028647,0.005833326070075287,0.003993347974158556,0.011708815837777924,0.008088112638796087,7.359833366384533e-05,5.6507808962656065e-05,2.553301481094364,0.38118597393292014,0.015503118613031299,0.006296923385218198,,,3.0,1.5811388300841898,686.8,803.9674744664737
Replace + Select,16,1.0,0.0,25.968763271033488,17.490538778910476,0.004530172858898231,0.0031748744755313338,0.009139000059405742,0.006358811540169826,5.752959550178973e-05,4.436046029716043e-05,2.5481733768615054,0.42070207525719844,0.013623218439150347,0.005681931871692825,,,3.0,1.5811388300841898,686.8,803.9674744664737
Replace + Select,17,1.0,0.0,26.10405898432707,17.547476685071775,0.0036326847727457686,0.002636125942957639,0.007307739737766187,0.005316689130822879,4.625009819016653e-05,3.7590661848545374e-05,2.5723454141294804,0.39551416796325445,0.012150418323021479,0.005200554649337448,,,3.0,1.5811388300841898,686.8,803.9674744664737
Replace + Select,18,1.0,0.0,26.22959374234636,17.60541773968128,0.0029449528134914416,0.002258419318944443,0.005930061419952074,0.004569009159959669,3.7908814641918935e-05,3.3113384347360124e-05,2.5345584519397035,0.3948118666827689,0.010887626779083516,0.004829698714223935,,,3.0,1.5811388300841898,686.8,803.9674744664737
Replace + Select,19,1.0,0.0,26.32665272163046,17.651374137269134,0.0024160286638016796,0.0018934420368852776,0.004832957059506836,0.0037706494381416255,3.0895808152305426e-05,2.7281038291270374e-05,2.554533721044714,0.3561678188101743,0.009828223565517902,0.004438109917452283,,,3.0,1.5811388300841898,686.8,803.9674744664737
Replace + Select,20,1.0,0.0,26.42326959336477,17.69796942905792,0.002025043687513952,0.0015709926716764196,0.004057291636580767,0.0031365747215787707,2.600379967496557e-05,2.290743249558864e-05,2.57765306085958,0.41149341396421546,0.009016974035440658,0.004047733451306102,,,3.0,1.5811388300841898,686.8,803.9674744664737
Replace + Select,21,1.0,0.0,26.515892040449728,17.73617073404365,0.0017860524254027922,0.0014288525050805204,0.003536447254544342,0.0028041866536466726,2.2792844047768528e-05,2.0597465338940557e-05,2.564285907284242,0.4036518854308109,0.008429604539031878,0.0038933090129235227,,,3.0,1.5811388300841898,686.8,803.9674744664737
Replace + Select,22,1.0,0.0,26.604241248380152,17.774161533859107,0.00152213255281808,0.0012293192319912589,0.00307056567144772,0.002486573556885239,2.0040414803618345e-05,1.8646014132251647e-05,2.585541263418305,0.3915964881899532,0.007804067197315771,0.0035783404457870763,,,3.0,1.5811388300841898,686.8,803.9674744664737
Replace + Select,23,1.0,0.0,26.681995523926737,17.80680423525128,0.0013556554475709632,0.0011209724398371904,0.002725459826424021,0.0022725436728317943,1.7819024109210003e-05,1.7056136950260737e-05,2.5923481436292657,0.3793506643035447,0.007347630509363013,0.0034094030137341302,,,3.0,1.5811388300841898,686.8,803.9674744664737
Replace + Select,24,1.0,0.0,26.755700752521214,17.839892298855894,0.0012170601561199387,0.0010103183872689683,0.002435059711899445,0.001999938422763491,1.5940889937914207e-05,1.5043932394628147e-05,2.5923834451318895,0.4119981785970351,0.006958053539421717,0.0032610413128433676,,,3.0,1.5811388300841898,686.8,803.9674744664737
Replace + Select,25,1.0,0.0,26.828412472535398,17.867155004103488,0.0011094406067627164,0.0009477046742944811,0.0022107086372420226,0.0018888473829392792,1.456939990692621e-05,1.4229551505385169e-05,2.5587129700563334,0.3754363057168303,0.006612983437962431,0.003172474726592678,,,3.0,1.5811388300841898,686.8,803.9674744664737
Replace + Select,26,1.0,0.0,26.899323398804576,17.896429787387518,0.0010187764714696445,0.0008795223662356249,0.002022032799978504,0.001711842137418391,1.3371107041952531e-05,1.2957851307233223e-05,2.5521232291140783,0.40734619321674786,0.006329393673143136,0.0030550072303849687,,,3.0,1.5811388300841898,686.8,803.9674744664737
Replace + Select,27,1.0,0.0,26.96222123119537,17.921260241534277,0.0009526103823893845,0.0008426526634313027,0.0018916400452444909,0.0016694634357279517,1.2559479601589499e-05,1.2609005685695029e-05,2.56851702201304,0.3039055968562542,0.006069308424525735,0.002964832290904276,,,3.0,1.5811388300841898,686.8,803.9674744664737
Replace + Select,28,1.0,0.0,27.0246739179751,17.947335732720113,0.0008814176751572615,0.0007820923146239143,0.0017614878109996623,0.0015622864535350307,1.1704104129820499e-05,1.179147973380529e-05,2.5650720563468203,0.4042199782032936,0.00584775479230471,0.0029087536506697963,,,3.0,1.5811388300841898,686.8,803.9674744664737
Replace + Select,29,1.0,0.0,27.09054687887476,17.97636457508011,0.0008445017116303405,0.0007779804451664656,0.0016722456459074373,0.001529899153037354,1.1122795580002264e-05,1.1514313007621255e-05,2.626400370909317,0.37942405052243455,0.005680414157496829,0.0028842672524796525,,,3.0,1.5811388300841898,686.8,803.9674744664737
Replace + Select,30,1.0,0.0,27.15572393460021,18.004365348732424,0.0008089774340843426,0.0007548728121202481,0.001630384685224614,0.001517441621286501,1.086768768682404e-05,1.1414722834964255e-05,2.536066310118406,0.3639030488422317,0.0055252513458962415,0.0028506590304918627,,,3.0,1.5811388300841898,686.8,803.9674744664737
Replace + Select,31,1.0,0.0,27.21823292978712,18.030224020033703,0.0007286153769676198,0.0006935469484602916,0.0014817474477073116,0.001425442657726667,9.914898345740452e-06,1.0711530484038868e-05,2.6298005466105048,0.42073618227643234,0.005251498681716711,0.0027095304732043836,,,3.0,1.5811388300841898,686.8,803.9674744664737
Replace + Select,32,1.0,0.0,27.276807996468687,18.055806556853973,0.0007002990487428385,0.0006769292096452475,0.0013985635833779772,0.0013577517183931426,9.404158911452838e-06,1.0223788444018084e-05,2.5443647219958043,0.3570320648084396,0.005115516236962032,0.00269567446246503,,,3.0,1.5811388300841898,686.8,803.9674744664737
Replace + Select,33,1.0,0.0,27.337084394042932,18.084649016615298,0.0006900705376704924,0.0006843035566998338,0.0013565480893748027,0.001329881797449693,9.101046741698243e-06,9.986416016770605e-06,2.594210167652212,0.3958855177344872,0.005037021133021324,0.0027094164532183718,,,3.0,1.5811388300841898,686.8,803.9674744664737
Replace + Select,34,1.0,0.0,27.386734057481654,18.102530433706292,0.0006673562594156855,0.0006480458245814748,0.0013293274269483033,0.0012795213622641347,8.876125367798558e-06,9.588584595268893e-06,2.6402767786462014,0.44135079171548164,0.004950382358948766,0.002648481027311846,,,3.0,1.5811388300841898,686.8,803.9674744664737
Replace + Select,35,1.0,0.0,27.436638398154372,18.12292616519,0.0006613429732207907,0.0006778986330286213,0.0013194303431865698,0.0013393007185356304,8.867568565995064e-06,1.002062280297348e-05,2.594507971911022,0.39557917361616324,0.00486198532496896,0.0026933637095499004,,,3.0,1.5811388300841898,686.8,803.9674744664737
Replace + Select,36,1.0,0.0,27.488573411883017,18.14437805797568,0.0006326425098215167,0.0006488080559982923,0.0012693254548293764,0.0012989142766559707,8.537758912526446e-06,9.715217151573422e-06,2.550158409962198,0.3563817323293878,0.004744655950322374,0.002611089857009902,,,3.0,1.5811388300841898,686.8,803.9674744664737
Replace + Select,37,1.0,0.0,27.534743624054556,18.160700946635707,0.0006195067794200662,0.0006547748799907833,0.0012208087115965975,0.0012697472286127783,8.21515378724448e-06,9.478070033261821e-06,2.5696263784458853,0.3570025601765827,0.00465088523929997,0.002632354541572006,,,3.0,1.5811388300841898,686.8,803.9674744664737
Replace + Select,38,1.0,0.0,27.586724962031706,18.182265177768723,0.0005818549339088794,0.0006040330192627115,0.0011559466212443612,0.0012064520146783599,7.780291885185083e-06,9.006304284189235e-06,2.563957739870644,0.39847176908418624,0.004528008597853891,0.002547742088501471,,,3.0,1.5811388300841898,686.8,803.9674744664737
Replace + Select,39,1.0,0.0,27.634307593884074,18.205161221664106,0.0005467404569222451,0.0005688395114894659,0.0010971634271568947,0.0011397422122588277,7.355928904549645e-06,8.491950870172999e-06,2.5708007833120137,0.38575802358312844,0.004382937286081988,0.002486348097331736,,,3.0,1.5811388300841898,686.8,803.9674744664737
Replace + Select,40,1.0,0.0,27.68434801919854,18.23040090494885,0.0005218435186235936,0.0005485330292070387,0.0010450361729553242,0.001107093835428379,7.056154898966184e-06,8.271548831820319e-06,2.6033129327924773,0.372847370906997,0.004278464509110146,0.0024067805467802143,,,3.0,1.5811388300841898,686.8,803.9674744664737
Replace + Select,41,1.0,0.0,27.72801923335222,18.248311396404794,0.0004891419635390454,0.0005200146090677028,0.0009881542922252102,0.0010623361797629852,6.68063841595492e-06,7.930688281897446e-06,2.652919944727916,0.42504134483191935,0.004151030118809139,0.0023513512338332134,,,3.0,1.5811388300841898,686.8,803.9674744664737
Replace + Select,42,1.0,0.0,27.774916963876393,18.270560446079628,0.0004867168264421306,0.0005152130609402555,0.000974283852694867,0.0010388222532816626,6.604925389490108e-06,7.770608794875279e-06,2.5904290535783216,0.40294941725383604,0.00412115496439497,0.002335751932614203,,,3.0,1.5811388300841898,686.8,803.9674744664737
Replace + Select,43,1.0,0.0,27.82367307898196,18.29356332324476,0.00047178267591832035,0.0005033913843060534,0.0009437542041659827,0.0010155282774713765,6.408962923320134e-06,7.594817886615918e-06,2.586890185517034,0.4391038327781902,0.004042319737212053,0.002314486815589529,,,3.0,1.5811388300841898,686.8,803.9674744664737
Replace + Select,44,1.0,0.0,27.867939570141527,18.317498427849465,0.0004631318902549437,0.0005097322281344475,0.0009284611254258701,0.0010111090260547892,6.343895249472018e-06,7.569611349034255e-06,2.558063904318881,0.35201575629397525,0.0039715565242248755,0.0023258146678063686,,,3.0,1.5811388300841898,686.8,803.9674744664737
Replace + Select,45,1.0,0.0,27.910802537185692,18.339718685037152,0.00043748532258992346,0.0004759988396048704,0.0008755068177699792,0.0009472375003186982,5.995961652446126e-06,7.103592971965182e-06,2.587101892039642,0.35375985643951663,0.0038727198103695264,0.0022635389440387884,,,3.0,1.5811388300841898,686.8,803.9674744664737
Replace + Select,46,1.0,0.0,27.953122913684858,18.362003801192166,0.00041866384546147015,0.00045894465152300317,0.0008361233156409898,0.0009140874660229263,5.713610367426387e-06,6.8407494830927235e-06,2.640978181951869,0.43830765778977393,0.0037855762734126247,0.002227030032790576,,,3.0,1.5811388300841898,686.8,803.9674744664737
Replace + Select,47,1.0,0.0,27.993764758107783,18.382900445437187,0.00042003820420437007,0.0004813859366400145,0.0008607564327976177,0.0010165080566670595,5.908096018155045e-06,7.55240656012122e-06,2.559566795866816,0.4174049843475835,0.0037579473316409406,0.00228561160310169,,,3.0,1.5811388300841898,686.8,803.9674744664737
Replace + Select,48,1.0,0.0,28.03640472026341,18.40142031314547,0.00040605548319651833,0.0004672868338256222,0.000799849694532555,0.0009093728191014214,5.47531246328768e-06,6.779161971957134e-06,2.576580615754736,0.41405936514893826,0.003691442782302565,0.00223921597971347,,,3.0,1.5811388300841898,686.8,803.9674744664737
Replace + Select,49,1.0,0.0,28.080247693938738,18.42410713879714,0.0003785554809103628,0.00044019731539269127,0.0007577427193778725,0.0008875771327708349,5.1841921437790546e-06,6.596792071856052e-06,2.6383062290951864,0.3836981493451511,0.0035673230028889363,0.0021531857371162523,,,3.0,1.5811388300841898,686.8,803.9674744664737
Replace + Select,50,1.0,0.0,28.12129366333947,18.44476353327122,0.0003796471054430023,0.0004565041879024891,0.0007723146357055983,0.0009459027034153378,5.313205516069447e-06,7.0075374449616485e-06,2.640200871419388,0.3942894742100066,0.0035432564414294107,0.0021951366347256474,,,3.0,1.5811388300841898,686.8,803.9674744664737
Replace + Select,51,1.0,0.0,28.16356018188307,18.466859804022558,0.0003653137824395635,0.00043261170682496396,0.000729886874514385,0.0008660944157563262,5.025701241613932e-06,6.436154100957189e-06,2.5628945811522463,0.303410756526018,0.003482537034632002,0.0021489885085154447,,,3.0,1.5811388300841898,686.8,803.9674744664737
Replace + Select,52,1.0,0.0,28.204943249646114,18.489098943413058,0.000363210131427299,0.0004527159702428378,0.0007224186536109415,0.0009008165587149648,4.993959830429119e-06,6.666264811448098e-06,2.6012799865245864,0.38349454378225317,0.0034300102279306113,0.0022098240058286253,,,3.0,1.5811388300841898,686.8,803.9674744664737
Replace + Select,53,1.0,0.0,28.242693733227973,18.512518788563973,0.00036785421121459505,0.000468251486907282,0.0007341494575129304,0.0009355030975031657,5.071535258181278e-06,6.909664419353899e-06,2.5910339376558174,0.36143634871664604,0.0034270923894064915,0.0022551534887596783,,,3.0,1.5811388300841898,686.8,803.9674744664737
Replace + Select,54,1.0,0.0,28.284223139625663,18.535779383759007,0.0003546210598239689,0.00044941122699562546,0.0007093396210266549,0.0009022088423991092,4.9031488026752135e-06,6.664721163265278e-06,2.6614766748953427,0.40951992120699204,0.003369427928935869,0.002212631883663763,,,3.0,1.5811388300841898,686.8,803.9674744664737
Replace + Select,55,1.0,0.0,28.324150899290593,18.556488294780976,0.0003452612582674586,0.0004436384694194247,0.0006957633614770043,0.0008946127614663474,4.821840943029335e-06,6.604219307032516e-06,2.6232619446474827,0.4507020005762373,0.0033061795026254476,0.002213029538250977,,,3.0,1.5811388300841898,686.8,803.9674744664737
Replace + Select,56,1.0,0.0,28.361546927988428,18.57831138505611,0.0003406687770466332,0.0004522147644963996,0.0006799930204580688,0.0009003911855324522,4.738667481482073e-06,6.63228316988969e-06,2.5877629138191005,0.3275647013405982,0.003256439174754526,0.0022434217970597253,,,3.0,1.5811388300841898,686.8,803.9674744664737
Replace + Select,57,1.0,0.0,28.398436046514654,18.598591173123054,0.000341935764288654,0.00046463497972471424,0.000682106582032524,0.0009300082799483264,4.748935245765681e-06,6.834646323064135e-06,2.619811536062316,0.43590444093776803,0.0032392355383543785,0.0022708652133768127,,,3.0,1.5811388300841898,686.8,803.9674744664737
Replace + Select,58,1.0,0.0,28.433761227283952,18.618207980388622,0.00035360766032360534,0.0005010521166479803,0.0007071396725103131,0.0010060035456803506,4.944949043315757e-06,7.371377539254744e-06,2.622248167251798,0.4353890076896776,0.003249034001969791,0.0023784773054978457,,,3.0,1.5811388300841898,686.8,803.9674744664737
Replace + Select,59,1.0,0.0,28.4704310423119,18.638948255162024,0.0003360077561811894,0.000478575703971844,0.0006626815234370085,0.0009378789431471809,4.631345157451325e-06,6.874545375984852e-06,2.5915746319794346,0.389418776646947,0.003179493987639716,0.002335710609808048,,,3.0,1.5811388300841898,686.8,803.9674744664737
Replace + Select,60,1.0,0.0,28.5065861929799,18.659283645997736,0.00033483425252302755,0.0004782008521799863,0.0006714487192092969,0.0009681395528045655,4.706958521427306e-06,7.086383572024863e-06,2.6069215879790777,0.38362960794225476,0.0031530233036531964,0.002334158341526615,,,3.0,1.5811388300841898,686.8,803.9674744664737
Replace + Select,61,1.0,0.0,28.541671124129756,18.67972046671013,0.000316600440595347,0.00044547933253688625,0.0006310301977358729,0.0008787510688075717,4.425041318526615e-06,6.447325008079954e-06,2.6250023356563537,0.38126680820488845,0.003076626048184634,0.002243315917171019,,,3.0,1.5811388300841898,686.8,803.9674744664737
Replace + Select,62,1.0,0.0,28.575969149730422,18.698834796415635,0.00030565462986194595,0.0004301346506849263,0.0006076110140982548,0.0008518037138237739,4.269420096686391e-06,6.246733305146343e-06,2.579706521506369,0.41614725355098015,0.0030204406792313132,0.0022268773166562277,,,3.0,1.5811388300841898,686.8,803.9674744664737
Replace + Select,63,1.0,0.0,28.60952988749637,18.71628846476222,0.00029816115925254276,0.0004235078384973097,0.0005971584571313245,0.0008494666881690411,4.2048883435741375e-06,6.22291912187559e-06,2.6345956762652127,0.43861942495507944,0.0029772944637025153,0.0022030166364232534,,,3.0,1.5811388300841898,686.8,803.9674744664737
Replace + Select,64,1.0,0.0,28.643659893925083,18.73441119781792,0.000285666332572537,0.00040574055305799017,0.0005686122975499294,0.0008098967290208666,4.013189683319579e-06,5.930628820549504e-06,2.5837582655172264,0.4021981358126954,0.0029251240952518553,0.002181643346796055,,,3.0,1.5811388300841898,686.8,803.9674744664737
Replace + Select,65,1.0,0.0,28.677914292393478,18.755297444399755,0.0002767372912689842,0.000392627538634626,0.0005485004098203983,0.0007740869147729142,3.8770629261431605e-06,5.672522884291424e-06,2.673998481851979,0.4914133881588081,0.0028879878619753455,0.0021618409759309493,,,3.0,1.5811388300841898,686.8,803.9674744664737
Replace + Select,66,1.0,0.0,28.71102095600292,18.775795545183044,0.0002775242287329632,0.00039765051502515923,0.0005587539657642607,0.0008054238441381173,3.9492559530343694e-06,5.8931130715392415e-06,2.6418272224268065,0.43511016700316824,0.0028724470611898078,0.002175725668678337,,,3.0,1.5811388300841898,686.8,803.9674744664737
Replace + Select,67,1.0,0.0,28.750962872122408,18.80266503820326,0.0002666469634213092,0.00038885311814443064,0.0005288511246539052,0.0007670662516153447,3.746458422658688e-06,5.608328136287298e-06,2.6112518782511804,0.3977495918178525,0.002803853373872079,0.0021552502956952253,,,3.0,1.5811388300841898,686.8,803.9674744664737
Replace + Select,68,1.0,0.0,28.784161348231503,18.82265223059532,0.00025742119341740934,0.00036810908481677625,0.0005157155389582811,0.0007364179671557206,3.6635536213959178e-06,5.38908274257088e-06,2.5851017022672327,0.3663563860730427,0.0027653441908513017,0.0021063711371582883,,,3.0,1.5811388300841898,686.8,803.9674744664737
Replace + Select,69,1.0,0.0,28.818272329401985,18.846209439879406,0.000250969169308873,0.000358376094197059,0.0004972152376245265,0.0007043385153643,3.5293921165586833e-06,5.158271010807976e-06,2.6386027095793,0.39648951279420663,0.0027263334134146494,0.0020743551512847807,,,3.0,1.5811388300841898,686.8,803.9674744664737
Replace + Select,70,1.0,0.0,28.8527968277688,18.86863952351491,0.000249118980879148,0.0003527198647959102,0.0004992112981281933,0.0007083323711129521,3.549335014071733e-06,5.187084952747113e-06,2.703203317147744,0.4357392645867381,0.0027090219971245256,0.0020527351550823428,,,3.0,1.5811388300841898,686.8,803.9674744664737
Replace + Select,71,1.0,0.0,28.882336468108765,18.885938921042598,0.000247150031080883,0.00035622794986605926,0.0004885195533862479,0.0007025629052054337,3.477112504892645e-06,5.1391628773131224e-06,2.5943011210769162,0.4125502791049999,0.0026817717334397333,0.0020621470299696724,,,3.0,1.5811388300841898,686.8,803.9674744664737
Replace + Select,72,1.0,0.0,28.913717747628947,18.90472447435555,0.0002393638144379043,0.000344443266513376,0.0004754275017748389,0.0006814539153957333,3.3927025001088847e-06,4.984901502177707e-06,2.5952629599789394,0.39348880502433564,0.002643781210496793,0.0020400060278330653,,,3.0,1.5811388300841898,686.8,803.9674744664737
Replace + Select,73,1.0,0.0,28.948668324737206,18.929476370435147,0.0002383616414373612,0.00034484471100437676,0.00047156447219433875,0.0006812216905801365,3.371905484191497e-06,4.979647564274515e-06,2.5883263624283246,0.36322777292269,0.002632713577420546,0.0020463901176900057,,,3.0,1.5811388300841898,686.8,803.9674744664737
Replace + Select,74,1.0,0.0,28.978764254661417,18.95103755999759,0.00023573988115127938,0.00034378300227924066,0.0004701173488518085,0.000681136693855214,3.3649099731316105e-06,4.977628451987545e-06,2.5908576600381714,0.42055460312933723,0.0026122421673721407,0.002054252064030323,,,3.0,1.5811388300841898,686.8,803.9674744664737
Replace + Select,75,1.0,0.0,29.01033501817285,18.97321893890167,0.00022750403467231809,0.000332594796696399,0.00045128347116405983,0.0006558122604529645,3.2316236483537573e-06,4.790772192244757e-06,2.6543845614669257,0.38114539016092774,0.0025615434640878414,0.0020056939308994368,,,3.0,1.5811388300841898,686.8,803.9674744664737
Replace + Select,76,1.0,0.0,29.03804984255933,18.99023954172898,0.00022217709245302418,0.0003196869661599943,0.00044641348831379716,0.000642709522593288,3.204528380284134e-06,4.698199051228147e-06,2.59684107770873,0.3936519362363629,0.0025429284753576793,0.001983964890195334,,,3.0,1.5811388300841898,686.8,803.9674744664737
Replace + Select,77,1.0,0.0,29.071137505908116,19.01321533796118,0.00021651490015089478,0.00031837479843724553,0.0004346338057657329,0.000641311413502793,3.1151768834173627e-06,4.678527707065915e-06,2.6355270621241926,0.3959358219597682,0.002495842409755014,0.001986300801745804,,,3.0,1.5811388300841898,686.8,803.9674744664737
Replace + Select,78,1.0,0.0,29.100303257728932,19.032383006932317,0.00020952737428282662,0.0003111642597310421,0.00042186053538882505,0.0006268302750176997,3.0248810985210234e-06,4.569896590054581e-06,2.5936115065850074,0.3713183163255551,0.0024465766860376154,0.001957410327057461,,,3.0,1.5811388300841898,686.8,803.9674744664737
Replace + Select,79,1.0,0.0,29.12778312501632,19.05076295475423,0.00019805568198156355,0.0002939401180289832,0.00039215496144021637,0.0005789056169819172,2.8085618389797265e-06,4.222941263392651e-06,2.5701912135721443,0.398895638530662,0.002387312800984524,0.0018938190085510502,,,3.0,1.5811388300841898,686.8,803.9674744664737
Replace + Select,80,1.0,0.0,29.154769741399782,19.071025408361308,0.0001988787446368857,0.0002970195678106603,0.00040089426816633435,0.000602749129185168,2.8739382692017797e-06,4.390158600345089e-06,2.572099329422605,0.3531238696819405,0.002378175483762504,0.0019074363083081839,,,3.0,1.5811388300841898,686.8,803.9674744664737
Replace + Select,81,1.0,0.0,29.184037928026573,19.092404965905217,0.00018568571534147558,0.0002720505773323357,0.00037664003938657183,0.0005570630324763082,2.703866754255683e-06,4.061470097284097e-06,2.627240257598264,0.413797499826591,0.002319787465801878,0.0018333346157404626,,,3.0,1.5811388300841898,686.8,803.9674744664737
Replace + Select,82,1.0,0.0,29.212505014487668,19.11241868263725,0.00018940021268558767,0.0002770340415579174,0.0003812692447686206,0.0005604784551181685,2.7410852714929943e-06,4.087243830598527e-06,2.593051832805162,0.4077701166362958,0.0023297493613812096,0.0018581701218890036,,,3.0,1.5811388300841898,686.8,803.9674744664737
Replace + Select,83,1.0,0.0,29.24153304497321,19.133171688640324,0.0001874889397380741,0.0002769242827039586,0.00037091065859970457,0.0005434745400705676,2.6684541020389048e-06,3.964486035816147e-06,2.6519881686943565,0.3961436928437841,0.0023122709975759983,0.0018623587140111125,,,3.0,1.5811388300841898,686.8,803.9674744664737
Replace + Select,84,1.0,0.0,29.27094377898635,19.154911368478555,0.00018416983201900928,0.0002746540941917579,0.00036351075643521605,0.0005385755720150424,2.611095190335684e-06,3.925791977005858e-06,2.6317002482601213,0.38523192002581036,0.0022890466029029215,0.0018368208132617733,,,3.0,1.5811388300841898,686.8,803.9674744664737
Replace + Select,85,1.0,0.0,29.3007826291384,19.17566912546221,0.00017998350438764378,0.00026783701501632254,0.00035383722392732055,0.000523632377272194,2.5442790272192644e-06,3.817279947877616e-06,2.6260046657375726,0.3581527374270012,0.0022587268240294943,0.001814887767688115,,,3.0,1.5811388300841898,686.8,803.9674744664737
Replace + Select,86,1.0,0.0,29.325260576040016,19.192101930440415,0.00017589215091657451,0.0002611888422119215,0.00035291942101836165,0.0005264850952468722,2.5390654175277686e-06,3.835355124464864e-06,2.5981008784414024,0.387212961122446,0.002234225332886224,0.0018031105454730922,,,3.0,1.5811388300841898,686.8,803.9674744664737
Replace + Select,87,1.0,0.0,29.35159037628456,19.21028734371697,0.00017844005376849352,0.0002675725713274783,0.00035855353661717697,0.000541550838757734,2.5792277473414777e-06,3.942545175753603e-06,2.5981885939177807,0.3878733591478094,0.0022410753793044398,0.0018148564097395122,,,3.0,1.5811388300841898,686.8,803.9674744664737
Replace + Select,88,1.0,0.0,29.377313590713023,19.22763196424899,0.00017547499692509693,0.00026330141664469066,0.00035385716948351805,0.0005303803567531011,2.550102670050806e-06,3.863380483684206e-06,2.5967095141071246,0.34225203817593025,0.00221498506352954,0.0018086377133022425,,,3.0,1.5811388300841898,686.8,803.9674744664737
Replace + Select,89,1.0,0.0,29.403686447899474,19.247252509827565,0.00016601272342545582,0.00025001504388777744,0.0003300328517648931,0.0004984621146133338,2.371489182044842e-06,3.62956062180643e-06,2.640838530422988,0.37270719229990135,0.0021641184684033235,0.0017632251038972337,,,3.0,1.5811388300841898,686.8,803.9674744664737
Replace + Select,90,1.0,0.0,29.42899551562263,19.267514854776337,0.00015913492477916363,0.00023735999732061886,0.0003161277483779299,0.00047223635621366404,2.2730470301156575e-06,3.440873998383154e-06,2.597547952976405,0.3817752275867739,0.002128009215339682,0.0017317103900149652,,,3.0,1.5811388300841898,686.8,803.9674744664737
Replace + Select,91,1.0,0.0,29.45572884192908,19.28795888487019,0.00015696074090627482,0.00024032827024038958,0.0003144934040910797,0.0004810081623739543,2.258972641741826e-06,3.499104610742072e-06,2.646125796075212,0.4035946074738024,0.002097197707264045,0.0017336284687478494,,,3.0,1.5811388300841898,686.8,803.9674744664737
Replace + Select,92,1.0,0.0,29.480478432020448,19.305226925880586,0.00015651230894237847,0.00024036389104007875,0.0003080973492442181,0.0004727774750208503,2.215130588620608e-06,3.4384725109210253e-06,2.6601296663272813,0.3747656308986092,0.002084930501385084,0.0017457304460478731,,,3.0,1.5811388300841898,686.8,803.9674744664737
Replace + Select,93,1.0,0.0,29.505114105093952,19.323606744021344,0.00014818272170070263,0.00022663437046483472,0.000294090688052576,0.0004501730737458297,2.115404813171521e-06,3.274906386365877e-06,2.5932581770511645,0.34473914427361496,0.0020259514917993792,0.0016915909586838018,,,3.0,1.5811388300841898,686.8,803.9674744664737
Replace + Select,94,1.0,0.0,29.530622979365983,19.34371019004049,0.00013837808084996437,0.00020756388027396835,0.0002727707633498317,0.0004083967360765882,1.9627898459456055e-06,2.9758531161574727e-06,2.637547796164871,0.3949866756963141,0.0019743622332092535,0.001608237462413077,,,3.0,1.5811388300841898,686.8,803.9674744664737
Replace + Select,95,1.0,0.0,29.55426633659352,19.361046302218604,0.00013722223686596702,0.0002055828358581455,0.0002731242737690717,0.0004064960655754313,1.9688216304613666e-06,2.9634469221451374e-06,2.5846132023208015,0.3863309597634271,0.0019619762750162644,0.0016123167820348027,,,3.0,1.5811388300841898,686.8,803.9674744664737
Replace + Select,96,1.0,0.0,29.57961894471133,19.383225609817654,0.00013023290415584864,0.0001948680768637959,0.0002603135820709355,0.0003890619616741945,1.8751304730992964e-06,2.835072980860775e-06,2.658686757893247,0.3918402882308226,0.0019120335744192926,0.0015733770754160039,,,3.0,1.5811388300841898,686.8,803.9674744664737
Replace + Select,97,1.0,0.0,29.60553487755289,19.40411580735953,0.00012440383673311921,0.00018408709835601315,0.0002484223251252458,0.00037110434959467924,1.787626879349009e-06,2.70405309271974e-06,2.59405191093448,0.37046341760938767,0.0018752407090686506,0.0015176409148645318,,,3.0,1.5811388300841898,686.8,803.9674744664737
Replace + Select,98,1.0,0.0,29.627073765982914,19.420319983186655,0.00012471128253393262,0.00018438267682568816,0.00024891576844010766,0.0003663239185622462,1.791899563319073e-06,2.6716287921896297e-06,2.62731906901046,0.40760057238737235,0.0018715527049513563,0.0015224607334062307,,,3.0,1.5811388300841898,686.8,803.9674744664737
Replace + Select,99,1.0,0.0,29.65087474017211,19.437624712411345,0.00012490720894597207,0.00018392452372299043,0.0002445607869538275,0.0003569992783106853,1.7659865575204513e-06,2.6056205321580233e-06,2.5973553078226517,0.3233503785455271,0.001865059954477124,0.001528577357876139,,,3.0,1.5811388300841898,686.8,803.9674744664737
Replace + Select,100,1.0,0.0,29.673198854881697,19.453883606507805,0.00012621857534328798,0.00018757650660102863,0.00025619780639979026,0.00038401859600732007,1.8514381755859328e-06,2.7963758352158754e-06,2.6273706273282977,0.3831131436018457,0.0018585449805098484,0.0015428850764065793,,,3.0,1.5811388300841898,686.8,803.9674744664737
Replace + Select,101,1.0,0.0,29.69253822745397,19.468478966234564,0.00012308864282642524,0.0001840297606430161,0.000244623852748691,0.0003651454118922651,1.7684798240070115e-06,2.6598804200872167e-06,2.6825706486547594,0.45143045604774307,0.0018263701148505146,0.0015210808604171973,,,3.0,1.5811388300841898,686.8,803.9674744664737
Replace + Select,102,1.0,0.0,29.71311629465489,19.482467169621152,0.00011888268553661964,0.00017666531304308305,0.0002347107512360042,0.000345081869936227,1.7000322439713075e-06,2.5172091690358713e-06,2.655931151174626,0.39514163425429977,0.0017931859548484669,0.0014914983828481247,,,3.0,1.5811388300841898,686.8,803.9674744664737
Replace + Select,103,1.0,0.0,29.73425844541177,19.499241774541463,0.00011590997591802942,0.00017376359050205314,0.00023280822267159404,0.0003508435710311575,1.6841014399862275e-06,2.5541799624909932e-06,2.623056127054034,0.42027993947289555,0.0017690408217246874,0.0014824154117992888,,,3.0,1.5811388300841898,686.8,803.9674744664737
Replace + Select,104,1.0,0.0,29.75685810789143,19.51476328561781,0.0001138607234494956,0.00017250970874390593,0.0002259325341859467,0.0003411943759811512,1.6353551419053438e-06,2.4831618100811186e-06,2.5921521458945422,0.42117509604034137,0.0017514743882699197,0.001488264233569527,,,3.0,1.5811388300841898,686.8,803.9674744664737
Replace + Select,105,1.0,0.0,29.780354826978055,19.533550052145948,0.00011605805540210613,0.00017833447314861582,0.00023384962593698107,0.0003630750834466504,1.6943959304743428e-06,2.6371852824877047e-06,2.6027197239372697,0.4063942102947473,0.0017554821703279564,0.0015265526222965568,,,3.0,1.5811388300841898,686.8,803.9674744664737
Replace + Select,106,1.0,0.0,29.804029012802847,19.552268774031116,0.00011095710591469405,0.00016853586514896165,0.0002166163074587738,0.00032572519687572635,1.5713080521551579e-06,2.371728966472346e-06,2.609590231684177,0.3438835047317704,0.0017270419361407503,0.0014874674199628765,,,3.0,1.5811388300841898,686.8,803.9674744664737
Replace + Select,107,1.0,0.0,29.82634180441762,19.570084282159367,0.00010667140628885347,0.00016137762663886556,0.00021247133748156813,0.00032221968792487787,1.5410500256707277e-06,2.3446069113616896e-06,2.6561033629418738,0.3894898832702398,0.0016915887887633163,0.0014546744708793854,,,3.0,1.5811388300841898,686.8,803.9674744664737
Replace + Select,108,1.0,0.0,29.848846837008985,19.58683080960541,0.00010800565870521576,0.0001654501716084103,0.00021713604872827477,0.0003341074210236632,1.5758122883722177e-06,2.428541498448895e-06,2.623516756137657,0.3820801749583211,0.0016908544121679368,0.0014805580514585435,,,3.0,1.5811388300841898,686.8,803.9674744664737
Replace + Select,109,1.0,0.0,29.872270441721817,19.603973062833266,0.00011066808800383804,0.00017012894749250803,0.000222684093923509,0.00033974688602475344,1.6188656472000676e-06,2.47146544639729e-06,2.680152747916474,0.40914239935837227,0.0016957297973560325,0.0015000073809903868,,,3.0,1.5811388300841898,686.8,803.9674744664737
Replace + Select,110,1.0,0.0,29.894332553845743,19.62043235713979,0.00010562299990937173,0.00016416041166601597,0.00021506660986418991,0.0003366945916300549,1.5614873663513644e-06,2.4444389305625326e-06,2.6152846154383322,0.3885668820893637,0.0016480408672943842,0.0014685036949469755,,,3.0,1.5811388300841898,686.8,803.9674744664737
Replace + Select,111,1.0,0.0,29.916818620422596,19.63623342833966,0.00010877040535183873,0.00017157077353417756,0.00022072706994292527,0.00034863709306240756,1.6060088973810536e-06,2.529361981902087e-06,2.628155223030454,0.403934973091693,0.001651406037902918,0.0015029124193538211,,,3.0,1.5811388300841898,686.8,803.9674744664737
Replace + Select,112,1.0,0.0,29.937236309373628,19.65268046103632,0.00010817312505894262,0.0001734159956876148,0.00021535526082468105,0.0003458058416233897,1.5641969553844205e-06,2.5061429275057007e-06,2.6388272047946737,0.40031890571919576,0.001640903070681898,0.0015064744515592868,,,3.0,1.5811388300841898,686.8,803.9674744664737
Replace + Select,113,1.0,0.0,29.959766428574902,19.67055156617673,0.00011058945856799642,0.00018077135930942386,0.00022361832107360848,0.00036705974710178634,1.624199865052421e-06,2.6565487909029287e-06,2.585707874086846,0.4096154510469649,0.0016444857110905417,0.0015459977573030461,,,3.0,1.5811388300841898,686.8,803.9674744664737
Replace + Select,114,1.0,0.0,29.98008538217649,19.685237412278024,0.00010248904485933347,0.0001646538986370285,0.00020712188495331513,0.0003329064168354238,1.5043749451416493e-06,2.412460032286543e-06,2.7079346406414193,0.41236814162150165,0.0016043556595133947,0.0014887897399247826,,,3.0,1.5811388300841898,686.8,803.9674744664737
Replace + Select,115,1.0,0.0,30.001448123234333,19.70213737752026,0.00010097004725272498,0.00016219238699075844,0.00020515507995578545,0.0003309321158533227,1.4913315578000076e-06,2.397300935169742e-06,2.6523638181673364,0.43127877076301635,0.0015869176396053474,0.0014767244408310015,,,3.0,1.5811388300841898,686.8,803.9674744664737
Replace + Select,116,1.0,0.0,30.021651602640077,19.718151226588304,9.437857960947631e-05,0.00015066852624720845,0.0001871776115170428,0.0002988001336020287,1.3606159241842865e-06,2.16581019215351e-06,2.6245221567558743,0.39783202841330423,0.0015452577346449239,0.0014280208193713007,,,3.0,1.5811388300841898,686.8,803.9674744664737
Replace + Select,117,1.0,0.0,30.041725525494297,19.733744610147166,8.72658060448715e-05,0.00013461508694511534,0.0001737488544388496,0.00026785735659337026,1.2660107370410755e-06,1.9461779378714012e-06,2.677445335651481,0.4788709735764675,0.0014986063963613567,0.0013539600216212594,,,3.0,1.5811388300841898,686.8,803.9674744664737
Replace + Select,118,1.0,0.0,30.061639282264018,19.74999368841161,8.646154499968409e-05,0.000133273036030331,0.0001707326116933981,0.00026213744263552645,1.2453047835055125e-06,1.9052647684804872e-06,2.604354852923635,0.41414505054413286,0.0014884232550052673,0.0013443315263774755,,,3.0,1.5811388300841898,686.8,803.9674744664737
Replace + Select,119,1.0,0.0,30.08242592216792,19.76393807348333,8.572449854814125e-05,0.00013340074707153857,0.00017665285267786087,0.0002791181498947365,1.2873101797763884e-06,2.0242323251206466e-06,2.6153025071797273,0.37419031420732646,0.0014744640551688734,0.0013388778728600258,,,3.0,1.5811388300841898,686.8,803.9674744664737
Replace + Select,120,1.0,0.0,30.103342320031185,19.780117882734157,8.824805282611216e-05,0.00014126724379900427,0.00017562559323941755,0.00028039341561473467,1.278835025145529e-06,2.0322510214285107e-06,2.5963651723192305,0.3321064333127967,0.0014783869174954437,0.001379774364230628,,,3.0,1.5811388300841898,686.8,803.9674744664737
Replace + Select,121,1.0,0.0,30.124826239469247,19.79448987772782,9.134085292111566e-05,0.0001498278809744368,0.00018506594316004425,0.0003042953293304078,1.347293663993139e-06,2.201470631340256e-06,2.598786087649826,0.3530465064337594,0.0014825870561088325,0.0014183722856105242,,,3.0,1.5811388300841898,686.8,803.9674744664737
Replace + Select,122,1.0,0.0,30.144739131301083,19.809378624284665,9.059441523872949e-05,0.00015022363918910527,0.000183822049568997,0.00030451067975484244,1.337719960547849e-06,2.2022279892370473e-06,2.6388955557928373,0.355408731536729,0.0014684565580726247,0.0014223187130786615,,,3.0,1.5811388300841898,686.8,803.9674744664737
Replace + Select,123,1.0,0.0,30.164849841471277,19.826842718013285,9.022007331553473e-05,0.0001500458331375211,0.00018200390371755245,0.0003049648055053342,1.3240263470469173e-06,2.2041911084657266e-06,2.642815928120298,0.4547834770218558,0.0014557049542994478,0.0014171878091494964,,,3.0,1.5811388300841898,686.8,803.9674744664737
Replace + Select,124,1.0,0.0,30.185940229564835,19.84296482694466,8.341070543785531e-05,0.00013669974254470256,0.00016494941398544573,0.0002701725409526753,1.2008730858814048e-06,1.9549238563086828e-06,2.6282873464515695,0.41749864958130123,0.0014108497647505147,0.001348102724063574,,,3.0,1.5811388300841898,686.8,803.9674744664737
Replace + Select,125,1.0,0.0,30.205499787400235,19.85929199900093,8.19870777131499e-05,0.00013519906890208962,0.00016467453851080056,0.00027302885324610564,1.1982881435452685e-06,1.974184581676357e-06,2.632517239470316,0.4045428425246525,0.0013997159327570597,0.001347227200159038,,,3.0,1.5811388300841898,686.8,803.9674744664737
Replace + Select,126,1.0,0.0,30.225547695219763,19.875127489044562,7.836534796996289e-05,0.00012868471261128306,0.0001556092729961637,0.0002553643161545669,1.1335376779677597e-06,1.8474257167775182e-06,2.693726612754973,0.4165131689462427,0.0013678571329997645,0.0013186342915345965,,,3.0,1.5811388300841898,686.8,803.9674744664737
Replace + Select,127,1.0,0.0,30.245035832267007,19.89112910305506,7.419400767407511e-05,0.0001213733182112757,0.0001513811673131439,0.0002477372740690991,1.1023012211832298e-06,1.7926243484323781e-06,2.6031483355172926,0.3569633316102791,0.0013414173326477086,0.0012834169569684154,,,3.0,1.5811388300841898,686.8,803.9674744664737
Replace + Select,128,1.0,0.0,30.26486324516704,19.907670749204353,7.258364750695697e-05,0.00011781331728024902,0.00014619182358638366,0.0002384719556371887,1.0650102917443373e-06,1.7257659637342962e-06,2.6055768469152882,0.3896603374439526,0.0013264628228211177,0.0012642499646113655,,,3.0,1.5811388300841898,686.8,803.9674744664737
Replace + Select,129,1.0,0.0,30.28369672927274,19.922786578333504,7.268522002889525e-05,0.00012031538432410337,0.0001486573582752348,0.00024712565035805604,1.0820930890837783e-06,1.7866507192116177e-06,2.613111232910316,0.41581335458254187,0.0013141981364510487,0.0012682962550152291,,,3.0,1.5811388300841898,686.8,803.9674744664737
Replace + Select,130,1.0,0.0,30.30230516873445,19.938506131891344,7.078222013290594e-05,0.00011754132378338722,0.00014201884186649115,0.00023396452795246085,1.0341890417755037e-06,1.6922813533515723e-06,2.6734836270613966,0.4158516203228657,0.0012985882745921678,0.0012538512527333393,,,3.0,1.5811388300841898,686.8,803.9674744664737
Replace + Select,131,1.0,0.0,30.319646068190906,19.952574432202713,6.97378156272418e-05,0.0001153560423601724,0.00013795673815996043,0.0002269962696950353,1.0047765408514036e-06,1.6420154603305352e-06,2.592488031065021,0.36851776565433403,0.00129022126760798,0.0012459879935654776,,,3.0,1.5811388300841898,686.8,803.9674744664737
Replace + Select,132,1.0,0.0,30.33731046656993,19.966708783495097,6.706219098965663e-05,0.00011092755681721406,0.0001333660481183993,0.00021964558471826678,9.710934640149994e-07,1.5886930228850681e-06,2.57580364874647,0.41086993805608074,0.0012666303722908589,0.0012213282427972513,,,3.0,1.5811388300841898,686.8,803.9674744664737
Replace + Select,133,1.0,0.0,30.355289760016326,19.98142133613941,6.568067720386705e-05,0.00011068215790146837,0.00013125893755119633,0.00022162483934564037,9.542795215633358e-07,1.6011378595610702e-06,2.5846455425809376,0.3821944544206941,0.0012514081948374945,0.001228724730479396,,,3.0,1.5811388300841898,686.8,803.9674744664737
Replace + Select,134,1.0,0.0,30.372739868660773,19.99711328048876,6.67033464382471e-05,0.00011234277374142873,0.00013256675415235033,0.00022228637650477964,9.64511746863339e-07,1.6063892362245149e-06,2.6592507171999085,0.37697427519432625,0.0012536413351556487,0.0012356742144590171,,,3.0,1.5811388300841898,686.8,803.9674744664737
Replace + Select,135,1.0,0.0,30.389540444093946,20.011424414534712,6.1496487556146e-05,0.00010107550086592544,0.00012142267998719687,0.00019980284952066368,8.843368513406171e-07,1.4452069981982901e-06,2.608057871555425,0.39716977097337836,0.0012226620549335159,0.0011797995299817308,,,3.0,1.5811388300841898,686.8,803.9674744664737
Replace + Select,136,1.0,0.0,30.407586019585267,20.02807451673006,6.082416044781383e-05,0.00010059686520939691,0.00012043109631029326,0.0001992586380720201,8.767964298713389e-07,1.4407541522552368e-06,2.69653298691347,0.4555816684337594,0.0012072429391357833,0.0011739099404767307,,,3.0,1.5811388300841898,686.8,803.9674744664737
Replace + Select,137,1.0,0.0,30.424509063213378,20.04225367231026,5.773382607671269e-05,9.413646995920939e-05,0.00011364890508785782,0.00018429750439922062,8.284365061010913e-07,1.3339745620344924e-06,2.673112590772701,0.44525200220757616,0.001185985637479852,0.0011353487186015387,,,3.0,1.5811388300841898,686.8,803.9674744664737
Replace + Select,138,1.0,0.0,30.44145710685587,20.05682844649014,5.658835068878284e-05,9.210171594194308e-05,0.00011067878716791303,0.00017952740861979297,8.071503959386406e-07,1.2993963493494506e-06,2.634604067941266,0.3776516863398716,0.0011736353514275849,0.0011282910278746635,,,3.0,1.5811388300841898,686.8,803.9674744664737
Replace + Select,139,1.0,0.0,30.45720232908888,20.06938505221167,5.633035035751097e-05,9.212980937024522e-05,0.00011322186162253545,0.00018525683524230454,8.253637073750223e-07,1.3401509357909074e-06,2.606834538055645,0.412132149443123,0.0011724771791004535,0.0011355711370006404,,,3.0,1.5811388300841898,686.8,803.9674744664737
Replace + Select,140,1.0,0.0,30.47305749090185,20.082215537664595,5.472514127332267e-05,9.09522838569431e-05,0.00010872757331978817,0.00018084817806985503,7.913995883353223e-07,1.307276088724392e-06,2.6488805276256375,0.4358184692310734,0.0011509940512131945,0.0011287812043208785,,,3.0,1.5811388300841898,686.8,803.9674744664737
Replace + Select,141,1.0,0.0,30.48888418696299,20.096368315266755,5.255988321357557e-05,8.691228592014026e-05,0.0001056563365582578,0.0001763975105690218,7.692999585465654e-07,1.2748572529134789e-06,2.5959861364651013,0.35528605286440407,0.0011302278605123564,0.0011023438829627576,,,3.0,1.5811388300841898,686.8,803.9674744664737
Replace + Select,142,1.0,0.0,30.5042638346142,20.109007804876548,5.487955965680767e-05,9.309523620120504e-05,0.0001119304692068107,0.0001907152181922995,8.136066815381881e-07,1.3772578307828379e-06,2.670047410904703,0.4198187985023014,0.0011395436667766563,0.0011343430916395704,,,3.0,1.5811388300841898,686.8,803.9674744664737
Replace + Select,143,1.0,0.0,30.519986829810353,20.121653985973193,5.1757071529506716e-05,8.658257045416099e-05,0.00010265557788149682,0.0001706433537780594,7.475566773806688e-07,1.2334858492734158e-06,2.580287744887731,0.37499243746899974,0.0011140292666023096,0.0010978033539140507,,,3.0,1.5811388300841898,686.8,803.9674744664737
Replace + Select,144,1.0,0.0,30.534137825855215,20.133994297260468,4.938076156585303e-05,8.303995707770008e-05,9.967333633026626e-05,0.0001678362368561258,7.25341860776691e-07,1.2125422389610389e-06,2.5779065583711103,0.3447442453968625,0.0010858325989335383,0.001071035413987504,,,3.0,1.5811388300841898,686.8,803.9674744664737
Replace + Select,145,1.0,0.0,30.548896676975886,20.146256320701198,5.006270927004703e-05,8.450303408552404e-05,9.929158950013304e-05,0.00016709854088904088,7.235936492984001e-07,1.207105174932311e-06,2.6325793331409337,0.4356150247551888,0.0010859846060651747,0.0010885336961488563,,,3.0,1.5811388300841898,686.8,803.9674744664737
Replace + Select,146,1.0,0.0,30.563590781051023,20.15905656481857,4.8800741994569255e-05,8.159781792475098e-05,9.959548288465808e-05,0.00016682518674413332,7.264413643324297e-07,1.2053597048028397e-06,2.599145423829707,0.359004366559924,0.0010771110970170632,0.0010707235335706445,,,3.0,1.5811388300841898,686.8,803.9674744664737
Replace + Select,147,1.0,0.0,30.578186895899517,20.171756890156818,4.804913593605729e-05,8.005401162683288e-05,9.761399804671742e-05,0.00016249696999351033,7.123801713555002e-07,1.174396840591719e-06,2.6017785865026255,0.3781169075082793,0.001070724049547744,0.001066888496179424,,,3.0,1.5811388300841898,686.8,803.9674744664737
Replace + Select,148,1.0,0.0,30.59250596002879,20.18365060439447,4.7649197904643225e-05,8.009618643249504e-05,9.606742754945886e-05,0.00016299525704008231,6.999875066528683e-07,1.1769815440691567e-06,2.6061542084550573,0.3943563876315575,0.0010629963316302485,0.0010662095058021986,,,3.0,1.5811388300841898,686.8,803.9674744664737
Replace + Select,149,1.0,0.0,30.606705837722973,20.195533073333397,4.697899531923725e-05,7.890618185270541e-05,9.429864058849564e-05,0.0001587680853259402,6.879067550286883e-07,1.1467714276648467e-06,2.585119805198689,0.34849172452204263,0.001055133231344101,0.0010597363631469272,,,3.0,1.5811388300841898,686.8,803.9674744664737
Replace + Select,150,1.0,0.0,30.621965756957042,20.209864509817265,4.646737709914173e-05,7.854519303935283e-05,9.214757963476703e-05,0.00015552764455066323,6.723759515840656e-07,1.1231855688992918e-06,2.6259260352936904,0.3640931215623014,0.0010431377526581367,0.0010540818591991835,,,3.0,1.5811388300841898,686.8,803.9674744664737
Replace + Select,151,1.0,0.0,30.6351283383221,20.221159917343332,4.472101299056786e-05,7.548508969895306e-05,8.989561319510425e-05,0.00015265523490392917,6.553598213277182e-07,1.1021845453541523e-06,2.634386692795768,0.4194332347495839,0.0010289898500027877,0.0010374643228316905,,,3.0,1.5811388300841898,686.8,803.9674744664737
Replace + Select,152,1.0,0.0,30.650571511528813,20.235438909017468,4.215311810101134e-05,6.947474196414639e-05,8.480242001924392e-05,0.00014016395876096418,6.201197200316798e-07,1.0132813894198607e-06,2.6076328680044862,0.35410856292407167,0.001010088499837867,0.0010100784581436742,,,3.0,1.5811388300841898,686.8,803.9674744664737
Replace + Select,153,1.0,0.0,30.66542000226416,20.248160162084204,4.0807564094798295e-05,6.726838036888444e-05,8.310545029407142e-05,0.00013777678544037405,6.077754910062731e-07,9.957999048668086e-07,2.6347196756310716,0.41367568567280266,0.0009941176010168143,0.0009961488551443747,,,3.0,1.5811388300841898,686.8,803.9674744664737
Replace + Select,154,1.0,0.0,30.67935846025618,20.259519477822632,4.131875994595505e-05,6.8518742549044e-05,8.203648684168137e-05,0.00013602458909143004,6.001953252744799e-07,9.83111725210263e-07,2.6215001111274905,0.4179738920816658,0.0009942243589992602,0.0010051752822396963,,,3.0,1.5811388300841898,686.8,803.9674744664737
Replace + Select,155,1.0,0.0,30.69330842492972,20.271502991353103,4.158908484930101e-05,6.909911245980054e-05,8.482259938913679e-05,0.00014203674930082997,6.199622574154989e-07,1.0260986118896043e-06,2.600355442409124,0.42201856662083137,0.0009931134074804887,0.001004370724676867,,,3.0,1.5811388300841898,686.8,803.9674744664737
Replace + Select,156,1.0,0.0,30.706935224036926,20.28417949515202,4.023031080459723e-05,6.754344129042015e-05,8.074396137726687e-05,0.0001354015536093858,5.902827992736552e-07,9.78048993702566e-07,2.6549341804948825,0.36558520297588754,0.00097623940675555,0.0009998280624500333,,,3.0,1.5811388300841898,686.8,803.9674744664737
Replace + Select,157,1.0,0.0,30.720995732216892,20.29744032633822,4.150112782334265e-05,7.064750067584447e-05,8.316807232121662e-05,0.00014212494627486563,6.075907498345966e-07,1.0257115662858404e-06,2.638774032449845,0.3747953337158368,0.0009813849093378234,0.0010257721119086606,,,3.0,1.5811388300841898,686.8,803.9674744664737
Replace + Select,158,1.0,0.0,30.734554770701827,20.308378329274543,4.1264250969281384e-05,7.061233357850403e-05,8.237845139303926e-05,0.00014061556367673723,6.024670642171757e-07,1.0147640891588996e-06,2.6198568105457793,0.39674591945770127,0.0009727102563203821,0.001025165321475369,,,3.0,1.5811388300841898,686.8,803.9674744664737
Replace + Select,159,1.0,0.0,30.748165788487647,20.319604495306436,4.049402394962049e-05,6.966856707699804e-05,8.158102774561919e-05,0.00014057747606167442,5.961836726472393e-07,1.0140805258336743e-06,2.6238856792175547,0.34608912272223635,0.0009619671343902949,0.0010157695508196706,,,3.0,1.5811388300841898,686.8,803.9674744664737
Replace + Select,160,1.0,0.0,30.761988164211818,20.33177491305355,3.99695136922271e-05,6.920269116421385e-05,8.103518318042444e-05,0.0001407188706061215,5.917144475605857e-07,1.0148608551859049e-06,2.576733588374249,0.36209459694770113,0.0009512145237167149,0.0010109377595856823,,,3.0,1.5811388300841898,686.8,803.9674744664737
Replace + Select,161,1.0,0.0,30.77646362503406,20.34334652108266,4.110921406295418e-05,7.134695289008401e-05,8.333141308807769e-05,0.0001446337500142881,6.08993644301838e-07,1.0429698802774694e-06,2.632764877263025,0.38919649788987376,0.0009580253932904746,0.0010261369924716886,,,3.0,1.5811388300841898,686.8,803.9674744664737
Replace + Select,162,1.0,0.0,30.78914689679983,20.353700368027372,4.068182559065832e-05,7.054173455389747e-05,8.134710376962613e-05,0.0001406431181228748,5.944036929284516e-07,1.014356986905277e-06,2.611347012535486,0.339129725401477,0.000953949736539758,0.0010226625084775556,,,3.0,1.5811388300841898,686.8,803.9674744664737
Replace + Select,163,1.0,0.0,30.802890677056677,20.36611803361191,4.0004816486899675e-05,6.908104369338452e-05,7.956663780606562e-05,0.0001372833445108126,5.816360226723056e-07,9.901979404548523e-07,2.641671063527994,0.4275463659356451,0.0009450569294097196,0.001011237473149862,,,3.0,1.5811388300841898,686.8,803.9674744664737
Replace + Select,164,1.0,0.0,30.816177366139833,20.378956080437863,3.847054743238088e-05,6.641204982923275e-05,7.549700992590978e-05,0.0001297950170835291,5.520980773317349e-07,9.363412742098744e-07,2.6457742489673555,0.3645629507730349,0.0009298014303691824,0.0009970998549018563,,,3.0,1.5811388300841898,686.8,803.9674744664737
Replace + Select,165,1.0,0.0,30.831449501897946,20.393394336020915,3.589086863229344e-05,6.104122803921888e-05,7.104585075418912e-05,0.0001211071565221845,5.198748494531459e-07,8.739803143750654e-07,2.607152303981866,0.33308979059317184,0.0009044391813070988,0.0009606828682960703,,,3.0,1.5811388300841898,686.8,803.9674744664737
Replace + Select,166,1.0,0.0,30.846110380731176,20.407171895374614,3.5803496135198126e-05,6.092987523261239e-05,7.067779457781487e-05,0.00011991950270527402,5.178398078327671e-07,8.655351582964331e-07,2.6271670232292066,0.4126802049641167,0.0009004193360392972,0.0009630229094229517,,,3.0,1.5811388300841898,686.8,803.9674744664737
Replace + Select,167,1.0,0.0,30.859474290194452,20.420148625149988,3.7043293600755244e-05,6.4029096111286e-05,7.418146870116343e-05,0.0001287630300769691,5.426536679614127e-07,9.284369371012277e-07,2.611476671436699,0.3707150183919903,0.0009093128036316985,0.0009894280026051343,,,3.0,1.5811388300841898,686.8,803.9674744664737
Replace + Select,168,1.0,0.0,30.87112410413696,20.43102506575042,3.6334964869587055e-05,6.390213796423024e-05,7.233623694143698e-05,0.00012670025594687344,5.287422111551233e-07,9.132548629242284e-07,2.6484866326426078,0.386241968661089,0.0008940500353750276,0.0009803878402718747,,,3.0,1.5811388300841898,686.8,803.9674744664737
Replace + Select,169,1.0,0.0,30.883440316872093,20.442186075838336,3.5630031970905635e-05,6.24970018190299e-05,7.178172298448366e-05,0.0001259874052509689,5.245010767301819e-07,9.080800806381998e-07,2.6028522437787496,0.40859105277633834,0.00089008404454569,0.0009778061608266872,,,3.0,1.5811388300841898,686.8,803.9674744664737
Replace + Select,170,1.0,0.0,30.89593488383803,20.453516915351283,3.4469752587019164e-05,6.0349934047854843e-05,6.786616405730778e-05,0.00011833613267835784,4.963046209413096e-07,8.530758873352811e-07,2.641767874345315,0.3671879263554915,0.0008744791080783874,0.0009617701044737879,,,3.0,1.5811388300841898,686.8,803.9674744664737
Replace + Select,171,1.0,0.0,30.908060736036408,20.464990763599392,3.3188037070946256e-05,5.7756413349136075e-05,6.644010946431201e-05,0.00011569477924579547,4.859493283901725e-07,8.340700692672193e-07,2.6531750268037886,0.41429568259388205,0.0008616075976832458,0.0009457676746451406,,,3.0,1.5811388300841898,686.8,803.9674744664737
Replace + Select,172,1.0,0.0,30.92052709400797,20.475885959643946,3.2697539500107026e-05,5.705932178113117e-05,6.633967469360123e-05,0.00011602766641321234,4.852870503204054e-07,8.36310725354944e-07,2.6333455371334344,0.37270801923267355,0.0008535492206075294,0.0009424834502183754,,,3.0,1.5811388300841898,686.8,803.9674744664737
Replace + Select,173,1.0,0.0,30.932533325314477,20.486922030296448,3.205204174864153e-05,5.636541652833119e-05,6.385268824695728e-05,0.00011229341890021923,4.668631103696956e-07,8.09244176869654e-07,2.7087412751004947,0.4293190546889664,0.0008407104808329875,0.0009364661845273638,,,3.0,1.5811388300841898,686.8,803.9674744664737
Replace + Select,174,1.0,0.0,30.9447770455173,20.498599031371093,3.0923757251644625e-05,5.505766691803091e-05,6.253853889849896e-05,0.00011152012004241397,4.567773459081357e-07,8.03333513046236e-07,2.6504914261269246,0.4547764151640241,0.0008225375641739424,0.0009242440488167638,,,3.0,1.5811388300841898,686.8,803.9674744664737
Replace + Select,175,1.0,0.0,30.956415719764163,20.508820976252927,3.049629863952324e-05,5.430694228671338e-05,6.0470984442811146e-05,0.00010776385962789928,4.417283481058379e-07,7.762735419462614e-07,2.6276219500462994,0.38184090469535104,0.0008146463029303329,0.0009177053332044441,,,3.0,1.5811388300841898,686.8,803.9674744664737
Replace + Select,176,1.0,0.0,30.968040639843814,20.519490795858932,3.0135392264347186e-05,5.348939955686875e-05,6.017476821995084e-05,0.00010626423359461591,4.3986058270155167e-07,7.656713062587085e-07,2.617176243731401,0.3896307966691325,0.0008106437376584378,0.0009105880794724852,,,3.0,1.5811388300841898,686.8,803.9674744664737
Replace + Select,177,1.0,0.0,30.979077293549654,20.52916648441662,3.0349644847020342e-05,5.4655747514848554e-05,5.974282677653095e-05,0.0001075645226421785,4.359317938104741e-07,7.746646745437963e-07,2.624361606657046,0.4014080269033597,0.0008091794524120493,0.0009212054309792792,,,3.0,1.5811388300841898,686.8,803.9674744664737
Replace + Select,178,1.0,0.0,30.990930211334252,20.539998337304667,2.91578458858329e-05,5.2188594687510176e-05,5.869777414375543e-05,0.00010548989199733207,4.283278878714158e-07,7.597688598675437e-07,2.6521244016070327,0.44333057354460065,0.0007954186083183514,0.0009004865554554115,,,3.0,1.5811388300841898,686.8,803.9674744664737
Replace + Select,179,1.0,0.0,31.00212304289922,20.55082262831519,2.949719206836801e-05,5.312475386014295e-05,5.819571035992673e-05,0.0001046074737369776,4.249082023814466e-07,7.53345567979837e-07,2.6401389456232933,0.4089964346526976,0.0007953893185294927,0.0009110902087265912,,,3.0,1.5811388300841898,686.8,803.9674744664737
Replace + Select,180,1.0,0.0,31.013329250531676,20.561129504061135,2.932572129618372e-05,5.311182267694484e-05,5.8981506497199776e-05,0.00010647107809164986,4.305714887821896e-07,7.666744154337864e-07,2.6090261163228052,0.42348889820682,0.0007906235666172874,0.0009142418351957559,,,3.0,1.5811388300841898,686.8,803.9674744664737
Replace + Select,181,1.0,0.0,31.02530920573911,20.572120554392892,2.948950194837602e-05,5.349392593164205e-05,5.9323126464673234e-05,0.00010802394105839952,4.3288137849522837e-07,7.77684630098571e-07,2.689287042115069,0.4760090406458595,0.0007897712180796879,0.0009190224268120149,,,3.0,1.5811388300841898,686.8,803.9674744664737
Replace + Select,182,1.0,0.0,31.0378881233919,20.583531650212787,2.9375542077955507e-05,5.351572475809915e-05,5.8135931102083196e-05,0.00010569629707588077,4.2425289156331255e-07,7.60951802204618e-07,2.6679052991468346,0.45057861600440346,0.0007852926074487527,0.000917773829931986,,,3.0,1.5811388300841898,686.8,803.9674744664737
Replace + Select,183,1.0,0.0,31.05029453197354,20.594664724510185,2.947443275030307e-05,5.371952867353757e-05,5.867016177058806e-05,0.00010686901207015545,4.28194303087089e-07,7.693287926487965e-07,2.5973542376123953,0.3824678015120673,0.0007845076810193214,0.0009180131969162056,,,3.0,1.5811388300841898,686.8,803.9674744664737
Replace + Select,184,1.0,0.0,31.062535040994096,20.606201897825837,2.8326030385451936e-05,5.143284072934272e-05,5.574139006393955e-05,0.00010099342332474519,4.068431481452259e-07,7.271470716097741e-07,2.6776808157959353,0.4227362491342781,0.0007726932420819089,0.0009033279544105341,,,3.0,1.5811388300841898,686.8,803.9674744664737
Replace + Select,185,1.0,0.0,31.074577634574837,20.617364338548384,2.7005847244362283e-05,4.826139667468127e-05,5.4326514418808726e-05,9.703392551710023e-05,3.9718694627659497e-07,6.988255889182961e-07,2.68324248846633,0.40409840707386513,0.0007598936395723648,0.0008785451148227219,,,3.0,1.5811388300841898,686.8,803.9674744664737
Replace + Select,186,1.0,0.0,31.087062810948318,20.629147386913356,2.710004992173506e-05,4.8365122241536936e-05,5.4997605679447286e-05,9.87591431488291e-05,4.0213363112696775e-07,7.111058930229076e-07,2.61903056284972,0.412607078860688,0.0007582295751917712,0.0008818844138915207,,,3.0,1.5811388300841898,686.8,803.9674744664737
Replace + Select,187,1.0,0.0,31.099047743823775,20.64020696873582,2.687568739421029e-05,4.823923960024546e-05,5.351725773264334e-05,9.610980330829362e-05,3.9129372074403067e-07,6.920354766768399e-07,2.618282412066046,0.4474126384404004,0.00075089523884024,0.0008809120701372035,,,3.0,1.5811388300841898,686.8,803.9674744664737
Replace + Select,188,1.0,0.0,31.11129760688167,20.651412957673163,2.603038000067491e-05,4.6962409495023064e-05,5.176466734947047e-05,9.326419952932754e-05,3.7846195150469013e-07,6.714660134344513e-07,2.6131060074253982,0.3758454039613334,0.000737594809633762,0.0008698309012245015,,,3.0,1.5811388300841898,686.8,803.9674744664737
Replace + Select,189,1.0,0.0,31.12271683663617,20.66341350193398,2.6427832898129013e-05,4.829326864969126e-05,5.257573519217765e-05,9.54950246442191e-05,3.841945472241876e-07,6.873920624808957e-07,2.647937097611094,0.3780344336799655,0.0007381623491504107,0.0008827504970841378,,,3.0,1.5811388300841898,686.8,803.9674744664737
Replace + Select,190,1.0,0.0,31.13254542538248,20.67243030711101,2.592766969389865e-05,4.759467825966256e-05,5.221187268155104e-05,9.610614369484153e-05,3.811085332077728e-07,6.916142340142943e-07,2.6138224771741596,0.38821587472478053,0.0007286526903179912,0.0008715799098108092,,,3.0,1.5811388300841898,686.8,803.9674744664737
Replace + Select,191,1.0,0.0,31.142413689458483,20.68230001971993,2.522316611390153e-05,4.633897342134597e-05,5.095449507116943e-05,9.408047189836738e-05,3.7175921826495006e-07,6.770196670523759e-07,2.6693590132804217,0.42551096213857265,0.0007188995721235839,0.0008571754153949911,,,3.0,1.5811388300841898,686.8,803.9674744664737
Replace + Select,192,1.0,0.0,31.152452539088642,20.692428354364583,2.450949149675638e-05,4.4787324257776794e-05,5.005302342872255e-05,9.177746923372554e-05,3.6548590995053885e-07,6.604957076330894e-07,2.6181105746004727,0.3643067302534851,0.0007102094381124675,0.0008473300864109822,,,3.0,1.5811388300841898,686.8,803.9674744664737
Replace + Select,193,1.0,0.0,31.1628837341028,20.703429186766577,2.4396464469503475e-05,4.436043680618156e-05,4.896683578015794e-05,8.917306743925147e-05,3.5787220246680553e-07,6.418131744437833e-07,2.632381820540875,0.4212572270081044,0.0007080618125360395,0.0008446631816354334,,,3.0,1.5811388300841898,686.8,803.9674744664737
Replace + Select,194,1.0,0.0,31.173422582417203,20.714180646512244,2.27078669903746e-05,4.060490195492671e-05,4.5275750412545575e-05,8.088252635243042e-05,3.314732563761748e-07,5.824066124437572e-07,2.6035612551689042,0.38787327570073005,0.0006875542469725061,0.0008071531665057729,,,3.0,1.5811388300841898,686.8,803.9674744664737
Replace + Select,195,1.0,0.0,31.18312465183352,20.72366285584357,2.171372642362897e-05,3.8949927850294294e-05,4.344592731689543e-05,7.786778137041677e-05,3.179435464384944e-07,5.606551772373046e-07,2.5978501843160164,0.35071152092080315,0.0006727258077857767,0.0007913299605997387,,,3.0,1.5811388300841898,686.8,803.9674744664737
Replace + Select,196,1.0,0.0,31.193201853513592,20.732661466049944,2.1463842197714652e-05,3.8489640975805185e-05,4.2877491267682286e-05,7.705185515197784e-05,3.1374135590354576e-07,5.547321870848726e-07,2.5925551561964992,0.3893108086395864,0.000669636091949217,0.000790531058454224,,,3.0,1.5811388300841898,686.8,803.9674744664737
Replace + Select,197,1.0,0.0,31.202421299856876,20.741380622534063,2.1315701278380772e-05,3.802216573890037e-05,4.216318659511812e-05,7.5315651045475e-05,3.087627946423532e-07,5.422998406570366e-07,2.678825251305384,0.40581755259858937,0.0006662935729231424,0.000786523407570395,,,3.0,1.5811388300841898,686.8,803.9674744664737
Replace + Select,198,1.0,0.0,31.212697883989325,20.751274887481852,2.149810549213411e-05,3.83160342631406e-05,4.291540384400936e-05,7.666916801895034e-05,3.143833219508448e-07,5.520180054691777e-07,2.661468682313889,0.3916936422720325,0.0006679943524799545,0.0007881660019920651,,,3.0,1.5811388300841898,686.8,803.9674744664737
Replace + Select,199,1.0,0.0,31.222753155164497,20.761449340686113,2.115712621003883e-05,3.8366975065568385e-05,4.276296475870719e-05,7.76086666035754e-05,3.127420994924062e-07,5.585756065541184e-07,2.6028131625659796,0.3973839908019834,0.0006593801945168078,0.0007853857403292027,,,3.0,1.5811388300841898,686.8,803.9674744664737
Replace + Select,200,1.0,0.0,31.233319759461654,20.772159611469156,1.9621646594157293e-05,3.529312627766366e-05,3.9027475956494e-05,7.003964985866124e-05,2.8567680041916816e-07,5.042387296617458e-07,2.6739615637176763,0.4290139872361685,0.0006383023744060779,0.0007526214474818029,,,3.0,1.5811388300841898,686.8,803.9674744664737
