setting,iteration,use_selection,use_selection,mean_error,mean_error,variance,variance,dispersion,dispersion,dispersion_ratio,dispersion_ratio,swd_to_truth,swd_to_truth,component_weight_entropy,component_weight_entropy,smallest_component_weight,smallest_component_weight,component_mean_distance,component_mean_distance,num_samples,num_samples,run,run,seed,seed
,,mean,std,mean,std,mean,std,mean,std,mean,std,mean,std,mean,std,mean,std,mean,std,mean,std,mean,std,mean,std
Accumulate,0,0.0,0.0,0.2915999999997966,6.822220551967122e-14,62.77201873058,15.215228969247487,124.30452341090674,30.132670897420574,0.9871673447595939,0.012736125624303546,0.07314950829859568,0.010321522026616474,0.7219280948873623,0.0,0.2,0.0,1.7999999999993719,2.1047292916485777e-13,,,3.0,1.5811388300841898,686.8,803.9674744664737
Accumulate,1,0.0,0.0,0.32784915956861843,0.06480390498172874,63.98318225174997,16.79818703598053,126.85129832148777,33.06106229230987,1.003984375225272,0.02902012678884191,0.12260761383454451,0.020399304381310497,0.7979361707413213,0.043352275165860876,0.24311019928131508,0.026760299066520818,2.3041671892344917,0.5407219025288141,500.0,0.0,3.0,1.5811388300841898,686.8,803.9674744664737
Accumulate,2,0.0,0.0,0.3294546756295638,0.044388421870129396,63.576211468766665,17.09115629440715,126.25937067358925,33.89921472445447,0.99788680954726,0.027848626052899485,0.13163755118772377,0.017268454898680355,0.8068904437755986,0.038645782428724185,0.2483929594043516,0.02435792781580795,2.2796531856812248,0.6821738701742893,1000.0,0.0,3.0,1.5811388300841898,686.8,803.9674744664737
Accumulate,3,0.0,0.0,0.3377966382279544,0.12428836701522379,63.94506689754057,17.083804889676653,127.19668403865259,33.70201707700962,1.0063299570806183,0.028168172340185052,0.13833356593836826,0.01799385517891002,0.812593817939033,0.040626026194291,0.25211445951126404,0.02562212419228448,2.274359675141942,0.774289149347086,1500.0,0.0,3.0,1.5811388300841898,686.8,803.9674744664737
Accumulate,4,0.0,0.0,0.322342142009855,0.11368062062336637,63.86074751892655,17.05004492051585,127.27870333790221,34.92303750973028,1.005511109930953,0.03465038121674426,0.12221442047795468,0.027082405583620697,0.810202551552425,0.04130185964577033,0.2506294432725763,0.025916149953758374,2.273617631162322,0.7495540049479612,2000.0,0.0,3.0,1.5811388300841898,686.8,803.9674744664737
Accumulate,5,0.0,0.0,0.3575963967424508,0.1592349994164521,63.524517424614146,17.19415705900493,126.99950551040493,34.86679867066913,1.0031170671166676,0.037507386552572346,0.13654849859317267,0.030894866310542505,0.8076086975692937,0.038178491820240974,0.2487725104972855,0.023497550473476174,2.278505990613082,0.7000641174061646,2500.0,0.0,3.0,1.5811388300841898,686.8,803.9674744664737
Accumulate,6,0.0,0.0,0.3489228745118771,0.15459045224996582,63.38338934494516,17.245878119937487,126.85325742502441,34.58464029479642,1.0025560242905225,0.04024814470054082,0.12362806342034527,0.029115966814067747,0.8033100741977413,0.03754425120714497,0.2460337603378971,0.022721288846597205,2.2663789606534888,0.6739906249118053,3000.0,0.0,3.0,1.5811388300841898,686.8,803.9674744664737
Accumulate,7,0.0,0.0,0.3370673885398379,0.1511307042892463,63.420521336463516,16.909521600767505,127.50168295375829,35.11010223642658,1.007041176934029,0.04263638863061409,0.12390071483066459,0.023934827740642636,0.8031140916701742,0.03933303620909059,0.24601667425146792,0.0238877594812476,2.2605229625262,0.671971911594789,3500.0,0.0,3.0,1.5811388300841898,686.8,803.9674744664737
Accumulate,8,0.0,0.0,0.3237308553422382,0.13291971370032632,63.223241040031056,16.58904356701053,126.15145142207919,33.39690773760033,0.9983868031767219,0.04215101138623613,0.13031235847826134,0.024282922610071398,0.802723222363479,0.039807426634060214,0.2458109463591986,0.024294268265715777,2.243932311058039,0.6626855838995217,4000.0,0.0,3.0,1.5811388300841898,686.8,803.9674744664737
Accumulate,9,0.0,0.0,0.3262345510122813,0.11841463892639773,63.39563246475486,16.777636472952192,126.63432650776107,34.68040592773359,1.0006695391650484,0.04108881346863934,0.1264273347071761,0.021743534842740823,0.8043902434914074,0.03689477453008739,0.24669331631411612,0.02268328636870144,2.2332073048617196,0.6611729841678589,4500.0,0.0,3.0,1.5811388300841898,686.8,803.9674744664737
Accumulate,10,0.0,0.0,0.33072411835555665,0.12720755063829775,63.29067272294079,16.826272401023186,126.89871403757402,33.78896240595127,1.0042170542426074,0.046686105935112784,0.13215707312045563,0.012180020666521822,0.8023770407723523,0.03595413935243641,0.24539163344645284,0.022008386273367767,2.238355525503071,0.63789419033101,5000.0,0.0,3.0,1.5811388300841898,686.8,803.9674744664737
Accumulate,11,0.0,0.0,0.32923692684343997,0.11992604171231795,63.20012673209791,16.895406580093727,126.53898446226485,33.70888695456371,1.0015719639098914,0.04433256241888333,0.1418203235945925,0.05030694796020213,0.8029924719076458,0.03339377717058763,0.2456474565310327,0.02051276703377124,2.254076290224997,0.6448616982908514,5500.0,0.0,3.0,1.5811388300841898,686.8,803.9674744664737
Accumulate,12,0.0,0.0,0.33033605731661847,0.12385328965125486,63.10347048323538,16.92980643684477,125.3634093015005,34.19943172280033,0.9908650224012427,0.03821347981041048,0.13204146277743195,0.023640107735871177,0.8029425767127283,0.032330748118072745,0.2455690526641273,0.01991184921027995,2.2719171947643177,0.6455089418016728,6000.0,0.0,3.0,1.5811388300841898,686.8,803.9674744664737
Accumulate,13,0.0,0.0,0.3226580518121454,0.11960963986470677,63.088291993819645,16.86207940914221,126.77351073905247,33.46543594273872,1.0034488381573514,0.038032491485460417,0.12969979671452309,0.013913839365426535,0.8037801284182329,0.033042928062868696,0.2461253921937958,0.020424777963749165,2.2704810022374007,0.638879414629944,6500.0,0.0,3.0,1.5811388300841898,686.8,803.9674744664737
Accumulate,14,0.0,0.0,0.3242240559709153,0.13369778126010978,63.05835349354105,16.719971244493806,126.46827390162503,33.90869888122449,1.0002965838593894,0.04347502882898043,0.1335805398177734,0.02479849513026151,0.803784332724687,0.033492509179842325,0.24614988331150597,0.020700493971759458,2.26114444927787,0.6378969824254387,7000.0,0.0,3.0,1.5811388300841898,686.8,803.9674744664737
Accumulate,15,0.0,0.0,0.326104255457415,0.13035651521483826,63.08738337002701,16.787287688404614,126.41827524183577,33.16722784314596,1.0007196482919263,0.04317965624836029,0.13758434454883078,0.023234105939475284,0.8025299268980991,0.03289096989488886,0.24534328763950541,0.02028965336312336,2.2689576215531075,0.6398488216509441,7500.0,0.0,3.0,1.5811388300841898,686.8,803.9674744664737
Accumulate,16,0.0,0.0,0.3267256085894588,0.12798197186222576,63.15617224721659,16.769007608098367,126.23891722894822,34.34153794233256,0.9975390365383477,0.03792898022165477,0.12966221603051256,0.026701354247653974,0.8017121466118088,0.03341827597345012,0.24486805608174472,0.020657532509474615,2.2822380069183916,0.6463049432481033,8000.0,0.0,3.0,1.5811388300841898,686.8,803.9674744664737
Accumulate,17,0.0,0.0,0.3296540251971072,0.13066461973719368,63.22125156082435,16.86334328946724,126.28530811103151,33.42059019695308,0.9990251574521517,0.041630870943388146,0.1384538531086218,0.024656415194476342,0.8028430498492565,0.033050707035389315,0.2455522571123873,0.02051585016564958,2.2999588049424053,0.6471015397925204,8500.0,0.0,3.0,1.5811388300841898,686.8,803.9674744664737
Accumulate,18,0.0,0.0,0.33093743100753753,0.13959876642939248,63.263149441446274,16.812008081575136,126.30216901349236,33.61265497311765,0.999238994749261,0.042720036664149086,0.1294605125643758,0.030448959723872345,0.8034715552598989,0.032451877947334375,0.24591349361566794,0.02017778022885935,2.303052693895898,0.6417935308256537,9000.0,0.0,3.0,1.5811388300841898,686.8,803.9674744664737
Accumulate,19,0.0,0.0,0.3292718137469487,0.13678570623362607,63.27149979410808,16.799955571925985,126.6308204075626,33.15234779519378,1.0027491796753303,0.040826241081567224,0.1306381364836014,0.023669861994887322,0.8037371094767316,0.03156162025979474,0.246036637745358,0.019645291561533305,2.298894621473532,0.646111033774595,9500.0,0.0,3.0,1.5811388300841898,686.8,803.9674744664737
Accumulate,20,0.0,0.0,0.3351115255603644,0.13400108651080592,63.27882973163726,16.851734521481756,125.91463923120178,33.38756551282182,0.9962762098846533,0.03652160459727726,0.13725169798408016,0.024219081394155784,0.8036454735084929,0.030930099292068813,0.24594913142458172,0.019227919609205744,2.298549417782225,0.637425030435873,10000.0,0.0,3.0,1.5811388300841898,686.8,803.9674744664737
Accumulate,21,0.0,0.0,0.33626612493121566,0.13472858450181338,63.24973969062891,16.86000504255677,126.7220178344475,33.58575538222086,1.0029003759292774,0.04067086245565943,0.13296165811315988,0.03129540732621985,0.80308302958215,0.030599576847955556,0.24558467713476828,0.018990329802500962,2.3043772557484243,0.6382488652775351,10500.0,0.0,3.0,1.5811388300841898,686.8,803.9674744664737
Accumulate,22,0.0,0.0,0.34088503248077606,0.1375965954432271,63.23801830923844,16.842818362360926,126.41876644546421,35.08521108238488,0.9983743666381869,0.051524503489570814,0.13628990642847208,0.023352132678667366,0.8023874986178761,0.03039661666266748,0.2451406997301453,0.018762115121699844,2.3080052243072475,0.6320642248301163,11000.0,0.0,3.0,1.5811388300841898,686.8,803.9674744664737
Accumulate,23,0.0,0.0,0.3397621583248268,0.1317302566714461,63.26670376429804,16.855648967103686,126.46004722609409,33.14260963329846,1.0008512431860208,0.03700588571431642,0.13705170424075483,0.032052120481109184,0.8021162862561363,0.028646814756991462,0.24489448217467985,0.017614918756303864,2.3102502650863577,0.6356823007496992,11500.0,0.0,3.0,1.5811388300841898,686.8,803.9674744664737
Accumulate,24,0.0,0.0,0.34107552378389305,0.1349278762170671,63.311363610103356,16.85963906385742,126.02483578818473,33.56282869842767,0.9971502651605499,0.04283861391970196,0.12992071281233614,0.022945622200403613,0.8023426197396404,0.027639450380712017,0.24499094324143783,0.016965034887054507,2.309309922270553,0.6521254947451733,12000.0,0.0,3.0,1.5811388300841898,686.8,803.9674744664737
Accumulate,25,0.0,0.0,0.34274379187569626,0.1314198654034857,63.26832408745738,16.77160088116986,126.63016040326809,32.71186230175275,1.0035092545956896,0.039725171439052104,0.12919867909981458,0.02521140306814421,0.8017574495496606,0.027431232936271734,0.24461697322558207,0.016726078843090044,2.3031939689174576,0.6511572496668555,12500.0,0.0,3.0,1.5811388300841898,686.8,803.9674744664737
Accumulate,26,0.0,0.0,0.3399341201189737,0.12832586869413265,63.225797552159705,16.746534830147123,125.75263357583181,34.347667894985406,0.9939207973673925,0.041672925935924345,0.13742542880192204,0.03031604722503706,0.8009672942995666,0.02688888009319971,0.2441064022532556,0.01630498642410856,2.2987776638498856,0.6561852367885584,13000.0,0.0,3.0,1.5811388300841898,686.8,803.9674744664737
Accumulate,27,0.0,0.0,0.3348619474914801,0.12406218168914808,63.26888867171353,16.782466809267113,126.06932292224633,33.531061564637334,0.9972773117586481,0.04073600294375245,0.13321918998560225,0.02966012739870286,0.8002465069069334,0.027486479000821115,0.24368626073615302,0.01663271029384324,2.293740891613839,0.6500031704693052,13500.0,0.0,3.0,1.5811388300841898,686.8,803.9674744664737
Accumulate,28,0.0,0.0,0.33625550943501753,0.11421348409103108,63.3070472810226,16.800878561386394,126.20288916843727,33.265029745420044,0.9990976404607647,0.04577169663586651,0.13975909119625288,0.02579901594032468,0.8003850477728639,0.02706108179262803,0.24375252151565463,0.016332885113371696,2.2932091422805114,0.6438874743208778,14000.0,0.0,3.0,1.5811388300841898,686.8,803.9674744664737
Accumulate,29,0.0,0.0,0.3376448543628772,0.11062773796175535,63.31533370320325,16.772214381046663,126.14064659471833,33.27453178970424,0.9985517960327759,0.04432411200281077,0.13934170407551272,0.024780971677667393,0.8001290891135732,0.027010045263215873,0.243593660710044,0.016294969483503105,2.3038613596146353,0.6401571382068351,14500.0,0.0,3.0,1.5811388300841898,686.8,803.9674744664737
Accumulate,30,0.0,0.0,0.3356000258871838,0.10653579088351112,63.35811012924165,16.805319109642564,126.3515103761207,33.26792932785859,1.00044867813252,0.04401266068734058,0.13228248625795008,0.03590595319837612,0.799605547161599,0.02688443202047712,0.24326545497451596,0.016147216544619494,2.307305486470301,0.63673438695282,15000.0,0.0,3.0,1.5811388300841898,686.8,803.9674744664737
Accumulate,31,0.0,0.0,0.3341531166998551,0.11138363229046662,63.32030494581352,16.828772366337716,126.9856905125808,33.920934945039015,1.0044119067611013,0.03418924946570667,0.12093199475115872,0.01803855754866403,0.7999992676477555,0.027248054144113576,0.24352019256106444,0.016376175703713858,2.304514881076792,0.6307109589099011,15500.0,0.0,3.0,1.5811388300841898,686.8,803.9674744664737
Accumulate,32,0.0,0.0,0.3358761988685012,0.1118016982418809,63.32009588190459,16.82730038957875,126.14270854954654,33.18993720748084,0.9979956161096576,0.03159321238770967,0.12060141377322638,0.021110783430762156,0.8000586399279221,0.027045380900920096,0.24354754277630555,0.01622892607323426,2.3094258727108405,0.6327233234423263,16000.0,0.0,3.0,1.5811388300841898,686.8,803.9674744664737
Accumulate,33,0.0,0.0,0.33995174775129033,0.1117076486514232,63.30380240011239,16.72643342279337,126.62646879231275,32.95299210959723,1.0034391611109317,0.03300687821648879,0.13188699598099235,0.029664499914306378,0.7998242728475011,0.027619065304245804,0.24342529954690698,0.0165573347198256,2.3167608021528916,0.6380442638506291,16500.0,0.0,3.0,1.5811388300841898,686.8,803.9674744664737
Accumulate,34,0.0,0.0,0.33944722319166,0.11535965152485889,63.32650648194552,16.781072566445474,126.31948641334012,34.190998341747736,0.99897504116947,0.04188637765721058,0.1288649041191235,0.02803394284706021,0.800489320374238,0.027577803112017078,0.24383251411314893,0.01657351133276905,2.3182296906191007,0.6380991263380491,17000.0,0.0,3.0,1.5811388300841898,686.8,803.9674744664737
Accumulate,35,0.0,0.0,0.34209122168745365,0.11616809308652636,63.336615607051634,16.76303226889219,126.62775523403684,32.88545124839427,1.002571391193097,0.04220086845884878,0.12060733749891932,0.015502436394673576,0.8000515760765865,0.02748358510344508,0.2435608089012497,0.01651096252311091,2.318247173685213,0.6351324280623878,17500.0,0.0,3.0,1.5811388300841898,686.8,803.9674744664737
Accumulate,36,0.0,0.0,0.33861862065002485,0.11587319979245299,63.3742014788095,16.7462251419846,126.24827259368226,32.77074814092289,0.9997373924243653,0.048150513052354384,0.12690759185393624,0.022764403937927533,0.8007638536907755,0.027357116094643478,0.24399365974388587,0.016470120010337107,2.315186544708844,0.6399747646974278,18000.0,0.0,3.0,1.5811388300841898,686.8,803.9674744664737
Accumulate,37,0.0,0.0,0.34098939155865304,0.1171652852117216,63.368732839197506,16.806660633836792,126.85260418111542,32.710658468778114,1.0048911496941562,0.03668489836559692,0.12593634719792754,0.026224170529125984,0.800384458983532,0.027572430842753473,0.24377034542239442,0.016613540822736736,2.31617641823025,0.6344317210064742,18500.0,0.0,3.0,1.5811388300841898,686.8,803.9674744664737
Accumulate,38,0.0,0.0,0.3423467111574326,0.11759830899750078,63.401822331218646,16.83720190480938,126.55235698717638,34.07838090783359,1.0004694810898846,0.039796937277243996,0.13066508584502218,0.03147669861280244,0.8000160345783943,0.027352893643921808,0.24353857745895358,0.016520656393623868,2.312653484081813,0.6317973470896576,19000.0,0.0,3.0,1.5811388300841898,686.8,803.9674744664737
Accumulate,39,0.0,0.0,0.3457849211421015,0.1185555398515424,63.37296713419646,16.81962896817172,126.92172800333078,33.97840589945842,1.003584216827414,0.040939646876523836,0.11935742765376652,0.02508008985188088,0.7997266148740153,0.027376589925004885,0.24336335995936098,0.016548954611864113,2.31068319538465,0.6293815967136684,19500.0,0.0,3.0,1.5811388300841898,686.8,803.9674744664737
Accumulate,40,0.0,0.0,0.34789024356725395,0.11998672823070303,63.35049983472608,16.759620371116775,127.57250885705699,34.6180671231878,1.008704700067311,0.043974829492746705,0.13065191498559725,0.033745319790610205,0.7999395267282094,0.02653718895918378,0.2434640548479953,0.01609069305888917,2.3129089530237965,0.6344353621999322,20000.0,0.0,3.0,1.5811388300841898,686.8,803.9674744664737
Accumulate,41,0.0,0.0,0.3452064937071424,0.1188801104807278,63.366103054454,16.755714848645027,126.8343041899579,33.861026319159265,1.003153736386366,0.041192674911356156,0.13035229796903774,0.025641375177476767,0.8001769019917567,0.02652536157079936,0.24360999711309175,0.016109293660659645,2.31628295388201,0.635659410058123,20500.0,0.0,3.0,1.5811388300841898,686.8,803.9674744664737
Accumulate,42,0.0,0.0,0.3472305498886891,0.12068356877630035,63.353430481351005,16.801380587846193,126.01473891100882,33.90075828919306,0.9963771608596088,0.036581007338830955,0.12399343531761627,0.023551487060964767,0.7997446480480119,0.026724483731221285,0.24335309573634678,0.016225174734398228,2.3160245657855176,0.6356651544094295,21000.0,0.0,3.0,1.5811388300841898,686.8,803.9674744664737
Accumulate,43,0.0,0.0,0.3444386250562971,0.11882046656006218,63.343166041946496,16.795815848137384,125.90160398220686,34.4884444855564,0.9945285738994102,0.04398309515566925,0.13137691478548563,0.0260260922490702,0.7994419199478849,0.027054117792216083,0.24317919040140165,0.016392981367345738,2.31728367822964,0.6349859530024149,21500.0,0.0,3.0,1.5811388300841898,686.8,803.9674744664737
Accumulate,44,0.0,0.0,0.34269118654389386,0.11646659634694646,63.391555875890504,16.807071573250294,126.57033325415901,33.68342199879991,1.0014714207563917,0.04339747476173801,0.1279537411195749,0.023268246971031123,0.7988075521966997,0.027577063042658913,0.24280920745516443,0.016644732864947387,2.319435817893838,0.6395249846246903,22000.0,0.0,3.0,1.5811388300841898,686.8,803.9674744664737
Accumulate,45,0.0,0.0,0.343609804450402,0.11705362288963796,63.36902534754646,16.809135454449695,127.2104903719679,34.47149484361764,1.0056328951049145,0.040900846465511155,0.1244386646031381,0.02851855112175164,0.7982171443114783,0.02786949295464368,0.24245922908613485,0.01678305010082399,2.3229105671885186,0.6403651964006669,22500.0,0.0,3.0,1.5811388300841898,686.8,803.9674744664737
Accumulate,46,0.0,0.0,0.34409906077667063,0.11947518429681488,63.3630751420489,16.801220473648005,127.46197935596436,34.734086742646745,1.0071472504094499,0.04665070803452831,0.12578392946728872,0.029309596163402965,0.7984556844414173,0.027739997883722226,0.24260024065461624,0.016722896401294717,2.3243162588344424,0.6396378912434194,23000.0,0.0,3.0,1.5811388300841898,686.8,803.9674744664737
Accumulate,47,0.0,0.0,0.34614233902636726,0.11879630186633275,63.36111246148937,16.83471635412443,127.17403186759907,34.15298703456127,1.0055839834035836,0.03907488838418621,0.1301253646027642,0.024568007047063814,0.7982943545018183,0.027717587941996535,0.24249942527184368,0.01667436635668212,2.3264112079523236,0.6372353088910692,23500.0,0.0,3.0,1.5811388300841898,686.8,803.9674744664737
Accumulate,48,0.0,0.0,0.34556933402385803,0.11915485180692764,63.39364766759373,16.82013602581548,127.18685530804933,34.96109815600521,1.0048729359422106,0.04704769825544884,0.12214895821618461,0.02716445304196362,0.7982588719247254,0.027688387929388377,0.24247738314917605,0.016669760859576256,2.3254853893314325,0.6314175259734585,24000.0,0.0,3.0,1.5811388300841898,686.8,803.9674744664737
Accumulate,49,0.0,0.0,0.3430993836226538,0.11820349942867717,63.39639822152136,16.84564701119468,127.45366109566825,32.93647921311832,1.00959219947371,0.038038590158132664,0.13326972582896304,0.03612225051806241,0.7981587648736734,0.027711663459122262,0.2424177180898413,0.01668986706571998,2.3247960080267895,0.6289100683576557,24500.0,0.0,3.0,1.5811388300841898,686.8,803.9674744664737
Accumulate,50,0.0,0.0,0.3413428984338439,0.1187409912675195,63.414497110293816,16.86072865710333,126.26498926179679,32.91235468609239,0.9996114863747347,0.042440219279956684,0.1308177216182517,0.03111780721159395,0.798499347238924,0.028155787748886822,0.24264285583844342,0.016970219488234004,2.3198535923521924,0.6203787520366004,25000.0,0.0,3.0,1.5811388300841898,686.8,803.9674744664737
Accumulate,51,0.0,0.0,0.3416694118876359,0.11671019810198015,63.41673750704773,16.86830771232836,127.1412189897214,33.0492747704884,1.006970666463939,0.043940202949509,0.12507122106636331,0.018227701083325942,0.798414838924639,0.028680073724672975,0.2426120539687689,0.01728325545796331,2.319821503298904,0.6175173591908018,25500.0,0.0,3.0,1.5811388300841898,686.8,803.9674744664737
Accumulate,52,0.0,0.0,0.3412593242245455,0.11728836105090147,63.4087303176493,16.838779262252743,127.05178011096146,33.34350353863732,1.0056571669451242,0.04000619835581046,0.12872546157946427,0.03368018383855497,0.7982795494659707,0.02880274921457267,0.24253573632338563,0.01737741239897736,2.3139906274519997,0.6159575222374686,26000.0,0.0,3.0,1.5811388300841898,686.8,803.9674744664737
Accumulate,53,0.0,0.0,0.3423378139228957,0.11730440561501367,63.39594753689986,16.787880082632725,127.09824932859726,34.66769073583671,1.0050225110055921,0.04426516897485288,0.12689465770364702,0.023564054859207685,0.7983676767374493,0.028631012293716958,0.2425840114201787,0.017302952637654676,2.3141796764157436,0.6177801753430545,26500.0,0.0,3.0,1.5811388300841898,686.8,803.9674744664737
Accumulate,54,0.0,0.0,0.3431646737467461,0.11728357075118934,63.405144877497015,16.79510586587206,126.60548244301076,33.86066495062899,1.001593628350012,0.038027647746147426,0.1316699573114281,0.029100146859982613,0.7984635189307447,0.028452871070505936,0.24263551780705583,0.017201080643282407,2.315265594298216,0.6187891779550215,27000.0,0.0,3.0,1.5811388300841898,686.8,803.9674744664737
Accumulate,55,0.0,0.0,0.3419361960449781,0.11762345871693995,63.396924615433406,16.82546936658729,126.88983344699973,33.45175743337274,1.0045543368430212,0.039753293887702115,0.13746182995667872,0.03086776351476853,0.7987501770507095,0.028065595442299276,0.24279569014845329,0.016985853916774547,2.3173622213392036,0.618693886563126,27500.0,0.0,3.0,1.5811388300841898,686.8,803.9674744664737
Accumulate,56,0.0,0.0,0.3409665133139003,0.11693573332449138,63.39153122065054,16.82274024630974,126.5378562006658,32.734450951930754,1.0021258213032005,0.030084095949958062,0.125294573677364,0.026916363653653443,0.7989495696140152,0.02766762651726353,0.24290301710348822,0.016772813749883958,2.315929313985225,0.6192912204136014,28000.0,0.0,3.0,1.5811388300841898,686.8,803.9674744664737
Accumulate,57,0.0,0.0,0.34022230431324485,0.11695384458401607,63.37182627374028,16.802439645318966,126.37985632326146,32.14015099830973,1.002066062762711,0.0406079341430029,0.13490291522063205,0.025098040938381732,0.799163495308072,0.027682750042575834,0.24303512989203307,0.016803484465381262,2.313946199982021,0.621363568456642,28500.0,0.0,3.0,1.5811388300841898,686.8,803.9674744664737
Accumulate,58,0.0,0.0,0.3405427755108718,0.11713767972895212,63.33948126163118,16.784054822296525,126.97664452314648,31.852548985616803,1.0074929759178621,0.0363206755475655,0.12456565181329471,0.02844055840155504,0.7990867237135482,0.027522876131112834,0.2429837661743665,0.016739094025288278,2.3085480881142253,0.6215793757870425,29000.0,0.0,3.0,1.5811388300841898,686.8,803.9674744664737
Accumulate,59,0.0,0.0,0.3404637937153088,0.11617046306685433,63.33256199721124,16.786617585705446,127.17809385357884,33.58107779848107,1.0066936087915974,0.046898460805009486,0.13443813169070096,0.02339142111182704,0.7994628910260786,0.027701044658119133,0.24322164111459924,0.016875120503199365,2.307554409327982,0.6207615564892162,29500.0,0.0,3.0,1.5811388300841898,686.8,803.9674744664737
Accumulate,60,0.0,0.0,0.34146225988016926,0.11642773460968249,63.34957477947775,16.81231964121046,126.67595563278196,33.59545388110612,1.0029348168222714,0.043946190967260025,0.1307220237771273,0.021842484324112975,0.7992800187055933,0.028117134579366706,0.2431267995737952,0.01713294993264064,2.3097286112304287,0.6213279515531535,30000.0,0.0,3.0,1.5811388300841898,686.8,803.9674744664737
Accumulate,61,0.0,0.0,0.34155700255316546,0.1166779591310818,63.33470386649699,16.80003262431793,126.90110829155105,34.67883899332008,1.0028527535491965,0.048619401184283234,0.12053627231056711,0.020148125958342176,0.7994464776757957,0.028436966556221237,0.24324147162915583,0.01733208166907343,2.3112276417670037,0.6227329996089704,30500.0,0.0,3.0,1.5811388300841898,686.8,803.9674744664737
Accumulate,62,0.0,0.0,0.34139032004853775,0.11643120859739571,63.33192979044874,16.799778063647867,126.66089604040465,32.639887175882315,1.0040807807191292,0.043463495776983156,0.12874938073524983,0.015660334133131445,0.7997333186639657,0.02859104751365018,0.2434238688191425,0.017444234709575467,2.311167520566686,0.6236603764483231,31000.0,0.0,3.0,1.5811388300841898,686.8,803.9674744664737
Accumulate,63,0.0,0.0,0.34020734726894253,0.11513087928242599,63.34779557796685,16.794638392308432,125.69340705115098,33.098862038565535,0.9952572032768808,0.04206308240285634,0.12835254471451035,0.02788662812521371,0.7999297051324644,0.029014835996814228,0.2435631091906077,0.017735706381821356,2.310332135339143,0.6261164942770976,31500.0,0.0,3.0,1.5811388300841898,686.8,803.9674744664737
Accumulate,64,0.0,0.0,0.3407773479968105,0.11595359967468782,63.33463423398806,16.800954777868657,127.16016932742357,34.550282989895074,1.005122884806364,0.048343756503618274,0.1341506553397734,0.03624915086774617,0.8001443470032246,0.02895929937285835,0.24369299100652303,0.01771885743505904,2.306004381633222,0.6258205810336921,32000.0,0.0,3.0,1.5811388300841898,686.8,803.9674744664737
Accumulate,65,0.0,0.0,0.3410046228829605,0.11641290608367645,63.316594760318665,16.780805210746802,127.40330930487899,34.6472772504849,1.0068888822169595,0.03732505105317352,0.13551424233512524,0.02649642606905831,0.8001122475747044,0.02891331851147299,0.24367153479348458,0.017692319963640114,2.3011366025925595,0.6251282880868485,32500.0,0.0,3.0,1.5811388300841898,686.8,803.9674744664737
Accumulate,66,0.0,0.0,0.3414700582382174,0.11728573049932686,63.31203551060921,16.759178119957305,127.31013092914858,34.50857759726352,1.0062268962560796,0.04601784147671952,0.12871122306937902,0.019229234105937958,0.7999780421123385,0.028856800033332474,0.24358765779049968,0.017667513234812544,2.3027287232101425,0.6257057599111686,33000.0,0.0,3.0,1.5811388300841898,686.8,803.9674744664737
Accumulate,67,0.0,0.0,0.34050487027142645,0.11538082708949397,63.30877584262347,16.7299633425773,127.77225508212545,34.45621827068643,1.0097406629649053,0.04677084374522237,0.13440372871020506,0.03584881443078257,0.8001814332326191,0.028947963527527435,0.24371573415066378,0.017721576165147874,2.2993676386875537,0.6238270776620329,33500.0,0.0,3.0,1.5811388300841898,686.8,803.9674744664737
Accumulate,68,0.0,0.0,0.339164886215183,0.11319851648630386,63.287128683139485,16.730597607324388,127.3296891470987,35.05321254695114,1.0054837691104523,0.04030082707289661,0.13926079254954765,0.05226084362124859,0.8002688554087616,0.028896671661020796,0.2437671844717728,0.017691893237117413,2.298367662989081,0.6260564472271575,34000.0,0.0,3.0,1.5811388300841898,686.8,803.9674744664737
Accumulate,69,0.0,0.0,0.34000341061882855,0.11471284276609509,63.29247860183809,16.736374914470375,126.2226955230652,33.70542462321782,0.9986228050171151,0.043334603323820615,0.13841985291261016,0.02286668592146846,0.8006533279041161,0.02867962482773292,0.24399437978349886,0.017573516840808386,2.296264371417854,0.6266581085543906,34500.0,0.0,3.0,1.5811388300841898,686.8,803.9674744664737
Accumulate,70,0.0,0.0,0.33873061973364543,0.11199520156078237,63.29136825892632,16.72411415409195,127.0472297082604,33.85326531079846,1.0048562963483991,0.03302158195091193,0.12463089805417611,0.022090692704274602,0.8009432436981381,0.0287504184969402,0.24417561366311583,0.017628480900304562,2.2952031006468134,0.6291832008779472,35000.0,0.0,3.0,1.5811388300841898,686.8,803.9674744664737
Accumulate,71,0.0,0.0,0.33881103101554044,0.1107035927007514,63.303263163273904,16.726042821548372,126.1793923779305,32.149813565599345,1.0000404757659687,0.04140636176422144,0.12955310338263862,0.028993001310100984,0.8009551905990477,0.02868698180354352,0.24418048687582544,0.017592832746159352,2.2950470088159327,0.6265783206721561,35500.0,0.0,3.0,1.5811388300841898,686.8,803.9674744664737
Accumulate,72,0.0,0.0,0.3387412588262162,0.11132446598983445,63.31890176346609,16.722190477736646,126.21969627536677,33.21054089551305,0.9992554716397153,0.046915572735901356,0.14227901998818604,0.030208455650044166,0.800937095547814,0.028742863953921716,0.2441718084242784,0.017628937587345534,2.294205237194045,0.6255154097152463,36000.0,0.0,3.0,1.5811388300841898,686.8,803.9674744664737
Accumulate,73,0.0,0.0,0.3398375971069347,0.11368901066603607,63.32156348499078,16.715916796670705,126.6559326389274,33.795698715295394,1.002005900524837,0.03639075918000326,0.1288982754451941,0.031835225490058225,0.8009934667051823,0.028788252490226835,0.24420812549087062,0.01765437236781514,2.296785369092416,0.6260445743165871,36500.0,0.0,3.0,1.5811388300841898,686.8,803.9674744664737
Accumulate,74,0.0,0.0,0.3416031897699225,0.11334936020522493,63.33504282606471,16.72679068835059,125.85049539469844,32.249262444245495,0.9972840664499574,0.035943761859226174,0.1255696908166713,0.02811378162567974,0.8008195477446902,0.028599267790576317,0.24409202273245323,0.017507902562095633,2.2992079269422714,0.6255299468526381,37000.0,0.0,3.0,1.5811388300841898,686.8,803.9674744664737
Accumulate,75,0.0,0.0,0.34170960104362197,0.11361914820822117,63.33173147523456,16.742550101065213,125.91146564918809,32.79250684258018,0.996933380182333,0.036458951200812974,0.1321703481465963,0.03385508797126809,0.8004613525261679,0.02865980076380572,0.2438739893715963,0.01752443429984266,2.2984658337826325,0.6292703071912595,37500.0,0.0,3.0,1.5811388300841898,686.8,803.9674744664737
Accumulate,76,0.0,0.0,0.340312383171573,0.11216511862975179,63.32851327803191,16.734275611288734,127.44056068586255,34.01634432475148,1.0078405055918087,0.0457913513268112,0.13864577444733595,0.02907184022180305,0.8006547412945079,0.02870452130327917,0.2439948375391657,0.017562377606018625,2.297924016613904,0.6311350947654343,38000.0,0.0,3.0,1.5811388300841898,686.8,803.9674744664737
Accumulate,77,0.0,0.0,0.3412249859896025,0.11146790318873954,63.31717205535889,16.717236195898405,126.96572135039973,33.162743420883714,1.0055413766101993,0.0357635945464126,0.12408094115269057,0.03032936020562994,0.8005328220256729,0.028572061496933695,0.2439153445971729,0.017492956386736744,2.2938501542481085,0.631353365408132,38500.0,0.0,3.0,1.5811388300841898,686.8,803.9674744664737
Accumulate,78,0.0,0.0,0.342325568617522,0.11192185870618952,63.33617796488805,16.7237736396575,126.89914843020942,34.12764504374368,1.003845369269245,0.04477224620990387,0.14171704820375522,0.04383464480916835,0.8005508654466512,0.028476962734332964,0.243922792073547,0.01744028157993038,2.2951384327056212,0.633161198021783,39000.0,0.0,3.0,1.5811388300841898,686.8,803.9674744664737
Accumulate,79,0.0,0.0,0.341324211256686,0.11149009964007449,63.34243443541154,16.741426727850172,125.82042768506616,32.5138350174161,0.9967467124117828,0.047364990220145786,0.13391895015134236,0.023242796308211196,0.8006049168958054,0.028613560440706343,0.2439609939528915,0.017514502392203778,2.2979225755076955,0.6337646463900525,39500.0,0.0,3.0,1.5811388300841898,686.8,803.9674744664737
Accumulate,80,0.0,0.0,0.3423830405088634,0.11329850724772426,63.331965093056894,16.722604456811474,126.15794749550018,33.049579770585424,0.998858615256071,0.044308721578283715,0.12722348056739557,0.01991164088979815,0.8007043861421341,0.028513450464117084,0.2440189671860805,0.017474570272490966,2.300041272999053,0.6351740270271488,40000.0,0.0,3.0,1.5811388300841898,686.8,803.9674744664737
Accumulate,81,0.0,0.0,0.34243831719501544,0.11419729135132037,63.34164340220038,16.70386215798918,126.42613112045095,32.79227984591462,1.0014550869791976,0.03772491665520091,0.1327853713934081,0.028317835152568426,0.8008995034217523,0.028796982815288228,0.24415107919988,0.01766345496443397,2.300921076538182,0.6357524826759656,40500.0,0.0,3.0,1.5811388300841898,686.8,803.9674744664737
Accumulate,82,0.0,0.0,0.3415948209641063,0.11334618532096324,63.35038056914328,16.704386655153023,127.39921759218414,33.86503293245652,1.0078472168335582,0.043061684761345,0.13402391537458952,0.03383024515379405,0.8008004695183166,0.028865630083636934,0.2440925123102899,0.017692401949162967,2.300384550119731,0.6377441825013693,41000.0,0.0,3.0,1.5811388300841898,686.8,803.9674744664737
Accumulate,83,0.0,0.0,0.34340406466168893,0.11420680401463693,63.34988469087598,16.704876425404144,126.5262801173466,34.510539640835724,0.9994563662323387,0.04004938805579022,0.13395265300946937,0.03642631153113577,0.8006943219654967,0.028937744581726387,0.2440295454854143,0.017719705665894554,2.2998328086867454,0.6371395392005149,41500.0,0.0,3.0,1.5811388300841898,686.8,803.9674744664737
Accumulate,84,0.0,0.0,0.34404558413427716,0.11394047884654386,63.34805093538031,16.69366861654079,126.09506327831552,32.86827927042228,0.9982137131297721,0.043020920445708245,0.12538441546062812,0.027981135198441153,0.8007359423038561,0.028799358835875106,0.2440488401231508,0.017626566913494766,2.298809815003102,0.635896062588139,42000.0,0.0,3.0,1.5811388300841898,686.8,803.9674744664737
Accumulate,85,0.0,0.0,0.34287208699817223,0.11323009000594082,63.35263049577187,16.706539000693322,126.87757208554285,33.333116689965394,1.0051667011355265,0.03940159675840178,0.12405080198754073,0.022869006364079122,0.8005245577942371,0.02861443639123534,0.24391062025522053,0.017492915738590662,2.3014839970916667,0.635426272449605,42500.0,0.0,3.0,1.5811388300841898,686.8,803.9674744664737
Accumulate,86,0.0,0.0,0.3437485240451868,0.11435532689838532,63.362416314763855,16.724520229577546,126.4718409413797,33.47012453202883,1.001068934955899,0.039060737254361544,0.12649457676526601,0.025810045931167883,0.8003454351753703,0.028399738500213653,0.24379146714474262,0.01734817592146912,2.3032663669227182,0.635590534922689,43000.0,0.0,3.0,1.5811388300841898,686.8,803.9674744664737
Accumulate,87,0.0,0.0,0.34397810078347,0.11315180875679945,63.356146623547126,16.733454987531694,127.41782253676038,33.51974872271252,1.0086233762368,0.041317574849714184,0.1297137479417338,0.019553053181385834,0.8003477380954527,0.028242735130855103,0.24378636488907954,0.017249559383462523,2.305910744208455,0.635269333994193,43500.0,0.0,3.0,1.5811388300841898,686.8,803.9674744664737
Accumulate,88,0.0,0.0,0.3432822501632854,0.11105270676092661,63.356346181060886,16.735773473900064,127.6659872011488,33.56240840744418,1.0103041437690234,0.038788802005715696,0.1348818798030706,0.022006004120383095,0.8005075214862147,0.027961027770841328,0.24387432491347108,0.017105707084818466,2.306249616223672,0.6370085160497236,44000.0,0.0,3.0,1.5811388300841898,686.8,803.9674744664737
Accumulate,89,0.0,0.0,0.34208401271841776,0.11198896603283147,63.36384186380768,16.74210472944548,126.11125071094253,32.59400961531207,0.9990796185162202,0.03338521644057911,0.13520781106690527,0.03767238872369952,0.8007275468312534,0.027742105242244686,0.2440017721734951,0.01699944931904738,2.3052476052870237,0.6372251536150919,44500.0,0.0,3.0,1.5811388300841898,686.8,803.9674744664737
Accumulate,90,0.0,0.0,0.34268272170061803,0.11344052394768707,63.371013353198165,16.732904394748587,126.6767367422068,34.24698102469677,1.0015381530033975,0.04189581692614884,0.12414044092947367,0.01694590621870174,0.800702433557347,0.02755539112866328,0.24397911676381545,0.016888177905590232,2.305097484215963,0.63532451942701,45000.0,0.0,3.0,1.5811388300841898,686.8,803.9674744664737
Accumulate,91,0.0,0.0,0.34250028458922854,0.1117728926842429,63.36531178396967,16.73414549596304,126.2387989215733,34.17640220308422,0.9979715408117666,0.04359243794184694,0.1379458035685638,0.02676041004450031,0.8008638805631352,0.027057128914296867,0.2440588038917865,0.01659011801576483,2.303731584153467,0.6347837591406281,45500.0,0.0,3.0,1.5811388300841898,686.8,803.9674744664737
Accumulate,92,0.0,0.0,0.34202723222079146,0.11014132493122411,63.36623443074903,16.737786205481314,127.16919013045586,33.944469417903996,1.00599801780854,0.042946735483516206,0.1317784215131402,0.018608914001875233,0.8009228327350362,0.026824223336810556,0.24408607864259385,0.016451151831009182,2.303118714424923,0.634759166812039,46000.0,0.0,3.0,1.5811388300841898,686.8,803.9674744664737
Accumulate,93,0.0,0.0,0.3429158930632838,0.11062180390119175,63.36189811594001,16.725640341029695,126.25119729602598,34.90268348946693,0.9974230704907928,0.046606136656023374,0.13082356353582528,0.02241017331700752,0.8010517545403866,0.02702832220000558,0.24417303024019624,0.016576125242005718,2.303140482420514,0.6336817468403477,46500.0,0.0,3.0,1.5811388300841898,686.8,803.9674744664737
Accumulate,94,0.0,0.0,0.34367071608963307,0.11175177035575502,63.35252808751004,16.70703487944268,126.84984562467162,33.10188700473825,1.0049103235079084,0.03614583340748127,0.12579950603161116,0.03542977001469705,0.8009512079139816,0.026970322616889322,0.2441099193997455,0.016555962785936,2.3018055709518195,0.6309123135856086,47000.0,0.0,3.0,1.5811388300841898,686.8,803.9674744664737
Accumulate,95,0.0,0.0,0.3436100188065247,0.11117006790903283,63.334504479193434,16.69782293199499,126.1662889651985,33.71452509457654,0.9979210456900584,0.03326691232384768,0.13005521396133812,0.02777395923488167,0.8010137338963774,0.02671982950324686,0.24413896805938123,0.016410820227131247,2.302347769620323,0.630744366915357,47500.0,0.0,3.0,1.5811388300841898,686.8,803.9674744664737
Accumulate,96,0.0,0.0,0.34331322141564724,0.11056947824661859,63.32672189010442,16.668898901705912,125.67544976113697,32.361050559485165,0.9956134842345351,0.03080664016179943,0.13036670893655827,0.03706708838292516,0.8008332723754135,0.026568440363389928,0.24402237499873328,0.016314698020201582,2.3035638945077785,0.6283678577258764,48000.0,0.0,3.0,1.5811388300841898,686.8,803.9674744664737
Accumulate,97,0.0,0.0,0.34266357122438124,0.10930890679869208,63.33373380077605,16.66358405799992,126.9668609525896,32.821054512960586,1.006078427765162,0.03713988907286056,0.1288989204566039,0.02555292041004671,0.8008771334516611,0.026147704282869964,0.2440336073258808,0.016064122918137035,2.302395816920085,0.6273774823877305,48500.0,0.0,3.0,1.5811388300841898,686.8,803.9674744664737
Accumulate,98,0.0,0.0,0.34298758992357403,0.10925255849476055,63.31945124101402,16.64942542620537,126.59033602415214,34.52258855948006,1.0003224078006132,0.03796915798032916,0.1399427574883318,0.043341778421340564,0.8007706006779317,0.025940425228709353,0.24396008649157022,0.015927726520541263,2.301048253899905,0.6248503965962243,49000.0,0.0,3.0,1.5811388300841898,686.8,803.9674744664737
Accumulate,99,0.0,0.0,0.3436591507583839,0.10993475584088142,63.31577031099582,16.65326471085419,126.10224072725119,34.01883391100562,0.9970157528614907,0.03805089455558971,0.12620431466857224,0.025661272190703813,0.8006775613039311,0.026162919541832662,0.2439111856855884,0.01605846315718469,2.300968166538773,0.6229744164263598,49500.0,0.0,3.0,1.5811388300841898,686.8,803.9674744664737
Accumulate,100,0.0,0.0,0.34451742762596443,0.10983385258642422,63.31202672551662,16.677877424435557,125.23206002844708,33.21799045424602,0.9908670491844553,0.04632693843997452,0.13321022362478452,0.020575729686848922,0.8005242259472425,0.02602926743104532,0.24381098461402892,0.015950330477495774,2.3001200710309275,0.6225750768119527,50000.0,0.0,3.0,1.5811388300841898,686.8,803.9674744664737
Accumulate,101,0.0,0.0,0.3451773675587342,0.11137553351998769,63.30633181549537,16.68112272637376,127.05382733071244,33.60279588132508,1.005162831127487,0.04859258366596142,0.1335832216342074,0.033576602769190105,0.800367587369372,0.026326282248873782,0.2437257540707108,0.016121067370420388,2.300928984625884,0.6211402288572974,50500.0,0.0,3.0,1.5811388300841898,686.8,803.9674744664737
Accumulate,102,0.0,0.0,0.34582448427827694,0.11147913507161056,63.296912838840946,16.67499368323911,126.84814784514069,33.63539731603743,1.0034909635479674,0.04348506409084211,0.126125182763439,0.017608756666610437,0.8004318227445886,0.02636153768036164,0.2437670562000906,0.016155895389480767,2.3002119977238844,0.6219823068954894,51000.0,0.0,3.0,1.5811388300841898,686.8,803.9674744664737
Accumulate,103,0.0,0.0,0.34607399340915884,0.11227601963632483,63.29821569442022,16.669290775661683,127.037065868636,34.39079407181443,1.0044456107358417,0.0470485711283515,0.12687667041392614,0.021798835958657604,0.8005044135793534,0.026564370545676244,0.24381921896399256,0.016280351297513016,2.3008725222834294,0.6218415943121517,51500.0,0.0,3.0,1.5811388300841898,686.8,803.9674744664737
Accumulate,104,0.0,0.0,0.3446428576608499,0.11311410261716948,63.306988287072365,16.67063372232246,127.00867889724994,33.395967960901125,1.0050957956294249,0.03660041019807148,0.12955653155484967,0.02992023212073737,0.8006360130574816,0.026781607073170483,0.24390828410924414,0.016416469124284162,2.3004985411257826,0.6199475102975133,52000.0,0.0,3.0,1.5811388300841898,686.8,803.9674744664737
Accumulate,105,0.0,0.0,0.34309657540703914,0.11137495809217217,63.31562479794688,16.683378478574166,125.65928833437663,33.34671876189077,0.9943056449474483,0.038935066120057864,0.14755162395767474,0.032824041692964094,0.8009408220933694,0.027061473069543658,0.24410676916932048,0.016605219455523693,2.2996943851253238,0.6169335555936676,52500.0,0.0,3.0,1.5811388300841898,686.8,803.9674744664737
Accumulate,106,0.0,0.0,0.34291002910479274,0.11203439104978266,63.32834202625433,16.68917064640469,126.47323220395349,34.25458640171237,0.999609710593376,0.04393663977660618,0.1286404507469818,0.03160596658356044,0.8011673986471048,0.027134451267134183,0.24424872583383817,0.016653365929930237,2.299748984784454,0.6169745482807643,53000.0,0.0,3.0,1.5811388300841898,686.8,803.9674744664737
Accumulate,107,0.0,0.0,0.3422577741569561,0.1114015816697415,63.32343858206409,16.681973921438047,126.75366601972594,32.64831862720425,1.0040303615151367,0.03734036465708327,0.13384816761911766,0.03166375833545758,0.80113075957325,0.02724488303305485,0.2442305697093156,0.016720686251608264,2.300349326038335,0.6161626866001253,53500.0,0.0,3.0,1.5811388300841898,686.8,803.9674744664737
Accumulate,108,0.0,0.0,0.34201727782835445,0.1119172923617248,63.323362751385005,16.675675371119137,127.23680044699954,32.946150991951434,1.0077797150081689,0.04081144601137773,0.1322825533290274,0.033458169424686886,0.8012378411470209,0.027278817906166326,0.24429843396578682,0.016757757169181205,2.300483485517694,0.6137872299658051,54000.0,0.0,3.0,1.5811388300841898,686.8,803.9674744664737
Accumulate,109,0.0,0.0,0.34202702045160444,0.11122935996018506,63.31888067615584,16.686795089593502,127.23650883373645,33.560093168751685,1.0070734844175573,0.03940316464234057,0.13671618542033634,0.043286568262943,0.8012670755408454,0.027338995262596123,0.24431822743286094,0.016784668784338274,2.297401473230239,0.6122397902702974,54500.0,0.0,3.0,1.5811388300841898,686.8,803.9674744664737
Accumulate,110,0.0,0.0,0.3424486302955908,0.11213074312132736,63.31388455758183,16.6865406659786,126.21533292274196,33.982430643753915,0.9979947123306949,0.04713650058792442,0.13234391781552912,0.022876997510812676,0.8011412546143584,0.027397785566229797,0.24424320548477474,0.016817605908916622,2.2975124728319405,0.6108411091707708,55000.0,0.0,3.0,1.5811388300841898,686.8,803.9674744664737
Accumulate,111,0.0,0.0,0.34294053855788353,0.1119920572922424,63.314627942599245,16.673964710618264,126.0276871356142,33.330252045653374,0.997294891506934,0.035214376858022256,0.14160584697885087,0.041413914517074955,0.8009804278598814,0.027465300229202717,0.24414674281643128,0.016849060080242294,2.2967620146172054,0.6111211496989001,55500.0,0.0,3.0,1.5811388300841898,686.8,803.9674744664737
Accumulate,112,0.0,0.0,0.3434668787049443,0.1120281689510572,63.31627893344158,16.68065307779716,126.02280075198603,32.753932338018814,0.9979980686895125,0.037055070695431375,0.13401197989716504,0.020699866982343777,0.8008302801543576,0.02746358911777243,0.24405493917012425,0.016853624212577488,2.2954329639763964,0.609626779095561,56000.0,0.0,3.0,1.5811388300841898,686.8,803.9674744664737
Accumulate,113,0.0,0.0,0.34295257025317716,0.11242535361956126,63.32692628494327,16.68138939305838,126.51166727799784,33.04677600044315,1.001913630912798,0.044355037455864714,0.13293332288327572,0.018714064267571703,0.8008839889147493,0.02766334569123427,0.24409582654517464,0.01697659927244003,2.294263554628384,0.6095577937258607,56500.0,0.0,3.0,1.5811388300841898,686.8,803.9674744664737
Accumulate,114,0.0,0.0,0.34311817125087396,0.11282189137576633,63.32213724674942,16.691534650928343,125.34289966982325,32.61038406250242,0.9932365957434952,0.038316424926001555,0.13429587434960952,0.034385045259277214,0.8010501094409642,0.02747935530583147,0.24419099729580013,0.016876329307348635,2.293085517662553,0.6094752527061967,57000.0,0.0,3.0,1.5811388300841898,686.8,803.9674744664737
Accumulate,115,0.0,0.0,0.3435643112511712,0.11301589786822971,63.325494108491554,16.69396725204939,127.18588246935622,32.74563384245475,1.007601970350252,0.03691792793392284,0.1345114051798458,0.03635509709207279,0.8010685016251115,0.02745062552315869,0.24420066595042805,0.016849723959916248,2.2920809564070637,0.6085366256150938,57500.0,0.0,3.0,1.5811388300841898,686.8,803.9674744664737
Accumulate,116,0.0,0.0,0.3434034247029052,0.11258503881129658,63.329416596938884,16.6899503510381,126.79589930798258,33.33681828691102,1.0039533674002201,0.04242794936630414,0.13167581017821195,0.025524268139759367,0.8011042789325586,0.027389832367242004,0.24422065877977137,0.016821290279441643,2.2928094197585795,0.6079874373906381,58000.0,0.0,3.0,1.5811388300841898,686.8,803.9674744664737
Accumulate,117,0.0,0.0,0.343792419690182,0.1135258900221456,63.331783244705875,16.691814079397876,126.82930130239711,33.17709437283608,1.0039541270241366,0.041421706894162844,0.1324141607821542,0.03451535579786854,0.8010967324668494,0.027487982108032712,0.2442203147292148,0.016888979625703494,2.292798810942712,0.6091909889039931,58500.0,0.0,3.0,1.5811388300841898,686.8,803.9674744664737
Accumulate,118,0.0,0.0,0.34468254833316647,0.11456081770814301,63.32377788008919,16.692394875012216,127.40479230729265,34.404631120029286,1.0069508804279756,0.04253378651918272,0.1385691157370074,0.030833667406796945,0.8010161651386495,0.027554761174575247,0.2441738385239594,0.01693509975714664,2.293512515114159,0.6118761863420951,59000.0,0.0,3.0,1.5811388300841898,686.8,803.9674744664737
Accumulate,119,0.0,0.0,0.3447349278486222,0.1163347454762192,63.329491272277075,16.71568196273271,126.3927314507911,34.09018290962655,0.9995913869134327,0.045694203804324596,0.13128202811558176,0.022025415866521927,0.8010321280836312,0.02786839493986942,0.24419647503451153,0.01713275401069717,2.2936702773603344,0.6132287413562898,59500.0,0.0,3.0,1.5811388300841898,686.8,803.9674744664737
Accumulate,120,0.0,0.0,0.34382313859053554,0.11559731198946331,63.3314398793083,16.722066180810852,126.05084652251226,33.413571369342286,0.9974893429687736,0.04066315175534473,0.13680782127954919,0.03599127793802631,0.8007898468615611,0.028189705397260508,0.24406010770908249,0.017313504973553728,2.2932975944330045,0.612784352154379,60000.0,0.0,3.0,1.5811388300841898,686.8,803.9674744664737
Accumulate,121,0.0,0.0,0.34483986084744644,0.11795605471763215,63.33713350586453,16.72363782146303,126.70927708308662,34.096751476995834,1.0017831181642909,0.043420089803957056,0.14004893655269865,0.03998346553085823,0.8007635320904252,0.02822661975248544,0.24404607776625725,0.01734714717819827,2.2927393892078483,0.6136480799230837,60500.0,0.0,3.0,1.5811388300841898,686.8,803.9674744664737
Accumulate,122,0.0,0.0,0.3445888201814298,0.11795116551443423,63.331682281952546,16.69966965495592,125.7984276535821,32.50716287677388,0.9965775289915466,0.04053787883834704,0.13624281726451362,0.033717032727425766,0.8008528535970385,0.02835417719830121,0.24410662006402753,0.017436291226544918,2.2926685804460676,0.6136511166079369,61000.0,0.0,3.0,1.5811388300841898,686.8,803.9674744664737
Accumulate,123,0.0,0.0,0.34449594094350405,0.11828751780239476,63.33668719579263,16.69959522527931,127.04658475092688,33.79501379384803,1.0047784847630967,0.044923917871234384,0.14173444073224903,0.027142902326874573,0.8007853487348529,0.02830003591121554,0.24406283477328722,0.01739941447625603,2.291743311353067,0.6147006134023958,61500.0,0.0,3.0,1.5811388300841898,686.8,803.9674744664737
Accumulate,124,0.0,0.0,0.3445502822009065,0.11816221918808967,63.35494435038153,16.711687003778323,127.51128151182797,34.102633914901084,1.0086415105694335,0.046399879555290624,0.12644691555944215,0.025973279535129037,0.8007775602502953,0.028251756952985208,0.2440561685229503,0.01737128816843501,2.291527270247646,0.6160287204318011,62000.0,0.0,3.0,1.5811388300841898,686.8,803.9674744664737
Accumulate,125,0.0,0.0,0.3454554128216708,0.11894666434844421,63.36168136059168,16.706008953595816,127.0689401200638,33.19163011263529,1.0062185663472334,0.0398050606864445,0.1288865608190637,0.023227432118944173,0.8008696995381952,0.028111194331078254,0.24410723092140052,0.017291097908436658,2.291262545240823,0.6165324204927717,62500.0,0.0,3.0,1.5811388300841898,686.8,803.9674744664737
Accumulate,126,0.0,0.0,0.34526942629838325,0.11837164647005549,63.35664179218304,16.702673286337227,126.80676382372579,34.966045505380016,1.0014927438673058,0.04454178804628941,0.1285118248222265,0.01971642516614198,0.8008581900750636,0.028158587222021015,0.24410217186858843,0.017321393177908796,2.2901276021496324,0.617732375808773,63000.0,0.0,3.0,1.5811388300841898,686.8,803.9674744664737
Accumulate,127,0.0,0.0,0.34484567173340774,0.11674869713853825,63.36141859541061,16.710037243017712,127.85089788211062,34.099319930662745,1.0112964025917013,0.0453022887969792,0.13921920130289905,0.03528737165150249,0.8007729487409485,0.0283744634304034,0.24405821819696838,0.017443793937964917,2.2915684531598486,0.6169728293512482,63500.0,0.0,3.0,1.5811388300841898,686.8,803.9674744664737
Accumulate,128,0.0,0.0,0.3439878637881156,0.11528491488588478,63.363559284894905,16.69639808304284,126.99972478617467,33.47788615933249,1.004990931003455,0.040194443166728426,0.13313097875163826,0.037023633009509185,0.8006136970612868,0.02831372919202974,0.24395751202307275,0.01739435277120481,2.2908239533972967,0.6182034051709318,64000.0,0.0,3.0,1.5811388300841898,686.8,803.9674744664737
Accumulate,129,0.0,0.0,0.3437904630073575,0.11673645095699899,63.35315636646476,16.691580000164457,126.6712484227207,34.98691959309839,1.0004364096020737,0.04665212216982674,0.13770997309276028,0.03900190208423437,0.800634054192245,0.028270543117366334,0.24396844491839267,0.017372124929893654,2.290661239619687,0.61798537790948,64500.0,0.0,3.0,1.5811388300841898,686.8,803.9674744664737
Accumulate,130,0.0,0.0,0.3432923448560449,0.1158720838128023,63.35446152212921,16.687177718528186,127.17591643965473,33.348045826385984,1.0070045025379846,0.037594608827336146,0.13258252457393618,0.022659335318956027,0.800750672559397,0.028129806941972854,0.24403376322741574,0.017278532274965175,2.29133391892723,0.6161884669202125,65000.0,0.0,3.0,1.5811388300841898,686.8,803.9674744664737
Accumulate,131,0.0,0.0,0.3435535359622682,0.1157767853745745,63.34768035831193,16.679427923339833,126.15854784892436,33.09740711800627,0.9986841333351709,0.041857353383760496,0.1317283592898702,0.027300445428088592,0.8006296030034177,0.028008693689846827,0.2439540962028644,0.017193137641440294,2.2891455150345648,0.6154600295831724,65500.0,0.0,3.0,1.5811388300841898,686.8,803.9674744664737
Accumulate,132,0.0,0.0,0.34338323077370925,0.11467208814407907,63.34006978699576,16.67403631189327,127.04200518902431,33.87082480654833,1.0054404115535147,0.0447146250506095,0.13139505551821284,0.03829187918015326,0.8004012948637396,0.028018926247049148,0.2438141303910848,0.01718825563305076,2.286826370059546,0.6149886056036405,66000.0,0.0,3.0,1.5811388300841898,686.8,803.9674744664737
Accumulate,133,0.0,0.0,0.34379228658921346,0.11572408826276465,63.33708914775345,16.677727910899808,126.270779507762,32.543113013425476,1.0002249125327374,0.04497355542908335,0.14717998557322012,0.028073169094708042,0.800300103733203,0.02794910427614098,0.2437490565541462,0.01713917249684107,2.2870734854970367,0.6175451148024171,66500.0,0.0,3.0,1.5811388300841898,686.8,803.9674744664737
Accumulate,134,0.0,0.0,0.3442243771468621,0.11589420957165258,63.33532163031764,16.668613927864804,126.72660410132127,33.37465260361131,1.0031182190228936,0.0467931852173991,0.14153015876564062,0.02999357304183423,0.8001558389435358,0.027827445485190352,0.24365616305645327,0.017069237195324997,2.286398383805499,0.6160121395633926,67000.0,0.0,3.0,1.5811388300841898,686.8,803.9674744664737
Accumulate,135,0.0,0.0,0.34388056130982914,0.1153802562541049,63.34821682419745,16.663684329836446,127.40349002502401,32.88315137948272,1.009528998315078,0.04838288006356007,0.14967687704404997,0.04930397985193413,0.800163359475539,0.027841416947237338,0.2436614922793364,0.01708100953286701,2.285132981912652,0.6164840513996899,67500.0,0.0,3.0,1.5811388300841898,686.8,803.9674744664737
Accumulate,136,0.0,0.0,0.34423169495566364,0.11571154387108132,63.338823401523086,16.65643038858463,127.49393618987281,32.85716535073108,1.0102535990640655,0.03632795963367647,0.13910446320096984,0.04829402221016908,0.8000938569556683,0.02781336606921466,0.24361804096841105,0.017067186383081866,2.283498996765348,0.6159080451189272,68000.0,0.0,3.0,1.5811388300841898,686.8,803.9674744664737
Accumulate,137,0.0,0.0,0.3445867536275548,0.11468763703534833,63.33836049690897,16.64712691486809,127.18692041260462,34.913313238148255,1.0055626447101171,0.05217175269197922,0.14183962798209127,0.034609614199131576,0.8001863969969596,0.027763853270559097,0.2436731768181725,0.017046762831886615,2.281732474230292,0.6159206099441712,68500.0,0.0,3.0,1.5811388300841898,686.8,803.9674744664737
Accumulate,138,0.0,0.0,0.3438896847605062,0.11447659750794963,63.34076835747909,16.64939896547063,126.94261946373656,33.39708140952819,1.0045078238991179,0.0342192201642283,0.12938189219353366,0.03229597761998,0.8002032990454264,0.027809393617056997,0.24368579201968704,0.01708325970512918,2.2809994793046364,0.6160095556383123,69000.0,0.0,3.0,1.5811388300841898,686.8,803.9674744664737
Accumulate,139,0.0,0.0,0.34414692377158007,0.11389758495030264,63.347092391681976,16.656686844911142,126.29817893200725,32.69533903352708,1.000601644906758,0.03795866843892702,0.1293615097833541,0.03123765646571382,0.8002686671208524,0.02777605178250426,0.243724337646334,0.017060788966921855,2.281418974568777,0.6159265228931764,69500.0,0.0,3.0,1.5811388300841898,686.8,803.9674744664737
Accumulate,140,0.0,0.0,0.34398819951125564,0.11523887903534251,63.34569475688879,16.655238736781634,126.39715548173717,34.210211485730895,0.9989200256584206,0.047454877653249884,0.12633470769526642,0.019529794808510106,0.8003448697604453,0.027971110353782937,0.2437792827212128,0.017189339643345458,2.2817725073104373,0.6171803421815923,70000.0,0.0,3.0,1.5811388300841898,686.8,803.9674744664737
Accumulate,141,0.0,0.0,0.34391694911749565,0.11566735383937585,63.33560911580188,16.64826224607267,125.65912278372434,32.636123764892794,0.9951197305551366,0.041894355130281655,0.13235437440059128,0.02573663295655168,0.8003906415510198,0.0280093094892233,0.24380863361528032,0.01720892048716879,2.2814804411751286,0.6176142558298521,70500.0,0.0,3.0,1.5811388300841898,686.8,803.9674744664737
Accumulate,142,0.0,0.0,0.34377729389061173,0.11496277646077793,63.32667126805906,16.630381506802777,126.98977983431007,32.75624236718411,1.006081659860195,0.04027831768687559,0.13393225174614704,0.027271992230701626,0.8003387494347513,0.02797833231290429,0.24377548209380687,0.017187248854149337,2.2806245610936875,0.6174893430281865,71000.0,0.0,3.0,1.5811388300841898,686.8,803.9674744664737
Accumulate,143,0.0,0.0,0.3438509890318445,0.11387318447129191,63.33133127718948,16.633689710675238,126.84968289193066,32.83925565111923,1.0048178144654885,0.038589589887787636,0.12413542243705518,0.022496914696516518,0.8002719724235066,0.027940121964297345,0.24373252006952956,0.01715325692515271,2.2822324365850113,0.6189480097956729,71500.0,0.0,3.0,1.5811388300841898,686.8,803.9674744664737
Accumulate,144,0.0,0.0,0.3444531344348673,0.11420796169567078,63.33909150799961,16.641919959154073,127.65223448389754,33.822455542289504,1.0101618438941191,0.047441720099284164,0.13399906041894097,0.03511819308745466,0.8002909729589881,0.02786426912342885,0.2437408445039076,0.01710203260282403,2.282294710156809,0.619261510618089,72000.0,0.0,3.0,1.5811388300841898,686.8,803.9674744664737
Accumulate,145,0.0,0.0,0.3436861212450847,0.11361732476260693,63.340104288023966,16.64778816981095,127.20441147991994,33.468422171845,1.0068263153932775,0.052156333920973505,0.1222292185653043,0.030666037518617427,0.8004351426706944,0.027841509779513475,0.24382878834697275,0.017099963858045415,2.2818180907217034,0.6192800810735262,72500.0,0.0,3.0,1.5811388300841898,686.8,803.9674744664737
Accumulate,146,0.0,0.0,0.34384441871499055,0.11354964366847665,63.34089562955394,16.650718015852757,126.19763517245914,32.98689360141389,0.9992023133722917,0.03713852427292147,0.13205837051793443,0.029305220057732326,0.8005403477149933,0.02792186602605655,0.24389652319658203,0.017151006280934956,2.2837304955958864,0.6200237656332085,73000.0,0.0,3.0,1.5811388300841898,686.8,803.9674744664737
Accumulate,147,0.0,0.0,0.3436183412991674,0.11242069787106747,63.33537590590682,16.64839375244674,125.89417505786814,32.35751137929637,0.9975403261673794,0.043771555777736705,0.12284885924451286,0.02307873347201114,0.8007087295974197,0.027905745424650373,0.24399923351680086,0.01714551091942536,2.283367019037135,0.620487410977744,73500.0,0.0,3.0,1.5811388300841898,686.8,803.9674744664737
Accumulate,148,0.0,0.0,0.3439520786396905,0.11262874037257198,63.34527129412584,16.650275462680412,126.33948693780602,33.34175862051242,0.9999163072691843,0.04340301757406568,0.14652187475729125,0.022886331093904786,0.800753848753456,0.027975457396742804,0.24402982562650016,0.01719082077783828,2.2849206904007775,0.622093491450147,74000.0,0.0,3.0,1.5811388300841898,686.8,803.9674744664737
Accumulate,149,0.0,0.0,0.34395200584991115,0.11273517605061963,63.340354276476226,16.65132213835735,127.13616942548114,33.483718366535555,1.0065038214262072,0.04437099243832796,0.13375448932269657,0.02537407702174382,0.8007274454520079,0.02789624411403014,0.24401019181204547,0.01713733426454238,2.285520799244002,0.6239268581691234,74500.0,0.0,3.0,1.5811388300841898,686.8,803.9674744664737
Accumulate,150,0.0,0.0,0.3437342946687823,0.11278120599609413,63.34694506658881,16.653961184054538,126.2506729591386,31.66520136262858,1.0016054496414153,0.036765498729620164,0.1328256932051491,0.03225173729153582,0.8009115691047836,0.02789948502272766,0.24412350213518624,0.017145862796398764,2.2863333824282392,0.6250029317806072,75000.0,0.0,3.0,1.5811388300841898,686.8,803.9674744664737
Accumulate,151,0.0,0.0,0.3440368775102832,0.11379051827182178,63.348833299061354,16.66010942813881,127.24185592504406,34.36601384281337,1.0060030193141616,0.04679067263674011,0.1333752896696287,0.02812167479826221,0.800805324120333,0.027972074994891103,0.24406106236250485,0.017185589217363597,2.286193310366029,0.6253520928807821,75500.0,0.0,3.0,1.5811388300841898,686.8,803.9674744664737
Accumulate,152,0.0,0.0,0.34299261008098375,0.11384207852474142,63.341692845765884,16.664912951345762,127.09856017621749,31.80956486589338,1.0082903218936428,0.029360764826516436,0.13243584145431744,0.03379948652228242,0.8007944650750541,0.027892974731907418,0.24405154231108678,0.017143229140276543,2.28578877931202,0.6254139393443896,76000.0,0.0,3.0,1.5811388300841898,686.8,803.9674744664737
Accumulate,153,0.0,0.0,0.3432275056330623,0.11452308210314069,63.342303688756395,16.671759693693517,126.79584116991361,32.644423827963905,1.0052162320952989,0.04749177569862662,0.135910170452691,0.03288500610232897,0.8007314255929522,0.027915759404734758,0.24401419542173838,0.017163964729592994,2.2854582494379883,0.6262849472945745,76500.0,0.0,3.0,1.5811388300841898,686.8,803.9674744664737
Accumulate,154,0.0,0.0,0.3440444830487072,0.11531187572467952,63.34557605220878,16.671638084522638,125.94658032838905,34.087629361081305,0.995654771765891,0.04971732395062876,0.12847978657038134,0.03222381200414198,0.8008236354017682,0.027818801247487458,0.24406756856541983,0.017119217127382517,2.28740866539105,0.6264598046377399,77000.0,0.0,3.0,1.5811388300841898,686.8,803.9674744664737
Accumulate,155,0.0,0.0,0.3440041500181104,0.11589259006842449,63.34483624400929,16.675480242579592,125.64698979218413,33.90758872534145,0.9935181854572734,0.04066433423485039,0.13347632823678696,0.02390788534649744,0.800834032443297,0.028014276497288156,0.24408223656002428,0.017246614081953333,2.2866101289024536,0.6256407936528343,77500.0,0.0,3.0,1.5811388300841898,686.8,803.9674744664737
Accumulate,156,0.0,0.0,0.3437825940393601,0.11563132650639732,63.35017016345796,16.67211803384764,127.42976628143381,32.85626302476462,1.0094964921919698,0.040431973531182865,0.1332992464917409,0.02198628550648797,0.8007380237095021,0.028081438502863817,0.24402619247648208,0.01728894437302974,2.2857190847281634,0.6255876585796426,78000.0,0.0,3.0,1.5811388300841898,686.8,803.9674744664737
Accumulate,157,0.0,0.0,0.3446425483653179,0.11679628258378423,63.346215354067525,16.664599804521277,125.7462319905864,33.23545610409827,0.9949478600683973,0.0409607454563125,0.13998161741476242,0.03063568757452745,0.8006893190332225,0.028059743838708472,0.24399519284239143,0.017270403131870393,2.286670580600637,0.6254814180062186,78500.0,0.0,3.0,1.5811388300841898,686.8,803.9674744664737
Accumulate,158,0.0,0.0,0.34484031047703023,0.11677574514941988,63.35131995230945,16.676738695407373,126.82911465999845,34.09337528398318,1.003343946693213,0.04708319146839374,0.1370208611142944,0.032788388779431576,0.800487000503663,0.028059366016155468,0.24387096198165997,0.017264306134345066,2.2860143139394666,0.6253296980789451,79000.0,0.0,3.0,1.5811388300841898,686.8,803.9674744664737
Accumulate,159,0.0,0.0,0.34453161735983506,0.11647964858162455,63.35511900722728,16.679946482284326,126.7222932251261,33.36560922329437,1.0028044513927992,0.0433133224226443,0.12706186675168013,0.01782698368772449,0.8006738149267185,0.0279623147053119,0.24398208513032635,0.01721698041527551,2.2852493968613894,0.6249958237500745,79500.0,0.0,3.0,1.5811388300841898,686.8,803.9674744664737
Accumulate,160,0.0,0.0,0.34444564447168274,0.1158759402943317,63.348664695399215,16.674999029210987,126.57162667718099,34.06779601558221,1.0009730409877469,0.03988282313338044,0.12066641780534411,0.02004010097206585,0.8005489007241865,0.027960825722310918,0.2439051524111222,0.017209122317527917,2.286598862024378,0.625030139423846,80000.0,0.0,3.0,1.5811388300841898,686.8,803.9674744664737
Accumulate,161,0.0,0.0,0.3454645413926507,0.11690184166293668,63.342263661856464,16.66170999460118,126.59820050478103,34.14650420552977,1.0010395492080748,0.044667418738586664,0.13864999130436834,0.029519348380111884,0.8004740236190703,0.028034364993817618,0.24386204242035658,0.017249694111564996,2.2877505182909874,0.6254712850833086,80500.0,0.0,3.0,1.5811388300841898,686.8,803.9674744664737
Accumulate,162,0.0,0.0,0.34463674446513937,0.11732143656491488,63.34050855286722,16.66851454255359,127.31692488330592,33.05239849812137,1.0081880505603766,0.04175984280106612,0.1341811691175126,0.037312040330524605,0.8005195955287826,0.02796954157317125,0.24388781147186558,0.017219167867140905,2.2892072504708603,0.6265620446464564,81000.0,0.0,3.0,1.5811388300841898,686.8,803.9674744664737
Accumulate,163,0.0,0.0,0.3448334393940912,0.11929154439128208,63.3342857971344,16.65543438782108,126.62299950792897,33.751395897215026,1.002228596315046,0.0499205378958521,0.13288103277758187,0.027164904886456866,0.8006805529182138,0.027912139954690288,0.24398519551871165,0.017205207051728896,2.2890653216804586,0.6276357014778564,81500.0,0.0,3.0,1.5811388300841898,686.8,803.9674744664737
Accumulate,164,0.0,0.0,0.34492969017037545,0.11908232971675195,63.32546433357677,16.64080267150812,126.60912228152047,33.05648022310899,1.0023606351463057,0.0372254054342285,0.1391958673117739,0.02901200017208864,0.8005601388562897,0.027867674775196166,0.24390961844336617,0.01717731798650793,2.289475055316139,0.6287261802398288,82000.0,0.0,3.0,1.5811388300841898,686.8,803.9674744664737
Accumulate,165,0.0,0.0,0.34508391383346504,0.11854214393702939,63.32711868770561,16.63744489693477,126.7357873473504,34.02532006191794,1.0025930219700012,0.042657067397998606,0.12984040275782308,0.037903019396208215,0.800621421507028,0.027874725138085754,0.24394757794774108,0.01718437705918561,2.289804445989411,0.6278818907029379,82500.0,0.0,3.0,1.5811388300841898,686.8,803.9674744664737
Accumulate,166,0.0,0.0,0.3463468913511344,0.11977864220916658,63.32138462743469,16.637701613662006,126.13099185205074,33.59353959165744,0.9977585567173233,0.0360693090340146,0.14250919800497097,0.03457691597813441,0.8005135418584526,0.02792365761390894,0.24388325449265227,0.017209913253497522,2.2904755148285925,0.6275782611477234,83000.0,0.0,3.0,1.5811388300841898,686.8,803.9674744664737
Accumulate,167,0.0,0.0,0.34658266143451316,0.12013208428140087,63.318342359083246,16.633623812724736,126.97573124510129,33.284933682948726,1.0053051409662603,0.03446528333878751,0.12553442022175904,0.019969599446660387,0.8004117496845493,0.02810194473820766,0.2438277850057311,0.017312121560358173,2.289905856792996,0.6272353773019465,83500.0,0.0,3.0,1.5811388300841898,686.8,803.9674744664737
Accumulate,168,0.0,0.0,0.3466920639256353,0.12115407017968124,63.32360143403457,16.637749937675586,126.97043130637044,34.3356977630904,1.003973292385505,0.05103542659077893,0.12375183274990428,0.01834451243565652,0.8004885140376382,0.0281554106267796,0.24387711221689362,0.017347866383242545,2.290421864443293,0.6286802238889102,84000.0,0.0,3.0,1.5811388300841898,686.8,803.9674744664737
Accumulate,169,0.0,0.0,0.34667476190602176,0.12047030166397966,63.32066375275267,16.635982178039836,126.9360772318093,32.03242361838221,1.0068665980487501,0.043635337892143515,0.13329511418228143,0.03508804261784738,0.8004418850826547,0.028246130832730025,0.2438522862022622,0.017403850592130076,2.290373245435098,0.6288823299963463,84500.0,0.0,3.0,1.5811388300841898,686.8,803.9674744664737
Accumulate,170,0.0,0.0,0.3469551732477035,0.1207519795725107,63.310437341898094,16.625959382994413,125.68508520612436,33.12514512669765,0.9945092791685765,0.03303131624322684,0.12106030653971196,0.02469910799342126,0.8004279814479338,0.02817976255596572,0.2438407342559322,0.017356974039931694,2.2907163368431456,0.6294784687037943,85000.0,0.0,3.0,1.5811388300841898,686.8,803.9674744664737
Accumulate,171,0.0,0.0,0.3473392822156849,0.12102687802487772,63.30477423669015,16.62165431711406,126.8560112158328,33.684996494729766,1.0036093044705452,0.04478444313887554,0.1280811531973715,0.030235106065643582,0.8004037328632109,0.02812854336051568,0.24382378120942372,0.01732511275560384,2.290511850952086,0.6300276547263397,85500.0,0.0,3.0,1.5811388300841898,686.8,803.9674744664737
Accumulate,172,0.0,0.0,0.34700798132983957,0.12133045724163641,63.30520507285161,16.61867199577526,125.76227269299477,33.72954818693198,0.9946697593253641,0.04201213027953618,0.13383678280913489,0.03361438707565438,0.8003033913051869,0.02821736846890129,0.24376595632628012,0.01737894465222275,2.288604586483764,0.6295343558525953,86000.0,0.0,3.0,1.5811388300841898,686.8,803.9674744664737
Accumulate,173,0.0,0.0,0.34771734776433805,0.12223655249446391,63.30918341769723,16.62724094849102,127.99565801775921,34.85478060068745,1.0114553951167307,0.04957025585818457,0.12551234838612768,0.03670248960559174,0.8002160056480048,0.02815685827705269,0.24371001990147848,0.0173417507429143,2.288800820745501,0.6306990273492098,86500.0,0.0,3.0,1.5811388300841898,686.8,803.9674744664737
Accumulate,174,0.0,0.0,0.3477163961151882,0.12204005811138015,63.32033811648928,16.630749271813627,126.80232007636073,32.829388342950175,1.0050023397231098,0.040387541335851006,0.12995064503203632,0.031714750021789036,0.8001484794423867,0.02813711128301595,0.2436677527135839,0.01732668173571543,2.289013338359509,0.6303822697804127,87000.0,0.0,3.0,1.5811388300841898,686.8,803.9674744664737
Accumulate,175,0.0,0.0,0.34770312591780056,0.12265265394038695,63.33045436827299,16.636147677359695,125.97328930898098,31.671128018721397,0.9989302844140149,0.043814824567356817,0.1319651077216806,0.028402422223138366,0.8000568498801984,0.028212951854572694,0.24361472931436676,0.017371791379141167,2.289028181375031,0.6295392914535894,87500.0,0.0,3.0,1.5811388300841898,686.8,803.9674744664737
Accumulate,176,0.0,0.0,0.3474924119571214,0.1218440594510057,63.334513758224354,16.63783321057531,126.01909010216555,34.58573332817571,0.9959865839305554,0.04368931059062455,0.13534974676000028,0.03438257375312976,0.8001499218800164,0.028142619920322402,0.24366900736308575,0.017332820757663004,2.28975364256502,0.6299553687669257,88000.0,0.0,3.0,1.5811388300841898,686.8,803.9674744664737
Accumulate,177,0.0,0.0,0.34721685062392016,0.12197136054275337,63.32433078703873,16.630119360691268,126.82532137776852,33.988839352110226,1.0034978428803947,0.04559165736594133,0.14054452067402207,0.030977680828393125,0.8001615161429022,0.02809834661785129,0.24367407007940867,0.01730137616277611,2.2892316704735824,0.6297687969964606,88500.0,0.0,3.0,1.5811388300841898,686.8,803.9674744664737
Accumulate,178,0.0,0.0,0.3472968180615355,0.12253515383361469,63.31579933591722,16.63005981383108,126.83445504326092,33.057723807029625,1.004902856772159,0.048696077931911365,0.14257413752958115,0.03282973646139541,0.8001495813242471,0.02795602607726313,0.24366120269616273,0.017217797070380986,2.2893126918101068,0.6303239428512353,89000.0,0.0,3.0,1.5811388300841898,686.8,803.9674744664737
Accumulate,179,0.0,0.0,0.3470289744091785,0.12319669292537268,63.32054424758203,16.62702808681923,127.0408902064025,33.13502705837032,1.0059517995663714,0.03669790289857159,0.12581327072567666,0.028087525758728683,0.8001724268167154,0.027817937500652302,0.2436697727691194,0.017136202355934656,2.2892530742191974,0.6308954935393446,89500.0,0.0,3.0,1.5811388300841898,686.8,803.9674744664737
Accumulate,180,0.0,0.0,0.34710584184767823,0.12223230630808866,63.31994569257515,16.630115437799112,126.26138057346091,33.1026710460257,0.9995843251724075,0.04182183862868409,0.1359833783764636,0.032530761982191445,0.8001055718108547,0.027752340852279664,0.24362593636316113,0.017090014584221054,2.288851948610336,0.6324440211272059,90000.0,0.0,3.0,1.5811388300841898,686.8,803.9674744664737
Accumulate,181,0.0,0.0,0.34719268408652665,0.12295824570435414,63.31625583858935,16.631850527619832,126.36398744886503,32.58662787534804,1.0010222951574248,0.028858493156382038,0.13739471618933372,0.03240146395761786,0.8000431802387784,0.027811684760855514,0.243590268482137,0.017128292529886634,2.288383258870929,0.6332017832723916,90500.0,0.0,3.0,1.5811388300841898,686.8,803.9674744664737
Accumulate,182,0.0,0.0,0.3474512413307457,0.12418338307263328,63.32684321806888,16.63971088709902,127.17466731676578,35.20324089938699,1.0043286382647658,0.05260660877540175,0.1390397955848635,0.03669076092051001,0.8000081757690601,0.027956823454796272,0.24357473082041636,0.017217608005325395,2.288431257548045,0.6337274901621902,91000.0,0.0,3.0,1.5811388300841898,686.8,803.9674744664737
Accumulate,183,0.0,0.0,0.34755616686439067,0.12293421248574758,63.32562825727293,16.639528252309564,127.97880694841922,33.92029302811598,1.0127521188649828,0.04017903505544413,0.13955339125433083,0.037384927591723405,0.7999400931097572,0.027864628834136106,0.2435290413094126,0.017154399125503667,2.28882950965913,0.6344912296622148,91500.0,0.0,3.0,1.5811388300841898,686.8,803.9674744664737
Accumulate,184,0.0,0.0,0.3477670030817018,0.12332056852985951,63.33011517890562,16.638969187049018,127.40028534014814,34.956190730611304,1.0067392758162366,0.04915168148286108,0.1349456996057979,0.02911588926006767,0.7999471980895748,0.027913579882284916,0.2435353369912682,0.0171840717512599,2.2883485261497247,0.6350518424364017,92000.0,0.0,3.0,1.5811388300841898,686.8,803.9674744664737
Accumulate,185,0.0,0.0,0.3475516531986757,0.12335846510347442,63.330313130254886,16.641213557792028,126.66035277932046,32.679214500228184,1.0034943543388413,0.03122312066208638,0.12808442629539465,0.02271858681414981,0.7999065520505362,0.027820588074443847,0.24350686739371796,0.017129227905643793,2.288684351018895,0.6343585473798721,92500.0,0.0,3.0,1.5811388300841898,686.8,803.9674744664737
Accumulate,186,0.0,0.0,0.3473737830616718,0.12338523006417144,63.333649709543565,16.636951185711162,125.37030063027926,33.63843370838742,0.9913097425855266,0.03561663828207418,0.1350154759535097,0.03523755067878639,0.7998359581759453,0.02779270015439763,0.24346240359455176,0.0171082652010896,2.289167688215127,0.6342621143563922,93000.0,0.0,3.0,1.5811388300841898,686.8,803.9674744664737
Accumulate,187,0.0,0.0,0.34749308277470836,0.1237739164399894,63.339285965849015,16.644020608702142,125.86070169631064,32.57097122613558,0.9972975467990342,0.03745495661788487,0.14175062589320908,0.04004764154579032,0.7996980994279144,0.02780326670848776,0.24337779043395713,0.017099276975551157,2.288797755289166,0.634247063860593,93500.0,0.0,3.0,1.5811388300841898,686.8,803.9674744664737
Accumulate,188,0.0,0.0,0.3473134632377316,0.12326706168748218,63.33715911129154,16.643683944951967,127.24345969709584,33.77641077554713,1.0066591571045822,0.04113421355101818,0.1285993056164787,0.019359580364268464,0.799614888649416,0.027808993555943285,0.24332641234817726,0.017087821537774044,2.289609385807563,0.6346399214231255,94000.0,0.0,3.0,1.5811388300841898,686.8,803.9674744664737
Accumulate,189,0.0,0.0,0.34730966579997535,0.12377925661561191,63.33949649742199,16.650667656174825,126.43384504649191,33.66828010119688,1.0003577793290575,0.03743515404844883,0.1327977857877143,0.03840814822897639,0.7995842334655968,0.027794125345016477,0.24330710936511676,0.01707891442174063,2.2893917428319495,0.6352767632637485,94500.0,0.0,3.0,1.5811388300841898,686.8,803.9674744664737
Accumulate,190,0.0,0.0,0.3470302506075989,0.12386711716051388,63.33654649008942,16.648820336702947,126.40412503005943,34.12490602089011,0.9993508282392414,0.04037674728388089,0.1303956194178372,0.025211679892923968,0.799386106443582,0.02789614052767834,0.24318986319426478,0.017133939478436118,2.2896663214326645,0.634710347725576,95000.0,0.0,3.0,1.5811388300841898,686.8,803.9674744664737
Accumulate,191,0.0,0.0,0.3465733435986883,0.1240162102410679,63.33458719328426,16.641246663647255,126.83069433305097,33.55354705849889,1.0033895531226718,0.03901841750117316,0.11795805660281347,0.021916752632373134,0.799425246337405,0.027863862131408897,0.24321274815314653,0.017119728796619185,2.2898723641083634,0.6340513544536333,95500.0,0.0,3.0,1.5811388300841898,686.8,803.9674744664737
Accumulate,192,0.0,0.0,0.34659095004804535,0.12438632449869141,63.33662179794088,16.645413876753047,127.06678827287078,31.999175206924516,1.0077017932310126,0.033009405253258566,0.13286884244834563,0.03496192556114479,0.7995153496684724,0.027785129666022035,0.24326453264050577,0.01707034304739725,2.2900620989600786,0.6348382737604539,96000.0,0.0,3.0,1.5811388300841898,686.8,803.9674744664737
Accumulate,193,0.0,0.0,0.3469668538465406,0.12522698930940113,63.33790002863918,16.63974740863278,125.63814718170804,32.40326822156387,0.9955931200157793,0.03720504510214099,0.13034564945789645,0.02996184166623465,0.7995513061126804,0.027839982267283465,0.24328877038891167,0.01710567685249186,2.289425514331003,0.6350203543275306,96500.0,0.0,3.0,1.5811388300841898,686.8,803.9674744664737
Accumulate,194,0.0,0.0,0.3473942344046338,0.12590194238485727,63.33866436627325,16.64680047382341,126.28800781739298,32.136973863969615,1.001113257126193,0.02835274846732086,0.1330933348925744,0.030851839587182992,0.799525666310952,0.027771107178237473,0.2432702888579914,0.017062110878539767,2.2892624086227236,0.6346646495702658,97000.0,0.0,3.0,1.5811388300841898,686.8,803.9674744664737
Accumulate,195,0.0,0.0,0.34762421549557654,0.1264274663650515,63.33958734523286,16.638264020612283,126.91698193204874,33.10506411303576,1.0050788795578787,0.04281226485047438,0.13376044300275053,0.026824901437794185,0.7995487118577864,0.027738530389463615,0.24328291539531754,0.017039470182299902,2.289450879930402,0.6346609297146222,97500.0,0.0,3.0,1.5811388300841898,686.8,803.9674744664737
Accumulate,196,0.0,0.0,0.34735631834911107,0.12634368052306644,63.342669956243334,16.636741031087787,126.20831474986119,33.130670520132014,0.9994126192884213,0.04565877032043567,0.1296122790306563,0.022184881841720187,0.7994812571344995,0.02781082346394832,0.2432444689178493,0.017080777263475216,2.2888491273606166,0.6344061285200694,98000.0,0.0,3.0,1.5811388300841898,686.8,803.9674744664737
Accumulate,197,0.0,0.0,0.34689237370456716,0.12547492239852032,63.345032405537054,16.638158251571447,127.14300493362589,33.695582507470576,1.0060487005678609,0.03473234680867273,0.13146708231335555,0.025645065131797363,0.7995280006477169,0.027820593290575853,0.24327343664021522,0.01708756656835533,2.2889918402033302,0.6365362791197847,98500.0,0.0,3.0,1.5811388300841898,686.8,803.9674744664737
Accumulate,198,0.0,0.0,0.3471706019508932,0.12547447237846784,63.34543251229984,16.633795875455775,125.27099182429963,31.69144288105835,0.993694507908663,0.03684728739077595,0.13035982551552863,0.03234709562711574,0.7995861561089681,0.027896430686712586,0.24331230893983152,0.01714019703982475,2.289192421129566,0.6370397149282017,99000.0,0.0,3.0,1.5811388300841898,686.8,803.9674744664737
Accumulate,199,0.0,0.0,0.34777177450021224,0.1258526965771336,63.34759237954663,16.628661135044755,127.28047215980641,33.803387422692374,1.007254552760584,0.04631179826368993,0.13001367735153566,0.019273341489761755,0.7996329740350736,0.02796740182758709,0.2433442157545061,0.01719242811966363,2.289564048284101,0.6379350114386466,99500.0,0.0,3.0,1.5811388300841898,686.8,803.9674744664737
Accumulate,200,0.0,0.0,0.3480055502490636,0.12596760311262795,63.34564547582005,16.629073627058606,126.22185385956884,32.01789058428098,1.0009615522580702,0.04058657850216723,0.13649583954777084,0.017545006617713757,0.7996503406908142,0.02804557306249911,0.2433584048089214,0.017248398798955237,2.2894976536915315,0.637674346835029,100000.0,0.0,3.0,1.5811388300841898,686.8,803.9674744664737
Accumulate + Select,0,1.0,0.0,0.2915999999997966,6.822220551967122e-14,62.77201873058,15.215228969247487,125.4932389464266,31.292979963948206,0.9954400911311175,0.01584923088189469,0.0726992907412797,0.010067658807811476,0.7219280948873623,0.0,0.2,0.0,1.7999999999993719,2.1047292916485777e-13,,,3.0,1.5811388300841898,686.8,803.9674744664737
Accumulate + Select,1,1.0,0.0,3.0166876258159183,2.1596864309755506,40.11364325273837,13.335317030831975,80.2914303902039,26.836666662707593,0.6529241261490232,0.23205728832140637,0.6398810861055952,0.19138931313536223,0.6128792740946232,0.3364784346240023,0.19266557772708365,0.15120329518161338,2.2747535062110704,1.374303318089009,500.0,0.0,3.0,1.5811388300841898,686.8,803.9674744664737
Accumulate + Select,2,1.0,0.0,4.314115686133366,3.0324523763909643,33.22311039899351,14.281679086589964,66.52974820808568,28.116517660553484,0.5488967230367359,0.2707428773806801,0.7987843996289893,0.2658410329096576,0.7778252580759619,0.39582896049532884,0.3116448823895087,0.17782228345427872,1.6735156026688913,1.4898354741077673,1000.0,0.0,3.0,1.5811388300841898,686.8,803.9674744664737
Accumulate + Select,3,1.0,0.0,5.524973563744364,3.976515615794435,28.57906818841302,13.876167199712764,57.48877736861469,27.69076756479455,0.47430616252198937,0.26235557417983957,0.9222327190888748,0.28575768033411075,0.7543002501911442,0.3957145101500871,0.2959505068821715,0.1808694143627555,1.750760367863918,1.4205692198999258,1500.0,0.0,3.0,1.5811388300841898,686.8,803.9674744664737
Accumulate + Select,4,1.0,0.0,6.694308637687077,4.977540742127367,25.50089750139643,13.540235340334569,50.987929512383985,26.98626265944094,0.422076040997782,0.25676507638477225,1.0488479736148415,0.3086804123546299,0.7451485500548223,0.4056289044204567,0.2926304338300831,0.18349783454848076,1.7917947259449623,1.451456844778356,2000.0,0.0,3.0,1.5811388300841898,686.8,803.9674744664737
Accumulate + Select,5,1.0,0.0,7.814021221954684,6.000616470673573,23.226175717059697,13.268870267106397,46.28127507578039,26.27522532497033,0.3843329720690787,0.2507614573211081,1.188084737988821,0.2925374329393382,0.715652497241349,0.4025224234669321,0.2658236774262218,0.1734632719806002,1.850577700242948,1.4653728214247352,2500.0,0.0,3.0,1.5811388300841898,686.8,803.9674744664737
Accumulate + Select,6,1.0,0.0,8.866114470967805,6.978054715846831,21.58669619049763,13.178868050282484,43.192257151084995,26.716571642160975,0.3581064132352375,0.25267643387159094,1.2127651900609966,0.3147526020939166,0.6804753849475034,0.39322798417188637,0.235605956868363,0.1574716977410307,1.9004443142761223,1.491317031938974,3000.0,0.0,3.0,1.5811388300841898,686.8,803.9674744664737
Accumulate + Select,7,1.0,0.0,9.833266758783443,7.817811139330397,20.323571835194663,13.124966142337593,40.35038951582226,26.069424838936527,0.3351151749861975,0.24660963976703992,1.2276912173621461,0.3688766814888094,0.6495963253301962,0.38520956433668907,0.21380856822454267,0.14641383146358106,1.94397229089862,1.5159952342391336,3500.0,0.0,3.0,1.5811388300841898,686.8,803.9674744664737
Accumulate + Select,8,1.0,0.0,10.727031843220479,8.536475696196405,19.323460562695765,13.14935803766983,38.77366947064162,26.56910100395009,0.32287943535317926,0.2522225601211016,1.274885949436459,0.33479914525482973,0.6292763025583531,0.38403523493035574,0.20229955971166919,0.14240558533771386,1.9798985979302721,1.5607862318607166,4000.0,0.0,3.0,1.5811388300841898,686.8,803.9674744664737
Accumulate + Select,9,1.0,0.0,11.58387468899478,9.131809191769907,18.506679207563046,13.186189394932212,36.65613664756974,26.196832947119432,0.3061743373886535,0.249503665944288,1.3528266473629242,0.3451374562567891,0.6109383108463945,0.3832977255309182,0.19260819488484057,0.13919423723159835,2.021149505949514,1.6084087889656646,4500.0,0.0,3.0,1.5811388300841898,686.8,803.9674744664737
Accumulate + Select,10,1.0,0.0,12.432097077996316,9.634816134150665,17.836520610620877,13.244330342206442,35.374346140547985,26.34461876303997,0.2958452642505762,0.2513006482024333,1.414863326593974,0.3224353399840848,0.5894123927661639,0.3787393163907804,0.18068849517269006,0.13319680838535441,2.074434320921057,1.6455261414868638,5000.0,0.0,3.0,1.5811388300841898,686.8,803.9674744664737
Accumulate + Select,11,1.0,0.0,13.226592154066969,10.069070972336375,17.263872025419325,13.303185244120126,34.68760703151803,26.687438168077293,0.2913604753583741,0.25540217878556026,1.4277990798656544,0.3162652181931975,0.5732808572793179,0.37724200754239356,0.17277670497408876,0.1300087780182085,2.1284457387476436,1.6896854797281537,5500.0,0.0,3.0,1.5811388300841898,686.8,803.9674744664737
Accumulate + Select,12,1.0,0.0,14.072210285542976,10.481526282195954,16.85183890010246,13.52108559681407,33.7493067373526,27.152102914063136,0.2847823412676467,0.2610494524473027,1.4824326383982576,0.29266656217765386,0.5603970763828426,0.3773903637018917,0.1671117185969357,0.12851615894370036,2.189963352356989,1.7329885013041846,6000.0,0.0,3.0,1.5811388300841898,686.8,803.9674744664737
Accumulate + Select,13,1.0,0.0,14.874682291030371,10.850468192410148,16.48012529355415,13.705650868330622,32.77156444019752,27.026213012674827,0.27652526743023875,0.2592092360574746,1.4975680375860576,0.23414293066682887,0.5491814214109436,0.37740004584541526,0.16217290832360787,0.1267936964567606,2.2509588467566997,1.7781248350442649,6500.0,0.0,3.0,1.5811388300841898,686.8,803.9674744664737
Accumulate + Select,14,1.0,0.0,15.698108071099796,11.22459324802418,16.19793898434836,13.995161503519489,32.16636647297367,27.820081051496143,0.27245441459878605,0.26760245067604327,1.532935850809121,0.2999743902680607,0.5380959863477373,0.3758872695779568,0.1569750926671533,0.12404708546398548,2.319191914596833,1.8269625340417603,7000.0,0.0,3.0,1.5811388300841898,686.8,803.9674744664737
Accumulate + Select,15,1.0,0.0,16.538051090752873,11.634799008125102,15.990762289115077,14.338038255960209,32.157336246044686,28.105597431312198,0.2728336171850945,0.2705677210718703,1.5414957890269654,0.22736896693107952,0.5279781682654167,0.3739374028827411,0.15222026071791722,0.12125350677132325,2.3916862831340047,1.8805638132062061,7500.0,0.0,3.0,1.5811388300841898,686.8,803.9674744664737
Accumulate + Select,16,1.0,0.0,17.373443374507257,12.092615601146242,15.807682829890487,14.666460654040998,31.856001907220424,29.621350864129813,0.27178735388964975,0.2854710406867658,1.5918199349068494,0.23222896633782014,0.5199236216356709,0.3728496881684015,0.1486557206461579,0.11939129736944763,2.4657022869608687,1.9383154148597006,8000.0,0.0,3.0,1.5811388300841898,686.8,803.9674744664737
Accumulate + Select,17,1.0,0.0,18.26417417280893,12.640084547104994,15.688648139240929,15.07206990824146,31.368009120999535,29.908666191524397,0.268162996108474,0.2882228851701636,1.6369856508186111,0.2201489501035445,0.5137342548876703,0.37273138499484315,0.14614542689327342,0.11841925248531382,2.541713575494301,2.0017985601782726,8500.0,0.0,3.0,1.5811388300841898,686.8,803.9674744664737
Accumulate + Select,18,1.0,0.0,19.156637666411612,13.271372666542002,15.617163022099586,15.54579100589144,31.29186128282098,31.308849220301216,0.26850584783255665,0.3016158310957378,1.6742876679556005,0.30048706943534964,0.509192403624163,0.3737967801963544,0.14458379349562192,0.11830377595659265,2.61913181214394,2.0734862468491313,9000.0,0.0,3.0,1.5811388300841898,686.8,803.9674744664737
Accumulate + Select,19,1.0,0.0,20.05240904300517,13.997141084234704,15.574335215344693,16.036211552622532,31.328413533710812,32.444376157200345,0.2697291088022743,0.3125423164511177,1.6898371108707042,0.24426593283134926,0.5063586573020309,0.37573567637081,0.14391028273648784,0.11890971361892688,2.6954311382644605,2.1494333002670025,9500.0,0.0,3.0,1.5811388300841898,686.8,803.9674744664737
Accumulate + Select,20,1.0,0.0,20.960600071201178,14.827841193648398,15.557444297921043,16.54220865797906,30.96612803310194,32.82137340815644,0.26693835219561424,0.315966142211528,1.6772240385596233,0.26775865848789987,0.5046771177899283,0.37855092701927334,0.14388762938992514,0.1201061749582253,2.7727298560257876,2.233011734917338,10000.0,0.0,3.0,1.5811388300841898,686.8,803.9674744664737
Accumulate + Select,21,1.0,0.0,21.862210645564435,15.737577064863508,15.527178893990273,16.992348719358546,31.035217991051006,34.00786878069199,0.268285340430736,0.3271928585252981,1.7803362380464107,0.21147974874306888,0.5038363071778761,0.3815153049905252,0.14426136232195216,0.12159376674573869,2.8473465648553593,2.3186285097552632,10500.0,0.0,3.0,1.5811388300841898,686.8,803.9674744664737
Accumulate + Select,22,1.0,0.0,22.80226947669546,16.776840502918752,15.545422537139652,17.514406243785377,31.12293589826583,34.845693521478864,0.26932090151692933,0.3351125567604913,1.817743897054422,0.2849844044133489,0.5033598736597755,0.3845830339065381,0.14484829548545633,0.12332730010351894,2.92332417054596,2.4101473508672067,11000.0,0.0,3.0,1.5811388300841898,686.8,803.9674744664737
Accumulate + Select,23,1.0,0.0,23.706184911115567,17.842673690719973,15.52530159937867,17.927452587599443,31.077820409980013,36.041096264967656,0.27048565563547405,0.3464704320743496,1.7607208317809295,0.25775820533653904,0.5046922618213838,0.38923305086555093,0.14664569371077926,0.12652640183322078,2.99483761198766,2.500616914950031,11500.0,0.0,3.0,1.5811388300841898,686.8,803.9674744664737
Accumulate + Select,24,1.0,0.0,24.57607697966724,18.92979456647111,15.47069439134574,18.250164074876018,30.321796956582112,35.437456318701415,0.2635173579847453,0.34042488555533956,1.7619795749330642,0.2985451075165869,0.5079829580771207,0.39525950370432794,0.1495855511100877,0.13063672765200082,3.061746035956326,2.5941490734042802,12000.0,0.0,3.0,1.5811388300841898,686.8,803.9674744664737
Accumulate + Select,25,1.0,0.0,25.387163813144447,19.97955348869025,15.388856580087866,18.48789635927488,30.973486879202216,37.30997951062248,0.2698493723751078,0.3582517336011735,1.8795864452716646,0.35653595012019496,0.5115034757879553,0.40128834770030714,0.15279140680640227,0.13510316127016747,3.1223255668066185,2.6819336290980633,12500.0,0.0,3.0,1.5811388300841898,686.8,803.9674744664737
Accumulate + Select,26,1.0,0.0,26.152563330905274,20.992315399562774,15.273383942609447,18.63011048194375,30.50417598490849,37.318994592206074,0.26648087756444,0.3582467957649607,1.8773166018263485,0.2946003816489825,0.515219913564634,0.4072017812898482,0.15616591792458345,0.13963415865035766,3.1767618559036057,2.7656114303029833,13000.0,0.0,3.0,1.5811388300841898,686.8,803.9674744664737
Accumulate + Select,27,1.0,0.0,26.86323666720679,21.95809822985373,15.131795122595378,18.697024757360797,30.28326320180105,37.432923049204625,0.26472971046080523,0.3590902012426872,1.826871369287613,0.21948446574008698,0.5195857247937881,0.41315665940827645,0.15970850146373589,0.14364578503993494,3.223462819102857,2.8463581083577165,13500.0,0.0,3.0,1.5811388300841898,686.8,803.9674744664737
Accumulate + Select,28,1.0,0.0,27.516973070103205,22.84911534474594,14.967179891463195,18.69216392269111,29.91809377733386,37.10315323617714,0.26165956814214464,0.35601996378511913,1.8475622228282482,0.28613881171594535,0.5255116034256508,0.420609470571106,0.16459441788479104,0.14911481011365615,3.264082912249395,2.9206413512479714,14000.0,0.0,3.0,1.5811388300841898,686.8,803.9674744664737
Accumulate + Select,29,1.0,0.0,28.09438843043507,23.625572144292782,14.786213010505076,18.631936468672883,29.786960568393766,37.83878716928249,0.2608811333473545,0.3627436934822042,1.9098777284656543,0.3909489448506435,0.5357128644463471,0.43286566305509583,0.17406193576173506,0.16043618803491833,3.299502003750417,2.9882718465142037,14500.0,0.0,3.0,1.5811388300841898,686.8,803.9674744664737
Accumulate + Select,30,1.0,0.0,28.647268511526875,24.379095048469054,14.608361191307356,18.55959953935009,29.2132178520435,37.07161178126994,0.2558224369324523,0.35535439017919235,1.8346653934183916,0.26199556770984644,0.5411687600421862,0.4405319152952673,0.18122350891432454,0.1705603601409275,3.3312242054940606,3.0504483378952796,15000.0,0.0,3.0,1.5811388300841898,686.8,803.9674744664737
Accumulate + Select,31,1.0,0.0,29.128920496607954,25.020410897141506,14.411322235541661,18.437364928802662,28.888602104152056,37.29482860172334,0.2536065190020587,0.35739727415488004,1.893160171411991,0.2856133663540066,0.5417482634245232,0.44253718351473736,0.1830753643428752,0.17378116722575096,3.357980770952858,3.1045827819193508,15500.0,0.0,3.0,1.5811388300841898,686.8,803.9674744664737
Accumulate + Select,32,1.0,0.0,29.603631243009183,25.672131278847598,14.2241381631963,18.323525271289554,28.251247277523085,36.51243307152147,0.24785847149579848,0.3497970039096712,2.007240153271674,0.33126355916428557,0.5414381862563593,0.4431986667535622,0.18355226968444982,0.1749843369357458,3.3830227277136373,3.1573377603767305,16000.0,0.0,3.0,1.5811388300841898,686.8,803.9674744664737
Accumulate + Select,33,1.0,0.0,30.032021369735826,26.249687831756134,14.024797068032793,18.165368894669665,28.571755831511428,37.45489046730288,0.25085701629794327,0.3587334643573844,1.8387523644405417,0.23032941326669315,0.54135519321093,0.44286434511823175,0.1836356933827304,0.17534689984284768,3.4116992824658587,3.2179142395000904,16500.0,0.0,3.0,1.5811388300841898,686.8,803.9674744664737
Accumulate + Select,34,1.0,0.0,30.419378744985103,26.766757431580267,13.838534493081365,18.023150911559377,27.699300330486885,36.36022353458303,0.24325239435803106,0.34822181483524905,2.0116074282279,0.35447760660395383,0.7127021738568048,0.41316126264658964,0.27751583137999364,0.19140969167982474,3.092378399329608,2.6576641956570963,17000.0,0.0,3.0,1.5811388300841898,686.8,803.9674744664737
Accumulate + Select,35,1.0,0.0,30.743390191477516,27.16683950043156,13.61847689857377,17.79754150483641,27.014396777033927,35.55998893746689,0.23750970985731054,0.3404916491996596,1.9048155313772583,0.2893623365061067,0.7116421649522303,0.4127475380375516,0.2744420299492946,0.18798025253609224,3.0452313927368877,2.5877177009561074,17500.0,0.0,3.0,1.5811388300841898,686.8,803.9674744664737
Accumulate + Select,36,1.0,0.0,31.029890309778956,27.504695386538966,13.395490595916883,17.550151516194088,26.787850211001523,35.21928605928309,0.23548465353056808,0.3372309935556852,1.9551033736725294,0.3034634179997047,0.7106187373452315,0.4122847716372063,0.2725068331201818,0.18614728288860458,2.9977080944790067,2.5207175749700332,18000.0,0.0,3.0,1.5811388300841898,686.8,803.9674744664737
Accumulate + Select,37,1.0,0.0,31.285551399647325,27.795835494650422,13.186990851059184,17.326379397210246,26.379711740048908,34.791874615954455,0.23193361409222574,0.3331187346517147,1.9980998182278433,0.3177080383951877,0.7096345599612583,0.41187243835188425,0.2716311542411951,0.1858597702566943,2.955379859463423,2.464779731927798,18500.0,0.0,3.0,1.5811388300841898,686.8,803.9674744664737
Accumulate + Select,38,1.0,0.0,31.493992109330684,28.006627898272317,12.979703090076223,17.09756560953148,26.596601816127826,35.38208459193665,0.23406709157349756,0.3387175707946302,1.9624434901588885,0.26936371742869186,0.7085058177421433,0.4114248719004665,0.27075043221825623,0.1857101184054141,2.909974441557869,2.405488776606927,19000.0,0.0,3.0,1.5811388300841898,686.8,803.9674744664737
Accumulate + Select,39,1.0,0.0,31.6758149055113,28.178035218543968,12.775940214287461,16.867321289348137,25.649031444233316,33.96657350992174,0.22537744770995136,0.3251275787247177,2.0761460723230116,0.444456855132662,0.7071949484588179,0.41096113380522364,0.2699133934685186,0.18580764844554468,2.8646359960785945,2.3488126648417724,19500.0,0.0,3.0,1.5811388300841898,686.8,803.9674744664737
Accumulate + Select,40,1.0,0.0,31.83126533056632,28.30252222397155,12.580256318814154,16.64430687947001,25.672067360073243,33.98219209735436,0.2254730362323522,0.3253158180398974,1.981784987604027,0.28201989889932083,0.7057206492207837,0.4104853290535389,0.2691424420061113,0.18616752911287426,2.820282064675723,2.295704704069301,20000.0,0.0,3.0,1.5811388300841898,686.8,803.9674744664737
Accumulate + Select,41,1.0,0.0,31.96780473289072,28.393685523548875,12.390256556976883,16.42671306914144,24.961392271191087,33.2343057630527,0.21956929723650456,0.31811550617051854,2.011609743157858,0.3139674518175632,0.7041208633586246,0.4099930784483808,0.26840462633415696,0.1867008558139472,2.7772634277973167,2.246403106952275,20500.0,0.0,3.0,1.5811388300841898,686.8,803.9674744664737
Accumulate + Select,42,1.0,0.0,32.08171480232912,28.452920021679557,12.207719949427048,16.21747677023342,24.322511708436327,32.398945897096354,0.21368956428848299,0.31003963944454777,1.9501079683524716,0.31647459574633513,0.702425970039397,0.4094645267377672,0.26769042179875707,0.1873651584466743,2.7356772957969016,2.2014646182124014,21000.0,0.0,3.0,1.5811388300841898,686.8,803.9674744664737
Accumulate + Select,43,1.0,0.0,32.174741308338,28.47588025935382,12.035796271483326,16.024052632428717,24.20822548013292,32.40576639368177,0.21299438078555366,0.31012594436462443,1.991050388969303,0.25737047766448146,0.700675246867338,0.4089023700961938,0.26698924238183996,0.1881035349727969,2.695667432702464,2.1605885197926904,21500.0,0.0,3.0,1.5811388300841898,686.8,803.9674744664737
Accumulate + Select,44,1.0,0.0,32.24643938847598,28.464908246723613,11.870077779136853,15.83805013667626,23.750002118326297,31.605399097954077,0.20875416486091383,0.30249687196940156,1.9854338908917435,0.32142054798278835,0.6989200097507838,0.40832236146167206,0.2663041418062493,0.18886669301869877,2.656456274530389,2.1228361835889484,22000.0,0.0,3.0,1.5811388300841898,686.8,803.9674744664737
Accumulate + Select,45,1.0,0.0,32.31512615494303,28.452149863390005,11.711819892498402,15.66159695855219,23.12052844494233,30.807472419839865,0.20289642092302956,0.29481164302802193,2.058437977975795,0.447264017632812,0.6972005550379711,0.40773502269707745,0.2653413043513181,0.18915856821692206,2.619254066347614,2.089046504874832,22500.0,0.0,3.0,1.5811388300841898,686.8,803.9674744664737
Accumulate + Select,46,1.0,0.0,32.35872938710937,28.396052570551962,11.561638588162264,15.496597208246154,23.18243817443659,30.896283215662475,0.20355253351935168,0.2956755079636267,1.9880366002966139,0.2706074396816824,0.6955523799413911,0.4071729834112767,0.26342181254300323,0.18787131305856777,2.5819962150457023,2.057919024551181,23000.0,0.0,3.0,1.5811388300841898,686.8,803.9674744664737
Accumulate + Select,47,1.0,0.0,32.389886560666056,28.31872847962088,11.416758516156682,15.336367732813756,22.797811791457207,30.420946527884016,0.20051746407663024,0.29107517128839244,2.020473906015611,0.23378659531599263,0.6939892762164493,0.4066425691930341,0.2616676315960185,0.186723029890167,2.5453175395832917,2.0296528015349997,23500.0,0.0,3.0,1.5811388300841898,686.8,803.9674744664737
Accumulate + Select,48,1.0,0.0,32.40850263888052,28.22657168737983,11.278651148987056,15.186358951968742,22.534754753210784,30.24392901474599,0.19809306609405553,0.28937396147187505,1.999668706636685,0.2460403866754063,0.6925125915817075,0.4061463928199226,0.26010014022564776,0.18575509733282117,2.5096093981836853,2.0045491299836846,24000.0,0.0,3.0,1.5811388300841898,686.8,803.9674744664737
Accumulate + Select,49,1.0,0.0,32.4192479524384,28.12189616991034,11.14688397212058,15.046357939138082,22.3083514326038,30.062182820655153,0.19629129127301975,0.2875924452283038,2.012622468487641,0.297935218331526,0.6908370487027431,0.4057428284417664,0.25860195885964726,0.1850575451694815,2.4748030755475163,1.9825780687094305,24500.0,0.0,3.0,1.5811388300841898,686.8,803.9674744664737
Accumulate + Select,50,1.0,0.0,32.42417520207964,28.01023637995322,11.016756489099459,14.905355371868714,21.983949979182164,29.830876975994805,0.19341270338724287,0.2852960567481489,2.059796759403406,0.27183481437180435,0.6897755973824933,0.4053105711154122,0.25756235616560497,0.18448868632460078,2.4407659732061755,1.9637050542256422,25000.0,0.0,3.0,1.5811388300841898,686.8,803.9674744664737
Accumulate + Select,51,1.0,0.0,32.42793153764312,27.9047590894284,10.889104866787735,14.764862719198646,21.786797595811613,29.661198009962014,0.19163089761433005,0.2836116431352117,1.9856915008203504,0.3049440741622212,0.68826298328714,0.4049744634817746,0.2565276132520468,0.1843497459073063,2.4081140184514473,1.946843851620078,25500.0,0.0,3.0,1.5811388300841898,686.8,803.9674744664737
Accumulate + Select,52,1.0,0.0,32.4340547365893,27.802228283388146,10.767361262461659,14.632007548924774,21.602296982160233,29.470994563432647,0.1904158303332489,0.2817964056762936,2.0666669034318113,0.3298306151442669,0.6870157269404948,0.40465856764529357,0.2557969946980877,0.18443835075759574,2.377217608332937,1.9333493736629024,26000.0,0.0,3.0,1.5811388300841898,686.8,803.9674744664737
Accumulate + Select,53,1.0,0.0,32.43251186124316,27.689700674908586,10.651544320521058,14.507699618582011,21.5218027083389,29.58041252942678,0.1895220694594992,0.28280343483181747,2.0237236010512567,0.2781065839243939,0.6858606162773117,0.4043810176223691,0.2552825517952868,0.18478208327595802,2.348546018889965,1.9229570318735894,26500.0,0.0,3.0,1.5811388300841898,686.8,803.9674744664737
Accumulate + Select,54,1.0,0.0,32.42296763093537,27.566467963604065,10.538507762576945,14.38566033147102,21.17023761881179,29.109209725231004,0.18651496098456577,0.27828013448725686,2.145682416048783,0.43279212455527116,0.6844031399057535,0.40393493287427423,0.25466936171810955,0.1852903424134797,2.3237362897356375,1.915021358587231,27000.0,0.0,3.0,1.5811388300841898,686.8,803.9674744664737
Accumulate + Select,55,1.0,0.0,32.40859508188505,27.440298288201493,10.430382754725198,14.269864873369954,20.80092444275082,28.414557039265507,0.18307109048936865,0.27166460389907465,2.0289942672119907,0.27853772100531804,0.6833084972606347,0.40365606720079245,0.25439275444346404,0.1859606007778602,2.3012854593195335,1.9097671115133188,27500.0,0.0,3.0,1.5811388300841898,686.8,803.9674744664737
Accumulate + Select,56,1.0,0.0,32.381887804099875,27.294431514943764,10.326488372609955,14.160819957813693,20.276619300922448,27.689764704129992,0.17856355695319062,0.2647144811233008,2.0464127276764854,0.25885366122112613,0.6822483074904389,0.4034762941721927,0.25429953548767503,0.18687737284684688,2.2828479391258942,1.9074604427735156,28000.0,0.0,3.0,1.5811388300841898,686.8,803.9674744664737
Accumulate + Select,57,1.0,0.0,32.357177796099606,27.154729755967146,10.22519741906235,14.053011095967749,20.3310764992657,27.709722298247183,0.17889394252071314,0.2649665271263137,2.0627769704511074,0.2836210358963726,0.6816270393430293,0.4035221673623073,0.2544925369009995,0.18778731231432952,2.268269238454726,1.908688965772798,28500.0,0.0,3.0,1.5811388300841898,686.8,803.9674744664737
Accumulate + Select,58,1.0,0.0,32.332181773706516,27.01755426640851,10.12862875477869,13.953204406358406,20.253186812038173,28.236174524336786,0.1784642403192426,0.2697847633667518,2.021033924786685,0.30620651417424727,0.6801316875497876,0.4030024139071184,0.2531147963501387,0.18707611277551706,2.261112177506773,1.9101108157965871,29000.0,0.0,3.0,1.5811388300841898,686.8,803.9674744664737
Accumulate + Select,59,1.0,0.0,32.312129610821145,26.890840567362115,10.028786536807164,13.84293115224076,20.216676876696592,28.095518628030828,0.1781076973277126,0.26851571035637534,2.1062912113966465,0.25700958535984586,0.6798127787418856,0.4032294123196806,0.25277978531697426,0.1867878578604419,2.2546416396262194,1.9157096910606197,29500.0,0.0,3.0,1.5811388300841898,686.8,803.9674744664737
Accumulate + Select,60,1.0,0.0,32.28441390562819,26.755856453211162,9.935344043461672,13.74297925267285,20.114144288536203,27.965398884951707,0.17729064065491762,0.2672487410950745,2.0845969889154334,0.33539357912840634,0.6784699500346285,0.40278685484256455,0.2516969786519893,0.1863835073926034,2.2549986899810497,1.9212498657179398,30000.0,0.0,3.0,1.5811388300841898,686.8,803.9674744664737
Accumulate + Select,61,1.0,0.0,32.2599924174345,26.629228404782953,9.840830086129092,13.638658486488977,19.852875551015817,27.637913312878247,0.1751279409020478,0.2641312913754974,2.006609899475486,0.31103729376054096,0.6779124751608988,0.40287762170369495,0.25145695858452405,0.18650878239144222,2.2554239156795073,1.9294164771812332,30500.0,0.0,3.0,1.5811388300841898,686.8,803.9674744664737
Accumulate + Select,62,1.0,0.0,32.236384433306974,26.50673526307818,9.748102141952426,13.535928350356267,19.36052011715673,26.586116705591504,0.1705148558784159,0.25421764014735476,2.0261517353348135,0.27018262339512084,0.6768915422598161,0.4026170701727203,0.2509011059295898,0.18662511215410696,2.259400111862839,1.9375450736429307,31000.0,0.0,3.0,1.5811388300841898,686.8,803.9674744664737
Accumulate + Select,63,1.0,0.0,32.2132722560623,26.387371984611697,9.656849292684614,13.433345781732514,19.51493731525607,27.520139172899302,0.17222505746665936,0.262886297459082,2.0805832937164035,0.2421327675234739,0.6764724259260135,0.4027885501202907,0.25102995954580887,0.18721303374005638,2.2627473746337583,1.947399671794162,31500.0,0.0,3.0,1.5811388300841898,686.8,803.9674744664737
Accumulate + Select,64,1.0,0.0,32.18622950172288,26.265629447527207,9.568661299757352,13.334932500076665,18.949444172779366,26.45461876991156,0.16698837200423575,0.25278595183477826,2.022010982395411,0.26308590166757495,0.6755108666626717,0.40256988578412933,0.25073419080555714,0.18769351368260118,2.2683693093882815,1.9564153305017062,32000.0,0.0,3.0,1.5811388300841898,686.8,803.9674744664737
Accumulate + Select,65,1.0,0.0,32.163345171358905,26.151589078284687,9.48096500481845,13.234629664980472,18.860687466681973,26.23636469098185,0.16596978216088046,0.2507230352695505,2.115650469162605,0.29680670116395597,0.6750960641462913,0.4027542529481191,0.2503012593275312,0.1873388106063857,2.271764859230168,1.9665891783341642,32500.0,0.0,3.0,1.5811388300841898,686.8,803.9674744664737
Accumulate + Select,66,1.0,0.0,32.13738985252863,26.036617143588092,9.39763006464337,13.141662011348364,19.1357591677082,26.88059361153137,0.16893458385506668,0.25682445237374874,2.1278687374629834,0.3154407333401711,0.674117633383029,0.4025380708584543,0.2494498656542737,0.18690504864736016,2.2789369899824115,1.9769111240988662,33000.0,0.0,3.0,1.5811388300841898,686.8,803.9674744664737
Accumulate + Select,67,1.0,0.0,32.11709709405094,25.931821154105315,9.313495587942736,13.04418778759205,18.653258916886102,26.42854145564734,0.16460877411399133,0.25237697241342977,2.091838734229659,0.3123939821737013,0.6736903615312718,0.40272241007734194,0.2486231086352771,0.1858930225951918,2.2825878207864534,1.9875042090436397,33500.0,0.0,3.0,1.5811388300841898,686.8,803.9674744664737
Accumulate + Select,68,1.0,0.0,32.09748602193904,25.830431533396748,9.230298745751282,12.9466882229081,18.861554999915136,26.85838407154643,0.16681741442447387,0.25649984987747576,2.083234849662923,0.2780386551583399,0.6727104312729117,0.4024931014049852,0.24740197018169194,0.1848192581554279,2.287950424282325,1.997058924298756,34000.0,0.0,3.0,1.5811388300841898,686.8,803.9674744664737
Accumulate + Select,69,1.0,0.0,32.07456074260457,25.727470943230216,9.14911363570532,12.85124014157334,18.2610298839709,25.688342102303288,0.1609286406476484,0.2453710937102055,2.1045727049028793,0.2887191232903903,0.6718687424938908,0.4023645591291451,0.24637976827501645,0.18391601169676491,2.2930299235195837,2.0072462348809204,34500.0,0.0,3.0,1.5811388300841898,686.8,803.9674744664737
Accumulate + Select,70,1.0,0.0,32.05689751349576,25.635130455465347,9.069591382423086,12.757932057986366,18.15644082125546,25.344461731832233,0.1599053931762644,0.2421690845224144,2.0483164296674636,0.24837517283509855,0.6714831026095391,0.4025721786086929,0.2458240870726805,0.18329459003599297,2.2968805134662533,2.01849970521334,35000.0,0.0,3.0,1.5811388300841898,686.8,803.9674744664737
Accumulate + Select,71,1.0,0.0,32.03509221682672,25.535551962728757,8.991939663633357,12.666242984206015,17.95891114388304,25.29053726979309,0.15819016147927628,0.2416021274105554,2.0792767876696145,0.3448697562693525,0.6704775994642059,0.402315320639349,0.24469599021737434,0.18237451702197385,2.302372072459014,2.028649336738704,35500.0,0.0,3.0,1.5811388300841898,686.8,803.9674744664737
Accumulate + Select,72,1.0,0.0,32.01411259075514,25.43974862647447,8.915462785511757,12.576243011102425,17.805864676605925,24.95946769002567,0.1567781530007874,0.23846411967643025,2.1400594242207003,0.3288362287498836,0.6695841209708745,0.4021454374807977,0.24369108928493405,0.18152924138444385,2.3072463902203912,2.0388269783678985,36000.0,0.0,3.0,1.5811388300841898,686.8,803.9674744664737
Accumulate + Select,73,1.0,0.0,31.997973636408716,25.354574277266998,8.83743725460295,12.47993294821403,17.78794241372128,24.89193515444728,0.1568169998350441,0.2378570683142392,2.1377859898035383,0.3362167126261366,0.6687132728307673,0.40199812609348784,0.24273174562649977,0.1807265595860149,2.311373556578959,2.0486164233726685,36500.0,0.0,3.0,1.5811388300841898,686.8,803.9674744664737
Accumulate + Select,74,1.0,0.0,31.984070049969233,25.275594316743593,8.760608940294782,12.385429509446656,17.677174142684386,24.864511368618288,0.15584771554171678,0.23751517021276175,2.1200042747948413,0.3116572436789353,0.6678206522953731,0.4018444281794128,0.24178434086736145,0.179958002662477,2.3154796227034184,2.0584747652731297,37000.0,0.0,3.0,1.5811388300841898,686.8,803.9674744664737
Accumulate + Select,75,1.0,0.0,31.967053445883113,25.19139083648698,8.686340920901321,12.29505169038025,17.313665911723202,24.266636425405434,0.15265163871726922,0.23182532417995286,2.0502678623693105,0.21116237707163016,0.6669013424487572,0.4016697374810964,0.24082794722194145,0.17919419118468952,2.3196841102360475,2.068427777371345,37500.0,0.0,3.0,1.5811388300841898,686.8,803.9674744664737
Accumulate + Select,76,1.0,0.0,31.95238610193483,25.11468135736395,8.613097412893557,12.20466821773461,17.016410566176074,24.26792481380571,0.15025537453054302,0.23171009123957947,2.0348562895942863,0.3531597113637706,0.6659307338923671,0.4014646559253278,0.2398409167880496,0.17842229020969408,2.323277313190783,2.077799306218895,38000.0,0.0,3.0,1.5811388300841898,686.8,803.9674744664737
Accumulate + Select,77,1.0,0.0,31.937312730231223,25.03871272902424,8.540374293980047,12.114037461242761,17.337196663681773,24.73346209082017,0.1531951617862583,0.23616981194979067,2.039896409480839,0.26202162547385505,0.6649014600213861,0.4012246971511654,0.23882013286574852,0.17764410047325616,2.326937738704178,2.086981073622323,38500.0,0.0,3.0,1.5811388300841898,686.8,803.9674744664737
Accumulate + Select,78,1.0,0.0,31.923411834621497,24.96454732942173,8.470640666936893,12.027998397845433,17.118162928105768,24.484550634991088,0.1511954414521181,0.23373035668311257,2.165750170692293,0.351528061370217,0.663830269388942,0.4009524949213247,0.2377778839456937,0.17686383666959998,2.330864376454715,2.0959805559531857,39000.0,0.0,3.0,1.5811388300841898,686.8,803.9674744664737
Accumulate + Select,79,1.0,0.0,31.90889378110892,24.89097339475678,8.401487997037318,11.942225428348886,17.00158714906419,24.307078268600172,0.14996582752553914,0.2320324144157241,2.015214132185842,0.23502408728763943,0.6627146979977127,0.40064318217019856,0.23670775682669362,0.17607241766774004,2.3346756093099446,2.1048474964307946,39500.0,0.0,3.0,1.5811388300841898,686.8,803.9674744664737
Accumulate + Select,80,1.0,0.0,31.893357358587316,24.818332246997578,8.333984809871037,11.85843635491118,16.2638571532269,22.837278851931696,0.14323385749955328,0.21811393844542587,2.032682969387497,0.1994821784783395,0.6615550391150137,0.400296391141356,0.23561037369733756,0.17526990773833953,2.338238562724722,2.1132877710381126,40000.0,0.0,3.0,1.5811388300841898,686.8,803.9674744664737
Accumulate + Select,81,1.0,0.0,31.88024842772225,24.750229883803666,8.266226748687377,11.773128066184206,16.76579907784346,24.08399732618699,0.1480230589142184,0.22994104302372573,2.1343810514074297,0.2903331826632903,0.6603660220513924,0.39992184051552826,0.23450485164616114,0.17447460007905127,2.3416104669895352,2.121552045166575,40500.0,0.0,3.0,1.5811388300841898,686.8,803.9674744664737
Accumulate + Select,82,1.0,0.0,31.86757457986086,24.683549756740273,8.200073432281938,11.689477119566495,16.637452857073363,23.734475796862064,0.1468292939008426,0.22663205063014305,2.0593722038982336,0.23817313289764636,0.6591562019910844,0.399529821491533,0.2334022190700506,0.17369653492491857,2.3448457299447867,2.129653404831421,41000.0,0.0,3.0,1.5811388300841898,686.8,803.9674744664737
Accumulate + Select,83,1.0,0.0,31.854378415135187,24.617996540221984,8.135199203835494,11.606970625182775,16.51763947625439,23.608041439563216,0.14562293945701918,0.22539589915532257,2.099367001960869,0.27772180233409327,0.6579307490287907,0.39911919722901673,0.23229907558197233,0.17292423630372072,2.3478061399106527,2.1371922963511687,41500.0,0.0,3.0,1.5811388300841898,686.8,803.9674744664737
Accumulate + Select,84,1.0,0.0,31.84321456840732,24.557139110084446,8.071147383047599,11.525743435189762,16.104322451944718,22.867818692483173,0.14188441695290968,0.21836743533142516,2.131117323748478,0.27710362395011245,0.6566913304972225,0.3986903207504635,0.231197431807729,0.17215984913311996,2.350773613475389,2.1446437455374623,42000.0,0.0,3.0,1.5811388300841898,686.8,803.9674744664737
Accumulate + Select,85,1.0,0.0,31.835348033051662,24.502607731653434,8.006819763017983,11.441791931310593,16.262464339466064,23.345676963087584,0.1437517953282444,0.2228590803904568,2.006452226062504,0.19733461855240592,0.6554423404573825,0.39824758036238195,0.2301048899207398,0.1714129392963744,2.3531049380249667,2.1515752686781764,42500.0,0.0,3.0,1.5811388300841898,686.8,803.9674744664737
Accumulate + Select,86,1.0,0.0,31.82498124461519,24.445276072730117,7.943831903471536,11.360464868902344,15.890627452456698,22.614215301360005,0.1401942431153778,0.2159033599431185,2.035442839505427,0.2054684056276952,0.6541824595406233,0.3977921232068188,0.22901820270545076,0.17067862441492432,2.3553767225125033,2.1582200685970356,43000.0,0.0,3.0,1.5811388300841898,686.8,803.9674744664737
Accumulate + Select,87,1.0,0.0,31.812917503069162,24.386056545222406,7.882894823649664,11.281974384620014,16.065634540819595,23.137423928533693,0.1419103315419981,0.22079019035621322,2.008418179878025,0.25874008278795346,0.6529174580802828,0.39732315037888766,0.22793817727457064,0.16995289359991092,2.3576197285724643,2.1647070769764327,43500.0,0.0,3.0,1.5811388300841898,686.8,803.9674744664737
Accumulate + Select,88,1.0,0.0,31.80163146501358,24.330139578025285,7.822029622726279,11.202944702005897,15.67137584228432,22.398406055584353,0.1383330710999147,0.21385940296581848,2.084782700261639,0.24989486919090084,0.6516392775315508,0.39684091597981563,0.2268595059842485,0.16923375867220317,2.3595976241067333,2.1708725498877386,44000.0,0.0,3.0,1.5811388300841898,686.8,803.9674744664737
Accumulate + Select,89,1.0,0.0,31.792625317773137,24.277053943374444,7.7618091686228325,11.12423032947071,15.416063892933156,22.26473579448877,0.13596045521845862,0.21246063646985416,2.0285160362084467,0.21693188771456026,0.6503643400746137,0.39634964896974506,0.22579367484240653,0.16852633085817026,2.3616184688848953,2.1769757855938576,44500.0,0.0,3.0,1.5811388300841898,686.8,803.9674744664737
Accumulate + Select,90,1.0,0.0,31.782128538687818,24.223642149281606,7.703166811641705,11.047626378893696,15.590938319852617,22.384823991418827,0.13755330091207457,0.2136730424366002,2.108854118165482,0.21357031776767157,0.64908945539996,0.3958511038088868,0.22473856257388397,0.16782975455833832,2.3633716032811263,2.1826270603023494,45000.0,0.0,3.0,1.5811388300841898,686.8,803.9674744664737
Accumulate + Select,91,1.0,0.0,31.774102737551004,24.17546045917841,7.644888055234216,10.970981806728682,15.20235410274733,21.712972476727437,0.13405463151884703,0.20726012988189652,2.0218814606636384,0.19656167234055552,0.6478072975934189,0.3953427917912324,0.22368789432075417,0.16713981490919275,2.3647133539574643,2.1879287943398844,45500.0,0.0,3.0,1.5811388300841898,686.8,803.9674744664737
Accumulate + Select,92,1.0,0.0,31.766566026062,24.128177247634028,7.587129456774912,10.8950250362469,14.984881682675606,21.435687802319688,0.13209514290444,0.20462884764180192,2.1475594280660744,0.2921927000376932,0.6465238162167066,0.39482658239986473,0.2226458781673502,0.16645867009312879,2.3660935151980746,2.193225956935855,46000.0,0.0,3.0,1.5811388300841898,686.8,803.9674744664737
Accumulate + Select,93,1.0,0.0,31.759510243507656,24.08277922884336,7.531081020526974,10.8210492769045,14.804333220114296,21.146279763959186,0.13053199934245446,0.20185930565969915,2.0996701882883597,0.2890972528275792,0.6452447045995671,0.39430290278622787,0.2216132444994841,0.16578193294188984,2.3674348238370557,2.1984186433478943,46500.0,0.0,3.0,1.5811388300841898,686.8,803.9674744664737
Accumulate + Select,94,1.0,0.0,31.7502727199364,24.034550773485694,7.475989029048003,10.74857929921564,15.25362944143493,22.108675437348214,0.13482495586069926,0.21100472810443854,2.036725764821183,0.265031930687329,0.6439723693010106,0.3937700572895259,0.22059159158621675,0.165111036750564,2.3686686319394594,2.2034444150445602,47000.0,0.0,3.0,1.5811388300841898,686.8,803.9674744664737
Accumulate + Select,95,1.0,0.0,31.743091510247165,23.990287923904457,7.421010361614483,10.675323254307774,14.849486903250732,21.41200388761056,0.13107920796781788,0.20435834560152594,2.1082219134907465,0.32676539318138415,0.6427068669068347,0.39323245166154114,0.21958466262278992,0.1644533103739509,2.36951044814317,2.2078419829930094,47500.0,0.0,3.0,1.5811388300841898,686.8,803.9674744664737
Accumulate + Select,96,1.0,0.0,31.736789742627867,23.946706075696234,7.367473872241417,10.604347941943464,14.753786903974747,21.22892335571349,0.13041317810901412,0.2025753606676691,2.0215600715405473,0.21360433599496356,0.6414552998457766,0.39269334235818715,0.21859555377159595,0.16380749191329697,2.370428921399579,2.2123846102859703,48000.0,0.0,3.0,1.5811388300841898,686.8,803.9674744664737
Accumulate + Select,97,1.0,0.0,31.72977092448803,23.903745165171536,7.314365130765883,10.53347756618815,14.730266621835067,21.252074616696913,0.1299974399921936,0.20280841992208623,2.0843368923530625,0.2498345026440116,0.6402164548134387,0.3921547435724999,0.2176271873291764,0.16318139163943285,2.37113641367774,2.2165708187055357,48500.0,0.0,3.0,1.5811388300841898,686.8,803.9674744664737
Accumulate + Select,98,1.0,0.0,31.72287760382298,23.86256576186088,7.261966587619133,10.463182329937677,14.676789222354383,21.3225081003991,0.12962526827098433,0.20345527846555364,2.0728387395746255,0.20548968797937353,0.6389888871990588,0.39161799880973935,0.21668062242854952,0.16257933588395823,2.371560512856945,2.220454639025318,49000.0,0.0,3.0,1.5811388300841898,686.8,803.9674744664737
Accumulate + Select,99,1.0,0.0,31.717073367722143,23.822762078348052,7.210514618244373,10.394486021755478,14.433068312834328,20.67987167633324,0.1272536885704663,0.19737618596647993,2.060665168745347,0.19618017546402658,0.6377760788242754,0.3910783159146178,0.2157505799114901,0.16198772032385117,2.371911688913454,2.2242733100364043,49500.0,0.0,3.0,1.5811388300841898,686.8,803.9674744664737
Accumulate + Select,100,1.0,0.0,31.71078036609716,23.783277133135496,7.159608409135863,10.326542606060443,14.100659746569548,20.244795975386644,0.12435462750673579,0.19317173482285094,2.1294550315013443,0.2466155884835141,0.6365752299479899,0.3905419714282409,0.21483792734309032,0.16141069243053358,2.3721539034822365,2.2279243230292347,50000.0,0.0,3.0,1.5811388300841898,686.8,803.9674744664737
Accumulate + Select,101,1.0,0.0,31.706238064634487,23.74812408019805,7.108561889226893,10.257452230212142,14.232728297054445,20.591184976949492,0.12563247917170497,0.19647084631044026,1.991796090098132,0.2737983331146457,0.6353935196228208,0.39001452877771403,0.2139480575358983,0.16085167077108878,2.371858742182814,2.23092594225784,50500.0,0.0,3.0,1.5811388300841898,686.8,803.9674744664737
Accumulate + Select,102,1.0,0.0,31.7003991606214,23.71073205745541,7.059126648606245,10.19108706963848,14.083595995441232,20.412048399125478,0.1243644881441756,0.1947523881677307,2.112379152122253,0.30252101090355377,0.6342288610869948,0.38949110330603587,0.21307546647443668,0.16030241688722244,2.3717064517383197,2.2340665513144304,51000.0,0.0,3.0,1.5811388300841898,686.8,803.9674744664737
Accumulate + Select,103,1.0,0.0,31.69576455568559,23.675802907947265,7.010260209440692,10.124948474957172,13.876783409889708,20.019152503567987,0.1223766565489007,0.19103517660741473,2.12683065390294,0.2254349146391889,0.6330735339072866,0.38896876551456244,0.21221518544153767,0.159761434894639,2.3713339640881714,2.2370372608669067,51500.0,0.0,3.0,1.5811388300841898,686.8,803.9674744664737
Accumulate + Select,104,1.0,0.0,31.690394646603732,23.641041979381914,6.961941565721223,10.05943590485696,13.562188993044899,19.534000194204065,0.11956863304432855,0.18640380217046967,2.125026753952389,0.24851930173732015,0.6319336211255411,0.3884519665203077,0.21137223736861546,0.15923273081467823,2.3707572786146693,2.239735975456529,52000.0,0.0,3.0,1.5811388300841898,686.8,803.9674744664737
Accumulate + Select,105,1.0,0.0,31.686720159015152,23.608567971219056,6.914000373928839,9.994362442441385,13.686789758867416,19.83429209525335,0.12073610313809044,0.1892210372510265,2.099071218951881,0.25114967593019855,0.630809519892475,0.3879413828187467,0.21054803469822786,0.1587194564888143,2.3701277326795718,2.2423517690713077,52500.0,0.0,3.0,1.5811388300841898,686.8,803.9674744664737
Accumulate + Select,106,1.0,0.0,31.681937206125486,23.575681106441408,6.866891955956146,9.930076526452538,13.61377502823098,19.704696555609164,0.12013739772754903,0.18802045548664995,2.121295847336981,0.26896705019806105,0.6296974263081314,0.3874345621869436,0.20973639397372185,0.15821275421145456,2.3691987188216173,2.2445689256830885,53000.0,0.0,3.0,1.5811388300841898,686.8,803.9674744664737
Accumulate + Select,107,1.0,0.0,31.67849703693621,23.544705462440447,6.820124048698328,9.865852251299884,13.870736849923006,20.27644068904639,0.12241191486497112,0.19343609881662224,2.0773179551265377,0.2964518601994748,0.6285946681344564,0.38692816333972296,0.20893215560914494,0.15770475772490902,2.3682030274615746,2.2467760326561232,53500.0,0.0,3.0,1.5811388300841898,686.8,803.9674744664737
Accumulate + Select,108,1.0,0.0,31.673981680241734,23.512767125291425,6.7744161900713,9.803483396367882,13.350111459191789,19.116175905322226,0.11766647356753265,0.18245249806980213,2.082701317385637,0.24763449606155852,0.6275065436161249,0.38642338164665013,0.2081383425161305,0.15719642332437866,2.3671264810267743,2.2488994837996334,54000.0,0.0,3.0,1.5811388300841898,686.8,803.9674744664737
Accumulate + Select,109,1.0,0.0,31.672135886622005,23.485287779507782,6.728834344437341,9.740789246404079,13.58550467461851,19.870452329808987,0.12005651135020827,0.18953232875299475,2.217150151918848,0.3636978798572766,0.6264313944100045,0.3859201984541704,0.20735337521723257,0.1566861602696971,2.3658648363038646,2.250754729926873,54500.0,0.0,3.0,1.5811388300841898,686.8,803.9674744664737
Accumulate + Select,110,1.0,0.0,31.667652986008534,23.454935633797465,6.684194632896691,9.679767469176873,13.364875170269201,19.40490672875624,0.11787740398052175,0.18518796358315984,2.092029311792945,0.27426007893073595,0.6253693996696376,0.3854191972091446,0.20657850642144907,0.15617676527653304,2.3645148243225593,2.252471582296463,55000.0,0.0,3.0,1.5811388300841898,686.8,803.9674744664737
Accumulate + Select,111,1.0,0.0,31.664066844963532,23.42600512703488,6.640092260979744,9.619013244510473,13.473278626575029,19.57338726345566,0.11903671238291358,0.18676536234543467,2.142080591561815,0.3211713979401923,0.6243172511186794,0.38492064950151084,0.2058119574705183,0.15566794401435832,2.3631020696187437,2.2541243908083737,55500.0,0.0,3.0,1.5811388300841898,686.8,803.9674744664737
Accumulate + Select,112,1.0,0.0,31.660151677343652,23.397225390252675,6.596348184010461,9.558385715633332,13.424672023730192,19.74877162672485,0.11870666569927675,0.18837475702047818,2.087365002190002,0.3076480446402909,0.6232769279176518,0.384422238646348,0.2050525630543559,0.15515536961885484,2.3614958293557087,2.2555357904911557,56000.0,0.0,3.0,1.5811388300841898,686.8,803.9674744664737
Accumulate + Select,113,1.0,0.0,31.65818927819929,23.37072610218962,6.553333021085399,9.49876351082873,12.991038080646288,18.846499386406784,0.11447670233431387,0.1798185284258708,2.138325900784616,0.29611624901913053,0.6222501774164079,0.3839270044448408,0.2043026509848564,0.1546420624146319,2.3599490499176072,2.2570336206292447,56500.0,0.0,3.0,1.5811388300841898,686.8,803.9674744664737
Accumulate + Select,114,1.0,0.0,31.655860402629166,23.344815440440943,6.510750720083983,9.439599447357024,13.24870734528788,19.260393095860337,0.11701014603772922,0.18376467082321382,2.090620467930073,0.2666474276933747,0.6212321133865818,0.383430160461918,0.20355908643200102,0.15412733968151532,2.358240284007329,2.2583471260538603,57000.0,0.0,3.0,1.5811388300841898,686.8,803.9674744664737
Accumulate + Select,115,1.0,0.0,31.65249080158131,23.317876371413924,6.4690084392620335,9.38201193903595,13.064142781031645,19.07806260753605,0.11528777707522823,0.18198811996094913,2.0320770714925214,0.2263050132717555,0.6202321844444245,0.3829319467328425,0.20282519830894188,0.153608513085989,2.3564641733522182,2.2595645666313957,57500.0,0.0,3.0,1.5811388300841898,686.8,803.9674744664737
Accumulate + Select,116,1.0,0.0,31.650444003658066,23.29320996515399,6.42759608700266,9.32447047891127,12.468544889459736,17.736664843215568,0.10953764242460193,0.169282873477551,2.174389701398907,0.3076405149832144,0.6192439146018017,0.38243112837085663,0.20209694897710406,0.15308362014685115,2.3546607771001473,2.260804277584129,58000.0,0.0,3.0,1.5811388300841898,686.8,803.9674744664737
Accumulate + Select,117,1.0,0.0,31.648269793166957,23.268914176408,6.3864240652494395,9.26714301041066,12.769709217586193,18.569177342538666,0.11265759009965397,0.17715419148271255,2.2103154550209387,0.33155522405761423,0.6182688194921224,0.38192767522172316,0.20137547626276814,0.15255377927156819,2.352708825035749,2.2618076769772606,58500.0,0.0,3.0,1.5811388300841898,686.8,803.9674744664737
Accumulate + Select,118,1.0,0.0,31.646734914709846,23.24608537902925,6.345919503416383,9.21069229405304,12.39454553159983,17.943553428867055,0.10929857683763237,0.1711927231992809,2.116119839500063,0.24493846278175727,0.6173095348939254,0.38142059794061484,0.20066090352903038,0.15201657380977623,2.3507789591059502,2.2628367505959472,59000.0,0.0,3.0,1.5811388300841898,686.8,803.9674744664737
Accumulate + Select,119,1.0,0.0,31.644222931020835,23.22238821435024,6.305819760176442,9.154643206141218,12.68164048700835,18.43689440948792,0.11182228094457862,0.17589493283711044,2.1088813122740935,0.28143320053491816,0.6163586090057431,0.38090568583580814,0.1999479908006607,0.15146866452902386,2.348719266453477,2.2637061289410036,59500.0,0.0,3.0,1.5811388300841898,686.8,803.9674744664737
Accumulate + Select,120,1.0,0.0,31.642763069736873,23.20003774780475,6.266390051871267,9.099641106162263,12.716781098163139,18.527256922221056,0.11238077137443499,0.1767355137963672,2.145504927535673,0.2565869790877177,0.6154117331096359,0.3803829989257323,0.19923450334072984,0.15090938249150326,2.346774239927285,2.2646467601608746,60000.0,0.0,3.0,1.5811388300841898,686.8,803.9674744664737
Accumulate + Select,121,1.0,0.0,31.640059290134083,23.176819777272964,6.227495613435138,9.045181713029258,12.370308085985426,17.881030908029327,0.10915649130576303,0.1706100178992385,2.144438039873493,0.2595374851146108,0.6144790305345855,0.3798574060433303,0.19852943972810294,0.15034829815403908,2.344788510888159,2.2655048352432714,60500.0,0.0,3.0,1.5811388300841898,686.8,803.9674744664737
Accumulate + Select,122,1.0,0.0,31.639133087644428,23.15604609772698,6.188731353426684,8.990686339475607,12.019130861806456,17.2616563456471,0.10592171631147322,0.16469695141849627,2.0982864272852124,0.22452180817704456,0.6135579260388575,0.37932894782189025,0.19783034708983246,0.14978235785450797,2.3426741833729854,2.266109387359122,61000.0,0.0,3.0,1.5811388300841898,686.8,803.9674744664737
Accumulate + Select,123,1.0,0.0,31.63681710704234,23.13396981327966,6.150840711206552,8.937781501044967,12.414089369617686,18.14784262923343,0.10946790201579493,0.17309559732308094,2.1930650678486066,0.2719876296239042,0.6126533716080201,0.37879804834095265,0.19713842815629684,0.14920877065971236,2.340717690182513,2.266939048049782,61500.0,0.0,3.0,1.5811388300841898,686.8,803.9674744664737
Accumulate + Select,124,1.0,0.0,31.635192516804317,23.113546509621653,6.113060548306235,8.884302097525413,12.151150072159886,17.47367322437709,0.1070231147633375,0.16673946303403175,2.1073470028041483,0.30688059170361,0.6117589050123325,0.3782578426853119,0.1964484762543372,0.14862348810499174,2.338434826663689,2.2674175429897288,62000.0,0.0,3.0,1.5811388300841898,686.8,803.9674744664737
Accumulate + Select,125,1.0,0.0,31.633914998541314,23.09353024314112,6.076011526570836,8.832206092545501,12.453004819299599,18.250354331217952,0.11005215828612488,0.1740474148551929,2.2120451351878754,0.34977905409181415,0.6108679387287583,0.37771199244128173,0.19575952747086445,0.14803086084544675,2.336455782083342,2.2682028331758124,62500.0,0.0,3.0,1.5811388300841898,686.8,803.9674744664737
Accumulate + Select,126,1.0,0.0,31.632295281702437,23.07324870318401,6.039326995270456,8.78035627090422,11.796108555323482,16.922888594321496,0.10392689017407246,0.1614862382645738,2.1119203752427853,0.3092020541704571,0.609990593357171,0.37716210466267885,0.19507744846952282,0.14743365415128326,2.3343188457089123,2.2687962935878256,63000.0,0.0,3.0,1.5811388300841898,686.8,803.9674744664737
Accumulate + Select,127,1.0,0.0,31.631213749595258,23.053922360895772,6.003119972895622,8.729490003555538,11.582432976860938,16.635656965800578,0.10191244980184042,0.15869316847774012,2.169312809507356,0.2798606329826201,0.6091240900573226,0.3766045593863582,0.1943990475882514,0.14682778494173207,2.332261039743382,2.2694284273567895,63500.0,0.0,3.0,1.5811388300841898,686.8,803.9674744664737
Accumulate + Select,128,1.0,0.0,31.62978666198157,23.034973059814387,5.967383528527394,8.67868756850201,11.996378647450523,17.466915202987213,0.10574730015897678,0.1666454844538783,2.1499527147289292,0.23338242230288264,0.608259672842005,0.3760407969167194,0.1937215425779695,0.14621603587946694,2.3301947141923516,2.270031821534732,64000.0,0.0,3.0,1.5811388300841898,686.8,803.9674744664737
Accumulate + Select,129,1.0,0.0,31.62883692941015,23.01697118374246,5.931960772172415,8.62862832965408,11.933955027773866,17.32304288079862,0.10530338332802931,0.16525902325007888,2.107078891164459,0.22772669665236234,0.6074071600384292,0.37547789050196856,0.1930523877441696,0.14560460226278557,2.3281150386614318,2.27065960689108,64500.0,0.0,3.0,1.5811388300841898,686.8,803.9674744664737
Accumulate + Select,130,1.0,0.0,31.628372846058028,22.999159850961924,5.896961415584399,8.579078535964301,11.59728951075665,16.54018572503914,0.10202888251247137,0.15784361380588954,2.148699579868805,0.24483702373330077,0.6065656523142672,0.37491138031470395,0.19239003583413888,0.14499169065474216,2.326004927652451,2.2711772493459548,65000.0,0.0,3.0,1.5811388300841898,686.8,803.9674744664737
Accumulate + Select,131,1.0,0.0,31.627964161460294,22.982310921532335,5.862353569439955,8.529756551932412,11.985425428588618,17.527606262962177,0.105688582424657,0.1671755991181262,2.1349555347027214,0.26228704550367665,0.6057307224585857,0.37434367173269695,0.19173429246726087,0.14438167151435016,2.323808151609712,2.271640751154007,65500.0,0.0,3.0,1.5811388300841898,686.8,803.9674744664737
Accumulate + Select,132,1.0,0.0,31.626625576286916,22.964535707566,5.828162234397002,8.481254987864922,11.808057045765183,17.189436286646444,0.10409897385964124,0.16396647886251828,2.1358020921080687,0.22223763151786796,0.6049014375170305,0.37377683445757676,0.19108498937044435,0.14377488315908926,2.3216555752583226,2.27205907380449,66000.0,0.0,3.0,1.5811388300841898,686.8,803.9674744664737
Accumulate + Select,133,1.0,0.0,31.626398381177893,22.94784933898278,5.7943085205642655,8.433152016244266,11.883724339151064,17.51907001366227,0.10495229290697135,0.1670635053844989,2.176551127361196,0.19847031191103293,0.6040712140747381,0.37320945756404716,0.1904392185004778,0.14317196091522882,2.319620834435527,2.272699657200656,66500.0,0.0,3.0,1.5811388300841898,686.8,803.9674744664737
Accumulate + Select,134,1.0,0.0,31.62547165089511,22.931118463999862,5.760902435515113,8.385591687918113,11.567860301081128,16.817908581928208,0.10193658467273954,0.16045213301800262,2.137077784060513,0.28878998614262497,0.6032442410262719,0.37264012917885686,0.1897972006375917,0.1425688251882022,2.317359028278386,2.272930846524165,67000.0,0.0,3.0,1.5811388300841898,686.8,803.9674744664737
Accumulate + Select,135,1.0,0.0,31.62537878166861,22.916050612237733,5.727658992109322,8.338019074707837,11.785909154115306,17.429753025558004,0.10416934396934477,0.16621233205011549,2.1413093663622367,0.2580703673718651,0.6024201889931042,0.37207403792904886,0.1891605439256873,0.14196910176580405,2.315076087852158,2.2731728530412223,67500.0,0.0,3.0,1.5811388300841898,686.8,803.9674744664737
Accumulate + Select,136,1.0,0.0,31.6254965312338,22.90101121348398,5.694990044297336,8.291392336475905,11.651377289654214,17.13761628062349,0.10286718278177413,0.16343696845436004,2.104779577361926,0.23865810995141024,0.6016045700072707,0.37150967765001974,0.18853173238136464,0.14137339322238376,2.3128193432262405,2.273346479010424,68000.0,0.0,3.0,1.5811388300841898,686.8,803.9674744664737
Accumulate + Select,137,1.0,0.0,31.62508935518173,22.885234790992634,5.663031856969801,8.24577185112548,11.325286625206001,16.566779250981153,0.0997542857100951,0.15803372617497646,2.190390590529234,0.29422006544971224,0.6007931058050896,0.3709422302089485,0.18790711500350782,0.14077820574117825,2.31075972923271,2.2737414224619465,68500.0,0.0,3.0,1.5811388300841898,686.8,803.9674744664737
Accumulate + Select,138,1.0,0.0,31.625851371076514,22.871704461218474,5.6309407979264865,8.199616071642119,11.341821300550858,16.544910598200445,0.10003427857619598,0.15780863113220056,2.143150071980063,0.2583036858560933,0.5999800409690847,0.37037334492344964,0.18728422571309983,0.14018343931086943,2.308459549688761,2.2738321551496865,69000.0,0.0,3.0,1.5811388300841898,686.8,803.9674744664737
Accumulate + Select,139,1.0,0.0,31.62533105387909,22.85591382023421,5.599724218183343,8.154878949143953,11.425605800605748,16.73413906347502,0.10082716910714837,0.15957651929743807,2.1799985432382183,0.24509330290791828,0.5991690523203109,0.369804867710825,0.18666528043221714,0.13959033455102499,2.306418758159429,2.274243150737875,69500.0,0.0,3.0,1.5811388300841898,686.8,803.9674744664737
Accumulate + Select,140,1.0,0.0,31.62509277848389,22.84093816733543,5.568690512062575,8.110505841942194,11.138799767011035,16.130144428608425,0.09798216794887747,0.15385118590937308,2.0505754755301946,0.21330259988105674,0.5983595772166709,0.3692360899036055,0.18605036995231364,0.13900012639694756,2.304388991194697,2.274604717340918,70000.0,0.0,3.0,1.5811388300841898,686.8,803.9674744664737
Accumulate + Select,141,1.0,0.0,31.624715125420703,22.826444055611507,5.537812145749415,8.066247204818684,11.123923758418917,16.262502425828743,0.09801491186127902,0.15509292654237508,2.1484867730125012,0.2616476169478091,0.5975567771565545,0.3686710827402766,0.18544421674475753,0.13841893029084285,2.3022168378026686,2.27479583327241,70500.0,0.0,3.0,1.5811388300841898,686.8,803.9674744664737
Accumulate + Select,142,1.0,0.0,31.624600184852916,22.81193730294251,5.507570803919583,8.023086799599964,10.845223116637827,15.610195139034053,0.09551451700189831,0.14890761766934024,2.1935885656569716,0.2634748431896985,0.596755480699035,0.3681119094866274,0.18484420670258206,0.13784550629213216,2.300257913008602,2.275197948438015,71000.0,0.0,3.0,1.5811388300841898,686.8,803.9674744664737
Accumulate + Select,143,1.0,0.0,31.62508233662348,22.799286133381017,5.47718688481161,7.979449271030077,10.972470220108416,15.917802640786615,0.09666485562130382,0.15183105376246545,2.1799213671795323,0.2840929562066074,0.5959525586044266,0.36755518637964224,0.18424734984130225,0.13727621476975008,2.2980124997709437,2.275306168313759,71500.0,0.0,3.0,1.5811388300841898,686.8,803.9674744664737
Accumulate + Select,144,1.0,0.0,31.62515520262567,22.78620938667461,5.447419582477266,7.93675213566261,10.643370354342405,15.443436541270362,0.09370935178524024,0.14728305059068697,2.062949158181509,0.24753587121762827,0.5951490121258142,0.36699995502121574,0.18365443348141808,0.13671242593245375,2.2958729950153796,2.2755123846340326,72000.0,0.0,3.0,1.5811388300841898,686.8,803.9674744664737
Accumulate + Select,145,1.0,0.0,31.625385785352485,22.773143606981957,5.418038055226967,7.8943605234892855,10.972919894780805,16.04624331022357,0.09682868889026806,0.15302140270925632,2.1504675737260928,0.28570254981126636,0.5943458340601602,0.3664490240416205,0.18306603697182147,0.1361539892873171,2.2937865655324647,2.275778200138949,72500.0,0.0,3.0,1.5811388300841898,686.8,803.9674744664737
Accumulate + Select,146,1.0,0.0,31.625486676565277,22.760390623808867,5.389062918267808,7.852589142962415,10.675910731965876,15.643740230670774,0.09422529771925486,0.14912670593987176,2.1847425726566074,0.2646866239556721,0.5935404172608544,0.3659018834967861,0.18248183009377247,0.13560355006416958,2.291653412338756,2.2759511710260876,73000.0,0.0,3.0,1.5811388300841898,686.8,803.9674744664737
Accumulate + Select,147,1.0,0.0,31.625324276917077,22.747070945575036,5.36032439399612,7.811081781181931,10.508455385431677,15.279139328481167,0.09251110758183342,0.14569208277466275,2.175861198390592,0.21312016287003593,0.5927335917575094,0.3653558616331541,0.1819003276192439,0.13505647846590657,2.2894872069470784,2.276007841001092,73500.0,0.0,3.0,1.5811388300841898,686.8,803.9674744664737
Accumulate + Select,148,1.0,0.0,31.625260077862396,22.73429086324089,5.331937092918256,7.770181924081306,10.685702081689765,15.656047209257402,0.09423254486094217,0.14929575962204095,2.095130495165597,0.26627947051443496,0.5919290117828874,0.3648136737091632,0.18132371380546666,0.13451396764300083,2.2874075874218662,2.2761869254060936,74000.0,0.0,3.0,1.5811388300841898,686.8,803.9674744664737
Accumulate + Select,149,1.0,0.0,31.6257696272538,22.72237460164247,5.303822372521212,7.729479197100087,10.688209902792327,15.705012205724913,0.09430245057018602,0.149734822826348,2.1063143771307877,0.2069243028125976,0.5911193192146756,0.36427281464080724,0.18074849580228902,0.13397584363503248,2.2853419999536198,2.2763706350259425,74500.0,0.0,3.0,1.5811388300841898,686.8,803.9674744664737
Accumulate + Select,150,1.0,0.0,31.626640033813565,22.711908846332967,5.275863899367221,7.689177660615372,10.260940079028808,14.85541413612665,0.09033360810910837,0.14168131425324826,2.198909473430227,0.2930017599291567,0.5903102765880595,0.3637374938410601,0.18017856517209524,0.13344535938909727,2.28319753107486,2.27644292100516,75000.0,0.0,3.0,1.5811388300841898,686.8,803.9674744664737
Accumulate + Select,151,1.0,0.0,31.627581594165385,22.70083525433113,5.248320076240178,7.6491591766998255,10.783952083886145,15.847964806010808,0.09513118044248478,0.15112580433502065,2.1350357299953338,0.21345118895472337,0.5895046558411934,0.3632069563759974,0.17961486924352382,0.13292215775024416,2.281114213156659,2.276571874111633,75500.0,0.0,3.0,1.5811388300841898,686.8,803.9674744664737
Accumulate + Select,152,1.0,0.0,31.627291937137908,22.68872973639656,5.220982972765228,7.609545522625422,10.390132023204023,15.125090845936343,0.09166857916627325,0.1441942606415398,2.1243113179322766,0.32010832021539465,0.5886979728989727,0.3626762653566075,0.17905353884210468,0.13240176194990197,2.278944788545489,2.2765471181281294,76000.0,0.0,3.0,1.5811388300841898,686.8,803.9674744664737
Accumulate + Select,153,1.0,0.0,31.627951723012593,22.67801920860512,5.19392789787201,7.570416552207729,10.042921278609601,14.422977461870989,0.08824626414366817,0.13761010339506216,2.1632672395456174,0.3171218067978891,0.5878939005822408,0.36214878029209263,0.17849692256641067,0.13188576289807613,2.276831281118343,2.276568836785259,76500.0,0.0,3.0,1.5811388300841898,686.8,803.9674744664737
Accumulate + Select,154,1.0,0.0,31.628580941647925,22.667244988470255,5.167177989632198,7.531611112184516,10.287794642009796,14.931473847407682,0.09065675590517827,0.14238107806545766,2.1329761981528015,0.2457421520327515,0.5870926760209306,0.3616250895460597,0.17794542492341986,0.13137507940197687,2.2747111407747793,2.2765579296890044,77000.0,0.0,3.0,1.5811388300841898,686.8,803.9674744664737
Accumulate + Select,155,1.0,0.0,31.62914959852755,22.656724929952958,5.1406846039788245,7.493251139404526,10.26099109965889,14.84133200915696,0.09036616765624238,0.14156787511042368,2.2085384798074954,0.31243414551769844,0.5862947814133213,0.36110274067097736,0.17739810164729072,0.13086693108155045,2.2726109178587732,2.276621780243421,77500.0,0.0,3.0,1.5811388300841898,686.8,803.9674744664737
Accumulate + Select,156,1.0,0.0,31.63018060958935,22.646905458616278,5.114426400963841,7.455308824707213,10.141108515619845,14.862390373410234,0.08920125313474617,0.14171198819956662,2.121270798520615,0.26037450399950535,0.5855021449506888,0.3605833033481551,0.17685694323919404,0.13036468188690567,2.2704712428014973,2.276625482725555,78000.0,0.0,3.0,1.5811388300841898,686.8,803.9674744664737
Accumulate + Select,157,1.0,0.0,31.6304109183106,22.635919440144956,5.08848963390639,7.41770199763616,10.319721321591334,15.006364988567354,0.09083239175454311,0.1431392263888197,2.1076030344365817,0.2560158310912946,0.58471699889041,0.3600706691294893,0.17632389841703153,0.1298706390356981,2.2683890129557107,2.276678313151433,78500.0,0.0,3.0,1.5811388300841898,686.8,803.9674744664737
Accumulate + Select,158,1.0,0.0,31.63102856925324,22.62599705053251,5.062758655778874,7.380177002048927,10.034870928924994,14.526442007494277,0.08829865585555693,0.1385792733377096,2.1286744533568718,0.27415295913781046,0.5839338799005083,0.35956242612616235,0.1757961159458792,0.12938397188131076,2.266205261041186,2.2766017888327825,79000.0,0.0,3.0,1.5811388300841898,686.8,803.9674744664737
Accumulate + Select,159,1.0,0.0,31.631488016813222,22.615932695953706,5.037317218294171,7.343378933099866,10.253860420590735,15.05967109163074,0.09024720575974778,0.14360529537387312,2.2286694163109297,0.2382303085473681,0.5831514247260162,0.35905607131116246,0.17527143226956826,0.1289004647141445,2.2640965197343896,2.2765885242500543,79500.0,0.0,3.0,1.5811388300841898,686.8,803.9674744664737
Accumulate + Select,160,1.0,0.0,31.63149816983461,22.605027474463945,5.0122770277559034,7.307240091260979,9.838817539629334,14.275914633353276,0.0865958710136881,0.1361492213461009,2.1401225553491985,0.2972225763525998,0.5823760929018081,0.3585510197314354,0.17475258805259872,0.12842042967302045,2.262028322017146,2.2765776885248536,80000.0,0.0,3.0,1.5811388300841898,686.8,803.9674744664737
Accumulate + Select,161,1.0,0.0,31.631784781717272,22.595092646060806,4.987382122620899,7.271150084392293,9.91070041545451,14.321409466507237,0.08724504377613139,0.13656755102626064,2.178646100020737,0.2860979118611912,0.5816080013126088,0.3580493604376691,0.17424065669080493,0.12794675081436563,2.25991511292577,2.2765507623172985,80500.0,0.0,3.0,1.5811388300841898,686.8,803.9674744664737
Accumulate + Select,162,1.0,0.0,31.63198245738686,22.585549942747203,4.962667193628283,7.23531644037494,10.034482891979412,14.731773391652133,0.08844453151009228,0.1404676029892278,2.1968199056245847,0.3194661225973815,0.5808454627768127,0.3575520481407649,0.17373481197547191,0.1274789854708391,2.257763618009701,2.276503552420721,81000.0,0.0,3.0,1.5811388300841898,686.8,803.9674744664737
Accumulate + Select,163,1.0,0.0,31.633130440749902,22.57675914303992,4.938263401555327,7.1997429468325205,9.737503664182139,14.218753559225258,0.0856216920323454,0.13556778095616456,2.153356395937912,0.26409006845702254,0.5800933419821135,0.35705828322870453,0.17323625538430784,0.12701480661871323,2.255594010069873,2.2764009082442,81500.0,0.0,3.0,1.5811388300841898,686.8,803.9674744664737
Accumulate + Select,164,1.0,0.0,31.634317571994842,22.56845535631491,4.914179427021759,7.164605178007806,10.011473581364712,14.777161353227397,0.0885009735680218,0.14086449764109776,2.1916660130118193,0.2628756587746405,0.579350775627914,0.3565662726815435,0.17274407222142862,0.12655306106153458,2.253506977106954,2.276453558360184,82000.0,0.0,3.0,1.5811388300841898,686.8,803.9674744664737
Accumulate + Select,165,1.0,0.0,31.634629385247543,22.55935244838183,4.8903596305361905,7.130181615123188,9.623949684389622,13.873690467614292,0.08455092108987097,0.1323571376035064,2.196938505674522,0.2718983598901626,0.5786142062908243,0.35607728988379395,0.17225726953017773,0.12609515551584535,2.2513327560399774,2.276290960264767,82500.0,0.0,3.0,1.5811388300841898,686.8,803.9674744664737
Accumulate + Select,166,1.0,0.0,31.635959811418576,22.551256052036624,4.866673449685646,7.09569969989454,9.82875801215664,14.282382160547023,0.08652460964429641,0.1362286202280612,2.1674417560598918,0.28570863955846476,0.5778842807922239,0.3555928070639515,0.17177650097942854,0.12564209941721222,2.2492374382729357,2.2762392312393716,83000.0,0.0,3.0,1.5811388300841898,686.8,803.9674744664737
Accumulate + Select,167,1.0,0.0,31.63584498386883,22.541764184181915,4.843262957899221,7.06165483517812,9.535518515624082,13.809976455649347,0.08378741259815525,0.13166318266812269,2.1947684172275053,0.29599564836517683,0.5771628302534195,0.35511330094487,0.171303590091547,0.12519745871565788,2.2470710251027755,2.2761006924590057,83500.0,0.0,3.0,1.5811388300841898,686.8,803.9674744664737
Accumulate + Select,168,1.0,0.0,31.63654635816381,22.533386394940976,4.81999897771186,7.027739607565798,9.53686655796631,13.868401732611193,0.08393431247950804,0.13224663831892347,2.1564276967136364,0.26887799626393005,0.5764530258004564,0.3546392728759103,0.17083947715079612,0.1247600790666636,2.2449123226293297,2.2760246284911316,84000.0,0.0,3.0,1.5811388300841898,686.8,803.9674744664737
Accumulate + Select,169,1.0,0.0,31.637280994968712,22.525272170656258,4.796980186311341,6.994195377554325,9.868308577509072,14.55778867343875,0.08711900243627284,0.13878127259584058,2.2242089926588333,0.28215471689250504,0.5757558262998367,0.35416875280685217,0.17038292797287724,0.12432525344955053,2.242729332012792,2.2759505503493562,84500.0,0.0,3.0,1.5811388300841898,686.8,803.9674744664737
Accumulate + Select,170,1.0,0.0,31.6386017602444,22.517986197936008,4.774063706974852,6.96070268888128,9.521140350687759,14.056122683250095,0.08380665730978243,0.13397119011517025,2.088277290675624,0.25503269800582656,0.5750686007008563,0.35370107876091567,0.16993332488452145,0.12389490693449351,2.2405357219336466,2.275839387134525,85000.0,0.0,3.0,1.5811388300841898,686.8,803.9674744664737
Accumulate + Select,171,1.0,0.0,31.63943684671301,22.50984825418052,4.75151406292928,6.927855006578669,9.652910923371545,14.26703638738112,0.08511427016680924,0.13600972570845865,2.148172880404135,0.28490661065853556,0.5743874947681655,0.35323558339680133,0.16948885125938107,0.1234686101777299,2.238359885252877,2.27569906197292,85500.0,0.0,3.0,1.5811388300841898,686.8,803.9674744664737
Accumulate + Select,172,1.0,0.0,31.64033824363629,22.50202807284962,4.729236349241005,6.895409202761347,9.291746871863067,13.484500480793239,0.0816971748472047,0.12858257406414,2.2084826507258017,0.22562244055872874,0.573719454470964,0.3527761689672311,0.16905309963088713,0.12304792090109475,2.236229965143811,2.2756352769153807,86000.0,0.0,3.0,1.5811388300841898,686.8,803.9674744664737
Accumulate + Select,173,1.0,0.0,31.641266178997125,22.49473156279005,4.707017126600182,6.862912566331515,9.29812111614494,13.453069242224688,0.08176195790773588,0.12829095801506785,2.151366606558944,0.2596612575390301,0.5730625911070494,0.3523222420290892,0.16862528147641373,0.12263316922971107,2.233994978710069,2.2754720579067094,86500.0,0.0,3.0,1.5811388300841898,686.8,803.9674744664737
Accumulate + Select,174,1.0,0.0,31.641735742718982,22.486708947946102,4.685136638898167,6.83104127232956,9.326679223972219,13.602937579394721,0.08200660783553239,0.12967543528799585,2.119906248522075,0.26786278818576664,0.5724138507062159,0.35187059749949706,0.16820340131558437,0.12222287805346352,2.231843562972638,2.275402101172366,87000.0,0.0,3.0,1.5811388300841898,686.8,803.9674744664737
Accumulate + Select,175,1.0,0.0,31.642551710847393,22.479545748945263,4.663421094215183,6.799298804033284,9.195839388695436,13.428237207097823,0.08083360857073733,0.12805398843725763,2.1634978688799804,0.19855535612736594,0.5717790388191094,0.3514244664057423,0.16779025805311018,0.12181775147345139,2.2296192837238342,2.2752678362759315,87500.0,0.0,3.0,1.5811388300841898,686.8,803.9674744664737
Accumulate + Select,176,1.0,0.0,31.64366929759229,22.47257372797054,4.641863819084864,6.7676965156844,9.204201398121226,13.472935373997526,0.08099565288143883,0.12843296292251724,2.1540076714960303,0.296803656951208,0.571152495548715,0.35098161510340664,0.1673827978547306,0.12141603082802058,2.2274330883367157,2.275202127942524,88000.0,0.0,3.0,1.5811388300841898,686.8,803.9674744664737
Accumulate + Select,177,1.0,0.0,31.644685982787564,22.46556812202841,4.620587270059129,6.736543737177142,9.210639618344866,13.338099356177658,0.08107104520123395,0.1272329051903505,2.131877061539595,0.2165934167729638,0.570531130519093,0.35054286969675763,0.16698040150433485,0.12101984956197452,2.2252561172000243,2.275125631766322,88500.0,0.0,3.0,1.5811388300841898,686.8,803.9674744664737
Accumulate + Select,178,1.0,0.0,31.64549075857382,22.45825057349511,4.599536068864514,6.705703343034691,9.446378088139294,14.070590659160253,0.08320652482755744,0.13412575071141195,2.215777139479284,0.2830071786241625,0.5699222799666817,0.3501108074092212,0.16658665715360593,0.12063072671825495,2.2230507880204695,2.274961775873974,89000.0,0.0,3.0,1.5811388300841898,686.8,803.9674744664737
Accumulate + Select,179,1.0,0.0,31.645978131098463,22.450805948182243,4.5787167051942355,6.675247259287295,9.283822878382582,13.609480675520551,0.08176095984902496,0.1297437824964382,2.1349816457159596,0.25554090842886673,0.5693243139991179,0.34968386654547917,0.16620032704528195,0.12024728268619968,2.2208668636531996,2.274831145665234,89500.0,0.0,3.0,1.5811388300841898,686.8,803.9674744664737
Accumulate + Select,180,1.0,0.0,31.64724688744722,22.444502524842232,4.557914685372703,6.644694663538459,8.981768393127016,12.972048610303567,0.0789538515691941,0.12371916292188277,2.224500865398272,0.3348012564509501,0.5687325774271935,0.3492625096719271,0.16581981952561603,0.11987060939646696,2.2186198567006263,2.2746522113774534,90000.0,0.0,3.0,1.5811388300841898,686.8,803.9674744664737
Accumulate + Select,181,1.0,0.0,31.64795244810143,22.437495979714285,4.537397230317316,6.614760682952148,9.639559993736107,14.600942969233314,0.08516955432824674,0.13911055617636203,2.1935888530084457,0.3216301640444628,0.5681493940137667,0.3488445104479017,0.16544501783330798,0.11949772878095966,2.2163943293345136,2.274462511775546,90500.0,0.0,3.0,1.5811388300841898,686.8,803.9674744664737
Accumulate + Select,182,1.0,0.0,31.6490094909054,22.431194680150387,4.517002537750953,6.5848663165790615,9.288875628915372,13.651811695422499,0.08160945786973299,0.130148749652346,2.209561495308564,0.2981968082004656,0.5675778992796132,0.34843235370876247,0.16507773933336028,0.11913001538046948,2.214158660942813,2.2743075688014796,91000.0,0.0,3.0,1.5811388300841898,686.8,803.9674744664737
Accumulate + Select,183,1.0,0.0,31.650338503580013,22.42497267013092,4.496905559270008,6.555338729441823,9.068132882199867,13.427936401966722,0.07982493664543722,0.1279827724876209,2.084747446016171,0.24346824710648776,0.5670164421384993,0.34802720780346025,0.16471800497562067,0.11876976611393916,2.2119687395377317,2.2742023385758325,91500.0,0.0,3.0,1.5811388300841898,686.8,803.9674744664737
Accumulate + Select,184,1.0,0.0,31.651518093605972,22.41883373031323,4.476970822113492,6.526077860391837,8.87598622405014,12.818962592294875,0.07796543139002425,0.12227550914282533,2.1906543897399673,0.25923822950605496,0.5664554677353697,0.3476263330268737,0.1643612005633507,0.11841520296218853,2.209740064533096,2.274060554776229,92000.0,0.0,3.0,1.5811388300841898,686.8,803.9674744664737
Accumulate + Select,185,1.0,0.0,31.65258143861977,22.41243734533816,4.457210170997408,6.497181627410076,8.885476141645809,13.045254933693984,0.07823079582947506,0.12432327502932351,2.1397548555099877,0.26094529003899664,0.5658982849984048,0.34722923644259585,0.1640082578547712,0.11806511002587133,2.2075624954126174,2.273973354821658,92500.0,0.0,3.0,1.5811388300841898,686.8,803.9674744664737
Accumulate + Select,186,1.0,0.0,31.653452151020097,22.406135934269173,4.43766587259426,6.468576157607868,8.970708861313472,13.182200323456884,0.07896596215919507,0.12563557862137736,2.1822931294641474,0.24974238797002632,0.565344274908189,0.3468354644816106,0.16365842143521853,0.11771787335640456,2.2053332954645306,2.2737747414648215,93000.0,0.0,3.0,1.5811388300841898,686.8,803.9674744664737
Accumulate + Select,187,1.0,0.0,31.654518087216466,22.400034790196834,4.418252045186803,6.440155479986255,8.735007250424998,12.617620036928601,0.0767029237814533,0.12027915834880636,2.21183370449425,0.35227797397989935,0.564792979971641,0.3464466185835354,0.16331208370465394,0.11737520317210517,2.203133164865765,2.273636361545814,93500.0,0.0,3.0,1.5811388300841898,686.8,803.9674744664737
Accumulate + Select,188,1.0,0.0,31.65563447433927,22.394214599502348,4.398925414867309,6.411809087668812,8.711517286980069,12.660612193259656,0.07647863904760405,0.12068127382635634,2.1980151306176574,0.3165257619899935,0.5642442510026855,0.34606484857874487,0.162970318874245,0.1170407176299997,2.200890108886431,2.273442342929,94000.0,0.0,3.0,1.5811388300841898,686.8,803.9674744664737
Accumulate + Select,189,1.0,0.0,31.65653456038434,22.388137123168747,4.379969069122652,6.384015722653554,8.954245611110977,13.248206231979632,0.07898646778854182,0.1262280103885443,2.1946826441836436,0.23475816744779615,0.5636971014218837,0.3456859850859447,0.16263145197008844,0.11671105270350358,2.198682160675446,2.2732831191786778,94500.0,0.0,3.0,1.5811388300841898,686.8,803.9674744664737
Accumulate + Select,190,1.0,0.0,31.657497320274775,22.382136636798027,4.360936702785403,6.356120658444984,8.636657777726864,12.665454306756855,0.0758829108022615,0.12072444789598955,2.1499978074844575,0.21151365188772708,0.5631551482441012,0.34531357176043037,0.16229787546037647,0.11638875025749203,2.1964020290613013,2.2729901423622003,95000.0,0.0,3.0,1.5811388300841898,686.8,803.9674744664737
Accumulate + Select,191,1.0,0.0,31.659453541796466,22.37741926083848,4.342091734936336,6.328251586832566,8.706566711905763,12.69455336315948,0.07656615605872427,0.12102779186133501,2.1953425308177588,0.28317796176872634,0.5626151519038728,0.34494398365179274,0.16196700266716188,0.11607021020360461,2.1941023325351128,2.2727217171776735,95500.0,0.0,3.0,1.5811388300841898,686.8,803.9674744664737
Accumulate + Select,192,1.0,0.0,31.66006842457182,22.371308086284024,4.323546460228074,6.3010509575972415,8.78527085933566,12.805833166420905,0.07721169231271441,0.12210727759186867,2.2601221672351954,0.34800889217765407,0.5620825305364682,0.34458036942967835,0.1616419331621839,0.11575807134419358,2.1918487178465593,2.2724996923631795,96000.0,0.0,3.0,1.5811388300841898,686.8,803.9674744664737
Accumulate + Select,193,1.0,0.0,31.661392917436547,22.36615185536084,4.305088394471121,6.273752299824866,8.55476534440813,12.433145692403365,0.07523232206672556,0.1185266379348522,2.2225770066000434,0.29253942516049397,0.5615526333622488,0.3442200472054402,0.16131999659151888,0.11545019813519483,2.1895162822091527,2.272183408757194,96500.0,0.0,3.0,1.5811388300841898,686.8,803.9674744664737
Accumulate + Select,194,1.0,0.0,31.662381270699438,22.36070562215881,4.286946633640517,6.2470299199708546,8.747503186616445,12.785575903191784,0.07702010896224706,0.1218824912143869,2.099538456578521,0.2738316427979057,0.5610230495687979,0.34386049462367657,0.1609994164085173,0.11514434241311895,2.187267189064098,2.2719564351063375,97000.0,0.0,3.0,1.5811388300841898,686.8,803.9674744664737
Accumulate + Select,195,1.0,0.0,31.663417506775932,22.355169382442945,4.268932439301035,6.220477688801025,8.30835867329222,11.97037715934903,0.0729729465458421,0.11414327036302507,2.2576435140931967,0.31615937792376525,0.5604959434284493,0.34350545892562906,0.16068224040044998,0.11484390421246242,2.1850413136345685,2.2717063459482594,97500.0,0.0,3.0,1.5811388300841898,686.8,803.9674744664737
Accumulate + Select,196,1.0,0.0,31.664495830886818,22.349902658680296,4.250982006955007,6.194043624193494,8.383511488297064,12.100061527004769,0.07376991557924524,0.11540758527870645,2.161791554702977,0.21828729366382052,0.5599703639390553,0.34315214812171774,0.1603671339735297,0.1145461810394625,2.1827483338151024,2.2713989064010773,98000.0,0.0,3.0,1.5811388300841898,686.8,803.9674744664737
Accumulate + Select,197,1.0,0.0,31.665194850882223,22.344353776010404,4.23318398573109,6.167900620136241,8.178714893469085,11.613419963619075,0.07164240912510102,0.11075834315999565,2.2028339100695047,0.25658656831022014,0.5594472745878767,0.34280225491435923,0.16005502628925655,0.1142527909822487,2.1804485029995546,2.27102869181242,98500.0,0.0,3.0,1.5811388300841898,686.8,803.9674744664737
Accumulate + Select,198,1.0,0.0,31.666660872478843,22.33964624605897,4.215508255138636,6.141747878764155,8.797083276287813,13.232303638288322,0.07761031322973734,0.12607178691678214,2.136404845274017,0.2136095223995432,0.5589319177162693,0.34245710051190964,0.15974821329092845,0.11396425568343418,2.178136623035701,2.2706496252160506,99000.0,0.0,3.0,1.5811388300841898,686.8,803.9674744664737
Accumulate + Select,199,1.0,0.0,31.668261170355578,22.3350691207394,4.198072466527495,6.116027632746289,8.40255940080463,12.33598731443672,0.0739033810569416,0.11759061785126042,2.1178843835635544,0.2511851077890026,0.5584182112664255,0.34211207942884914,0.15944288644105237,0.11367669342866117,2.175917124841942,2.270376382220031,99500.0,0.0,3.0,1.5811388300841898,686.8,803.9674744664737
Accumulate + Select,200,1.0,0.0,31.669377209742674,22.330144791257062,4.1807780513319726,6.090556465161763,8.36339850079828,12.202509555272995,0.0735714826051218,0.11633538290561955,2.205523966262398,0.26598796591198226,0.5579066818219286,0.34177047651659764,0.15914006195146724,0.11339224942088962,2.173637814491463,2.27001871605824,100000.0,0.0,3.0,1.5811388300841898,686.8,803.9674744664737
Replace,0,0.0,0.0,0.2915999999997966,6.822220551967122e-14,62.77201873058,15.215228969247487,125.74077333381751,30.773986183595323,0.9979128973773745,0.017460515190752413,0.06942854890279967,0.009260218948994424,0.7219280948873623,0.0,0.2,0.0,1.7999999999993719,2.1047292916485777e-13,,,3.0,1.5811388300841898,686.8,803.9674744664737
Replace,1,0.0,0.0,0.4296394738518067,0.1484008808514271,65.80673237530496,18.006721878806452,132.1891981743516,34.8133796337242,1.0463907443959894,0.03946616198820137,0.135305817321286,0.028557650061717045,0.7397096051209682,0.06809228366752845,0.21117126403295558,0.03331657524572728,2.5203117733080087,0.634725354946676,,,3.0,1.5811388300841898,686.8,803.9674744664737
Replace,2,0.0,0.0,0.4234620986088931,0.15116114255896854,66.37206258199822,18.777947609023183,133.1115765898848,39.57753212842149,1.0470439941393195,0.06893790136633737,0.16896669570559042,0.02824253356157949,0.7542388544918119,0.10532223645434091,0.22224302235254637,0.05345002149045096,2.4245830807056636,0.5022473843920109,,,3.0,1.5811388300841898,686.8,803.9674744664737
Replace,3,0.0,0.0,0.5356635606887725,0.04338051061201653,65.76810094493399,19.76033424896567,132.70974708102315,41.1388076780523,1.0417072534050362,0.08105352279922295,0.19817515848154116,0.04700474364234078,0.745624211759297,0.12015113851523476,0.219415576702748,0.06224679534419973,2.6124097472508536,0.46276067401582377,,,3.0,1.5811388300841898,686.8,803.9674744664737
Replace,4,0.0,0.0,0.7114602920273881,0.3221526151793043,66.8173040922624,19.91427455977348,133.23686907794766,40.158292417416526,1.0477189898084132,0.08100714445842162,0.21826589225212314,0.04219144079259723,0.7425310520589405,0.13006115988088057,0.21880922603056882,0.06632580445287646,2.731260209541071,0.5243834111694017,,,3.0,1.5811388300841898,686.8,803.9674744664737
Replace,5,0.0,0.0,0.9307276975069241,0.4650796691882044,67.94377047767605,18.576663691253433,136.06431649498666,37.13745770399264,1.0748350512019575,0.04559644469721407,0.25789931458649523,0.07055467132308738,0.7518705181958508,0.14790871308434805,0.22753302986762733,0.08036601316963958,3.0038043586069905,0.5085864171010199,,,3.0,1.5811388300841898,686.8,803.9674744664737
Replace,6,0.0,0.0,0.971414803895971,0.48994047332637086,66.30652890264162,17.387123541016333,133.90787429345338,36.05699479615115,1.0586010906387837,0.043281910617105276,0.2465039482158821,0.08897901309172053,0.7639622952951047,0.15257309389274085,0.2354393465131074,0.08377965646990955,3.3279993102808567,0.9930927135312974,,,3.0,1.5811388300841898,686.8,803.9674744664737
Replace,7,0.0,0.0,1.5441934993643316,0.7321874311491474,66.36788714015381,15.579241231478436,133.28258433197345,30.869493646637828,1.0609791588121371,0.02997186323711597,0.29637747459938696,0.06836873689196578,0.7581489108991132,0.11661057012207703,0.2262315492022223,0.0624418533369648,3.1232874894794556,0.9744741007455203,,,3.0,1.5811388300841898,686.8,803.9674744664737
Replace,8,0.0,0.0,1.5093961640627873,0.8137185771018641,65.26309497357686,16.70364031833918,132.56877865391874,33.3250988388442,1.0515964966559088,0.041117535860524544,0.3039222529337521,0.05714174597449084,0.7359248508662481,0.12635906094127036,0.21468687618486718,0.06374581179551597,3.6444286504404504,0.8131607098363595,,,3.0,1.5811388300841898,686.8,803.9674744664737
Replace,9,0.0,0.0,1.7271435940410105,0.9708292831197174,64.98297840099497,16.847508712629438,130.25837710762244,33.72881912973883,1.032882433060803,0.05196056122483213,0.32654409526851486,0.08636271961798213,0.7341133675295133,0.09483058168905856,0.2104829459335357,0.048440375070466224,3.8359448732661754,0.9937548483893727,,,3.0,1.5811388300841898,686.8,803.9674744664737
Replace,10,0.0,0.0,2.0114006511371167,0.8779262162155063,65.56505860415237,18.18558216592978,131.04093985346273,36.803268881888414,1.0345215275662154,0.06831466519157317,0.3977834170635092,0.08382748423872947,0.7357131159350851,0.10613297460959112,0.21262673565699633,0.055575428182619374,3.795286397646521,1.055774874112077,,,3.0,1.5811388300841898,686.8,803.9674744664737
Replace,11,0.0,0.0,1.703751000759763,0.6263146513948795,64.53008341646982,17.070676678491377,129.023932236123,32.65454946098639,1.0236100575167024,0.044051346955404545,0.34096395791840683,0.06796507339146492,0.7546646953483545,0.11281942716707494,0.22474389798098873,0.06553491748842402,3.8405996959104605,1.0594422024566548,,,3.0,1.5811388300841898,686.8,803.9674744664737
Replace,12,0.0,0.0,1.7777238661878727,0.8224496436856792,63.007086094296234,17.533097112922455,125.35876898815052,34.88621529271972,0.9924458292531743,0.06305502973144173,0.3311502321624507,0.07014395313430923,0.7522040448943172,0.11863104568602105,0.22428725177063374,0.06930917474519145,3.9546184043625106,1.1683455000104497,,,3.0,1.5811388300841898,686.8,803.9674744664737
Replace,13,0.0,0.0,1.6500056182623237,1.192842778900983,62.571881583580065,18.2033870599746,126.50502522767613,36.337715183334005,1.0010541683687664,0.08303531270793235,0.34466308560858866,0.10330058735057104,0.7379931920377525,0.09902541218413555,0.2133610641848341,0.05374063046785526,4.1883766907713476,1.3423714844687726,,,3.0,1.5811388300841898,686.8,803.9674744664737
Replace,14,0.0,0.0,1.555837826006103,0.9883466960112739,63.404806911801565,16.49779832759054,126.12327303331206,33.308757008579796,1.0031835817250694,0.08754649906423209,0.34402133474038277,0.08991148085400663,0.7498064447904944,0.08637234449402457,0.2186668070452212,0.048759974501599336,4.5871772040493735,1.577364886448899,,,3.0,1.5811388300841898,686.8,803.9674744664737
Replace,15,0.0,0.0,1.6123319139026364,0.9000637346953628,62.608087374974126,17.270996973877534,125.70249006009718,34.42096428012266,0.9971753974615225,0.07429585342753034,0.354246246556823,0.06710458182259511,0.7429503263331516,0.07318761577604017,0.21386231345674078,0.0419480323749032,4.378383203157666,1.367828228776131,,,3.0,1.5811388300841898,686.8,803.9674744664737
Replace,16,0.0,0.0,1.918318820382055,1.2196890892812096,61.69195636250786,17.39749355037341,123.46177763305282,34.913501007009515,0.9775713888014558,0.07625292297635865,0.3677688123135571,0.10373702130537661,0.7303456855572826,0.07031752193780602,0.20664659397202265,0.03648658049669013,4.535220347967415,1.6002011272553733,,,3.0,1.5811388300841898,686.8,803.9674744664737
Replace,17,0.0,0.0,1.8702778355300107,1.1572455073661023,62.274844798668575,17.25487428409005,124.06306117862403,33.92348696455928,0.9835387647783043,0.06734612184298551,0.36584665597893323,0.09966887391212283,0.7391788585090007,0.08303144700151165,0.21236517154476645,0.044477421096250254,4.725568216516261,1.6899884525722677,,,3.0,1.5811388300841898,686.8,803.9674744664737
Replace,18,0.0,0.0,1.9201918745209192,1.5792246534828112,63.22172333319047,16.962869548814403,125.98412480350018,32.69636736534815,1.0008024292362958,0.07904439205290012,0.3915204476244928,0.13589951293224584,0.7350528165018534,0.11023781954581803,0.21253234320913142,0.0564924386896629,5.245302420807074,1.8282138747520795,,,3.0,1.5811388300841898,686.8,803.9674744664737
Replace,19,0.0,0.0,2.310100927746203,1.5080013509724202,62.12403112932979,17.484331228867482,123.39845242888046,33.932370783518486,0.9779218380051642,0.08311824778367066,0.4361648967918719,0.12221472171120128,0.7331759445031857,0.13808961839523332,0.2151015859630973,0.0716015523515453,5.623769709871101,1.747153108633,,,3.0,1.5811388300841898,686.8,803.9674744664737
Replace,20,0.0,0.0,2.4010287392913283,1.4246468108144776,63.08964047991144,17.540869249769205,125.56117066581866,34.29630139178324,0.9969476281869444,0.1052324851567584,0.4404649504472079,0.14185513141164524,0.7289944430846113,0.1128993578562902,0.2103557614770132,0.06214305432958899,5.734627316948258,2.0203660041920646,,,3.0,1.5811388300841898,686.8,803.9674744664737
Replace,21,0.0,0.0,2.3139953603861487,1.4391699959472484,61.39615388363327,16.981487364909896,123.33635677892758,35.01635936436321,0.9768342308073745,0.09391363154415205,0.42770473198367964,0.1442443480946518,0.6953055816842352,0.11837471223847286,0.19373093952688408,0.06256582969715423,5.689634236571831,2.2735040726960527,,,3.0,1.5811388300841898,686.8,803.9674744664737
Replace,22,0.0,0.0,2.352158292380854,1.550314696409246,60.391657477432204,15.985078681858566,120.3375909156402,32.25489928322424,0.95672908474511,0.10119261105149605,0.44514533344537927,0.11534591377585174,0.6791090834069583,0.132433982726644,0.18738856130275303,0.0680637315576978,5.780807748295065,2.2403112662030136,,,3.0,1.5811388300841898,686.8,803.9674744664737
Replace,23,0.0,0.0,2.4476238628226064,1.4681742797611506,60.10307059064563,15.75040132174039,119.60593235490475,30.926844451736454,0.9535111232843156,0.09516139842076364,0.4339264956363803,0.12232231892653112,0.6975858316198567,0.11824948942947117,0.19455446259299017,0.06082856847301719,5.804635531782246,2.204808045317462,,,3.0,1.5811388300841898,686.8,803.9674744664737
Replace,24,0.0,0.0,2.397817319746941,1.6917823433435206,58.121022247494885,16.485404674649715,117.26055794873078,34.04674680118506,0.9319068452004344,0.11368979951988553,0.42292852168856454,0.15460782594973974,0.685933345101553,0.1083606910873242,0.18750944773764675,0.05233544093937267,5.627383883601927,2.0840541154812002,,,3.0,1.5811388300841898,686.8,803.9674744664737
Replace,25,0.0,0.0,2.647219593528453,1.4448666383108906,59.35248381985385,19.190349796238614,118.5543160420809,37.33142332358995,0.9377637894856397,0.12146673088388243,0.43816668315948437,0.13825827465900853,0.6850586515640102,0.12159201399031772,0.1884293425338367,0.05916744881442347,5.734948137179441,2.317959005654574,,,3.0,1.5811388300841898,686.8,803.9674744664737
Replace,26,0.0,0.0,2.7734259601079727,1.403624609169367,59.33530217301804,19.086767912521356,118.9049832585542,37.58938309020225,0.9424319701310392,0.1384971386144556,0.5059845145190941,0.13432080473147778,0.7107730830223223,0.10542705369559287,0.19954656554107242,0.0533103156634654,5.872291904367982,2.204048636969706,,,3.0,1.5811388300841898,686.8,803.9674744664737
Replace,27,0.0,0.0,3.151579277904826,1.6672718628595482,60.422911624524524,20.320935856887477,120.56570517848745,41.2553345944986,0.9533452114163294,0.16116655442617603,0.49656731826980416,0.14070345441370527,0.7190078662257186,0.11121078784992836,0.2043625932874301,0.056969961394868804,5.913048794221879,2.2808279215807756,,,3.0,1.5811388300841898,686.8,803.9674744664737
Replace,28,0.0,0.0,3.5987993148346136,1.9925692438699565,62.42706259571569,21.999211446334225,124.08695116861102,43.803624329857804,0.9814367700932065,0.18853885858161795,0.5249851905331935,0.12980313489862885,0.7289301289305147,0.13140735961483735,0.21299520260229907,0.0733699428817011,5.978964057594487,2.283190074583568,,,3.0,1.5811388300841898,686.8,803.9674744664737
Replace,29,0.0,0.0,3.5130448079543664,2.1063382337450816,64.05943032600308,21.794741569714358,127.52412689434561,43.10828198088037,1.0115956051435746,0.19335085663044121,0.5460255857292158,0.16542626498658985,0.7459987392498618,0.11948716197144398,0.22160080348905006,0.07271750521130224,6.016914542128764,2.397282823928719,,,3.0,1.5811388300841898,686.8,803.9674744664737
Replace,30,0.0,0.0,3.410651726638909,1.9450443913641156,63.421540924252824,20.719702522695723,127.91184654456747,41.85169914341167,1.0164322503866574,0.19164649358020633,0.5495575159988463,0.1315442929074447,0.7645676690924317,0.12208242042405544,0.23396326822994035,0.08096792353247767,5.9527053684596645,2.3475450222138394,,,3.0,1.5811388300841898,686.8,803.9674744664737
Replace,31,0.0,0.0,3.50059233571237,1.9280927344387395,63.80047053057292,22.003387880794804,126.86688521231997,43.37760310121591,1.0103504120054823,0.2208750419421391,0.5485126352391243,0.17283835319184135,0.7761302237168117,0.12681971186045946,0.24219565054537337,0.08595422343203468,6.02767265154598,2.1671526811264976,,,3.0,1.5811388300841898,686.8,803.9674744664737
Replace,32,0.0,0.0,3.385360786141491,1.9759209677114662,61.60879220320211,20.682252745822822,123.5425692319196,42.07676453362256,0.9826331642036445,0.20207039009511835,0.5601919008974657,0.16854765578834002,0.7976411911952547,0.10457941665034927,0.2506122633688033,0.06930124466445593,6.178854562393924,2.3277729836404606,,,3.0,1.5811388300841898,686.8,803.9674744664737
Replace,33,0.0,0.0,3.602248289083062,2.24523087243788,61.56656528464956,22.396942644952173,122.27310739663116,46.342037178182636,0.9737825432060541,0.24621782982141308,0.5866479408345595,0.1809409437626362,0.7853004291526495,0.12104155548685436,0.24565804042237369,0.07855569714157563,6.138413719791243,2.330163185501274,,,3.0,1.5811388300841898,686.8,803.9674744664737
Replace,34,0.0,0.0,3.8320378712957095,1.8396283802563116,60.917296886737816,21.667803229584436,120.09856584390806,41.550993844814364,0.9607398806922317,0.22742652735998578,0.5866224255117353,0.15588998250035124,0.7916399163862442,0.10774083551194567,0.24768937254180337,0.0725109207196426,6.252939072892467,2.2281126949661476,,,3.0,1.5811388300841898,686.8,803.9674744664737
Replace,35,0.0,0.0,4.083662980423105,2.036704740625337,60.270001053857754,20.018119968958167,120.58873534682327,39.94861331637587,0.9645050032730135,0.21501812025627987,0.5984766105713203,0.15709418913175963,0.7754644639575982,0.13114891992291774,0.24188386636994727,0.08570412772736025,6.3324426311371935,2.2343718260469134,,,3.0,1.5811388300841898,686.8,803.9674744664737
Replace,36,0.0,0.0,4.387014392627741,2.6321411512946478,60.51402742098528,21.188265938627918,120.96893897534335,44.120921380182324,0.964836824009972,0.23462276164831633,0.6174716033150882,0.19726841814014728,0.7608582281942582,0.15144248631287346,0.23839465119428266,0.10100743785260217,6.349768116309379,2.1709199428456554,,,3.0,1.5811388300841898,686.8,803.9674744664737
Replace,37,0.0,0.0,5.348394010371768,3.4267099501479743,60.61858182281984,21.544155355974006,120.87789668539054,43.383086183502066,0.9642082436108879,0.23725666118633182,0.6780455725178384,0.20854360271085612,0.7586388877538862,0.15526652836714522,0.23998678349104696,0.10948295987332411,6.313237776833418,2.377916383498427,,,3.0,1.5811388300841898,686.8,803.9674744664737
Replace,38,0.0,0.0,5.1164351127578795,3.3291488343045783,59.96427937094162,21.1601021671936,119.116506226773,42.17760692312159,0.9492677601467354,0.218544297629814,0.6609718868275409,0.22169104821663094,0.7562860517817521,0.15444278613521104,0.23599329680825476,0.10145677286789191,6.0942435829579695,2.0374506289735144,,,3.0,1.5811388300841898,686.8,803.9674744664737
Replace,39,0.0,0.0,5.958687575421643,3.5600217370864105,58.78956655863544,21.516724795423734,117.56824847694648,42.75966355884546,0.9321899993733517,0.20062792150060094,0.6864879596822462,0.24715934127702896,0.7113472756219213,0.17822328346445468,0.2179921487957504,0.11940623170066558,6.103097363173621,1.8211161980327113,,,3.0,1.5811388300841898,686.8,803.9674744664737
Replace,40,0.0,0.0,6.302609623147729,3.5639047756613818,59.33390369425022,20.11562991982525,118.5622921344835,39.164752915127565,0.9474272909051003,0.21658209898837974,0.6875519128857526,0.17686415419324716,0.7210504648142235,0.170922529079295,0.2223986851228174,0.11809647565788947,6.32686008384415,1.9997255286591527,,,3.0,1.5811388300841898,686.8,803.9674744664737
Replace,41,0.0,0.0,7.471375648553986,4.812921198047373,57.95122764197539,18.648215605744017,116.24269187220239,37.805068882219025,0.9372574948017076,0.2536274967245049,0.8044439843442992,0.23449774479598667,0.7432753736681477,0.18384376790929052,0.24199818295743375,0.13518147394297295,6.150175241411248,1.9505415284814032,,,3.0,1.5811388300841898,686.8,803.9674744664737
Replace,42,0.0,0.0,8.256759217808511,4.716928098441651,58.34395481593733,18.133327667558085,117.68818291946147,35.625562393795484,0.9522866721402506,0.2502722207288764,0.7860154103416791,0.2098430145930439,0.725755662010479,0.20156804683014887,0.23631513753162658,0.14338385868069398,6.153186280036107,2.0686704964134806,,,3.0,1.5811388300841898,686.8,803.9674744664737
Replace,43,0.0,0.0,7.8389740078953505,4.879640475664646,57.46298233708851,15.318501067368349,115.14648300311023,32.07682193499628,0.9350075987800409,0.23793626589450115,0.736678575067185,0.22600084476015528,0.7383464322572358,0.213364033997486,0.24642403894521414,0.14801137999835934,5.987893105940264,2.1305848539709333,,,3.0,1.5811388300841898,686.8,803.9674744664737
Replace,44,0.0,0.0,7.3591541024239175,4.53616191886036,59.445474575203775,17.731528581138846,118.91198212208658,35.06385424977546,0.9610634224925636,0.23358750833325304,0.7885123224518564,0.2956846060516999,0.7350012885898243,0.22332873315795407,0.2427997815950235,0.14291680735392168,6.069084908867167,2.4517637214113974,,,3.0,1.5811388300841898,686.8,803.9674744664737
Replace,45,0.0,0.0,7.696323984929457,4.869842038802421,58.25181103941782,17.749594157021704,116.81541207748292,35.655000435403444,0.9399192224367411,0.21599729825317057,0.7784254898929703,0.2727749605898588,0.7392474212452058,0.23108209943531247,0.24919974488668806,0.15015059259908042,6.088577380452555,2.230832794589051,,,3.0,1.5811388300841898,686.8,803.9674744664737
Replace,46,0.0,0.0,7.3016168188519135,4.116174769903335,57.33680095135155,17.165154309417186,114.06647610547898,35.786817170780736,0.9156820589795664,0.20775306885715905,0.7525178355818718,0.2190045588582543,0.7241185626193359,0.24583277536418952,0.23999973389184137,0.1471529643953282,6.112310596210019,2.319208482717694,,,3.0,1.5811388300841898,686.8,803.9674744664737
Replace,47,0.0,0.0,7.6346165866759375,4.112481556268627,56.5238834318706,18.862398216208447,112.46874959693533,37.38974382771911,0.9037009617654397,0.2231077411182242,0.7837115638384095,0.20278802746868196,0.7263093406852356,0.2741156728894136,0.24399996447223699,0.1482025624705362,6.007028681644919,1.9583196730720471,,,3.0,1.5811388300841898,686.8,803.9674744664737
Replace,48,0.0,0.0,8.015753699162271,3.964249978976761,54.035557655051534,17.700968226965927,108.901584919802,36.25065919010657,0.8771608566856688,0.2279594218294332,0.7661652801705854,0.20171809067771543,0.7102862612292826,0.2981819378288259,0.2355998464455201,0.14500617162706517,6.076255290160151,2.1057272082958653,,,3.0,1.5811388300841898,686.8,803.9674744664737
Replace,49,0.0,0.0,7.798071491370112,3.77907957558562,53.01499055706397,18.277068219742873,105.94467033304696,36.27666359110642,0.8509415167704659,0.21715371271564832,0.7955348524372604,0.1928600016047851,0.716578110003276,0.2938592013230929,0.2371998871995517,0.14142559298934135,6.3013303189310665,2.2394053824932447,,,3.0,1.5811388300841898,686.8,803.9674744664737
Replace,50,0.0,0.0,7.7564048403042705,4.351518770114145,53.032752442447574,20.02572119660576,105.39427424194882,38.960855950812615,0.8453925277459099,0.2346910011261935,0.8362764998029724,0.2997234595407748,0.7046033829942996,0.2977472514764807,0.2347999200656295,0.1504499995498627,6.403853974125795,2.4863614808545735,,,3.0,1.5811388300841898,686.8,803.9674744664737
Replace,51,0.0,0.0,7.716157328128122,3.8168682693392726,52.60869775453549,23.00563414751091,105.16083637686401,45.77419676931263,0.8316909459112537,0.23459323295103135,0.8151881497425393,0.24265926290403902,0.691870974587302,0.30740220921341327,0.22319995991929636,0.13713205537254416,6.4246011178036255,2.6448356833243194,,,3.0,1.5811388300841898,686.8,803.9674744664737
Replace,52,0.0,0.0,7.808448936838753,3.506950764162789,52.10071167307653,22.811484307364257,103.92642970908518,45.47953573682118,0.8176443179316524,0.2144067132872356,0.8197839164796269,0.18590487290345928,0.691291433734523,0.30964007562148704,0.2219999886533252,0.13417153264826406,6.308703741329685,2.712938370550484,,,3.0,1.5811388300841898,686.8,803.9674744664737
Replace,53,0.0,0.0,8.104539794743797,3.679528582821606,52.0372583520868,23.170011166420256,103.96362259351963,46.06636181940616,0.8181934902531808,0.22209477763229965,0.8602493020903548,0.2354629351585476,0.6711942599920105,0.3232291555159344,0.219199979855519,0.15005066682192436,6.320111733828114,2.5035330575662798,,,3.0,1.5811388300841898,686.8,803.9674744664737
Replace,54,0.0,0.0,8.415056080298813,4.151565291417184,51.71438528251313,23.093409984771043,103.94842951917228,47.05891637826884,0.8132643877639817,0.21021673340400135,0.8986647919096195,0.20404177452383512,0.668019940628201,0.30940821615882746,0.21679999480845438,0.15127194251825918,6.29318526032872,2.28066201806059,,,3.0,1.5811388300841898,686.8,803.9674744664737
Replace,55,0.0,0.0,8.7217284074076,3.8911430017759,51.57982995430824,21.812682640258235,102.93144094922192,42.850747526667135,0.8111152032160585,0.19563065802633162,0.8716483835137894,0.19622092869528662,0.6738767732070471,0.29558750554598445,0.21679999688818344,0.14716385530616835,6.249126751913631,2.2922312867797574,,,3.0,1.5811388300841898,686.8,803.9674744664737
Replace,56,0.0,0.0,8.607526640060197,3.5613871874509506,52.18051114475139,23.05443660364429,102.99985841793698,45.178348030613364,0.8060198469425778,0.19412737821844242,0.8949874877355365,0.22578664346111033,0.6599761159953291,0.3008159681109052,0.20519999839968656,0.13387755606774396,6.509728808659217,2.4997499768124642,,,3.0,1.5811388300841898,686.8,803.9674744664737
Replace,57,0.0,0.0,8.72966133190754,3.9620005132233636,52.93111458992039,24.196711740209622,105.40254456090365,47.45530061391789,0.8216195763968515,0.20022753250247452,0.8466383767181261,0.2215824439521564,0.6409486292318175,0.2949973738322316,0.19479998798921486,0.13154162929752633,6.3524787181000395,2.36351917105795,,,3.0,1.5811388300841898,686.8,803.9674744664737
Replace,58,0.0,0.0,8.16604119213324,3.6352879451780375,52.6619593476227,24.13846985815839,105.47420336007626,47.894232999082234,0.8240326729300553,0.21255950880346017,0.830452274919479,0.1977380125225545,0.6303416664177995,0.3111667365285535,0.1923999997949189,0.1346283774424001,6.3426559052044365,2.3756808826196156,,,3.0,1.5811388300841898,686.8,803.9674744664737
Replace,59,0.0,0.0,8.636891216088557,3.938931883249482,52.4284065248253,22.62833398207107,105.43911679013134,44.89786294542345,0.8281313238363703,0.21035945660707897,0.8721443841127167,0.25041486587596834,0.624067467391997,0.3331606660500563,0.1955999986849044,0.14555686190262884,6.237829816874118,2.4314167569328116,,,3.0,1.5811388300841898,686.8,803.9674744664737
Replace,60,0.0,0.0,8.752473778329634,3.5730111293728,51.313743435174544,22.752653542175025,102.98964965245834,45.507117855062305,0.8064771205344515,0.21553600664358868,0.8235653204553361,0.20531093594446387,0.6350302669132668,0.33032672166855015,0.2011999997170797,0.14767261095839287,6.366116991176232,2.3770695021897805,,,3.0,1.5811388300841898,686.8,803.9674744664737
Replace,61,0.0,0.0,8.6367140732536,3.388845071393938,50.734287035499584,23.087179800701193,101.87326909588128,48.042523038445616,0.7940503789021612,0.22940507736878116,0.81924867851257,0.17448068476515657,0.6513139029425915,0.3397403357909703,0.20879999989544823,0.1446623655585964,6.277371363691981,2.343984115526232,,,3.0,1.5811388300841898,686.8,803.9674744664737
Replace,62,0.0,0.0,8.918125794875005,4.033447745072968,50.453540961088734,23.962203469195927,100.41908710046684,47.603608797154855,0.7845791286692878,0.23286241703975155,0.8795943355452259,0.2707329401761779,0.662667141025935,0.3585824897927567,0.22039999997362147,0.15395713690073962,6.348009126933505,2.4225459008150936,,,3.0,1.5811388300841898,686.8,803.9674744664737
Replace,63,0.0,0.0,9.009512601261154,3.4100294533143902,49.99389355422327,24.584038473397378,100.48963533360389,49.738671268003486,0.7798536852960275,0.22548820078013207,0.873070897268188,0.19458124240214458,0.6536302237787313,0.3663556238107421,0.21799999967005873,0.15691398926511427,6.232930899347521,2.263507482418511,,,3.0,1.5811388300841898,686.8,803.9674744664737
Replace,64,0.0,0.0,8.403370156741547,3.210667182465334,50.26032798908472,25.56802569729129,101.48016514698455,51.76275982111553,0.7868041558306047,0.2354333743139217,0.8654893503076171,0.22979136919462148,0.6384738564478876,0.3721324442045545,0.21159999998200765,0.15838813087843082,6.25425215593141,2.308869087712371,,,3.0,1.5811388300841898,686.8,803.9674744664737
Replace,65,0.0,0.0,8.683748321142215,2.762706239370703,50.026686657474215,26.94579299897905,100.01550069107866,55.15461513879498,0.7693389298635824,0.25282319030112904,0.9160845540615565,0.22830328708615089,0.631326028223358,0.37541674142071374,0.2087999999905068,0.15872365923698825,6.20197678999739,2.3304683633530314,,,3.0,1.5811388300841898,686.8,803.9674744664737
Replace,66,0.0,0.0,8.520365444196454,2.911909996153111,50.67496672463415,28.52719961426613,101.9154646230538,57.70915252046817,0.7812962151541788,0.26613952434146565,0.8718144577925514,0.18463069844727906,0.6166448754532234,0.3617871943415067,0.19839999999928237,0.15457942942106528,6.315729893760297,2.547392948948413,,,3.0,1.5811388300841898,686.8,803.9674744664737
Replace,67,0.0,0.0,8.766744693536499,2.3060472435861064,50.46113744271081,27.111809467773696,100.24366867250664,54.127681464502906,0.7731615996198963,0.24870120623769362,0.9352594629026763,0.21719534362110837,0.6167475931496572,0.34877944100315544,0.2027999999998542,0.1688703644812449,6.3541559021724385,2.5750757575659775,,,3.0,1.5811388300841898,686.8,803.9674744664737
Replace,68,0.0,0.0,9.299816759392263,2.683521540600409,49.588293747890916,27.000322243578918,99.4005735218856,53.961258227735186,0.7688574275621544,0.25314729945414505,0.9059400622889278,0.1793874342488931,0.6124072009098731,0.3698309560807309,0.20999999999998914,0.18358649187781434,6.306494166458586,2.7102844257557797,,,3.0,1.5811388300841898,686.8,803.9674744664737
Replace,69,0.0,0.0,9.930801287284117,2.8767668515605584,49.4819039136901,24.97478922305479,99.51770185714759,50.5331630911457,0.7753895469356189,0.2469798928226668,0.9216456938679233,0.22169181989527992,0.6179359897220991,0.3644648004492388,0.21239999999996337,0.18448522976111026,6.294823806268605,2.7189268978859222,,,3.0,1.5811388300841898,686.8,803.9674744664737
Replace,70,0.0,0.0,9.519120684423868,3.144394289462007,48.62949000991533,24.990947157377835,97.58505453975631,52.22572689362124,0.7567342328045884,0.25576708459853753,0.9298077661876387,0.16894280593272198,0.5943241035756588,0.36712541738362403,0.19639999999992613,0.1735880180197365,6.257321444230431,2.799634818540023,,,3.0,1.5811388300841898,686.8,803.9674744664737
Replace,71,0.0,0.0,9.349162363115928,3.3046003331754723,48.268667992794164,25.13508531033468,96.92874702340184,51.573643663069866,0.7535103512717078,0.254677613642139,0.9450598818448119,0.24639580153072496,0.6034136509926169,0.345594734296047,0.19159999999997912,0.15793922881920758,6.219274327543068,2.857029660200324,,,3.0,1.5811388300841898,686.8,803.9674744664737
Replace,72,0.0,0.0,9.51105416137165,3.115417380126719,48.77833133980743,24.809743339028298,97.31802361375472,49.8080278912011,0.7606421033516574,0.2534036434503481,0.9085252830925292,0.25787387254652994,0.6110182259679757,0.3386529080900762,0.19279999999999192,0.15385447669795682,6.29294635077886,2.9142835750050606,,,3.0,1.5811388300841898,686.8,803.9674744664737
Replace,73,0.0,0.0,9.394601044860707,2.9849686406631024,47.98880383632728,24.31184537310708,95.83912930004178,48.0721743034338,0.7504871414806111,0.2430212323355189,0.948073158016846,0.26782289293180456,0.6009622375427666,0.3537978992131943,0.18799999999999653,0.1490771612286772,6.314264655823651,2.9356064754928073,,,3.0,1.5811388300841898,686.8,803.9674744664737
Replace,74,0.0,0.0,10.234606888692358,3.1356618733959905,48.068522777949035,23.90278399259354,96.22647993238374,47.566473578067935,0.7570105333004807,0.2574169524781224,0.9681008476250745,0.19134811719246972,0.6122292521282104,0.375392369670156,0.2048,0.17209648456607127,6.206715933230956,2.808884136496995,,,3.0,1.5811388300841898,686.8,803.9674744664737
Replace,75,0.0,0.0,10.648430441162507,2.4651830984443,50.75163212726021,26.016288988784815,102.28014977576889,52.69028793571994,0.8032402676186434,0.287036161029593,0.9904727949765932,0.23259929082799874,0.6195801157273259,0.38591018962415735,0.2131999999999994,0.17969195864033594,6.258481900621083,2.8916422940198525,,,3.0,1.5811388300841898,686.8,803.9674744664737
Replace,76,0.0,0.0,11.078652780999693,2.4570487196318163,51.02916133006812,27.151741597305605,101.02983544604639,52.747766268734885,0.7937551029263441,0.29442021159882076,0.9851657107022366,0.24015376405145725,0.6101633697014797,0.4029058813313202,0.21599999999999725,0.1897366596101054,6.149705162104733,2.7596847691881554,,,3.0,1.5811388300841898,686.8,803.9674744664737
Replace,77,0.0,0.0,11.458437774113797,2.2238532372408724,51.11119006263024,27.954884326041125,102.73430731184801,55.22634835830804,0.8034374481356986,0.3002449013863169,1.0503882256245898,0.16267360093058073,0.6212088292845455,0.38666103473318825,0.21639999999999837,0.18380097932274608,6.160126027605901,2.836058442557423,,,3.0,1.5811388300841898,686.8,803.9674744664737
Replace,78,0.0,0.0,11.565973563819306,2.4018393752982203,52.03579212055691,30.40109169982353,104.38483194142309,61.3535313788163,0.8094334041482731,0.3268759640663214,1.0133977058461991,0.1969704261650707,0.6247422875442588,0.39066161152290835,0.2184,0.18264939091056395,6.281800036873425,3.0020583935170664,,,3.0,1.5811388300841898,686.8,803.9674744664737
Replace,79,0.0,0.0,11.962323784768872,3.1736346678075105,50.25548741880256,28.691252655052242,101.39323316635691,58.57759659982055,0.7861755263847137,0.30393273783523356,1.0245566192867297,0.18801296352300725,0.6277681608841694,0.3832395211393599,0.22159999999999996,0.18775729013809292,6.170625984678544,2.7594812565677382,,,3.0,1.5811388300841898,686.8,803.9674744664737
Replace,80,0.0,0.0,11.576646302889987,2.7154795243808842,51.45974631199381,32.765358827503,102.03340917884293,64.45267652924058,0.783815821916942,0.3283458494949918,0.94354088526353,0.2070626406218229,0.6237714644921986,0.3834101683334929,0.21719999999999992,0.18319170286887998,6.405542093585349,3.0898038640838785,,,3.0,1.5811388300841898,686.8,803.9674744664737
Replace,81,0.0,0.0,11.509288145444046,2.307660684005979,51.2727204166877,32.12799803530571,102.35090382532225,64.96722634016535,0.7861328533366828,0.33146031374796,1.0137784129928897,0.20087170023585044,0.6056652691440177,0.39680043229683937,0.2064,0.17524497139718448,6.309918759455082,2.934542675212881,,,3.0,1.5811388300841898,686.8,803.9674744664737
Replace,82,0.0,0.0,12.340088765074418,3.0426157283207087,50.776575014248884,29.460947397292784,100.34065409301078,58.04161366317672,0.7816056752102586,0.3215802569704476,1.1041044475100084,0.18934975717970146,0.612918210176537,0.39654928942383966,0.21200000000000002,0.179655225362359,6.37087273585265,2.9927142228032833,,,3.0,1.5811388300841898,686.8,803.9674744664737
Replace,83,0.0,0.0,12.48181639581795,2.72674807981088,50.08480872998432,28.699460957230215,100.36779434101568,58.19500660085958,0.7834748950373225,0.3239471596383785,1.0779257421294264,0.17843264361393754,0.6238146662754815,0.3897717298886724,0.21600000000000003,0.17899161991557033,6.441128597050034,2.924471882171814,,,3.0,1.5811388300841898,686.8,803.9674744664737
Replace,84,0.0,0.0,12.390558252694667,3.1490566457740607,49.92179826863115,29.304115080145134,98.78443427340264,57.59912325125182,0.7702077149364893,0.317094393783516,1.0391366778167814,0.18499316191833376,0.6434596786284472,0.38929166023415207,0.22480000000000003,0.17616242505142804,6.49416165314401,2.961991916291478,,,3.0,1.5811388300841898,686.8,803.9674744664737
Replace,85,0.0,0.0,12.803235332220378,3.930551361687015,49.634661080633165,30.566302834301403,99.60012893871628,61.303410286117916,0.7711347610354528,0.3296688771537747,1.116840572562801,0.23155662496921647,0.6591381247593786,0.397811142698874,0.24159999999999998,0.18979146450775916,6.505614454243347,2.9519009970726153,,,3.0,1.5811388300841898,686.8,803.9674744664737
Replace,86,0.0,0.0,13.040239371568457,4.086634444861958,51.574511408800376,33.08584623095436,103.10012990561356,65.57572145602022,0.797839818951435,0.36004407403617306,1.0859375327191092,0.15906119090073165,0.6375963118102914,0.41191355371091154,0.23199999999999998,0.18964704057801693,6.706726187125606,3.2364257503896843,,,3.0,1.5811388300841898,686.8,803.9674744664737
Replace,87,0.0,0.0,13.97290892564719,5.07842867525538,51.78906015410763,33.20507464244489,103.9797737260969,67.25617233865695,0.8019362894996369,0.3659270843681369,1.1417363804845178,0.22495935306996978,0.6525212794642866,0.40756261348562123,0.2384,0.18762942199985588,6.703146850648719,3.1505200335231143,,,3.0,1.5811388300841898,686.8,803.9674744664737
Replace,88,0.0,0.0,14.839552864326503,7.310010302081141,50.961821251351054,31.231842356884652,102.5096306569433,63.736645258138395,0.7938759639616123,0.35178016341782553,1.1053942362098734,0.276821637048195,0.6343564560424625,0.40307012115574753,0.22160000000000002,0.17507369876711923,6.5278632313835505,2.977298288015497,,,3.0,1.5811388300841898,686.8,803.9674744664737
Replace,89,0.0,0.0,15.491400405310088,8.32081011426922,52.16456980614239,32.45864108609502,104.43989300548057,64.92969623393793,0.8154468527531126,0.38465286712921953,1.1320133663393774,0.2638157092608113,0.6446791188032825,0.4042169498901,0.22679999999999997,0.17461156891798435,6.5806552457311485,3.0990521386535423,,,3.0,1.5811388300841898,686.8,803.9674744664737
Replace,90,0.0,0.0,15.3623542040208,9.612520297405608,53.228628771985356,33.51999879445769,105.03293433793121,66.29121210734799,0.8182772907087322,0.3909605927841838,1.2101960378447405,0.3493455653910917,0.6350342372219299,0.3997613443915222,0.21719999999999998,0.16600963827440862,6.6739229837653395,3.2158642107996442,,,3.0,1.5811388300841898,686.8,803.9674744664737
Replace,91,0.0,0.0,15.120547557318975,7.16446320173289,53.41705359733078,34.40082977972634,105.30995563010813,67.95602012135443,0.8191603649136787,0.39710823911848464,1.171797554678505,0.319395363599751,0.619968977181726,0.40358561266997367,0.2184,0.182829975660448,6.761843538787607,3.2861076390822532,,,3.0,1.5811388300841898,686.8,803.9674744664737
Replace,92,0.0,0.0,14.253495572310024,6.855197975552828,52.202499910135145,32.7053562723213,104.60476326251573,64.89242212686462,0.8184788154751509,0.3922880568041306,1.1160783339035691,0.18408745470359097,0.6078390239436968,0.39034330488298735,0.2132,0.18691495392290045,6.5367252138977845,3.001885428223918,,,3.0,1.5811388300841898,686.8,803.9674744664737
Replace,93,0.0,0.0,14.902985976266155,7.500365915347622,51.97470019719164,31.584662789728835,103.27812276790152,61.969769521526146,0.816571811540363,0.40369904803549356,1.1056908495565982,0.18262495252944197,0.6045417963370221,0.3850460859396251,0.2064,0.17756914146326214,6.3862745622989605,2.6290615831190682,,,3.0,1.5811388300841898,686.8,803.9674744664737
Replace,94,0.0,0.0,15.768572306951006,9.329831523509585,52.117276638934456,33.585052859279415,105.4516196767735,67.80450785429268,0.8228210396398504,0.40380684431746927,1.1925796367039192,0.24262812043453447,0.6091366357806051,0.380959959186097,0.2028,0.16600963827440862,6.422844366504582,2.6769749310124142,,,3.0,1.5811388300841898,686.8,803.9674744664737
Replace,95,0.0,0.0,15.526951526266586,10.64017763901081,51.358567172210236,33.75464913209666,102.43532541210818,68.00405586552053,0.7935321886207951,0.38911898222217195,1.1048092028395629,0.3185968502775124,0.6048841381069905,0.38347887199572267,0.202,0.16814874367654373,6.484185467985308,2.754203908195789,,,3.0,1.5811388300841898,686.8,803.9674744664737
Replace,96,0.0,0.0,15.395719220209912,11.941536295248394,50.26231950177243,30.865813330216675,99.59290784257186,60.63476489597723,0.7779088000426458,0.3532304157330362,1.0604156822406932,0.3023292841491981,0.5993732088090303,0.36853041724610774,0.194,0.15864425612041552,6.487271773182734,2.743666775590255,,,3.0,1.5811388300841898,686.8,803.9674744664737
Replace,97,0.0,0.0,15.15767750504084,12.818843959883724,49.92637218312734,31.965065733949626,99.961753974765,64.13544574262946,0.7747108971606488,0.3613664585316736,1.1522515089029777,0.4588734952837375,0.611784461389001,0.3705923382290478,0.198,0.15407141201403976,6.4475212154784725,2.602804370098638,,,3.0,1.5811388300841898,686.8,803.9674744664737
Replace,98,0.0,0.0,14.868677257939073,12.563918163506965,50.048831042927574,31.33483494515824,99.52316879093131,60.64033418459181,0.7772435791921003,0.3550257583282218,1.199924583780216,0.4379214924463022,0.6136249291717414,0.37565130983844053,0.2004,0.15670609432948035,6.444168499875877,2.5781869730024587,,,3.0,1.5811388300841898,686.8,803.9674744664737
Replace,99,0.0,0.0,14.50496761831506,12.40444067619058,49.273418066901804,29.499039529655104,98.39194830979885,58.63642992959173,0.7685967501627847,0.3372371194219131,1.1097475568366106,0.273270613612601,0.6518429039703979,0.3811961096892782,0.2184,0.15395713689205837,6.403408974047096,2.5684177283268204,,,3.0,1.5811388300841898,686.8,803.9674744664737
Replace,100,0.0,0.0,14.480750080490662,13.52781220848666,47.817022721538514,28.253484688923926,95.87760305304893,56.30771504382122,0.7495653035137347,0.322046511994667,1.1094596454991394,0.44531796796910594,0.6438195860017888,0.37883046562177125,0.2152,0.15643912554089529,6.4915625122367775,2.680910309620876,,,3.0,1.5811388300841898,686.8,803.9674744664737
Replace,101,0.0,0.0,14.616644144421366,14.432940509116044,48.23374420411413,29.196473716825903,95.45336859259422,56.37043072048922,0.7452650486089424,0.31616787584354983,1.1303689533737666,0.43755803197368776,0.6419423260319206,0.3747736774294262,0.2104,0.14819851551213326,6.569129023260899,2.798583538247123,,,3.0,1.5811388300841898,686.8,803.9674744664737
Replace,102,0.0,0.0,14.16699498575685,13.471460653341055,50.40950555425528,31.837374597454712,101.79423605239624,64.73205004615649,0.7875861438357517,0.3520390219880977,1.0933091901769347,0.37326723164606035,0.6422444877510018,0.3795838289514591,0.21800000000000003,0.16424372134118248,6.808034639366821,2.97510602018627,,,3.0,1.5811388300841898,686.8,803.9674744664737
Replace,103,0.0,0.0,14.755860064167592,13.816876094392423,48.94239092019624,29.191533305770673,99.59535413712311,60.763196116610736,0.7781434088121553,0.3472485758482926,1.1485405965976123,0.3645713113614705,0.6582258106918356,0.38327080914756895,0.22400000000000003,0.15865686244219,6.625236511147712,2.76746233536173,,,3.0,1.5811388300841898,686.8,803.9674744664737
Replace,104,0.0,0.0,15.733250566567847,14.539241215724465,46.888851320343406,27.513287821746665,94.56310917741658,54.80593290548522,0.7440753221916394,0.3282499688705562,1.1393498025214455,0.4089841164459267,0.6634125240175963,0.3855811215446746,0.22400000000000003,0.15211837495845135,6.822722762377954,2.808948343838107,,,3.0,1.5811388300841898,686.8,803.9674744664737
Replace,105,0.0,0.0,15.723297932418145,14.667513732314765,43.693441606431165,23.737396964200716,87.57194389136313,47.547586307191025,0.6951817176395644,0.30145545712522526,1.1291987465294593,0.4104248691198067,0.6634593725277533,0.3857641992290907,0.2232,0.1501905456411954,6.659720848346917,2.671235469946774,,,3.0,1.5811388300841898,686.8,803.9674744664737
Replace,106,0.0,0.0,16.84158557615803,14.57992259192377,43.797144321040854,22.350947867477498,86.48759236261161,44.42638078339251,0.691408603932162,0.29930815455397797,1.1283440246939525,0.3790237416327417,0.6598921505145631,0.3877591315922186,0.2232,0.15399740257549802,6.634670241533345,2.552589791773918,,,3.0,1.5811388300841898,686.8,803.9674744664737
Replace,107,0.0,0.0,18.344978920553245,17.29061375713427,46.594050427506644,23.69167949611882,93.47539876808892,48.29110319625179,0.7524193136982278,0.3453359261621378,1.2809039241379678,0.40193707081015123,0.626720397748145,0.37364354090064256,0.1992,0.13848176775301504,6.7360588158295425,2.5758759136635883,,,3.0,1.5811388300841898,686.8,803.9674744664737
Replace,108,0.0,0.0,17.454304248106347,16.241348680053466,46.155328135632544,22.143617411661438,92.71460742069522,44.82115326599011,0.7537265152017674,0.351335730351406,1.1977696115756566,0.5381562327848671,0.6259763305540413,0.38325593244674094,0.2056,0.15352784763683755,6.632863392414054,2.542198523914565,,,3.0,1.5811388300841898,686.8,803.9674744664737
Replace,109,0.0,0.0,18.30562643556287,16.685702202362254,45.89596084094708,22.469546834886344,93.40462791067341,46.34891180229121,0.7641592334686726,0.38912354473795624,1.2793791082799435,0.46427228302262447,0.6404028455700027,0.38744564643425083,0.2132,0.1539064651013725,6.737287994086043,2.5941749575524606,,,3.0,1.5811388300841898,686.8,803.9674744664737
Replace,110,0.0,0.0,17.655497648522005,13.691547753651564,48.43310760702766,24.785277890123595,96.31602706017523,49.37600270309327,0.7866965068118752,0.40840192253070523,1.238281992832489,0.38470290812373326,0.6504257268163203,0.39155944469184306,0.22240000000000001,0.16223069993068512,6.879357074870109,2.781685125477999,,,3.0,1.5811388300841898,686.8,803.9674744664737
Replace,111,0.0,0.0,17.64798932198941,13.432545477365306,47.708264652128854,22.968683292022668,93.92259390536933,45.38171972929435,0.7747328685716702,0.41135431536402417,1.3258617138390711,0.3541899205220975,0.6456918703528244,0.39205282983509665,0.21960000000000002,0.16132203817209848,6.817822164509385,2.585637450591232,,,3.0,1.5811388300841898,686.8,803.9674744664737
Replace,112,0.0,0.0,17.258004577013807,13.169381664554262,47.720782677217,23.282247449612704,96.25816034696736,48.12991242911746,0.8012640017261354,0.4673245096769925,1.2501738467934385,0.37749579438570796,0.64224235112677,0.39724855210192883,0.22160000000000002,0.1682105823068216,6.7001072194019855,2.4378245895867745,,,3.0,1.5811388300841898,686.8,803.9674744664737
Replace,113,0.0,0.0,17.30971313039078,13.840963973283971,46.93260531450513,22.686542747792412,94.47990840959399,46.70251448995702,0.7888665955957823,0.465108939438244,1.2269771472032602,0.35430808624774346,0.6412900595342149,0.3951719384948932,0.22080000000000002,0.16801547547770712,6.824517076439932,2.5100151677484033,,,3.0,1.5811388300841898,686.8,803.9674744664737
Replace,114,0.0,0.0,17.097471791775355,12.274870400100031,46.82105082261277,21.825137541178744,93.83990054738457,43.4278369397207,0.7802377517301237,0.42052311971951406,1.2544263898918886,0.3480685052118434,0.6407005422549791,0.3911851326241979,0.21760000000000002,0.16269234769957683,6.83281333167894,2.3738345107868244,,,3.0,1.5811388300841898,686.8,803.9674744664737
Replace,115,0.0,0.0,16.434734626514526,10.577234550265498,46.698673240670566,22.302613898676668,93.77960472041613,44.710634864882664,0.7738462847173042,0.3992527738358091,1.2015167513012153,0.25039149968970903,0.6182456305762413,0.3944466977996779,0.2104,0.17042535022701288,6.848738954494178,2.6043961013074153,,,3.0,1.5811388300841898,686.8,803.9674744664737
Replace,116,0.0,0.0,16.89949011496759,11.723215590757174,43.886713359617566,20.42179363537294,88.67801947682055,41.6120731695742,0.7322404606745332,0.3786793301276506,1.160954165395515,0.3053685114985081,0.6301766382395076,0.3925341970173146,0.2144,0.16687360486308192,6.801315450509565,2.703299064158837,,,3.0,1.5811388300841898,686.8,803.9674744664737
Replace,117,0.0,0.0,16.368954429414153,10.553207516051799,44.743759388410275,21.298419474662587,89.71240104823599,41.5310105573991,0.7354897678964274,0.35326943411833683,1.183176308091101,0.2565157839175748,0.6344733130183612,0.3897382879446401,0.2136,0.16105527001622766,6.86066266535194,2.7476182937495466,,,3.0,1.5811388300841898,686.8,803.9674744664737
Replace,118,0.0,0.0,17.2545666567217,12.088037445792123,45.431486636033924,22.08320204539368,91.69634230645082,44.01747917888147,0.752479459709972,0.37594473149803415,1.2742058025058633,0.3193337401009867,0.6170618627332698,0.39401649713773895,0.21000000000000002,0.17087422274878092,6.986152940096376,2.894817580711787,,,3.0,1.5811388300841898,686.8,803.9674744664737
Replace,119,0.0,0.0,16.905940949511823,10.20636501527413,47.25300807400413,23.344185630000933,93.66923585613202,45.92954497158324,0.7746834857363007,0.42461898398190107,1.2197974211887075,0.30527951202121695,0.6208870155251145,0.4040400023254251,0.2184,0.18204065479996495,7.053496698816799,2.831612962373583,,,3.0,1.5811388300841898,686.8,803.9674744664737
Replace,120,0.0,0.0,17.40181597240349,10.3323451628993,46.963331234263684,22.527385684123075,93.36143453305615,44.69640074862077,0.7712727972498395,0.4102607631316476,1.2186544881234922,0.28049536998523256,0.6062404294577651,0.4153990686773218,0.2132,0.18346443797095938,7.152714616854224,2.7211160914104604,,,3.0,1.5811388300841898,686.8,803.9674744664737
Replace,121,0.0,0.0,17.197600635985548,10.368823339404623,47.4584364169862,23.113460075829472,94.179360254009,45.155924742874376,0.7783858446842131,0.4163820680155803,1.2436406113760279,0.3184637055349942,0.5970824971247283,0.4099605786264118,0.2036,0.17385281130887703,7.219321239065742,2.7384557700730197,,,3.0,1.5811388300841898,686.8,803.9674744664737
Replace,122,0.0,0.0,17.801634830754967,11.497818227718563,45.83163803483596,21.686701514753214,92.37804103358002,44.08850694504137,0.7607227736461144,0.3954740827479983,1.329728787109905,0.41045472539488376,0.5938117697303633,0.40192623467148153,0.198,0.16663733075154558,7.06586352323793,2.731718271946686,,,3.0,1.5811388300841898,686.8,803.9674744664737
Replace,123,0.0,0.0,17.891898635830348,11.345623690192706,44.67311127826483,20.390958565783823,89.48891360732557,40.29894965316465,0.7411883277686865,0.3792632339869812,1.233217958699131,0.24700849190591875,0.5759485375845667,0.4140278008467098,0.1944,0.17365713345555372,7.234667488304228,2.5656070075824267,,,3.0,1.5811388300841898,686.8,803.9674744664737
Replace,124,0.0,0.0,18.34467377688241,12.114844927651053,44.34659947695944,21.397295183035382,88.80958503582785,43.13478858462599,0.7273194268362875,0.3694385275762866,1.2358083750365907,0.32099810320990946,0.5635100305980503,0.43130103938285835,0.1916,0.1751707738180088,7.396882225417004,2.651711568968611,,,3.0,1.5811388300841898,686.8,803.9674744664737
Replace,125,0.0,0.0,18.984201467163494,12.6740798906037,44.773995187490186,21.33672331498208,89.01699204345582,41.9492950146073,0.7321926178333015,0.3735339562590433,1.2485941454227567,0.22606306389576836,0.5528809689450599,0.421359652153105,0.1828,0.16787257071957884,7.445070272345282,2.6451752280098666,,,3.0,1.5811388300841898,686.8,803.9674744664737
Replace,126,0.0,0.0,19.181343212665485,12.733833462364833,44.97716932149335,22.235921500523496,90.062447648537,44.56181202373225,0.7414772467336167,0.40407011944891724,1.3256376292544096,0.22359991742208177,0.5158416194398369,0.4255232823247785,0.168,0.16693112352104983,7.39676570207962,2.6636536992902866,,,3.0,1.5811388300841898,686.8,803.9674744664737
Replace,127,0.0,0.0,19.02873750278487,13.189510319718183,43.33250410922299,21.054664025111553,85.80162743675949,42.165374569897885,0.7036162914885552,0.3686071591110225,1.278749133491702,0.36894564791362455,0.5221300215711303,0.43510995609004033,0.17120000000000002,0.16582279698521551,7.27602197945798,2.499848293891341,,,3.0,1.5811388300841898,686.8,803.9674744664737
Replace,128,0.0,0.0,18.60418468738165,11.755424474532681,42.548069186789476,20.512502112430163,84.55152065135292,41.1021796871501,0.6911033801763321,0.3508540335037849,1.2407621588679145,0.27821412307095,0.5194608374604947,0.44170520454256024,0.1728,0.1705848762346768,7.360760915623265,2.310778497654537,,,3.0,1.5811388300841898,686.8,803.9674744664737
Replace,129,0.0,0.0,18.064362683798436,10.5758643784889,41.58413937239048,19.93700794420229,83.29065238700228,40.669405829558464,0.6828903627485705,0.35450704956205753,1.197527031591698,0.24614170292491522,0.5082431788290249,0.4621378059888074,0.1752,0.18027534495876021,7.402924070101446,2.1766989190116415,,,3.0,1.5811388300841898,686.8,803.9674744664737
Replace,130,0.0,0.0,17.7670553101653,9.462538863831714,39.88708276338146,18.997314217644387,80.04780681296049,38.21513100041726,0.6525186937950626,0.31531138188852553,1.238363534536933,0.1923610302735542,0.515683320928416,0.47799105811174514,0.184,0.18803191218513945,7.372393349806305,2.074538927432018,,,3.0,1.5811388300841898,686.8,803.9674744664737
Replace,131,0.0,0.0,17.320650207249432,9.486809529396028,38.638671037738405,18.234843841248132,76.88818374423425,36.73069533987389,0.6268218564836359,0.30560484954147604,1.2452110698013825,0.28015605412668837,0.5233603756771839,0.4852719551394878,0.1932,0.1984368917313512,7.280026851709076,2.036859866264262,,,3.0,1.5811388300841898,686.8,803.9674744664737
Replace,132,0.0,0.0,16.448428394645834,8.81213518304743,38.73609297457814,17.954311492613574,78.90866326317033,37.25239872209585,0.6486163175942204,0.3332503050411291,1.2532970338465628,0.2529558077830386,0.5179468928076135,0.4923490530589135,0.1956,0.20490680808601747,7.1194953359167075,2.2244988908012795,,,3.0,1.5811388300841898,686.8,803.9674744664737
Replace,133,0.0,0.0,16.167464117732898,8.437136128409032,38.78311803259059,17.28618029952445,78.06640271247234,34.59636461343606,0.6351383826057029,0.2820101897202102,1.254531492265145,0.2650821957493428,0.4992030978535601,0.48464031703744803,0.184,0.1994542554070983,7.15872872567833,2.191732978221799,,,3.0,1.5811388300841898,686.8,803.9674744664737
Replace,134,0.0,0.0,16.02407748321562,8.876671857803341,37.32651536166296,16.649525258461946,74.02684167087567,32.56580465378637,0.60011113934397,0.25472184907740075,1.259655732533488,0.2744969284633446,0.4925174372761599,0.47770348410188274,0.1752,0.1883645401873718,7.0785209303407814,2.1766968012884704,,,3.0,1.5811388300841898,686.8,803.9674744664737
Replace,135,0.0,0.0,15.380298209840442,8.262686717591961,37.888086642179,15.295913265689892,75.8135834491128,31.165932339857374,0.6161680242644476,0.2500790231570108,1.196641019367834,0.310746027365041,0.49299113140442846,0.4795772270299857,0.178,0.19348384945519354,7.071600254665141,2.202701705015556,,,3.0,1.5811388300841898,686.8,803.9674744664737
Replace,136,0.0,0.0,15.615346772081406,7.5819402760562085,38.106831654925195,16.108225365833622,76.20621651641304,32.277741448690556,0.6203508878513457,0.26747692879710666,1.2478293698028882,0.21619756255188252,0.49594732373604067,0.4854451569754308,0.18439999999999998,0.20269385782504606,7.2382479707849425,2.3079877190309266,,,3.0,1.5811388300841898,686.8,803.9674744664737
Replace,137,0.0,0.0,16.565757819591784,9.027161456704883,37.87514823117424,16.7326327629162,75.40574018643369,32.71514477524649,0.613219182014948,0.267621739507658,1.2033949668748964,0.2267958428708678,0.4939979066485872,0.4806967045680239,0.17880000000000001,0.19405978460258066,7.1848673844962345,2.2396798860886666,,,3.0,1.5811388300841898,686.8,803.9674744664737
Replace,138,0.0,0.0,16.46467893696365,7.862225634405799,38.00151195405071,17.235097211428023,75.84977838728597,34.643595909132834,0.616364568994464,0.2825229826876867,1.3050453597854195,0.3159410482634768,0.5090021649284961,0.4870891178871809,0.188,0.19879134790025446,7.244251278649915,2.186512117310406,,,3.0,1.5811388300841898,686.8,803.9674744664737
Replace,139,0.0,0.0,16.31137584528618,7.365529139906557,37.78198879922919,17.81225213776795,75.07888007132988,36.02060700204598,0.6103162455200714,0.293062000500201,1.2688417580700915,0.24493850477419618,0.4966677048376259,0.48158294239154587,0.18,0.19411852049714373,7.2161410238631,2.272226300024321,,,3.0,1.5811388300841898,686.8,803.9674744664737
Replace,140,0.0,0.0,16.240195684388546,7.884974179620713,38.50611103698329,17.87682084296009,77.4478197740452,36.25758540547237,0.6293180729163584,0.2927188139965536,1.2605298520388544,0.31960869324723806,0.48237541167357756,0.47820801042604,0.1736,0.19337735131085027,7.118955534624641,2.2582806995304914,,,3.0,1.5811388300841898,686.8,803.9674744664737
Replace,141,0.0,0.0,16.283080001967658,7.462162350095793,38.49757127282483,18.436945508572638,76.50700767642778,36.708592495664966,0.6203614326757185,0.2904256500937503,1.3166869690332756,0.28464332617081123,0.49188770779218416,0.48323255357002276,0.1828,0.2032712473519066,7.076814883672398,2.2347144081876498,,,3.0,1.5811388300841898,686.8,803.9674744664737
Replace,142,0.0,0.0,17.026122713978168,8.907338348310326,36.79999201395678,16.512436963870336,73.06410775571878,32.41016717098864,0.5982397605444884,0.27799350624669206,1.298409380315436,0.2345345827582693,0.47053284024024117,0.4691234416211008,0.1672,0.19146592386114036,6.986099242015603,2.0934883526682446,,,3.0,1.5811388300841898,686.8,803.9674744664737
Replace,143,0.0,0.0,16.997308815850836,9.229969757035505,35.52498713433083,15.144981936665094,70.27516044286031,30.11150741184535,0.5827764059701249,0.28987009311828954,1.3326951897831183,0.31756357841535465,0.46483453880959524,0.46240043648859647,0.1604,0.18249602735402212,6.93636122496806,1.9881494316346722,,,3.0,1.5811388300841898,686.8,803.9674744664737
Replace,144,0.0,0.0,16.440139751742088,6.759509120463929,34.95751052903494,14.394550754168957,69.56235868215927,28.053154796505016,0.5749424854575783,0.25806373956015244,1.2736827795403474,0.20947149530863599,0.4708510792538883,0.47873827711169487,0.1748,0.20490778413715766,6.944836848034856,2.009874580674989,,,3.0,1.5811388300841898,686.8,803.9674744664737
Replace,145,0.0,0.0,17.094701665754243,7.041192638853954,34.68691534728964,14.519387544427708,68.88832228651572,29.228825934259145,0.5670789782960136,0.25328102789323415,1.3471254291880883,0.3712172225150582,0.45669540950531184,0.47864659732577886,0.17200000000000001,0.21008093678389766,6.912846982822839,2.006000315210968,,,3.0,1.5811388300841898,686.8,803.9674744664737
Replace,146,0.0,0.0,16.76482622553466,7.931898262120742,34.460073542238845,15.201718020013065,68.41569108189428,29.691516480809597,0.5595615203129484,0.24223553008853863,1.3835988175934453,0.28901800736497685,0.45427415984798164,0.4735657455230957,0.16560000000000002,0.20007698518320394,6.837635165474159,1.9006133223167156,,,3.0,1.5811388300841898,686.8,803.9674744664737
Replace,147,0.0,0.0,16.419723677575345,7.559950923954153,34.1001198835328,15.135536923470866,67.96018171517241,29.545565878919685,0.5559700818148247,0.2401672479576761,1.2352452491963148,0.34924031496430485,0.4692840035386169,0.4692250202163743,0.1676,0.1933359769934194,6.758163190684002,1.8558928431109623,,,3.0,1.5811388300841898,686.8,803.9674744664737
Replace,148,0.0,0.0,16.78791103450117,8.843300828097796,33.25438897408947,14.69077325665253,66.83990159569058,30.083297957958,0.5473234488077294,0.25162380545598423,1.3294745571364335,0.4019169414423078,0.4565282383779089,0.46258608956160185,0.16160000000000002,0.19213745080020186,6.74019169723673,1.926315295184334,,,3.0,1.5811388300841898,686.8,803.9674744664737
Replace,149,0.0,0.0,16.938368112823557,8.315633145972646,34.39054169976223,15.607004887303688,68.62823943899932,31.48590759366598,0.5654859509496862,0.2790525050663815,1.2966790561818717,0.36668998742618947,0.45108936164256414,0.46267583203514656,0.1588,0.19031342569561405,6.875819507727762,2.0087886001355093,,,3.0,1.5811388300841898,686.8,803.9674744664737
Replace,150,0.0,0.0,16.93539794478886,8.208458352640152,34.657474524523096,16.519787729829293,69.30655700032165,33.11361203542123,0.5699409603427084,0.293593819391388,1.2995011413399475,0.36745844552657436,0.4696780014595143,0.4656748507559831,0.1656,0.1894381165446912,6.874894280949531,2.079811671509702,,,3.0,1.5811388300841898,686.8,803.9674744664737
Replace,151,0.0,0.0,16.67242883645518,7.945619069727471,34.52063473411015,17.13989923859444,69.31759559592612,34.59367888938228,0.5602748978806147,0.26262525543568477,1.3187769214462457,0.2597703711753939,0.46249359521910716,0.4603167757670557,0.1564,0.1754787736451335,6.851758384846323,2.074931178897155,,,3.0,1.5811388300841898,686.8,803.9674744664737
Replace,152,0.0,0.0,15.669123915613099,8.185419225943031,35.52797019508347,17.455003450617287,71.05488202096714,35.00222900204282,0.5791517477324353,0.2867960233414233,1.2349648263840618,0.3184431961046748,0.4829662225020569,0.4643286555284489,0.1628,0.17146778123017747,6.847523137524061,2.046893268908314,,,3.0,1.5811388300841898,686.8,803.9674744664737
Replace,153,0.0,0.0,16.094312973776223,9.414227012412322,35.11494928711382,17.37327141992236,69.86078250950763,35.25543538706161,0.5706091742878996,0.29977918998347014,1.2676171786338242,0.3214344854507734,0.4752589658233222,0.4482180762817544,0.1516,0.1535083059642051,6.810530443747453,2.0778079937975367,,,3.0,1.5811388300841898,686.8,803.9674744664737
Replace,154,0.0,0.0,16.309763976832233,10.63276080690041,35.26119521677836,17.934882600587567,70.77879165673149,36.02263770914028,0.5813073514862004,0.3206819551020814,1.2754827433121843,0.3251362394171894,0.4760560982525173,0.4511346122171507,0.1564,0.16505393058028034,6.770481840737671,2.1481914481956608,,,3.0,1.5811388300841898,686.8,803.9674744664737
Replace,155,0.0,0.0,16.088554212748168,10.514245960616021,35.348878456600495,16.79506622423298,70.43461144594605,33.453483208065144,0.5786751890011654,0.2982916845146614,1.2896569806774558,0.2854191010533068,0.4886454029242082,0.4573933486434824,0.16240000000000002,0.166729721405633,6.855151301664192,2.278427026011651,,,3.0,1.5811388300841898,686.8,803.9674744664737
Replace,156,0.0,0.0,16.48868069345506,10.538779581562107,34.186392313043,15.80034149754762,68.92554459004035,32.184983731597214,0.5618846157040899,0.26373499424538244,1.2785286162804694,0.3524927730316579,0.496261060501263,0.46315028149543097,0.1688,0.1738309523646465,6.831053849025116,2.128362351293759,,,3.0,1.5811388300841898,686.8,803.9674744664737
Replace,157,0.0,0.0,16.460378276464066,10.626771039718214,34.53577208699515,15.174074032777153,68.78182845365147,30.930646446249085,0.5616933873918057,0.2557211213104778,1.2597799234455536,0.3741983092430257,0.49384789729652756,0.46062372092075704,0.16560000000000002,0.16894022611562942,6.8916274294834965,2.161397439890509,,,3.0,1.5811388300841898,686.8,803.9674744664737
Replace,158,0.0,0.0,16.398757828250563,11.019915701977395,35.288338032508456,15.787526057128712,71.47427576754292,31.974754127417242,0.5838045078575865,0.26617720617570245,1.2598618994575912,0.3346506591376334,0.4896137909457644,0.45533418267307485,0.16040000000000001,0.1610987274934225,6.944895612953246,2.3930656114916626,,,3.0,1.5811388300841898,686.8,803.9674744664737
Replace,159,0.0,0.0,16.840268231603897,11.270791654192822,35.36673193531895,16.32066619541736,70.414980309002,33.55016495014764,0.5712212358406749,0.262853289448074,1.2369318082732028,0.3080533512187941,0.49205080285411257,0.4575360722300506,0.1628,0.1643751806082658,6.934533507613656,2.3897171216165995,,,3.0,1.5811388300841898,686.8,803.9674744664737
Replace,160,0.0,0.0,16.294376776159783,10.072047686650777,37.0661846344438,17.366727762230003,74.58682803124515,35.57164022907052,0.6120612497657909,0.31197062281701043,1.2541422946941645,0.3589420123737191,0.504531132225215,0.46881596804637166,0.174,0.17699717511870067,6.985644243631526,2.4349328601481166,,,3.0,1.5811388300841898,686.8,803.9674744664737
Replace,161,0.0,0.0,16.78331821080183,10.194787066134076,36.005669351960584,16.342977914721573,71.94312402163125,32.425293850685065,0.5855539149640384,0.2613079171623086,1.328941662307112,0.39938077046237896,0.4928347256180004,0.45932224649729453,0.164,0.1662287580414412,7.143603317427622,2.6155966942222375,,,3.0,1.5811388300841898,686.8,803.9674744664737
Replace,162,0.0,0.0,16.346526623078855,9.59309297396612,35.60010328139739,16.00449501468116,71.1813032947414,32.46590985578032,0.5766275220681165,0.2493357903195482,1.3293330057462358,0.27722234166326215,0.5035872940027534,0.4645302935763621,0.16599999999999998,0.15928590647009547,7.152696643338002,2.5791702709107356,,,3.0,1.5811388300841898,686.8,803.9674744664737
Replace,163,0.0,0.0,16.38126482916913,8.844299247041446,36.71163384530679,16.729599962355476,72.60876000794185,33.53729054330112,0.5864498915422864,0.2466881176266683,1.2506680849302731,0.2984086393860198,0.509732024255644,0.4721244457202327,0.1736,0.17034905341680065,7.213324920933184,2.7078379217200705,,,3.0,1.5811388300841898,686.8,803.9674744664737
Replace,164,0.0,0.0,16.686410233148585,8.645036293685559,36.66421247952208,17.284673740430218,73.33176821901694,34.73900113655181,0.5960452771834378,0.2759080488800618,1.2522967326363301,0.35856333591428347,0.5040418221612545,0.4695879383494766,0.1712,0.17067278634861505,7.15664493323919,2.6884644761240253,,,3.0,1.5811388300841898,686.8,803.9674744664737
Replace,165,0.0,0.0,16.868448301286676,8.603809622833833,36.65636959311415,17.636217343554748,72.67626519439605,34.29350886583894,0.5902805883209175,0.2696082300614712,1.3176733896285944,0.31828227291588035,0.508210540119283,0.47018669922676265,0.17119999999999996,0.16646080619773532,7.221863992528381,2.667491139866066,,,3.0,1.5811388300841898,686.8,803.9674744664737
Replace,166,0.0,0.0,17.142985070704356,8.578370135703326,34.724943959962665,15.899887393808841,69.3168062993935,31.649144050428713,0.5613493424252294,0.23831350534551596,1.3362819815819749,0.34818443933672255,0.500718543839658,0.46633272529935527,0.1672,0.16483082236038257,7.187844808124872,2.512096952195604,,,3.0,1.5811388300841898,686.8,803.9674744664737
Replace,167,0.0,0.0,16.868562463659842,9.520060623930176,33.200823428083126,14.667439089509186,66.24305234226311,29.31587713158774,0.5411836419264107,0.24529271887331427,1.2630353992923715,0.2452075438009587,0.49703650809882055,0.46427599627096233,0.16720000000000002,0.16894140996215226,7.011786063421175,2.256266612756924,,,3.0,1.5811388300841898,686.8,803.9674744664737
Replace,168,0.0,0.0,16.68606633237179,9.669756407935424,31.743532089785855,13.3740879710755,64.02518188297236,27.084085320056147,0.526295719218695,0.24078683355704789,1.2980442434608592,0.31870894149203244,0.503034852983874,0.467110785221558,0.17,0.1693280839081338,6.955585951094564,2.191040483843112,,,3.0,1.5811388300841898,686.8,803.9674744664737
Replace,169,0.0,0.0,16.49918945200815,9.760667810774466,31.87904972505395,13.132141571207596,64.45851355494842,26.564753773071406,0.5327696994608109,0.24770977886347093,1.323882280265357,0.34511120249054683,0.5005161690399371,0.4639107191193472,0.1668,0.16461834648665377,6.916536919774915,2.0656305264596853,,,3.0,1.5811388300841898,686.8,803.9674744664737
Replace,170,0.0,0.0,15.968818234720056,9.68351543730338,32.87753671380652,14.172590898233837,64.11807442115676,27.028571197414035,0.5331287873187606,0.26635139320645124,1.2901995864740805,0.35221683041158103,0.49562198229894533,0.46207159192036956,0.1648,0.16484295556680606,6.854911245815375,2.1543232084744517,,,3.0,1.5811388300841898,686.8,803.9674744664737
Replace,171,0.0,0.0,16.102018025085066,9.102608220288188,32.521043539282076,14.297868758676788,65.07609831198033,29.342598217596542,0.5471402980950049,0.31385429697334843,1.3388890451330286,0.3174232907647286,0.4739681535129289,0.4506541079092589,0.1528,0.15757284029933583,6.836491032520554,2.0357553199688936,,,3.0,1.5811388300841898,686.8,803.9674744664737
Replace,172,0.0,0.0,16.72203126031315,9.255861458282475,31.85199358935109,14.849099077565668,63.14464106672763,30.32457067884628,0.5272395435885239,0.30522048592021694,1.3155841511038364,0.3451828960220687,0.4758966745484991,0.44643667126297654,0.152,0.1544474020500183,6.901143334049645,1.983351086032692,,,3.0,1.5811388300841898,686.8,803.9674744664737
Replace,173,0.0,0.0,16.45184113355291,8.473245605827053,32.5528448109332,15.859817984483497,65.62247955167412,32.15269073373304,0.5510856901009923,0.3345920025610686,1.3093384991365522,0.28664781622870794,0.486430267096695,0.45298122146592956,0.1564,0.15409996755353325,6.985130760421185,1.9394483542681082,,,3.0,1.5811388300841898,686.8,803.9674744664737
Replace,174,0.0,0.0,16.59124788114488,9.392646450687936,30.354256048658705,13.822760599319789,60.50450747989835,28.05564844647063,0.5062977845929256,0.2885791671145702,1.3206406775425885,0.2982857350965713,0.48801068201962483,0.45197811837931023,0.1564,0.15269184654067158,6.873157966185252,1.8754730456410058,,,3.0,1.5811388300841898,686.8,803.9674744664737
Replace,175,0.0,0.0,16.770144698081843,9.342806920412189,30.76010035814619,14.079498936441246,61.58574112327199,28.263792319450033,0.5175519406930871,0.3012209926446644,1.3530051979137043,0.285565655024977,0.4958269432409594,0.4588543776037423,0.1624,0.15919422100063807,6.908099952853609,1.9056600661277197,,,3.0,1.5811388300841898,686.8,803.9674744664737
Replace,176,0.0,0.0,16.4735799469905,9.845073757883107,30.834377978603317,13.428500427108938,61.858385787399286,26.730908638008707,0.5200399284612083,0.29076992082916986,1.3516896782034675,0.3615060475029412,0.49601289765453166,0.4601578581519426,0.16399999999999998,0.16287418457201863,6.754471592347921,1.9456292861834625,,,3.0,1.5811388300841898,686.8,803.9674744664737
Replace,177,0.0,0.0,16.015487200295638,9.771551737202135,31.078467025276808,13.620344438754353,62.22862442423767,27.47929433899089,0.5223525073835276,0.2963629586117458,1.337833487107623,0.3415278045917224,0.5084272259629031,0.468363504868926,0.16999999999999998,0.1636948380371232,6.7381714146783676,2.001972687281453,,,3.0,1.5811388300841898,686.8,803.9674744664737
Replace,178,0.0,0.0,16.48397660970485,10.134291760523123,30.977111035743157,13.639406268338945,61.29603967767372,26.69475259223654,0.515510511093672,0.292773722379717,1.3744983257296142,0.3250204484260067,0.5075443051456353,0.46722773886820207,0.1688,0.16181841675161698,6.7317683217437985,1.8283476384163657,,,3.0,1.5811388300841898,686.8,803.9674744664737
Replace,179,0.0,0.0,16.139694282909375,10.432479785451928,29.939479883400093,12.700683441399155,59.57945409139702,24.37290613057874,0.4997684796609786,0.2657808472954092,1.325417552050847,0.2963181148952225,0.4978045275646343,0.4574882112720388,0.16,0.15088406145116853,6.77166802287937,1.9837670296817258,,,3.0,1.5811388300841898,686.8,803.9674744664737
Replace,180,0.0,0.0,16.27658271870005,10.984279449304962,29.53694675185028,11.74661462736014,58.541885862117624,23.327121746853503,0.48810543254895966,0.2421059614334227,1.3243122242357497,0.3616391331645781,0.5072789603176082,0.46815394658101167,0.1688,0.16185549110240283,6.735830944006734,1.9678990377523535,,,3.0,1.5811388300841898,686.8,803.9674744664737
Replace,181,0.0,0.0,16.864120695923965,11.191033595101588,30.82740541271926,13.431582746488404,61.7718459526702,26.871454028665376,0.515024820455763,0.2741366641275383,1.323990638533155,0.29526954831270835,0.5015348366655928,0.46230835533174935,0.164,0.15667163112701674,6.832797099437803,1.9189412946314628,,,3.0,1.5811388300841898,686.8,803.9674744664737
Replace,182,0.0,0.0,16.713983615930417,11.399693470690549,30.625709169392472,13.33073617921147,61.49425096420261,26.86303009118293,0.5112520422809905,0.26834503695860046,1.4002728998476772,0.46744598709353535,0.5002163567242579,0.4616229598799171,0.16399999999999998,0.15822136391777186,6.833884202862935,2.0815434432730617,,,3.0,1.5811388300841898,686.8,803.9674744664737
Replace,183,0.0,0.0,16.861079561291294,12.120970168559243,30.65253612440598,13.406860247453466,61.18028486879071,27.06681663420344,0.5107627319235287,0.27767686432249117,1.35034001649889,0.4213606637167793,0.48884975556541105,0.4518949824182875,0.15639999999999998,0.15181831246592092,6.588311500520208,1.9380347040012382,,,3.0,1.5811388300841898,686.8,803.9674744664737
Replace,184,0.0,0.0,17.092142868392106,12.132961165439756,31.46116583837333,13.412020162092993,63.30982709277894,26.835699112202924,0.5311978068444289,0.2897317767673321,1.3211819700861942,0.3326967850420042,0.4893186824365617,0.45478289937030375,0.15960000000000002,0.1594076535176401,6.530813890337784,1.9979088491176151,,,3.0,1.5811388300841898,686.8,803.9674744664737
Replace,185,0.0,0.0,16.911022850316495,12.553008070430717,31.1614532929487,12.48105270812103,62.16027316624961,24.75300692818661,0.5161523716907619,0.24731132430690297,1.3258893319037508,0.41183351548008706,0.5024886206345934,0.46481041712450927,0.1668,0.1624167479048882,6.467524786851908,2.081786934569248,,,3.0,1.5811388300841898,686.8,803.9674744664737
Replace,186,0.0,0.0,17.384017688319677,12.115618686318165,31.473056731875694,13.505134867371686,62.59008624622203,26.221165893913746,0.5226355024090208,0.27220144167081156,1.3655501923363658,0.3411201516454511,0.4918105414480635,0.4576371813395521,0.1628,0.16458797039881135,6.464638807915762,2.149972292200889,,,3.0,1.5811388300841898,686.8,803.9674744664737
Replace,187,0.0,0.0,16.833830222736058,12.10606663387971,31.37512634869098,13.438571226629243,63.153782836266124,26.82697698802023,0.5288204906326468,0.2779339943827238,1.3241396987967957,0.41306114203996336,0.5034363187229615,0.467519966841411,0.1712,0.17174748906461487,6.420626294484292,2.1273798315843813,,,3.0,1.5811388300841898,686.8,803.9674744664737
Replace,188,0.0,0.0,16.79509210500455,11.718214218994882,30.843443129574222,12.416549119962115,61.627848504284756,25.39034744791971,0.5149987544232758,0.26387635394478837,1.3341730089399944,0.3935659523584075,0.5108698507517282,0.4720193707254132,0.1748,0.17213715461805448,6.320999955346745,1.9906982046758361,,,3.0,1.5811388300841898,686.8,803.9674744664737
Replace,189,0.0,0.0,16.876597508500634,11.955168657188768,31.842671631194225,14.194269845090721,63.592471118165165,27.836026473425292,0.5350714393592476,0.30230757975119366,1.240627562540304,0.3655378298692674,0.5027270158488154,0.464093690444539,0.1668,0.16235516622516205,6.291747286973399,1.90596289599684,,,3.0,1.5811388300841898,686.8,803.9674744664737
Replace,190,0.0,0.0,17.150971618661835,12.021577975633747,32.29260064183173,14.647579082953088,64.44913820202626,29.641858532419324,0.5418984998753731,0.31471932015567095,1.299199587280833,0.3329833244133276,0.4985170076024666,0.46096485577305973,0.1644,0.16118560729792222,6.259409359039982,1.8399751343417787,,,3.0,1.5811388300841898,686.8,803.9674744664737
Replace,191,0.0,0.0,16.888396327057727,11.706424316061552,33.164740813198456,14.996237106172677,65.28210363689399,28.782889690002307,0.5465973775079541,0.29917207881826596,1.3171258007031004,0.41688756130985327,0.5078898872602186,0.47013032017548556,0.174,0.1735396208362805,6.223994364090725,1.8014506892564839,,,3.0,1.5811388300841898,686.8,803.9674744664737
Replace,192,0.0,0.0,17.485316010952246,11.402366487990554,31.876389995582212,13.853089674692741,63.55764312728108,27.76116751382441,0.5279750524793917,0.27318012560368476,1.4041903304537078,0.36583044998400815,0.5104423943344191,0.47288922352218715,0.178,0.17970531433432904,6.249548054403987,1.9079904066166178,,,3.0,1.5811388300841898,686.8,803.9674744664737
Replace,193,0.0,0.0,17.972984370202887,11.36578052561469,31.084161362949004,13.478655679502262,62.46467066782077,27.720907689320722,0.520752261167975,0.2819712534127693,1.35209985970146,0.36836907969396815,0.5188266945931224,0.4802756467484018,0.18560000000000001,0.18698876971625863,6.314657365088999,1.893996271427983,,,3.0,1.5811388300841898,686.8,803.9674744664737
Replace,194,0.0,0.0,17.4797965423514,11.516717169884286,31.776929716471205,13.461388773776786,62.854108718423376,26.078204039490444,0.5226305045597682,0.2615106161499885,1.3786276430383686,0.3928137911129839,0.525873663648993,0.48882343929549216,0.1968,0.201403078427317,6.325378900066394,1.8661822434389104,,,3.0,1.5811388300841898,686.8,803.9674744664737
Replace,195,0.0,0.0,17.465375326751598,11.298734573065024,32.2020350360336,14.27945230959893,64.05653510048428,28.753749939547696,0.5305542067093415,0.2719535505648336,1.4438997388166988,0.37729320583152043,0.5245218438141721,0.4880155590892969,0.194,0.19735247654894023,6.335760755049394,1.8570632340925892,,,3.0,1.5811388300841898,686.8,803.9674744664737
Replace,196,0.0,0.0,17.11147552611668,11.195636479567334,31.776183561404537,14.513935486685076,63.54417696212081,29.662409679464275,0.5285606444849136,0.28690960199610926,1.3555851564480839,0.2958321466678641,0.5155673517176498,0.48214158323647904,0.18639999999999998,0.19109892726020206,6.349718901338873,1.875671556326838,,,3.0,1.5811388300841898,686.8,803.9674744664737
Replace,197,0.0,0.0,17.042867110941547,11.766166913630157,32.345206953631205,14.958314096192336,65.76862715811139,30.450658509475545,0.5484238828078513,0.30254505353221467,1.3590433284921204,0.34437509063114147,0.5150961602285846,0.4851618022854722,0.18839999999999998,0.1949020266698117,6.364160154636944,1.9684536247194986,,,3.0,1.5811388300841898,686.8,803.9674744664737
Replace,198,0.0,0.0,16.53155065147352,10.760037286616656,33.740400272373485,15.2576030791004,68.31466291511094,30.72154479022009,0.5698053717918717,0.3060046973196621,1.36808304604127,0.37380870831242363,0.528195071154199,0.49003628861833953,0.192,0.1897840878472165,6.359628717076132,1.9269658438030026,,,3.0,1.5811388300841898,686.8,803.9674744664737
Replace,199,0.0,0.0,16.066476567934377,10.766244365219713,34.191913072243935,16.551866121437655,68.56381741708745,33.64077974539604,0.5680806195174675,0.3170404444405054,1.3291921445971742,0.34427441208500137,0.5304753835813961,0.49174222701728515,0.1924,0.1882041444814646,6.357586716253257,1.986313569555356,,,3.0,1.5811388300841898,686.8,803.9674744664737
Replace,200,0.0,0.0,16.159065306313828,10.110589403864973,33.53571671214447,16.559625301368047,67.08821911722357,32.96315989272827,0.5615014619570365,0.3362774574759367,1.315947690200216,0.32834286164391735,0.5403086053919487,0.4991452135759451,0.2052,0.20282800595578512,6.289467187166879,2.0583709078419967,,,3.0,1.5811388300841898,686.8,803.9674744664737
Replace + Select,0,1.0,0.0,0.2915999999997966,6.822220551967122e-14,62.77201873058,15.215228969247487,125.86543462690035,30.522746206430455,0.9997435596106804,0.007632165517052921,0.06607067630893845,0.01071048146592969,0.7219280948873623,0.0,0.2,0.0,1.7999999999993719,2.1047292916485777e-13,,,3.0,1.5811388300841898,686.8,803.9674744664737
Replace + Select,1,1.0,0.0,3.000226240729144,2.2984642613407305,41.36531459473004,13.910346457164033,82.28937685643878,28.30992671788091,0.6682448212957185,0.23830482575936568,0.5954984976075117,0.1635364577619271,0.6767468252070259,0.3495688749293358,0.2297837531169779,0.16041645958939937,2.7699263471451454,2.7405539868866438,,,3.0,1.5811388300841898,686.8,803.9674744664737
Replace + Select,2,1.0,0.0,5.907111663224921,4.354085948258936,26.830062910723832,14.774205724279488,53.96161305039027,29.67512780888114,0.45524833207775817,0.2955676351243595,1.0045279336306057,0.3316023114071574,0.46715228913341045,0.4145734893373003,0.1433663881576261,0.1507271794867789,2.1138806688005074,2.124915625969995,,,3.0,1.5811388300841898,686.8,803.9674744664737
Replace + Select,3,1.0,0.0,8.172278188233985,6.606326800192764,14.349401704070383,10.66551332627884,28.69316495875325,21.320840823042293,0.24566350650566554,0.20920668355629868,1.299707185550497,0.43496515254460916,0.22176117370293785,0.42979516159077524,0.09028337165908536,0.19408636732803955,2.9739029746703967,2.5754522057284275,,,3.0,1.5811388300841898,686.8,803.9674744664737
Replace + Select,4,1.0,0.0,9.453162936389045,7.680447387286011,7.371864529049633,6.237281481298647,14.816312811271217,12.374393911455417,0.12748628610667473,0.12042409896834398,1.5255000305433706,0.4534270659479209,0.19545295357836937,0.437046090515208,0.08229355711698955,0.18401398782385023,4.2612033203639115,2.3503185773398334,,,3.0,1.5811388300841898,686.8,803.9674744664737
Replace + Select,5,1.0,0.0,10.286473445484065,8.559188353277108,3.8046571672068836,3.326274388741717,7.5262654076236455,6.558913586192419,0.06509024144597807,0.06372638134206844,1.7337225290134892,0.42397794310697556,0.18829155272726078,0.42103271139800436,0.07170637030763624,0.16034031842764715,4.3155840572350055,2.4832902249747417,,,3.0,1.5811388300841898,686.8,803.9674744664737
Replace + Select,6,1.0,0.0,10.577153694191272,8.988585245842037,2.0755196829935034,1.9160220892730757,4.146605596904798,3.8503321295005764,0.03584253918376684,0.037176424071813916,1.7872262843361129,0.393219657819222,0.1845571120506293,0.412682248187116,0.06757806307742531,0.15110914282889162,4.319055096038136,2.570869301483311,,,3.0,1.5811388300841898,686.8,803.9674744664737
Replace + Select,7,1.0,0.0,10.848449177181394,9.309452827648752,1.118968043570139,1.065855488343547,2.2416725520223553,2.1297501964050123,0.01946275160694234,0.020573868408923855,1.8715959554489086,0.3558615081761749,0.16957368977144077,0.37917829743526565,0.05490291701025159,0.12276665459795205,4.336898056104443,2.6136092088850793,,,3.0,1.5811388300841898,686.8,803.9674744664737
Replace + Select,8,1.0,0.0,10.961916072717887,9.471092440515026,0.6094928321995211,0.6070515137405755,1.2133392100991753,1.2065172043191075,0.010515256088174104,0.011612482445025695,1.9748784901667171,0.37808236159046066,0.12888037092893076,0.28818527027334023,0.032851807306023356,0.07345887431999244,4.335119879034425,2.6381911843784573,,,3.0,1.5811388300841898,686.8,803.9674744664737
Replace + Select,9,1.0,0.0,11.036267104691241,9.56802554216396,0.34586939975819986,0.34996321425102045,0.6890248114544522,0.7023663335889742,0.005994018948262422,0.00676341044384029,2.001138313620861,0.34075427973860895,0.09698378371577104,0.2168623330144645,0.02101754733334322,0.046996664557674865,4.33948663953233,2.6482423365743624,,,3.0,1.5811388300841898,686.8,803.9674744664737
Replace + Select,10,1.0,0.0,11.060182336632113,9.599641357298829,0.20582456218731732,0.2241626776522223,0.4065846677340176,0.4392205341387569,0.0035673395126279324,0.004230505891744112,2.033673961257686,0.34487694143785125,0.07559179611469163,0.1690283945646183,0.014651221937146158,0.032761128204894956,4.338248230098141,2.6511883974217976,,,3.0,1.5811388300841898,686.8,803.9674744664737
Replace + Select,11,1.0,0.0,11.081861445046844,9.624903367557279,0.12509773527312512,0.1417748001969962,0.2522991735659978,0.28646834485858985,0.002222995314159896,0.00275501288450135,2.054638607764909,0.38893337459070926,0.051996363078065856,0.11626740233617877,0.008783847659657644,0.019641280470996916,4.336340188475167,2.6554175920864442,,,3.0,1.5811388300841898,686.8,803.9674744664737
Replace + Select,12,1.0,0.0,11.085214778196868,9.642245528136138,0.08889636699185831,0.11085401288094651,0.17811869897811178,0.22237204916071734,0.0015844261564967276,0.0021318850711040224,2.0123169445178233,0.3474324827895552,0.035308642547178935,0.07895252483959674,0.0053007502852523165,0.011852837969575569,4.332314317476713,2.6560691274740873,,,3.0,1.5811388300841898,686.8,803.9674744664737
Replace + Select,13,1.0,0.0,11.083788830252242,9.658191615489457,0.06933485503897183,0.09233262404648038,0.13557340785639677,0.17800302817858596,0.0012128656845414513,0.001702952564205078,2.069504353342946,0.3318509108044077,0.05097622677308635,0.11398630821192915,0.008555322560595751,0.01913028281492965,4.328888246602147,2.656312619853482,,,3.0,1.5811388300841898,686.8,803.9674744664737
Replace + Select,14,1.0,0.0,11.103349588007259,9.680928491160818,0.054562361720402616,0.07600888934601968,0.10936342031276913,0.15178198929097958,0.0009839522272227293,0.001448797856816254,2.0397343884224157,0.33904764257851544,0.07608816755502454,0.17013831484729214,0.014787066983659275,0.0330648869633049,4.328384513963241,2.657729518820916,,,3.0,1.5811388300841898,686.8,803.9674744664737
Replace + Select,15,1.0,0.0,11.106397674233678,9.677019880501009,0.04472484811280573,0.06375210251594923,0.08952215738860968,0.12745601383430707,0.0008086078241338432,0.0012151359598175822,2.147723566805001,0.424804841472892,0.07250869072868561,0.1621343613397131,0.013819330323211925,0.030900962006226,4.327184883364741,2.658406055317474,,,3.0,1.5811388300841898,686.8,803.9674744664737
Replace + Select,16,1.0,0.0,11.12136356037521,9.680287633645113,0.03834139901378791,0.05544758977055826,0.07645783381169428,0.11031369496416804,0.0006916413410336289,0.0010512026045902945,2.0756464361497637,0.36130909158401714,0.0694597589528965,0.1553167426302895,0.013016513252233236,0.029105808462020374,4.3302609323496535,2.659855635476561,,,3.0,1.5811388300841898,686.8,803.9674744664737
Replace + Select,17,1.0,0.0,11.134022702903597,9.693495468746566,0.0335296877551932,0.04904749533137326,0.06760499891963509,0.09930674240556303,0.0006133903735437609,0.0009455723637934095,2.037390872906716,0.30087219076513166,0.06530260492350574,0.14602106362763462,0.01195308424702165,0.026727908917122286,4.330869061604932,2.6604369705465007,,,3.0,1.5811388300841898,686.8,803.9674744664737
Replace + Select,18,1.0,0.0,11.147814863285372,9.696019250356713,0.029101929393903263,0.042559835781483535,0.0586044465768825,0.08603704136669739,0.0005324758215510336,0.0008191561044817603,2.059611369946735,0.37495511061324516,0.06516458637507622,0.14571244477119033,0.011918387623190148,0.026650324907645306,4.333387344431625,2.6614769238838965,,,3.0,1.5811388300841898,686.8,803.9674744664737
Replace + Select,19,1.0,0.0,11.149092345634063,9.699626185137346,0.024852720164818154,0.036196751078964966,0.05001010210457228,0.07314463604297826,0.0004540768449998304,0.0006965276998535316,2.0902218452005528,0.2790879702483377,0.06543739049478241,0.14632245332739538,0.011987005687230198,0.026803759563323294,4.334604195981506,2.661616063868239,,,3.0,1.5811388300841898,686.8,803.9674744664737
Replace + Select,20,1.0,0.0,11.156067932619804,9.704833496303912,0.023035508338218928,0.03392652824445116,0.046193060315579404,0.06806552963809079,0.00042028153695834475,0.0006478815092999784,2.0507805899837,0.3416776708383968,0.06532153837156238,0.1460634001045377,0.01195784698062247,0.026738558713212443,4.334298296007537,2.6616537375998637,,,3.0,1.5811388300841898,686.8,803.9674744664737
Replace + Select,21,1.0,0.0,11.16973887675758,9.720112272330821,0.021656167187536702,0.03226789768424021,0.04362122580462871,0.06505502502748853,0.0003971771221145702,0.0006188042225591169,2.076907970769111,0.3161937206810234,0.06535235739014834,0.14613231352509576,0.011965601111367923,0.026755897476665694,4.336613448873937,2.6627855729156766,,,3.0,1.5811388300841898,686.8,803.9674744664737
Replace + Select,22,1.0,0.0,11.175544242049025,9.72678805161895,0.01972431381952065,0.029383289130589484,0.039223496742194316,0.05816234597261302,0.00035727998246534145,0.0005533381140055552,2.104878879858206,0.32954210763553565,0.06529854797587675,0.14601199201695503,0.01195206381181564,0.026725627154635015,4.337504257211136,2.6634705408320363,,,3.0,1.5811388300841898,686.8,803.9674744664737
Replace + Select,23,1.0,0.0,11.183862774232022,9.734513963402438,0.018011938763370733,0.026862810782874134,0.03602244611485312,0.05391852316874785,0.0003274012146277024,0.0005128671727822251,2.0702078749402615,0.3607619490878118,0.0652901750119924,0.14599326950053648,0.01194995788473861,0.026720918158535112,4.337347130659451,2.663789773105601,,,3.0,1.5811388300841898,686.8,803.9674744664737
Replace + Select,24,1.0,0.0,11.186937424090061,9.741547858721187,0.016420652061777084,0.02413586286997321,0.032830871580784966,0.0480722237275292,0.000297832958551946,0.00045767507582331903,2.112473247357815,0.3984237995048587,0.06527763460099187,0.1459652282890735,0.011946804049534663,0.026713865968629256,4.338515607302972,2.6643224169701756,,,3.0,1.5811388300841898,686.8,803.9674744664737
Replace + Select,25,1.0,0.0,11.195823711110958,9.746448384093537,0.015994032936119965,0.024371660989814865,0.031928381973205376,0.0486547135439714,0.00029061046164693765,0.00046248797825331985,2.0662839378280102,0.34571985612253653,0.06528070762683222,0.14597209978374912,0.011947576866665538,0.026715594040268072,4.339455530886005,2.6646517749613152,,,3.0,1.5811388300841898,686.8,803.9674744664737
Replace + Select,26,1.0,0.0,11.204524806582574,9.753258132339596,0.015293984461620724,0.02355504994801039,0.030797486063646344,0.047812488424076725,0.0002806322273933261,0.0004541860303078502,2.1036724717707784,0.3048067061954524,0.06528344341303964,0.14597821718768084,0.011948264889622149,0.02671713250636913,4.340803050732076,2.6652788544891144,,,3.0,1.5811388300841898,686.8,803.9674744664737
Replace + Select,27,1.0,0.0,11.21220986182506,9.76310976621637,0.015017068872608844,0.023602477095235046,0.03002962465666446,0.0474267193325136,0.00027403001025732605,0.00045025978846049795,2.116740880358684,0.424553949728542,0.06528643291738248,0.14598490192261046,0.011949016737641338,0.02671881368964879,4.341498291387096,2.665997540079904,,,3.0,1.5811388300841898,686.8,803.9674744664737
Replace + Select,28,1.0,0.0,11.226096701378967,9.776150551882292,0.014542139006590913,0.023053221687844253,0.028890824004475513,0.045599230564055654,0.0002633086271042932,0.0004329888354022221,2.0965876902540295,0.35996344607072017,0.06528704426063903,0.14598626892768968,0.011949170490198691,0.026719157490818747,4.343694186856218,2.666971706388984,,,3.0,1.5811388300841898,686.8,803.9674744664737
Replace + Select,29,1.0,0.0,11.2364437245584,9.782775893041611,0.013628533468659023,0.02171393796219511,0.0269290642849906,0.04277888220472049,0.0002458214579014997,0.0004060275001516928,2.099931376423079,0.31115882106083276,0.06528661337601524,0.14598530544038044,0.011949062122827868,0.02671891517401104,4.344011700095583,2.6677137389870165,,,3.0,1.5811388300841898,686.8,803.9674744664737
Replace + Select,30,1.0,0.0,11.243659504553943,9.788838096902579,0.01315395388378952,0.02105323372019446,0.026485708762266275,0.04249111344686521,0.00024167483004265992,0.00040320517474078403,2.075133773973408,0.37058282291198946,0.06528676398155575,0.1459856422046068,0.011949100000039025,0.026718999870029986,4.345337837779019,2.6684502441010243,,,3.0,1.5811388300841898,686.8,803.9674744664737
Replace + Select,31,1.0,0.0,11.249954264589178,9.795818977474504,0.012331292367222541,0.01985064347336241,0.024648479692526166,0.03973981287994185,0.00022510412006155074,0.0003769793264776424,2.1088267305027073,0.34478832095449363,0.06528683132720939,0.14598579279406632,0.011949116937449114,0.026719037743230308,4.347086468596851,2.669506241008494,,,3.0,1.5811388300841898,686.8,803.9674744664737
Replace + Select,32,1.0,0.0,11.259796882695015,9.798503895106647,0.011616663960190735,0.01860307105993088,0.023380053089944626,0.03767394398205876,0.00021343112091375352,0.00035740199340656824,2.1065440853766413,0.36631128977452204,0.06528688194046246,0.14598590596874075,0.011949129666671979,0.026719066206637936,4.348350346643732,2.6702299357220602,,,3.0,1.5811388300841898,686.8,803.9674744664737
Replace + Select,33,1.0,0.0,11.275279347576518,9.801556259524439,0.010996895955001815,0.017508855759250607,0.021767974374909543,0.03459667281456184,0.00019833980371585473,0.00032843039736004737,2.131000157841773,0.339183069506664,0.06528692202763707,0.1459859956063882,0.011949139748591953,0.026719088750496344,4.349270672304302,2.6707662796654477,,,3.0,1.5811388300841898,686.8,803.9674744664737
Replace + Select,34,1.0,0.0,11.282671592650857,9.804141435340199,0.010625214828266016,0.016994106029362476,0.021256272920247465,0.03396559515333576,0.0001938610104634221,0.0003223663014597918,2.1539074514129313,0.3555235425786757,0.06528693083505327,0.14598601530036953,0.011949141963656585,0.026719093703531437,4.348945283900292,2.6709444381085525,,,3.0,1.5811388300841898,686.8,803.9674744664737
Replace + Select,35,1.0,0.0,11.291761052016124,9.808020703971104,0.010298027246641962,0.016549731976897165,0.020553980341819204,0.033109005616963824,0.0001874520686876485,0.00031417644567017936,2.127625958526411,0.3248328922958545,0.06528693199083346,0.1459860178847726,0.011949142254335254,0.026719094353508693,4.350921858551453,2.671795616827761,,,3.0,1.5811388300841898,686.8,803.9674744664737
Replace + Select,36,1.0,0.0,11.303594392460784,9.812332076723305,0.009706800345956413,0.015434277543054651,0.01935585374269449,0.03072563367296232,0.0001768037316458005,0.0002916109028590232,2.1266757723326,0.3567517611379705,0.0652869330454495,0.14598602024296575,0.011949142519571136,0.026719094946594156,4.352907970882907,2.6726514874174194,,,3.0,1.5811388300841898,686.8,803.9674744664737
Replace + Select,37,1.0,0.0,11.310727015816871,9.81447598239497,0.009613131787154224,0.015611364958456962,0.019330708045535674,0.03152574203776345,0.00017685169611068416,0.00029890541746075875,2.097458019023846,0.35606864183662973,0.06528693331818226,0.14598602085281476,0.011949142588163413,0.026719095099971158,4.352987843709919,2.6729746126855463,,,3.0,1.5811388300841898,686.8,803.9674744664737
Replace + Select,38,1.0,0.0,11.317397717517878,9.818543420233043,0.009181537307279946,0.014921559709407861,0.018304481741970684,0.029759064675452182,0.00016730464880896154,0.00028222143062488876,2.0674094306140476,0.33501760670564007,0.0652869337236442,0.14598602175945521,0.01194914269013707,0.02671909532799118,4.352736404434746,2.673252503085833,,,3.0,1.5811388300841898,686.8,803.9674744664737
Replace + Select,39,1.0,0.0,11.328614637425954,9.824951905683365,0.008637902472982111,0.014051917304054078,0.01720201155647319,0.027955515743153834,0.00015749709124048933,0.000265041482140039,2.123192089162339,0.2645651538376889,0.06528693383630288,0.14598602201136768,0.011949142718470725,0.02671909539134716,4.353548274609303,2.6738553653616184,,,3.0,1.5811388300841898,686.8,803.9674744664737
Replace + Select,40,1.0,0.0,11.33649706652795,9.827154701949059,0.008467118491253367,0.013817572013007023,0.016960065995954534,0.027723953866884362,0.00015535811468167805,0.0002627862350839602,2.0950715565204105,0.3136850470915274,0.06528693369613002,0.14598602169793165,0.01194914268321726,0.026719095312518017,4.354293707295246,2.674214336947537,,,3.0,1.5811388300841898,686.8,803.9674744664737
Replace + Select,41,1.0,0.0,11.342605727560862,9.832612435333907,0.008029817575887829,0.013064524869968558,0.01598111892595735,0.025958796584021615,0.00014639132594470236,0.0002461006681026925,2.128141320487907,0.3488969416499924,0.06528693378693197,0.14598602190097096,0.011949142706053944,0.0267190953635824,4.355217395969552,2.674688727524036,,,3.0,1.5811388300841898,686.8,803.9674744664737
Replace + Select,42,1.0,0.0,11.348580200635872,9.838589992837564,0.008041919276016461,0.013233056949401488,0.015937410870492837,0.02614403492820538,0.000146245772939619,0.0002477446409804862,2.103238793437085,0.3558588606075233,0.06528693382249554,0.1459860219804935,0.011949142714998185,0.026719095383582324,4.35650842504824,2.6754277714340007,,,3.0,1.5811388300841898,686.8,803.9674744664737
Replace + Select,43,1.0,0.0,11.358848191760941,9.841089223994395,0.007970093046872554,0.013219533878799728,0.01615757878410171,0.026924172612859294,0.00014825767883504932,0.00025503219995586104,2.09858041281817,0.3017542572151841,0.06528693382697501,0.14598602199050992,0.01194914271612476,0.026719095386101423,4.358037021753175,2.67585816989627,,,3.0,1.5811388300841898,686.8,803.9674744664737
Replace + Select,44,1.0,0.0,11.365059089329542,9.841468168860144,0.00793599277527579,0.0131943095631556,0.015880348550745615,0.026422940851499436,0.00014561074424830625,0.0002503060192209459,2.094979645750334,0.3293309048617087,0.06528693381707902,0.14598602196838184,0.011949142713635924,0.026719095380536215,4.3580388420221094,2.6762205899874867,,,3.0,1.5811388300841898,686.8,803.9674744664737
Replace + Select,45,1.0,0.0,11.372754460508734,9.848564127362717,0.007865886339741635,0.013130889595741697,0.015541527637220078,0.02594588292777051,0.0001424830070833762,0.00024576077279886215,2.084471317542603,0.3413853564011446,0.06528693381595363,0.14598602196586538,0.01194914271335289,0.026719095379903333,4.358808640240952,2.676771060543204,,,3.0,1.5811388300841898,686.8,803.9674744664737
Replace + Select,46,1.0,0.0,11.381498033582782,9.857957363552007,0.007743712872799331,0.013003425121859941,0.015661354083290092,0.026377047820323976,0.0001437484589199724,0.00024975186961698084,2.102319499844391,0.3279063884449384,0.06528693381697377,0.14598602196814647,0.011949142713609454,0.026719095380477027,4.361278393954476,2.677775810860304,,,3.0,1.5811388300841898,686.8,803.9674744664737
Replace + Select,47,1.0,0.0,11.39251929969915,9.860977747852429,0.007340676106894728,0.01226172423726423,0.014846750614912599,0.024852252704355548,0.00013619630707184464,0.00023536942999092273,2.099780874737566,0.3700845661531314,0.06528693381730685,0.14598602196889127,0.01194914271369323,0.02671909538066436,4.3623025240679345,2.6783779135708268,,,3.0,1.5811388300841898,686.8,803.9674744664737
Replace + Select,48,1.0,0.0,11.403701304301412,9.863911390763489,0.007022555506450148,0.011758096517571048,0.013985382733527698,0.023318261165836955,0.00012814017499710497,0.0002208932632945563,2.1075121699822774,0.3659594058701623,0.0652869338178264,0.145986021970053,0.011949142713823892,0.026719095380956525,4.363061533883913,2.679026986748475,,,3.0,1.5811388300841898,686.8,803.9674744664737
Replace + Select,49,1.0,0.0,11.411997325786754,9.866563523297437,0.0066951406200508575,0.011096189406851238,0.013649737637751281,0.022708778388935515,0.00012486626657679632,0.0002151820704332799,2.1603245056308635,0.39906218558594525,0.06528693381726801,0.14598602196880442,0.011949142713683452,0.02671909538064249,4.363104903453237,2.679311925984214,,,3.0,1.5811388300841898,686.8,803.9674744664737
Replace + Select,50,1.0,0.0,11.420845402122916,9.873778741718036,0.0065335849326923195,0.010761245520455744,0.012889915363158855,0.021221349469077663,0.00011777814921890891,0.00020118398926657717,2.0736548280949796,0.3232384585784619,0.06528693381699566,0.1459860219681954,0.011949142713614958,0.026719095380489336,4.364133114055646,2.6798554395152845,,,3.0,1.5811388300841898,686.8,803.9674744664737
Replace + Select,51,1.0,0.0,11.42760241350452,9.879809165816438,0.006217785237397176,0.010262928284710931,0.012392106288886076,0.020353920012574602,0.00011292708689297412,0.0001930193870349537,2.1343483264887135,0.3486016322361339,0.06528693381691943,0.14598602196802496,0.011949142713595788,0.02671909538044647,4.365127323443364,2.6802929605900974,,,3.0,1.5811388300841898,686.8,803.9674744664737
Replace + Select,52,1.0,0.0,11.43554573478632,9.884877380337539,0.006152076199676894,0.010215813970472132,0.012230204478593947,0.020277819995849444,0.00011148997278612114,0.00019227732672571585,2.102610545641375,0.346289729700677,0.06528693381688883,0.14598602196795654,0.011949142713588084,0.026719095380429245,4.365749911236899,2.6804122669995354,,,3.0,1.5811388300841898,686.8,803.9674744664737
Replace + Select,53,1.0,0.0,11.443301292638699,9.891672940398022,0.0057941098201206185,0.009540654541764598,0.011774681041773576,0.019460354511853854,0.00010715496478069934,0.00018458324427350658,2.091658579658321,0.33394745739510656,0.06528693381691328,0.1459860219680112,0.011949142713594235,0.026719095380443,4.366658113487174,2.680862057185828,,,3.0,1.5811388300841898,686.8,803.9674744664737
Replace + Select,54,1.0,0.0,11.456083442567174,9.896760145639556,0.005597375258084473,0.009197695474960084,0.011224016962702567,0.0185430174140456,0.0001020865029663788,0.00017590381301416422,2.136203241304395,0.3482093204601989,0.06528693381692166,0.14598602196802996,0.011949142713596345,0.026719095380447713,4.3682414308768305,2.681689683460402,,,3.0,1.5811388300841898,686.8,803.9674744664737
Replace + Select,55,1.0,0.0,11.461893052681088,9.89772821719655,0.005412835471589467,0.008843887271366114,0.010852449339348254,0.01770687432285343,9.848250243093037e-05,0.00016808289143227658,2.116546207102086,0.34185433307713964,0.06528693381692066,0.14598602196802773,0.011949142713596091,0.026719095380447148,4.369280578715673,2.6821363946047807,,,3.0,1.5811388300841898,686.8,803.9674744664737
Replace + Select,56,1.0,0.0,11.471443263661671,9.902540304738949,0.00522633329772694,0.008518307205118673,0.01055041323377744,0.017289879861110854,9.572850810946455e-05,0.0001641177085938501,2.0750010924400972,0.331857030135332,0.06528693381692026,0.14598602196802682,0.011949142713595994,0.026719095380446933,4.369127712321584,2.682334861759953,,,3.0,1.5811388300841898,686.8,803.9674744664737
Replace + Select,57,1.0,0.0,11.477600689299017,9.909760977892006,0.00508722680798842,0.00829980743888791,0.01007789113951778,0.016410050038802224,9.132000418571078e-05,0.00015581620514445736,2.064480640396096,0.3587191459433937,0.0652869338169073,0.14598602196799784,0.011949142713592738,0.02671909538043965,4.369576084825773,2.6828485172828636,,,3.0,1.5811388300841898,686.8,803.9674744664737
Replace + Select,58,1.0,0.0,11.486093395852112,9.916050964986807,0.004999710384909305,0.008138596879627105,0.009969020522160782,0.01616034277730791,9.026422233804788e-05,0.0001534801432403316,2.1313209119959535,0.3996474536928661,0.06528693381690319,0.14598602196798866,0.011949142713591699,0.02671909538043733,4.3704750994218475,2.6835021751956436,,,3.0,1.5811388300841898,686.8,803.9674744664737
Replace + Select,59,1.0,0.0,11.49608200613034,9.923643841895062,0.004894980436530562,0.00788005075740305,0.00990587873041702,0.01600275001215172,8.97143808898621e-05,0.00015198260990574084,2.1008034761527226,0.3022068701147584,0.06528693381689954,0.1459860219679805,0.011949142713590788,0.02671909538043529,4.371095918864527,2.683781707941579,,,3.0,1.5811388300841898,686.8,803.9674744664737
Replace + Select,60,1.0,0.0,11.50205120607294,9.926807667223438,0.004918530861043288,0.008002782960807411,0.009865306896525887,0.016026975223164402,8.945917383850979e-05,0.00015215062670271887,2.089011807805164,0.2986975635526365,0.06528693381689851,0.1459860219679782,0.01194914271359052,0.02671909538043469,4.372328110907701,2.6843853372138264,,,3.0,1.5811388300841898,686.8,803.9674744664737
Replace + Select,61,1.0,0.0,11.508345604622516,9.930009384285484,0.005117051217433999,0.008518900462235949,0.010165439511250136,0.016918651148431645,9.245957293889693e-05,0.00016046276955890897,2.0788622908378827,0.31277534681654356,0.06528693381690105,0.14598602196798388,0.01194914271359117,0.026719095380436143,4.37364393224029,2.6851223441946663,,,3.0,1.5811388300841898,686.8,803.9674744664737
Replace + Select,62,1.0,0.0,11.515964152533556,9.933559750336913,0.004937698921581321,0.008117757510977645,0.009817694877518351,0.016145759437238318,8.915858604356183e-05,0.00015321774877514587,2.110243300667079,0.2867332514142044,0.06528693381689736,0.14598602196797564,0.011949142713590245,0.026719095380434075,4.374846233309744,2.6857712491731447,,,3.0,1.5811388300841898,686.8,803.9674744664737
Replace + Select,63,1.0,0.0,11.523350851887741,9.93700598767015,0.004703396787191023,0.007697769928012258,0.0093658113185742,0.015343565510004091,8.492017634000933e-05,0.0001456565734661287,2.0903225791989963,0.31458428805029914,0.0652869338169,0.14598602196798152,0.011949142713590903,0.026719095380435546,4.375140050194487,2.6860112725810836,,,3.0,1.5811388300841898,686.8,803.9674744664737
Replace + Select,64,1.0,0.0,11.528403672966945,9.941850685860526,0.0045403565542717446,0.00734727216866846,0.008998994717285113,0.01454591263016202,8.146011493664605e-05,0.00013815592183501622,2.1394189733321207,0.33823904378785363,0.06528693381690072,0.14598602196798313,0.011949142713591075,0.02671909538043593,4.375451726414007,2.6862634681856545,,,3.0,1.5811388300841898,686.8,803.9674744664737
Replace + Select,65,1.0,0.0,11.535714776049366,9.945178372143355,0.004266032130968063,0.0067998380322185055,0.008524966906743123,0.013565502331699288,7.716734679455274e-05,0.00012889186028220564,2.098675990829514,0.3399324599291509,0.06528693381689946,0.1459860219679803,0.011949142713590762,0.026719095380435234,4.375418777757116,2.6864738454209123,,,3.0,1.5811388300841898,686.8,803.9674744664737
Replace + Select,66,1.0,0.0,11.54230605826745,9.953318888883901,0.004255997207485107,0.006794860918951596,0.008589484133889717,0.01374864563523958,7.796039452935562e-05,0.0001305678383782241,2.1117038705016085,0.3594157247295131,0.06528693381688479,0.1459860219679475,0.011949142713587074,0.026719095380426987,4.376598329229153,2.6870871754212957,,,3.0,1.5811388300841898,686.8,803.9674744664737
Replace + Select,67,1.0,0.0,11.551253032120977,9.958590349497808,0.004168851683234685,0.006694594647274918,0.008349600949229017,0.013436599481994185,7.567715819251749e-05,0.00012761664563691044,2.085705238220838,0.3324441505717979,0.06528693381688515,0.14598602196794833,0.011949142713587166,0.02671909538042719,4.377311668628673,2.687634898644958,,,3.0,1.5811388300841898,686.8,803.9674744664737
Replace + Select,68,1.0,0.0,11.56130265501687,9.96197290732502,0.003905285376341006,0.006208802378886329,0.007777924585449428,0.012360387488602761,7.041620148892834e-05,0.00011744277132307693,2.0910812884914067,0.29870572069373674,0.06528693381688574,0.14598602196794963,0.011949142713587314,0.02671909538042752,4.377727127478237,2.687955360015862,,,3.0,1.5811388300841898,686.8,803.9674744664737
Replace + Select,69,1.0,0.0,11.570031533333642,9.969718730802517,0.0037611124952967668,0.005969170638289801,0.007526926690933457,0.011895516423262347,6.805946623337226e-05,0.0001130638278501425,2.1043813959558566,0.36464890050432763,0.06528693381689231,0.1459860219679643,0.011949142713588969,0.026719095380431223,4.378579367229057,2.6885825776332757,,,3.0,1.5811388300841898,686.8,803.9674744664737
Replace + Select,70,1.0,0.0,11.576405220112294,9.973244613265148,0.0036694259696995447,0.0057271431796039746,0.007314521908916965,0.011395580437426956,6.610919915116568e-05,0.00010835815384075576,2.1386897714074427,0.3762098089990264,0.06528693381689422,0.14598602196796862,0.011949142713589444,0.026719095380432285,4.378532068124374,2.6887717065080485,,,3.0,1.5811388300841898,686.8,803.9674744664737
Replace + Select,71,1.0,0.0,11.585007294456522,9.976487592476383,0.003664475137284905,0.005795269796404665,0.0073008887607454165,0.011562542010953252,6.6178618084483e-05,0.0001098611976950674,2.0994697199652896,0.3724988987579931,0.06528693381689847,0.1459860219679781,0.01194914271359052,0.02671909538043469,4.378639440389888,2.689097390325109,,,3.0,1.5811388300841898,686.8,803.9674744664737
Replace + Select,72,1.0,0.0,11.592363043982036,9.980960588282345,0.003522549965812393,0.005583328699092622,0.007083563397982317,0.011267582056803347,6.420742862416641e-05,0.00010704113514394605,2.182611720301853,0.34949910070656254,0.06528693381690251,0.14598602196798713,0.011949142713591529,0.026719095380436948,4.378941052244468,2.6894542644140085,,,3.0,1.5811388300841898,686.8,803.9674744664737
Replace + Select,73,1.0,0.0,11.59891044674946,9.984460736137452,0.0035013918736781563,0.005604377878264883,0.006936172711958772,0.011051485643855103,6.27819589039856e-05,0.00010500308041269885,2.1273500384999835,0.3601235077592865,0.06528693381690066,0.145986021967983,0.011949142713591068,0.026719095380435917,4.378735956727374,2.6896369528265107,,,3.0,1.5811388300841898,686.8,803.9674744664737
Replace + Select,74,1.0,0.0,11.607009705566622,9.990260556857072,0.0034508753709586457,0.005540324012723387,0.006824767165165958,0.01091828029089164,6.183542753961866e-05,0.00010371618810566682,2.085404838925098,0.3109504159413709,0.06528693381689668,0.14598602196797408,0.011949142713590061,0.02671909538043367,4.379712877936635,2.690177968226924,,,3.0,1.5811388300841898,686.8,803.9674744664737
Replace + Select,75,1.0,0.0,11.615773654728839,9.999351610844531,0.0033591932648997956,0.005323712638633298,0.006742110526307748,0.010727746421171195,6.113006910384726e-05,0.000101909435160691,2.0956085199714645,0.36573630905125215,0.0652869338169026,0.14598602196798735,0.011949142713591553,0.026719095380437,4.3802072117265825,2.6906957740927644,,,3.0,1.5811388300841898,686.8,803.9674744664737
Replace + Select,76,1.0,0.0,11.622720456021387,10.00529441373827,0.0032796089603034247,0.005230032625445858,0.006555293445446096,0.010434605440584964,5.935135683378532e-05,9.914271781673095e-05,2.094370336020589,0.338756903141017,0.0652869338169054,0.14598602196799357,0.011949142713592249,0.026719095380438557,4.380875883207809,2.691184996883618,,,3.0,1.5811388300841898,686.8,803.9674744664737
Replace + Select,77,1.0,0.0,11.634481684081411,10.013595010996738,0.003164038807607617,0.0049854099967734326,0.006260200355842811,0.009811821546406875,5.657479435275108e-05,9.327954433018197e-05,2.1099780595036655,0.29649447815820235,0.065286933816909,0.14598602196800167,0.01194914271359316,0.026719095380440594,4.381420226121276,2.6916748242604855,,,3.0,1.5811388300841898,686.8,803.9674744664737
Replace + Select,78,1.0,0.0,11.640652933061501,10.017508139674913,0.0031771541075882475,0.005023609318778041,0.006353458002095069,0.010059266655938126,5.749061096794991e-05,9.559241943587954e-05,2.103793591866693,0.2846760649895654,0.06528693381690646,0.14598602196799598,0.011949142713592526,0.02671909538043918,4.381203014526976,2.691855740040132,,,3.0,1.5811388300841898,686.8,803.9674744664737
Replace + Select,79,1.0,0.0,11.646113999143214,10.017042495481899,0.003088238513092926,0.004924617429486835,0.006181392799091255,0.00988316000624026,5.5952008185049395e-05,9.388992784632619e-05,2.093872255515719,0.36002518472705525,0.06528693381690832,0.14598602196800012,0.01194914271359299,0.026719095380440216,4.380757908599117,2.6917979484222387,,,3.0,1.5811388300841898,686.8,803.9674744664737
Replace + Select,80,1.0,0.0,11.657342411465839,10.02211470739944,0.002927154487059405,0.004647548366587499,0.005891345324179105,0.009363621578441431,5.322510219683161e-05,8.899286605695517e-05,2.102724058411259,0.3722132159392671,0.06528693381690612,0.1459860219679952,0.011949142713592433,0.026719095380438967,4.381686209303843,2.692358663411331,,,3.0,1.5811388300841898,686.8,803.9674744664737
Replace + Select,81,1.0,0.0,11.664738867454032,10.027143820946188,0.0028885277865370236,0.00458987815194172,0.005779899364021346,0.009201945518598022,5.223432292553839e-05,8.745047056354758e-05,2.1072929566776835,0.2988690969244223,0.0652869338169048,0.14598602196799226,0.011949142713592103,0.02671909538043823,4.382435418050712,2.6928601643392702,,,3.0,1.5811388300841898,686.8,803.9674744664737
Replace + Select,82,1.0,0.0,11.673554193810377,10.035066398558595,0.0028343901249057923,0.004432858134295762,0.005681740411867012,0.008920739377688253,5.130254189355655e-05,8.480747157136487e-05,2.1082542088124097,0.32531766776176657,0.06528693381690145,0.1459860219679848,0.011949142713591265,0.026719095380436358,4.383397807525672,2.693396004678616,,,3.0,1.5811388300841898,686.8,803.9674744664737
Replace + Select,83,1.0,0.0,11.683499057852748,10.042862288614279,0.0028896888250008845,0.004540550040999397,0.005845697994050125,0.009203293346697138,5.27909579919032e-05,8.748247697855001e-05,2.0927423717509215,0.32059235464639046,0.06528693381690984,0.14598602196800353,0.011949142713593373,0.02671909538044107,4.3842594677227344,2.6938770500452267,,,3.0,1.5811388300841898,686.8,803.9674744664737
Replace + Select,84,1.0,0.0,11.69145419192867,10.04897443248125,0.0027675158723838686,0.0043241875127416965,0.005465540543768647,0.008465289771858415,4.9351598890795404e-05,8.049436587174579e-05,2.106907662066824,0.34707849101026267,0.065286933816912,0.14598602196800836,0.01194914271359392,0.026719095380442294,4.385092255878731,2.694349478745745,,,3.0,1.5811388300841898,686.8,803.9674744664737
Replace + Select,85,1.0,0.0,11.699379779755478,10.057985101029795,0.002769475059765359,0.004316218637034212,0.005516790568263359,0.008545531798007079,4.9815329202940295e-05,8.125244666285987e-05,2.137028934538391,0.3265189431182816,0.0652869338169082,0.14598602196799984,0.011949142713592965,0.02671909538044016,4.3865755976469085,2.6951643004153802,,,3.0,1.5811388300841898,686.8,803.9674744664737
Replace + Select,86,1.0,0.0,11.706029161453968,10.064924003102485,0.002664871445845106,0.00413847187196123,0.005332718662962559,0.008294329450480522,4.8141200339450696e-05,7.885546801775945e-05,2.0504049627599255,0.3078319657384745,0.06528693381690728,0.14598602196799781,0.011949142713592733,0.026719095380439636,4.387474944883867,2.6957428156093135,,,3.0,1.5811388300841898,686.8,803.9674744664737
Replace + Select,87,1.0,0.0,11.715948308748118,10.069130682406367,0.0026699297204574443,0.004177581716718854,0.005320454550971967,0.008302541823263685,4.806405206549379e-05,7.892216198049243e-05,2.1335535626204165,0.30493853942806015,0.0652869338169073,0.14598602196799784,0.011949142713592735,0.026719095380439643,4.388252844922631,2.6961785154620355,,,3.0,1.5811388300841898,686.8,803.9674744664737
Replace + Select,88,1.0,0.0,11.724695702415861,10.073571417761645,0.002639209608464094,0.0041336125571883675,0.0052539650202922195,0.008205923989800993,4.743627354471691e-05,7.800809442606436e-05,2.1101525148970635,0.4080964436916866,0.06528693381688781,0.14598602196795427,0.011949142713587841,0.026719095380428704,4.388824691216834,2.6966710705035517,,,3.0,1.5811388300841898,686.8,803.9674744664737
Replace + Select,89,1.0,0.0,11.734979713046712,10.078032546815074,0.0026465427572825544,0.0041292819267263175,0.005308700796649033,0.008316054415106479,4.793771278939468e-05,7.904992838425583e-05,2.115894663065053,0.37040514176990086,0.06528693381689842,0.14598602196797797,0.011949142713590497,0.026719095380434637,4.3885059505129025,2.6968623091628174,,,3.0,1.5811388300841898,686.8,803.9674744664737
Replace + Select,90,1.0,0.0,11.743873870301883,10.08323935282256,0.0025202720736979163,0.0038165128879415035,0.0051006581000787015,0.007724181370431637,4.592977360652018e-05,7.349772965325058e-05,2.078724268740954,0.34655444891248083,0.06528693381689572,0.14598602196797195,0.011949142713589826,0.026719095380433138,4.389246234505427,2.6974483117887074,,,3.0,1.5811388300841898,686.8,803.9674744664737
Replace + Select,91,1.0,0.0,11.753596595605696,10.089511038304737,0.0023662740521532893,0.0035233607574288155,0.0047269683489161544,0.007029707461650686,4.258389865140216e-05,6.691093442871986e-05,2.130426919985824,0.35207770543137024,0.06528693381689837,0.14598602196797789,0.011949142713590495,0.026719095380434637,4.3902423728895155,2.6980152845410226,,,3.0,1.5811388300841898,686.8,803.9674744664737
Replace + Select,92,1.0,0.0,11.760525844859467,10.094318236363767,0.002311519911900965,0.0034269588565618144,0.004657148721852469,0.0069460387566880125,4.2022300855046e-05,6.610637060080094e-05,2.12817705095285,0.3509191387429438,0.06528693381689857,0.14598602196797833,0.011949142713590545,0.026719095380434748,4.390399867747497,2.6983219849261233,,,3.0,1.5811388300841898,686.8,803.9674744664737
Replace + Select,93,1.0,0.0,11.769531895350582,10.10119091392973,0.0022328795810997596,0.0033064692685713334,0.004448051413702621,0.006557553354197755,4.008456516368834e-05,6.24274332790845e-05,2.099787835877772,0.33664608620612546,0.06528693381689978,0.14598602196798102,0.011949142713590839,0.026719095380435404,4.3913783469654195,2.698823082759934,,,3.0,1.5811388300841898,686.8,803.9674744664737
Replace + Select,94,1.0,0.0,11.777901638607123,10.106258400578328,0.0021464394968664182,0.003114728032143287,0.004341136680509108,0.006335245218448125,3.9091589577486044e-05,6.0327371900770495e-05,2.079983442937176,0.3112610338595045,0.0652869338168978,0.1459860219679766,0.011949142713590356,0.026719095380434325,4.39208277658455,2.6992946737597783,,,3.0,1.5811388300841898,686.8,803.9674744664737
Replace + Select,95,1.0,0.0,11.78709078228671,10.111156820500748,0.002063795557525432,0.0029751997401975417,0.004109334666601372,0.00593294862763592,3.699639454082197e-05,5.652670042274997e-05,2.115918843214601,0.3516822048434002,0.0652869338168975,0.14598602196797592,0.011949142713590275,0.026719095380434144,4.393115608285415,2.699830118710736,,,3.0,1.5811388300841898,686.8,803.9674744664737
Replace + Select,96,1.0,0.0,11.797282906355765,10.115732397997975,0.0020448105063694284,0.0029557315343386108,0.004082870681026913,0.005868412581513149,3.668268874586573e-05,5.593442428858506e-05,2.1054147584016745,0.33146548057193065,0.06528693381689388,0.14598602196796784,0.01194914271358936,0.026719095380432097,4.393911003260868,2.7003402872361812,,,3.0,1.5811388300841898,686.8,803.9674744664737
Replace + Select,97,1.0,0.0,11.803608722358181,10.118874433374252,0.002033580021955679,0.002921020720568413,0.004057636730780042,0.0058379178238961785,3.6468940393495216e-05,5.5633555725166664e-05,2.114116826404813,0.32963353738977874,0.06528693381689386,0.1459860219679678,0.011949142713589357,0.02671909538043209,4.394497810755167,2.7007532385642823,,,3.0,1.5811388300841898,686.8,803.9674744664737
Replace + Select,98,1.0,0.0,11.811405721325302,10.124751448899525,0.002069673385602489,0.002984377022822801,0.00414423696336177,0.005987378524861458,3.725494578435587e-05,5.705851215838486e-05,2.0566921499563375,0.3124464786495209,0.06528693381688644,0.14598602196795119,0.01194914271358749,0.026719095380427917,4.395178209644414,2.701213949947144,,,3.0,1.5811388300841898,686.8,803.9674744664737
Replace + Select,99,1.0,0.0,11.818117685868614,10.129212762961926,0.00196206351768725,0.0027733855547556665,0.003915935581642751,0.005546265181698972,3.510483919177132e-05,5.2898032227234676e-05,2.1245477176513026,0.29701309778821894,0.06528693381688168,0.14598602196794055,0.01194914271358629,0.02671909538042523,4.395772710794486,2.7017131249453383,,,3.0,1.5811388300841898,686.8,803.9674744664737
Replace + Select,100,1.0,0.0,11.828567820351102,10.138719027316027,0.001991414708247157,0.002872030916408547,0.004048396996713277,0.005905201806231585,3.6450620050530294e-05,5.625197382229583e-05,2.114845262087762,0.3464286999086629,0.06528693381688094,0.14598602196793892,0.011949142713586105,0.026719095380424815,4.396782350104885,2.7023770045954043,,,3.0,1.5811388300841898,686.8,803.9674744664737
Replace + Select,101,1.0,0.0,11.835836853121682,10.144074507654306,0.0019420144587116062,0.0027983229944795974,0.003800934005769318,0.005414086932503544,3.4227461111385914e-05,5.1615804608745183e-05,2.1101236175735716,0.392014823236017,0.06528693381688007,0.14598602196793695,0.01194914271358588,0.02671909538042432,4.3976284022586265,2.702897698738112,,,3.0,1.5811388300841898,686.8,803.9674744664737
Replace + Select,102,1.0,0.0,11.843580017933231,10.149039613410395,0.0019200354304764536,0.0027795365297767233,0.003821173924411498,0.005488396717285206,3.439805347949252e-05,5.230388718242055e-05,2.1310848240501463,0.3899158666860096,0.06528693381688623,0.14598602196795074,0.011949142713587444,0.026719095380427813,4.398662138635798,2.7034013998065287,,,3.0,1.5811388300841898,686.8,803.9674744664737
Replace + Select,103,1.0,0.0,11.851918542449681,10.155170667841434,0.0019096394086476828,0.0027619417680006227,0.003843605938198591,0.005568757752334645,3.459977358743277e-05,5.3055951440098886e-05,2.0927119175059046,0.34871384953403695,0.06528693381688869,0.14598602196795624,0.011949142713588058,0.026719095380429186,4.399696341673755,2.7039502753331917,,,3.0,1.5811388300841898,686.8,803.9674744664737
Replace + Select,104,1.0,0.0,11.858818350690331,10.158136420590099,0.0019001826861114713,0.0027577347516425945,0.0038036750509046315,0.005517529329633236,3.424851206208588e-05,5.2561843317799585e-05,2.0699955186983607,0.3483761653044001,0.06528693381688641,0.14598602196795113,0.011949142713587485,0.026719095380427903,4.4007281701369765,2.7044044845243094,,,3.0,1.5811388300841898,686.8,803.9674744664737
Replace + Select,105,1.0,0.0,11.864423646564909,10.162772770193634,0.001836354342215607,0.002632265232403135,0.0036920315374607423,0.005310477522710774,3.3187017486686814e-05,5.061852671423261e-05,2.1031764908809345,0.32957895250989827,0.06528693381688129,0.14598602196793967,0.011949142713586191,0.026719095380425013,4.40161466741348,2.704991251320121,,,3.0,1.5811388300841898,686.8,803.9674744664737
Replace + Select,106,1.0,0.0,11.875005086651502,10.171411211517105,0.001785525143979735,0.0025441173777562983,0.003565700985884851,0.005062637604569016,3.203319116007071e-05,4.827798471045746e-05,2.1206436062898626,0.3247698426388361,0.06528693381689431,0.14598602196796878,0.011949142713589472,0.026719095380432347,4.4023454442850545,2.7056913925619326,,,3.0,1.5811388300841898,686.8,803.9674744664737
Replace + Select,107,1.0,0.0,11.885065745053431,10.177819809221125,0.001778809910204736,0.002530891023739664,0.003567136151551186,0.005095949578796338,3.210050558260945e-05,4.858584661865674e-05,2.119242442435175,0.35594386719959076,0.06528693381689116,0.14598602196796176,0.011949142713588679,0.026719095380430574,4.4030292294559485,2.706244178389571,,,3.0,1.5811388300841898,686.8,803.9674744664737
Replace + Select,108,1.0,0.0,11.891992984084512,10.182480257681501,0.001762790066758541,0.002493821821688154,0.0035571550358589944,0.005065438942581264,3.1971575060355924e-05,4.8302225468259994e-05,2.084756089535353,0.31283328111567754,0.06528693381689346,0.1459860219679669,0.01194914271358926,0.026719095380431872,4.403718997970921,2.706560158646251,,,3.0,1.5811388300841898,686.8,803.9674744664737
Replace + Select,109,1.0,0.0,11.900445389371843,10.187688683535658,0.001730196555389055,0.002406611401522742,0.0034218131734968854,0.004752463036341175,3.063984660033485e-05,4.535474972361878e-05,2.1034760699303536,0.3785918077091609,0.06528693381689785,0.14598602196797672,0.011949142713590363,0.02671909538043434,4.404048401273278,2.7069123777854007,,,3.0,1.5811388300841898,686.8,803.9674744664737
Replace + Select,110,1.0,0.0,11.908357687317638,10.19097048271395,0.0017376422990452683,0.0024413974208996304,0.0034679998710987108,0.004836571256049968,3.103696223218157e-05,4.615502625512787e-05,2.1422447211797104,0.3683328512296861,0.0652869338169004,0.1459860219679824,0.011949142713590996,0.026719095380435758,4.404645486796397,2.7073998956858416,,,3.0,1.5811388300841898,686.8,803.9674744664737
Replace + Select,111,1.0,0.0,11.918607634249025,10.195958851157219,0.0017757025146886314,0.00252012726180306,0.0035383960011702723,0.005038656505824622,3.174765686233801e-05,4.8048459951948386e-05,2.1423895341930628,0.3348602496696323,0.0652869338168981,0.14598602196797728,0.011949142713590426,0.02671909538043448,4.405006428104842,2.707782567551061,,,3.0,1.5811388300841898,686.8,803.9674744664737
Replace + Select,112,1.0,0.0,11.926309664319561,10.203749106125386,0.00173703498950327,0.0024828927109513837,0.0034740168800392853,0.00496406376129345,3.119000041084538e-05,4.733993705941315e-05,2.0916485134391314,0.3111406516320214,0.06528693381690046,0.14598602196798255,0.011949142713591014,0.026719095380435796,4.405740332505516,2.7082438490105973,,,3.0,1.5811388300841898,686.8,803.9674744664737
Replace + Select,113,1.0,0.0,11.933956068415789,10.207985172868392,0.001701556013814257,0.0024243854549777432,0.003384411637867775,0.004812071444234016,3.038310399085132e-05,4.589738411477364e-05,2.0984053196505537,0.36635858581672276,0.06528693381691195,0.14598602196800825,0.011949142713593906,0.02671909538044226,4.406854268891431,2.7088793690764015,,,3.0,1.5811388300841898,686.8,803.9674744664737
Replace + Select,114,1.0,0.0,11.94217110652669,10.213871132865611,0.0016459347422504936,0.0022960181126039656,0.0032939165037257252,0.004627534558425316,2.9514525385919366e-05,4.415497055733554e-05,2.099972090056197,0.3127425798293317,0.06528693381690966,0.14598602196800312,0.011949142713593324,0.02671909538044096,4.407068462677227,2.709279104033715,,,3.0,1.5811388300841898,686.8,803.9674744664737
Replace + Select,115,1.0,0.0,11.952577532968487,10.222177136121276,0.0016170862838667318,0.0022004789585934018,0.0032120978502461635,0.004367330116823913,2.8716460640479402e-05,4.1705592365856685e-05,2.1120428360940933,0.32938559063513145,0.06528693381690776,0.14598602196799887,0.011949142713592853,0.026719095380439907,4.407884019277105,2.709874258362729,,,3.0,1.5811388300841898,686.8,803.9674744664737
Replace + Select,116,1.0,0.0,11.961499901573635,10.226323720111875,0.0015879584494043427,0.0021748287179260157,0.0032172185267409933,0.004410326330233069,2.8765539128769544e-05,4.209358995052887e-05,2.1152375899843294,0.33429688769964955,0.06528693381691299,0.14598602196801055,0.011949142713594171,0.026719095380442856,4.4081467704333885,2.7100325208971294,,,3.0,1.5811388300841898,686.8,803.9674744664737
Replace + Select,117,1.0,0.0,11.971281785014975,10.232563499375788,0.0015632020304193323,0.0021690549191145173,0.0031741042372878,0.00444596935323184,2.847080132365102e-05,4.2407630821902854e-05,2.0899039818323883,0.34390224694927757,0.06528693381692025,0.1459860219680268,0.011949142713595987,0.02671909538044692,4.408877372686812,2.710537955783715,,,3.0,1.5811388300841898,686.8,803.9674744664737
Replace + Select,118,1.0,0.0,11.980548418876902,10.239308497365865,0.0015436389105797036,0.002199012507540784,0.0031096381593412148,0.004447309730650042,2.7958881756753695e-05,4.239721209079629e-05,2.1092111902604445,0.34202873094243946,0.06528693381691728,0.14598602196802016,0.011949142713595245,0.026719095380445257,4.40949016647735,2.711066008004087,,,3.0,1.5811388300841898,686.8,803.9674744664737
Replace + Select,119,1.0,0.0,11.989324188282506,10.248233730356288,0.0014890322838973767,0.0021155516536137,0.0030250258956209656,0.004345525501272374,2.7152658529317706e-05,4.142234996428676e-05,2.134436226280671,0.28977973207040597,0.06528693381691711,0.14598602196801977,0.01194914271359521,0.026719095380445177,4.409601247864305,2.711493363977469,,,3.0,1.5811388300841898,686.8,803.9674744664737
Replace + Select,120,1.0,0.0,11.998020464076415,10.254202521210084,0.00144433264753705,0.0020227405310323677,0.002922623823438238,0.004109415157783715,2.617162783279148e-05,3.919264704068491e-05,2.1099202541680007,0.29933835047730784,0.06528693381691411,0.14598602196801308,0.011949142713594449,0.026719095380443477,4.410178246099236,2.7119346868424175,,,3.0,1.5811388300841898,686.8,803.9674744664737
Replace + Select,121,1.0,0.0,12.00757226663043,10.260302009649418,0.0014148860527131329,0.0019824196852025033,0.0028552636679589367,0.004030121362755218,2.557241955136282e-05,3.844243041449008e-05,2.1367648878976104,0.32426038709775123,0.0652869338168954,0.14598602196797125,0.011949142713589751,0.02671909538043297,4.4110587229672475,2.7126330362497,,,3.0,1.5811388300841898,686.8,803.9674744664737
Replace + Select,122,1.0,0.0,12.017594462920954,10.268382182864784,0.001362453898429746,0.0018828633396943855,0.0027349088062166996,0.003779838027070374,2.44596741750765e-05,3.6078687020304805e-05,2.1148989821007875,0.38109787918578325,0.06528693381688958,0.1459860219679582,0.011949142713588278,0.02671909538042968,4.411639797601144,2.7132491947438377,,,3.0,1.5811388300841898,686.8,803.9674744664737
Replace + Select,123,1.0,0.0,12.027241326101379,10.273693591172183,0.0013297765796396134,0.0018125251999860244,0.00263922287624622,0.0035914421965185057,2.353225382767764e-05,3.430050180512625e-05,2.128905066742281,0.3174511931354035,0.06528693381688744,0.14598602196795343,0.011949142713587742,0.02671909538042848,4.412674736625417,2.71382696136662,,,3.0,1.5811388300841898,686.8,803.9674744664737
Replace + Select,124,1.0,0.0,12.037337259211123,10.278671075703782,0.0012480166986177726,0.001655028537444906,0.002457097950181329,0.003255562350699948,2.183884969667272e-05,3.113006561435905e-05,2.1267771128594637,0.3636323267704894,0.06528693381688985,0.14598602196795885,0.011949142713588354,0.02671909538042985,4.412985182548437,2.7142010314293192,,,3.0,1.5811388300841898,686.8,803.9674744664737
Replace + Select,125,1.0,0.0,12.045559240294342,10.28298979649871,0.001231525969955146,0.0016153523449078274,0.00248399681131663,0.003271308104811525,2.2091014417287743e-05,3.128710656949511e-05,2.1064224297147196,0.3317017860157104,0.06528693381689686,0.1459860219679745,0.011949142713590113,0.026719095380433783,4.414123325814351,2.7148639568651323,,,3.0,1.5811388300841898,686.8,803.9674744664737
Replace + Select,126,1.0,0.0,12.056852479070889,10.290176529938604,0.0011799405559028448,0.0015138784249836207,0.002364622598441773,0.0030261427004150874,2.0993493218850473e-05,2.897726044050499e-05,2.1189957238753467,0.3177332571543388,0.06528693381689477,0.1459860219679698,0.011949142713589586,0.026719095380432604,4.415396090808036,2.7155770307371365,,,3.0,1.5811388300841898,686.8,803.9674744664737
Replace + Select,127,1.0,0.0,12.065224042172904,10.294325330033212,0.0011659764785198722,0.001498059876131874,0.0023043499188518416,0.0029228329958253243,2.045039617560744e-05,2.8001281899883477e-05,2.1399097952332564,0.3085415983358833,0.06528693381689031,0.14598602196795984,0.011949142713588459,0.026719095380430085,4.416672550890409,2.716186159254783,,,3.0,1.5811388300841898,686.8,803.9674744664737
Replace + Select,128,1.0,0.0,12.07267519307313,10.299669909201375,0.001137422433358106,0.0014387582239104217,0.002271308229078203,0.0028807836402465646,2.0177594643339194e-05,2.7604710218693096e-05,2.141708899383269,0.3767415087361373,0.06528693381688752,0.14598602196795363,0.011949142713587765,0.02671909538042853,4.416805280931078,2.716494792796895,,,3.0,1.5811388300841898,686.8,803.9674744664737
Replace + Select,129,1.0,0.0,12.082648741071417,10.307856684505532,0.0011740249784731242,0.0015323296318283338,0.0023770546845029083,0.003126714738526797,2.1156382384877084e-05,2.9923293497205775e-05,2.126479498778276,0.35610621675482546,0.0652869338168875,0.14598602196795357,0.011949142713587753,0.026719095380428503,4.417724105075955,2.7171459963628393,,,3.0,1.5811388300841898,686.8,803.9674744664737
Replace + Select,130,1.0,0.0,12.092244098562048,10.316360040872238,0.0011941850749460571,0.0015695842882681313,0.002356858874154836,0.003078316556200532,2.1023241102405617e-05,2.9471340149763868e-05,2.1167931924083843,0.2999859864874272,0.06528693381688784,0.14598602196795432,0.011949142713587841,0.026719095380428704,4.418958340442343,2.717921819714615,,,3.0,1.5811388300841898,686.8,803.9674744664737
Replace + Select,131,1.0,0.0,12.100091224341504,10.320339273915751,0.00116981865755738,0.0015071019271033546,0.0023394413955430612,0.0030167678256905256,2.0849435054497778e-05,2.8894765888639105e-05,2.1373318407072115,0.27859997696576966,0.06528693381688637,0.14598602196795105,0.011949142713587475,0.026719095380427882,4.419791352642033,2.7184250194736883,,,3.0,1.5811388300841898,686.8,803.9674744664737
Replace + Select,132,1.0,0.0,12.109877693320437,10.324614765919256,0.0011557765220395451,0.0014959035148414306,0.0023265962092133925,0.003026405603768046,2.0772533068508894e-05,2.8977082571960202e-05,2.071089403436754,0.2706901313486669,0.06528693381688153,0.1459860219679402,0.011949142713586252,0.026719095380425148,4.42060233485596,2.718807858061144,,,3.0,1.5811388300841898,686.8,803.9674744664737
Replace + Select,133,1.0,0.0,12.118329449191023,10.330050531939168,0.001143303426065704,0.0014756561748887039,0.002294402427458508,0.0029676164042012087,2.0464679962769862e-05,2.840632350496496e-05,2.1438718572748114,0.33877999336672965,0.0652869338168792,0.145986021967935,0.011949142713585667,0.02671909538042384,4.4208517620847605,2.7191776856567804,,,3.0,1.5811388300841898,686.8,803.9674744664737
Replace + Select,134,1.0,0.0,12.126463765840402,10.336493594252671,0.0011717086198539347,0.0015513259371614024,0.0023324389035147973,0.0030884353869906436,2.087014069251771e-05,2.953376836467306e-05,2.122819094162986,0.2678521221855484,0.06528693381686924,0.14598602196791274,0.011949142713583168,0.02671909538041825,4.4216208927559775,2.7197339468745665,,,3.0,1.5811388300841898,686.8,803.9674744664737
Replace + Select,135,1.0,0.0,12.13521972947984,10.341672023345367,0.001182556327011718,0.001566735185338302,0.0023621502511700708,0.003118847332606507,2.1137687057663825e-05,2.9835829684940005e-05,2.1363729885294034,0.3124253018731749,0.06528693381686548,0.14598602196790433,0.011949142713582224,0.02671909538041614,4.422417207088338,2.720208434092908,,,3.0,1.5811388300841898,686.8,803.9674744664737
Replace + Select,136,1.0,0.0,12.143600376388097,10.345772651788458,0.0011422367956471795,0.0014780408457779346,0.0022812767594093614,0.002942704396390837,2.0332745192650108e-05,2.8177985191554508e-05,2.0878697274411566,0.2860558198141752,0.06528693381686122,0.1459860219678948,0.011949142713581154,0.026719095380413747,4.423190926441591,2.720645118652969,,,3.0,1.5811388300841898,686.8,803.9674744664737
Replace + Select,137,1.0,0.0,12.154610167440339,10.354169376881057,0.0011567072954068957,0.001511715705227069,0.002310789259190911,0.003037646686890266,2.064324668261954e-05,2.906855078641079e-05,2.1613102433018634,0.38340588219654953,0.06528693381686658,0.14598602196790678,0.011949142713582495,0.026719095380416745,4.42374232793387,2.721167549245551,,,3.0,1.5811388300841898,686.8,803.9674744664737
Replace + Select,138,1.0,0.0,12.165120121712954,10.360966058965726,0.001137831525805761,0.0014645845035328674,0.0022860692542520183,0.0029502114918560506,2.0356060621772304e-05,2.82543912247511e-05,2.0890178666785326,0.3233267654913574,0.06528693381686315,0.14598602196789912,0.011949142713581632,0.02671909538041482,4.424557218667681,2.721714703131311,,,3.0,1.5811388300841898,686.8,803.9674744664737
Replace + Select,139,1.0,0.0,12.174135160982111,10.36631278799553,0.00111515173106681,0.0014247733004978467,0.002239780952249139,0.002875199681621526,1.994810834191539e-05,2.7537184415790833e-05,2.0690533232136117,0.32099789636703124,0.06528693381686586,0.14598602196790517,0.01194914271358231,0.02671909538041634,4.425648699816615,2.7222925901202624,,,3.0,1.5811388300841898,686.8,803.9674744664737
Replace + Select,140,1.0,0.0,12.182553868918257,10.370581774305947,0.0010946878956913683,0.0013804030936270684,0.002188349600945973,0.0027389887776263395,1.9403589807293822e-05,2.6243421902325196e-05,2.196930836469029,0.4395769975027165,0.06528693381687167,0.14598602196791818,0.011949142713583787,0.026719095380419635,4.426130563685719,2.7225914089929164,,,3.0,1.5811388300841898,686.8,803.9674744664737
Replace + Select,141,1.0,0.0,12.192166810831667,10.376865874115975,0.001093515345446446,0.0013921985648348177,0.002203910598207529,0.0028067481701064645,1.954793880505605e-05,2.687390084231846e-05,2.11673450570111,0.36443666835526173,0.06528693381688666,0.14598602196795168,0.011949142713587553,0.026719095380428055,4.426548577439669,2.7229760610492555,,,3.0,1.5811388300841898,686.8,803.9674744664737
Replace + Select,142,1.0,0.0,12.20061292704135,10.380961651158618,0.0010921768980468804,0.0014088201436141185,0.002189651437485546,0.0028506644800991446,1.945182953278218e-05,2.7277393899911806e-05,2.1179498727066135,0.32677109473443783,0.06528693381688783,0.1459860219679543,0.011949142713587846,0.02671909538042871,4.427296681955439,2.723450190309609,,,3.0,1.5811388300841898,686.8,803.9674744664737
Replace + Select,143,1.0,0.0,12.209051301676684,10.385858027855097,0.001070226249624452,0.0013471705147949705,0.002128520295078239,0.0026607187336050485,1.8848829789600902e-05,2.547628278652992e-05,2.1323136597813512,0.2668451557287273,0.06528693381688158,0.14598602196794033,0.01194914271358627,0.026719095380425186,4.428406202294938,2.7240329730007833,,,3.0,1.5811388300841898,686.8,803.9674744664737
Replace + Select,144,1.0,0.0,12.2191551715253,10.391759330165684,0.001087078349372308,0.0014060540172836841,0.002171079986129246,0.002791242918460664,1.930597823162197e-05,2.670113876517587e-05,2.1439582758286138,0.3615110091243823,0.06528693381688176,0.14598602196794075,0.011949142713586311,0.02671909538042528,4.429137525493873,2.724552819877398,,,3.0,1.5811388300841898,686.8,803.9674744664737
Replace + Select,145,1.0,0.0,12.228903863324884,10.397308513580386,0.0010254676820098695,0.001287135619985461,0.002050071223114114,0.002593614401503238,1.8215058390046576e-05,2.482989906803511e-05,2.127133342339707,0.34496822333994104,0.0652869338168858,0.14598602196794977,0.011949142713587326,0.02671909538042755,4.43001917508129,2.7251664743857393,,,3.0,1.5811388300841898,686.8,803.9674744664737
Replace + Select,146,1.0,0.0,12.238352488053554,10.402265038568974,0.0010483599705505909,0.0013357917409050084,0.002077342798156453,0.0026239916385845364,1.8477469979594944e-05,2.512794225290152e-05,2.211871502014861,0.354615749585192,0.0652869338168747,0.14598602196792496,0.011949142713584536,0.02671909538042131,4.4304978083871545,2.7257533253361976,,,3.0,1.5811388300841898,686.8,803.9674744664737
Replace + Select,147,1.0,0.0,12.248120922095314,10.409598535104632,0.0010813999664347036,0.0013746363774774161,0.0021643727043438384,0.0027729127718455217,1.92457503495161e-05,2.6538306597004775e-05,2.092859118172192,0.37698538184371505,0.06528693381687438,0.14598602196792423,0.011949142713584458,0.026719095380421137,4.43143975580662,2.7263676738214837,,,3.0,1.5811388300841898,686.8,803.9674744664737
Replace + Select,148,1.0,0.0,12.25863294137913,10.416650894674737,0.0010696169491814162,0.0013541122347754135,0.0021372452327853004,0.0027147393438527053,1.898678231644072e-05,2.5988446689092886e-05,2.130297524416693,0.3464330286714161,0.06528693381687764,0.1459860219679315,0.011949142713585274,0.026719095380422962,4.43201152997033,2.726911792539142,,,3.0,1.5811388300841898,686.8,803.9674744664737
Replace + Select,149,1.0,0.0,12.268226455726358,10.424360058745073,0.0010944403381058434,0.0013988316397077932,0.0022018060321378798,0.002821364426725076,1.958314209133991e-05,2.70046595177332e-05,2.1388691988169573,0.37402578701584543,0.06528693381688559,0.1459860219679493,0.011949142713587277,0.02671909538042744,4.433159506617356,2.7275475635384163,,,3.0,1.5811388300841898,686.8,803.9674744664737
Replace + Select,150,1.0,0.0,12.277381906757332,10.42946805750126,0.001114891612815472,0.0014204615210578009,0.0022240840246196035,0.002826262435647621,1.9791750412725954e-05,2.706079434911374e-05,2.11657824832965,0.3154614307024861,0.0652869338168944,0.145986021967969,0.01194914271358949,0.02671909538043239,4.434092648122375,2.728049650534183,,,3.0,1.5811388300841898,686.8,803.9674744664737
Replace + Select,151,1.0,0.0,12.28677535901539,10.43443405877972,0.001104311812566375,0.001406169028187959,0.0022178731229595457,0.002809113868376317,1.973220271906573e-05,2.689368741907439e-05,2.137671956696732,0.34159855684621493,0.06528693381690298,0.14598602196798818,0.01194914271359165,0.02671909538043722,4.434638464286274,2.7284348384027655,,,3.0,1.5811388300841898,686.8,803.9674744664737
Replace + Select,152,1.0,0.0,12.295178857860755,10.440450054262849,0.00111916659408169,0.0014580621505583815,0.0022419008751476226,0.0029300842758774094,1.998097790375392e-05,2.8025811943412536e-05,2.1308463062456893,0.31199464400356314,0.06528693381691403,0.14598602196801289,0.01194914271359443,0.026719095380443432,4.435715015623478,2.72914294623401,,,3.0,1.5811388300841898,686.8,803.9674744664737
Replace + Select,153,1.0,0.0,12.303955329048161,10.446895442272611,0.0011281631365125029,0.0014640414485676324,0.002258758558688049,0.002935900440648963,2.019044558820868e-05,2.80921401093707e-05,2.1114794242106107,0.3367331433736328,0.06528693381690893,0.1459860219680015,0.011949142713593151,0.026719095380440573,4.436713866059627,2.729746773981817,,,3.0,1.5811388300841898,686.8,803.9674744664737
Replace + Select,154,1.0,0.0,12.314522943088924,10.452809599295943,0.001173727268924066,0.0015200032638943905,0.002341731818067208,0.003023982153714314,2.0922871348638988e-05,2.894037450321132e-05,2.0877115396541854,0.3181518983459295,0.0652869338169029,0.145986021967988,0.01194914271359163,0.026719095380437173,4.43725555510185,2.7301053773741013,,,3.0,1.5811388300841898,686.8,803.9674744664737
Replace + Select,155,1.0,0.0,12.322837246306133,10.457832333329653,0.001177541636241506,0.0015329088500680664,0.0023591531652951006,0.003080053550047838,2.110740655724343e-05,2.9472151021661338e-05,2.1317857608181616,0.3309203241956306,0.06528693381691283,0.14598602196801022,0.011949142713594131,0.026719095380442766,4.437582612504544,2.730416835324947,,,3.0,1.5811388300841898,686.8,803.9674744664737
Replace + Select,156,1.0,0.0,12.332790466968087,10.464543206256574,0.0011752978909686336,0.0015400276849191208,0.002347725285317003,0.0030674415452468695,2.101611073743809e-05,2.934595434257435e-05,2.126942059342513,0.30242854005858083,0.06528693381691121,0.14598602196800659,0.011949142713593711,0.02671909538044183,4.438211927892423,2.7310642839879273,,,3.0,1.5811388300841898,686.8,803.9674744664737
Replace + Select,157,1.0,0.0,12.343099036273724,10.469685775634124,0.001204947555524271,0.0016158520228489316,0.0024138034319279725,0.0032460867892446323,2.165710241503497e-05,3.1026997473797825e-05,2.1234612139657045,0.35477379196137465,0.06528693381690794,0.14598602196799926,0.0119491427135929,0.026719095380440015,4.4395389259147695,2.7317042398168425,,,3.0,1.5811388300841898,686.8,803.9674744664737
Replace + Select,158,1.0,0.0,12.351664975683805,10.475117664862305,0.0011142038186243723,0.0014539505865287954,0.0022293874742060744,0.002922140558865467,1.998102311055049e-05,2.7955511912442644e-05,2.154418980955131,0.4026148846820264,0.06528693381689601,0.1459860219679726,0.011949142713589902,0.026719095380433308,4.440272886012647,2.732192551812497,,,3.0,1.5811388300841898,686.8,803.9674744664737
Replace + Select,159,1.0,0.0,12.36126617780061,10.480658768383803,0.001090360459268915,0.0014100157997314815,0.0021687458428911056,0.0028187753766669432,1.941488825656203e-05,2.697804591975687e-05,2.121817666570668,0.39216630671025293,0.06528693381689653,0.14598602196797375,0.01194914271359003,0.026719095380433596,4.440997182456745,2.7326820518175725,,,3.0,1.5811388300841898,686.8,803.9674744664737
Replace + Select,160,1.0,0.0,12.372918551259058,10.48593416010448,0.0010647047275650179,0.0013538736971737497,0.0021480277727395167,0.0027700062251946353,1.9185269236736262e-05,2.651193316566725e-05,2.1221465871844885,0.26916177068800523,0.06528693381689413,0.1459860219679684,0.011949142713589421,0.026719095380432233,4.441507083634229,2.7331849604998633,,,3.0,1.5811388300841898,686.8,803.9674744664737
Replace + Select,161,1.0,0.0,12.383041327911952,10.493011293374394,0.001091154360984119,0.0013937852421577095,0.0021868219067557003,0.002821248218336722,1.95274803257283e-05,2.6999172816723575e-05,2.1373644174833104,0.2940884602736005,0.06528693381689533,0.14598602196797109,0.011949142713589721,0.02671909538043291,4.442388096450484,2.733868517521888,,,3.0,1.5811388300841898,686.8,803.9674744664737
Replace + Select,162,1.0,0.0,12.390762157748387,10.498027404292134,0.0010762735565636554,0.0013606027567065779,0.002135481641001243,0.0026877558708245704,1.900355330250513e-05,2.5744258925463423e-05,2.123726922767144,0.3505489354689671,0.06528693381690066,0.145986021967983,0.011949142713591064,0.026719095380435907,4.442704031799587,2.7341806102135733,,,3.0,1.5811388300841898,686.8,803.9674744664737
Replace + Select,163,1.0,0.0,12.400012659257637,10.505145804375196,0.0010800788939086844,0.0013794321095268911,0.0021775825889612903,0.0027993353071955147,1.940722619960757e-05,2.6789756116596547e-05,2.1129035096840654,0.2953000065947766,0.06528693381689059,0.14598602196796048,0.011949142713588533,0.026719095380430248,4.443444656131514,2.7346658414460863,,,3.0,1.5811388300841898,686.8,803.9674744664737
Replace + Select,164,1.0,0.0,12.409989723539883,10.510741558189995,0.001057548167730022,0.0013443691681579177,0.0021444587910210084,0.002751649368037377,1.9113990333917623e-05,2.6327609560197003e-05,2.1608216710632613,0.37312246020674766,0.06528693381689014,0.14598602196795948,0.011949142713588419,0.02671909538042999,4.444172446089354,2.7352096058848443,,,3.0,1.5811388300841898,686.8,803.9674744664737
Replace + Select,165,1.0,0.0,12.41855038634699,10.51623206417879,0.0010547423230778024,0.001355932161153579,0.0021227557978478057,0.0027438366516354304,1.891541182063249e-05,2.6251815891223465e-05,2.1387332047067247,0.35899108049204176,0.06528693381688873,0.14598602196795632,0.011949142713588072,0.026719095380429218,4.4447310569930085,2.735719208831307,,,3.0,1.5811388300841898,686.8,803.9674744664737
Replace + Select,166,1.0,0.0,12.427899172594616,10.52132344130409,0.0010514634103715322,0.0013545890089704774,0.0021066921233037937,0.0027045939509320873,1.878181657872827e-05,2.589134300305867e-05,2.1350234807822144,0.30708938620981546,0.06528693381688991,0.14598602196795896,0.011949142713588361,0.026719095380429863,4.445280858966035,2.7360927257173344,,,3.0,1.5811388300841898,686.8,803.9674744664737
Replace + Select,167,1.0,0.0,12.4383849039394,10.527556772470646,0.001041040362895626,0.0013286508112246417,0.002092627192505356,0.0026795666546707082,1.8617852331451763e-05,2.564466874030254e-05,2.121035669887253,0.29587337425818633,0.06528693381689324,0.14598602196796642,0.011949142713589204,0.02671909538043175,4.44644100218933,2.736800666414768,,,3.0,1.5811388300841898,686.8,803.9674744664737
Replace + Select,168,1.0,0.0,12.448463945859135,10.535327731486179,0.001039522480758604,0.001327198110674605,0.0020945422429876916,0.0026975996961327176,1.8651982609035674e-05,2.5810884566175054e-05,2.0996120084028407,0.33717626335896167,0.06528693381689747,0.1459860219679759,0.011949142713590266,0.026719095380434123,4.447143283993748,2.7373227287692172,,,3.0,1.5811388300841898,686.8,803.9674744664737
Replace + Select,169,1.0,0.0,12.459002592245714,10.542194936486311,0.0010317645812772981,0.0013016433876133669,0.0020802931558173703,0.0026237387543937302,1.8506741523777408e-05,2.5111908385668397e-05,2.0804032942305364,0.27818457676795927,0.06528693381688272,0.14598602196794289,0.011949142713586557,0.026719095380425828,4.448278013269962,2.7379753094061288,,,3.0,1.5811388300841898,686.8,803.9674744664737
Replace + Select,170,1.0,0.0,12.46779990225313,10.548235975006273,0.0010455171372813457,0.0013424023351783778,0.002108647341712494,0.0027301402970079493,1.8802567328938328e-05,2.6109011620844376e-05,2.163452485286003,0.3239119797484059,0.06528693381687206,0.14598602196791904,0.011949142713583872,0.026719095380419826,4.449301571060515,2.7386000361627154,,,3.0,1.5811388300841898,686.8,803.9674744664737
Replace + Select,171,1.0,0.0,12.477240969917354,10.552991003788955,0.0010677725585706431,0.0013842870914748324,0.002150178600940686,0.0028048582864638886,1.9217272376467825e-05,2.6815474487512527e-05,2.1301366800844397,0.3625658546299683,0.06528693381687278,0.14598602196792065,0.01194914271358406,0.026719095380420246,4.450221593482706,2.7391775847294317,,,3.0,1.5811388300841898,686.8,803.9674744664737
Replace + Select,172,1.0,0.0,12.486532654118978,10.557335990983516,0.0011026057775414123,0.0014537700035498799,0.0022134198641782883,0.0029135275242755734,1.9773190178643983e-05,2.7840505892799543e-05,2.120726455803795,0.33239107083255687,0.06528693381687384,0.145986021967923,0.011949142713584323,0.026719095380420835,4.450648770543144,2.739551754723006,,,3.0,1.5811388300841898,686.8,803.9674744664737
Replace + Select,173,1.0,0.0,12.496674396800945,10.56355136982946,0.0010926588623338526,0.0014495576462899026,0.002180713677515084,0.0028953919799034485,1.9497998725979345e-05,2.7654398871660578e-05,2.189391652450896,0.3181629241779564,0.06528693381687722,0.1459860219679306,0.011949142713585176,0.02671909538042274,4.451421010003494,2.7401306531762923,,,3.0,1.5811388300841898,686.8,803.9674744664737
Replace + Select,174,1.0,0.0,12.507115995852857,10.569326865499827,0.0010776581202507352,0.0014426251058267175,0.002156044217277241,0.0028869403032684964,1.9293780780952167e-05,2.7580520083965535e-05,2.1213434237445847,0.2922914372808469,0.06528693381688021,0.14598602196793728,0.011949142713585926,0.026719095380424416,4.452437970205052,2.7407433027850727,,,3.0,1.5811388300841898,686.8,803.9674744664737
Replace + Select,175,1.0,0.0,12.5181927574537,10.57537530220554,0.001044377247747694,0.0013729708907080109,0.0020856515252172096,0.002736879805803592,1.865522909047579e-05,2.6154289777176396e-05,2.15772228636533,0.37348846707733274,0.06528693381687735,0.14598602196793087,0.011949142713585204,0.026719095380422803,4.453237348738148,2.741340772169447,,,3.0,1.5811388300841898,686.8,803.9674744664737
Replace + Select,176,1.0,0.0,12.526778847307101,10.581153887260344,0.0010597068027331934,0.0013971395304258126,0.002123942839762864,0.0027894024828134753,1.8957895216435597e-05,2.6648240396253176e-05,2.134640457092358,0.3643195972931142,0.06528693381687392,0.1459860219679232,0.011949142713584344,0.026719095380420884,4.4540588065367395,2.741882681273918,,,3.0,1.5811388300841898,686.8,803.9674744664737
Replace + Select,177,1.0,0.0,12.536948138880822,10.587306940175102,0.0010190912228293886,0.0013152081818899753,0.002062150367027207,0.002670916890615034,1.8368671379226774e-05,2.5535087200326917e-05,2.1430468463794723,0.3754387352422078,0.06528693381686577,0.145986021967905,0.011949142713582292,0.02671909538041629,4.455199021451303,2.742533161926312,,,3.0,1.5811388300841898,686.8,803.9674744664737
Replace + Select,178,1.0,0.0,12.545755066429411,10.592153650699027,0.0009902929685743766,0.0012628276052297487,0.0019639547016919827,0.0025073768717928744,1.7453718326141232e-05,2.3989287258591002e-05,2.104283826006107,0.3246972476273108,0.06528693381687269,0.14598602196792043,0.011949142713584028,0.026719095380420173,4.4557421809787785,2.742989007531138,,,3.0,1.5811388300841898,686.8,803.9674744664737
Replace + Select,179,1.0,0.0,12.554181717614513,10.597095685392848,0.0009805559729085939,0.0012609153562394004,0.0019753735248979605,0.002546634780147577,1.7629025768142987e-05,2.434898917613897e-05,2.1811872563057335,0.4264407383465769,0.06528693381688064,0.14598602196793822,0.011949142713586028,0.026719095380424645,4.456150949569627,2.743382363051895,,,3.0,1.5811388300841898,686.8,803.9674744664737
Replace + Select,180,1.0,0.0,12.564335003085656,10.60359554699745,0.0009665497507066725,0.001237593797992342,0.0019279714179086488,0.002459843174633948,1.717893594189774e-05,2.35414114521458e-05,2.1292370286374216,0.2918497656801188,0.06528693381688513,0.14598602196794827,0.011949142713587161,0.02671909538042718,4.45679190196701,2.7438849008828488,,,3.0,1.5811388300841898,686.8,803.9674744664737
Replace + Select,181,1.0,0.0,12.57485048163463,10.609360045499725,0.0009594684753126059,0.0012246030989297267,0.001919160185909176,0.002450808345390247,1.7103511380493058e-05,2.3458585035885728e-05,2.1228226388060736,0.3306379316508518,0.06528693381689075,0.14598602196796084,0.011949142713588573,0.02671909538043034,4.4576341433315765,2.7444414926888303,,,3.0,1.5811388300841898,686.8,803.9674744664737
Replace + Select,182,1.0,0.0,12.585232900928762,10.615638669288815,0.0009162497069970232,0.0011478337374696654,0.0018228776625202358,0.0022696206659915943,1.625276064298411e-05,2.1748077641784653e-05,2.1433888082887558,0.39400338708275756,0.0652869338168861,0.14598602196795046,0.011949142713587407,0.02671909538042773,4.458536862356715,2.7450297037493856,,,3.0,1.5811388300841898,686.8,803.9674744664737
Replace + Select,183,1.0,0.0,12.594112879403927,10.622000784460576,0.0008857669872827274,0.0010832212295450061,0.0017779286384633994,0.0021729667503295733,1.585477448558503e-05,2.0856891693040198e-05,2.122860007885881,0.35594097451348083,0.0652869338168985,0.14598602196797816,0.011949142713590526,0.026719095380434706,4.45923257296432,2.7455344973187206,,,3.0,1.5811388300841898,686.8,803.9674744664737
Replace + Select,184,1.0,0.0,12.603911683620243,10.628017306553371,0.0008746173898608758,0.0010507175276703211,0.0017677316775252428,0.002137681192122647,1.5756707948899383e-05,2.05323606670146e-05,2.1245624413563617,0.29099088684159974,0.06528693381689632,0.1459860219679733,0.011949142713589976,0.026719095380433475,4.459941534494239,2.7460958868836736,,,3.0,1.5811388300841898,686.8,803.9674744664737
Replace + Select,185,1.0,0.0,12.613136538390862,10.63381444308092,0.0008863372294383952,0.0010895867217586308,0.0017685424971512858,0.002177004791751919,1.574523865028887e-05,2.0880581154005378e-05,2.13522077203982,0.31851752552774093,0.06528693381689447,0.14598602196796917,0.011949142713589513,0.026719095380432444,4.460857008759562,2.7466387797695564,,,3.0,1.5811388300841898,686.8,803.9674744664737
Replace + Select,186,1.0,0.0,12.623633131163675,10.63925463750004,0.00088864785385796,0.001099319384533941,0.00173873674252864,0.0021236778930156146,1.548101757616887e-05,2.0379697982377424e-05,2.106912600030297,0.4001376933338323,0.06528693381689818,0.14598602196797744,0.011949142713590445,0.026719095380434522,4.4616796236050105,2.747158370753356,,,3.0,1.5811388300841898,686.8,803.9674744664737
Replace + Select,187,1.0,0.0,12.636100291878098,10.647016989341234,0.0008587112687068299,0.001053019391723933,0.0017155513871556674,0.0021109211368719053,1.5321861743687548e-05,2.0261238545732366e-05,2.1131030159748723,0.33480652270005845,0.0652869338168974,0.14598602196797572,0.011949142713590247,0.026719095380434082,4.462718993161484,2.747802247061999,,,3.0,1.5811388300841898,686.8,803.9674744664737
Replace + Select,188,1.0,0.0,12.647458266319088,10.655462365664672,0.0008507994999634412,0.0010459644721111446,0.0016898040701919896,0.002074296338506521,1.5110075295441229e-05,1.9920211146275146e-05,2.134807540606625,0.3248631056204765,0.06528693381689965,0.14598602196798074,0.011949142713590821,0.026719095380435365,4.463721490973919,2.7484643227567025,,,3.0,1.5811388300841898,686.8,803.9674744664737
Replace + Select,189,1.0,0.0,12.6583411287522,10.663748699925968,0.0008556386021316137,0.0010444812125060177,0.0017001591492628834,0.0020631688424923547,1.5191075126978239e-05,1.9822608424917318e-05,2.100765179561319,0.32175054021252647,0.06528693381690082,0.14598602196798335,0.011949142713591102,0.02671909538043599,4.465168234595248,2.7493077379320536,,,3.0,1.5811388300841898,686.8,803.9674744664737
Replace + Select,190,1.0,0.0,12.66898717790275,10.671284744122472,0.0008688319563033604,0.0010912164097089513,0.0017246304946098687,0.002160714796427809,1.5434747533777224e-05,2.072776975004124e-05,2.161463755048307,0.3848637133500283,0.06528693381689667,0.14598602196797406,0.011949142713590063,0.02671909538043367,4.466236755651394,2.7499571739750257,,,3.0,1.5811388300841898,686.8,803.9674744664737
Replace + Select,191,1.0,0.0,12.68063393847169,10.678345988668942,0.0008432394490285905,0.0010433373966721824,0.0016992183347807276,0.0021171554109185894,1.51670938914935e-05,2.0309684475618164e-05,2.1541969481669154,0.3490828241265434,0.0652869338168833,0.1459860219679442,0.011949142713586706,0.026719095380426165,4.467495283718739,2.750652090893819,,,3.0,1.5811388300841898,686.8,803.9674744664737
Replace + Select,192,1.0,0.0,12.690647842872727,10.685475618462764,0.0008509241953306134,0.0010657798528619297,0.001703674377748543,0.0021314162968903622,1.5211027108024983e-05,2.0443110831241985e-05,2.127510662048029,0.2996425288188838,0.06528693381687867,0.1459860219679338,0.011949142713585536,0.026719095380423545,4.468846957459985,2.7514400181744247,,,3.0,1.5811388300841898,686.8,803.9674744664737
Replace + Select,193,1.0,0.0,12.699032112818486,10.691360832250119,0.0008795563432267348,0.0011205385167727426,0.0017570491376789263,0.002236245508717838,1.57165928527568e-05,2.1436683030595448e-05,2.117623253511454,0.2845047259950267,0.06528693381687782,0.14598602196793192,0.011949142713585324,0.026719095380423073,4.469501898364415,2.7520149413129666,,,3.0,1.5811388300841898,686.8,803.9674744664737
Replace + Select,194,1.0,0.0,12.710257082625468,10.697290386470957,0.0008768360604040825,0.0011293618758448606,0.0017483713103341337,0.0022485706338719394,1.5641997620487943e-05,2.154786421139481e-05,2.0595261927314374,0.281071740684336,0.06528693381687864,0.14598602196793375,0.011949142713585525,0.02671909538042352,4.47046713719605,2.752567685798445,,,3.0,1.5811388300841898,686.8,803.9674744664737
Replace + Select,195,1.0,0.0,12.721929403511735,10.704905728274001,0.0008818924833057472,0.0011498580974508234,0.0017957766053589227,0.002363326918179183,1.611380452976813e-05,2.262159572702846e-05,2.108894605117546,0.37505009365554964,0.06528693381687964,0.14598602196793597,0.011949142713585777,0.026719095380424083,4.4715903529042835,2.7532849697593877,,,3.0,1.5811388300841898,686.8,803.9674744664737
Replace + Select,196,1.0,0.0,12.73221133291187,10.711326393418762,0.0008879751861000302,0.001166544836388579,0.0017548422784414088,0.002295898819051811,1.572088825057291e-05,2.1979359239267535e-05,2.122634095434045,0.2859678313130359,0.06528693381688408,0.1459860219679459,0.011949142713586894,0.02671909538042658,4.472693354984059,2.7539336407337864,,,3.0,1.5811388300841898,686.8,803.9674744664737
Replace + Select,197,1.0,0.0,12.743770241274856,10.718512132282742,0.000869204702379356,0.0011473932099946968,0.001716133671452692,0.0022482073381690287,1.5363781240386688e-05,2.151952827528692e-05,2.1589427746088137,0.42306325678698187,0.06528693381689363,0.14598602196796728,0.011949142713589298,0.02671909538043196,4.4739397413568645,2.7546991158647867,,,3.0,1.5811388300841898,686.8,803.9674744664737
Replace + Select,198,1.0,0.0,12.755488052097302,10.726852030297318,0.0008869179380364654,0.0011799848012885405,0.0017792524011305995,0.002370769292045291,1.595321109223064e-05,2.2672496503916464e-05,2.170942022665655,0.3713953856213822,0.06528693381689726,0.1459860219679754,0.011949142713590214,0.02671909538043401,4.475041610492204,2.7554490473119806,,,3.0,1.5811388300841898,686.8,803.9674744664737
Replace + Select,199,1.0,0.0,12.766202382674479,10.733552579190986,0.0008635253417185078,0.0011311899775859882,0.0017168384197962644,0.0022474031385048684,1.5351507750625252e-05,2.1507904019730113e-05,2.1111143289534744,0.33371602304348147,0.06528693381689568,0.14598602196797186,0.011949142713589815,0.026719095380433114,4.476072332466063,2.7561067825097365,,,3.0,1.5811388300841898,686.8,803.9674744664737
Replace + Select,200,1.0,0.0,12.776213775104152,10.741966920007247,0.0008774734218822824,0.0011540123384314704,0.0017497574261353805,0.0022924372143171084,1.5621504619940653e-05,2.193616810878759e-05,2.1540871986983356,0.34064764510293216,0.06528693381689442,0.14598602196796903,0.0119491427135895,0.02671909538043241,4.477514324565904,2.75697609035891,,,3.0,1.5811388300841898,686.8,803.9674744664737
