setting,iteration,use_selection,use_selection,mean_error,mean_error,variance,variance,dispersion,dispersion,dispersion_ratio,dispersion_ratio,swd_to_truth,swd_to_truth,component_weight_entropy,component_weight_entropy,smallest_component_weight,smallest_component_weight,component_mean_distance,component_mean_distance,num_samples,num_samples,run,run,seed,seed
,,mean,std,mean,std,mean,std,mean,std,mean,std,mean,std,mean,std,mean,std,mean,std,mean,std,mean,std,mean,std
Accumulate,0,0.0,0.0,1.5118550063439801e-32,2.1200735109849445e-32,68.11120862765388,16.448896182970266,134.97474192085605,33.042258527903286,0.9900664304098902,0.011395244578422987,0.07777489143226586,0.01044811678379816,1.0,0.0,0.5,0.0,1.799999999999379,1.358355034952072e-13,,,3.0,1.5811388300841898,686.8,803.9674744664737
Accumulate,1,0.0,0.0,0.11286225199998942,0.0396798781363444,69.74761180482705,18.796590649107138,138.17955706698308,36.6066849457717,1.0095880302836515,0.04282648113055162,0.1264203228098374,0.014815792213725983,0.9944923862966419,0.005208647800676534,0.46332822566243054,0.026452872935476407,2.089327892074344,0.3363530474048337,500.0,0.0,3.0,1.5811388300841898,686.8,803.9674744664737
Accumulate,2,0.0,0.0,0.10171608174254035,0.02034337469304583,69.24202541879524,18.86557374428495,137.67446276979223,37.53088862904802,1.004417069065305,0.03802829079433762,0.13345270594886566,0.012330576641519082,0.9902865011934223,0.008856447564161153,0.4503464842754023,0.03332360973871705,2.116348751346671,0.29321174649558795,1000.0,0.0,3.0,1.5811388300841898,686.8,803.9674744664737
Accumulate,3,0.0,0.0,0.136574648317369,0.05853533542103267,69.62048421648943,19.021857168963322,138.804900989727,37.74288506111496,1.0130824183243852,0.040775509325944405,0.14176048873078587,0.0267677770959899,0.9907420728718648,0.00834432747166584,0.4512931152156951,0.03211019554238212,2.0587119466287094,0.28381205736985926,1500.0,0.0,3.0,1.5811388300841898,686.8,803.9674744664737
Accumulate,4,0.0,0.0,0.11701870399056684,0.05429777809638368,69.6161337921602,19.15078541793055,138.78661779645108,38.878705815730115,1.0118377538729983,0.043479866256526806,0.13525129848408984,0.03479840779297621,0.9919621432984765,0.006614327501844179,0.4532589032052223,0.02722574799249409,2.0684366658561912,0.2904443388797161,2000.0,0.0,3.0,1.5811388300841898,686.8,803.9674744664737
Accumulate,5,0.0,0.0,0.13690134138973006,0.0882176764175908,69.2117974285607,19.18718869587617,138.32676996153444,38.16818692019506,1.0090648584245852,0.042471582443526674,0.13268424598048503,0.03348812778006965,0.9924281512917009,0.006269241131062648,0.4540212865263878,0.025075971233763594,2.093656715272278,0.3036263016238202,2500.0,0.0,3.0,1.5811388300841898,686.8,803.9674744664737
Accumulate,6,0.0,0.0,0.13655263632582357,0.08974245709868918,69.04396334558948,19.203795837548835,137.9263587894099,38.19890435756897,1.0062447237056587,0.04568584438799308,0.1410030572224131,0.04318416244879841,0.9927738064432863,0.005531929172703898,0.45410132558616584,0.02212382671238844,2.069041677709417,0.28392110694701284,3000.0,0.0,3.0,1.5811388300841898,686.8,803.9674744664737
Accumulate,7,0.0,0.0,0.1341699665754645,0.09646580931124453,69.06220852981535,18.805470601251674,138.85852456831702,38.995399104970126,1.0122409617143115,0.049237024050947355,0.12929040923982638,0.043140500655920566,0.9925351428007186,0.00596820265902812,0.4536531840199978,0.023247125414931197,2.0634019767975618,0.27194236845433173,3500.0,0.0,3.0,1.5811388300841898,686.8,803.9674744664737
Accumulate,8,0.0,0.0,0.13605969568532814,0.09153288357480928,68.85396949467653,18.524722599328193,137.52596355591314,37.36274785791041,1.004335656295581,0.04953519428162833,0.13344946150590523,0.026088553560726424,0.9927587377166353,0.005440963908891789,0.4541798690430319,0.02247342994547253,2.0683844665873923,0.2752559909245021,4000.0,0.0,3.0,1.5811388300841898,686.8,803.9674744664737
Accumulate,9,0.0,0.0,0.1252747845874152,0.07303157138715545,69.07861480161148,18.73832070932132,137.56991223654546,38.51574072341845,1.0031428880798865,0.04654406773376178,0.1398012646802776,0.035991287704838636,0.9927800908100843,0.005454103513343972,0.45445282254302716,0.022956435699215922,2.07802730499965,0.27382300202372917,4500.0,0.0,3.0,1.5811388300841898,686.8,803.9674744664737
Accumulate,10,0.0,0.0,0.1313374788502428,0.080683979216158,69.06730449445175,18.8972171790803,138.18478388316257,37.769238813523,1.0088657121753795,0.05270861948190743,0.12999541945782003,0.03228526798942495,0.9923902256733352,0.005738815291098492,0.45358192947237513,0.024391478507344595,2.088195515329574,0.26885598901797975,5000.0,0.0,3.0,1.5811388300841898,686.8,803.9674744664737
Accumulate,11,0.0,0.0,0.13097373766201778,0.07722784483919855,68.95164666721334,18.962525137603915,137.9743232793272,37.99165096836173,1.0072928396113239,0.05145847453465542,0.14036227456335934,0.04541411032921639,0.9926693036632924,0.005563681755322469,0.4545175860159098,0.024126826210914512,2.0888598777089404,0.27310989638219163,5500.0,0.0,3.0,1.5811388300841898,686.8,803.9674744664737
Accumulate,12,0.0,0.0,0.141271579915834,0.08428984112128188,68.83120890813669,19.01640379491752,136.67825921941358,37.76428419845229,0.9972985223108234,0.045877335800561116,0.13174279913764614,0.03739650252359999,0.992574331596332,0.005604430652339421,0.45453482768648656,0.02500060740490825,2.1033125943025,0.28401989962398255,6000.0,0.0,3.0,1.5811388300841898,686.8,803.9674744664737
Accumulate,13,0.0,0.0,0.1366697181097584,0.07978370139266325,68.84565186328481,18.959045569790813,138.37998949588274,37.938075901893065,1.0102098678710392,0.045804682771440446,0.13031791479590202,0.031228878656387363,0.9925013523558521,0.0056601217126675445,0.45474379571174595,0.026080339473139053,2.111032143611628,0.272608005344866,6500.0,0.0,3.0,1.5811388300841898,686.8,803.9674744664737
Accumulate,14,0.0,0.0,0.14044919699404898,0.08548192295914527,68.74734291002764,18.76982835047778,137.74721337862007,38.44187601273693,1.0046799894445917,0.049528065535112555,0.13913045279026565,0.02708354800426605,0.9927431426200866,0.005407439463746358,0.4553229754858843,0.02532050288251094,2.11650635706372,0.2704022484261618,7000.0,0.0,3.0,1.5811388300841898,686.8,803.9674744664737
Accumulate,15,0.0,0.0,0.1484188634182247,0.09167413215440282,68.75209092233796,18.80132087969996,138.20710069394826,37.15845113625019,1.0096053152523272,0.049183761939546496,0.14002957734211718,0.039403044719900346,0.9930599798226506,0.005213526405262107,0.4568761415180466,0.025979729479407417,2.115501246775051,0.2507725348374744,7500.0,0.0,3.0,1.5811388300841898,686.8,803.9674744664737
Accumulate,16,0.0,0.0,0.14574561216905754,0.09180706768530138,68.81325324772857,18.79944850401584,137.29758776928477,38.251034230660025,1.0010653978637867,0.045249354143139096,0.14375466153212563,0.037467860403343885,0.9932385908430177,0.004989217925570229,0.45772542988321574,0.02624228872925214,2.109705728674803,0.2412475232237973,8000.0,0.0,3.0,1.5811388300841898,686.8,803.9674744664737
Accumulate,17,0.0,0.0,0.15101707483541885,0.09321231424190414,68.86650481063201,18.895107647166473,137.56522714765646,37.669749882331416,1.0037483631620752,0.047412862748606115,0.14065242670562073,0.03477583220471352,0.9929990444256468,0.0051975723539999736,0.4570558794973871,0.026844177703007507,2.112240718512694,0.24983654204959413,8500.0,0.0,3.0,1.5811388300841898,686.8,803.9674744664737
Accumulate,18,0.0,0.0,0.14881525377034072,0.09272045413093975,68.92533626603333,18.84897785647642,137.29397905275914,37.18654932854021,1.0025996402402637,0.04736575734145964,0.13400139793647173,0.035091013764114436,0.9929008771445114,0.005317095123717531,0.45674914102381,0.02701571565279558,2.1123286955500182,0.2499088687085582,9000.0,0.0,3.0,1.5811388300841898,686.8,803.9674744664737
Accumulate,19,0.0,0.0,0.14598047455578206,0.09108261559818197,68.92099505923291,18.79978723806542,137.91437106435086,37.3869775149366,1.0071686882531266,0.046121846416034576,0.1331130747641652,0.037026294369503686,0.9929371740781061,0.005208834835340092,0.4567881162158313,0.026804472850518343,2.1182483855351726,0.24551182514599007,9500.0,0.0,3.0,1.5811388300841898,686.8,803.9674744664737
Accumulate,20,0.0,0.0,0.1457114494448522,0.09083373748057626,68.95493074187041,18.87152970710941,137.2253721666894,37.66657817882519,1.0014746593655905,0.042600467544871096,0.14275628875135607,0.04159790013110361,0.992737718029878,0.005287920539649989,0.45571556725759166,0.026215060524145982,2.127968110167021,0.24447308807810614,10000.0,0.0,3.0,1.5811388300841898,686.8,803.9674744664737
Accumulate,21,0.0,0.0,0.14769328989891883,0.09058560083825909,68.90310450342557,18.863277969088887,137.71398813958686,37.15974950363512,1.006160203492339,0.041733349858896686,0.14642175439727326,0.03828950157908521,0.9929902747120065,0.005081689540264263,0.4562397749184698,0.02521988174536916,2.137645856546158,0.2452544242127773,10500.0,0.0,3.0,1.5811388300841898,686.8,803.9674744664737
Accumulate,22,0.0,0.0,0.1485682205894222,0.09094765338279456,68.87905687008103,18.813488851445257,137.5316436444338,38.68224677231834,1.0026976697669967,0.05718612142709358,0.13737656770163514,0.04457836437972173,0.9929408478369147,0.005050234139240085,0.45616957837707817,0.02548970825515071,2.1363760598135415,0.2509641987924386,11000.0,0.0,3.0,1.5811388300841898,686.8,803.9674744664737
Accumulate,23,0.0,0.0,0.14598394128299186,0.08542513319123204,68.93055801339975,18.864958611488696,137.76171072905078,37.34868213642925,1.0056460195010244,0.04379236092123027,0.14551609990140746,0.025264030852446225,0.9927774728609566,0.005165357117353506,0.45542467341567805,0.025255818974883184,2.14140569512075,0.25788384768600026,11500.0,0.0,3.0,1.5811388300841898,686.8,803.9674744664737
Accumulate,24,0.0,0.0,0.14883065109667498,0.08781248461120528,68.96501631353985,18.872311246377432,137.17113435730818,37.48949197217404,1.0014580324895817,0.04510570078010161,0.1402336305109369,0.0298983416106731,0.9927611028679196,0.005193362080506491,0.45525665554028566,0.02502283303959365,2.138571304920043,0.2615286122602872,12000.0,0.0,3.0,1.5811388300841898,686.8,803.9674744664737
Accumulate,25,0.0,0.0,0.14471197043925293,0.08434757915381813,68.9304914870889,18.75506562673093,138.5815493284368,37.354493910958496,1.012452574049044,0.04728773728858315,0.1467442094233123,0.03925004000067954,0.9928755252014735,0.005097688913677297,0.45559867585737895,0.024797737854526356,2.1431008076191023,0.2695148608407278,12500.0,0.0,3.0,1.5811388300841898,686.8,803.9674744664737
Accumulate,26,0.0,0.0,0.14318063651362561,0.08213608606241055,68.89167635439046,18.71679381127394,137.60567832402268,38.311546120268325,1.0038090677260558,0.04956963464426596,0.13187367023699817,0.03459937266230408,0.9929269738599817,0.004992728572802437,0.4557636732766651,0.024720008392636914,2.1427689680311817,0.2664988971053441,13000.0,0.0,3.0,1.5811388300841898,686.8,803.9674744664737
Accumulate,27,0.0,0.0,0.14224908034633865,0.08119292314124986,68.91742707316033,18.748167425144132,137.40660510083345,37.55836000816461,1.0028529938428181,0.04733377007765566,0.14773689505532925,0.031248876547053685,0.9930214056179245,0.004892299518964202,0.4560182545602693,0.024463347277404675,2.12699742448278,0.26055415371338797,13500.0,0.0,3.0,1.5811388300841898,686.8,803.9674744664737
Accumulate,28,0.0,0.0,0.14298780105679643,0.08162910473735724,68.94154957263068,18.78555435698159,137.19599761581634,36.58515166937154,1.002808171828444,0.04810299190337298,0.148534741857654,0.04390252682601387,0.992912230226725,0.004889615709751578,0.4558006461763774,0.024932189218349873,2.1235603243354,0.25730962837424454,14000.0,0.0,3.0,1.5811388300841898,686.8,803.9674744664737
Accumulate,29,0.0,0.0,0.14022789526935567,0.07953372209258718,68.94141134446701,18.743945496668278,136.64072283240156,36.73284275143959,0.9984730609614072,0.04640077426937351,0.1366906246656907,0.02881591957405752,0.9928471403894237,0.004932316588189208,0.4559217454995391,0.025749728243608636,2.123757085603157,0.24964255493124118,14500.0,0.0,3.0,1.5811388300841898,686.8,803.9674744664737
Accumulate,30,0.0,0.0,0.13969736440890573,0.07819637317127091,68.97729501018947,18.789107252273293,137.37879737263756,37.495121536937084,1.0033534030578803,0.04858488438613527,0.1433965874774828,0.04150450607736674,0.9929198252259525,0.004790548904793175,0.4562110794157294,0.02575952626328914,2.128323519312438,0.25051928797853823,15000.0,0.0,3.0,1.5811388300841898,686.8,803.9674744664737
Accumulate,31,0.0,0.0,0.14031521034850206,0.08063663816562207,68.91633707245671,18.774973172390844,138.43529474731105,37.64717669349062,1.0105140145890776,0.04024748390908341,0.135266470263767,0.029602782891934406,0.992975685187598,0.004749221568845469,0.45633767421662536,0.025559790236562734,2.1316003365825185,0.25028762443828667,15500.0,0.0,3.0,1.5811388300841898,686.8,803.9674744664737
Accumulate,32,0.0,0.0,0.1427444708958968,0.08190660691400081,68.91378288148216,18.763579110250188,137.20170513340204,37.234499486636736,1.001490840272022,0.037615224796489106,0.14129313646048236,0.028333824459333846,0.9930007119224035,0.004766335720302696,0.4563375121149623,0.02534689858258538,2.133191957609236,0.25412114184752316,16000.0,0.0,3.0,1.5811388300841898,686.8,803.9674744664737
Accumulate,33,0.0,0.0,0.14318026906229106,0.08248348405673457,68.87679281119797,18.652143164545677,138.2022826251548,36.6917039101807,1.010572371428482,0.036402542742422085,0.1315416964268429,0.028892233784016615,0.9929771362826013,0.00475010772051327,0.4562979392335474,0.025462448897877986,2.129826789122602,0.25512315282418535,16500.0,0.0,3.0,1.5811388300841898,686.8,803.9674744664737
Accumulate,34,0.0,0.0,0.14221811859205355,0.08006465543888099,68.89769824454399,18.709838232045414,137.5325598316747,38.09407083142058,1.0035846993513735,0.04793208507546898,0.14111880755738065,0.044508482082221384,0.9930429551037048,0.004701945774969175,0.4566204352668389,0.02559405300479807,2.127803839271613,0.2521778903710068,17000.0,0.0,3.0,1.5811388300841898,686.8,803.9674744664737
Accumulate,35,0.0,0.0,0.14250436299750308,0.07955681796819768,68.90260763503532,18.704744016861508,137.01487062148277,35.91397912315745,1.0018012296045806,0.04133161960430445,0.12887097512176116,0.028295491968886786,0.9930933664392404,0.004661684679549014,0.45673036444259835,0.025401247158656694,2.128189169543314,0.24855618292107134,17500.0,0.0,3.0,1.5811388300841898,686.8,803.9674744664737
Accumulate,36,0.0,0.0,0.14218702075562895,0.07937477716868542,68.92558976256736,18.682032968388327,136.66243211892717,36.01273921469816,0.9990817422323891,0.048155695698515265,0.1367465978203794,0.031123347469617632,0.9930243653268427,0.004874582842679081,0.4565522698128447,0.025603748754928102,2.1249655299883132,0.24768909265663777,18000.0,0.0,3.0,1.5811388300841898,686.8,803.9674744664737
Accumulate,37,0.0,0.0,0.14295480391162957,0.08066912178531031,68.93318392239931,18.76124018343768,137.38718540692548,36.57929338890401,1.0040367366420004,0.03734345776590462,0.13507968783380117,0.028576104338316036,0.9930467949442023,0.0049496201409918545,0.45666142940785237,0.02564467011733263,2.125622993662256,0.24394625420294758,18500.0,0.0,3.0,1.5811388300841898,686.8,803.9674744664737
Accumulate,38,0.0,0.0,0.14572089493702228,0.08340051899569134,68.95114756657225,18.769811321266353,137.57627013925267,37.637508700145965,1.0041039978518522,0.04724218881557168,0.13906398842478,0.03402927596632245,0.993112901932631,0.004957990276771768,0.45694831741264297,0.025691941414760538,2.127886295236662,0.2428839257258934,19000.0,0.0,3.0,1.5811388300841898,686.8,803.9674744664737
Accumulate,39,0.0,0.0,0.1446088480264616,0.08042558612833374,68.91610925103964,18.73516868128515,137.76746409070194,37.644867370884874,1.0057201124148516,0.04555792949670283,0.13770651002739132,0.029704988954047114,0.9930628704984349,0.005011415009655951,0.45686651611340834,0.025938883562545492,2.1305330794176403,0.24385264622494374,19500.0,0.0,3.0,1.5811388300841898,686.8,803.9674744664737
Accumulate,40,0.0,0.0,0.14575603552176092,0.08176943765037795,68.87482145581421,18.67458192696363,139.33388811236563,38.907318175949,1.0161973210877433,0.051649695475081435,0.13744686684425927,0.04151743618220187,0.9930555311863858,0.0050278170872827205,0.4568120384442612,0.0258863580648761,2.133194340477803,0.2461990871055446,20000.0,0.0,3.0,1.5811388300841898,686.8,803.9674744664737
Accumulate,41,0.0,0.0,0.14688400576650137,0.08110830907103549,68.89296291634255,18.675047536257633,137.95429306303532,37.63159005257223,1.0069278613506536,0.04784994188632937,0.13646922465015873,0.027920287483266595,0.9930050077463589,0.0050581125160167675,0.45654661863538976,0.025751711717101302,2.136459992831511,0.24588128703610848,20500.0,0.0,3.0,1.5811388300841898,686.8,803.9674744664737
Accumulate,42,0.0,0.0,0.14542785662793942,0.08022108025962438,68.86140493923881,18.704108096082805,138.3479837816296,38.45815678259453,1.008798955476339,0.04791338721226921,0.12975801371255635,0.02246853445247509,0.9930394980907344,0.005042241098129041,0.4566817348512435,0.025747334965099348,2.1322905590773864,0.24330807700287665,21000.0,0.0,3.0,1.5811388300841898,686.8,803.9674744664737
Accumulate,43,0.0,0.0,0.14458860054148046,0.08005662273573591,68.84524689163989,18.68590586417061,136.5301149574753,38.00869255605674,0.9954920632655464,0.04588932020040482,0.14162169424282686,0.037762488309787165,0.9929574862745429,0.005159615999145906,0.45649522450510494,0.02603845622673821,2.130466460436203,0.2405418638294202,21500.0,0.0,3.0,1.5811388300841898,686.8,803.9674744664737
Accumulate,44,0.0,0.0,0.1435847823197777,0.07898590402353024,68.90252099321962,18.691290418128716,137.78954117874886,38.039811712745255,1.0055105611498196,0.04890710988259057,0.13756368293412635,0.03583155758094707,0.9929460008564789,0.005225231313680214,0.45651560673342234,0.0261748401032575,2.1265458835726205,0.23962802446513642,22000.0,0.0,3.0,1.5811388300841898,686.8,803.9674744664737
Accumulate,45,0.0,0.0,0.14636501463301435,0.08072081100151578,68.89203290982121,18.68994489382685,139.34683749466947,38.92093535193635,1.016070677761228,0.05085401298719793,0.1417646639856097,0.03463214763568638,0.9929348005527601,0.005292932883047327,0.4564106911392655,0.02604769009882399,2.1267145219839496,0.2433752132589654,22500.0,0.0,3.0,1.5811388300841898,686.8,803.9674744664737
Accumulate,46,0.0,0.0,0.14918028268797262,0.08300090752489218,68.88020487775779,18.673707512042792,138.12427549757956,38.140124071768255,1.0076317589874333,0.047969315726699484,0.13386135480388153,0.04728409939381604,0.992981998415836,0.0052824552084886735,0.4564605978219182,0.025759388956249914,2.1285892319392468,0.24397201652087588,23000.0,0.0,3.0,1.5811388300841898,686.8,803.9674744664737
Accumulate,47,0.0,0.0,0.14981909407255717,0.08328984308136765,68.88241135563457,18.69849964204138,138.50090531321345,38.391453570111835,1.0102194498297412,0.045341126166577865,0.13634755549383745,0.030987971625943116,0.9930370945295085,0.005262434556898729,0.4566016544663321,0.025594933282266016,2.129883502490446,0.24228998563169057,23500.0,0.0,3.0,1.5811388300841898,686.8,803.9674744664737
Accumulate,48,0.0,0.0,0.15124290711120508,0.08382121388394656,68.89347338755485,18.66085675548845,138.01865814678848,38.2375639374767,1.0068805506654335,0.0495167293972163,0.14687288104233084,0.038172827278523225,0.9931202231319322,0.005250723989139246,0.4568625266831633,0.025444676098622335,2.1310163507894755,0.24259618509687006,24000.0,0.0,3.0,1.5811388300841898,686.8,803.9674744664737
Accumulate,49,0.0,0.0,0.15136610606757045,0.08398436703515846,68.88807447918308,18.67607302480428,137.438721930883,35.878301655231795,1.0055045716318824,0.032896002381060815,0.1472731066912925,0.053498940615667956,0.9930136027229146,0.0053551638153883354,0.45646758782764507,0.025506814761346273,2.1281824196502668,0.23928904303927678,24500.0,0.0,3.0,1.5811388300841898,686.8,803.9674744664737
Accumulate,50,0.0,0.0,0.1506069414259042,0.08508856292652958,68.92419060013212,18.699752706669596,137.47571780563203,36.98505864180808,1.0039281155373037,0.04710753035809453,0.14088415413092018,0.040529544440534415,0.9930328342029038,0.005282098915928474,0.4564837541831671,0.025379412376280386,2.1274947590212725,0.23599547978766722,25000.0,0.0,3.0,1.5811388300841898,686.8,803.9674744664737
Accumulate,51,0.0,0.0,0.1501839198851907,0.08454336226543331,68.94029897650076,18.718376880197702,138.14193301119852,36.83309883095987,1.0095662138986885,0.04633408942882323,0.13428798910403034,0.02664934337033701,0.9929630563500526,0.00530893554135022,0.4562481676697846,0.02546613028429754,2.1273076853358925,0.23453164087421188,25500.0,0.0,3.0,1.5811388300841898,686.8,803.9674744664737
Accumulate,52,0.0,0.0,0.1507526470128287,0.08452270259803425,68.93679913182919,18.702055710232948,138.02199509699668,36.66774708472248,1.0086344413569595,0.04404665186602886,0.14120984677185883,0.0471998402160651,0.9930960745084783,0.005201868541477712,0.456702695171569,0.02531070989957098,2.129028189147847,0.23523660545011607,26000.0,0.0,3.0,1.5811388300841898,686.8,803.9674744664737
Accumulate,53,0.0,0.0,0.15089385392213941,0.08600728608788587,68.91923948668655,18.657637430669986,138.19775423671712,38.35986191095672,1.0086316105702515,0.048485372912595935,0.13841644732088346,0.025504450433606333,0.9930988684015635,0.005233176870537591,0.456666481139015,0.025208683903247105,2.127767101464042,0.23578202880225457,26500.0,0.0,3.0,1.5811388300841898,686.8,803.9674744664737
Accumulate,54,0.0,0.0,0.1529995753825622,0.08578558340601392,68.91641084639497,18.649591191707895,137.9443675527167,37.98893950999654,1.006713082436145,0.04575481669012679,0.14456106887065487,0.036226165118994014,0.9930627281067205,0.0052152159655134535,0.4563820039545061,0.024903405836206042,2.1295153254307166,0.23750971643674929,27000.0,0.0,3.0,1.5811388300841898,686.8,803.9674744664737
Accumulate,55,0.0,0.0,0.15471723419596373,0.08616860491775011,68.91653301685248,18.69447050964196,137.5091057492767,36.49416213873713,1.005624855387829,0.038301490876445354,0.14026750866166288,0.027838777283573465,0.9930779777373848,0.005154669616468441,0.4563573306330865,0.0247174747560851,2.132085227580117,0.23774989654773984,27500.0,0.0,3.0,1.5811388300841898,686.8,803.9674744664737
Accumulate,56,0.0,0.0,0.15476945510884893,0.0860772638618904,68.9088933876617,18.686243714858527,137.29479736177103,36.21911483381181,1.0038953751902258,0.0362720343503244,0.13061268818874056,0.04073996030855459,0.9930139087719013,0.005226354326467653,0.4561305165083602,0.02477395895665783,2.131554819072705,0.23654945881702114,28000.0,0.0,3.0,1.5811388300841898,686.8,803.9674744664737
Accumulate,57,0.0,0.0,0.1572128452874781,0.08639070818334296,68.87964235328026,18.657712973559132,137.3807812219482,36.33737936702231,1.0045359574845922,0.04502217735255035,0.14213147644737884,0.03127875829484059,0.9929605089893736,0.00525867828043455,0.45598351505122087,0.024912472441611277,2.1301793410924046,0.23415499361069902,28500.0,0.0,3.0,1.5811388300841898,686.8,803.9674744664737
Accumulate,58,0.0,0.0,0.15557681581256813,0.08516017429341245,68.86133210153466,18.64426092536585,138.04675302096638,35.144525411316444,1.0111594335146967,0.03800092769990791,0.13604067230361436,0.039672111634311655,0.992998776246792,0.005178696770067013,0.45605092415414034,0.024730269500895564,2.132085321281596,0.23405222131539816,29000.0,0.0,3.0,1.5811388300841898,686.8,803.9674744664737
Accumulate,59,0.0,0.0,0.1542530134432679,0.08447920558024143,68.84523543237201,18.634486131604902,137.58486395219336,36.83155816250681,1.0054343210468581,0.04541950399230871,0.13890790052297022,0.026696586334634304,0.9930245150060116,0.005224254592260307,0.45616461856885515,0.024757009397900584,2.132728959152184,0.2351524546311119,29500.0,0.0,3.0,1.5811388300841898,686.8,803.9674744664737
Accumulate,60,0.0,0.0,0.15451531388168455,0.08491898552209955,68.85287102214795,18.650354133719905,137.64682849804922,36.53017390959415,1.0067102220258533,0.045979731451222104,0.1375366474602152,0.027783019304193392,0.9930114749095684,0.005213813746527303,0.4560808098957887,0.024685136617596627,2.1310085324173977,0.23472170878859056,30000.0,0.0,3.0,1.5811388300841898,686.8,803.9674744664737
Accumulate,61,0.0,0.0,0.15637598972325611,0.08671991865755377,68.82785252398887,18.6320669909704,138.07153904818222,38.54812757032416,1.0069895636540824,0.05198220112387381,0.13487933824815262,0.023222075248954126,0.9930241763438206,0.00524028199607589,0.4561345915672975,0.02469312764109332,2.1321435305252074,0.23456147067976316,30500.0,0.0,3.0,1.5811388300841898,686.8,803.9674744664737
Accumulate,62,0.0,0.0,0.15600624788766923,0.08641316905964999,68.82746110639613,18.64450704857769,137.72193669805145,36.46323395998929,1.007350473199252,0.04685141510505288,0.14400123606023513,0.04124529670359529,0.9930736201638398,0.00520514189339581,0.4563262554942451,0.024686061211808878,2.135012107371124,0.23491907818064242,31000.0,0.0,3.0,1.5811388300841898,686.8,803.9674744664737
Accumulate,63,0.0,0.0,0.1559673725220462,0.08703632274881042,68.8388849785856,18.640066744846774,136.60215430308773,36.83877473817384,0.9982050600832224,0.046378692152431344,0.14420518117324027,0.03587895999045676,0.993058579349357,0.005173978360700798,0.45617521304136394,0.024482700392243907,2.1359668164528536,0.2336992197454263,31500.0,0.0,3.0,1.5811388300841898,686.8,803.9674744664737
Accumulate,64,0.0,0.0,0.1566110132221796,0.08783608602222816,68.8204733775256,18.637987506344892,138.20003567667283,38.203856796251976,1.0085283379274004,0.05367640540912593,0.15375979632353484,0.0451976792252906,0.9931045111796326,0.005141845767036672,0.4562279900866912,0.024194490037127543,2.133868730989324,0.23211125003399583,32000.0,0.0,3.0,1.5811388300841898,686.8,803.9674744664737
Accumulate,65,0.0,0.0,0.15651182922417217,0.08854661141068185,68.7995896932609,18.610571466044103,138.31213903979472,38.36633695779146,1.0088501192131858,0.042326252053400126,0.1380716896923483,0.03132366044723711,0.9931457130535234,0.005071648720632283,0.45619921303149347,0.02375896047415765,2.1299906589698505,0.22909770147178588,32500.0,0.0,3.0,1.5811388300841898,686.8,803.9674744664737
Accumulate,66,0.0,0.0,0.15576262295084212,0.08932744993521895,68.79245914823477,18.589100082194154,138.31416286933694,38.502725291374425,1.0086566406275757,0.05268057801464736,0.1425198863187273,0.024555178253873364,0.9930850128573546,0.0050410882426558485,0.45587989976719434,0.02357186328196831,2.1296836129103403,0.2287902802812317,33000.0,0.0,3.0,1.5811388300841898,686.8,803.9674744664737
Accumulate,67,0.0,0.0,0.15433594815472818,0.08752762849571315,68.79638585490918,18.565309776453876,138.74164171074736,37.96042932010877,1.0121523773524932,0.04964284370602443,0.14298197841535437,0.04261534300537593,0.9931101619093496,0.00508166048019521,0.45604019230159765,0.023714716215908448,2.1318633213712563,0.22948055018160043,33500.0,0.0,3.0,1.5811388300841898,686.8,803.9674744664737
Accumulate,68,0.0,0.0,0.1529022127969413,0.08670023370364438,68.77533916476484,18.560402294383593,138.59622722147415,39.6839945858324,1.0091494936216767,0.050450110497422956,0.14203835603608592,0.048497588564655025,0.9930841793905408,0.00507094657781995,0.4559264157345232,0.02368747460413327,2.133041179805415,0.22814870853570307,34000.0,0.0,3.0,1.5811388300841898,686.8,803.9674744664737
Accumulate,69,0.0,0.0,0.15503701084897026,0.09001043838565843,68.78542098302869,18.562467160026106,137.1149753036356,36.81490722195764,1.0019069303578594,0.046541117863584724,0.13686269783900948,0.030512908810174846,0.993032493026347,0.005087341321080774,0.45571851589440043,0.023673642340265293,2.1352127835148798,0.22796336819392354,34500.0,0.0,3.0,1.5811388300841898,686.8,803.9674744664737
Accumulate,70,0.0,0.0,0.15421853169809277,0.08883516103679628,68.78411902787107,18.55113549301203,138.27877536329234,38.42611819970515,1.0084387678101534,0.04230956898768251,0.1439344080767991,0.029565976877172356,0.9929237934452415,0.005168637244312666,0.45528739394771334,0.02365064059524205,2.1336804680902395,0.2264511307843347,35000.0,0.0,3.0,1.5811388300841898,686.8,803.9674744664737
Accumulate,71,0.0,0.0,0.1540557875126694,0.08775661679801812,68.80657010082021,18.559862787806615,137.37295498899115,35.7725108930003,1.0049272378249219,0.04101687498315931,0.14291704573729772,0.026446357575934328,0.9929019957870064,0.0052633214338277095,0.4552573471583575,0.02377658138519411,2.1364558257037025,0.2276825533439832,35500.0,0.0,3.0,1.5811388300841898,686.8,803.9674744664737
Accumulate,72,0.0,0.0,0.15442845195196128,0.08716052264216044,68.82296675090326,18.554136958468074,137.19245173494724,37.36281847894517,1.0018291455809114,0.05104511832390056,0.1473404401946811,0.033228346289083624,0.992892359004637,0.0052840366686867585,0.45525978862954075,0.0238692789040981,2.1362135395205217,0.22759524130947664,36000.0,0.0,3.0,1.5811388300841898,686.8,803.9674744664737
Accumulate,73,0.0,0.0,0.15502415223635632,0.08764661315195392,68.82509340691742,18.54881799874077,137.59557605171324,37.00047978124094,1.0051858027871612,0.039486394612464344,0.1487251331701816,0.0352814772651885,0.9929117936809309,0.005285064302755999,0.4554050881087693,0.024032795575639632,2.136703784555648,0.22890225976572945,36500.0,0.0,3.0,1.5811388300841898,686.8,803.9674744664737
Accumulate,74,0.0,0.0,0.15538963399941014,0.08784592591114873,68.83848324663327,18.560444673359097,136.8409185381159,35.7979283749242,1.000830161839015,0.03739486370955898,0.13806164017609185,0.033387001985501256,0.9928793171227077,0.005346198561129653,0.4554182442166361,0.024351853425435686,2.1355552526720034,0.23040570453984244,37000.0,0.0,3.0,1.5811388300841898,686.8,803.9674744664737
Accumulate,75,0.0,0.0,0.1544460463026568,0.08765577536264543,68.83280197158005,18.584257198947643,137.3025739743482,36.52141013815162,1.003445407617558,0.0439606255347193,0.14810236513795444,0.034077302808933556,0.9929121964966654,0.0052938266733795255,0.4554924034605709,0.02423053683418247,2.133733242543335,0.23107126600026748,37500.0,0.0,3.0,1.5811388300841898,686.8,803.9674744664737
Accumulate,76,0.0,0.0,0.1531351556195256,0.08578332695151222,68.83439710214772,18.577042821676965,138.5290340582137,37.53501902592356,1.0114323242061318,0.049771710580825475,0.14648300003288858,0.04165378553053625,0.9928903918674565,0.005318290339061578,0.45548870414593406,0.02441519093659334,2.134253885467857,0.23137010358774285,38000.0,0.0,3.0,1.5811388300841898,686.8,803.9674744664737
Accumulate,77,0.0,0.0,0.1526491846055975,0.0851488295024966,68.82420503603892,18.562401962700505,138.23457014433558,36.93844446970873,1.0104043341929996,0.04180806402340179,0.13532763061486855,0.02548680464071236,0.9928565057250346,0.00534605851441726,0.45531927680902606,0.024327349718568866,2.1337209413090177,0.23077648966333847,38500.0,0.0,3.0,1.5811388300841898,686.8,803.9674744664737
Accumulate,78,0.0,0.0,0.1530924951680092,0.08619331497878877,68.84022397515028,18.557695751108803,137.83493835839863,38.1257641575742,1.0059301096014734,0.0479191703717359,0.13998592200095222,0.043690501061882075,0.99280346877054,0.005391616274917775,0.4551048788301394,0.024303803171406676,2.1330007660818042,0.23089371886899784,39000.0,0.0,3.0,1.5811388300841898,686.8,803.9674744664737
Accumulate,79,0.0,0.0,0.1533694033146806,0.08573853674643925,68.84152659877206,18.571341771514657,137.2803918979585,36.80478303012223,1.003009636041245,0.05189223318419081,0.13931414258030067,0.025119800049761852,0.9927900204374651,0.00539096344494266,0.45504060361737625,0.02427473532973184,2.134811562068934,0.2344878252566494,39500.0,0.0,3.0,1.5811388300841898,686.8,803.9674744664737
Accumulate,80,0.0,0.0,0.1540951208123936,0.08640746084418398,68.83158429534825,18.54467029021572,137.0733310384658,36.28714934465539,1.0020856253323456,0.04528757765060109,0.14355920883744702,0.03063510939384072,0.9927401031225507,0.005405890801963425,0.4547940355300736,0.02414565383713722,2.1383457712826326,0.2367998733924635,40000.0,0.0,3.0,1.5811388300841898,686.8,803.9674744664737
Accumulate,81,0.0,0.0,0.15439839598593652,0.0869711672039771,68.83448325152541,18.51662848890331,137.37632901944002,35.930125177766975,1.004954135463151,0.04103603907902946,0.13281252337677998,0.03127052520118238,0.9927478040651889,0.0053729183035461205,0.45480490630422404,0.02410279160724386,2.1403348664052486,0.2365437397900357,40500.0,0.0,3.0,1.5811388300841898,686.8,803.9674744664737
Accumulate,82,0.0,0.0,0.15358167343074214,0.0859976639835354,68.85068494145033,18.526233302135356,138.350998447205,37.57677610963604,1.0101296007514844,0.04912420286599852,0.1507786526056592,0.03595810663309617,0.9927613647746769,0.005344195656219973,0.45488435870437327,0.024167819806353442,2.1411986618355114,0.23556060382146762,41000.0,0.0,3.0,1.5811388300841898,686.8,803.9674744664737
Accumulate,83,0.0,0.0,0.15404221121528988,0.08699915701567774,68.85459791233855,18.533275989421732,137.12889226422362,37.509832081067614,1.0006103731555052,0.040428303712949816,0.14493733558332167,0.05520313612790519,0.9927804733978363,0.005367916552044753,0.454995256887371,0.024255006923275306,2.143265508978991,0.2349699551273815,41500.0,0.0,3.0,1.5811388300841898,686.8,803.9674744664737
Accumulate,84,0.0,0.0,0.1536755099927316,0.08754601951030029,68.84799198207271,18.519448412776434,137.29066713998313,37.06332609005339,1.0024634427592054,0.04729736009545493,0.13446042607460318,0.033013837713726416,0.9928012503788322,0.005324073047007344,0.4549792748329532,0.02403276036428419,2.141383063432677,0.23291804476381398,42000.0,0.0,3.0,1.5811388300841898,686.8,803.9674744664737
Accumulate,85,0.0,0.0,0.153023188722232,0.0871226607315364,68.85541972745496,18.539229704978034,138.0638075490196,37.45027067444803,1.0090136260384361,0.04462282208959094,0.13037860700525095,0.03257384146689654,0.9927605489096036,0.005334369197939894,0.454812958491695,0.02400801214804782,2.1408718630372854,0.23501328373745153,42500.0,0.0,3.0,1.5811388300841898,686.8,803.9674744664737
Accumulate,86,0.0,0.0,0.1533373840601568,0.08869675149174261,68.86423440612847,18.55770186634432,137.61398864248943,37.35843177122054,1.0052211346499123,0.042937232535096216,0.14164068720671372,0.030241836499664835,0.9927407664907892,0.0052788552919098486,0.4546258854570716,0.023744396129520364,2.13977004154797,0.23369680969640474,43000.0,0.0,3.0,1.5811388300841898,686.8,803.9674744664737
Accumulate,87,0.0,0.0,0.154240768616208,0.08847622810212906,68.86186274017595,18.57447420349581,138.1517555989555,37.05987610023675,1.0092949884281304,0.04587532726707249,0.13613570680101286,0.02368127592621624,0.9927617504585772,0.005217850878264848,0.4546357631344991,0.02357770143593889,2.1408398008213965,0.23487904214913094,43500.0,0.0,3.0,1.5811388300841898,686.8,803.9674744664737
Accumulate,88,0.0,0.0,0.15389660114509393,0.08884018969452102,68.85802186898245,18.580463062033303,138.54413037189562,36.93530652084128,1.0124418080634556,0.04175021132557084,0.13707791099198055,0.03681748612910725,0.992828851056243,0.005185381611306673,0.4548588538730015,0.023498968583154856,2.140454492951044,0.2333494166441869,44000.0,0.0,3.0,1.5811388300841898,686.8,803.9674744664737
Accumulate,89,0.0,0.0,0.15430111833548668,0.08917741786504886,68.86294261556577,18.590290426188417,136.7236008955222,35.8303277768358,1.0000131025459145,0.03585594416397216,0.1391621473902366,0.037911889404332044,0.9928667932115716,0.005151083534484555,0.45499695744564017,0.02348209371413143,2.139434186854319,0.23186323396528358,44500.0,0.0,3.0,1.5811388300841898,686.8,803.9674744664737
Accumulate,90,0.0,0.0,0.15421758481262696,0.08938973449498291,68.87442189225033,18.58648802390734,137.6163552945349,37.86915180904996,1.0043641655350952,0.04670120641471807,0.14216726604530072,0.04115969523709873,0.9928314536291895,0.00515444529539599,0.45488592921973037,0.02354056232793289,2.1372923217908455,0.23099887416855894,45000.0,0.0,3.0,1.5811388300841898,686.8,803.9674744664737
Accumulate,91,0.0,0.0,0.15364762015275768,0.08877634457659056,68.872393799708,18.584934939473538,137.00590734485218,37.81228194021092,0.9996366023371319,0.0491285523231762,0.14121803133432173,0.03315117125140447,0.9927736194140792,0.005229085128911874,0.454760619315646,0.0237679291989006,2.1363998991169098,0.22662711133758703,45500.0,0.0,3.0,1.5811388300841898,686.8,803.9674744664737
Accumulate,92,0.0,0.0,0.15284362950931835,0.0875761852792933,68.87235339223182,18.589447828917237,138.07509119882707,37.6018104562804,1.0080927769197052,0.047289829971590584,0.14244517146730398,0.037503725975713345,0.9927491294594791,0.005238814440300008,0.45464892689110437,0.02372408841616387,2.1344641403492464,0.22668088140506937,46000.0,0.0,3.0,1.5811388300841898,686.8,803.9674744664737
Accumulate,93,0.0,0.0,0.15370649938473577,0.0881748828326244,68.86244045203071,18.566666209914843,136.98329696461613,38.484825219208766,0.9989909157384596,0.05100161888061295,0.14364992279317135,0.026258381811890014,0.9927450653834468,0.005259289846149369,0.4546413291239487,0.02374254300478565,2.133682396755207,0.2276472501454834,46500.0,0.0,3.0,1.5811388300841898,686.8,803.9674744664737
Accumulate,94,0.0,0.0,0.15476392540975098,0.08870541756200637,68.85623184291391,18.54565377704023,137.70099377333509,36.92403125558833,1.0065498401329742,0.037853091470940986,0.1315161571975769,0.047636068570650794,0.9927484211189055,0.005257021651833364,0.4546223003163571,0.02366649788413953,2.1322699249063124,0.22654949544473515,47000.0,0.0,3.0,1.5811388300841898,686.8,803.9674744664737
Accumulate,95,0.0,0.0,0.1557318388555528,0.08982044079454672,68.83384139006857,18.529292471239852,136.96409697525309,37.18941762992787,1.000108176925839,0.037246585422277635,0.1400628259652141,0.03353999227682801,0.9927295341416205,0.0053124154273876505,0.4545638199944125,0.02369751563413751,2.1313915481047343,0.2270174852338994,47500.0,0.0,3.0,1.5811388300841898,686.8,803.9674744664737
Accumulate,96,0.0,0.0,0.15511787442045374,0.08930122887018928,68.8283541454734,18.490888933604317,136.93718659808974,36.52363250414797,1.0005949596888983,0.03781441258055849,0.14217972890038527,0.03806471355681258,0.9927271665921531,0.005349777555148862,0.4545115365325395,0.02359279853786953,2.13196220871126,0.22648450284359833,48000.0,0.0,3.0,1.5811388300841898,686.8,803.9674744664737
Accumulate,97,0.0,0.0,0.1556559989006365,0.08970635660643253,68.83773266192802,18.487862691341537,138.35377096310265,37.16353270705573,1.0109267974796672,0.04280761985605902,0.13275173277868907,0.028431256215746475,0.9927200392523053,0.005393711299242289,0.4545211700342974,0.023680265207080085,2.1316239041118727,0.22609127608153132,48500.0,0.0,3.0,1.5811388300841898,686.8,803.9674744664737
Accumulate,98,0.0,0.0,0.15595183427250292,0.09008331685639942,68.82771608855828,18.471661091872985,137.67827915129632,38.478905574120006,1.0039718828571733,0.04476063342864346,0.14762266850391828,0.05909376723213954,0.9927120457349619,0.005406515561083246,0.4544895823816935,0.023677044603789065,2.133318696121278,0.2267160968514885,49000.0,0.0,3.0,1.5811388300841898,686.8,803.9674744664737
Accumulate,99,0.0,0.0,0.15591136880480574,0.0898901855765645,68.8212872972662,18.471798441325383,137.2208015439427,38.241502519879376,1.000769122978065,0.043276625459984834,0.13789299036505634,0.03521343967714131,0.9927365157351128,0.005357960152508316,0.4545646571673867,0.023635015372745555,2.134332599942667,0.2264749371958149,49500.0,0.0,3.0,1.5811388300841898,686.8,803.9674744664737
Accumulate,100,0.0,0.0,0.15523751389356816,0.08954219427107325,68.82252400017646,18.50149350745485,136.1745558718437,36.856832119189285,0.9944708384617892,0.04942918947352667,0.15543646003924202,0.05428416879335728,0.9927571073049577,0.005328726021816813,0.45462778488419053,0.023599024332618113,2.1366631329587404,0.2271277204890875,50000.0,0.0,3.0,1.5811388300841898,686.8,803.9674744664737
Accumulate,101,0.0,0.0,0.15637950139430118,0.0901899102374653,68.81516935138708,18.503439664099222,137.81918959392448,36.738029196879616,1.0069258349543493,0.04914022303063641,0.14731923030677446,0.04821429749015028,0.9927911287293967,0.005308647714594251,0.4547722815620167,0.02363484597972642,2.137336445236039,0.2271801692165541,50500.0,0.0,3.0,1.5811388300841898,686.8,803.9674744664737
Accumulate,102,0.0,0.0,0.15637849792525854,0.09033547729677761,68.8042663149258,18.493295008016972,137.96965178592765,37.16539747528612,1.0075173203516141,0.04688280097907299,0.13644694130213178,0.022983814261894647,0.9927841266585309,0.005269275605536479,0.4546622602825237,0.023435176993447677,2.1381396934892787,0.22786863322107478,51000.0,0.0,3.0,1.5811388300841898,686.8,803.9674744664737
Accumulate,103,0.0,0.0,0.15701859674494217,0.09144392272905125,68.80859339618844,18.48872017805485,137.60621993020828,38.2570704115474,1.0038368890771103,0.05173197811632344,0.14358186818350557,0.03645854511105152,0.9928060634025947,0.005235508670742652,0.45470347493223684,0.023333101793245766,2.1380383977874056,0.22647876805188222,51500.0,0.0,3.0,1.5811388300841898,686.8,803.9674744664737
Accumulate,104,0.0,0.0,0.15634165097686065,0.09078769851062227,68.81146741901162,18.48345811035745,137.9809693833662,36.64085758873634,1.0082799949389725,0.039529534938368895,0.12955461700091545,0.04325396814360738,0.9928122132543434,0.005257986187927713,0.4547096185081779,0.02329066341192315,2.1381420216961375,0.2281290714189756,52000.0,0.0,3.0,1.5811388300841898,686.8,803.9674744664737
Accumulate,105,0.0,0.0,0.15523777266654745,0.08973310836797478,68.82023296734607,18.501992711257255,136.4760431555598,36.55035648712953,0.9972350091559166,0.043660702445485304,0.14513012969945618,0.030185251176426547,0.9927985165721264,0.005268492458300989,0.4546777976788966,0.023340004283111365,2.1391844314268624,0.22907418586106168,52500.0,0.0,3.0,1.5811388300841898,686.8,803.9674744664737
Accumulate,106,0.0,0.0,0.15593194895744783,0.09013881043298014,68.83228302921022,18.502392617751614,137.81178881710898,38.415587869293084,1.004880540941911,0.0488351068299713,0.1443115991907408,0.03601090450831087,0.9927787784923183,0.00526667521281831,0.45459112841903454,0.02331201829986429,2.1394153116464962,0.23097176926556265,53000.0,0.0,3.0,1.5811388300841898,686.8,803.9674744664737
Accumulate,107,0.0,0.0,0.15524648390585652,0.08892572681040001,68.82787705690983,18.5000382997993,137.7075758209538,35.5155603887739,1.0077050147080746,0.03980252861211416,0.13746160005931998,0.03356699266377272,0.9928184569914096,0.005255235005414247,0.454764725672755,0.023366582972858218,2.138424359117522,0.23088038900376037,53500.0,0.0,3.0,1.5811388300841898,686.8,803.9674744664737
Accumulate,108,0.0,0.0,0.15476559079303226,0.08884024279115554,68.83164287834349,18.501718847198767,138.12470649737648,36.81741228314761,1.0091920315209078,0.04514956147267394,0.13608974144779035,0.03315793911932925,0.9928160930824139,0.005249555953766723,0.45475937398090027,0.023375573140471853,2.1381060222828316,0.23142605259285026,54000.0,0.0,3.0,1.5811388300841898,686.8,803.9674744664737
Accumulate,109,0.0,0.0,0.15455041733807906,0.08929257883944178,68.83015146714229,18.51121387610745,138.20676704451833,36.76035038028876,1.010238014481612,0.04287426978424015,0.15633013685194513,0.04180131970319684,0.9928193587344338,0.00522689975670602,0.454744501991975,0.023309742849536137,2.1374831228215108,0.23024966496891053,54500.0,0.0,3.0,1.5811388300841898,686.8,803.9674744664737
Accumulate,110,0.0,0.0,0.15585539720567038,0.09073815767582677,68.82479758373593,18.518274916008938,137.33756530291967,37.691231015475964,1.002281616651249,0.049475219709463614,0.1422418524042477,0.045012827239972485,0.992874047375629,0.005163419752659963,0.4548814610909962,0.023135586418564544,2.1361713447695587,0.2307810368787061,55000.0,0.0,3.0,1.5811388300841898,686.8,803.9674744664737
Accumulate,111,0.0,0.0,0.155756935943875,0.0907091741381552,68.82714406182744,18.511354479100756,137.0192091618199,37.22824151525241,1.0004920104451276,0.04069657914002927,0.15193205638165821,0.04767125355887841,0.9929427983721085,0.00509659303623448,0.45508829463329636,0.022997839352268627,2.1348489197859823,0.22955606196443137,55500.0,0.0,3.0,1.5811388300841898,686.8,803.9674744664737
Accumulate,112,0.0,0.0,0.15630082750297908,0.0913471441554223,68.83061453878793,18.519597483565963,136.85203038597055,35.802679560732344,1.0008925596897105,0.03699937482812639,0.13473866002626106,0.03529723683292385,0.992961514261095,0.005061175972730449,0.45507316133649056,0.022784829228907153,2.135033420054289,0.22834071304444375,56000.0,0.0,3.0,1.5811388300841898,686.8,803.9674744664737
Accumulate,113,0.0,0.0,0.1565580031433655,0.09190183773891651,68.84366495417439,18.52239667255287,137.63611029949823,36.78059560144881,1.0059360038913572,0.04690103821309224,0.14020156022680252,0.041509986106137015,0.9929603150044175,0.005080953314097214,0.4551125501688652,0.022892625343445095,2.134576915038517,0.2281135195615749,56500.0,0.0,3.0,1.5811388300841898,686.8,803.9674744664737
Accumulate,114,0.0,0.0,0.15595570087765373,0.09144436020028626,68.84013006959228,18.539969125650774,136.45473626164284,36.34140615067179,0.997861730568407,0.04017633296146578,0.1496974850748637,0.04580570514100402,0.992998658141641,0.005049610760243709,0.45526484278101764,0.02290418988580124,2.135072623296434,0.22799711245796292,57000.0,0.0,3.0,1.5811388300841898,686.8,803.9674744664737
Accumulate,115,0.0,0.0,0.15532152647268843,0.09176929969339306,68.84316027673759,18.545226453811644,138.33979997946741,36.615247846848625,1.0112088642278938,0.040455972698917535,0.14494514157011446,0.04251253404701053,0.9930411773447665,0.005040875085421148,0.4554491874500295,0.022952618194589793,2.1328996216468386,0.22588218565515605,57500.0,0.0,3.0,1.5811388300841898,686.8,803.9674744664737
Accumulate,116,0.0,0.0,0.1558802432967443,0.09204550306140587,68.8448534840049,18.53880473084341,137.7967150171963,36.81713032670583,1.0072035352059225,0.04547479590461933,0.1353138692772999,0.03817014101814809,0.9930328584215925,0.005077912408687973,0.45545597440878716,0.023046490689989377,2.1325719382649484,0.22490762420892046,58000.0,0.0,3.0,1.5811388300841898,686.8,803.9674744664737
Accumulate,117,0.0,0.0,0.15520490593363354,0.09082849139728022,68.84589818160269,18.54178526443797,138.06315037492928,36.966195006399296,1.008501825028191,0.04251113875162988,0.13501819893934655,0.04395184873460157,0.9930527820854893,0.005058435144686557,0.4555155365226379,0.02300394535281776,2.1314212582357364,0.2246447381360634,58500.0,0.0,3.0,1.5811388300841898,686.8,803.9674744664737
Accumulate,118,0.0,0.0,0.15582037387992492,0.09103671593059805,68.83491498431832,18.53559164742472,138.3993799320043,38.57506027201831,1.0090759080653342,0.0471834187592775,0.14485886630749595,0.029228531994750562,0.9930399291984482,0.005048504055092898,0.45543783976086577,0.022936683385066242,2.1327853587893397,0.22568233895745146,59000.0,0.0,3.0,1.5811388300841898,686.8,803.9674744664737
Accumulate,119,0.0,0.0,0.15586103981410188,0.0917772925164477,68.83864157840507,18.558718159690883,137.6162290429186,38.02661949656982,1.004377872419313,0.04993751057806638,0.14590253225276403,0.030902428751239715,0.9930127480920152,0.005030673538478051,0.45534589468891384,0.022969315712263714,2.131888277808849,0.22503358566507875,59500.0,0.0,3.0,1.5811388300841898,686.8,803.9674744664737
Accumulate,120,0.0,0.0,0.1554202967962191,0.09123449628029216,68.84041864415255,18.562086912701762,137.03160594533531,36.78475901101311,1.0011250992017633,0.04407227839864627,0.13274330995465874,0.028346848023641905,0.9930439487767989,0.004999762561601578,0.4554378127247786,0.02289960724475707,2.1333751003307384,0.2256946325832581,60000.0,0.0,3.0,1.5811388300841898,686.8,803.9674744664737
Accumulate,121,0.0,0.0,0.15538894214398805,0.08995054765799732,68.85240458024646,18.56766730331718,137.6008899347408,37.50365424266441,1.004431896969589,0.045648219618628624,0.14001739351349507,0.033475571930365135,0.9930417878856221,0.00501759050554602,0.45544341245550013,0.02293326397809252,2.13395718675349,0.22613106332607635,60500.0,0.0,3.0,1.5811388300841898,686.8,803.9674744664737
Accumulate,122,0.0,0.0,0.15543748983018843,0.08993004311222502,68.85193065828145,18.547577682335707,136.80230318482396,36.441950770292785,0.999879675546565,0.04328649703024887,0.13918095877434103,0.03559759202869872,0.9930285131402155,0.005031735434162334,0.4553675616453898,0.02287354745295982,2.1336895108523777,0.22491157096058526,61000.0,0.0,3.0,1.5811388300841898,686.8,803.9674744664737
Accumulate,123,0.0,0.0,0.15541063053842716,0.08964745861526402,68.85942556635648,18.548808432333445,138.19586093861108,37.68074949949596,1.0086896485609094,0.05011693345415766,0.1457135781856885,0.044821972016434286,0.9929982389895174,0.005046773929586905,0.4552460825818091,0.022862341928193853,2.133099942581249,0.22555285457391133,61500.0,0.0,3.0,1.5811388300841898,686.8,803.9674744664737
Accumulate,124,0.0,0.0,0.15534504630687151,0.08865832301715146,68.8761415450017,18.557297461894994,138.58598143760773,38.107607266004834,1.0113667225251999,0.04858921334270139,0.12634411092709197,0.03307787936812784,0.9929785947857873,0.005087969417596052,0.45520180145955225,0.022938590152473223,2.1325435685447443,0.22526880180552045,62000.0,0.0,3.0,1.5811388300841898,686.8,803.9674744664737
Accumulate,125,0.0,0.0,0.15651214672058592,0.08943750831737757,68.88225906214427,18.55002370506074,138.0751317755399,37.30900320384917,1.0085617268476081,0.04542785278117384,0.12885318977163038,0.030132815734247288,0.9929137404934286,0.005173004320469095,0.45502527434369694,0.023115016059252168,2.1327431251166433,0.22531322632085482,62500.0,0.0,3.0,1.5811388300841898,686.8,803.9674744664737
Accumulate,126,0.0,0.0,0.15676609907220893,0.08877134908591958,68.87629721855743,18.541019200526147,138.48829847056848,39.59676917449143,1.0087719540387519,0.05253022184909204,0.1387270437388986,0.03859951321295277,0.9928629538444262,0.005185536354639827,0.45484098331767386,0.023139992428443824,2.1327242849624013,0.2255842107543112,63000.0,0.0,3.0,1.5811388300841898,686.8,803.9674744664737
Accumulate,127,0.0,0.0,0.15655251431368084,0.08870009574253303,68.87905390791153,18.548723126975926,138.89781424260133,38.228879775738825,1.0135695789640748,0.04892836410801332,0.16032513630513695,0.049548168520313046,0.9928944946769531,0.005164122283303066,0.45487196990451856,0.022920626792547492,2.133439211172738,0.22641846380910177,63500.0,0.0,3.0,1.5811388300841898,686.8,803.9674744664737
Accumulate,128,0.0,0.0,0.15602478221819407,0.08913762744468465,68.8772637257985,18.524668844196775,138.1227715453956,37.21612763472016,1.0088785348865328,0.04372811604561525,0.13238468693228322,0.02839880438940339,0.9929056104126215,0.005164096781469688,0.45486631383015175,0.02280169457487662,2.133655794268999,0.22631978531658228,64000.0,0.0,3.0,1.5811388300841898,686.8,803.9674744664737
Accumulate,129,0.0,0.0,0.15599837674831343,0.08956638159827122,68.86578002550526,18.521668805067,137.76606922137472,38.629733368535575,1.004382112584463,0.051324219719063986,0.13288502549500972,0.028579180214844103,0.9928708995471327,0.005191665109870456,0.45473708228285403,0.022809638112898788,2.133904936086437,0.22585562832081313,64500.0,0.0,3.0,1.5811388300841898,686.8,803.9674744664737
Accumulate,130,0.0,0.0,0.15617756852371995,0.09044768083896626,68.86645545858433,18.511380225661732,138.42713968553255,36.69398428116022,1.0121009408048516,0.04084578617201694,0.1455873748941924,0.04191584490554088,0.9928498612459942,0.005211734146168215,0.45468992955342913,0.02289123018563492,2.1339292134028676,0.22604354576281854,65000.0,0.0,3.0,1.5811388300841898,686.8,803.9674744664737
Accumulate,131,0.0,0.0,0.1558495631560363,0.09021044103755235,68.86208302103584,18.50239501489173,137.4147052936893,36.75345465317927,1.0040649190191155,0.04623566235879794,0.14002385987498583,0.038729946462902516,0.9928494144673478,0.005228475934719118,0.45468789999664266,0.022890115483237886,2.1347252528947047,0.22616713487361528,65500.0,0.0,3.0,1.5811388300841898,686.8,803.9674744664737
Accumulate,132,0.0,0.0,0.15635839530238924,0.08982753270614072,68.85756800608192,18.501707860239552,138.06728330367082,37.62269542402712,1.00856948356887,0.049105258432432894,0.1485160226094834,0.04971032094164175,0.9928576270660567,0.005231028375430029,0.45471901620580113,0.02288957864405673,2.134597855187841,0.22713571988672374,66000.0,0.0,3.0,1.5811388300841898,686.8,803.9674744664737
Accumulate,133,0.0,0.0,0.15629379849833644,0.08973479816611715,68.85394832343175,18.505598731537347,137.22505155864718,36.148368806088534,1.0031811915580042,0.04542613898648638,0.14346851436421057,0.032633670420189595,0.9928368579738873,0.005197949214753631,0.4545870088540435,0.02275879874919776,2.133717764783535,0.22631482063851893,66500.0,0.0,3.0,1.5811388300841898,686.8,803.9674744664737
Accumulate,134,0.0,0.0,0.15625482124311368,0.09014321616676443,68.85239047469567,18.49620445400426,137.9854398083307,37.61932110539489,1.007379777280065,0.05032010233320321,0.1440102396403708,0.038110720157617475,0.992813847790383,0.005193930183467939,0.45446433392312713,0.022670579632039615,2.1332541043398985,0.22569273315136312,67000.0,0.0,3.0,1.5811388300841898,686.8,803.9674744664737
Accumulate,135,0.0,0.0,0.15609728098121406,0.09047512764910796,68.8652607757105,18.488321862196557,138.5929331532751,36.663828110306945,1.01347351644589,0.05057649585155852,0.1512589854652755,0.04455980240653946,0.99282691769694,0.005198934972103389,0.4545049626983225,0.022647975262571778,2.1322406255168054,0.22383003546651006,67500.0,0.0,3.0,1.5811388300841898,686.8,803.9674744664737
Accumulate,136,0.0,0.0,0.1559159507125652,0.09099124332964159,68.85575063411443,18.48155133963881,138.59867964253385,36.43110187646059,1.0136558631536567,0.039131297376022105,0.14434315935033518,0.04058250609902162,0.9928363289875485,0.0052246373324461364,0.45455506507676124,0.02268349707536926,2.131424613694828,0.224124211430415,68000.0,0.0,3.0,1.5811388300841898,686.8,803.9674744664737
Accumulate,137,0.0,0.0,0.15588197548316024,0.09116131125329326,68.85451771889446,18.473562569216625,138.1170848510247,38.40829847331395,1.008214412163373,0.054684111798924594,0.14331881632788462,0.04041309834786864,0.9928551935560647,0.005223928530333081,0.4546356944039541,0.022705695072897335,2.13248199357933,0.22670518109826926,68500.0,0.0,3.0,1.5811388300841898,686.8,803.9674744664737
Accumulate,138,0.0,0.0,0.15606500533701823,0.09136717434638568,68.85817076530512,18.476252522555836,137.85818131186775,37.37718137176489,1.0064488564799892,0.03811737677646642,0.13396052205910436,0.03412930255289571,0.9928542451232447,0.005224293078440404,0.45464695717480685,0.022742800282201044,2.133099856304707,0.22594318484822687,69000.0,0.0,3.0,1.5811388300841898,686.8,803.9674744664737
Accumulate,139,0.0,0.0,0.15627179550186604,0.09117842977667931,68.86389647362549,18.483436560567405,137.3112512091347,36.392740373750456,1.0038929246914552,0.043365969054322516,0.13337621287845108,0.036326774943919685,0.9928463279837125,0.005206074381306079,0.4546537445429596,0.02283502212325024,2.1321606575607053,0.22460947841231957,69500.0,0.0,3.0,1.5811388300841898,686.8,803.9674744664737
Accumulate,140,0.0,0.0,0.1561021930846132,0.09113506126081965,68.86261429921318,18.483466447889324,137.54868986064702,37.815973237691075,1.00357953685583,0.04819730770649231,0.1371341993020955,0.034907821587031325,0.9928920730181773,0.005175262502552619,0.4548136492674833,0.022799287423768713,2.1337057600207023,0.22546678311413665,70000.0,0.0,3.0,1.5811388300841898,686.8,803.9674744664737
Accumulate,141,0.0,0.0,0.15670304539300173,0.09122581972755886,68.85164757247466,18.473269931136958,136.62925046810096,36.51692390814387,0.998183984517585,0.04242752004400589,0.13452991997474362,0.030724513864045996,0.9929263479354269,0.00513015654943226,0.4548808876185909,0.02264144535418286,2.1346533209530008,0.22596195574228453,70500.0,0.0,3.0,1.5811388300841898,686.8,803.9674744664737
Accumulate,142,0.0,0.0,0.15620853753570046,0.09048813423217368,68.8420311360179,18.45354663207335,138.03777335967544,36.56618165310372,1.009132834204779,0.04660001380871,0.1397334755577575,0.03351170015390324,0.9929529577829708,0.005096689872750939,0.4548934361337724,0.022418465106552283,2.134498591317325,0.22629926520951923,71000.0,0.0,3.0,1.5811388300841898,686.8,803.9674744664737
Accumulate,143,0.0,0.0,0.15581060018892948,0.08979906002625536,68.84646766875517,18.45592372100581,137.95785069025516,36.35227399256386,1.00884221918571,0.040532543036373575,0.13701927047305662,0.024287035641983316,0.9929466235454812,0.005086344920046219,0.4548152995384724,0.02228255752186885,2.1338943863449367,0.226137848907964,71500.0,0.0,3.0,1.5811388300841898,686.8,803.9674744664737
Accumulate,144,0.0,0.0,0.15634850536551603,0.08983858194287724,68.85420949300942,18.46296899260898,138.97230124493632,37.75408640842003,1.0148181309215902,0.051441131214956984,0.15198442879605098,0.0314029893791591,0.9929475979811038,0.005067487144590351,0.45481264920460684,0.022266737216619086,2.1341981265543404,0.22675467282677614,72000.0,0.0,3.0,1.5811388300841898,686.8,803.9674744664737
Accumulate,145,0.0,0.0,0.15579818982015353,0.0894667402948752,68.85570068558485,18.465714330137935,138.3628590209215,37.39960272196927,1.0104367044115712,0.056312791554727355,0.1442195528601011,0.038627165372351425,0.9929383697559981,0.005044584651499277,0.45477038122544544,0.02224935452709566,2.1338718041046247,0.22599391001774344,72500.0,0.0,3.0,1.5811388300841898,686.8,803.9674744664737
Accumulate,146,0.0,0.0,0.15599345503250214,0.08955434369324347,68.8537143486121,18.46339247685091,137.20803882963818,36.97178952882974,1.0022952716850697,0.04012026672791003,0.1457051054000843,0.037543356639425526,0.9929508951540864,0.005037548992823949,0.4548196628291973,0.022253098690450702,2.134264538901832,0.2261847588439669,73000.0,0.0,3.0,1.5811388300841898,686.8,803.9674744664737
Accumulate,147,0.0,0.0,0.15591886840258234,0.08921201533441583,68.84792103054238,18.45948373959604,137.07500260156058,36.22521182386692,1.0021972128617673,0.04769908354536785,0.13726359541716487,0.03679672854570155,0.9929459883729639,0.005031544160218558,0.4548051712279064,0.022264027714116622,2.1342986419105356,0.22589880032351312,73500.0,0.0,3.0,1.5811388300841898,686.8,803.9674744664737
Accumulate,148,0.0,0.0,0.1565825022807047,0.08900570039795933,68.85850640300134,18.463400698529757,137.73648722562902,37.305827515099686,1.0059634022062458,0.04951031305787466,0.14966683969341657,0.03354872582915835,0.9929606318298841,0.004985736098838061,0.45480506301847834,0.02212212542804706,2.1360741814951716,0.22744202454533718,74000.0,0.0,3.0,1.5811388300841898,686.8,803.9674744664737
Accumulate,149,0.0,0.0,0.15603476817968673,0.08826095618698615,68.85785710341258,18.470748867785762,138.41385332420617,37.406629546047604,1.0112542012302925,0.05184258876114647,0.14991501862590967,0.03845466814665589,0.9929639069727102,0.004994552323632135,0.4548580757631943,0.022225062569581764,2.1372132207760797,0.2299032647511742,74500.0,0.0,3.0,1.5811388300841898,686.8,803.9674744664737
Accumulate,150,0.0,0.0,0.15619310600283126,0.08866330564018321,68.85951491635355,18.468389687931058,137.72898714518132,35.98851285006352,1.0075896085544485,0.038222229489747364,0.13846619278714628,0.034275813850063126,0.9929609671182049,0.004984870365363305,0.45480416724635153,0.022116580703946596,2.1372496787880264,0.23079469227277105,75000.0,0.0,3.0,1.5811388300841898,686.8,803.9674744664737
Accumulate,151,0.0,0.0,0.156347420057172,0.08865883733239048,68.86292152743833,18.471921899851836,138.67016107690011,37.71776199304326,1.0125964794357445,0.04933405474695235,0.13382788503880355,0.04123420700903635,0.9929895061056173,0.004969214469757953,0.45493819470245456,0.022180025193372793,2.136604941712129,0.23090866406846458,75500.0,0.0,3.0,1.5811388300841898,686.8,803.9674744664737
Accumulate,152,0.0,0.0,0.15591752147968588,0.0888936925935302,68.8616575780294,18.484650740071796,137.97894776815332,35.09761881552586,1.0105117387414075,0.03299567840696647,0.14746048900380027,0.03124583908297582,0.9929765262142862,0.0049626582365104085,0.45490518382508427,0.022222587952361008,2.137548004427324,0.23175147223211254,76000.0,0.0,3.0,1.5811388300841898,686.8,803.9674744664737
Accumulate,153,0.0,0.0,0.15651087382764045,0.08889287171146681,68.86741414391663,18.494501016437148,137.9701701535302,36.18581684294996,1.0095741831343459,0.04834583611031638,0.14784217958321175,0.048793689668963934,0.9929537104072956,0.004986768186178816,0.45485740394457885,0.02232233788343954,2.136806701619588,0.2306651341710666,76500.0,0.0,3.0,1.5811388300841898,686.8,803.9674744664737
Accumulate,154,0.0,0.0,0.15739267645263705,0.08989551851813855,68.86804053110446,18.49100830889033,136.61405448368544,37.59740334104502,0.9970011035821751,0.05089264040838405,0.13315809499942893,0.03249703599618072,0.9929526246784061,0.004996207270991209,0.45486512603573714,0.02235216847942835,2.137193469977203,0.2308701352402844,77000.0,0.0,3.0,1.5811388300841898,686.8,803.9674744664737
Accumulate,155,0.0,0.0,0.1576294560912584,0.09049619466568984,68.86101946148224,18.49333988612292,136.32626661653063,37.32427397466431,0.9951462042319521,0.04387707314400037,0.14154038276012618,0.028676403876738876,0.9929887913203832,0.00494562825287524,0.45495212415153574,0.022222734169826952,2.1370095010678725,0.23065241955677812,77500.0,0.0,3.0,1.5811388300841898,686.8,803.9674744664737
Accumulate,156,0.0,0.0,0.1570234598610479,0.08998340589382077,68.86963262788717,18.4918230223272,138.16489188057707,35.80186466022361,1.0109509483828774,0.04337267404969655,0.129919193439963,0.036823413848167515,0.9929976036143863,0.004930699453196536,0.45499594805175336,0.02224836026302014,2.136312551547391,0.23053061723213933,78000.0,0.0,3.0,1.5811388300841898,686.8,803.9674744664737
Accumulate,157,0.0,0.0,0.15789637705776727,0.09111743034044108,68.86620803582318,18.484069965611432,136.56951464520284,36.51803847110173,0.9978361464815473,0.043691222690652926,0.15183587771985957,0.04458437499807769,0.9930190480013996,0.004913645240935949,0.45506142147419826,0.02220594646980719,2.1365368514300123,0.2325086067384902,78500.0,0.0,3.0,1.5811388300841898,686.8,803.9674744664737
Accumulate,158,0.0,0.0,0.15790822126134066,0.0913358513301701,68.87368339534689,18.497055816486444,138.02259226611838,38.14208717518067,1.0075004372503689,0.05043950028651913,0.14125214964078942,0.046449055727796534,0.9930217574854318,0.004901779809014204,0.4550812836869743,0.022230033049079213,2.1365762649416,0.23339105794466902,79000.0,0.0,3.0,1.5811388300841898,686.8,803.9674744664737
Accumulate,159,0.0,0.0,0.1578770188133462,0.0915362007425761,68.87467349773416,18.495724957751367,137.98101271697792,37.411303912144206,1.0073090977383103,0.04926388776809748,0.13763078539171886,0.03059614811855111,0.993027042478924,0.004916975480549076,0.45511374962016127,0.022260384854847833,2.1362836012420168,0.23382542489649008,79500.0,0.0,3.0,1.5811388300841898,686.8,803.9674744664737
Accumulate,160,0.0,0.0,0.15762970906153764,0.09143308334062214,68.86942672267419,18.489373127758192,137.60464948777025,37.60387859506355,1.0046492022473408,0.044779178068057666,0.13402389783485685,0.02350141704884325,0.9930311264198229,0.004916498911398109,0.4551841264417969,0.022397606577699757,2.136465591802738,0.23399779932290432,80000.0,0.0,3.0,1.5811388300841898,686.8,803.9674744664737
Accumulate,161,0.0,0.0,0.1579514757658989,0.09202337011675223,68.86186123681469,18.47078872962196,137.34824322939954,37.284325884639316,1.0031877588182851,0.04775555733739405,0.14271566821872794,0.04759594659708767,0.9930520382117279,0.004904732009412181,0.45523645042530275,0.022326907836310417,2.136661119018945,0.23393457375896948,80500.0,0.0,3.0,1.5811388300841898,686.8,803.9674744664737
Accumulate,162,0.0,0.0,0.15756939021634814,0.0927805573815894,68.85897560158267,18.479659493682444,138.34321877948395,36.77160327271096,1.0110643957988563,0.04563915905322847,0.13438670117204157,0.030210526954981266,0.9930617442031722,0.004894057575353732,0.45528491679344996,0.022354614572664744,2.136211524784482,0.23392987735462448,81000.0,0.0,3.0,1.5811388300841898,686.8,803.9674744664737
Accumulate,163,0.0,0.0,0.15796157211089562,0.09331385795560983,68.85091680623493,18.465173067233657,137.42097523587057,37.34666959078334,1.0038873322419555,0.051527679761584975,0.14481773893673927,0.0382146474201407,0.9930724014988309,0.004847885492724515,0.4552721227424185,0.022220089294826453,2.137016250365606,0.23476229948796307,81500.0,0.0,3.0,1.5811388300841898,686.8,803.9674744664737
Accumulate,164,0.0,0.0,0.15781431796791368,0.09320734774668359,68.84463423260587,18.454718033694718,137.51743589825733,36.408360862109674,1.0052018711535364,0.040220151027804844,0.15516431285368024,0.03879939268576598,0.9931251233980275,0.004798593967054645,0.4554580536830546,0.02217545865006133,2.1380819917012044,0.23447610900444624,82000.0,0.0,3.0,1.5811388300841898,686.8,803.9674744664737
Accumulate,165,0.0,0.0,0.15831454046756555,0.09352000807834279,68.84391527467419,18.449379773775025,137.7477352732768,37.51091590536598,1.0061003741543657,0.04491436500299823,0.14798910181819094,0.033843288386379296,0.9931612616753404,0.0047709569194623914,0.455575065033765,0.022117387076469854,2.1380741446083977,0.23471841088526008,82500.0,0.0,3.0,1.5811388300841898,686.8,803.9674744664737
Accumulate,166,0.0,0.0,0.15799700506105824,0.09276299915715737,68.83988037712477,18.450992468307188,137.19215189672877,37.52460625417239,1.0013150437677236,0.04210063957952541,0.14825851925797365,0.032636617607307274,0.9931838923804674,0.00474333525218032,0.4556579296194638,0.022104782835654996,2.1385743994548885,0.23548217539989838,83000.0,0.0,3.0,1.5811388300841898,686.8,803.9674744664737
Accumulate,167,0.0,0.0,0.1572284119163455,0.09251003463587629,68.8366817709805,18.447952075637662,138.05007080968647,37.06139401913236,1.008798154995145,0.037857988767923734,0.1291873452873335,0.027776572002308073,0.993234740522265,0.004701558175917134,0.45579090838638237,0.021941132363455185,2.139793724735733,0.23612452497626268,83500.0,0.0,3.0,1.5811388300841898,686.8,803.9674744664737
Accumulate,168,0.0,0.0,0.15638151679883766,0.0919514825541293,68.83879512760791,18.455904751397497,138.23069866249654,38.06449547758481,1.0088936273834181,0.05558620661656518,0.1462008017761281,0.03499597197453782,0.993276006542262,0.004661956000896388,0.45595221850465395,0.021941230720349886,2.1397969041153466,0.2360322885855132,84000.0,0.0,3.0,1.5811388300841898,686.8,803.9674744664737
Accumulate,169,0.0,0.0,0.15597515798890021,0.0919751748807863,68.83325093901468,18.453229578972767,138.3482029687611,35.326274200036764,1.0133982699945847,0.046430149184006335,0.15642660375537815,0.043814035112006655,0.993271600060651,0.004638269744580109,0.455893095541711,0.02183628514255726,2.1391743932063685,0.23568138870928973,84500.0,0.0,3.0,1.5811388300841898,686.8,803.9674744664737
Accumulate,170,0.0,0.0,0.15599878357285676,0.09172974407834499,68.82372602601518,18.441120648786846,136.5375741990665,36.80078171727933,0.9971185765287226,0.035487298493984416,0.13993216678453338,0.0357554240151784,0.9932707675989935,0.0046487762805796605,0.45589855453683015,0.021858109377926503,2.1401343579105174,0.23487967825611228,85000.0,0.0,3.0,1.5811388300841898,686.8,803.9674744664737
Accumulate,171,0.0,0.0,0.1561337293715363,0.09198675168812889,68.81682979005598,18.43418638402099,137.84958332517516,36.98454900908721,1.0070488890394973,0.047521839055947694,0.13104050681374949,0.018225970089369332,0.9932514517866682,0.004672139179808722,0.4558178843120779,0.021844884877622307,2.1408904801174993,0.23492258567869223,85500.0,0.0,3.0,1.5811388300841898,686.8,803.9674744664737
Accumulate,172,0.0,0.0,0.15558399764294323,0.09107503738692976,68.82009880055242,18.43451891208257,136.72608434620287,36.532278423897594,0.9992301870583644,0.04321744603033176,0.14436642656827822,0.04293081221153657,0.9932297661184506,0.004686704716101781,0.45571647789005654,0.021802283022368318,2.141228997510974,0.23552125774445046,86000.0,0.0,3.0,1.5811388300841898,686.8,803.9674744664737
Accumulate,173,0.0,0.0,0.15618102345686352,0.09125659076362082,68.82374598497168,18.44454509438451,139.36466340144594,39.324231888882096,1.0158157730216248,0.05732750406093645,0.14753104027714892,0.04011244640353324,0.9932290026253169,0.00468913676768123,0.4557089638666292,0.0217907203908094,2.141390253484546,0.23588347046232394,86500.0,0.0,3.0,1.5811388300841898,686.8,803.9674744664737
Accumulate,174,0.0,0.0,0.15597386029556584,0.09135032813921079,68.83426444958168,18.44685897463713,137.71115838549267,35.87980252270784,1.008105702491158,0.04358825163042824,0.13322851177513204,0.03425319208757096,0.9932135101236087,0.004689021404165015,0.45563483312437303,0.02175571109826651,2.1408704406185555,0.235142372480304,87000.0,0.0,3.0,1.5811388300841898,686.8,803.9674744664737
Accumulate,175,0.0,0.0,0.15571593558873661,0.09160386472350249,68.84380843025451,18.451457413478366,137.0834050877574,35.35071100845326,1.0029670195309168,0.04439629218246574,0.1372562151260763,0.02892431161053098,0.9931757884206729,0.004718706118224692,0.45550252432246613,0.021791790861176056,2.141416869998922,0.23650721085565737,87500.0,0.0,3.0,1.5811388300841898,686.8,803.9674744664737
Accumulate,176,0.0,0.0,0.15538655186111372,0.09114135748072583,68.84413122610611,18.44910998935701,136.879204117451,38.14977933851348,0.9988119404899409,0.05010830249011067,0.1381696756010809,0.0408412106748961,0.9931730683019884,0.004726557246618424,0.45549091994499913,0.02178898339967075,2.1418902106923285,0.23609699299748718,88000.0,0.0,3.0,1.5811388300841898,686.8,803.9674744664737
Accumulate,177,0.0,0.0,0.1553088977428683,0.09116218313650729,68.83230053361231,18.440704976261408,137.7785811883313,37.53380769045771,1.0064451818984106,0.049578545095522016,0.14299588209591704,0.038652196047321875,0.9931841440590043,0.004720010249409638,0.4555369696400212,0.021796860489096046,2.142276569557775,0.2371972321221878,88500.0,0.0,3.0,1.5811388300841898,686.8,803.9674744664737
Accumulate,178,0.0,0.0,0.1553783792014353,0.09176250566092699,68.82487625671868,18.44268139737135,137.76452981897452,36.85812052154377,1.0072226898050893,0.051378076114214556,0.1390538464393573,0.030662508001498764,0.993159115343176,0.004746490012901783,0.45546154801213345,0.021851792204670463,2.1430279112420365,0.23783182670959088,89000.0,0.0,3.0,1.5811388300841898,686.8,803.9674744664737
Accumulate,179,0.0,0.0,0.1553552084783471,0.09217004099589035,68.83206940427561,18.439949635471137,138.03800434447118,36.966738213412775,1.0085747001528558,0.040325617662990955,0.1419013642386035,0.0390229383290165,0.9931354738302659,0.004773087958035876,0.45539792953674835,0.021922618587987285,2.1427499705701494,0.23767912161475535,89500.0,0.0,3.0,1.5811388300841898,686.8,803.9674744664737
Accumulate,180,0.0,0.0,0.15500702243267706,0.09171228718780937,68.83054507542869,18.441135232282786,137.43878274521722,36.66592151651496,1.0044072900249386,0.04440333291098316,0.1407242318650829,0.04294376746053332,0.9931521710660978,0.004749592420026573,0.45544349704997744,0.021874345743431448,2.1431529658411526,0.23696665504467765,90000.0,0.0,3.0,1.5811388300841898,686.8,803.9674744664737
Accumulate,181,0.0,0.0,0.15497506667608463,0.09175403426729212,68.82935976905199,18.444368902793677,137.5640432071409,36.34160494748519,1.0055885281001464,0.030550346296772966,0.13387499085564375,0.029260779142827764,0.9931456452170574,0.004743460754855314,0.45543179058625044,0.021909031368210527,2.143697831074049,0.23705413420988644,90500.0,0.0,3.0,1.5811388300841898,686.8,803.9674744664737
Accumulate,182,0.0,0.0,0.15496826783890713,0.09187962190028474,68.84175835479745,18.45808802724307,138.05050493550752,38.93665371069756,1.0063786202434326,0.05456748648829781,0.1459168744996188,0.038974236685380026,0.9931466833754694,0.004743616777002523,0.4554391911599839,0.021917612245635282,2.1448768806213003,0.23696592369610306,91000.0,0.0,3.0,1.5811388300841898,686.8,803.9674744664737
Accumulate,183,0.0,0.0,0.154503056333455,0.09149601373123296,68.84151534972167,18.457779571730928,139.3144955807499,37.76048641282149,1.017520771036191,0.047697404313496755,0.14511923469744556,0.037162523123223414,0.993162357837128,0.004731173768569903,0.45549833027120706,0.02191360534590028,2.1458803978066046,0.23742204577734383,91500.0,0.0,3.0,1.5811388300841898,686.8,803.9674744664737
Accumulate,184,0.0,0.0,0.15415636383326944,0.09118726866136394,68.84751173654482,18.45938723409772,138.4283388617081,38.3213110378971,1.0101064723153765,0.05083451850637314,0.14621901957036768,0.03955704862982275,0.9931688978373046,0.0047288557988840055,0.45551437139015905,0.021889903964444568,2.146789962170436,0.23912347518954774,92000.0,0.0,3.0,1.5811388300841898,686.8,803.9674744664737
Accumulate,185,0.0,0.0,0.15447263214639434,0.09123007195662403,68.85003832584364,18.46325302414169,137.48312673145077,36.19396602786558,1.0054882371042093,0.03553504680643647,0.1316044232401803,0.026409370091680276,0.9931579764986633,0.004711733882563223,0.45545731902071573,0.021852874432972912,2.1480821051970964,0.24051566003792035,92500.0,0.0,3.0,1.5811388300841898,686.8,803.9674744664737
Accumulate,186,0.0,0.0,0.15456799266126767,0.09146301175251784,68.85206125863014,18.455224789922784,136.4138595739877,37.24339693191383,0.9956436185024821,0.03997488054681261,0.14057852951494615,0.03180398162307119,0.993156887238708,0.004702887831595853,0.45542230249685645,0.02177439629888855,2.1482920377159247,0.24061321014699724,93000.0,0.0,3.0,1.5811388300841898,686.8,803.9674744664737
Accumulate,187,0.0,0.0,0.15469112423640857,0.0914134984304672,68.85727170737479,18.46363104412064,136.63541140224203,36.12772528944258,0.9992222559699329,0.038617090809452005,0.1363161541171964,0.040910396845943504,0.9931638205778921,0.004690691083805073,0.45543106324476146,0.021728222024687376,2.1478174926188656,0.24081711113942475,93500.0,0.0,3.0,1.5811388300841898,686.8,803.9674744664737
Accumulate,188,0.0,0.0,0.15489889133815515,0.09145582692496573,68.85286502787916,18.461801428244474,138.49880824289409,37.420355579313075,1.011488799735448,0.04560074181984729,0.13383992102682682,0.03322139944925944,0.9931820374031416,0.0046473580835567525,0.45545603222040726,0.0216116292914862,2.147379253640405,0.2409746101137925,94000.0,0.0,3.0,1.5811388300841898,686.8,803.9674744664737
Accumulate,189,0.0,0.0,0.15533722898470495,0.09129671825201241,68.85492053100401,18.468582644037017,137.3319936718452,37.821766763168526,1.002344571337684,0.04273602172269138,0.14462461818449324,0.04680984076210404,0.9931939280908384,0.0046314201648367795,0.4554928744454611,0.021587969499399427,2.1475016839460275,0.24150184394205967,94500.0,0.0,3.0,1.5811388300841898,686.8,803.9674744664737
Accumulate,190,0.0,0.0,0.1552891033304537,0.09119869288178874,68.85382752715836,18.46839739759801,137.287173825948,37.711288528582365,1.0020277842830743,0.04491913525923138,0.1319307444891035,0.030692498507250022,0.993201134260423,0.00462612284470196,0.45551612170461614,0.021575874153916815,2.1471825770018618,0.24103920107701265,95000.0,0.0,3.0,1.5811388300841898,686.8,803.9674744664737
Accumulate,191,0.0,0.0,0.1557870910254816,0.09142510857717125,68.8519177124671,18.461192321284663,137.97038237878377,37.28420865401674,1.0073749350167285,0.04268101237160941,0.1315207074619264,0.04055621643115051,0.993181799338883,0.004646012553985363,0.4554490711653085,0.021596089537640185,2.148072076673823,0.24161147539861777,95500.0,0.0,3.0,1.5811388300841898,686.8,803.9674744664737
Accumulate,192,0.0,0.0,0.1554952988259279,0.09201271268441802,68.85365160567832,18.46791503547699,138.08914281919178,35.519905081406236,1.0106754237336688,0.03445104453240531,0.12761221142669632,0.04298431624169776,0.9931872232089975,0.004645737306577057,0.45547891384846223,0.02161878049880129,2.148742373000026,0.24211941024448355,96000.0,0.0,3.0,1.5811388300841898,686.8,803.9674744664737
Accumulate,193,0.0,0.0,0.15582535771925082,0.09248350518528083,68.85539845949562,18.46016261574391,136.59493971669357,35.82598849183472,0.9992011581988665,0.040666884184391835,0.1454810154072454,0.03968695839040429,0.9931790319357688,0.0046541145575212575,0.4554604568508416,0.021652900211607803,2.1488010250379004,0.24141293525899774,96500.0,0.0,3.0,1.5811388300841898,686.8,803.9674744664737
Accumulate,194,0.0,0.0,0.15628028714143144,0.09269516727992937,68.85716826621864,18.468438587587226,137.0143035997151,35.29335341816214,1.0028141435360713,0.030617708575139832,0.13637649506395644,0.030373917416435664,0.9931821886181453,0.004658359382107484,0.45549536920417755,0.02171100239007783,2.149504544520938,0.24205409844458545,97000.0,0.0,3.0,1.5811388300841898,686.8,803.9674744664737
Accumulate,195,0.0,0.0,0.15642270293577673,0.09302490409183486,68.85648247127288,18.456825476841836,138.06044304001983,37.272959370181944,1.0083492289423692,0.04560733866981675,0.13167830721923518,0.042325364716815576,0.9931770555845615,0.004663329741869385,0.4554655502631705,0.021685520306721294,2.1495609517428624,0.24232862442491374,97500.0,0.0,3.0,1.5811388300841898,686.8,803.9674744664737
Accumulate,196,0.0,0.0,0.15614958393452139,0.09280547261230189,68.86611288968653,18.462882349286307,137.2649001884958,36.705316629501134,1.0033245376796818,0.04870211808823012,0.13634159807953405,0.03062975333409118,0.9931804830604005,0.004673186778402273,0.455497745573288,0.021733786011453225,2.150014902815316,0.24251082269251695,98000.0,0.0,3.0,1.5811388300841898,686.8,803.9674744664737
Accumulate,197,0.0,0.0,0.15655218693416714,0.09258730006482707,68.86687371679352,18.462436225584717,137.9903318834317,37.36606253597743,1.0077555215575147,0.03681737728393185,0.14052734690297866,0.03792022069086678,0.9931708748647882,0.00469303242938528,0.45549652544356267,0.021825583136296272,2.149707937759195,0.24231093615019406,98500.0,0.0,3.0,1.5811388300841898,686.8,803.9674744664737
Accumulate,198,0.0,0.0,0.15682006587855718,0.09233171389633738,68.868482257549,18.458101072021133,136.11733760725662,35.348420522225524,0.9962628920612208,0.03696706978553894,0.14839132242973166,0.03543304220687448,0.9931594509002271,0.004723979601070498,0.45550409418051574,0.021956960488864318,2.149510933373815,0.24224074263890813,99000.0,0.0,3.0,1.5811388300841898,686.8,803.9674744664737
Accumulate,199,0.0,0.0,0.15733705000650272,0.09295272710576398,68.8700426469535,18.449495876696012,138.45103535981193,37.9072816358621,1.0107552775883901,0.049831774211540586,0.1450145175245259,0.02815009616912378,0.9931315525360601,0.004743919192046754,0.4554168116183712,0.02200958584525301,2.150578016803048,0.24231551949798594,99500.0,0.0,3.0,1.5811388300841898,686.8,803.9674744664737
Accumulate,200,0.0,0.0,0.15748449627156283,0.09294988308793259,68.86683995039357,18.445672035966325,137.1051240456517,35.55830454985905,1.0034498724719358,0.04184803835843399,0.14487676702202798,0.024438973510577618,0.9931201440723324,0.00473777702177516,0.45536806749987874,0.02199811989087811,2.1520578211200485,0.24306439743807295,100000.0,0.0,3.0,1.5811388300841898,686.8,803.9674744664737
Accumulate + Select,0,1.0,0.0,1.5118550063439801e-32,2.1200735109849445e-32,68.11120862765388,16.448896182970266,136.18331314019585,33.80205944998734,0.998391989990427,0.015365964026088405,0.07337215621168802,0.011820216883906836,1.0,0.0,0.5,0.0,1.799999999999379,1.358355034952072e-13,,,3.0,1.5811388300841898,686.8,803.9674744664737
Accumulate + Select,1,1.0,0.0,2.8752147470072145,2.245427690011177,42.80770127625804,15.455650690388453,85.72824065914675,31.12657517686557,0.6367446587491653,0.21636155187739795,0.6423960812700945,0.2297555392712329,0.6251358183867909,0.2251062175081664,0.18045184932375954,0.1243141203181674,1.6348592184508832,0.48566473877022187,500.0,0.0,3.0,1.5811388300841898,686.8,803.9674744664737
Accumulate + Select,2,1.0,0.0,4.375181392747593,3.041425362608839,34.57854993002742,15.100168962087173,69.25820900574072,29.805544651730685,0.519465903969259,0.23863531115860312,0.8431786791869011,0.26955828610336985,0.7309766357977223,0.3569256288608957,0.2803376837523478,0.19233132205290634,1.420856299444297,0.6671830559752233,1000.0,0.0,3.0,1.5811388300841898,686.8,803.9674744664737
Accumulate + Select,3,1.0,0.0,5.615329306632365,3.747209979566708,29.514243480049846,13.93668228820128,59.28318994481201,27.749845909927693,0.44677621268916107,0.22846446915926816,0.9810476880434862,0.3026134106271143,0.6825146845120168,0.3545881290005771,0.23510833356109556,0.16567548857024197,1.5314914404900302,0.7074670364527091,1500.0,0.0,3.0,1.5811388300841898,686.8,803.9674744664737
Accumulate + Select,4,1.0,0.0,6.7181269309468234,4.390502670810763,26.315437768789906,13.149463872756233,53.05514550797661,26.329306765842656,0.4025674213853999,0.22272763641316112,1.086276707840785,0.30948270140224304,0.6375473511703769,0.3564226652153104,0.21475316912387274,0.1713787584070519,1.5620727188656565,0.7404430373735429,2000.0,0.0,3.0,1.5811388300841898,686.8,803.9674744664737
Accumulate + Select,5,1.0,0.0,7.8217889942051375,5.059690926107953,24.04387258150172,12.604186222500784,47.9608517050802,25.11595647461052,0.36688671727250527,0.21784214104275126,1.1977536877996995,0.34602209090068453,0.6995180787748747,0.34003191646841224,0.23569099718366213,0.1494247336268123,1.4234519273620276,0.8221508780315615,2500.0,0.0,3.0,1.5811388300841898,686.8,803.9674744664737
Accumulate + Select,6,1.0,0.0,8.920441436018708,5.690425882662798,22.343688541599487,12.327073213521516,44.786873513763716,24.953317938559465,0.34294117826781567,0.2172336682611469,1.250743706073082,0.3353619819803074,0.6696084748575417,0.33639973135844087,0.21438076693040173,0.1369345599269064,1.534384532014945,0.8551034463899245,3000.0,0.0,3.0,1.5811388300841898,686.8,803.9674744664737
Accumulate + Select,7,1.0,0.0,9.961844894769005,6.299667104377417,20.99387770258977,12.09022633012747,41.78143398083377,23.876661759174574,0.32102429499222496,0.20948465665155908,1.3156730015365903,0.36128390096543833,0.7912838792306787,0.15671219927178512,0.25121515588336285,0.08022274483863917,1.4780711222454246,0.6709742254628411,3500.0,0.0,3.0,1.5811388300841898,686.8,803.9674744664737
Accumulate + Select,8,1.0,0.0,10.907974877162378,6.849254036737694,19.838316089804927,11.936602061596322,39.880074145029745,24.169270221140167,0.30793819615766,0.21365737005759614,1.3573761165405527,0.3451537283415006,0.7953733807163521,0.186345876127523,0.25797010695029277,0.08977785955441434,1.5709479762334655,0.7099708614704229,4000.0,0.0,3.0,1.5811388300841898,686.8,803.9674744664737
Accumulate + Select,9,1.0,0.0,11.815336355519111,7.3740395579379445,18.879628186430523,11.860217908919553,37.49107069296695,23.691206990448546,0.2902986701208095,0.21021432589180383,1.410052734143917,0.37642127158974986,0.8050105082671871,0.22011970973776357,0.2733299894304181,0.10977151939088353,1.6657896117701694,0.7650488160634409,4500.0,0.0,3.0,1.5811388300841898,686.8,803.9674744664737
Accumulate + Select,10,1.0,0.0,12.677221573681969,7.8905278403684465,18.065450654389497,11.867758498551344,36.254411981906046,23.611409728007462,0.28110176971282985,0.20982889052421086,1.4573135905550163,0.3786002428876808,0.8045324647669659,0.24705604440209708,0.2836544831607212,0.1296416538580203,1.740047112390967,0.8217801773252208,5000.0,0.0,3.0,1.5811388300841898,686.8,803.9674744664737
Accumulate + Select,11,1.0,0.0,13.493421720765204,8.368005538743711,17.308195104840898,11.811029656844275,34.61945872602632,23.583856094224636,0.26963172788964757,0.21084293034508383,1.497896019015783,0.3687845051309753,0.8011441266224143,0.2666763760355321,0.2894930856398381,0.14250823184143557,1.790404813679349,0.8789734225096386,5500.0,0.0,3.0,1.5811388300841898,686.8,803.9674744664737
Accumulate + Select,12,1.0,0.0,14.260893535923651,8.790834015320089,16.70473164778221,11.922708506242818,33.48896058182246,24.09612642196538,0.261779344145156,0.21599944134245247,1.5532977285089886,0.3578524109807157,0.7988710467850211,0.2825356954623674,0.2929157464297296,0.1488367822342247,1.8196187898665177,0.9380530552217138,6000.0,0.0,3.0,1.5811388300841898,686.8,803.9674744664737
Accumulate + Select,13,1.0,0.0,14.965284266330638,9.17544591935931,16.158098818543085,12.023250658078288,32.11177404183824,23.73678875794891,0.251020167216682,0.21235851549621332,1.5948902790127542,0.2591479475973604,0.7955996026955656,0.2965598811930963,0.29752977397579905,0.15815806089084186,1.8287206657136026,0.9941464611725936,6500.0,0.0,3.0,1.5811388300841898,686.8,803.9674744664737
Accumulate + Select,14,1.0,0.0,15.63747674022424,9.517561374349008,15.667225034467815,12.127918109359843,31.485829127044802,24.197408805718837,0.24645559810614825,0.2163682986335667,1.6142411829260639,0.35901598510687893,0.789683715108838,0.3066263316725341,0.2971729987301218,0.16290631611808437,1.8485697975774715,1.0506503519296801,7000.0,0.0,3.0,1.5811388300841898,686.8,803.9674744664737
Accumulate + Select,15,1.0,0.0,16.27820483843754,9.82238646243261,15.217889622672468,12.225069933487774,30.474420681243952,24.01349045245909,0.23933004491848142,0.21515760720739613,1.6184070206028942,0.31106212294100366,0.7829203407512877,0.31400270602435254,0.29382894021107403,0.16428874055185477,1.8708638874320282,1.1030235948758027,7500.0,0.0,3.0,1.5811388300841898,686.8,803.9674744664737
Accumulate + Select,16,1.0,0.0,16.893117151538338,10.107039913601133,14.820417739396547,12.342999706867634,29.767422066376525,25.00393564964606,0.2341072563553684,0.2235114749332136,1.6638424996848251,0.28870083301107824,0.7763729378979016,0.31991453901101313,0.2893499290831218,0.16371302981277214,1.892484311566078,1.1588379149721135,8000.0,0.0,3.0,1.5811388300841898,686.8,803.9674744664737
Accumulate + Select,17,1.0,0.0,17.479862999593045,10.377515490554375,14.498049090330673,12.537124291963522,28.837776655533908,24.98417934908764,0.2278715727084693,0.22377143969510363,1.696696658097902,0.28254285492438336,0.7703812004138679,0.32518798158476075,0.28516330255084765,0.1628785977018825,1.9124016599250997,1.217471077059783,8500.0,0.0,3.0,1.5811388300841898,686.8,803.9674744664737
Accumulate + Select,18,1.0,0.0,18.052629176792102,10.63290336322978,14.220060209217081,12.758213244256588,28.295687151160223,25.746292304006335,0.22424373888555715,0.2304453500553951,1.728079991476997,0.391160243510577,0.7658850668353366,0.33010896438239307,0.2816513307720955,0.16130605955571087,1.9312395944277896,1.2775977601519493,9000.0,0.0,3.0,1.5811388300841898,686.8,803.9674744664737
Accumulate + Select,19,1.0,0.0,18.62564182501907,10.888054200562316,13.965101489497124,12.962619652429847,28.20624353599208,26.195101022083144,0.22374816018649685,0.23422933265937584,1.6844291972435097,0.34688303242922497,0.7622383184341045,0.3346582311379421,0.2793431687613168,0.16073992461339032,1.9466038220998125,1.342100097083938,9500.0,0.0,3.0,1.5811388300841898,686.8,803.9674744664737
Accumulate + Select,20,1.0,0.0,19.177348109753826,11.145516833439345,13.729197328760332,13.153344138352619,27.287050054481746,26.265243171003068,0.21681693170015776,0.23459179424044935,1.7222673539351625,0.3416172065970532,0.7579745299469358,0.3376886170482913,0.27609159423421786,0.15949314060928707,1.960199841084202,1.406160754429923,10000.0,0.0,3.0,1.5811388300841898,686.8,803.9674744664737
Accumulate + Select,21,1.0,0.0,19.713104331151776,11.416047164318023,13.529812940435301,13.370747144874878,26.894740490145978,26.811545989284973,0.2144872110531924,0.23934276850133127,1.8284388853789935,0.31917108689260454,0.7542452435603911,0.3405533962362683,0.2736084620859526,0.1589083379868639,1.9724476254826662,1.4770404533592811,10500.0,0.0,3.0,1.5811388300841898,686.8,803.9674744664737
Accumulate + Select,22,1.0,0.0,20.255607598028956,11.70709320086549,13.358638169460496,13.606313671411227,26.824668129390005,26.926274421920755,0.2139181415484805,0.24032246259833903,1.8304800124716845,0.20970263830145833,0.7492651835925459,0.34217362498997117,0.2697319131682797,0.1574785974995611,1.9881895826596871,1.5507822467020043,11000.0,0.0,3.0,1.5811388300841898,686.8,803.9674744664737
Accumulate + Select,23,1.0,0.0,20.780377025517716,12.013186284206691,13.20106074680167,13.83140442115019,26.38951935316166,27.649260127906672,0.21124757168010655,0.2465364250322425,1.7626936057724496,0.3428371466783492,0.7448666577657702,0.34390470334860634,0.2666332563005442,0.15663571875100965,2.002605557068296,1.6262776032318762,11500.0,0.0,3.0,1.5811388300841898,686.8,803.9674744664737
Accumulate + Select,24,1.0,0.0,21.327226947536353,12.364420952211757,13.086594578817932,14.112704785166281,25.690234067795622,27.532619943628667,0.20597566856163246,0.2453114069259037,1.821548667397704,0.34196801349893435,0.7395992142259571,0.34469388908727444,0.26238433603273437,0.15474279633824906,2.0216829913272805,1.7027535994938703,12000.0,0.0,3.0,1.5811388300841898,686.8,803.9674744664737
Accumulate + Select,25,1.0,0.0,21.823291954129115,12.709312372941925,12.936238909680847,14.279871527668444,26.068545127647145,28.959382401244323,0.20956757473903762,0.25782381693820006,1.8823530183337465,0.33101870701850494,0.734480368182187,0.34474031806464095,0.25811500177599295,0.1526003668707928,2.0395321915190654,1.7758565663527115,12500.0,0.0,3.0,1.5811388300841898,686.8,803.9674744664737
Accumulate + Select,26,1.0,0.0,22.300640033617775,13.064028398810787,12.777642845113954,14.397237659227704,25.58036115778271,28.922905451638947,0.2058810735720113,0.2572772223446768,1.8701242122296784,0.3018176696225232,0.7300865916872642,0.3445342552068099,0.25440312252431,0.1505555305610339,2.0560272871803256,1.8476837854797599,13000.0,0.0,3.0,1.5811388300841898,686.8,803.9674744664737
Accumulate + Select,27,1.0,0.0,22.751439566637025,13.42104907076204,12.615470784371903,14.479915491194534,25.02500569359312,29.012647305959305,0.20150390765974988,0.2577247547387547,1.8350361449415356,0.31914239650986553,0.7262502546840153,0.34406569749849725,0.25106445559434415,0.14849518536994682,2.0689573533168857,1.9138299592405146,13500.0,0.0,3.0,1.5811388300841898,686.8,803.9674744664737
Accumulate + Select,28,1.0,0.0,23.17486934879391,13.772737138601787,12.456233540386396,14.541763173394875,24.799404292780267,28.63728428693165,0.19983366326820035,0.2545499127610666,1.8662307720592444,0.3628814444440092,0.7227695149214817,0.34341193503820233,0.24797953095331654,0.14643718927569976,2.079818491582718,1.9756077590076833,14000.0,0.0,3.0,1.5811388300841898,686.8,803.9674744664737
Accumulate + Select,29,1.0,0.0,23.555527338108462,14.098991631597363,12.280902072026606,14.543831359635098,24.799229049116576,29.49150989675165,0.20038176823958898,0.2618641052700821,1.8846830500032734,0.3226813585644768,0.7194431128108651,0.3426415526684659,0.2450552757316765,0.1444438428250996,2.0876630991334832,2.031202265661353,14500.0,0.0,3.0,1.5811388300841898,686.8,803.9674744664737
Accumulate + Select,30,1.0,0.0,23.9027266381198,14.402936843157526,12.100948398363801,14.513166298476081,24.17807733526983,28.991237263563455,0.1955353194932293,0.2573377453961413,1.9173520308643568,0.303343632154781,0.7162020298906351,0.341787239135863,0.2422553770032204,0.14253130174997544,2.0930904955503222,2.0802712764136344,15000.0,0.0,3.0,1.5811388300841898,686.8,803.9674744664737
Accumulate + Select,31,1.0,0.0,24.236496442617113,14.703291885723065,11.928745262684018,14.479100626588005,23.834042026242695,29.32476376471465,0.19349395778311887,0.26014342692458403,1.8901256160734536,0.30071607946659606,0.713126176501938,0.34080306323498055,0.23960012917487386,0.14066542303313836,2.0968342144893892,2.124198280033247,15500.0,0.0,3.0,1.5811388300841898,686.8,803.9674744664737
Accumulate + Select,32,1.0,0.0,24.543421476120145,14.983866549534614,11.754010252818386,14.42184001957059,23.410705682612313,28.919931096056008,0.18973420344643926,0.25642362845337147,2.0076007866222283,0.3158674134023587,0.7101526181479432,0.3397733580583148,0.2370640714502573,0.1388609647500134,2.099361069629103,2.16547517518996,16000.0,0.0,3.0,1.5811388300841898,686.8,803.9674744664737
Accumulate + Select,33,1.0,0.0,24.82264359820161,15.241295579691176,11.585736400354067,14.360964882696383,23.773323928718703,29.665940956004604,0.1927057631186637,0.2629559675310149,1.899072109525657,0.28697678153786976,0.7072637557186445,0.3386385415796259,0.2346100723857866,0.1370783124684404,2.1001112525390058,2.201929446078399,16500.0,0.0,3.0,1.5811388300841898,686.8,803.9674744664737
Accumulate + Select,34,1.0,0.0,25.09838495990612,15.503265708204728,11.421720546325163,14.292737671511262,23.08611642868321,28.854668502478372,0.18773213938223365,0.2557980727547105,1.9579304695422934,0.2951505461536798,0.704409661443023,0.33743927898090886,0.23223253793310977,0.1353707441273812,2.100798222404758,2.237661451173069,17000.0,0.0,3.0,1.5811388300841898,686.8,803.9674744664737
Accumulate + Select,35,1.0,0.0,25.356584512397433,15.751108326590163,11.261220237435627,14.217797524892967,22.577183774304935,28.661637398377774,0.18375358626190005,0.25391338674131564,1.9179819812472005,0.2636466620710019,0.7017390583633334,0.3360498570396044,0.22998349299832857,0.13370809453376709,2.100694367010388,2.2709559294660617,17500.0,0.0,3.0,1.5811388300841898,686.8,803.9674744664737
Accumulate + Select,36,1.0,0.0,25.592227335289866,15.976427195590274,11.107004549622834,14.142365914301946,21.970743596892763,28.01018292709065,0.17876974651251426,0.24811996334475128,1.9514895947827697,0.3093337295329132,0.6995163008751782,0.3340505564116815,0.2279224942499162,0.13200444784232898,2.100998051481014,2.304469038290319,18000.0,0.0,3.0,1.5811388300841898,686.8,803.9674744664737
Accumulate + Select,37,1.0,0.0,25.81384685846004,16.189691003757762,10.948934986002723,14.045570635908526,21.781078387265676,28.094404778694997,0.1775128078553942,0.2487791238014295,2.057217403470541,0.2892159817631472,0.8697520279754952,0.11776262038854396,0.3109828996611231,0.09420985275600706,1.7384058720901485,1.5684041789223253,18500.0,0.0,3.0,1.5811388300841898,686.8,803.9674744664737
Accumulate + Select,38,1.0,0.0,26.002906990878596,16.365407271368298,10.779667844235021,13.91272368768813,21.966957964743084,28.743000219305063,0.179033697605794,0.25437609591184346,1.9498427976866217,0.25741363189985755,0.8677133453898243,0.11765583720989788,0.3095965571724536,0.09512364113002897,1.7083722901675729,1.5357198722812972,19000.0,0.0,3.0,1.5811388300841898,686.8,803.9674744664737
Accumulate + Select,39,1.0,0.0,26.175190648686065,16.523520137962894,10.610051491746619,13.76770325813441,21.437842834492685,27.763312738824183,0.17430999467767658,0.24572044930558676,2.0546335966307203,0.30985710717081155,0.8655560376793598,0.11793481847073765,0.3082986121276684,0.09642914951132806,1.6785011779228571,1.5019997581179647,19500.0,0.0,3.0,1.5811388300841898,686.8,803.9674744664737
Accumulate + Select,40,1.0,0.0,26.338216488497515,16.673232402313037,10.448780465546324,13.630685072319439,21.191438810478367,27.601563387391636,0.1726124896634365,0.24429797127405234,2.009356110286803,0.275760568603661,0.863236697584006,0.11856985514711335,0.30707330059002363,0.09816791629086834,1.6503113630246538,1.470252103893472,20000.0,0.0,3.0,1.5811388300841898,686.8,803.9674744664737
Accumulate + Select,41,1.0,0.0,26.485633603688598,16.806725193631557,10.282395343023673,13.47325380248129,20.816510771538137,27.07099872315435,0.16934225539886733,0.23960501528907066,1.986272981067481,0.23181008194673772,0.8607817260395944,0.11940584263823331,0.30588705649468967,0.10020024582426545,1.6224386143228107,1.4380058469053192,20500.0,0.0,3.0,1.5811388300841898,686.8,803.9674744664737
Accumulate + Select,42,1.0,0.0,26.619257044223637,16.923268864733906,10.123883259833624,13.323115594418374,20.25995113266556,26.806696590798065,0.1652179041805584,0.23713140050953016,1.9534049724674627,0.2936014294316263,0.858277784832979,0.1202654294911905,0.304774979465742,0.10243957531839143,1.5958446494218226,1.4064775855188865,21000.0,0.0,3.0,1.5811388300841898,686.8,803.9674744664737
Accumulate + Select,43,1.0,0.0,26.74678202613568,17.035226610296597,9.973487677818195,13.182344422730106,20.06167994058371,26.609336880126534,0.16411493477391106,0.23536887529422343,2.027427479641549,0.1868385074149216,0.8557638179707304,0.1210718582076276,0.30374782828723224,0.10483300148293533,1.57107186598331,1.3776570097162923,21500.0,0.0,3.0,1.5811388300841898,686.8,803.9674744664737
Accumulate + Select,44,1.0,0.0,26.870040225672426,17.143910401172477,9.82398654160436,13.035946016317107,19.483458104806854,25.602143778118407,0.15870904486121304,0.2265402335439703,2.033110144897197,0.27484783487013487,0.8532815278866327,0.12182193749781346,0.3027755465704959,0.10722610750960798,1.5474047358964027,1.350422569144563,22000.0,0.0,3.0,1.5811388300841898,686.8,803.9674744664737
Accumulate + Select,45,1.0,0.0,26.98234197405258,17.239739714435117,9.68124438605805,12.896953360015898,19.373645577769672,25.882936196543238,0.15818353031139182,0.22887747498994263,2.0532967677116405,0.29300570024702344,0.8508064335877158,0.12254938365500419,0.30180523968503187,0.10954312034111051,1.5240849730503354,1.3234290168994236,22500.0,0.0,3.0,1.5811388300841898,686.8,803.9674744664737
Accumulate + Select,46,1.0,0.0,27.083795257121334,17.32378774715767,9.54233644432976,12.759247371938812,19.128427707170452,25.338880548408493,0.15610471343524943,0.22414714776621164,2.0419828054058824,0.29383051281020045,0.8482774164094344,0.12334402002138696,0.3007841523875318,0.11177267313370229,1.5013461547402631,1.2969460024886619,23000.0,0.0,3.0,1.5811388300841898,686.8,803.9674744664737
Accumulate + Select,47,1.0,0.0,27.184191725775623,17.408132680616536,9.408765575625,12.626635557622267,18.58489607140482,24.837949964537113,0.1515965738675827,0.21961109464703885,2.0819568681378664,0.2439328726885575,0.8457112060748242,0.12420832524789172,0.299713275875991,0.1138901441391146,1.479767955227931,1.271920614158178,23500.0,0.0,3.0,1.5811388300841898,686.8,803.9674744664737
Accumulate + Select,48,1.0,0.0,27.277000147702978,17.484929469864703,9.2791649535721,12.496830584023373,18.762752014238057,25.294742695856687,0.15315534273575643,0.2236045715417474,2.005574698692245,0.41004904346630133,0.8429199094969807,0.12513230162870653,0.29844197196629935,0.11589828055206858,1.459055987351548,1.2471967903899486,24000.0,0.0,3.0,1.5811388300841898,686.8,803.9674744664737
Accumulate + Select,49,1.0,0.0,27.36566581621442,17.557228480706737,9.151893280538747,12.3661334497439,18.30486229574931,24.77053936511398,0.14979560076771894,0.21894409731613226,2.0434323989982883,0.29907108310654545,0.8402196318637298,0.1266125132837005,0.29724081916861794,0.1177912921612137,1.4383520821517743,1.2234980627052559,24500.0,0.0,3.0,1.5811388300841898,686.8,803.9674744664737
Accumulate + Select,50,1.0,0.0,27.45218004687319,17.62888031363401,9.026853424409119,12.234837939499668,18.12225333427672,24.781033492805886,0.1483911532058166,0.21892253137162088,2.112428064204017,0.32723897612472524,0.8376974970370743,0.1270977227099112,0.29593468582259613,0.11920173365322423,1.4188763713683892,1.2003864381521057,25000.0,0.0,3.0,1.5811388300841898,686.8,803.9674744664737
Accumulate + Select,51,1.0,0.0,27.5394101181962,17.70349462563874,8.90538753363729,12.106361934394851,17.95390469638694,24.480384526981485,0.1470364466105253,0.21628915109148958,2.035869603577578,0.30184800572926884,0.8348654604145944,0.12842366273070882,0.29439964971702287,0.12051931189675122,1.400052323337147,1.1783976578852258,25500.0,0.0,3.0,1.5811388300841898,686.8,803.9674744664737
Accumulate + Select,52,1.0,0.0,27.61612186851558,17.764859548496588,8.788586440790867,11.982793967613166,17.635575543362805,24.17397681480023,0.1443006785529775,0.21354575301054682,2.075230972043816,0.2466262699634506,0.8319602782778812,0.12941104926848182,0.2926373515352011,0.12145758544740957,1.3817455215115968,1.1555541321610325,26000.0,0.0,3.0,1.5811388300841898,686.8,803.9674744664737
Accumulate + Select,53,1.0,0.0,27.691963421391637,17.826361309149686,8.675087267104699,11.861779188281659,17.594182710207754,24.208646915258804,0.14407851590376863,0.21383501687241702,2.0820484463579323,0.31531293251429876,0.8293938380020158,0.13042954716079416,0.2909818668434733,0.12202281524209764,1.3630641831481796,1.1332116520090427,26500.0,0.0,3.0,1.5811388300841898,686.8,803.9674744664737
Accumulate + Select,54,1.0,0.0,27.761961146355628,17.88140242584991,8.563252633524936,11.739868926988896,17.169013855402515,23.66055684809354,0.14082145760353418,0.20897233446599922,2.1525160138831567,0.34150839040933695,0.8264702706616205,0.13135577225133788,0.28888599646384117,0.1221906201210628,1.3458505500292688,1.1110216129183228,27000.0,0.0,3.0,1.5811388300841898,686.8,803.9674744664737
Accumulate + Select,55,1.0,0.0,27.833937040715917,17.940267980823354,8.454417915032765,11.620244062836065,16.880775176045987,23.155699375209824,0.13821653593157285,0.2045513200374545,2.065490339841963,0.3272088442043439,0.8240585987048543,0.13241569491670965,0.2869650606900643,0.12184228056790944,1.3275075585462346,1.0895739979720704,27500.0,0.0,3.0,1.5811388300841898,686.8,803.9674744664737
Accumulate + Select,56,1.0,0.0,27.90217346909024,17.995298708491013,8.34813370814496,11.50233525860602,16.39791561496868,22.702589816363805,0.1343415546885279,0.20046836511986876,2.0717425854554614,0.32636106591506325,0.8211443222103207,0.13333309267504004,0.2844794731864951,0.12103075458160621,1.3113248072581574,1.0688398583691678,28000.0,0.0,3.0,1.5811388300841898,686.8,803.9674744664737
Accumulate + Select,57,1.0,0.0,27.965952994303343,18.045647427535275,8.241884099749761,11.380663568068636,16.33361695310068,22.545644543360776,0.1338724683460757,0.19911712063340925,2.102295715294482,0.24365106724269892,0.8183716370023115,0.13423520161604593,0.2818656053527924,0.11961704496801721,1.2947166400542378,1.0481716851372764,28500.0,0.0,3.0,1.5811388300841898,686.8,803.9674744664737
Accumulate + Select,58,1.0,0.0,28.02834090393382,18.095530792578547,8.139777507516627,11.264620046291286,16.22799900310377,22.58630333671641,0.13306490270509563,0.19940511584668968,2.079940522284837,0.3372369051051118,0.8154586586772818,0.13476766250538305,0.278167820343182,0.11581529767784514,1.2766692223050373,1.0247025658449112,29000.0,0.0,3.0,1.5811388300841898,686.8,803.9674744664737
Accumulate + Select,59,1.0,0.0,28.086773954764578,18.140502877780662,8.039589590745525,11.149271688653888,16.447518059093007,22.784977647865507,0.1348324234489346,0.20120741521830962,2.114554475481987,0.3313585070475007,0.8127144185017243,0.13548889151991203,0.27564237664665603,0.11432662317785812,1.2650886903767438,1.0136082804344502,29500.0,0.0,3.0,1.5811388300841898,686.8,803.9674744664737
Accumulate + Select,60,1.0,0.0,28.142686950667162,18.184233819816825,7.94218119878777,11.036736943687712,16.043022284850366,22.537063258326352,0.13155507292566407,0.19892377517950066,2.083390476616207,0.3494138114869659,0.8097844435521637,0.13578823002680762,0.2723802677656664,0.11124074375323068,1.254357706601109,1.0041980332815366,30000.0,0.0,3.0,1.5811388300841898,686.8,803.9674744664737
Accumulate + Select,61,1.0,0.0,28.196626676863524,18.225936259466582,7.845583833099141,10.92295758175989,15.89125560850847,22.185643728203736,0.1303571226235793,0.1958481288408177,2.066638933174122,0.282477459991464,0.8072166518460643,0.13658123704197822,0.2705277249203061,0.11093937207497588,1.2479862510306157,1.0030880398577622,30500.0,0.0,3.0,1.5811388300841898,686.8,803.9674744664737
Accumulate + Select,62,1.0,0.0,28.248793807807612,18.266567936715237,7.751469030242738,10.811627113222656,15.378380510617024,21.16685450642631,0.12586013723397324,0.1869820420722887,2.061284785001119,0.2798524432998794,0.8047875801303052,0.13745368468533045,0.2689950318403177,0.1111714081661441,1.2428075527147735,1.0042368446632552,31000.0,0.0,3.0,1.5811388300841898,686.8,803.9674744664737
Accumulate + Select,63,1.0,0.0,28.298940705568764,18.304995220711902,7.658473571250639,10.69982264391565,15.409019918082326,21.734644358181512,0.12648659212906352,0.19179060220602276,2.1305091992442504,0.21453409369317675,0.8025123207318895,0.1384620975676794,0.2678594131826868,0.11211853714790797,1.2382961340849759,1.0064649894457356,31500.0,0.0,3.0,1.5811388300841898,686.8,803.9674744664737
Accumulate + Select,64,1.0,0.0,28.350563104546836,18.34712744408857,7.56759382262854,10.59002479612199,15.086017145478241,21.111524376106857,0.12373794525543828,0.18637288941336788,2.0514051995951705,0.2104747791499493,0.8003693467897192,0.1395868319270437,0.2670721446086324,0.11369273337080094,1.2340688307021201,1.009215250928315,32000.0,0.0,3.0,1.5811388300841898,686.8,803.9674744664737
Accumulate + Select,65,1.0,0.0,28.40235054548695,18.389405796924688,7.479632209918106,10.483888677896184,14.982701643297867,20.741365440296143,0.1226358729412225,0.18317019154202419,2.166281381007747,0.26372701491324824,0.7983764145415216,0.14089101006603247,0.2668122595262926,0.11629120147216346,1.2311105551832138,1.0140801510059287,32500.0,0.0,3.0,1.5811388300841898,686.8,803.9674744664737
Accumulate + Select,66,1.0,0.0,28.449582652871307,18.42651360732316,7.393394608234968,10.37901342049651,14.882972651243088,21.136034969936148,0.12204903849223267,0.18649512176613828,2.1490966202052837,0.34670867840869696,0.796308876519467,0.14200048611928462,0.266202127480847,0.11810643450437447,1.2274220998275793,1.0174089536568542,33000.0,0.0,3.0,1.5811388300841898,686.8,803.9674744664737
Accumulate + Select,67,1.0,0.0,28.494024722462704,18.46041200197009,7.309176163220703,10.276217564309867,14.710269871553134,20.829132605044492,0.12072878573760451,0.18377212763037312,2.145068983385408,0.2481930559768022,0.794370689856535,0.1432256640982966,0.26608269293921405,0.12085757079873717,1.2242798066369307,1.0216733331683774,33500.0,0.0,3.0,1.5811388300841898,686.8,803.9674744664737
Accumulate + Select,68,1.0,0.0,28.540984758156306,18.498538716996674,7.226665405917187,10.17488852054579,14.515808989054824,20.86619442124234,0.11919267564623375,0.1840377830851319,2.1577011141971285,0.3122460338864977,0.7924398353817906,0.1443375118608994,0.26589277182086113,0.12337545996557786,1.2211610883277235,1.025951087244369,34000.0,0.0,3.0,1.5811388300841898,686.8,803.9674744664737
Accumulate + Select,69,1.0,0.0,28.583166723559533,18.531955178038483,7.145255553614305,10.073881560290578,14.11977578458434,20.208931888889218,0.11622315678672586,0.17822761398951162,2.1797394310021394,0.24712102531118826,0.7905147774263641,0.14538982206076195,0.26570236497488203,0.12583416512037168,1.217415309849558,1.02908817845035,34500.0,0.0,3.0,1.5811388300841898,686.8,803.9674744664737
Accumulate + Select,70,1.0,0.0,28.625347020226144,18.565034261914953,7.065722647687222,9.974772824049783,14.012415274553726,19.67609309932291,0.11512266462350167,0.1736703540569964,2.09273584562464,0.3447643339317238,0.7886071243295534,0.14639038180991418,0.2655341680011122,0.12827073192573157,1.2138660603015097,1.0322753100492497,35000.0,0.0,3.0,1.5811388300841898,686.8,803.9674744664737
Accumulate + Select,71,1.0,0.0,28.666625397951197,18.597233994468613,6.988682493267826,9.879067985799296,13.928686200820838,19.570838165207505,0.11431206120301793,0.17273185697208002,2.155266765415957,0.3196801065257227,0.786712398338239,0.1473378553249434,0.26538452003705426,0.13068527376523165,1.2104923840424284,1.0355952276951506,35500.0,0.0,3.0,1.5811388300841898,686.8,803.9674744664737
Accumulate + Select,72,1.0,0.0,28.70662692663933,18.6295573010864,6.912866623875367,9.7842557838189,13.852075606546268,19.434605833437644,0.1136075213209563,0.17153399368580016,2.183982579846643,0.31249428440467814,0.7848251090427084,0.14824679929051957,0.2652463046532696,0.13307010779687461,1.2068948631909453,1.038625195582002,36000.0,0.0,3.0,1.5811388300841898,686.8,803.9674744664737
Accumulate + Select,73,1.0,0.0,28.745108101197367,18.660149967082795,6.838525721096484,9.690687971863705,13.751614473858101,19.534516733652467,0.11274638649039301,0.17237353108441691,2.177225922721944,0.2782670652814592,0.7829285091628349,0.14912376389552837,0.2651064632857193,0.135421992008033,1.203256400840319,1.041261784667683,36500.0,0.0,3.0,1.5811388300841898,686.8,803.9674744664737
Accumulate + Select,74,1.0,0.0,28.783124661584587,18.690113154408863,6.765322418830978,9.597860520707819,13.59458120092898,19.340342977231323,0.11166347104292851,0.17062891523338766,2.2015437759172327,0.34987129455404925,0.7810290165141593,0.14997797569482715,0.26491380421615934,0.13762343502875427,1.1998057706581702,1.0440119851718486,37000.0,0.0,3.0,1.5811388300841898,686.8,803.9674744664737
Accumulate + Select,75,1.0,0.0,28.82046983593157,18.719972356390798,6.693522242945531,9.506403665050243,13.396351989205431,18.79661547994445,0.1098278476428973,0.16590746362556072,2.1380831781560206,0.2997145669116002,0.7791396682225218,0.15079535764969754,0.2630894487992253,0.1362871386298084,1.1961563626861529,1.0462708683198565,37500.0,0.0,3.0,1.5811388300841898,686.8,803.9674744664737
Accumulate + Select,76,1.0,0.0,28.855833348536727,18.747947859498094,6.623207180268904,9.416485539987923,13.00745861352458,18.557660516635085,0.1069437630504014,0.1636893338345625,2.101036566389092,0.4307290738880248,0.7772398471806019,0.15159429533095906,0.2612963065845196,0.1349890158098141,1.1924042676543563,1.04820783569569,38000.0,0.0,3.0,1.5811388300841898,686.8,803.9674744664737
Accumulate + Select,77,1.0,0.0,28.892474647924274,18.7778121405904,6.555108931395549,9.329881068327662,13.26544768860548,18.917352870513255,0.10900713680087415,0.16686522883991023,2.154504310953406,0.29550158459286247,0.7753330476591836,0.152382296599329,0.259533531573002,0.13372401933055997,1.1888505824830444,1.0502914663341327,38500.0,0.0,3.0,1.5811388300841898,686.8,803.9674744664737
Accumulate + Select,78,1.0,0.0,28.92749907716613,18.805518442510323,6.48758457603733,9.24294846071085,13.168376473325704,19.018765690067724,0.1083416734195374,0.16767392936245626,2.2266692724128267,0.3308600586779035,0.7734290118657362,0.15314876602301813,0.257812111609203,0.13250662840310154,1.1851605020269391,1.0518973655959498,39000.0,0.0,3.0,1.5811388300841898,686.8,803.9674744664737
Accumulate + Select,79,1.0,0.0,28.96276300748979,18.83470911521165,6.421684703192488,9.158183481389136,12.979842327445118,18.7940500056177,0.10669128298238013,0.1656935577330871,2.1193533111016096,0.3050442209264223,0.7715209189188329,0.1538953571856864,0.256125278113286,0.13133439568464272,1.18149654673199,1.0535187293646457,39500.0,0.0,3.0,1.5811388300841898,686.8,803.9674744664737
Accumulate + Select,80,1.0,0.0,28.995623186668382,18.861463146837032,6.35739887920635,9.075538050016432,12.504663312800494,17.621689215972005,0.10251765619411399,0.15550248809530853,2.1199781581854085,0.288056216587436,0.7696120082039506,0.1546219094700174,0.25447544057502824,0.13021115162683747,1.1779438557866668,1.0552532984035434,40000.0,0.0,3.0,1.5811388300841898,686.8,803.9674744664737
Accumulate + Select,81,1.0,0.0,29.02713679998879,18.88641529732514,6.294223213382028,8.993880919793732,12.73560531476553,18.35791264967073,0.10467208034501085,0.16188825803996731,2.2264385619835627,0.28259304505036753,0.7677035966794385,0.15532673494398685,0.2528644046430206,0.1291425347712866,1.1742818706985423,1.0566038287718866,40500.0,0.0,3.0,1.5811388300841898,686.8,803.9674744664737
Accumulate + Select,82,1.0,0.0,29.058548594753937,18.911663270820377,6.232154663204261,8.91334853604344,12.480956376887864,17.888079673982855,0.10255007311418,0.15778274528545908,2.1605613926692953,0.30073625924182273,0.76580385821575,0.1560154374182421,0.2512946281332008,0.12812487516175766,1.1707064088615247,1.0578668414550427,41000.0,0.0,3.0,1.5811388300841898,686.8,803.9674744664737
Accumulate + Select,83,1.0,0.0,29.089657173682987,18.93680025009712,6.1716215733702136,8.834888319405119,12.604653878538194,17.7977100907386,0.10337267168665806,0.1570517178541402,2.1874003704583496,0.30903004318989785,0.7639110163974575,0.15667788469734373,0.2497566950886787,0.12714202338821992,1.1672516533950463,1.0592427620716653,41500.0,0.0,3.0,1.5811388300841898,686.8,803.9674744664737
Accumulate + Select,84,1.0,0.0,29.120573531118133,18.962435912369518,6.111926843223297,8.757075360568706,12.25344124554726,17.503729884080972,0.10060236078804512,0.15439054635715016,2.2041758049190157,0.2783723385873779,0.7620305112722859,0.15731444741885794,0.248254653477326,0.12619813521383774,1.1636119262133007,1.0601417703681753,42000.0,0.0,3.0,1.5811388300841898,686.8,803.9674744664737
Accumulate + Select,85,1.0,0.0,29.151532514226517,18.98860292404515,6.053149438812887,8.680031588705399,12.33751284693344,17.80876472409085,0.1014032953279023,0.15703737193070813,2.1144361833110414,0.25679254844378646,0.7601618751455591,0.15792271124848664,0.2467864926838088,0.1252917252307153,1.1598383370917313,1.0606882073038462,42500.0,0.0,3.0,1.5811388300841898,686.8,803.9674744664737
Accumulate + Select,86,1.0,0.0,29.182120527309376,19.014396135759604,5.995444923864741,8.604205312508162,11.92886552407705,17.194507617151963,0.09806260487512967,0.15161631343500065,2.138902016786635,0.26048255074847443,0.7583095277298325,0.15850686362646407,0.24535648490990414,0.12442888289284844,1.1561276448469369,1.0611118489825462,43000.0,0.0,3.0,1.5811388300841898,686.8,803.9674744664737
Accumulate + Select,87,1.0,0.0,29.211974450574303,19.039441005772527,5.939085020923128,8.530177639743405,11.9102148194109,17.379103670668407,0.09791074699287562,0.15318486470012585,2.094637274022597,0.36378587145883734,0.7564793121490194,0.15905879568890327,0.24396574991814735,0.12360712355734543,1.1524841532484364,1.06152053240981,43500.0,0.0,3.0,1.5811388300841898,686.8,803.9674744664737
Accumulate + Select,88,1.0,0.0,29.240202449072306,19.062537229004157,5.88372392464781,8.457228880629604,11.631822654351547,16.64231090073279,0.09559623261239523,0.1468001774055589,2.175083220212076,0.3315777951255186,0.7546635918598603,0.1595873224666702,0.2426061533555341,0.12281862092027786,1.1488334859902032,1.0616832391584454,44000.0,0.0,3.0,1.5811388300841898,686.8,803.9674744664737
Accumulate + Select,89,1.0,0.0,29.267904637637837,19.085276181132386,5.829316635032002,8.385351226345774,11.551448712236237,16.505932770987954,0.09495193388889282,0.14557025907605844,2.1197930882896734,0.3114721798435449,0.7528794948953659,0.16008370895711296,0.24128688800658576,0.1220640582466423,1.1452322569863382,1.061886352310554,44500.0,0.0,3.0,1.5811388300841898,686.8,803.9674744664737
Accumulate + Select,90,1.0,0.0,29.29471065777674,19.10700741382932,5.77615870033552,8.315223170523824,11.724695458618813,16.743938210120596,0.09635143346421395,0.14769230954303922,2.185381484097102,0.2726382152009219,0.7511324826455672,0.1605568342790453,0.2400109143744495,0.12134420086320089,1.1416639373162174,1.0620811827255634,45000.0,0.0,3.0,1.5811388300841898,686.8,803.9674744664737
Accumulate + Select,91,1.0,0.0,29.32070364573197,19.128191927381998,5.723955109519423,8.246178205157342,11.33825621545948,16.276141608287077,0.09300041148348319,0.14355441548094378,2.117416286737472,0.25525679101433724,0.7494115218112574,0.1610083857611015,0.23876701082742402,0.12064842334076126,1.1379548941031445,1.061959720504895,45500.0,0.0,3.0,1.5811388300841898,686.8,803.9674744664737
Accumulate + Select,92,1.0,0.0,29.34827090860667,19.151884836861388,5.6720088303063765,8.176823291899835,11.253200553669137,16.044584632250345,0.09241425082630836,0.14153122647706595,2.219465452962651,0.33431515519352756,0.7477181977996759,0.16144085352611603,0.23755899107790673,0.11998618950946238,1.1340333046977757,1.0613110157832892,46000.0,0.0,3.0,1.5811388300841898,686.8,803.9674744664737
Accumulate + Select,93,1.0,0.0,29.375815107951347,19.175820584106287,5.621361985669806,8.10931847861157,11.089402482370092,15.860100396355895,0.09113476145072366,0.1398884824482203,2.1725014283510924,0.28623853441600894,0.7460499036950815,0.16185100024314145,0.2363820238159861,0.11935078093052212,1.1302448594724148,1.0608153206110755,46500.0,0.0,3.0,1.5811388300841898,686.8,803.9674744664737
Accumulate + Select,94,1.0,0.0,29.401948121165383,19.197879466015824,5.571634077886367,8.042901825151914,11.417004516230033,16.480988168418627,0.09387911396519258,0.14532256281216477,2.145846352569233,0.3206206672674087,0.7444114483366293,0.1622412641886331,0.23524121294625702,0.11875020747324198,1.1265475063824684,1.060316199438304,47000.0,0.0,3.0,1.5811388300841898,686.8,803.9674744664737
Accumulate + Select,95,1.0,0.0,29.427335123638493,19.219436503186774,5.522626389871852,7.977240537752533,11.075840494455786,16.01977693711278,0.09115439012585241,0.1412319257427412,2.1747874611437568,0.33118268277506063,0.7427994308511234,0.16261786792698818,0.23413384851694058,0.11818353877243908,1.1226636803271393,1.0593820273592123,47500.0,0.0,3.0,1.5811388300841898,686.8,803.9674744664737
Accumulate + Select,96,1.0,0.0,29.451299244439287,19.23947935918471,5.474530452588688,7.912771720313317,10.967202800813457,15.803038152689464,0.09021364347887159,0.139331670396321,2.117014146729839,0.22513923180406994,0.7412087617620315,0.1629749166706266,0.23305114755783,0.11763656508850351,1.1187755202345646,1.0584049168038887,48000.0,0.0,3.0,1.5811388300841898,686.8,803.9674744664737
Accumulate + Select,97,1.0,0.0,29.475797907738098,19.260313652238914,5.427069101990989,7.8488298434325365,10.777391180069808,15.638786853367986,0.08857104702909631,0.13787131626463844,2.1931800820928373,0.26882582941019156,0.7396397942348244,0.1633213308118035,0.23199899075286287,0.11712572275295478,1.1148157920907056,1.0571229083653921,48500.0,0.0,3.0,1.5811388300841898,686.8,803.9674744664737
Accumulate + Select,98,1.0,0.0,29.50118445624789,19.282955603302955,5.380572757270065,7.7862677276039705,10.8714856212754,15.789160400505938,0.0895104543488303,0.139177231537934,2.1735333674473827,0.2624172585003844,0.7380877677870815,0.16365828648460803,0.23097333650207963,0.11664855211257726,1.1108067933231196,1.0556001401206851,49000.0,0.0,3.0,1.5811388300841898,686.8,803.9674744664737
Accumulate + Select,99,1.0,0.0,29.524522232532075,19.30299874992834,5.335126904196279,7.725234512239715,10.6145062153753,15.459134752617611,0.08721925883305855,0.13627672105068817,2.132818970382717,0.2613224579108575,0.7365567371796546,0.16397487983317374,0.22997160218630436,0.11619372074747882,1.106906340400581,1.0542156517299766,49500.0,0.0,3.0,1.5811388300841898,686.8,803.9674744664737
Accumulate + Select,100,1.0,0.0,29.547586354192198,19.322770537558732,5.290146396466031,7.664446943107886,10.396402000096469,15.08433762934328,0.08553542232460906,0.13296951032056245,2.2052617509656747,0.317443706224081,0.7350441681121527,0.16428287387205542,0.2289946914372019,0.1157676529356516,1.1029015561083657,1.052457947566666,50000.0,0.0,3.0,1.5811388300841898,686.8,803.9674744664737
Accumulate + Select,101,1.0,0.0,29.569904549483095,19.341818300350003,5.245943491922084,7.6046996115063825,10.354804484282823,15.023836462012351,0.0851988873797865,0.13244282121179743,2.1025715922087214,0.35429334645481514,0.7335546180132508,0.1645851153874798,0.22804579379174564,0.11537312361909016,1.0989773143307953,1.050759250436209,50500.0,0.0,3.0,1.5811388300841898,686.8,803.9674744664737
Accumulate + Select,102,1.0,0.0,29.592418369185488,19.361172669342597,5.202630505506041,7.5461466248448605,10.27957636203122,15.13679275000792,0.08471669956188466,0.13336905351211478,2.2458621164080452,0.34554979819205445,0.7320800548781031,0.16487414435761136,0.22711661949134743,0.11500097499313357,1.0950875988689979,1.0489439566732428,51000.0,0.0,3.0,1.5811388300841898,686.8,803.9674744664737
Accumulate + Select,103,1.0,0.0,29.614231959221787,19.37976603231956,5.160210844998366,7.4888558957586895,10.239529273208449,14.897428746477978,0.0844156080802426,0.1312935874803291,2.246970224827878,0.2755701457405313,0.7306190854027517,0.16515066436568965,0.2262051940694639,0.11464839838549985,1.0912184862519458,1.0470413871698148,51500.0,0.0,3.0,1.5811388300841898,686.8,803.9674744664737
Accumulate + Select,104,1.0,0.0,29.635995752753416,19.398631198829367,5.118228486766782,7.431908618332376,10.030917390439699,14.515283334450249,0.08260436454043528,0.12796659876529695,2.222696497905695,0.30269656995163685,0.7291830433139543,0.16541739314933948,0.225318276160234,0.11431745952770363,1.0872821699264157,1.0449243764743532,52000.0,0.0,3.0,1.5811388300841898,686.8,803.9674744664737
Accumulate + Select,105,1.0,0.0,29.657377383800064,19.417176783433895,5.0769540408891904,7.375882304511072,10.20141707502023,14.95730339816177,0.08415013082588638,0.13179295221353865,2.193603822327049,0.2788079707631919,0.7277721756547922,0.16567444019846372,0.22445489652754125,0.11400582345531636,1.0832995039141693,1.0426506322752722,52500.0,0.0,3.0,1.5811388300841898,686.8,803.9674744664737
Accumulate + Select,106,1.0,0.0,29.67859840450341,19.435508389147728,5.036281563348954,7.320477018260593,10.084470078938518,14.693877413031528,0.08294022622471568,0.12950303909119484,2.192277569221482,0.30080395050613334,0.7263741359214725,0.16592330143321724,0.22360790128277336,0.11371289498613747,1.0793834902595643,1.0403162452842853,53000.0,0.0,3.0,1.5811388300841898,686.8,803.9674744664737
Accumulate + Select,107,1.0,0.0,29.698930380623572,19.452782803273696,4.996180986926238,7.26573202011074,10.169980758859555,14.814740517422099,0.08373554133694006,0.13057186480670976,2.1389936054747,0.36479428485188686,0.7249963056499029,0.16616325640836002,0.2227789790351073,0.11343234391042181,1.0754516578387119,1.0378673984376598,53500.0,0.0,3.0,1.5811388300841898,686.8,803.9674744664737
Accumulate + Select,108,1.0,0.0,29.71962554062303,19.47113965950343,4.956733915409272,7.211849462018907,9.834319773000542,14.232311805447685,0.08096676363777763,0.1254697723650216,2.156633838920799,0.26351332332092237,0.723640416121144,0.166391145196078,0.22196640953089286,0.11315708647935892,1.0714466241374616,1.0352856201906575,54000.0,0.0,3.0,1.5811388300841898,686.8,803.9674744664737
Accumulate + Select,109,1.0,0.0,29.740623387159104,19.489650661062043,4.917763665317124,7.15842459222371,9.808059301987624,14.469171997422693,0.08100752179307194,0.12745416609597313,2.2884859181234134,0.3151590631186487,0.7223045400546589,0.16660888472760296,0.22116823354234866,0.11288457443398872,1.0674678758285647,1.0326045140214533,54500.0,0.0,3.0,1.5811388300841898,686.8,803.9674744664737
Accumulate + Select,110,1.0,0.0,29.760880520749716,19.50769133947941,4.879454424038734,7.105913978136633,9.758999288918686,14.332382808454769,0.0804715756852626,0.1262890862288895,2.1890237120293783,0.2761631884465135,0.7209898211082016,0.16681475330161505,0.2203833099500517,0.11261005826272998,1.0634933298586573,1.0299516270499192,55000.0,0.0,3.0,1.5811388300841898,686.8,803.9674744664737
Accumulate + Select,111,1.0,0.0,29.7798696034795,19.5237879966185,4.841798887208468,7.054246612800139,9.829979054955922,14.456227833280174,0.08094793278244374,0.12738711845357878,2.2180214665470315,0.30175208270791287,0.7196877532130596,0.1670148072428282,0.21960895494555768,0.1123389503079735,1.0595829343683998,1.027301145721857,55500.0,0.0,3.0,1.5811388300841898,686.8,803.9674744664737
Accumulate + Select,112,1.0,0.0,29.799481789682517,19.541191599904927,4.804651034666254,7.00316857302511,9.702590728470842,14.275224392994767,0.0799562513196346,0.1257736237689972,2.2049028553864027,0.3511932238037601,0.7184004446779114,0.1672044871795455,0.21884382113643217,0.11206444933529448,1.0557085359587677,1.0246944332723478,56000.0,0.0,3.0,1.5811388300841898,686.8,803.9674744664737
Accumulate + Select,113,1.0,0.0,29.81813219463994,19.557140496124784,4.768182365548386,6.9530690249630185,9.457242529218757,13.716059745210954,0.07781631595599481,0.1209120222671487,2.2061444568233215,0.33567831831803213,0.7171322278631438,0.16738587083090745,0.21808998652813322,0.1117858358722111,1.051938385781283,1.022234194555042,56500.0,0.0,3.0,1.5811388300841898,686.8,803.9674744664737
Accumulate + Select,114,1.0,0.0,29.836669493846653,19.57339654352557,4.732103508646318,6.903294419130243,9.642252751317406,14.18739348746297,0.07955124444165441,0.12498967328077243,2.16894810407848,0.3381699245378367,0.7158807435914671,0.16755906930902745,0.21734709894566553,0.11150629147441163,1.0480943849545907,1.0196477548528287,57000.0,0.0,3.0,1.5811388300841898,686.8,803.9674744664737
Accumulate + Select,115,1.0,0.0,29.85353591275138,19.587396034566478,4.696715838490826,6.85459389685391,9.38709490726558,13.85293426107556,0.07733263995326971,0.12204893716409494,2.1349410336925905,0.2847710248673276,0.7146502058600407,0.1677115553630845,0.21661340224472933,0.11121517639526952,1.0442678393328415,1.017068523266785,57500.0,0.0,3.0,1.5811388300841898,686.8,803.9674744664737
Accumulate + Select,116,1.0,0.0,29.87153441230704,19.603057819846534,4.661695977800506,6.80616545031942,9.102315615958172,12.992552219343509,0.07473587739172269,0.11460253534350763,2.2816958655863915,0.32405978911176253,0.713436201850223,0.16784718176834995,0.2158860400160012,0.11091042263879958,1.0404362555377857,1.014409635334137,58000.0,0.0,3.0,1.5811388300841898,686.8,803.9674744664737
Accumulate + Select,117,1.0,0.0,29.88893288437627,19.618146061044136,4.6273066951510105,6.758696405039853,9.338365254502806,13.68382722285434,0.07696466512939507,0.12057747778279045,2.2877451020752932,0.29683441487644224,0.7122432675771173,0.16796703707011026,0.2151687505875411,0.11059641115208922,1.0366715593084244,1.011904036273609,58500.0,0.0,3.0,1.5811388300841898,686.8,803.9674744664737
Accumulate + Select,118,1.0,0.0,29.906497420117216,19.633506087353133,4.593391854106381,6.711789437865381,9.075369477590694,13.258971630818458,0.07475975861596607,0.11684468049837533,2.189483756901363,0.2505686994235141,0.711081410343778,0.16806522675144706,0.21446473381149955,0.11026764987041875,1.032880932067449,1.0093270364571123,59000.0,0.0,3.0,1.5811388300841898,686.8,803.9674744664737
Accumulate + Select,119,1.0,0.0,29.923073093975283,19.64790654114702,4.560054094806409,6.665735203130702,9.299906223967854,13.506870171186458,0.07648905852101734,0.11906509996221666,2.2023864736582057,0.33232304796574247,0.7099385155741235,0.1681421103456435,0.2137668701507353,0.10992170281343114,1.0291342477457386,1.006912662720821,59500.0,0.0,3.0,1.5811388300841898,686.8,803.9674744664737
Accumulate + Select,120,1.0,0.0,29.94024707752173,19.66316170653086,4.527112463513247,6.620066702830305,9.202006740557694,13.656553108095258,0.07595473014789386,0.12027691678350533,2.252736972574419,0.303409002106816,0.7088031272106975,0.16820327339773616,0.21306996325627456,0.10956026336471639,1.025385816386081,1.0043711421895347,60000.0,0.0,3.0,1.5811388300841898,686.8,803.9674744664737
Accumulate + Select,121,1.0,0.0,29.957010944826322,19.67822717769674,4.494638554923844,6.575020408574398,8.978635821249004,13.015659716838806,0.07388809568991792,0.1147351584490578,2.246714684037827,0.2939086591292522,0.7076913376885965,0.1682497818795115,0.21238546240587994,0.10919346191169861,1.0216693554621152,1.0019454673328,60500.0,0.0,3.0,1.5811388300841898,686.8,803.9674744664737
Accumulate + Select,122,1.0,0.0,29.973354247849073,19.692454870857457,4.462532764216238,6.530351075961205,8.569367660116555,12.518222273196871,0.07054866653778949,0.11032813676350679,2.209926346138031,0.29657088459783804,0.7065956312733439,0.16828559288918085,0.2117099943228685,0.10882270700785397,1.017980521916753,0.9994784786612035,61000.0,0.0,3.0,1.5811388300841898,686.8,803.9674744664737
Accumulate + Select,123,1.0,0.0,29.99009763332443,19.7075718443628,4.430878437431321,6.486274948895645,8.945756606986219,13.136876689804836,0.07383702329870634,0.1157310512456333,2.3009054025471123,0.3044655817173875,0.705522981628171,0.16830377657888557,0.21104429682167206,0.10843968412808927,1.0142707629718832,0.9969972880278534,61500.0,0.0,3.0,1.5811388300841898,686.8,803.9674744664737
Accumulate + Select,124,1.0,0.0,30.0059344468195,19.72166192478137,4.399700146971638,6.442832408753314,8.693411616513986,12.739772248632146,0.07165326150975074,0.11225744754172086,2.1969251339230413,0.2908987594740129,0.7044633293178457,0.16830101304534706,0.2103829718133639,0.10804423940203524,1.0106213612610813,0.9946497689407178,62000.0,0.0,3.0,1.5811388300841898,686.8,803.9674744664737
Accumulate + Select,125,1.0,0.0,30.02228319710455,19.736426379538216,4.368962616500011,6.399987802215853,8.841538054941585,13.124110950563844,0.07286102557769361,0.11559667602319901,2.292961456318365,0.362966219970357,0.7034170143983882,0.1682889000215125,0.20972849231120255,0.10764247252267557,1.0070634274761692,0.9924031183712831,62500.0,0.0,3.0,1.5811388300841898,686.8,803.9674744664737
Accumulate + Select,126,1.0,0.0,30.037398846519874,19.74954316913116,4.3387335108682645,6.3578692221397155,8.427673035118765,12.218608558576562,0.069328045022779,0.10771706988146372,2.2137528300875946,0.3635438098522292,0.7023919883988444,0.1682581322994432,0.2090840750022091,0.10723304293087677,1.0034998665397536,0.9901514529060952,63000.0,0.0,3.0,1.5811388300841898,686.8,803.9674744664737
Accumulate + Select,127,1.0,0.0,30.053538667433106,19.764074930216992,4.3089246875916505,6.31631158128206,8.245374311866675,12.069063749406562,0.06798946566889998,0.10634530684869484,2.2548836318837475,0.30458863321837076,0.7013802651652508,0.16820516613768138,0.2084440925312537,0.10681129820214572,1.000016049980325,0.9879651276832998,63500.0,0.0,3.0,1.5811388300841898,686.8,803.9674744664737
Accumulate + Select,128,1.0,0.0,30.06823209108554,19.777205573347377,4.279472607892516,6.2751721957425755,8.592594122030693,12.688790703601558,0.07083271170942786,0.1117883927738921,2.245742032758745,0.29892654122240214,0.7003699412131537,0.16813895989831648,0.20780377448356696,0.10638024057518704,0.9965826851793919,0.985890166524334,64000.0,0.0,3.0,1.5811388300841898,686.8,803.9674744664737
Accumulate + Select,129,1.0,0.0,30.083223636182954,19.790717398362023,4.250493545988789,6.234743090661549,8.521475848362698,12.49036705545943,0.07009304761605623,0.11007512752531783,2.204111076035381,0.27695123329203736,0.6993734858469369,0.16805749983527557,0.20716985587534462,0.10594156348626808,0.9932332807144503,0.9839293767332998,64500.0,0.0,3.0,1.5811388300841898,686.8,803.9674744664737
Accumulate + Select,130,1.0,0.0,30.098058373111144,19.80395035272132,4.221868982443824,6.194723501070923,8.20921867423268,11.95487531071686,0.06755476576822822,0.1053751409460866,2.2589059249018035,0.3029785665195838,0.6983870784807029,0.16795638176790217,0.20654059346852804,0.10549667743522728,0.9899216181451344,0.9819566007158501,65000.0,0.0,3.0,1.5811388300841898,686.8,803.9674744664737
Accumulate + Select,131,1.0,0.0,30.112242090480475,19.816658428216105,4.193547806805569,6.155046382855146,8.558328995577,12.633563767062077,0.07054072733845577,0.11129689178101342,2.234502225486405,0.24812152824536146,0.6974136917686343,0.167842955684375,0.20591995253370446,0.10505324079848494,0.9866158540097894,0.9800060999102764,65500.0,0.0,3.0,1.5811388300841898,686.8,803.9674744664737
Accumulate + Select,132,1.0,0.0,30.12667235254698,19.829700441056236,4.165623251959817,6.115914963772313,8.404332776256533,12.25702937772115,0.06907390897315357,0.10803345891390646,2.255881619466793,0.270109386156469,0.6964533495065593,0.16771820290535927,0.20530717324227502,0.1046086127613178,0.9833326746861466,0.9780191981426778,66000.0,0.0,3.0,1.5811388300841898,686.8,803.9674744664737
Accumulate + Select,133,1.0,0.0,30.14052676819025,19.842097327986394,4.138092111904979,6.077291127363356,8.372462096336218,12.456294680345414,0.06905384555819027,0.10970536662631539,2.303610581148095,0.19940542918766943,0.695496851052604,0.1675835522792214,0.2046974620471703,0.10416207964723109,0.9801211439503618,0.9761305496654242,66500.0,0.0,3.0,1.5811388300841898,686.8,803.9674744664737
Accumulate + Select,134,1.0,0.0,30.15425921409186,19.854148412948312,4.1109409301464375,6.0391912837999095,8.189551110973095,12.007628135917765,0.06740798128726876,0.10581632116153751,2.246202610264114,0.32643763734822123,0.6945520458592218,0.16743014279401122,0.2040926027840026,0.10370738929636804,0.9769812386552006,0.974298665609089,67000.0,0.0,3.0,1.5811388300841898,686.8,803.9674744664737
Accumulate + Select,135,1.0,0.0,30.168093041321065,19.866664182360804,4.084137094785045,6.001560583820344,8.328418294713357,12.428125270228822,0.06892848613793794,0.10941823177115857,2.217429301590955,0.28997944550959565,0.6936136302352234,0.16726645450111055,0.2034913890635836,0.10324843516744049,0.973854657771307,0.9724694658862358,67500.0,0.0,3.0,1.5811388300841898,686.8,803.9674744664737
Accumulate + Select,136,1.0,0.0,30.1819982229851,19.879084570182876,4.057653504757904,5.964316216213572,8.11731396712608,12.10685352874215,0.06706744506490467,0.10660825694137324,2.20475792996263,0.30057556771504,0.6926878315037486,0.16708575172223367,0.2028968392000265,0.10278606061162474,0.9707525636420513,0.9705903056682158,68000.0,0.0,3.0,1.5811388300841898,686.8,803.9674744664737
Accumulate + Select,137,1.0,0.0,30.19554397679375,19.891235720157383,4.031536857858343,5.927563236130693,8.211245408231076,11.951817799810769,0.06766487038286999,0.1053310664545211,2.2697760054613076,0.33621988313622914,0.6917645908868085,0.16688057494307057,0.20230176314849085,0.10231342942205048,0.9677226097720354,0.9687994526271343,68500.0,0.0,3.0,1.5811388300841898,686.8,803.9674744664737
Accumulate + Select,138,1.0,0.0,30.20877465967567,19.903104477964597,4.005787050398201,5.891343503062203,7.948313032480771,11.67763010352192,0.06563478295950018,0.10288281459852934,2.239930485650887,0.31590583815410234,0.6908471193615245,0.16665917152797244,0.20170901504174948,0.10183377844228383,0.9647744362431195,0.9671928763597806,69000.0,0.0,3.0,1.5811388300841898,686.8,803.9674744664737
Accumulate + Select,139,1.0,0.0,30.2215654692393,19.914446302454476,3.9803811888278995,5.855573091836166,8.054861674699035,11.9459558982338,0.06644455476087016,0.10521776521385524,2.286124017620794,0.2907475020761055,0.6899358948786676,0.16642063400624055,0.20111884413479802,0.10134725711755559,0.9618607198786524,0.9655643056307366,69500.0,0.0,3.0,1.5811388300841898,686.8,803.9674744664737
Accumulate + Select,140,1.0,0.0,30.234293814913094,19.925780171659408,3.9552386678866434,5.820119314330178,7.865910250700322,11.484964410718103,0.06464106106189364,0.10123019525288501,2.1554759873177187,0.27555027779702695,0.6890314972998798,0.16616682566807664,0.20053189277464228,0.10085488633931504,0.9589647192255641,0.9639296554496497,70000.0,0.0,3.0,1.5811388300841898,686.8,803.9674744664737
Accumulate + Select,141,1.0,0.0,30.24667194785589,19.93675993867046,3.9303432369926545,5.784956036199434,7.9145649712314405,11.667280067824278,0.0652434870872214,0.1027772656945334,2.221584574928202,0.29431361995605093,0.6881408405661396,0.1659004299331491,0.19995348888239511,0.10036357982807348,0.9560697540201393,0.9622834575206397,70500.0,0.0,3.0,1.5811388300841898,686.8,803.9674744664737
Accumulate + Select,142,1.0,0.0,30.259850246773755,19.94889368428023,3.9057324893650396,5.750131480124633,7.656660441882854,11.08509321676227,0.06281945293769868,0.09773469868892264,2.3049723851497794,0.3041262430581857,0.6872547052487641,0.16562382721188723,0.19937780255134613,0.09986813420928899,0.9531510289431795,0.9605098678986549,71000.0,0.0,3.0,1.5811388300841898,686.8,803.9674744664737
Accumulate + Select,143,1.0,0.0,30.272526759606148,19.960532367497304,3.8815357455259623,5.715969134082685,7.842308754689476,11.523252408840555,0.06448095601260641,0.10153813840127601,2.283081250542375,0.3153263274339425,0.6863754273776911,0.1653365302363292,0.19880601452533925,0.09936879609186705,0.9503859433354587,0.9590600396088035,71500.0,0.0,3.0,1.5811388300841898,686.8,803.9674744664737
Accumulate + Select,144,1.0,0.0,30.284623019111486,19.97156820522768,3.857563234297235,5.682050275772807,7.544977215559461,10.968527699464541,0.06212207368335747,0.09668518222131536,2.188839316809413,0.3097055221446824,0.6854966073594139,0.16503967051810617,0.19823560971796694,0.09886773131761992,0.9476097675841426,0.957553257852876,72000.0,0.0,3.0,1.5811388300841898,686.8,803.9674744664737
Accumulate + Select,145,1.0,0.0,30.296822963612243,19.982586357711302,3.833914903345505,5.648571908009674,7.698230480358049,11.523548715639821,0.06362277957358761,0.10145710453861455,2.2506975835738254,0.31403587612524964,0.6846183381101022,0.16473813276580693,0.19766730451389924,0.09836674778819969,0.9449125788629965,0.9560856322256371,72500.0,0.0,3.0,1.5811388300841898,686.8,803.9674744664737
Accumulate + Select,146,1.0,0.0,30.308786705767307,19.993639809758072,3.8105319827349478,5.615442342786004,7.52799922199293,11.07648046270712,0.062084116230245526,0.09757388651477866,2.2809430644665682,0.2588520604607597,0.6837374789566378,0.16443443415437287,0.197100071525727,0.0978674169753303,0.9422027013067504,0.954598725942147,73000.0,0.0,3.0,1.5811388300841898,686.8,803.9674744664737
Accumulate + Select,147,1.0,0.0,30.32040717011745,20.004115322017842,3.787487688362524,5.582815041385591,7.376342603173699,10.927115001098922,0.0607529109416687,0.09625177467365101,2.283439126591135,0.26869330840093003,0.6828529663249497,0.16412232111506556,0.19653153650970348,0.09736345362631524,0.9395965842426139,0.9532431450843363,73500.0,0.0,3.0,1.5811388300841898,686.8,803.9674744664737
Accumulate + Select,148,1.0,0.0,30.33180712966499,20.0143030883878,3.764721615001437,5.550563744981144,7.628858990030342,11.309347133362996,0.06304796014660417,0.09959840984539736,2.2133680143515737,0.3498017660944845,0.6819732116352685,0.16380616441113352,0.19596707946618727,0.09685930217603568,0.9370404763923966,0.9519169694709642,74000.0,0.0,3.0,1.5811388300841898,686.8,803.9674744664737
Accumulate + Select,149,1.0,0.0,30.343125023624385,20.024494400097513,3.7421807682254276,5.518561580498629,7.570258189143305,11.339395880185627,0.06245514394665667,0.09984334742794242,2.2082174792583524,0.2866832629654564,0.6810848078168945,0.16349203909361051,0.19540100077460174,0.0963570304656724,0.934487997733531,0.9505586207143477,74500.0,0.0,3.0,1.5811388300841898,686.8,803.9674744664737
Accumulate + Select,150,1.0,0.0,30.355275271609536,20.03605897011005,3.7198939882377373,5.486895338287203,7.344505095577429,10.878321308767056,0.06064972017117648,0.09580609206377567,2.2876963190680204,0.3193304661765129,0.6801919908438581,0.16318082865432296,0.19483543807301135,0.09585689226905626,0.9319689139670096,0.9492187931898207,75000.0,0.0,3.0,1.5811388300841898,686.8,803.9674744664737
Accumulate + Select,151,1.0,0.0,30.366434401131208,20.046076169436166,3.6978770556159666,5.455589188885621,7.533848652312967,11.189116334538136,0.06210071887912856,0.09855363484867243,2.2576902706705955,0.26553607115951244,0.6792945315912614,0.16286824931523164,0.19426965140123412,0.09535706673125258,0.9295124494094077,0.947929173050311,75500.0,0.0,3.0,1.5811388300841898,686.8,803.9674744664737
Accumulate + Select,152,1.0,0.0,30.37726730492284,20.05583282216159,3.676083694856782,5.424581735384521,7.3196901877884155,10.772427737679045,0.06020375878558722,0.09490690254697319,2.233337087307782,0.39985195986423083,0.6783891080592495,0.16255363697719283,0.193701570949199,0.0948556674288476,0.9270630794563927,0.9466254070721228,76000.0,0.0,3.0,1.5811388300841898,686.8,803.9674744664737
Accumulate + Select,153,1.0,0.0,30.388434986837808,20.06610146234434,3.6545692673233248,5.393962495286272,7.232897174401889,10.477161932634374,0.05950207251991546,0.0923614425750978,2.253324711179875,0.34735558994928906,0.6774797619129005,0.1622398336879516,0.1931337561021163,0.09435473393290969,0.9246544896628869,0.9453525308283189,76500.0,0.0,3.0,1.5811388300841898,686.8,803.9674744664737
Accumulate + Select,154,1.0,0.0,30.399575993503372,20.076323407489927,3.633357595132786,5.363799076397914,7.1995377878020275,10.760762625903054,0.05931488948268045,0.09476776788526117,2.2339482849210555,0.2712700288306947,0.6765649974730297,0.1619308161430654,0.19256651471140782,0.09385782738915663,0.922311647846427,0.9441354148943453,77000.0,0.0,3.0,1.5811388300841898,686.8,803.9674744664737
Accumulate + Select,155,1.0,0.0,30.4106870021924,20.086724153692977,3.6124525287702887,5.334103426443872,7.168077109114639,10.593520467896656,0.058887123453839785,0.09335220520180479,2.287616790336782,0.313037640805968,0.6756462406608554,0.1616209383281707,0.19199941224179712,0.09336131891032966,0.9200305651214971,0.943020845205871,77500.0,0.0,3.0,1.5811388300841898,686.8,803.9674744664737
Accumulate + Select,156,1.0,0.0,30.421502209263707,20.09678109060093,3.59174875609828,5.3046567128656035,7.059073916450532,10.401832695548958,0.057996757589924064,0.0916597314466291,2.2248466116053813,0.3102724343613555,0.6747262627264796,0.16131139555563823,0.1914343897834519,0.09286767519537839,0.9177647117249025,0.941902887647477,78000.0,0.0,3.0,1.5811388300841898,686.8,803.9674744664737
Accumulate + Select,157,1.0,0.0,30.431735619656667,20.105945157499914,3.5712277193774633,5.275401396481923,7.297863328135149,10.696670008002561,0.060177984491823565,0.0942580654052042,2.20251789545092,0.33673798454278264,0.6738050975475802,0.16100512590226387,0.19087171127469515,0.0923775288355106,0.9155154947093349,0.9407381221960862,78500.0,0.0,3.0,1.5811388300841898,686.8,803.9674744664737
Accumulate + Select,158,1.0,0.0,30.442063414701245,20.11554634388219,3.550944093183241,5.246469426087437,7.0949288291526,10.49773200679338,0.05854192068877252,0.09247270729791557,2.2604341026615673,0.3168932257308234,0.6728762063747183,0.16070324336739888,0.1903085798202814,0.09189198373371629,0.9132788885586459,0.9395943013138665,79000.0,0.0,3.0,1.5811388300841898,686.8,803.9674744664737
Accumulate + Select,159,1.0,0.0,30.45245663393419,20.12510587429687,3.5309744354916646,5.218050428766,7.191584375564622,10.561278970101593,0.05919100916798421,0.0930615631250042,2.3326491665018234,0.26960870696297135,0.671942520957319,0.16040348066216645,0.18974554468454613,0.0914079178900828,0.9111368222987073,0.9385761124285905,79500.0,0.0,3.0,1.5811388300841898,686.8,803.9674744664737
Accumulate + Select,160,1.0,0.0,30.462088790005858,20.13363297582371,3.5111708952663703,5.18981258929071,6.953341205581653,10.170780473473945,0.057142807765673986,0.08964301781243196,2.2299980540292013,0.31411597686718473,0.671014868010488,0.160098938241619,0.18918723932473464,0.09092466257436857,0.908991624104923,0.9375240452877445,80000.0,0.0,3.0,1.5811388300841898,686.8,803.9674744664737
Accumulate + Select,161,1.0,0.0,30.472083082767295,20.142816281702704,3.491598581904846,5.161887724022656,6.8629531267090105,10.144854690558818,0.05660954875452813,0.08935915467256146,2.269828430203989,0.2968287756866615,0.6700886969942976,0.15979086756884522,0.18863194162282584,0.09044389994205758,0.9068705107571912,0.9364936796173197,80500.0,0.0,3.0,1.5811388300841898,686.8,803.9674744664737
Accumulate + Select,162,1.0,0.0,30.4819865315617,20.15204459531053,3.4722485088625783,5.134277919487123,6.9933369098397025,10.251153834082075,0.05756266650802068,0.09033378843857696,2.2836994410832654,0.3586833416063533,0.6691593481553851,0.15948310295220536,0.18807792138492238,0.08996701063913566,0.904792142773921,0.9355111287985998,81000.0,0.0,3.0,1.5811388300841898,686.8,803.9674744664737
Accumulate + Select,163,1.0,0.0,30.49165728608755,20.160897641527896,3.4531114269258554,5.106957269607386,6.8053252551721926,10.024230692293445,0.056089816463275745,0.0883164008587003,2.269511270288764,0.3061930673465572,0.6682346745346781,0.1591687024956014,0.1875277523324151,0.08949052101655594,0.9027177232242976,0.9344993920233384,81500.0,0.0,3.0,1.5811388300841898,686.8,803.9674744664737
Accumulate + Select,164,1.0,0.0,30.50188293070413,20.17063513102716,3.4341896215927377,5.079924474086182,6.985619937291841,10.615077671420382,0.057761478514911216,0.09340816685096706,2.294723854271434,0.30158468594501026,0.6673144142372287,0.15884698232716016,0.18698130541726185,0.0890146298765501,0.900686340839072,0.9335326040115268,82000.0,0.0,3.0,1.5811388300841898,686.8,803.9674744664737
Accumulate + Select,165,1.0,0.0,30.511493132656426,20.179522194957727,3.415486496979095,5.053213036635821,6.6827561418206205,9.686974099902146,0.054856891813373276,0.08542707357099791,2.2930704884753768,0.2814257889932058,0.6663963822005284,0.15852274090008767,0.18643794525636648,0.08854028764961601,0.8986493657474552,0.9325229206740744,82500.0,0.0,3.0,1.5811388300841898,686.8,803.9674744664737
Accumulate + Select,166,1.0,0.0,30.521307467363414,20.188612429255084,3.3969913845432087,5.026776565832768,6.719893615671696,9.918423597869506,0.05538780110817491,0.08738126290134038,2.2679660474195904,0.336418372767476,0.665480917429967,0.15819834077507042,0.18589835569295085,0.08806957568783112,0.8966670256588273,0.931583609581319,83000.0,0.0,3.0,1.5811388300841898,686.8,803.9674744664737
Accumulate + Select,167,1.0,0.0,30.530462272118815,20.196919763987882,3.3786882810097376,5.000599464745331,6.660383947987353,9.772400993181844,0.05500207011969884,0.08609129896156824,2.273236114081901,0.33168424306624944,0.6645725030995403,0.1578738946507932,0.185365286973354,0.08760577571023992,0.8946959618809462,0.930667106631427,83500.0,0.0,3.0,1.5811388300841898,686.8,803.9674744664737
Accumulate + Select,168,1.0,0.0,30.5398201585342,20.20552330140359,3.3605325093270446,4.974575676757572,6.71451236230254,9.92767416027226,0.055236496325717165,0.0874645796510574,2.2549715551001572,0.23731363851090287,0.6636735551379835,0.15754617088072143,0.18483930550718813,0.08714725513051194,0.8926971265282495,0.9296392811773896,84000.0,0.0,3.0,1.5811388300841898,686.8,803.9674744664737
Accumulate + Select,169,1.0,0.0,30.548905772948302,20.213970283917682,3.3426312850297677,4.948963495887191,6.760185143416931,10.195839644664511,0.055779548303260276,0.0897598185215508,2.3376974675341384,0.3265574930405402,0.6627796465261566,0.15720918324307895,0.18431676072927056,0.08668784370674981,0.8907389571824955,0.9287093088858952,84500.0,0.0,3.0,1.5811388300841898,686.8,803.9674744664737
Accumulate + Select,170,1.0,0.0,30.558047727595532,20.222433611363343,3.3249020311946373,4.923568652809702,6.661810556288158,9.928801209120008,0.05490847841626863,0.08744772858151699,2.2070223830112687,0.3228664317948252,0.6618923199083419,0.15686824658847523,0.1837996351979472,0.08623263358728343,0.8888048637513334,0.9277718835220884,85000.0,0.0,3.0,1.5811388300841898,686.8,803.9674744664737
Accumulate + Select,171,1.0,0.0,30.566609091970314,20.230102162381982,3.307380568801225,4.898471612211044,6.770488904277999,10.065498805970451,0.0558631421573079,0.08865046767420964,2.275434718690661,0.3500083938114904,0.6610093452889002,0.15652613657192502,0.18328689834376002,0.08578127558742667,0.886884649363125,0.9268426820381499,85500.0,0.0,3.0,1.5811388300841898,686.8,803.9674744664737
Accumulate + Select,172,1.0,0.0,30.57532869273458,20.238071766944017,3.2900178737639516,4.87358411942782,6.644365628241948,9.88678013130586,0.05475496539058988,0.087073557770876,2.34222517976544,0.27398946747693814,0.6601373284006408,0.15618015495842213,0.1827810858961167,0.08533219596035528,0.8849480307171828,0.9258640763361543,86000.0,0.0,3.0,1.5811388300841898,686.8,803.9674744664737
Accumulate + Select,173,1.0,0.0,30.584141275029605,20.246261246671256,3.2728446110119505,4.848953546182363,6.388972987240532,9.376948301857645,0.052587269228303216,0.08263268258678132,2.254060756209621,0.27537875818961277,0.6592718419102435,0.15583352532936465,0.1822807855383934,0.08488790261321193,0.8830234905204843,0.9249017016323979,86500.0,0.0,3.0,1.5811388300841898,686.8,803.9674744664737
Accumulate + Select,174,1.0,0.0,30.592699136282256,20.254114573690963,3.255845888988875,4.824560709963997,6.554420847275056,9.726811108363846,0.053957645778219786,0.08566971845618551,2.2188387804406453,0.29605041453110975,0.6584099783205563,0.15548513766193903,0.18178455739613916,0.08444824327931141,0.8811228281340486,0.9239368034326548,87000.0,0.0,3.0,1.5811388300841898,686.8,803.9674744664737
Accumulate + Select,175,1.0,0.0,30.601516325029205,20.262488133458433,3.2390329406987446,4.800441600636671,6.417620070145263,9.449849781613466,0.053027549245623896,0.08324086680107569,2.270195461922918,0.24569679973887895,0.6575587028888109,0.15513294707716838,0.18129511324630065,0.08401163929956444,0.8792292744818075,0.9230162363915259,87500.0,0.0,3.0,1.5811388300841898,686.8,803.9674744664737
Accumulate + Select,176,1.0,0.0,30.610092203941825,20.270480410797706,3.222434570550135,4.776645543633819,6.428515587031187,9.517090383061477,0.05293784810376606,0.08383103729575275,2.273660672785897,0.360776348902443,0.6567127777265938,0.15478164368131497,0.18081058333579741,0.08357987755102705,0.8773880157303706,0.9221401046011753,88000.0,0.0,3.0,1.5811388300841898,686.8,803.9674744664737
Accumulate + Select,177,1.0,0.0,30.618503213369042,20.278339622270664,3.205983491842815,4.753029392151084,6.393218455969679,9.310399135763916,0.05260637504190441,0.08206420826490382,2.2250377216801844,0.2844803021435416,0.6558682138750809,0.15443454213796515,0.18032956135184883,0.08315447418642322,0.8755210920307175,0.9211977094803673,88500.0,0.0,3.0,1.5811388300841898,686.8,803.9674744664737
Accumulate + Select,178,1.0,0.0,30.62690330279647,20.286120577782572,3.189675083471019,4.729602579794714,6.5602375895789775,9.784061224738497,0.054147025656784475,0.08615543478297004,2.3020550902164167,0.3325558964423824,0.6550314137703629,0.15408586828222906,0.17985419121178453,0.08273305424896475,0.8736496729780452,0.9202199421923692,89000.0,0.0,3.0,1.5811388300841898,686.8,803.9674744664737
Accumulate + Select,179,1.0,0.0,30.63537136062906,20.29408187616668,3.173495411217923,4.706303217657889,6.382780599656293,9.37814806463902,0.05265029098902931,0.08261912702366965,2.248761455086977,0.3231032565645791,0.6542010820301084,0.15373429821306925,0.17938346025439594,0.0823139381677781,0.8717604017596778,0.9191717915579898,89500.0,0.0,3.0,1.5811388300841898,686.8,803.9674744664737
Accumulate + Select,180,1.0,0.0,30.643911078598347,20.302208145297122,3.157479557040353,4.683239904280703,6.305914004018058,9.146245167046727,0.05185927383917836,0.08062675982542013,2.304432986769562,0.3995520614693476,0.6533762694819465,0.15338801426576126,0.17891817326684356,0.08190191443273506,0.8698948376275653,0.9181648740858762,90000.0,0.0,3.0,1.5811388300841898,686.8,803.9674744664737
Accumulate + Select,181,1.0,0.0,30.651974852288095,20.309664564854625,3.1416692071472156,4.660496602979472,6.717125962192155,10.266229615647983,0.05549921705272872,0.09033499771168864,2.297851913726058,0.3792495746606667,0.6525579519958352,0.15303914672826968,0.17845751413116417,0.08149240379474469,0.8680481827720425,0.917164246985061,90500.0,0.0,3.0,1.5811388300841898,686.8,803.9674744664737
Accumulate + Select,182,1.0,0.0,30.660214688810953,20.31736268251828,3.1260080002908874,4.637949371986521,6.415369783272148,9.596468558238175,0.05295715331288967,0.08449286055737902,2.2991050855507806,0.3056556978395699,0.6517473567977323,0.15268733783800242,0.17800196450716763,0.08108529691050938,0.8662202451620178,0.9161835938889462,91000.0,0.0,3.0,1.5811388300841898,686.8,803.9674744664737
Accumulate + Select,183,1.0,0.0,30.668349773701966,20.32491805506563,3.1104839147173164,4.615576149153552,6.410765359848713,9.673616469816594,0.05301761695560718,0.08513498019417196,2.202074022774339,0.30040520490650846,0.6509462030234529,0.15233636676245865,0.17755300413034217,0.08068370079768095,0.8643747774750399,0.9151538724740697,91500.0,0.0,3.0,1.5811388300841898,686.8,803.9674744664737
Accumulate + Select,184,1.0,0.0,30.676281059589833,20.332343967301995,3.095136259897163,4.5934698331813575,6.120720591758509,8.919924990972179,0.050495529098871186,0.07860692949906391,2.2940993309911635,0.2881856066393176,0.6501435347127774,0.1519926939772872,0.17710622158506983,0.08028900672468622,0.8625710377366564,0.9141862671146362,92000.0,0.0,3.0,1.5811388300841898,686.8,803.9674744664737
Accumulate + Select,185,1.0,0.0,30.68397278029185,20.33951503854364,3.0798981137016197,4.571482956904507,6.114351090319863,9.18524382845486,0.05042595576878508,0.08086370832336634,2.2492278885809993,0.3116258149838293,0.6493455971706873,0.15165047631380107,0.17666352732291085,0.07989803204054381,0.860732763269386,0.9131255354958322,92500.0,0.0,3.0,1.5811388300841898,686.8,803.9674744664737
Accumulate + Select,186,1.0,0.0,30.691891031126396,20.346928719003888,3.0648744268855794,4.54984087462247,6.215845498468045,9.343544982511492,0.05126698058439365,0.08226124762771567,2.291269544334285,0.24799856379164203,0.6485494453742976,0.15130787958320627,0.1762231120679532,0.07950865192865027,0.8589348260615312,0.9121047469703258,93000.0,0.0,3.0,1.5811388300841898,686.8,803.9674744664737
Accumulate + Select,187,1.0,0.0,30.699481474163747,20.3538998513055,3.0500630294122733,4.528561470064434,6.036151676895996,8.995481743700457,0.049707350837755154,0.07922632392838638,2.327180505413546,0.38415930115617686,0.6477563367274889,0.15096883009431233,0.17578606609959574,0.0791229964233645,0.857194929159079,0.9112129770013627,93500.0,0.0,3.0,1.5811388300841898,686.8,803.9674744664737
Accumulate + Select,188,1.0,0.0,30.707059559942717,20.36102458181046,3.035293440704252,4.507253594152721,5.9498390959940695,8.722116070872323,0.04903615725606715,0.07684791760817511,2.304024184541313,0.343210061609504,0.6469682865149463,0.15063797928121875,0.17535409461442034,0.07874462661955066,0.8554136122097429,0.9102308479286163,94000.0,0.0,3.0,1.5811388300841898,686.8,803.9674744664737
Accumulate + Select,189,1.0,0.0,30.71432124341416,20.367804853649915,3.0207045820407274,4.4862244147944335,5.941021764510322,8.901038201190472,0.049005569168184576,0.07836996518232563,2.286469122569169,0.21874222370926608,0.6461836830380087,0.150308058048301,0.17492544806923851,0.0783696670370449,0.8536311127496321,0.9092386826538824,94500.0,0.0,3.0,1.5811388300841898,686.8,803.9674744664737
Accumulate + Select,190,1.0,0.0,30.7216935087617,20.37457141355637,3.0062236812490206,4.465322123277387,5.934196810138375,8.917473021754967,0.049059595541766934,0.07849861516595409,2.255517148145844,0.26949264367864734,0.6454062316362258,0.14998296231176525,0.17450241128657368,0.07800100401308169,0.8518840592419139,0.9082537516220389,95000.0,0.0,3.0,1.5811388300841898,686.8,803.9674744664737
Accumulate + Select,191,1.0,0.0,30.729326705052436,20.38162946559805,2.9918868335782456,4.444609812610322,6.071301297197326,8.86827827882982,0.04982297886645786,0.07816451948441996,2.30179668473583,0.32901486469260893,0.6446309451844023,0.14965929264973543,0.174082158073337,0.07763610533210283,0.8501502914488828,0.9072497203997306,95500.0,0.0,3.0,1.5811388300841898,686.8,803.9674744664737
Accumulate + Select,192,1.0,0.0,30.736463458017624,20.388363311857585,2.977656200022192,4.424033972101197,6.073869478834622,9.063873172097507,0.05011834522284379,0.07982017313929303,2.3651433406074203,0.3619894710037585,0.6438656550201305,0.14933694730764063,0.17366824971650638,0.07727582453808077,0.8483703514497435,0.9062128106044665,96000.0,0.0,3.0,1.5811388300841898,686.8,803.9674744664737
Accumulate + Select,193,1.0,0.0,30.743706147945154,20.395150621997562,2.963648935518273,4.403829302700115,5.835023153262314,8.675069787056893,0.048004205315742225,0.076410301162094,2.331399919006439,0.3578662733435536,0.6431031559515014,0.14901793192472573,0.17325767069058437,0.07692074029963486,0.846655508268394,0.9052702692387206,96500.0,0.0,3.0,1.5811388300841898,686.8,803.9674744664737
Accumulate + Select,194,1.0,0.0,30.750868659364006,20.40194214034678,2.949741435648946,4.383741312047789,6.00107122969546,8.928421170955215,0.049501725405122064,0.0786349528744583,2.222881124152039,0.34707703714873445,0.6423432986657058,0.1486982031715344,0.17284949404476113,0.0765670836464731,0.8449245375640799,0.9042863828034777,97000.0,0.0,3.0,1.5811388300841898,686.8,803.9674744664737
Accumulate + Select,195,1.0,0.0,30.757899889794754,20.408364602183564,2.9359409410736106,4.363775358771146,5.801013996572956,8.358347714085975,0.047692077358593314,0.07368760436057274,2.352798439257448,0.33527557083683107,0.6415880664869245,0.14838202694619756,0.1724453003485365,0.076218039719203,0.8431967576136365,0.9032450101993701,97500.0,0.0,3.0,1.5811388300841898,686.8,803.9674744664737
Accumulate + Select,196,1.0,0.0,30.764817143525534,20.414829689561323,2.9222831615237665,4.344038823845546,5.6529965666456485,8.388493779088764,0.046660528516312624,0.07388245613883795,2.271561296186851,0.25108913113870635,0.6408373760068026,0.14806666467755536,0.17204455928403767,0.07587158056383103,0.8414724223728847,0.9022389882992281,98000.0,0.0,3.0,1.5811388300841898,686.8,803.9674744664737
Accumulate + Select,197,1.0,0.0,30.771861537150045,20.42149078215789,2.9087137633245574,4.324393399219738,5.712731694228517,8.280674862919506,0.046959797279724824,0.07299983763087932,2.325791240101003,0.2915407140275483,0.6400924546486992,0.14775523956905132,0.17164827547989564,0.07552984220525837,0.8397255790649603,0.9011660794894807,98500.0,0.0,3.0,1.5811388300841898,686.8,803.9674744664737
Accumulate + Select,198,1.0,0.0,30.77883770977565,20.427957374206308,2.895298845230007,4.304972835465747,6.029968120622927,9.18144648420326,0.04983254488462568,0.08079032228084308,2.2584491853022457,0.27128682264532394,0.6393557737499415,0.1474452113502675,0.17125745015239696,0.07519311482351049,0.8380243823125888,0.900148447874835,99000.0,0.0,3.0,1.5811388300841898,686.8,803.9674744664737
Accumulate + Select,199,1.0,0.0,30.785854687141743,20.434439973699682,2.882067119718047,4.28585686369966,5.858316505825528,8.821825883327474,0.04836224624796079,0.07766360851219048,2.2280152458304525,0.2881568391933824,0.6386197634368845,0.14713496844892465,0.17086821698389354,0.07485860509611952,0.8363705073421857,0.8991863230571814,99500.0,0.0,3.0,1.5811388300841898,686.8,803.9674744664737
Accumulate + Select,200,1.0,0.0,30.792623759255992,20.440900303660165,2.868940907952261,4.266888823218491,5.716169824390998,8.520048571154206,0.04719397247488925,0.07502748885659638,2.3102608854193125,0.2841778773938495,0.6378891834826366,0.1468275040996055,0.17048285821075349,0.07452705455792608,0.8346775940603065,0.898198338968558,100000.0,0.0,3.0,1.5811388300841898,686.8,803.9674744664737
Replace,0,0.0,0.0,1.5118550063439801e-32,2.1200735109849445e-32,68.11120862765388,16.448896182970266,136.7125009794708,32.71494443357922,1.0036850347462605,0.010583834871081868,0.07432943351430436,0.010064215637795687,1.0,0.0,0.5,0.0,1.799999999999379,1.358355034952072e-13,,,3.0,1.5811388300841898,686.8,803.9674744664737
Replace,1,0.0,0.0,0.15052710820418302,0.11899459799566017,70.67442393735125,19.08285200792067,141.0564856138615,37.34064628519132,1.0311026370618332,0.043680873526158834,0.14473831076358384,0.032152067539721114,0.9990407768567667,0.0013981333975237036,0.48565296528627455,0.012570055840924339,1.945195987089471,0.29449466372002614,,,3.0,1.5811388300841898,686.8,803.9674744664737
Replace,2,0.0,0.0,0.49123129589316517,0.3909946036448423,71.19506931023786,20.77031413669839,143.3722930044825,43.918434453129436,1.040836577846268,0.07669470497957613,0.205436874009429,0.06302291207715013,0.9951291344514379,0.009620551697417495,0.47285066322989844,0.034336239745042234,1.9535480011573019,0.408693545138958,,,3.0,1.5811388300841898,686.8,803.9674744664737
Replace,3,0.0,0.0,0.8265853835662165,0.9266420309535789,70.71321532943412,21.747615063208176,142.75914884207958,45.44401906457901,1.0346785143285493,0.08960402246785863,0.2818998812865906,0.10709711360247676,0.9836139703149402,0.01852052102115041,0.43836550631204796,0.04791298361393843,2.127071956627831,0.39368061055480114,,,3.0,1.5811388300841898,686.8,803.9674744664737
Replace,4,0.0,0.0,0.8165115478637036,0.7960461149072137,70.89906792211694,22.364406039500548,141.2040210633705,45.13085744739595,1.0239137666529519,0.0872475630311162,0.25030124579152363,0.07415820806225105,0.977091194155389,0.023138423313396942,0.4261933022678316,0.05494876446908736,2.246236965780232,0.5161578917023076,,,3.0,1.5811388300841898,686.8,803.9674744664737
Replace,5,0.0,0.0,0.8165001621341782,0.6529235604079067,72.39743534862548,20.090768590619042,145.0646968358615,40.15508436265456,1.0593630670589482,0.05446156707267795,0.2784353992265495,0.10160501534632903,0.9790254970175752,0.023644384921960825,0.42925766256646386,0.052361099065864586,2.321595034115697,0.3684975083420977,,,3.0,1.5811388300841898,686.8,803.9674744664737
Replace,6,0.0,0.0,1.0591819010833627,0.9300445121298305,70.41700416997674,18.87821671604633,141.53234554041447,38.878218201574704,1.034480878754073,0.0524605743478428,0.28354456873782397,0.09095642879437488,0.9824076583997303,0.026206591880455755,0.437119365846282,0.0509152333234907,2.516505252779416,0.4693797101241182,,,3.0,1.5811388300841898,686.8,803.9674744664737
Replace,7,0.0,0.0,1.4013604260614856,1.1242239652022905,70.66633370262575,17.314728530313264,140.7255034041112,35.316044776016525,1.034970521820493,0.07391955123629312,0.3127302197078815,0.1003266912013577,0.9832756423385793,0.02162513754119329,0.4348170958399997,0.04322617955524697,2.355060027294502,0.3869540194905004,,,3.0,1.5811388300841898,686.8,803.9674744664737
Replace,8,0.0,0.0,1.2781832878135742,1.0025832672360337,68.11075881402107,17.849913151695183,137.21843487110976,35.58674841413712,1.006615122915174,0.06366587595231096,0.3268036504282298,0.1090387981321415,0.9901041572588012,0.014508742186613017,0.45507360210884296,0.04168129018475717,2.4989329225305843,0.7863692317652718,,,3.0,1.5811388300841898,686.8,803.9674744664737
Replace,9,0.0,0.0,1.5269718692767458,1.4158246218285455,66.32401564740833,16.376732687925553,132.54635058460354,32.10946477748328,0.9756230540859436,0.06479621312573576,0.3384968486285648,0.1469456645959625,0.9853293818129242,0.015726779114309437,0.4376103904552079,0.038059150340372494,2.4317695379074205,0.707610059395275,,,3.0,1.5811388300841898,686.8,803.9674744664737
Replace,10,0.0,0.0,1.4467587981166292,1.3653261288015586,65.97894979959315,17.94377472680707,131.27732266056591,36.903017903073774,0.9591004202296831,0.06410681338271322,0.34111468435759196,0.15117747664602177,0.9870584706789238,0.016901832700156907,0.4448044590647983,0.04193480101788859,2.7097753984054322,0.6564181785494871,,,3.0,1.5811388300841898,686.8,803.9674744664737
Replace,11,0.0,0.0,1.541968077093602,1.3775348605646047,66.02732052334211,16.209766638832733,131.8229274219385,32.101567951479616,0.9693864357058999,0.04432914672677431,0.33625443514494446,0.13027961370554136,0.9847834868633809,0.020488963426713816,0.4478697040755316,0.05601871891180495,2.8500187616582084,0.8775780969330305,,,3.0,1.5811388300841898,686.8,803.9674744664737
Replace,12,0.0,0.0,1.7859215608942396,1.4030918651828692,65.70722265097123,17.1664635118755,131.59647809746716,34.49849898974983,0.9669194377226509,0.07530844824386414,0.3829617525965277,0.15554411336688698,0.9765302254097374,0.02538938893980934,0.42470708376924204,0.054534061949572506,2.965450646579413,0.916142613245058,,,3.0,1.5811388300841898,686.8,803.9674744664737
Replace,13,0.0,0.0,1.7069070006879279,1.3796960281203074,65.22721312282476,17.915977448991374,130.73042483300907,37.44042576116884,0.9568834698623027,0.09185812775455704,0.3540188851308024,0.13557820362698067,0.9883970277027062,0.013979420016240623,0.45064000500189394,0.04418024965310675,2.9634119293691343,0.7765258193720834,,,3.0,1.5811388300841898,686.8,803.9674744664737
Replace,14,0.0,0.0,1.9524317580701687,1.4176036436099004,64.73566407121822,16.453942639061705,130.1462609457057,32.842210972384215,0.9578670170945471,0.0840578477155664,0.3803450222889746,0.1081837294265535,0.9832354628966236,0.015285513379337649,0.4360437746669823,0.04585535547994642,2.9790452750802703,0.9285102436869236,,,3.0,1.5811388300841898,686.8,803.9674744664737
Replace,15,0.0,0.0,1.6375275922144823,0.8877021104216748,64.49678147998391,17.265185691478713,129.70913074789945,35.75736353901088,0.9499530269645321,0.07784494447915771,0.3794872834056463,0.08150491730881895,0.9848035625673344,0.014854216009985254,0.4379433808583368,0.04157732998972302,3.022266445122739,0.7540718090679946,,,3.0,1.5811388300841898,686.8,803.9674744664737
Replace,16,0.0,0.0,1.6144889547217338,0.6609622907290695,64.63214553664457,18.5931923894066,129.36048822016005,36.77947387380963,0.9453110324394984,0.07694112968174611,0.3959879911343241,0.07757292942017528,0.9889912232975494,0.009270230473634657,0.44414406373929427,0.029159625968063943,3.1065019852875357,0.517773273742326,,,3.0,1.5811388300841898,686.8,803.9674744664737
Replace,17,0.0,0.0,2.187320239238099,0.9872365781583144,64.93798413767317,18.127273727241402,129.67363612735858,35.77525153885751,0.9479367967395756,0.06450390987931236,0.4435597727859393,0.07547078646115926,0.9964038190774165,0.0034589745345323317,0.469689161654588,0.02018016121409731,3.1548907853462027,0.640157339515187,,,3.0,1.5811388300841898,686.8,803.9674744664737
Replace,18,0.0,0.0,2.330443493088769,1.1103759829426652,65.6264109820872,20.409089571065334,131.61266998378332,40.16805759393543,0.9572020217423021,0.08465905853812178,0.4558076862162313,0.11502667790213213,0.9971260773680191,0.003409209939763663,0.4749216901343506,0.02138039885070976,3.3386984362070975,0.8296631165457039,,,3.0,1.5811388300841898,686.8,803.9674744664737
Replace,19,0.0,0.0,2.542987498026458,0.7148704877770232,64.63337752663467,18.347715811311783,129.03074065684382,36.727489663636064,0.9407150711360917,0.06664848345400415,0.45664992222352224,0.03668679779859642,0.9933279100213918,0.00394868971821104,0.45497621860037674,0.01873038670954907,3.4534546728225948,0.9064462407407441,,,3.0,1.5811388300841898,686.8,803.9674744664737
Replace,20,0.0,0.0,2.575322832617444,1.2042378674868655,65.28696653687298,16.871216398896106,130.40586377481208,34.268106487466135,0.9561485047008886,0.09957632476113268,0.4591740764459472,0.06694116069975214,0.9945155540366942,0.005805598994784733,0.4607523819474699,0.02108954127327166,3.696327045068256,0.8483661092299194,,,3.0,1.5811388300841898,686.8,803.9674744664737
Replace,21,0.0,0.0,2.6615016372694327,1.261306170429049,64.13661548053855,18.089491461977264,128.10264700388254,36.49216403283935,0.9344260453303171,0.07108595147736402,0.4754691896381861,0.10796982994483328,0.9918395988843169,0.009191775674262917,0.45401601306840444,0.029641324316269695,3.8817986421711965,0.789483390564193,,,3.0,1.5811388300841898,686.8,803.9674744664737
Replace,22,0.0,0.0,2.828226812947776,1.6300916052686656,63.38315615731651,15.748417697480503,126.10677253719032,30.24742588358699,0.9276553929134081,0.06804766472061892,0.4599877485394863,0.08192177481933263,0.9902114543300768,0.009194965102523085,0.4479224969126581,0.028880631011575272,4.143026585915933,1.2196964211588786,,,3.0,1.5811388300841898,686.8,803.9674744664737
Replace,23,0.0,0.0,2.9420095420340893,1.373704311532424,62.14476847813969,13.8461540410921,124.77167630824809,28.4062146467747,0.9207149357948967,0.0811586956695101,0.5365193032744535,0.128343446619425,0.9899918694239375,0.011341604744118865,0.45106654068156404,0.036362295872301865,4.111226449444684,1.1020536234334661,,,3.0,1.5811388300841898,686.8,803.9674744664737
Replace,24,0.0,0.0,3.1583708869615172,1.2557851111440428,61.28105849082351,13.062522200892607,122.70286204418176,25.812591177255733,0.9083978033082343,0.08838640724512616,0.5308779109206169,0.035754597472477834,0.9867691330052498,0.018828783285945786,0.44756160134041567,0.047418448098191505,3.9944132685948475,1.1733062212548524,,,3.0,1.5811388300841898,686.8,803.9674744664737
Replace,25,0.0,0.0,3.102500471853613,0.9195828783174899,59.86955212220363,13.44157995698177,120.63343667860836,25.45712761296424,0.8945990490905624,0.10532569421175626,0.5186581766719025,0.07147636200372508,0.9797586869217374,0.02782733780390469,0.4289772574795806,0.04857909596549886,3.9447338586574063,1.1782078207253162,,,3.0,1.5811388300841898,686.8,803.9674744664737
Replace,26,0.0,0.0,3.739675835259694,1.5440226944715667,59.310732655825724,14.031440829147085,118.70996123742825,28.032447924315665,0.8763568963744675,0.09672416208623191,0.5712176029270568,0.10004815264662535,0.9750109332195915,0.03225106036497156,0.42060218305445235,0.05290410957617211,4.065584789744052,1.1142844282824167,,,3.0,1.5811388300841898,686.8,803.9674744664737
Replace,27,0.0,0.0,4.025206948206936,1.9514894547303738,59.221415560872266,15.032866933379575,118.26339986210846,30.060433006092975,0.8703329542036172,0.09794720827779346,0.5916606353541913,0.11238500484662903,0.9632498297937218,0.03285751935914584,0.39730236325724555,0.05014129388437931,3.8205572213536847,1.2408066834815872,,,3.0,1.5811388300841898,686.8,803.9674744664737
Replace,28,0.0,0.0,4.642511346975544,2.4202129200636233,59.67792817166439,15.31026278657075,119.87228898746517,31.193144853620467,0.8816185616510946,0.10303843268843604,0.6263514606823094,0.10223958615341291,0.9561530247656925,0.04225335659638537,0.3928821230632108,0.0656815770829567,3.99073588510198,1.2834420250370127,,,3.0,1.5811388300841898,686.8,803.9674744664737
Replace,29,0.0,0.0,4.53647884734333,1.9030721042930883,60.26828511358385,16.228525385980856,119.69412355818358,31.31257761679941,0.8795887303651625,0.09260576267967217,0.6578282590521053,0.133089744298856,0.9616108373285954,0.03322000392448148,0.3961089937949435,0.05386666676645591,4.0312998424201805,1.327574312611552,,,3.0,1.5811388300841898,686.8,803.9674744664737
Replace,30,0.0,0.0,4.9999589063971825,1.9025385189845883,61.21339973572801,16.428823505829474,122.34267576995285,33.1838851178,0.8991287164935835,0.10077729057495721,0.6419682128424908,0.08179729605006936,0.9513533350552027,0.03119046091485899,0.3818686946314597,0.05756722919583062,4.133785879047921,1.365533072606226,,,3.0,1.5811388300841898,686.8,803.9674744664737
Replace,31,0.0,0.0,5.650295871871191,2.5379190686580224,61.82006339572846,18.37030337495125,123.2921141411944,37.09312920537221,0.9036757845939671,0.12232214683917357,0.6936794102345843,0.13459958734504388,0.9570944469346593,0.030683044673213724,0.39320807118333123,0.06380047169114463,3.9107006159911117,1.3367681576879498,,,3.0,1.5811388300841898,686.8,803.9674744664737
Replace,32,0.0,0.0,5.299153122927781,1.485687367226577,59.414196232643555,15.426258681045566,119.41548512882977,29.5424993958568,0.8849486819193529,0.12339809194754019,0.6759729969557302,0.12068109711268336,0.9583982571964716,0.02858057699738764,0.3939907831339823,0.06111567269451777,3.8525125086145318,1.2581722825179458,,,3.0,1.5811388300841898,686.8,803.9674744664737
Replace,33,0.0,0.0,5.191470303102696,1.6580073081382578,59.05879135596457,14.672761069638929,118.03971061813718,30.65948904197656,0.8717757731262796,0.10829820245202948,0.6428679005070657,0.07449208262856921,0.9521960819775798,0.03677589605853025,0.3826273114888997,0.0561195563906913,3.9482034139997033,1.0032051351564726,,,3.0,1.5811388300841898,686.8,803.9674744664737
Replace,34,0.0,0.0,5.148125290615665,1.9941266997321465,58.48981192820179,15.58036655372402,115.9685574130663,32.381828132867454,0.8528571051335708,0.0964215442225899,0.6941945530903387,0.06883034118697204,0.950839156822361,0.04045952291233974,0.38114656828138005,0.057127477311778,3.8604103423227003,0.9886870885865902,,,3.0,1.5811388300841898,686.8,803.9674744664737
Replace,35,0.0,0.0,5.003536644706481,1.0349017017328248,57.94789323853102,13.47785649997789,115.26838789192179,28.53125109369483,0.8539438584873162,0.11310842217173712,0.680607591111446,0.06341618798514409,0.9436803989170555,0.049726247614096435,0.3739861138950242,0.06346970864472429,4.1677268314554095,0.9619514527559987,,,3.0,1.5811388300841898,686.8,803.9674744664737
Replace,36,0.0,0.0,4.678168657872125,0.9153777510480763,57.861885676744734,14.023778652400217,116.03573931602357,29.346068671555095,0.8574909678970037,0.10295201984471801,0.6761054803207299,0.06312580304709887,0.9406010782899854,0.05399121160333885,0.37204983627976707,0.06837808863523052,4.169294785705327,0.792712675412097,,,3.0,1.5811388300841898,686.8,803.9674744664737
Replace,37,0.0,0.0,4.969141491653028,1.5017846023262564,58.00816675810785,13.396587345540302,116.69479376003792,27.364388418107,0.8659155738863072,0.11863453885713962,0.6597368330984751,0.05145611324069906,0.9444536798914592,0.05609896948362094,0.3787259875536594,0.07150028389661062,4.3239604636205815,0.873805436340554,,,3.0,1.5811388300841898,686.8,803.9674744664737
Replace,38,0.0,0.0,4.7270750480581,1.1495348136420755,58.13979399411401,13.744011512685525,116.62877250816504,27.34420704474865,0.8654272619166281,0.11606121108619051,0.6796087494813624,0.0993304624551692,0.9435258679655855,0.06035396460486147,0.3795590637275183,0.07559645479920615,4.353681249847215,0.8716611331387529,,,3.0,1.5811388300841898,686.8,803.9674744664737
Replace,39,0.0,0.0,4.9469211716781665,1.2499046225626649,58.38288239108565,15.301855351529127,116.82610635080528,29.941365662160003,0.8680508112771166,0.15228454694952806,0.6667743325945944,0.06102735656605741,0.941897752626389,0.059256153076966064,0.3751692249993911,0.07117479157867304,4.41031101146384,0.7737544584480583,,,3.0,1.5811388300841898,686.8,803.9674744664737
Replace,40,0.0,0.0,4.76940713118151,1.2859830724255945,59.57269868928854,15.12741791045982,119.51801617799165,29.572922710586997,0.8907147286725575,0.1712943123853056,0.6675103841437598,0.06999282836479091,0.9452494171334491,0.057299752190487885,0.38354692886111164,0.07872717015672326,4.689785571372798,1.0288416491148762,,,3.0,1.5811388300841898,686.8,803.9674744664737
Replace,41,0.0,0.0,4.705298598830511,0.9635003618415279,59.52169568614545,17.331742095877264,118.58273456268678,35.85279424977633,0.8765804007554434,0.16634996679992062,0.6935986683233353,0.045818628291195374,0.9382066412143942,0.06203855741538582,0.37534278413090844,0.08152794977726364,4.781537595649818,1.0119894293113012,,,3.0,1.5811388300841898,686.8,803.9674744664737
Replace,42,0.0,0.0,4.896601668081752,1.2954134879135104,59.957266122685425,18.959332923400165,121.26035233842875,41.97390943558619,0.8882259390472829,0.1590535337313985,0.6856752285783255,0.07027972221089462,0.9276969696329065,0.07263951697304427,0.36768378384988404,0.09208209530901236,4.946702707448911,0.9359378111237254,,,3.0,1.5811388300841898,686.8,803.9674744664737
Replace,43,0.0,0.0,5.0619445486742745,1.167279348327567,59.19645923613767,16.25856437505517,119.23006077425896,35.6009225519,0.8771705078294726,0.1328026797356165,0.7083019557410658,0.035903693443591476,0.918477725621214,0.07440102890285684,0.34956730291871985,0.07683491737834407,4.742063507556379,0.9618992873975046,,,3.0,1.5811388300841898,686.8,803.9674744664737
Replace,44,0.0,0.0,5.2534765857644965,0.9189653912790888,59.990864794151285,20.23370066825716,118.97337484574689,39.07457530580898,0.8706859766436292,0.135155487178014,0.6699368250757444,0.017796524395971923,0.9137223039322094,0.084687930862247,0.3467865009191424,0.08179690786779521,4.682973632529735,0.8200331453995894,,,3.0,1.5811388300841898,686.8,803.9674744664737
Replace,45,0.0,0.0,5.224906198270648,1.3070746117792962,61.46024381080101,23.717080715496746,123.4478565087503,46.98518102810805,0.8993448309932823,0.17954733084949748,0.7133914002691306,0.08650207840496099,0.9052838445274134,0.0969736500207637,0.3413719250939892,0.08884457170626012,4.772039163728935,0.9662266513430947,,,3.0,1.5811388300841898,686.8,803.9674744664737
Replace,46,0.0,0.0,5.41729575960523,1.5358748162966878,60.61313361830893,24.696108180654278,119.93620328466179,46.99052317655979,0.8684886813056434,0.1579626988393083,0.7097886064151135,0.05606713344152941,0.8938120046503943,0.11179314126493817,0.3356650506012707,0.10032110222255529,4.815945886372726,0.8200361667874214,,,3.0,1.5811388300841898,686.8,803.9674744664737
Replace,47,0.0,0.0,5.335739741082497,1.7231658045640088,61.655889720866334,30.674609709302562,121.52095068307622,57.99340572527683,0.8716120246201988,0.22588104721871086,0.717869403237776,0.037585662503019056,0.8968183224285449,0.11352848538823578,0.3400461465627819,0.10279571206607083,4.737810306612433,0.8666402038207305,,,3.0,1.5811388300841898,686.8,803.9674744664737
Replace,48,0.0,0.0,5.69849551879764,2.1291927272918527,59.85034463589926,29.84497431072167,119.59529796573557,59.84992754063885,0.8540518749243509,0.22820355323003583,0.7817844856652094,0.07698191999223929,0.8961454376341564,0.12910828528882282,0.3505808899144109,0.12082525971174218,4.855135710091238,0.9132810091761216,,,3.0,1.5811388300841898,686.8,803.9674744664737
Replace,49,0.0,0.0,5.804353711688954,2.039415942188642,60.01582208862035,32.3443225841216,120.93965546205709,67.51009569155327,0.8575055673756833,0.27036513685870833,0.8024425369799177,0.12693779551564394,0.8995629202989239,0.12442189493676019,0.35217623438621537,0.11782575152754754,4.851528620099385,1.1391699558614137,,,3.0,1.5811388300841898,686.8,803.9674744664737
Replace,50,0.0,0.0,6.118077672631318,2.177296212298489,61.405891236143894,34.85409829473055,121.56984897848835,67.62084152915503,0.8608205041188249,0.26800300636258284,0.7956386847439434,0.11184144187119609,0.9015271791393419,0.11707341428978517,0.3520286344270704,0.11476104768416755,4.999072340014392,1.1421799972763527,,,3.0,1.5811388300841898,686.8,803.9674744664737
Replace,51,0.0,0.0,6.441248627829798,3.2321589795431334,61.14510968536224,37.6162932636655,122.69456156673326,75.89251322874398,0.8605378664635314,0.31543331621996207,0.7939622819253321,0.15408046303978892,0.9072310032495879,0.09499301336841558,0.34472016293186036,0.09182654944178682,4.911736084228515,1.1575994669106298,,,3.0,1.5811388300841898,686.8,803.9674744664737
Replace,52,0.0,0.0,6.398821963357741,3.549471638108182,61.39713662415702,36.253882475222575,122.61018635224869,70.66260662635194,0.8665555907731907,0.2906139114113754,0.842785624508488,0.16351227499624377,0.9023269891336436,0.0958854773896179,0.33833664708317973,0.08897631382856033,5.116240869323687,1.5060299481116164,,,3.0,1.5811388300841898,686.8,803.9674744664737
Replace,53,0.0,0.0,6.70632912687921,2.8571764165675444,63.58536093702595,42.29280849439727,127.59655354481644,85.47977391941521,0.8893256134411652,0.36444831255255394,0.8402834262446686,0.18276551485564363,0.9044104011511223,0.08982438385195853,0.3394248595778742,0.08711126592429223,5.199343029184219,1.4088779901588036,,,3.0,1.5811388300841898,686.8,803.9674744664737
Replace,54,0.0,0.0,6.376547639470198,2.811737821485417,66.68901686071425,45.47768363893067,134.47677449888025,92.77800470308875,0.9334791604318211,0.3989267369037048,0.7817783978174007,0.20231434616962699,0.9027065635701709,0.08565395212370656,0.337211617074313,0.0863760721613752,5.339063350238832,1.517339748510865,,,3.0,1.5811388300841898,686.8,803.9674744664737
Replace,55,0.0,0.0,5.9407731540652495,2.4367520214036995,69.64578154526502,48.6741294127526,141.02680366578443,100.44074752951852,0.9790938683201951,0.438392481651536,0.7947590301224865,0.17753027799655752,0.9106674709843618,0.08578933449872986,0.34789475237702366,0.09146267443049949,5.4168411797141065,1.4883654709924876,,,3.0,1.5811388300841898,686.8,803.9674744664737
Replace,56,0.0,0.0,6.376275090794759,2.501261080681489,66.4581104144131,42.48325292869856,130.5025008709203,79.68732486021875,0.9144178367283049,0.32184628796639025,0.7959580577062506,0.1752906757047545,0.9020413649610723,0.09609787246119572,0.3410426139962328,0.09546902519650843,5.477512181553843,1.4070099568190444,,,3.0,1.5811388300841898,686.8,803.9674744664737
Replace,57,0.0,0.0,6.032044423138553,2.59311751177033,65.68352074208568,40.140218398981894,133.04272540961992,83.23818473432657,0.9310737697629985,0.3448028937564561,0.7995594839737106,0.0969487346766239,0.9119851968015673,0.09012700604912238,0.3533271851609833,0.09890906862123525,5.602252189710636,1.5338161183470707,,,3.0,1.5811388300841898,686.8,803.9674744664737
Replace,58,0.0,0.0,6.178741220416477,2.5499259119805857,67.08313324892953,41.17760683518889,134.34741945812593,83.28584631160383,0.9412291129351372,0.34236687463204624,0.8092118877412927,0.19085518074854668,0.9132801595902265,0.07970927597436528,0.350005634087306,0.09034395951958175,5.8997935508020465,1.6236905984576102,,,3.0,1.5811388300841898,686.8,803.9674744664737
Replace,59,0.0,0.0,7.099428385969904,2.77064281254836,66.77452335936957,38.85858824777273,131.08012359070457,71.52748105842258,0.928646552690458,0.2799335298456519,0.8386034558934676,0.126290542285629,0.9078381008510604,0.09144146875826922,0.3492191683473886,0.09978981165003523,5.994129407347644,1.4199120971013452,,,3.0,1.5811388300841898,686.8,803.9674744664737
Replace,60,0.0,0.0,7.710755830767434,3.3376957650678887,67.8894898775374,42.21206574373208,136.41795692877764,83.99383010706381,0.9575524069351186,0.3458318542853297,0.8997496717443635,0.13386824921682594,0.908508383536013,0.09996389383986644,0.3551582127063445,0.10834591689821528,6.151743816393276,1.548164614343996,,,3.0,1.5811388300841898,686.8,803.9674744664737
Replace,61,0.0,0.0,8.179520069470948,2.857883570331577,67.44698341917675,40.611507591010785,136.18562814826433,84.64866203546912,0.9569866257449666,0.3548410724447938,0.8773520158606678,0.13277621082366875,0.9044242576110924,0.11148317925812178,0.34757000306511,0.1019888460095411,6.148847255148917,1.48099716658773,,,3.0,1.5811388300841898,686.8,803.9674744664737
Replace,62,0.0,0.0,8.408986997204668,3.435086490569662,68.66631293402341,43.10666012262994,138.1132422536844,87.47452555295578,0.9707160422677259,0.3711489123444334,0.9207635489891508,0.15057818106496584,0.9115876546312031,0.09578309678321897,0.35256332181477934,0.0978762115283985,6.365603537500112,1.6900599993471621,,,3.0,1.5811388300841898,686.8,803.9674744664737
Replace,63,0.0,0.0,8.928304817923056,3.786360188181148,67.73617837008354,44.266085716562266,135.67471467804074,88.4652630336543,0.9451505845045105,0.3714269726168579,0.8783808310535285,0.16536819143573353,0.9195941997278517,0.09331799849043602,0.3589439054301996,0.09267174563679723,6.101937263461393,1.688242097121085,,,3.0,1.5811388300841898,686.8,803.9674744664737
Replace,64,0.0,0.0,8.607005134205858,3.37501215647511,66.24427948518137,44.85234717089386,134.41049341576235,90.08936283833934,0.9338687861704649,0.38228169714961735,0.9019003438652831,0.1616244438127104,0.9266622493435609,0.07697699319727248,0.3616000064508346,0.08244270729007705,5.978932337254574,1.499122402448665,,,3.0,1.5811388300841898,686.8,803.9674744664737
Replace,65,0.0,0.0,8.381907958353896,2.916399244907222,68.86339361814386,48.46407234996985,138.96455972499857,99.24961438425453,0.960200893801159,0.4315735536356542,0.9463692050775275,0.12881197701873806,0.9277870032761243,0.09243136038102612,0.37199436006462133,0.09782408495423904,6.1389113286524095,1.6360420890503329,,,3.0,1.5811388300841898,686.8,803.9674744664737
Replace,66,0.0,0.0,8.696701018210216,4.055928820269116,68.6560407870109,48.48373429709982,137.5314461376717,95.45969875035638,0.9537258861831678,0.41231769778269284,0.9458908968692953,0.18033775331852864,0.9318819936231865,0.06471062740390714,0.3660341743892393,0.07915334741887409,6.0947804210150185,1.5135639233430844,,,3.0,1.5811388300841898,686.8,803.9674744664737
Replace,67,0.0,0.0,8.923768765280283,4.3021002667098145,68.52226339273821,49.667642455518624,135.89623112548324,98.47361496550707,0.9343885080898724,0.42919603130174194,0.9316666503650726,0.14258348535889084,0.9217701814588001,0.0699086625332045,0.3532147868167814,0.07706158313697303,6.2079353635023,1.5520840854850233,,,3.0,1.5811388300841898,686.8,803.9674744664737
Replace,68,0.0,0.0,10.803600929524043,7.4631491602534155,67.72762254891674,49.19913923847545,135.88949128116042,97.3712567838697,0.936786636989619,0.4249107433041617,1.0948738352865464,0.3147511706881736,0.9183506042528174,0.06273809730804339,0.3495433469512792,0.07797592124827088,6.327921324032593,1.6480162434729673,,,3.0,1.5811388300841898,686.8,803.9674744664737
Replace,69,0.0,0.0,11.059888970549519,6.892238879111839,67.10735055155914,46.577725413297884,134.80217183983308,95.49172585315054,0.9280985995818132,0.4198809573171038,1.0868025289446224,0.23134361730400982,0.905439301494968,0.06831344006203222,0.34119999978602633,0.09031721867196206,6.437555981710905,1.6831942820333423,,,3.0,1.5811388300841898,686.8,803.9674744664737
Replace,70,0.0,0.0,11.42206123095757,8.21309891767559,66.767870444372,46.04600099465572,131.8661703722973,90.32235305443162,0.9113377413111765,0.39594109443107844,1.0708924455883706,0.30651310780298524,0.9092556720649991,0.08005891464044007,0.3488707558325778,0.09696592294291957,6.636253753681065,1.7686103112829763,,,3.0,1.5811388300841898,686.8,803.9674744664737
Replace,71,0.0,0.0,11.412918873278365,7.868968992006567,66.02252956428192,46.19699143246282,132.41820707148935,91.8165088508737,0.9120802711042068,0.3998557328265278,1.0333005063564003,0.17152948410887087,0.9152785434139403,0.06873293481078753,0.35200000685655325,0.09060905221272479,6.652170328896905,2.011812343202659,,,3.0,1.5811388300841898,686.8,803.9674744664737
Replace,72,0.0,0.0,12.562273613711717,8.990196188855558,68.02491886519559,50.509617341035764,134.7597531548364,98.55556896378584,0.9231776842244568,0.438402161140082,1.1173126559768678,0.21653000794202404,0.9104045007916927,0.08469308934918601,0.35319178226185527,0.10233255229365053,6.828089375073825,2.258842119194761,,,3.0,1.5811388300841898,686.8,803.9674744664737
Replace,73,0.0,0.0,12.580577428935861,9.768231747446656,66.92620423084647,49.65443055228842,132.81980277317007,96.19478048558518,0.911087326732115,0.4240273247802229,1.0873726093688674,0.343047175534991,0.9259924332472,0.07318056419532838,0.3627833188137083,0.08679947433296342,7.027607269825777,2.494442368902835,,,3.0,1.5811388300841898,686.8,803.9674744664737
Replace,74,0.0,0.0,13.026751794795643,11.416974189921897,67.64118114717508,50.803842138274554,135.0130927583055,101.23843687518664,0.9214920715530553,0.44757542423332797,1.0750475117901375,0.2949309910469481,0.9104532756439283,0.090715917581002,0.3560030797203686,0.10670837671222819,7.095787570801446,2.5134647150439977,,,3.0,1.5811388300841898,686.8,803.9674744664737
Replace,75,0.0,0.0,13.575542241376843,12.584002434219705,70.09506962932225,53.432689509829814,142.66542229864942,111.66294389715448,0.9693047221066052,0.5031000691481684,1.1740539153117429,0.35003374655966535,0.9080173124423988,0.09096982198864374,0.3467999408864312,0.09472691921678263,7.275400934045203,2.4490267363743823,,,3.0,1.5811388300841898,686.8,803.9674744664737
Replace,76,0.0,0.0,14.89002779847485,14.596731692650486,71.30399337406469,55.98565048558451,143.12198360313192,112.6337152356182,0.9701072252064131,0.5035229024687232,1.152043719810042,0.3600967029909654,0.8971166133984061,0.10653674623304787,0.34320000020434543,0.1087529313936681,7.266592380761907,2.2628082848233015,,,3.0,1.5811388300841898,686.8,803.9674744664737
Replace,77,0.0,0.0,16.557684437245108,17.455857026789396,70.07757767204278,54.04758513632874,139.3100373847297,109.87469670460699,0.9450263093629856,0.492502934454278,1.2368306435675536,0.4442156781646664,0.8907138234179319,0.11898936491413266,0.33839751104653937,0.11097035289538627,7.355788955600076,2.1378229631837207,,,3.0,1.5811388300841898,686.8,803.9674744664737
Replace,78,0.0,0.0,16.936464547280984,17.52324001533651,70.70556608558607,59.445112824913224,141.87524067501286,117.88461767390193,0.9548457640112753,0.5389597630201514,1.1715779083852924,0.4492865090353769,0.8899009976569662,0.12404461034277488,0.34079976636475107,0.11622890524617102,7.483935499769001,2.209339410546029,,,3.0,1.5811388300841898,686.8,803.9674744664737
Replace,79,0.0,0.0,17.438931275494088,17.02421345097204,68.7445822282188,56.57317077824505,137.99947326561067,114.21910970846307,0.9256636356014514,0.5191602759218521,1.2824273658608392,0.393620099010435,0.8737055292393124,0.13908089271726146,0.32639999989312624,0.11748531824837677,7.48969870458981,2.2196174430843687,,,3.0,1.5811388300841898,686.8,803.9674744664737
Replace,80,0.0,0.0,16.15034690847108,14.922090928436896,68.12083706359844,54.23169490164157,135.25889895750066,106.69987781448206,0.913726906011596,0.4765688620058821,1.2289417591785123,0.4224960889578744,0.8918928110141676,0.13536996193103207,0.34440001095595596,0.11769793048002061,7.153966984410926,1.9899929709191169,,,3.0,1.5811388300841898,686.8,803.9674744664737
Replace,81,0.0,0.0,16.636554420260843,16.414823226376438,67.5004396844354,55.65746156867852,137.6271754583237,115.98395677355977,0.9204827093085267,0.5317083899657231,1.2732868875238617,0.36428823989636516,0.8778785335258847,0.1658830458406857,0.340800110437489,0.13183788341122862,7.23518049940927,2.269377999062754,,,3.0,1.5811388300841898,686.8,803.9674744664737
Replace,82,0.0,0.0,16.700216025514397,15.970548585067013,64.55418695707885,48.31307054263825,127.08583955484707,94.3158602504223,0.8629373067257802,0.42049585972962156,1.2076497485317144,0.31208551465755857,0.863823300880681,0.19262463878630415,0.33919997069129876,0.1470278660041232,7.292738659361658,2.434981646549832,,,3.0,1.5811388300841898,686.8,803.9674744664737
Replace,83,0.0,0.0,16.78975924810588,17.440307621435622,61.7026857425634,43.48792863765856,122.99409270823466,86.3759313191199,0.83849667264666,0.3757993115813706,1.1576139969347303,0.46628819750398787,0.8616904197803368,0.17877902547503202,0.33599998493836136,0.14709179450109194,7.069799793539843,2.5832591004595167,,,3.0,1.5811388300841898,686.8,803.9674744664737
Replace,84,0.0,0.0,16.346921719446602,15.788622939584494,63.3403654926013,45.19190092259451,126.50891348599075,88.79603706776307,0.8596836294095198,0.3860266248225897,1.2072064089871681,0.4403495252130749,0.8602268910567179,0.19035927610863532,0.33439999896592504,0.14555686082138575,7.256157823853846,2.469423193191373,,,3.0,1.5811388300841898,686.8,803.9674744664737
Replace,85,0.0,0.0,15.442448713124886,14.915184984868983,62.9733174151411,42.944275908309095,125.32439579980053,86.19069678300743,0.8554818333098785,0.3765886769542689,1.1242236648408244,0.32771598413104563,0.8730633417290639,0.1637549177256344,0.3347999999664333,0.13026588192239144,7.287132278108186,2.3992646349785782,,,3.0,1.5811388300841898,686.8,803.9674744664737
Replace,86,0.0,0.0,15.483755520631012,15.28398385610281,61.66129704949329,44.092119859645734,123.35525908035947,85.67423782404555,0.8419346823466887,0.3760775390711916,1.1613448948999836,0.45108051318657677,0.8655919681219914,0.16751334514671978,0.3287999445644975,0.13180737473534035,7.069234877842405,2.3415249545428423,,,3.0,1.5811388300841898,686.8,803.9674744664737
Replace,87,0.0,0.0,14.538243879632793,13.618174330422542,61.30605364438675,44.45325233789775,124.03186003143007,90.7258538713761,0.8441294668777675,0.4053275991523276,1.2032027266640735,0.4852911133397992,0.8659089100831459,0.1670079647066088,0.3268000000054833,0.12805155212569097,6.889680835506553,2.1423488673885003,,,3.0,1.5811388300841898,686.8,803.9674744664737
Replace,88,0.0,0.0,14.447204004596378,13.357308633254574,61.20513104073884,42.81315420614733,122.4966606565049,86.77814166600878,0.835153218715044,0.3850785434518325,1.1697650945079148,0.31406785490052425,0.86028801658966,0.17731284722950696,0.3224,0.12819828391987154,6.928446250014053,2.190600360800446,,,3.0,1.5811388300841898,686.8,803.9674744664737
Replace,89,0.0,0.0,14.602987273716398,13.57044479448118,61.480827753453255,44.467048218731804,124.66098963478134,91.54555998809464,0.8476404063806534,0.4160071726587059,1.1513365575013705,0.35119657287135864,0.8715178699440222,0.16721867551376698,0.3296,0.1237529797621051,6.9126771474109345,2.402858727558661,,,3.0,1.5811388300841898,686.8,803.9674744664737
Replace,90,0.0,0.0,15.138880701222723,14.009293213054834,62.730130280598544,44.26492872230182,125.07916821332148,84.42956430905573,0.8555372455330745,0.3799169753182848,1.1559919828465308,0.39825861134247464,0.8695902945780773,0.1721147182851142,0.33559999998973167,0.13589996320234288,6.9803174802906,2.426572811613787,,,3.0,1.5811388300841898,686.8,803.9674744664737
Replace,91,0.0,0.0,13.623409930087035,10.739262943590132,61.31745706524502,44.02185557764367,121.5632099111638,86.3931022402074,0.8290688101524472,0.38579117778455163,1.131013212356209,0.21354470118629057,0.883140683515605,0.1633265487950965,0.34319999999994405,0.12746450486308422,7.061069050897977,2.323031314700008,,,3.0,1.5811388300841898,686.8,803.9674744664737
Replace,92,0.0,0.0,14.387641474582292,12.088414571697932,62.025987326398635,44.3668532700851,123.57509179276951,88.22517505751819,0.8454969200431555,0.40045938729314623,1.1778312790829222,0.27768317190780606,0.9081258022383007,0.127223333862727,0.3616,0.11685375475353799,7.3513260376507095,2.4690128878805857,,,3.0,1.5811388300841898,686.8,803.9674744664737
Replace,93,0.0,0.0,15.078388229305975,13.7495430300074,62.509117645549324,47.229373671137076,124.95177769510312,93.99119062355607,0.8480951852077918,0.42660391518553425,1.176865096952249,0.36035368585335853,0.8951231348766877,0.129388761791168,0.351999999999999,0.12467557900406899,7.475801188205608,2.3970564576171816,,,3.0,1.5811388300841898,686.8,803.9674744664737
Replace,94,0.0,0.0,15.804749431230315,14.808219402251058,64.92189246837232,52.38915071166568,129.0454671931355,104.44236723044962,0.8682804842503927,0.4797698437009853,1.2703653977244946,0.3971532324648945,0.8809578734900583,0.11941655162306818,0.3271999999999521,0.10778311556081754,7.5509604335296014,2.4378688382402984,,,3.0,1.5811388300841898,686.8,803.9674744664737
Replace,95,0.0,0.0,17.06570203578053,16.74880029818246,65.30469904933639,52.5329867885789,130.53895229625215,103.52215713222319,0.8774673558974992,0.4723030514424886,1.3134180195222074,0.3972282649129065,0.8781622824342301,0.1343465486093597,0.32920000000000005,0.11531348576814426,7.502734678896428,2.4026098494664274,,,3.0,1.5811388300841898,686.8,803.9674744664737
Replace,96,0.0,0.0,16.851351717146873,16.456874829492182,59.553186021306715,43.64571518570345,118.23757933559143,85.4283795372301,0.804855097209126,0.3748445712888345,1.2427195872754495,0.4924872504103725,0.8851271754810627,0.13319334508634084,0.3391999816538816,0.12093468234899728,7.272044247832531,2.377797506557651,,,3.0,1.5811388300841898,686.8,803.9674744664737
Replace,97,0.0,0.0,17.202715379000296,17.98184863432623,59.7066447128844,47.499567600056736,119.8619968696579,95.84318135124931,0.8064615251085708,0.43318282599216307,1.2251348030207445,0.458261285856259,0.872346820300303,0.13370638673936183,0.3296,0.1259317275352006,7.425029189639798,2.4594263703258332,,,3.0,1.5811388300841898,686.8,803.9674744664737
Replace,98,0.0,0.0,17.477493712772326,16.937686413078197,57.52703407694148,44.581453568646154,115.08783910794371,88.88022823374968,0.7753195000808888,0.40080497739723064,1.278017042555984,0.380437037296974,0.8797433995583918,0.1323431280902142,0.3315998605933765,0.11711865924677954,7.438012606240944,2.4280682205570296,,,3.0,1.5811388300841898,686.8,803.9674744664737
Replace,99,0.0,0.0,17.473202618909692,17.62352532174589,56.70334003971777,45.27954585444452,113.4527567211884,91.08200246311233,0.7616663009639295,0.4133102887929035,1.2897506567704526,0.5024961104892329,0.873611192035437,0.1282741249706932,0.32000000001467327,0.1060848716909599,7.50149841308659,2.4566347850292436,,,3.0,1.5811388300841898,686.8,803.9674744664737
Replace,100,0.0,0.0,17.368165619531283,16.699535575096387,54.750927125726776,42.041871841913675,111.49575960267885,87.57739467342418,0.7509829125111132,0.39133986673044757,1.1637647067248142,0.33655455031595244,0.8741323530076117,0.12650323564603427,0.31799999999999995,0.10085633346498374,7.4861606634044975,2.3955411507454007,,,3.0,1.5811388300841898,686.8,803.9674744664737
Replace,101,0.0,0.0,18.288872624740197,17.01689360653489,54.29921692316573,42.56195742019397,107.69214925946281,81.8201393355321,0.7292468840769526,0.35813531439655716,1.311707002980628,0.46375852277493074,0.8725614378528798,0.13479484971201255,0.3224,0.11230672286199077,7.371134159505582,2.2954261133382223,,,3.0,1.5811388300841898,686.8,803.9674744664737
Replace,102,0.0,0.0,18.43665289890716,15.946728270169304,57.367176917156584,47.32210965996665,114.91231967498352,95.12514416771819,0.7709631522151262,0.4276757887705879,1.3149438382157022,0.41751816717497237,0.8744073141326327,0.12349671793392739,0.32,0.10504284840006958,7.3622220278122485,2.1689749368883198,,,3.0,1.5811388300841898,686.8,803.9674744664737
Replace,103,0.0,0.0,19.483427412520427,16.580450444005134,55.78701351199902,45.518990362430294,114.19889410288246,96.99448984463069,0.7609327233580829,0.4419335188181275,1.3305434278100496,0.48931559167704625,0.8432517337725729,0.16050151396760634,0.3016,0.11838412055677063,7.3559062414171335,2.2450802942115096,,,3.0,1.5811388300841898,686.8,803.9674744664737
Replace,104,0.0,0.0,20.97584355134445,18.057118813069714,53.5054858313929,43.23161440824725,107.16365155027981,86.200944771195,0.7205030200694823,0.3845126639218073,1.2922632056171586,0.3760210120555882,0.8415275647017589,0.17323223370180366,0.3048,0.12616338613084224,7.361175299984742,2.292830286605263,,,3.0,1.5811388300841898,686.8,803.9674744664737
Replace,105,0.0,0.0,21.521215052360418,18.329726433768307,49.898132470025345,34.87250260902971,100.31969792755595,68.71548812423886,0.6864528702363272,0.28871100987770987,1.3012898835485929,0.4468909190683357,0.8395122812704223,0.18781601010558185,0.3096,0.1362967351039635,7.436782666954306,2.3608496982692238,,,3.0,1.5811388300841898,686.8,803.9674744664737
Replace,106,0.0,0.0,21.620414925451836,17.844017048127903,52.41715824537812,35.91753049247678,103.51307427214502,70.92165231454972,0.7062144718653788,0.3025924799407366,1.390100875381341,0.48904977393350024,0.8475449520585551,0.18253292976131122,0.31720000000000004,0.1380767902292054,7.701798019816943,2.736232480760813,,,3.0,1.5811388300841898,686.8,803.9674744664737
Replace,107,0.0,0.0,23.618477146460435,21.562290352324084,52.77904914812211,38.00759414764996,107.04354484072996,78.40614943619804,0.725898581776909,0.34186622690879925,1.420429274880401,0.540006711377967,0.8451500634249642,0.16737746713512142,0.3124,0.13519911242312208,7.832239571078537,2.8594624167049996,,,3.0,1.5811388300841898,686.8,803.9674744664737
Replace,108,0.0,0.0,23.239721463986957,20.14022226537917,52.489644293595326,35.26490871495633,106.42970802521457,72.73399868903803,0.724965532671842,0.3102303366369622,1.3639602380846427,0.49880966008359007,0.8646866727640592,0.1639346445011491,0.32920000000000005,0.13428030384237294,7.939161729601136,2.8558427472660948,,,3.0,1.5811388300841898,686.8,803.9674744664737
Replace,109,0.0,0.0,24.09029427308606,20.552721869951853,51.90118411768979,36.8203273995899,104.58148421026695,73.8004922509419,0.7091150936942751,0.31897997575526404,1.3920562170296822,0.42191717036172577,0.8597984127771803,0.16378195402363946,0.3263999999999994,0.13710871598844424,7.924603233126078,2.9364475901842657,,,3.0,1.5811388300841898,686.8,803.9674744664737
Replace,110,0.0,0.0,24.802066190074306,20.59538927530204,51.99726566056408,39.13519560287332,104.42429946514585,79.66218561973575,0.700730007904317,0.3573227857339837,1.4715568557936103,0.5295045737484909,0.8458461894181146,0.1891021081104969,0.3176,0.14040227918377962,7.854300572460092,2.9736647792019495,,,3.0,1.5811388300841898,686.8,803.9674744664737
Replace,111,0.0,0.0,24.44934991959212,21.131107689405418,51.53567133541027,38.166862508308405,102.31275817586749,76.36015565409187,0.6877089759328813,0.34063892601538465,1.3541584386068313,0.3882740340347458,0.8290409094309179,0.20031244525088968,0.3028,0.13788836064004822,7.725490400926212,2.9619304049704738,,,3.0,1.5811388300841898,686.8,803.9674744664737
Replace,112,0.0,0.0,22.04086602980509,17.598252588437997,51.8810379385737,38.66297679438207,104.48978347626053,79.2604261175787,0.6994540202512265,0.35769697580565235,1.480937913023812,0.4764027909572562,0.8392810523198688,0.2016251994326924,0.3156,0.14488202096878688,7.759375850708421,2.865428689292679,,,3.0,1.5811388300841898,686.8,803.9674744664737
Replace,113,0.0,0.0,23.507626495674845,19.29889727127218,49.494798711130066,37.85040871238163,99.61549737540506,77.54407828198725,0.6672586100502833,0.3463706881478092,1.3393440336500348,0.3944666130221152,0.8378285412482354,0.1966007028131734,0.3116,0.1410347474915313,7.71868473933135,2.8048421250461453,,,3.0,1.5811388300841898,686.8,803.9674744664737
Replace,114,0.0,0.0,22.538749483613643,18.227633554151776,49.93279078814794,37.516460337339154,99.55555139863972,72.92933904028096,0.6721166870031554,0.31933703083841747,1.4287805843224295,0.5143254906251024,0.8401727436002583,0.19506768561537716,0.3116,0.13783613459467003,7.8404959817363205,2.8231041013109293,,,3.0,1.5811388300841898,686.8,803.9674744664737
Replace,115,0.0,0.0,22.832287043968954,18.26259262331472,48.825834390251075,35.98707079693715,97.7719048441113,71.08675162154832,0.661845459836681,0.30967742462599385,1.434089572270928,0.49873879316991987,0.8490102677532793,0.18076270848924525,0.32039999999999996,0.14133930804981323,7.787099230115797,2.7843224082609987,,,3.0,1.5811388300841898,686.8,803.9674744664737
Replace,116,0.0,0.0,21.621506805700573,17.074359708467448,45.823358118747805,33.020654109776956,92.49156370331127,68.67177518403973,0.6259515228196723,0.3031873521974062,1.4418740328245943,0.44641710711699356,0.8354222419981652,0.1773079091406654,0.3076,0.13988852704921872,7.5651449209002894,2.757702893897982,,,3.0,1.5811388300841898,686.8,803.9674744664737
Replace,117,0.0,0.0,21.29456101637536,16.3591960446358,46.234668528608424,35.724171380959305,92.4042237984755,68.8498771797823,0.6257969181816695,0.3045107789459135,1.3626756190379279,0.3633584471286238,0.8418459946621984,0.1680631917817624,0.3104,0.13645072370639885,7.717291827208541,2.7883369581564756,,,3.0,1.5811388300841898,686.8,803.9674744664737
Replace,118,0.0,0.0,23.077867720168562,18.82376929083516,44.522968838348206,32.036484288072465,89.61750301293695,63.46002992133444,0.6109183644548244,0.27561472691122163,1.4021376064918252,0.42536226811177547,0.8353690838125842,0.1675600470769747,0.308,0.141718029904455,7.66891974898207,2.4914117206100532,,,3.0,1.5811388300841898,686.8,803.9674744664737
Replace,119,0.0,0.0,23.261425315532033,18.359263729767825,44.743238030116444,32.56196147718004,90.39657945561433,65.56379634611774,0.6145538432160109,0.289738781271764,1.3536641501601425,0.34545877033465594,0.829281556768052,0.18975925021912612,0.308,0.1476550033016152,7.651757311008342,2.494015972868995,,,3.0,1.5811388300841898,686.8,803.9674744664737
Replace,120,0.0,0.0,24.479748528170735,19.217451351945893,44.778611569241136,30.683312481848613,90.05559053319469,63.77072235182499,0.6138010790183139,0.2823175698655336,1.4060571965187205,0.38991385508613374,0.830788565532177,0.19979808664051024,0.3056,0.140316784455745,7.849992419808092,2.5525877915826856,,,3.0,1.5811388300841898,686.8,803.9674744664737
Replace,121,0.0,0.0,25.698426612972717,20.853851131238894,44.778372520998815,29.587053929085066,89.20889874428285,58.634408901237755,0.6136388400304968,0.25915249268308227,1.4428288862916194,0.42197300546722954,0.8340149271542685,0.18431713102494174,0.3004,0.1279406112225512,8.021623164396695,2.5846748207603,,,3.0,1.5811388300841898,686.8,803.9674744664737
Replace,122,0.0,0.0,25.893551943096575,22.363698295256416,42.914521040044754,27.48229995299606,85.86801957844303,54.18285246957589,0.5934150164208224,0.24258554376152747,1.460766833990895,0.5236750661587205,0.8211757907070225,0.16529808948102734,0.288,0.12525174649480939,7.940313112967443,2.635411873086423,,,3.0,1.5811388300841898,686.8,803.9674744664737
Replace,123,0.0,0.0,26.679029058795845,22.98687516963679,43.78916911397162,27.907829241724833,88.68447874219719,56.458662920513575,0.6110605124460737,0.2487925502013652,1.4831094277821575,0.5513417867449988,0.8230629332960492,0.1610791317083556,0.2932,0.1333536651164864,8.112229718010983,2.5636626838468652,,,3.0,1.5811388300841898,686.8,803.9674744664737
Replace,124,0.0,0.0,25.788576983531108,20.83980488067306,44.327081295492974,30.296236685207802,87.93505070700107,59.972005702518196,0.5999087030317064,0.26647960198106047,1.4028024397879177,0.3851409857385244,0.8470651250871077,0.14007394194103526,0.3076,0.12627272072779616,8.105493325927444,2.4993220550985886,,,3.0,1.5811388300841898,686.8,803.9674744664737
Replace,125,0.0,0.0,26.54759145837388,22.697739773304278,45.943407045678114,32.45056566108676,91.53353918782979,64.50777894001665,0.6223134736217216,0.29264849532339304,1.4109325506517174,0.36181653358183025,0.8553365824361794,0.13342871436181095,0.3108,0.11957926241618988,8.308957343839301,2.514108849637657,,,3.0,1.5811388300841898,686.8,803.9674744664737
Replace,126,0.0,0.0,25.966403604460716,22.415014127680994,44.50374391496608,31.84258334445807,89.03573054137658,63.32217728504937,0.6063361431337728,0.29289313206123446,1.554049200314234,0.4757530971349965,0.8650264728934781,0.11785719133446537,0.3156,0.11382794033101011,8.098875673869928,2.5796030675142894,,,3.0,1.5811388300841898,686.8,803.9674744664737
Replace,127,0.0,0.0,25.33733759191524,21.84390864993047,43.07929373380785,28.989709230675164,86.09831485498792,59.496238321901416,0.5879295723217384,0.27238284489739933,1.4958996251477008,0.5198986937249485,0.8664741189689416,0.1195664363859816,0.31880000000000003,0.11746999616923463,8.0348237252942,2.5548787326845757,,,3.0,1.5811388300841898,686.8,803.9674744664737
Replace,128,0.0,0.0,25.20550187438902,22.01558054816046,43.832783763779005,29.859083267589043,87.82204197543724,59.722139594499815,0.6026670469496375,0.2749750204161311,1.4081065446445922,0.37417358274478835,0.9012190594631688,0.08233291894102407,0.3416,0.09942233149549451,8.142235211325806,2.582578181319923,,,3.0,1.5811388300841898,686.8,803.9674744664737
Replace,129,0.0,0.0,24.91615284559265,21.426471072902775,41.92154834505838,29.165767120504345,83.83197112746814,59.00665871201195,0.5738686525064893,0.2723913062188922,1.4121976804006544,0.42226511883920387,0.9034382749417308,0.07015926328404375,0.3396,0.09124034195464195,7.984103994526175,2.5277214863689914,,,3.0,1.5811388300841898,686.8,803.9674744664737
Replace,130,0.0,0.0,25.156114083657165,21.87243970083754,41.30438045797091,27.515445256922323,82.60514010009419,55.82367383076795,0.5684590301331152,0.25558149032350663,1.479099391840854,0.4556161366135238,0.9066559075909053,0.05346288966731359,0.33440000000000003,0.07102675552212703,8.083469457452887,2.4007375861114566,,,3.0,1.5811388300841898,686.8,803.9674744664737
Replace,131,0.0,0.0,24.670831201010213,21.383361140057218,39.77893693725654,27.993495490459644,79.5796272968353,56.3282737010029,0.5445906777033575,0.2619656866980563,1.455898153804328,0.38219636288224085,0.9006823022462804,0.06070538373665628,0.3348,0.08725365321864752,8.106497687500925,2.5858223111022944,,,3.0,1.5811388300841898,686.8,803.9674744664737
Replace,132,0.0,0.0,25.38558480684202,22.34185165401296,39.813557438485255,27.167440595230065,79.99307671452729,55.772778075245085,0.5487395006779981,0.26078128610010104,1.4643323831038642,0.4239987798250662,0.9014270914528509,0.059520810896770714,0.3332,0.08156715025057575,8.275663837174317,2.440441056957656,,,3.0,1.5811388300841898,686.8,803.9674744664737
Replace,133,0.0,0.0,25.99816398240019,22.9526214056506,39.93132464700089,27.39910699010197,79.42245468151039,54.36072768193478,0.545765898588759,0.2551979377806132,1.5078379550272174,0.5090575125101694,0.8984982347775956,0.06157805175669243,0.3276,0.07393781170686621,8.307715383861126,2.555977256235506,,,3.0,1.5811388300841898,686.8,803.9674744664737
Replace,134,0.0,0.0,26.50445537452915,23.591783364215065,39.709701140222855,26.740427302474554,79.12132121573973,52.67575091575311,0.5452003199067066,0.24600740227865395,1.434464016150626,0.4034374332088784,0.905275750804783,0.059408709362050706,0.3368,0.0809147699743378,8.261320337608973,2.500271807274143,,,3.0,1.5811388300841898,686.8,803.9674744664737
Replace,135,0.0,0.0,27.54077091866003,25.010319457718477,38.95040238574891,25.138564608813287,78.06377036112343,50.707816120568026,0.539644722436323,0.23916724977870513,1.5494429056573256,0.4800984001942955,0.9004947841615432,0.06929947945083943,0.33399999999999996,0.08524083528450434,8.294838139145844,2.498295429776921,,,3.0,1.5811388300841898,686.8,803.9674744664737
Replace,136,0.0,0.0,27.622437307484137,24.86442980360588,38.355434474228986,24.743593670650593,78.10740545065059,50.45338474195046,0.540256777720658,0.2455843443038882,1.622338597216998,0.5175791256175122,0.897559464413779,0.07063830746941213,0.3356,0.09551334985225887,8.319002846720428,2.4446231372688474,,,3.0,1.5811388300841898,686.8,803.9674744664737
Replace,137,0.0,0.0,28.64584286222738,25.842877811157585,38.473246007582134,24.47917249808432,76.93612390558876,49.01213710089623,0.531876711089647,0.23672704346093432,1.5845675947871256,0.504196475334558,0.8980032406590615,0.06949875104885149,0.3356,0.09461923694471437,8.326584224866364,2.535342058972092,,,3.0,1.5811388300841898,686.8,803.9674744664737
Replace,138,0.0,0.0,27.938785725440333,24.491181600303694,38.19984052047057,24.21504812904971,75.74641159215273,48.140189474275275,0.5246293191746977,0.23616092798529092,1.5320068379854095,0.40039680793290894,0.8976038490220073,0.08456714358434948,0.3344,0.09179760345455648,8.311121576016452,2.52473416552406,,,3.0,1.5811388300841898,686.8,803.9674744664737
Replace,139,0.0,0.0,29.05775249386059,26.03600363417506,37.701554133183855,24.223432482588507,74.88592176864525,48.57139930724885,0.5173829144982947,0.23877110578831262,1.5191430542764954,0.4658381586928681,0.9041287942403724,0.09385646892436293,0.3464,0.10188621103957102,8.183731960233642,2.5740656661110166,,,3.0,1.5811388300841898,686.8,803.9674744664737
Replace,140,0.0,0.0,27.404071051402344,24.380858648289603,38.10579751872713,25.678403931639846,75.87168994989176,51.42944016110114,0.5230634193234023,0.25134995659349274,1.426793289791842,0.2786633118552317,0.9092277506953833,0.0644285215732259,0.3376,0.07199166618435776,8.033692467178176,2.628056118101279,,,3.0,1.5811388300841898,686.8,803.9674744664737
Replace,141,0.0,0.0,26.424607695605708,22.89276595247508,38.814712310103744,27.155768203449867,77.67378153923346,54.5332502112949,0.5324608976174426,0.26215396791487144,1.5239467484366238,0.4279196587305614,0.9151670093236015,0.06521607984857156,0.3416,0.06565668282817827,8.011162584443312,2.62377387688749,,,3.0,1.5811388300841898,686.8,803.9674744664737
Replace,142,0.0,0.0,28.388017216464497,25.34733361349958,37.6725949523508,25.869305874820604,75.27640374520811,50.979456155509155,0.5194935980997324,0.24831204125868783,1.5256426748999161,0.4402088046340555,0.8972155512666866,0.07111085054135849,0.3256,0.07087171509142416,7.976384870557027,2.6571780137363614,,,3.0,1.5811388300841898,686.8,803.9674744664737
Replace,143,0.0,0.0,29.540705093549082,26.039367684009726,36.42324149163052,24.61147554208975,72.64507523333553,48.22325559697718,0.5020375139615927,0.22646338652850137,1.6108259361744808,0.4966892271165529,0.8854700119618724,0.07290890537087495,0.3124,0.06208703568378829,7.973545324732477,2.6208060684780743,,,3.0,1.5811388300841898,686.8,803.9674744664737
Replace,144,0.0,0.0,29.92409106071089,26.334812416022416,36.88246170936023,24.72724357521967,73.67938372909396,48.98369213847936,0.5098329693053085,0.22812501875350122,1.6089277487343474,0.47655993045516043,0.8896584131636883,0.07259248485941944,0.31720000000000004,0.06605452293370985,8.10016253830884,2.7062193338504046,,,3.0,1.5811388300841898,686.8,803.9674744664737
Replace,145,0.0,0.0,32.11450546599424,29.74448309003025,37.4464432325898,25.484564888160243,74.93423909426902,50.63259821425141,0.5183555512126619,0.23826775172184536,1.6116425570011423,0.504749513921771,0.8802675409577395,0.07535144727138449,0.3096,0.06804998163115107,8.267891762147144,2.7372395991324345,,,3.0,1.5811388300841898,686.8,803.9674744664737
Replace,146,0.0,0.0,31.33367486122619,28.230010734021125,38.4717808061617,28.19510869543459,75.99391061983741,55.782645181764835,0.5199020239807594,0.2681331912417094,1.5980141070524554,0.48322037305184457,0.8743390477112396,0.0749594818117626,0.304,0.06595452979136461,8.202156551830864,2.713302578925536,,,3.0,1.5811388300841898,686.8,803.9674744664737
Replace,147,0.0,0.0,31.466401148781472,28.7354459748122,37.82785194485308,26.634113003279086,75.32021205709641,53.30241868836702,0.5190984160378055,0.25588001560751444,1.6389850745834764,0.5289942734679886,0.8934366342291089,0.051414899581023445,0.31520000000000004,0.04592602747897971,8.226726929008485,2.593464378300295,,,3.0,1.5811388300841898,686.8,803.9674744664737
Replace,148,0.0,0.0,34.217002441951266,33.16334015308192,38.29813580668132,27.11303783564653,76.66719007456308,54.471700071385094,0.5286177176683534,0.2638651754124147,1.598867999531618,0.4980976056199563,0.8809059457765752,0.062070961156312526,0.3064,0.054651623946594674,8.389712846617304,2.5589546660902704,,,3.0,1.5811388300841898,686.8,803.9674744664737
Replace,149,0.0,0.0,35.20813090657782,35.17801491650989,37.936159622960375,26.354486422670625,76.62781471367063,53.83117228889078,0.5295182144178281,0.2582603931450012,1.721021402632132,0.6550219736051761,0.8837491717583073,0.06462579938091573,0.3092,0.05604640934083113,8.360456247010067,2.629459643008519,,,3.0,1.5811388300841898,686.8,803.9674744664737
Replace,150,0.0,0.0,35.307292253207116,34.50850472272642,37.40345044513369,26.01546829526724,74.66639204052078,51.74047768627712,0.5165616688883092,0.25146394993975674,1.7239600490245082,0.7475748301337634,0.874464838999313,0.061906683401278174,0.3,0.04967896939349687,8.312212651884941,2.615577154307087,,,3.0,1.5811388300841898,686.8,803.9674744664737
Replace,151,0.0,0.0,35.14922505973233,33.97563054751465,38.56278910607259,27.59055839255342,76.87208338559017,55.12037716414633,0.5310233887921061,0.2755952237816714,1.6711848062571604,0.5643527529187835,0.8721448098698164,0.04358422633523049,0.2952,0.03384080377296023,8.275805424730592,2.718477102648824,,,3.0,1.5811388300841898,686.8,803.9674744664737
Replace,152,0.0,0.0,35.9721445829752,33.811250781001824,39.30527470476161,28.670543719387446,79.16691990609876,58.23899870238441,0.5461529674863668,0.2930076818881626,1.7286713625167422,0.5718814723519436,0.8833938308432929,0.04462298158065185,0.3048,0.036676968249843095,8.323653363484837,2.8026331452646156,,,3.0,1.5811388300841898,686.8,803.9674744664737
Replace,153,0.0,0.0,38.206281359070935,38.041244424997195,39.33205130381439,27.476213074733298,78.6042070371196,55.24131125898255,0.545312564848647,0.2859581805227207,1.6999481576732385,0.5300765080812837,0.8918311062849756,0.06333072772045596,0.3148,0.04969104547099005,8.401632917506683,2.8819014190623276,,,3.0,1.5811388300841898,686.8,803.9674744664737
Replace,154,0.0,0.0,41.81756393179981,42.77360404444601,39.16260769537011,28.923232679277127,78.60488995850194,58.32928460674988,0.5414609366627425,0.2911985540563434,1.8870587021367409,0.8269092950558485,0.874550361890359,0.07966069977972727,0.302,0.05669215113223347,8.46425170193142,2.9716900928613543,,,3.0,1.5811388300841898,686.8,803.9674744664737
Replace,155,0.0,0.0,42.05986119117084,41.206325514422964,38.468094618408976,28.448777464344328,76.99936417021766,57.20572629122879,0.5311447720449852,0.28500671970598973,1.735299590409251,0.5731791493064389,0.8645285320685966,0.07673107271168271,0.294,0.05734108474732579,8.364638356236886,2.918135497680829,,,3.0,1.5811388300841898,686.8,803.9674744664737
Replace,156,0.0,0.0,42.55299603785333,39.96357687135737,37.362894191746435,26.68206843362518,74.36260987919302,52.309738219801154,0.5185428273564388,0.26723657947631346,1.8277815522621395,0.6342927928321064,0.8470195707031298,0.07564571694261746,0.2804,0.055989284689126,8.288850989783871,2.9579471766356358,,,3.0,1.5811388300841898,686.8,803.9674744664737
Replace,157,0.0,0.0,44.69670666318471,42.23002572055113,37.21756371028823,26.343119067470752,74.41308298770518,53.29741043737233,0.5174411215436432,0.26882083653695915,1.8129267270593883,0.71751601040697,0.8439738805651598,0.07551801421945242,0.278,0.05508175741568166,8.370137231538024,3.127321997330083,,,3.0,1.5811388300841898,686.8,803.9674744664737
Replace,158,0.0,0.0,45.986522994482094,42.76244501519853,36.41094319085886,26.118943045815367,72.8323898831003,51.74537021878128,0.5057608192249204,0.25986304493600565,1.9539872264527147,0.7682532933443231,0.8323260296346152,0.10780811380286441,0.2768,0.08077871006645253,8.286854579137849,3.1696914242381142,,,3.0,1.5811388300841898,686.8,803.9674744664737
Replace,159,0.0,0.0,45.507809302997806,42.558648674612385,36.56770883073834,27.68771565913307,73.16922201701061,56.65277933871935,0.5021387436875042,0.27564049317247585,1.8299665545421557,0.6150061796924827,0.8377579859771392,0.11598640464233985,0.2828,0.08662101361678932,8.173001138947493,3.1744858796652218,,,3.0,1.5811388300841898,686.8,803.9674744664737
Replace,160,0.0,0.0,44.29854170899713,39.834083708269326,36.36315064976405,27.88003509020665,71.62459391872082,54.75644516974078,0.4919603247167463,0.2660774179254397,1.8343425251530547,0.6103640832735445,0.8456415648774092,0.0993237057859956,0.28559999999999997,0.07850350310654933,8.103096806673525,3.146504029051694,,,3.0,1.5811388300841898,686.8,803.9674744664737
Replace,161,0.0,0.0,44.32889190288281,40.28406213679755,35.16465448076786,25.582143083836332,69.58007841202802,50.484560783226875,0.4815168076666458,0.246176419428197,1.7965356347551935,0.5880246174213716,0.8440582906031325,0.10832035217107933,0.2868,0.08532994784950944,8.09388048312225,3.073956121801553,,,3.0,1.5811388300841898,686.8,803.9674744664737
Replace,162,0.0,0.0,45.70219111751415,42.43931101408996,35.92766658191105,25.87513478872963,71.34823482290736,51.03606419705268,0.49312448130547964,0.2523739868735303,1.8804934803864992,0.7558442409706893,0.8573494505991917,0.10942193053236782,0.3,0.09344517108978934,8.378901185403338,3.1492336207334493,,,3.0,1.5811388300841898,686.8,803.9674744664737
Replace,163,0.0,0.0,44.093999793489246,40.158444976094074,36.232866698917064,26.011165331913944,72.51171343354886,52.58950853879696,0.49955581444510894,0.2610642369334816,1.8922138087007265,0.667472599882534,0.8400474142756889,0.09643699988434119,0.27999999999999997,0.07355270219373318,8.29973020259472,2.9927824149917797,,,3.0,1.5811388300841898,686.8,803.9674744664737
Replace,164,0.0,0.0,41.20771060470959,36.78237890681377,35.51073034340792,25.028889868037876,71.75393201026944,51.43609447399891,0.4953965840881406,0.25462832301615024,1.8485664423012504,0.6331797511950518,0.8582334155117642,0.09976969114281756,0.296,0.08075890043827987,8.161596554698246,2.9169623439414596,,,3.0,1.5811388300841898,686.8,803.9674744664737
Replace,165,0.0,0.0,42.02218947048778,37.64900046017779,34.35579237081164,23.80614638772057,68.29669227044761,47.42760286280515,0.4734548047937449,0.23344427269503723,1.857577765631173,0.6287870860662262,0.8536237295226317,0.11944565734363262,0.2996,0.09919072537288957,8.191213924937967,2.8928594813811914,,,3.0,1.5811388300841898,686.8,803.9674744664737
Replace,166,0.0,0.0,41.03594640471947,36.17097994502886,34.986725247374025,24.39834266433575,69.44991643394053,47.58105704673054,0.4825451334863994,0.23814362214004128,1.8543857084351731,0.5949321473855512,0.8771996833992659,0.11653312131889379,0.32320000000000004,0.10707567417485635,8.234710841688194,2.9108161040239575,,,3.0,1.5811388300841898,686.8,803.9674744664737
Replace,167,0.0,0.0,42.81968873303951,37.86915194075329,35.083659659813456,26.183512385056996,71.67744253098753,54.4648109347043,0.49312439157954235,0.27086466505991386,1.8832105544459552,0.5792113942170498,0.8567663068970353,0.11275191150369887,0.3,0.09436100889668358,8.160371966070251,2.985254269125844,,,3.0,1.5811388300841898,686.8,803.9674744664737
Replace,168,0.0,0.0,43.27298305560447,38.783485730626836,35.26998188205455,26.236685724131227,69.63130251317477,51.536371662205916,0.48163839571831585,0.2566431996768563,1.8435727045111565,0.5861693663619053,0.8585371386576481,0.10547435014430628,0.2984,0.08671101429460965,8.269614034448605,2.9646578113045585,,,3.0,1.5811388300841898,686.8,803.9674744664737
Replace,169,0.0,0.0,46.07168665036552,42.31748694639138,36.309687197684326,27.72879523165687,72.60337410888255,55.64851419937947,0.4992700287564891,0.27901406214005964,1.919798302166372,0.7302399324460805,0.8539772157366736,0.11883368625915286,0.2972,0.09218025819013527,8.41545126305445,3.134697332597464,,,3.0,1.5811388300841898,686.8,803.9674744664737
Replace,170,0.0,0.0,47.10823622291525,43.17733246640978,36.904892403996335,28.872643873682428,73.77262188678642,56.795111722351365,0.5070667914953206,0.2880324711913046,1.900274331015045,0.6083784843598847,0.8613112454871859,0.11433477451533781,0.304,0.09495261976375377,8.48058872137931,3.3240548764713687,,,3.0,1.5811388300841898,686.8,803.9674744664737
Replace,171,0.0,0.0,45.65770680224608,41.56548565249844,35.44225548049448,26.85438122194799,70.93961376246,54.13434662322711,0.489261124738114,0.27067887135184276,1.9612462496954286,0.6726711024160285,0.8563883110603221,0.11060109309552484,0.2992,0.09325877974753909,8.39265817832894,3.2749055086135774,,,3.0,1.5811388300841898,686.8,803.9674744664737
Replace,172,0.0,0.0,48.19155127405213,44.165316130712085,35.436930830394395,28.430020089278134,70.58548743128569,57.71612126857594,0.4821407272438196,0.2878454481552191,1.9736770256102758,0.8375144578051003,0.833184539177305,0.1318177329882991,0.2832,0.09597499674394369,8.312554822284058,3.3182270457573697,,,3.0,1.5811388300841898,686.8,803.9674744664737
Replace,173,0.0,0.0,47.42075365809232,42.22845372822446,35.29134356288431,27.709310486547054,70.99459081080683,56.00730969079934,0.4866462124752566,0.2748285352059283,1.845343318923911,0.5579151011096193,0.844205813827136,0.14950875276799946,0.3032,0.12134743507796117,8.369929067251856,3.267142735938276,,,3.0,1.5811388300841898,686.8,803.9674744664737
Replace,174,0.0,0.0,49.166101837784595,43.578321994764266,36.20574260038285,29.454015018397843,71.09229993914536,57.9468945737656,0.483959936302932,0.2798752250506809,2.0229469353595966,0.666321700718416,0.8217646496739462,0.19106553417279476,0.2996,0.14371082074777808,8.463584794501692,3.389369296153853,,,3.0,1.5811388300841898,686.8,803.9674744664737
Replace,175,0.0,0.0,50.78445670550842,45.356359500191246,35.7742261478753,28.622786458935337,71.64381127062174,56.561800273802994,0.48911969993199766,0.27477372476860334,2.099774211840876,0.8133304490072885,0.8229527555911765,0.1943219319028915,0.2972,0.13730695539556617,8.493290444863021,3.600290361552061,,,3.0,1.5811388300841898,686.8,803.9674744664737
Replace,176,0.0,0.0,52.83970487126246,48.88390129062972,36.48691296230849,28.501804338970715,72.95617015708237,56.400311509953774,0.49965110070049557,0.2718250683156296,1.9512303593141778,0.693099338976957,0.8333928978339451,0.18297847050529223,0.3028,0.13375051401770385,8.54289116584982,3.683168447056293,,,3.0,1.5811388300841898,686.8,803.9674744664737
Replace,177,0.0,0.0,52.049722607949754,47.364288814658046,36.095069125088784,28.17280014619518,72.20678978600516,55.68762659209031,0.49309749262335467,0.27080015476569574,2.086037548965417,0.8221094950937989,0.8257150536651441,0.20647002964523567,0.306,0.14734313692873516,8.493949201206785,3.5959300792496696,,,3.0,1.5811388300841898,686.8,803.9674744664737
Replace,178,0.0,0.0,55.281804927019984,50.9802043180658,36.732081429697416,29.36081527500606,72.4336502371779,56.758578953707364,0.49365360297534433,0.2726307051290464,2.052059495924277,0.788137644370496,0.8079492943186404,0.21473113238428507,0.28959999999999997,0.1418619046819829,8.610723340928725,3.6525313518978395,,,3.0,1.5811388300841898,686.8,803.9674744664737
Replace,179,0.0,0.0,53.41155913983964,48.34872325328295,36.30732372916533,28.657388757640387,73.51098073100178,58.175001196992,0.5011754125638521,0.28107201794443354,2.052914606572491,0.8618867546831204,0.8182492965073473,0.20511656467602246,0.2968,0.141940832743788,8.515606485660673,3.634043622481902,,,3.0,1.5811388300841898,686.8,803.9674744664737
Replace,180,0.0,0.0,56.18566623869923,51.15112707816565,37.97139657022302,31.021570347788415,75.48775002591894,61.80815139261999,0.5120434941927199,0.29758836188050486,1.996357163206411,0.6328827023897888,0.7995947815911266,0.22086971349590812,0.282,0.13813037319865606,8.602591723837357,3.6992362956707785,,,3.0,1.5811388300841898,686.8,803.9674744664737
Replace,181,0.0,0.0,57.03959662525858,52.33879910152647,38.848588949687695,32.202899582864575,78.31765519774453,65.33582044566235,0.5296458825746814,0.31175166076332356,2.046926786649567,0.7861443711330149,0.8036097144069989,0.2226012205362758,0.28559999999999997,0.13920775840447977,8.66682901703825,3.7354870059791025,,,3.0,1.5811388300841898,686.8,803.9674744664737
Replace,182,0.0,0.0,57.04676213646199,52.52100402973161,39.35585474497242,32.10564837622097,77.87661538376976,62.65918843814043,0.529081503964373,0.29938519797986896,2.0065791273522064,0.863261833639649,0.8081567108736868,0.21853112172873138,0.2884,0.13872562849019643,8.704624272800988,3.8222967323293937,,,3.0,1.5811388300841898,686.8,803.9674744664737
Replace,183,0.0,0.0,57.398488209301284,51.97937278738403,39.35382332357834,33.763489301379096,78.06253223447575,66.67493909244625,0.525513760558436,0.31735883209878235,2.1387976079006115,1.0121185978804579,0.785291509815995,0.23722794268005049,0.2752,0.14206055047056518,8.740907836734877,3.8634460866650353,,,3.0,1.5811388300841898,686.8,803.9674744664737
Replace,184,0.0,0.0,58.85297253723489,55.047277868494135,40.54782301516421,33.736655272657316,82.22705432791463,68.62200637907608,0.5540031968057273,0.3268384833767404,2.0468361358421188,0.7262003330988385,0.7899411614771544,0.21527607155716288,0.2704,0.128681000928653,8.800094152993804,3.794022635588922,,,3.0,1.5811388300841898,686.8,803.9674744664737
Replace,185,0.0,0.0,60.52618454701766,55.901476198601884,41.14144030777449,33.86081332832054,81.63889863012572,66.24584491270981,0.549809711980557,0.316019586246925,2.0765864163248104,0.9189247815313799,0.771871538288013,0.2442704144146643,0.26399999999999996,0.13638914912851388,8.908408894367573,3.9537536213035827,,,3.0,1.5811388300841898,686.8,803.9674744664737
Replace,186,0.0,0.0,63.28578940354428,60.20115582378761,41.16208530000143,34.1145930783369,81.50342706579536,66.95669922042141,0.5495922788855936,0.3155403429756303,2.0908989947901317,0.8668313014880367,0.7782899779555026,0.2303257922041666,0.26639999999999997,0.13479169113858613,9.004174589073285,4.001857994581538,,,3.0,1.5811388300841898,686.8,803.9674744664737
Replace,187,0.0,0.0,66.09906197825627,64.12374939607088,41.27512180893823,33.411734401573455,82.50912975007816,66.29433995702166,0.5587516597238938,0.3118900921447246,2.0795414288775653,0.9404277993241864,0.7842552417754369,0.2192802445039337,0.26880000000000004,0.13303834033841522,9.04436783246096,4.003310164737665,,,3.0,1.5811388300841898,686.8,803.9674744664737
Replace,188,0.0,0.0,62.623866768780395,58.3031248162465,40.86496240034674,33.68271484773302,82.40927044109719,68.65463580839294,0.554518542198202,0.32570573453785334,2.0101316868111168,0.8249186269464017,0.7869912845591415,0.23157217301109984,0.2756,0.14146660383284815,9.013922075890937,3.8491885351850814,,,3.0,1.5811388300841898,686.8,803.9674744664737
Replace,189,0.0,0.0,59.95569307368463,54.23647085160738,40.5580140778737,32.70201065775834,81.43372267105337,66.19916348502028,0.5496734124863403,0.3183429950189065,1.9874612227391162,0.8106653454384135,0.8018169672397508,0.2348682489679594,0.292,0.1515585695366646,9.05173328888327,3.809590665923614,,,3.0,1.5811388300841898,686.8,803.9674744664737
Replace,190,0.0,0.0,58.607589334627846,52.35077074665275,40.9552190420397,34.37329664567198,81.63385173043662,68.6805865317374,0.5493544910536194,0.33177053572697496,2.0570080414439347,0.7964724983013991,0.8061125729229929,0.22372584214732594,0.2908,0.14530381963320851,8.945852352842554,3.8207308315833592,,,3.0,1.5811388300841898,686.8,803.9674744664737
Replace,191,0.0,0.0,59.69447412826186,53.44054212047874,42.285091593720146,35.10125989496202,83.62638197255414,69.57273412598236,0.5638702167934235,0.33909474568681125,2.10321925790079,0.8125900179385266,0.7987829151343362,0.2181071094223238,0.2812,0.13806954769245822,8.938769971868094,3.74839302592355,,,3.0,1.5811388300841898,686.8,803.9674744664737
Replace,192,0.0,0.0,58.84413962223931,52.237002590520234,41.39077946396716,33.55732581413726,83.11610971861244,68.29797521808892,0.5627380144209397,0.3320855057398372,2.041967931023243,0.772009701886759,0.8020738287123477,0.21751945847911053,0.2824,0.1357748135701169,8.924993561687668,3.6963850333890744,,,3.0,1.5811388300841898,686.8,803.9674744664737
Replace,193,0.0,0.0,60.09649315336651,54.709541503034465,40.82948408446232,34.09748173794822,81.48927176951672,69.45158482454521,0.548588868547567,0.335932252846314,2.0034958356024846,0.7133571289168877,0.7850708413273455,0.250483472627062,0.2832,0.15524561185424854,8.902792353179812,3.89105590605404,,,3.0,1.5811388300841898,686.8,803.9674744664737
Replace,194,0.0,0.0,61.217433680446014,56.34322062679867,40.735880202376435,32.6969088136276,80.53882800086797,64.54486746787018,0.5465319755232568,0.31513822281894865,2.187472059545816,0.9477788698718519,0.7701746160477061,0.2653674202175649,0.2744,0.1558550608738773,8.938301365400815,3.9081565181661855,,,3.0,1.5811388300841898,686.8,803.9674744664737
Replace,195,0.0,0.0,64.46764270276644,60.78415958808888,41.493620261857686,35.08441751949662,84.29477661694588,73.45143246966369,0.5649452627920342,0.36143676557218685,2.267307364247891,1.0273953200163466,0.7755028099245381,0.2708425237847326,0.28440000000000004,0.16590599748050097,9.169152511237119,4.15245681048158,,,3.0,1.5811388300841898,686.8,803.9674744664737
Replace,196,0.0,0.0,63.66807271946882,59.41469839028154,41.0535073887109,35.70474566496893,81.77616241560925,70.16332469715424,0.5488426404929264,0.33937008612814534,2.0566894644441707,0.6855082813940494,0.7733559675196404,0.2617366596875014,0.27599999999999997,0.15549276510500415,9.058500309377148,3.959477928541744,,,3.0,1.5811388300841898,686.8,803.9674744664737
Replace,197,0.0,0.0,65.52537539668376,62.40876303691493,39.64475781628165,33.990098793993646,80.51658621776525,69.56971992603262,0.540987092654164,0.3354753151070865,2.1508218778193444,0.9768268236995544,0.7621281036816334,0.27093370900909086,0.2692,0.15549019261676925,9.073174167792049,4.055698831171593,,,3.0,1.5811388300841898,686.8,803.9674744664737
Replace,198,0.0,0.0,61.78876462853324,57.57727246550359,40.66174154094632,33.25086819840294,82.32017499930495,66.9129382359345,0.5571672284121252,0.3343395971718288,2.0682019809268537,0.8643809690251023,0.798826006114403,0.23022826543393451,0.286,0.1454991408909345,9.044520507320009,4.096224656365844,,,3.0,1.5811388300841898,686.8,803.9674744664737
Replace,199,0.0,0.0,62.68616527672365,59.21184464298974,41.61374368519684,34.62107632430872,83.21576892378441,69.71165215416622,0.5600957321363985,0.33968054756829863,1.9901012012041814,0.7528089618248962,0.7808280006212422,0.24232372120158457,0.274,0.14507239572020586,9.127993777281045,4.000920960902403,,,3.0,1.5811388300841898,686.8,803.9674744664737
Replace,200,0.0,0.0,62.94611316701785,59.32682114436519,41.50823192392813,34.09248696751453,82.72009471460818,67.22973488237196,0.5604195428678389,0.3294464736221833,2.0286601305887864,0.7528765478958047,0.7910060248399428,0.23366870885402127,0.2784,0.1411552336968063,9.09909562366124,4.134456484366017,,,3.0,1.5811388300841898,686.8,803.9674744664737
Replace + Select,0,1.0,0.0,1.5118550063439801e-32,2.1200735109849445e-32,68.11120862765388,16.448896182970266,136.72111620414233,33.056802514324104,1.0033780056371489,0.008327782462001436,0.07185763951126409,0.007691892687005713,1.0,0.0,0.5,0.0,1.799999999999379,1.358355034952072e-13,,,3.0,1.5811388300841898,686.8,803.9674744664737
Replace + Select,1,1.0,0.0,2.8541476037552913,2.2658837268510252,42.5897080108396,15.33823439373931,84.59715947452216,31.518554934307492,0.6251570212315088,0.20782298377352404,0.6401025809497527,0.2129406386554587,0.5581766337698857,0.27657039963382235,0.16771027032212796,0.16015142846717975,1.8818393176412536,0.5647438447406988,,,3.0,1.5811388300841898,686.8,803.9674744664737
Replace + Select,2,1.0,0.0,6.386560345596819,4.920944632882316,25.723232556941326,14.743351785174028,51.65629523473858,29.591799072990618,0.3892569853068014,0.24547350617884262,1.0902307262996058,0.3437051175992254,0.5085535154596856,0.424117854699594,0.17248301490568552,0.1848922165250278,2.489552991198115,1.4940150949094846,,,3.0,1.5811388300841898,686.8,803.9674744664737
Replace + Select,3,1.0,0.0,9.454441334668768,8.667150940259177,14.382975461506074,10.057298167676223,28.74883078825343,20.0457704279024,0.2177190833166623,0.1674598552054209,1.3898948026054438,0.43249202093227473,0.367484755003407,0.40058523754580794,0.1129079326600341,0.15691749553991835,2.6646339785958846,1.6824764887202048,,,3.0,1.5811388300841898,686.8,803.9674744664737
Replace + Select,4,1.0,0.0,11.048851051999575,10.07466624958264,7.50259678136415,5.747272392113676,15.014310819811474,11.443228767297127,0.11423519665406212,0.09590920910864177,1.630925464522567,0.414022961246505,0.23266223922727663,0.4004653075023407,0.07644230111050018,0.15178762229054693,2.8970407821266537,1.7974064481850123,,,3.0,1.5811388300841898,686.8,803.9674744664737
Replace + Select,5,1.0,0.0,12.027639061038865,10.635057785441846,3.8054772523797675,3.1283489398897615,7.518405252408914,6.150977918323443,0.058180309037399416,0.053203751245496256,1.8442882917489605,0.4373350989385254,0.054858505941088175,0.11139712293422566,0.0088928353262727,0.01878692162302421,3.7174861421313246,2.794709698820123,,,3.0,1.5811388300841898,686.8,803.9674744664737
Replace + Select,6,1.0,0.0,12.412918091692875,10.967954857627989,2.034396182974764,1.7517122464163344,4.061918295904816,3.5194560774265895,0.031528623756997144,0.030489358742407786,1.9087631237815081,0.4031710427595765,0.004162814298990724,0.009308335661114707,0.0004000000000000044,0.0008944271909999159,4.459063904739782,2.16841376368235,,,3.0,1.5811388300841898,686.8,803.9674744664737
Replace + Select,7,1.0,0.0,12.623764773981353,11.254338370476155,1.095427582486955,0.9840779634054708,2.186824926400681,1.9654448966454134,0.01709415219841344,0.017111340629565933,1.9974077779346378,0.3495391259383319,3.9863137138648344e-11,0.0,4.440892098500626e-18,0.0,5.192765564314591,1.44343869550656,,,3.0,1.5811388300841898,686.8,803.9674744664737
Replace + Select,8,1.0,0.0,12.807765006456572,11.522565874416774,0.6189786585255813,0.5793741126695308,1.2350819747680668,1.1506076088711505,0.009696274213293424,0.010063621788402385,2.073932458469882,0.4055564454469851,3.9863137138648344e-11,0.0,4.440892098500626e-18,0.0,5.223215622528701,1.4582851776048384,,,3.0,1.5811388300841898,686.8,803.9674744664737
Replace + Select,9,1.0,0.0,12.892626129339169,11.628581107424607,0.34213984893463667,0.3218192810707119,0.6814708767184289,0.6454246989283948,0.005356701226318168,0.005647634089570768,2.1119357230958835,0.3427446802804273,3.9863137138648344e-11,0.0,4.440892098500626e-18,0.0,5.238829526468469,1.463154072257281,,,3.0,1.5811388300841898,686.8,803.9674744664737
Replace + Select,10,1.0,0.0,12.893378592655486,11.647812779349735,0.2064272774481885,0.2112768376548533,0.4084988338890536,0.4138224136153848,0.003253879304332862,0.003657686519455781,2.116489665887189,0.36427037761761655,3.9863137138648344e-11,0.0,4.440892098500626e-18,0.0,5.238106218484658,1.4617722472026766,,,3.0,1.5811388300841898,686.8,803.9674744664737
Replace + Select,11,1.0,0.0,12.924457177774585,11.635657270944858,0.12587248303024162,0.13548368101384126,0.253546351376765,0.2738285133704144,0.0020386269312511794,0.002424920036864971,2.14032870201396,0.4306279835065954,3.9863137138648344e-11,0.0,4.440892098500626e-18,0.0,5.238873573842666,1.458350183500018,,,3.0,1.5811388300841898,686.8,803.9674744664737
Replace + Select,12,1.0,0.0,12.954570253674154,11.660857790671345,0.08903039549436925,0.10474301707063867,0.17861423729124176,0.21000671556548176,0.001454072786776838,0.0018608610180882907,2.124626315659415,0.37705412452049236,3.9863137138648344e-11,0.0,4.440892098500626e-18,0.0,5.240639288617681,1.4592670065102402,,,3.0,1.5811388300841898,686.8,803.9674744664737
Replace + Select,13,1.0,0.0,12.995558127888193,11.722835212776346,0.06575001437912222,0.08359068478715247,0.12896117746886177,0.16129338306336619,0.0010606900610064568,0.0014277304903796168,2.1647114561991474,0.3680875828864903,3.9863137138648344e-11,0.0,4.440892098500626e-18,0.0,5.244756390068671,1.4638978474848274,,,3.0,1.5811388300841898,686.8,803.9674744664737
Replace + Select,14,1.0,0.0,13.001485961829868,11.746208291344692,0.05100931339565834,0.06682666331802578,0.10228960730793568,0.13357605277627244,0.0008447661786774388,0.001180274487159187,2.1416701260062103,0.3349904734009604,3.9863137138648344e-11,0.0,4.440892098500626e-18,0.0,5.247002606181844,1.4646568127964659,,,3.0,1.5811388300841898,686.8,803.9674744664737
Replace + Select,15,1.0,0.0,13.002555711370618,11.74847874335256,0.04361006327208315,0.06041244904432081,0.08718135979469663,0.12058068354953345,0.000726405118985976,0.0010632974008310198,2.2152618426343436,0.467188982888294,3.9863137138648344e-11,0.0,4.440892098500626e-18,0.0,5.246831604080073,1.46418227361203,,,3.0,1.5811388300841898,686.8,803.9674744664737
Replace + Select,16,1.0,0.0,13.010717706638227,11.760164040022513,0.03788875870863076,0.054426711517791895,0.07562042778222311,0.10835546486898476,0.0006305868246638064,0.0009539329245017449,2.178188711882245,0.39140853881125004,3.9863137138648344e-11,0.0,4.440892098500626e-18,0.0,5.247448084362311,1.4647858345248637,,,3.0,1.5811388300841898,686.8,803.9674744664737
Replace + Select,17,1.0,0.0,13.02871052349705,11.760304353246365,0.03330599435193907,0.048878788671890286,0.06708900195217571,0.09884010444247049,0.000561818272987874,0.0008690831921495696,2.1549365113946246,0.35454808450878783,3.9863137138648344e-11,0.0,4.440892098500626e-18,0.0,5.248676999943366,1.4652622439858567,,,3.0,1.5811388300841898,686.8,803.9674744664737
Replace + Select,18,1.0,0.0,13.045380603943636,11.768961738361217,0.029142575444619706,0.043464635532312626,0.05858140248140905,0.08784236412971348,0.0004922360997086995,0.0007717653572113833,2.1822629951647388,0.3805264081537545,3.9863137138648344e-11,0.0,4.440892098500626e-18,0.0,5.251290325371081,1.466210347738702,,,3.0,1.5811388300841898,686.8,803.9674744664737
Replace + Select,19,1.0,0.0,13.052112171894809,11.776221392604581,0.024597833386062667,0.035989661013461856,0.04955370577538857,0.07275259660704438,0.00041567180309901074,0.0006397858286916272,2.1980721282874045,0.3074046320370086,3.9863137138648344e-11,0.0,4.440892098500626e-18,0.0,5.25246472105448,1.4659911295106896,,,3.0,1.5811388300841898,686.8,803.9674744664737
Replace + Select,20,1.0,0.0,13.060722576888711,11.780643558593962,0.022663411369340296,0.03348801424565823,0.04545021080855795,0.06715340943664826,0.0003823434418326883,0.0005903414573703426,2.187231283870369,0.35598342021135193,3.9863137138648344e-11,0.0,4.440892098500626e-18,0.0,5.252010976069844,1.4662150657583084,,,3.0,1.5811388300841898,686.8,803.9674744664737
Replace + Select,21,1.0,0.0,13.078277459930755,11.785395711598344,0.02083606592129152,0.03144648164928399,0.04200011440290368,0.0634826300977714,0.00035386295186552437,0.0005574941996170219,2.2125042210653185,0.3147408764000145,3.9863137138648344e-11,0.0,4.440892098500626e-18,0.0,5.25320846463792,1.4669080779316146,,,3.0,1.5811388300841898,686.8,803.9674744664737
Replace + Select,22,1.0,0.0,13.082558188155323,11.78646514537875,0.019093865400023523,0.028779363007163578,0.03796642320959077,0.05699531374722667,0.0003197750769455232,0.0005006707974202161,2.1948520831300216,0.37298269553015584,3.9863137138648344e-11,0.0,4.440892098500626e-18,0.0,5.25336249455087,1.4664007362728966,,,3.0,1.5811388300841898,686.8,803.9674744664737
Replace + Select,23,1.0,0.0,13.090101303095537,11.797461993559688,0.01765117398076165,0.026459530194702718,0.03530146016954845,0.05311324602878137,0.0002971988904416553,0.0004665273798956998,2.1996833421292354,0.36346302160857463,3.9863137138648344e-11,0.0,4.440892098500626e-18,0.0,5.252266699596286,1.4671510282495008,,,3.0,1.5811388300841898,686.8,803.9674744664737
Replace + Select,24,1.0,0.0,13.090920256346042,11.808734652458122,0.01635828189895652,0.024844947342023922,0.032758427891510525,0.049569129732446406,0.00027623008815708117,0.0004352580793140049,2.200502185774771,0.40362481633347025,3.9863137138648344e-11,0.0,4.440892098500626e-18,0.0,5.2519457599455155,1.4675392974653114,,,3.0,1.5811388300841898,686.8,803.9674744664737
Replace + Select,25,1.0,0.0,13.096417889004723,11.81581446731479,0.015165782782021598,0.02299628485535732,0.030244967252043516,0.04591907888552657,0.0002549004677120188,0.00040316712144679523,2.193923053024427,0.3701508052177676,3.9863137138648344e-11,0.0,4.440892098500626e-18,0.0,5.253082170426465,1.4675893615363977,,,3.0,1.5811388300841898,686.8,803.9674744664737
Replace + Select,26,1.0,0.0,13.109286600212698,11.820053353745939,0.014741153171369429,0.02245467764388757,0.029721910399479662,0.045598325399033524,0.00025089478168245714,0.00040014219886296655,2.212789549411178,0.32211461328144514,3.9863137138648344e-11,0.0,4.440892098500626e-18,0.0,5.253744278607087,1.4680942709422469,,,3.0,1.5811388300841898,686.8,803.9674744664737
Replace + Select,27,1.0,0.0,13.11875090031659,11.821203928899783,0.014441490020181132,0.02228173382065561,0.02891715068981825,0.044820168140282,0.00024413217220479482,0.00039314371915256187,2.227337309756925,0.45392616146948983,3.9863137138648344e-11,0.0,4.440892098500626e-18,0.0,5.2549700855770425,1.4679997374564888,,,3.0,1.5811388300841898,686.8,803.9674744664737
Replace + Select,28,1.0,0.0,13.126168650240775,11.825401975219437,0.014076066148839859,0.02187502958445834,0.027968902518583295,0.043308313764801785,0.00023583822599677965,0.00037991982243706235,2.2197069895675368,0.41215260521874886,3.9863137138648344e-11,0.0,4.440892098500626e-18,0.0,5.256164305934927,1.467998857754656,,,3.0,1.5811388300841898,686.8,803.9674744664737
Replace + Select,29,1.0,0.0,13.135614597239547,11.823953037723635,0.013643175252017931,0.02144893762817939,0.026897370691960777,0.04220600749008604,0.0002269319923225856,0.0003700534950745205,2.1935447125720557,0.3309071297360085,3.9863137138648344e-11,0.0,4.440892098500626e-18,0.0,5.256306729468959,1.4679617745699656,,,3.0,1.5811388300841898,686.8,803.9674744664737
Replace + Select,30,1.0,0.0,13.139907678317641,11.826108482334762,0.012864882395758826,0.02029531687245741,0.025894632747891923,0.0409087664711635,0.0002185619824398733,0.00035858192628091966,2.1873559648438348,0.4011534277312172,3.9863137138648344e-11,0.0,4.440892098500626e-18,0.0,5.2567904772598695,1.4682860863711464,,,3.0,1.5811388300841898,686.8,803.9674744664737
Replace + Select,31,1.0,0.0,13.136809301556156,11.831738468126117,0.01240977084003617,0.019918706535264948,0.02478118565369393,0.03994238955505984,0.000209620687225231,0.0003498017488437557,2.2243475859941815,0.39144876683430824,3.9863137138648344e-11,0.0,4.440892098500626e-18,0.0,5.257190570196496,1.4682628681418082,,,3.0,1.5811388300841898,686.8,803.9674744664737
Replace + Select,32,1.0,0.0,13.145056957411725,11.834779679554996,0.011942580670442017,0.019163164770086148,0.02407239357721382,0.03878050414481855,0.0002038292315512816,0.00033959746839820555,2.1997604868784597,0.39022737914845745,3.9863137138648344e-11,0.0,4.440892098500626e-18,0.0,5.25737975884271,1.4685666469657865,,,3.0,1.5811388300841898,686.8,803.9674744664737
Replace + Select,33,1.0,0.0,13.153019423299138,11.836682790372569,0.011193555395756083,0.017765036752787983,0.022130927671782864,0.035008141827513765,0.00018682218636207734,0.0003068342356174327,2.212577391606012,0.38847619488458485,3.9863137138648344e-11,0.0,4.440892098500626e-18,0.0,5.259773256243713,1.468098210517199,,,3.0,1.5811388300841898,686.8,803.9674744664737
Replace + Select,34,1.0,0.0,13.160765594999535,11.84174600170938,0.010963433286198388,0.01760409466772539,0.021853423481522402,0.03506983386876036,0.0001846453740077309,0.000307196230964079,2.2446040826743325,0.39460893025536475,3.9863137138648344e-11,0.0,4.440892098500626e-18,0.0,5.261031160904778,1.4682600918689939,,,3.0,1.5811388300841898,686.8,803.9674744664737
Replace + Select,35,1.0,0.0,13.165144689457424,11.844022445309879,0.01070216717067685,0.017216919190868787,0.02136189726541283,0.03447629650627768,0.0001804660956239893,0.00030193776217405635,2.2327180757489833,0.3362286762262213,3.9863137138648344e-11,0.0,4.440892098500626e-18,0.0,5.263132027735954,1.4676348274932822,,,3.0,1.5811388300841898,686.8,803.9674744664737
Replace + Select,36,1.0,0.0,13.173437443483996,11.848258551958269,0.010355593451800739,0.016714684373833853,0.020613854314959594,0.03329040299818879,0.00017438526819604178,0.00029151476586827666,2.187822445147943,0.3909556761198222,3.9863137138648344e-11,0.0,4.440892098500626e-18,0.0,5.26445236408768,1.4675858257728445,,,3.0,1.5811388300841898,686.8,803.9674744664737
Replace + Select,37,1.0,0.0,13.175477897125997,11.858185840069286,0.009845513489753197,0.015929089958671535,0.019733294824272166,0.03208567852297712,0.0001671179454098996,0.000280880964528806,2.2103242376231043,0.39758833714842046,3.9863137138648344e-11,0.0,4.440892098500626e-18,0.0,5.26484545569002,1.4678558474489314,,,3.0,1.5811388300841898,686.8,803.9674744664737
Replace + Select,38,1.0,0.0,13.183318857268139,11.86714587313484,0.009581874933283956,0.015501124420233341,0.01909373847051551,0.030829200725718486,0.00016176309879372197,0.0002699372024638559,2.182622823124751,0.3670970477630001,3.9863137138648344e-11,0.0,4.440892098500626e-18,0.0,5.265517079039729,1.4683751241768424,,,3.0,1.5811388300841898,686.8,803.9674744664737
Replace + Select,39,1.0,0.0,13.187015205935586,11.877509780362818,0.008993075658649822,0.014467667177194495,0.017891596318845553,0.028686450846072763,0.0001518799630534793,0.00025118983442721105,2.2448099436462785,0.2947823459162995,3.9863137138648344e-11,0.0,4.440892098500626e-18,0.0,5.265991834779224,1.4687937304407082,,,3.0,1.5811388300841898,686.8,803.9674744664737
Replace + Select,40,1.0,0.0,13.195203200036781,11.881831698443152,0.008679724780208082,0.013986762473811268,0.017400302031970405,0.028111998797239468,0.0001477218601056008,0.00024608705240994637,2.194592395634408,0.34714051562212916,3.9863137138648344e-11,0.0,4.440892098500626e-18,0.0,5.267513801502416,1.469126289498902,,,3.0,1.5811388300841898,686.8,803.9674744664737
Replace + Select,41,1.0,0.0,13.206874194091762,11.889434585047834,0.008212268387156486,0.013149831200173545,0.01628897119578364,0.026129581734067014,0.0001380622087711175,0.0002288302256354873,2.2223345358062216,0.36382997659791727,3.9863137138648344e-11,0.0,4.440892098500626e-18,0.0,5.268666923084931,1.4695403150437225,,,3.0,1.5811388300841898,686.8,803.9674744664737
Replace + Select,42,1.0,0.0,13.209752736991508,11.897265057471193,0.00811607628195123,0.013161799298740043,0.01607738502162917,0.026033516110639796,0.00013652000946090046,0.00022787023426042434,2.217803325694035,0.3752802846433868,3.9863137138648344e-11,0.0,4.440892098500626e-18,0.0,5.268408654181906,1.469830844639593,,,3.0,1.5811388300841898,686.8,803.9674744664737
Replace + Select,43,1.0,0.0,13.21758093151692,11.901667446830825,0.007714428193315341,0.012540663048279463,0.015648569501818668,0.025560543196102237,0.00013309344886029361,0.00022362329122217818,2.1667399312044515,0.33296796619230007,3.9863137138648344e-11,0.0,4.440892098500626e-18,0.0,5.268286734572333,1.4704203023337052,,,3.0,1.5811388300841898,686.8,803.9674744664737
Replace + Select,44,1.0,0.0,13.226959924025627,11.909953540664837,0.007332038150080933,0.011816308340226844,0.014633779361638228,0.023577463306794395,0.00012419850571809696,0.0002064212383838252,2.1936167513672107,0.3348905916422502,3.9863137138648344e-11,0.0,4.440892098500626e-18,0.0,5.269254312328627,1.4708882810120913,,,3.0,1.5811388300841898,686.8,803.9674744664737
Replace + Select,45,1.0,0.0,13.228725401952747,11.913344852449189,0.007048279155360067,0.011197463078968798,0.013965205174574741,0.022154681789810893,0.0001185484581310931,0.00019407509023547685,2.181705033429081,0.36069999295523797,3.9863137138648344e-11,0.0,4.440892098500626e-18,0.0,5.269425716693803,1.4709761165307962,,,3.0,1.5811388300841898,686.8,803.9674744664737
Replace + Select,46,1.0,0.0,13.23833135559874,11.914281229368573,0.006899433711717767,0.011032574456114417,0.013903528925222938,0.02228081746442755,0.0001180226371374444,0.00019510467529554584,2.223854024574366,0.3465167679923415,3.9863137138648344e-11,0.0,4.440892098500626e-18,0.0,5.270440285322887,1.471185447023222,,,3.0,1.5811388300841898,686.8,803.9674744664737
Replace + Select,47,1.0,0.0,13.242048870562414,11.922037135041577,0.006819504591004941,0.010896694286382303,0.01374652456047793,0.022052138201201922,0.00011677467304387166,0.00019308066710886103,2.206452493308926,0.3971119226112736,3.9863137138648344e-11,0.0,4.440892098500626e-18,0.0,5.2707091882444645,1.4714641105676114,,,3.0,1.5811388300841898,686.8,803.9674744664737
Replace + Select,48,1.0,0.0,13.24816312367999,11.923465769848331,0.006488549692201197,0.010402628845280761,0.012916321186087676,0.02065121026961232,0.00010972052061242416,0.00018083778361275126,2.1641907003484517,0.39713787963714464,3.9863137138648344e-11,0.0,4.440892098500626e-18,0.0,5.2710193433486285,1.4714570045843471,,,3.0,1.5811388300841898,686.8,803.9674744664737
Replace + Select,49,1.0,0.0,13.2524301630695,11.928661420039054,0.00618117873730943,0.009867799859435884,0.012560689337500522,0.020160426377431147,0.00010673770173809983,0.00017650547230588188,2.280695310423696,0.42601664155641605,3.9863137138648344e-11,0.0,4.440892098500626e-18,0.0,5.2708411919111215,1.4718416773202647,,,3.0,1.5811388300841898,686.8,803.9674744664737
Replace + Select,50,1.0,0.0,13.256783971285282,11.92862009666038,0.006075550956455432,0.009667003372760746,0.01201219803348352,0.019090652918984652,0.00010210895183144731,0.00016719896222363955,2.198144230542681,0.34526774133918553,3.9863137138648344e-11,0.0,4.440892098500626e-18,0.0,5.271206120041259,1.4716417330674905,,,3.0,1.5811388300841898,686.8,803.9674744664737
Replace + Select,51,1.0,0.0,13.26900199474675,11.927464150132089,0.005810565720940252,0.009318304756113305,0.011589183853855796,0.018481422756096873,9.843079682767847e-05,0.00016185368294236924,2.2206312866880733,0.3858055470040866,3.9863137138648344e-11,0.0,4.440892098500626e-18,0.0,5.271880874644455,1.471909518286046,,,3.0,1.5811388300841898,686.8,803.9674744664737
Replace + Select,52,1.0,0.0,13.273248195323749,11.93158168015604,0.005743446166822491,0.009301512308201337,0.011418267757266001,0.018482247766541664,9.708138917363811e-05,0.00016175557719406714,2.2332783281178883,0.36914391259590074,3.9863137138648344e-11,0.0,4.440892098500626e-18,0.0,5.272098442413146,1.4722783671676698,,,3.0,1.5811388300841898,686.8,803.9674744664737
Replace + Select,53,1.0,0.0,13.28062333508509,11.93768743544514,0.005628283708909669,0.0091744487791148,0.011416208607202154,0.01870124587747077,9.711632702896467e-05,0.00016359100612983502,2.2147339715927665,0.35436507164557124,3.9863137138648344e-11,0.0,4.440892098500626e-18,0.0,5.272595575672133,1.472682581689392,,,3.0,1.5811388300841898,686.8,803.9674744664737
Replace + Select,54,1.0,0.0,13.287213123207597,11.941305485641537,0.005612054834629778,0.009197760748508279,0.011273745173467698,0.018545644291333804,9.592014369546403e-05,0.00016220324368290714,2.2198884686016136,0.39363032382624286,3.9863137138648344e-11,0.0,4.440892098500626e-18,0.0,5.273127000862609,1.472666788040444,,,3.0,1.5811388300841898,686.8,803.9674744664737
Replace + Select,55,1.0,0.0,13.294726512560606,11.949956563141093,0.005528766074672857,0.009157610661998751,0.011073680292705071,0.018290923564537733,9.41593964154942e-05,0.00015996291407608897,2.2150077598968343,0.37888976066750585,3.9863137138648344e-11,0.0,4.440892098500626e-18,0.0,5.274371603226216,1.4729438811567381,,,3.0,1.5811388300841898,686.8,803.9674744664737
Replace + Select,56,1.0,0.0,13.300719278273997,11.952902781541752,0.005319136372564975,0.008666405270555276,0.010761935708231132,0.0176018547584106,9.148485010154927e-05,0.00015399133542094286,2.168683240073123,0.3535647491773076,3.9863137138648344e-11,0.0,4.440892098500626e-18,0.0,5.274526706773199,1.4732165459891098,,,3.0,1.5811388300841898,686.8,803.9674744664737
Replace + Select,57,1.0,0.0,13.311626169213833,11.955887919884564,0.005168359665394548,0.008330445198935391,0.010252467539036471,0.01650295883346198,8.704987645060157e-05,0.00014447885515063785,2.1907379183273967,0.3513279436685314,3.9863137138648344e-11,0.0,4.440892098500626e-18,0.0,5.275052494766864,1.4736979189647363,,,3.0,1.5811388300841898,686.8,803.9674744664737
Replace + Select,58,1.0,0.0,13.324067509372313,11.962790573741293,0.005014388958101473,0.008111916336528099,0.010002380014579957,0.016146130246741077,8.472892074661438e-05,0.00014136508442943503,2.2321303600002933,0.4103266089802571,3.9863137138648344e-11,0.0,4.440892098500626e-18,0.0,5.276187842122061,1.4743075444197622,,,3.0,1.5811388300841898,686.8,803.9674744664737
Replace + Select,59,1.0,0.0,13.332095726404038,11.965635792103042,0.004896620400340511,0.00789501711413192,0.009903462074683659,0.016024439495813562,8.385054420053925e-05,0.00014029374114280597,2.2076534516325497,0.3330223721865641,3.9863137138648344e-11,0.0,4.440892098500626e-18,0.0,5.27654320432204,1.4744335852422097,,,3.0,1.5811388300841898,686.8,803.9674744664737
Replace + Select,60,1.0,0.0,13.340505664172856,11.973389553407007,0.004875136886354605,0.007976559472698791,0.009754745040478,0.01597720106248208,8.278019171679666e-05,0.0001397926611305683,2.195810967934041,0.35117449560856656,3.9863137138648344e-11,0.0,4.440892098500626e-18,0.0,5.278181232281428,1.4745609383204374,,,3.0,1.5811388300841898,686.8,803.9674744664737
Replace + Select,61,1.0,0.0,13.34697349232143,11.979034583610284,0.005130752343873652,0.008512980971912566,0.01018531677618523,0.016893159377682394,8.66384117097288e-05,0.00014770804728649704,2.1655473343637626,0.3338596249334077,3.9863137138648344e-11,0.0,4.440892098500626e-18,0.0,5.27930462612835,1.4747633665721636,,,3.0,1.5811388300841898,686.8,803.9674744664737
Replace + Select,62,1.0,0.0,13.357517426677756,11.981432633310462,0.004910180024803362,0.008153613728278853,0.00975999985005365,0.016221250897472454,8.303115888358921e-05,0.00014182314400378127,2.2239997688651982,0.3144570695169031,3.9863137138648344e-11,0.0,4.440892098500626e-18,0.0,5.279062117609347,1.4751751898118712,,,3.0,1.5811388300841898,686.8,803.9674744664737
Replace + Select,63,1.0,0.0,13.363789785390523,11.983879628683388,0.004670828402107023,0.007684360546348698,0.009319255709036463,0.015348094694375848,7.934594260569598e-05,0.00013421911427005006,2.189146378981459,0.35930908267022443,3.9863137138648344e-11,0.0,4.440892098500626e-18,0.0,5.279388319521118,1.475365429456232,,,3.0,1.5811388300841898,686.8,803.9674744664737
Replace + Select,64,1.0,0.0,13.376138356860412,11.988925334257672,0.004673303773900331,0.007775966733898441,0.00928070955379658,0.015415230008943046,7.899484803791097e-05,0.000134772857527565,2.2066630141579275,0.36500197089723374,3.9863137138648344e-11,0.0,4.440892098500626e-18,0.0,5.279872803284929,1.4759009067000584,,,3.0,1.5811388300841898,686.8,803.9674744664737
Replace + Select,65,1.0,0.0,13.379246059528574,11.996032912112115,0.004410227601258596,0.007263681857343185,0.008808423484240718,0.014481792910119437,7.494754606594605e-05,0.00012666274479834107,2.1844277234585614,0.3623852867769682,3.9863137138648344e-11,0.0,4.440892098500626e-18,0.0,5.279894283690963,1.476061095313538,,,3.0,1.5811388300841898,686.8,803.9674744664737
Replace + Select,66,1.0,0.0,13.388683605868033,12.000179850238885,0.004339289938490201,0.007209475796693165,0.00875555470924449,0.014589109986606905,7.449810749324147e-05,0.00012754539847967833,2.2057308798925073,0.3814095310040381,3.9863137138648344e-11,0.0,4.440892098500626e-18,0.0,5.280775106425095,1.4762311130954455,,,3.0,1.5811388300841898,686.8,803.9674744664737
Replace + Select,67,1.0,0.0,13.396702370654111,12.00405034105629,0.004290437564097366,0.007065620719846795,0.008589599583937953,0.01419899941193992,7.29714079194327e-05,0.00012418635859923617,2.1779063305477644,0.3664852462544029,3.9863137138648344e-11,0.0,4.440892098500626e-18,0.0,5.280842201644784,1.4765238658675723,,,3.0,1.5811388300841898,686.8,803.9674744664737
Replace + Select,68,1.0,0.0,13.400923571563393,12.013034259262033,0.0040536880439081945,0.00664643240272596,0.008078988759127277,0.013236594411305275,6.87491633396861e-05,0.0001157833891757512,2.18874905083902,0.34662179460770653,3.9863137138648344e-11,0.0,4.440892098500626e-18,0.0,5.281637509151231,1.4768449249317355,,,3.0,1.5811388300841898,686.8,803.9674744664737
Replace + Select,69,1.0,0.0,13.405514645029069,12.02001985013276,0.0038938359966913193,0.0063290270004641444,0.0077952546912128315,0.012657001865770472,6.634505819620086e-05,0.000110746888238273,2.1762871577502523,0.42009936213463284,3.9863137138648344e-11,0.0,4.440892098500626e-18,0.0,5.281096494398513,1.4776717480371375,,,3.0,1.5811388300841898,686.8,803.9674744664737
Replace + Select,70,1.0,0.0,13.41227349031756,12.027393601617154,0.003799599655301602,0.0060907989489832805,0.0075568936751452265,0.012136478032469393,6.421898362350331e-05,0.00010625034927039948,2.2661970696570184,0.3957849045361995,3.9863137138648344e-11,0.0,4.440892098500626e-18,0.0,5.281943839720204,1.4782466354868717,,,3.0,1.5811388300841898,686.8,803.9674744664737
Replace + Select,71,1.0,0.0,13.416650993966877,12.033571612508107,0.0037413924877547433,0.00606078524088809,0.007449391927312738,0.012103454281316754,6.333973519689002e-05,0.00010590905671193536,2.2038666687456114,0.39584961582593653,3.9863137138648344e-11,0.0,4.440892098500626e-18,0.0,5.28230390183149,1.478378355169565,,,3.0,1.5811388300841898,686.8,803.9674744664737
Replace + Select,72,1.0,0.0,13.42541677566794,12.04160089412938,0.003611635034711489,0.005821971552889048,0.0072743098972323905,0.011757403343709363,6.193310061735374e-05,0.00010289005243386981,2.2964335218331193,0.3751824128869804,3.9863137138648344e-11,0.0,4.440892098500626e-18,0.0,5.2834083602485595,1.4787510515379243,,,3.0,1.5811388300841898,686.8,803.9674744664737
Replace + Select,73,1.0,0.0,13.432393364198537,12.042207415931552,0.003445006666382932,0.0054528337290163644,0.006812930484942888,0.010761022506299352,5.793714319905908e-05,9.426872457014344e-05,2.2564339210035413,0.3575610702995696,3.9863137138648344e-11,0.0,4.440892098500626e-18,0.0,5.2848230110655,1.4785281224706293,,,3.0,1.5811388300841898,686.8,803.9674744664737
Replace + Select,74,1.0,0.0,13.444116598148469,12.046486607403667,0.003376050792980292,0.005304848471001463,0.006710516904460799,0.010477576837469915,5.706481024100582e-05,9.183260546917325e-05,2.1905538344845703,0.34525597317160756,3.9863137138648344e-11,0.0,4.440892098500626e-18,0.0,5.286602958226519,1.4786531794529263,,,3.0,1.5811388300841898,686.8,803.9674744664737
Replace + Select,75,1.0,0.0,13.449444710438197,12.047946085026851,0.003309426553513726,0.005174304081938793,0.00665602021089903,0.010435827809432443,5.653798187131721e-05,9.145457805369335e-05,2.198982305264451,0.4080387245681665,3.9863137138648344e-11,0.0,4.440892098500626e-18,0.0,5.286556340179746,1.4787881623121728,,,3.0,1.5811388300841898,686.8,803.9674744664737
Replace + Select,76,1.0,0.0,13.458220153346257,12.051000467081009,0.0032010944244566125,0.0049439883834714,0.006395114433292012,0.009864273357459092,5.420378845929774e-05,8.651921835542307e-05,2.1880364241326538,0.3701351308089834,3.9863137138648344e-11,0.0,4.440892098500626e-18,0.0,5.286844567637505,1.479179653950223,,,3.0,1.5811388300841898,686.8,803.9674744664737
Replace + Select,77,1.0,0.0,13.464191931403182,12.055969709905362,0.0031370228216827745,0.004848814383333849,0.006220762708240984,0.009556245066208092,5.276458288919688e-05,8.382965033757227e-05,2.1843540073749828,0.3424766943345131,3.9863137138648344e-11,0.0,4.440892098500626e-18,0.0,5.286819817131253,1.4794996059404624,,,3.0,1.5811388300841898,686.8,803.9674744664737
Replace + Select,78,1.0,0.0,13.47051757378066,12.066989591400091,0.003005629931095553,0.004549061154321384,0.006004824864299837,0.00910222627399315,5.094399043229712e-05,7.989636093790921e-05,2.1989838673221698,0.31564531099609033,3.9863137138648344e-11,0.0,4.440892098500626e-18,0.0,5.2874948404663815,1.4800076574527605,,,3.0,1.5811388300841898,686.8,803.9674744664737
Replace + Select,79,1.0,0.0,13.476752071857604,12.072525605595976,0.002915611255157875,0.004476569795815541,0.005836268832662211,0.008978382125096185,4.947953734468966e-05,7.875836127831212e-05,2.2251593689936264,0.3916509040600791,3.9863137138648344e-11,0.0,4.440892098500626e-18,0.0,5.28796976185508,1.480291110550568,,,3.0,1.5811388300841898,686.8,803.9674744664737
Replace + Select,80,1.0,0.0,13.4823939367301,12.080911298117902,0.0028240450557707767,0.0042830033213098855,0.005684203204773206,0.008629045680496161,4.814895129115201e-05,7.574184740860461e-05,2.197591880445149,0.40814733066643477,3.9863137138648344e-11,0.0,4.440892098500626e-18,0.0,5.2891396484017195,1.4804503675431082,,,3.0,1.5811388300841898,686.8,803.9674744664737
Replace + Select,81,1.0,0.0,13.490633640255552,12.083375506635011,0.0028182159296045897,0.004283546838051342,0.005629495317597854,0.00857321085828096,4.770019226072956e-05,7.523944439172489e-05,2.210591532087117,0.3409755616546452,3.9863137138648344e-11,0.0,4.440892098500626e-18,0.0,5.289771007645356,1.4807569505345477,,,3.0,1.5811388300841898,686.8,803.9674744664737
Replace + Select,82,1.0,0.0,13.502134952022123,12.090531846082415,0.0027668100790538197,0.00417823163187239,0.005544897990643739,0.008408844942475013,4.697225696428597e-05,7.381345996512136e-05,2.19172962247879,0.35522323801119027,3.9863137138648344e-11,0.0,4.440892098500626e-18,0.0,5.290015317715992,1.4814294694801768,,,3.0,1.5811388300841898,686.8,803.9674744664737
Replace + Select,83,1.0,0.0,13.511348057377688,12.097783435714557,0.00282641563947167,0.0043252070696022295,0.005722151219228966,0.008767388927930149,4.848756329401211e-05,7.692458733292628e-05,2.19319664184478,0.357129646379703,3.9863137138648344e-11,0.0,4.440892098500626e-18,0.0,5.290638356185061,1.4819235945308764,,,3.0,1.5811388300841898,686.8,803.9674744664737
Replace + Select,84,1.0,0.0,13.519207348355266,12.1036018062697,0.002700779700342854,0.004098247703052148,0.005341132851974912,0.008026092860275131,4.529185012014561e-05,7.048636238378611e-05,2.2150918440054914,0.37921170976535606,3.9863137138648344e-11,0.0,4.440892098500626e-18,0.0,5.290585725686345,1.4825124114699932,,,3.0,1.5811388300841898,686.8,803.9674744664737
Replace + Select,85,1.0,0.0,13.526848700794838,12.10760719389341,0.002692244757929053,0.004094593288583238,0.005363480865658258,0.008112471695998389,4.54491658762334e-05,7.122383275530095e-05,2.2461315134941,0.36004634490900683,3.9863137138648344e-11,0.0,4.440892098500626e-18,0.0,5.290218883362931,1.4829205596336716,,,3.0,1.5811388300841898,686.8,803.9674744664737
Replace + Select,86,1.0,0.0,13.538168290854859,12.11097483583997,0.0026164048144162377,0.004008275418432909,0.005231909140274806,0.008029558479838536,4.431916463658316e-05,7.044969976300266e-05,2.1648666800996765,0.3296858445556627,3.9863137138648344e-11,0.0,4.440892098500626e-18,0.0,5.290682173286214,1.4834316623926944,,,3.0,1.5811388300841898,686.8,803.9674744664737
Replace + Select,87,1.0,0.0,13.54644779692776,12.113653326058,0.0025943533866643956,0.004017496993605449,0.005177157923873634,0.007988698045108418,4.386201503646265e-05,7.007329863524821e-05,2.2134877596895435,0.3212519107131817,3.9863137138648344e-11,0.0,4.440892098500626e-18,0.0,5.291868689321599,1.4834449183877516,,,3.0,1.5811388300841898,686.8,803.9674744664737
Replace + Select,88,1.0,0.0,13.557059375790434,12.114650591834438,0.00254709417502137,0.003941449557546837,0.005073706699965018,0.007830162763938275,4.298588460942545e-05,6.868222200557282e-05,2.223933076383377,0.4516170284346922,3.9863137138648344e-11,0.0,4.440892098500626e-18,0.0,5.293017862672446,1.4835970538159844,,,3.0,1.5811388300841898,686.8,803.9674744664737
Replace + Select,89,1.0,0.0,13.566670307195025,12.123586690831736,0.002550190549874059,0.00396704850119075,0.005115785425315448,0.007986513163496876,4.32899513238125e-05,7.002486357191753e-05,2.233681035577652,0.4159739031635284,3.9863137138648344e-11,0.0,4.440892098500626e-18,0.0,5.2945716714167546,1.4840929399654728,,,3.0,1.5811388300841898,686.8,803.9674744664737
Replace + Select,90,1.0,0.0,13.574824902908162,12.126058393422799,0.002402519740857707,0.003668946864514227,0.004861029557323003,0.007421773161255586,4.102781141833725e-05,6.514168925505321e-05,2.1783045938603336,0.36661935165451665,3.9863137138648344e-11,0.0,4.440892098500626e-18,0.0,5.295246615964139,1.4842526109772494,,,3.0,1.5811388300841898,686.8,803.9674744664737
Replace + Select,91,1.0,0.0,13.581558586842968,12.129521429867705,0.002273723246327786,0.0034149810909225972,0.004537033586134269,0.006813937685186809,3.8352759721874753e-05,5.984873599214557e-05,2.228036103020169,0.3837073129399162,3.9863137138648344e-11,0.0,4.440892098500626e-18,0.0,5.295481349357887,1.4843907102689127,,,3.0,1.5811388300841898,686.8,803.9674744664737
Replace + Select,92,1.0,0.0,13.589257274187727,12.13001398462923,0.0022167337986078875,0.0033313206167644863,0.004471359756263452,0.006750113040244361,3.7831579109859714e-05,5.927161934819416e-05,2.236440918545555,0.3949303604459809,3.9863137138648344e-11,0.0,4.440892098500626e-18,0.0,5.296726408083193,1.48415736737771,,,3.0,1.5811388300841898,686.8,803.9674744664737
Replace + Select,93,1.0,0.0,13.592386560081092,12.13208952999773,0.0022218794099523745,0.0034053900381485354,0.004421603882114581,0.006758824540381737,3.7437341143153786e-05,5.9312668257774485e-05,2.2072547146334354,0.38085497280663877,3.9863137138648344e-11,0.0,4.440892098500626e-18,0.0,5.296744992068897,1.4844678115810772,,,3.0,1.5811388300841898,686.8,803.9674744664737
Replace + Select,94,1.0,0.0,13.599499749067666,12.135166930842615,0.002133632365279455,0.00320046601345891,0.0043194480946710506,0.006505815904201766,3.6466217645836235e-05,5.7137008878856165e-05,2.1748259029635664,0.35521380732933966,3.9863137138648344e-11,0.0,4.440892098500626e-18,0.0,5.297669324547472,1.484612923564619,,,3.0,1.5811388300841898,686.8,803.9674744664737
Replace + Select,95,1.0,0.0,13.608713379675816,12.13991001999603,0.002072186208144478,0.0030776238184976414,0.004127921213195152,0.006131724851424873,3.4851848872521695e-05,5.3886516988479715e-05,2.219939947380722,0.3802269145797282,3.9863137138648344e-11,0.0,4.440892098500626e-18,0.0,5.29867932547688,1.4848981666812424,,,3.0,1.5811388300841898,686.8,803.9674744664737
Replace + Select,96,1.0,0.0,13.617603909966414,12.138415918359398,0.0020365977084266526,0.0030166790754574007,0.004066290919172149,0.005990171206573085,3.423333205603015e-05,5.2664389866973824e-05,2.2083691367671614,0.36789370928166715,3.9863137138648344e-11,0.0,4.440892098500626e-18,0.0,5.299264276950401,1.484834622724441,,,3.0,1.5811388300841898,686.8,803.9674744664737
Replace + Select,97,1.0,0.0,13.62650666761005,12.142740178396288,0.002044399848192012,0.0030365799097901956,0.004076909180334322,0.006069030380730784,3.436878788055835e-05,5.33321974301811e-05,2.2013798562286064,0.3605080306227523,3.9863137138648344e-11,0.0,4.440892098500626e-18,0.0,5.299972324684015,1.485109655704663,,,3.0,1.5811388300841898,686.8,803.9674744664737
Replace + Select,98,1.0,0.0,13.63200546042724,12.150680115980203,0.002002474856345759,0.002943548168296169,0.004007896613149655,0.0059053396034367675,3.375134639437634e-05,5.191745548778784e-05,2.1610142180167458,0.3556418364430626,3.9863137138648344e-11,0.0,4.440892098500626e-18,0.0,5.300501316084859,1.4854674699408874,,,3.0,1.5811388300841898,686.8,803.9674744664737
Replace + Select,99,1.0,0.0,13.640033492547051,12.153273526099515,0.0018846306476896686,0.0027202941331124124,0.003765871156738198,0.00544834578107647,3.1658568611292254e-05,4.794033680521637e-05,2.258460100743502,0.34099738617911224,3.9863137138648344e-11,0.0,4.440892098500626e-18,0.0,5.301085576061084,1.4856288790806607,,,3.0,1.5811388300841898,686.8,803.9674744664737
Replace + Select,100,1.0,0.0,13.646695011935847,12.157221747249013,0.0019200008250002006,0.0027999113199830205,0.003908579963302872,0.00574998532178526,3.2929503155426824e-05,5.0553667497272484e-05,2.2296382715158996,0.38818234593495243,3.9863137138648344e-11,0.0,4.440892098500626e-18,0.0,5.301776350024598,1.4857851169453673,,,3.0,1.5811388300841898,686.8,803.9674744664737
Replace + Select,101,1.0,0.0,13.657171564715165,12.161682826299728,0.0018847188588184001,0.002745705877009198,0.0036947382668563247,0.005313445055132355,3.1127142261918495e-05,4.6769037225617377e-05,2.2134989212128082,0.4243522860802315,3.9863137138648344e-11,0.0,4.440892098500626e-18,0.0,5.302815952807103,1.4860482472550285,,,3.0,1.5811388300841898,686.8,803.9674744664737
Replace + Select,102,1.0,0.0,13.668680230423579,12.165020776252408,0.0018915947829633568,0.0027706681717873916,0.0037659819950725685,0.005475673107446233,3.178485570677803e-05,4.8171907312728675e-05,2.2161087549330567,0.4310498522641359,3.9863137138648344e-11,0.0,4.440892098500626e-18,0.0,5.303706749125897,1.486288094106036,,,3.0,1.5811388300841898,686.8,803.9674744664737
Replace + Select,103,1.0,0.0,13.679594420028653,12.168406886074338,0.0018742663268401234,0.0027688596077165076,0.0037776343372085013,0.005583459142530736,3.19295711715365e-05,4.9077992017641966e-05,2.189531643159428,0.3838241790928026,3.9863137138648344e-11,0.0,4.440892098500626e-18,0.0,5.305002886965686,1.486359414847489,,,3.0,1.5811388300841898,686.8,803.9674744664737
Replace + Select,104,1.0,0.0,13.690840546227957,12.170884399628386,0.0018786351576153596,0.0027870117755238386,0.0037592009818875867,0.005576106132586312,3.176393023858504e-05,4.900546559518276e-05,2.1834449958429105,0.37514573157384096,3.9863137138648344e-11,0.0,4.440892098500626e-18,0.0,5.30624256835468,1.486394249932957,,,3.0,1.5811388300841898,686.8,803.9674744664737
Replace + Select,105,1.0,0.0,13.701973165766129,12.176165852895,0.0018199813724998285,0.0026610421780808337,0.003659981852549292,0.005364957501845836,3.083860091347352e-05,4.717836117577201e-05,2.2299251828155953,0.3745851080145454,3.9863137138648344e-11,0.0,4.440892098500626e-18,0.0,5.307148531404211,1.486720102938993,,,3.0,1.5811388300841898,686.8,803.9674744664737
Replace + Select,106,1.0,0.0,13.711460021843592,12.184450198664154,0.0017769581964727985,0.0025778140564051122,0.003550011225938483,0.00512911828343369,2.9920456413356004e-05,4.5137230808149176e-05,2.2154045377327094,0.3654689567810013,3.9863137138648344e-11,0.0,4.440892098500626e-18,0.0,5.307878477945268,1.4872342769364413,,,3.0,1.5811388300841898,686.8,803.9674744664737
Replace + Select,107,1.0,0.0,13.719382757489768,12.188639636024787,0.0017963022699054477,0.0025885945260736036,0.003606031216237947,0.005213272552684482,3.0421552842527683e-05,4.587724781437071e-05,2.2188322178968973,0.3760484748333629,3.9863137138648344e-11,0.0,4.440892098500626e-18,0.0,5.308812111103174,1.4873429532399103,,,3.0,1.5811388300841898,686.8,803.9674744664737
Replace + Select,108,1.0,0.0,13.728109452721412,12.192015253409364,0.0017719665108920965,0.002545263307847804,0.003575137178683332,0.0051677858633530395,3.023131359880297e-05,4.548047749861131e-05,2.186538519693613,0.3493295848663917,3.9863137138648344e-11,0.0,4.440892098500626e-18,0.0,5.309456931359686,1.4876448151768702,,,3.0,1.5811388300841898,686.8,803.9674744664737
Replace + Select,109,1.0,0.0,13.733938881426909,12.196127813813922,0.0017238104585623863,0.002471813264459692,0.003409427941013491,0.004884824733403155,2.8731171981763984e-05,4.300756370266067e-05,2.2120845477408375,0.41471839644021513,3.9863137138648344e-11,0.0,4.440892098500626e-18,0.0,5.3099154449516135,1.4879533458834047,,,3.0,1.5811388300841898,686.8,803.9674744664737
Replace + Select,110,1.0,0.0,13.743843868922749,12.204415417503506,0.0017204275873946933,0.0024667226307131564,0.0034281677730932485,0.004888776169158141,2.8859759183919265e-05,4.305167315158656e-05,2.2400482950843115,0.3930135096163102,3.9863137138648344e-11,0.0,4.440892098500626e-18,0.0,5.310554726944458,1.4883511221754968,,,3.0,1.5811388300841898,686.8,803.9674744664737
Replace + Select,111,1.0,0.0,13.749993011767364,12.208561825114712,0.0017488445323740579,0.002534782952868171,0.003496798375564928,0.005079408219505406,2.9494680875337555e-05,4.468832230178752e-05,2.266078609048706,0.3683632108041023,3.9863137138648344e-11,0.0,4.440892098500626e-18,0.0,5.31151614640008,1.4883810435499392,,,3.0,1.5811388300841898,686.8,803.9674744664737
Replace + Select,112,1.0,0.0,13.758547925163736,12.211701612133709,0.0017296202374724283,0.002490014162597274,0.0034631146779454934,0.004985861901841248,2.9217213408462724e-05,4.388589648493702e-05,2.1947940499273546,0.3551496017394819,3.9863137138648344e-11,0.0,4.440892098500626e-18,0.0,5.311919385403496,1.488678109223842,,,3.0,1.5811388300841898,686.8,803.9674744664737
Replace + Select,113,1.0,0.0,13.769855901160984,12.219130452179792,0.001721186930311265,0.0024670276018670984,0.0034233886466420163,0.004898050277522275,2.8932124593243742e-05,4.313026584908012e-05,2.2021546906633214,0.395957250453171,3.9863137138648344e-11,0.0,4.440892098500626e-18,0.0,5.313479425134181,1.4889344761945555,,,3.0,1.5811388300841898,686.8,803.9674744664737
Replace + Select,114,1.0,0.0,13.775416796331024,12.223448162423438,0.0017771957255835226,0.002609357888304368,0.0035638947334920125,0.005249408845829606,3.0140732098139404e-05,4.614857896852061e-05,2.1917138396760487,0.33287768504492077,3.9863137138648344e-11,0.0,4.440892098500626e-18,0.0,5.314137633016182,1.4891301665022654,,,3.0,1.5811388300841898,686.8,803.9674744664737
Replace + Select,115,1.0,0.0,13.78159138914071,12.227793056773683,0.0017205602276815935,0.0025045660157169444,0.003414608052186764,0.004967905765990891,2.8844494465392507e-05,4.370366561211946e-05,2.23673324593318,0.3760514101847891,3.9863137138648344e-11,0.0,4.440892098500626e-18,0.0,5.314582501937827,1.489296830588116,,,3.0,1.5811388300841898,686.8,803.9674744664737
Replace + Select,116,1.0,0.0,13.78632301761077,12.229615252555227,0.0016603562468103122,0.002426056211455492,0.003365049918578088,0.00492320608383321,2.8417026766657412e-05,4.329786621478945e-05,2.1927886919770154,0.33640000823948035,3.9863137138648344e-11,0.0,4.440892098500626e-18,0.0,5.315555344072602,1.4889651673092494,,,3.0,1.5811388300841898,686.8,803.9674744664737
Replace + Select,117,1.0,0.0,13.791747070849752,12.229847718371136,0.0016299875889772355,0.0023759634165881217,0.0033195369090175016,0.0048993911586073125,2.8053169443388598e-05,4.3068886863819926e-05,2.195442627855961,0.37926213237902334,3.9863137138648344e-11,0.0,4.440892098500626e-18,0.0,5.316096059822826,1.4888588649715258,,,3.0,1.5811388300841898,686.8,803.9674744664737
Replace + Select,118,1.0,0.0,13.796886146418135,12.233968679061178,0.0016668357689428772,0.0024424961089671263,0.0033836385805320903,0.004979973155461029,2.8624466712696138e-05,4.378235053548343e-05,2.210409794121906,0.37507349211658025,3.9863137138648344e-11,0.0,4.440892098500626e-18,0.0,5.316949944526373,1.488826560669949,,,3.0,1.5811388300841898,686.8,803.9674744664737
Replace + Select,119,1.0,0.0,13.804806013949298,12.24280847796015,0.0015879551942278368,0.0022997342207104624,0.0032303231042703114,0.0047359459007563125,2.725239240283037e-05,4.1647732140890336e-05,2.241905399135882,0.31674879226247976,3.9863137138648344e-11,0.0,4.440892098500626e-18,0.0,5.318130224987586,1.489113530835992,,,3.0,1.5811388300841898,686.8,803.9674744664737
Replace + Select,120,1.0,0.0,13.81457495739474,12.245159923619935,0.0015643086246062282,0.0022620359879056166,0.003167709364482294,0.004602381398623559,2.671901814304761e-05,4.049365415115944e-05,2.220968662587463,0.347378681591872,3.9863137138648344e-11,0.0,4.440892098500626e-18,0.0,5.319047086211371,1.4891703044465654,,,3.0,1.5811388300841898,686.8,803.9674744664737
Replace + Select,121,1.0,0.0,13.824841434493333,12.252133677001813,0.0015392699204141637,0.0022157075132677455,0.003094451910181238,0.004488366909967327,2.607137001551166e-05,3.949399259171495e-05,2.240957493084697,0.3488188339117454,3.9863137138648344e-11,0.0,4.440892098500626e-18,0.0,5.319885679931742,1.4896273972927305,,,3.0,1.5811388300841898,686.8,803.9674744664737
Replace + Select,122,1.0,0.0,13.830993964492214,12.258289421475999,0.0015135651267954406,0.002205820140902535,0.003034253191322299,0.004423311399148902,2.5563471296728283e-05,3.891145566018708e-05,2.239325265831231,0.41893100018852436,3.9863137138648344e-11,0.0,4.440892098500626e-18,0.0,5.320770974457439,1.4899261676413096,,,3.0,1.5811388300841898,686.8,803.9674744664737
Replace + Select,123,1.0,0.0,13.83916335379332,12.26227162065704,0.0014794777329054834,0.00215641796079092,0.0029399217735348497,0.0042858399206315515,2.472465678343213e-05,3.770084289819669e-05,2.241501006277601,0.35296751927988446,3.9863137138648344e-11,0.0,4.440892098500626e-18,0.0,5.32143531066326,1.4901728246842012,,,3.0,1.5811388300841898,686.8,803.9674744664737
Replace + Select,124,1.0,0.0,13.85137403646396,12.266877618455617,0.0013648920794323285,0.0019154519863811641,0.0026844736639558523,0.0037528041357633058,2.2467769997133244e-05,3.30812786651743e-05,2.211681469967254,0.3977594427171192,3.9863137138648344e-11,0.0,4.440892098500626e-18,0.0,5.3223596911558975,1.4903876678463184,,,3.0,1.5811388300841898,686.8,803.9674744664737
Replace + Select,125,1.0,0.0,13.85701594268881,12.271120175232493,0.001360954329714899,0.0018972117627577049,0.0027443228471964246,0.003841837528741124,2.2990046760108533e-05,3.386508054442622e-05,2.215153488115836,0.34394755997229576,3.9863137138648344e-11,0.0,4.440892098500626e-18,0.0,5.32318134608918,1.4902167798013088,,,3.0,1.5811388300841898,686.8,803.9674744664737
Replace + Select,126,1.0,0.0,13.864688314104919,12.276374287103026,0.0013006337389222626,0.0017788288055220086,0.0026075596277629555,0.0035540337181886395,2.1822171711217164e-05,3.137109780382241e-05,2.2307682349856752,0.3503179899909901,3.9863137138648344e-11,0.0,4.440892098500626e-18,0.0,5.324103534592819,1.4903180408149899,,,3.0,1.5811388300841898,686.8,803.9674744664737
Replace + Select,127,1.0,0.0,13.872431635835204,12.287467043408167,0.0012860223540290846,0.0017626274454533217,0.002541637320778661,0.003442813288050009,2.127509130226679e-05,3.0400236420563523e-05,2.2510759819433366,0.32924874461165093,3.9863137138648344e-11,0.0,4.440892098500626e-18,0.0,5.325071976873016,1.4908293920708735,,,3.0,1.5811388300841898,686.8,803.9674744664737
Replace + Select,128,1.0,0.0,13.879155993515514,12.290225133130987,0.0012580425437200306,0.001682368570192077,0.002507417391828951,0.0033669633597895043,2.099554973733056e-05,2.9748050917744874e-05,2.231980039543547,0.41132531962444446,3.9863137138648344e-11,0.0,4.440892098500626e-18,0.0,5.325565532062564,1.490908738037845,,,3.0,1.5811388300841898,686.8,803.9674744664737
Replace + Select,129,1.0,0.0,13.887146401685083,12.297563152458347,0.001322121495323844,0.0018104798582584442,0.0026805630704514224,0.003711617115882972,2.243859561056601e-05,3.272972314338891e-05,2.2343580701963552,0.39110426035756685,3.9863137138648344e-11,0.0,4.440892098500626e-18,0.0,5.326101090673318,1.4915431987339332,,,3.0,1.5811388300841898,686.8,803.9674744664737
Replace + Select,130,1.0,0.0,13.896543464067651,12.304510709032622,0.001368294859366507,0.0018606908027649436,0.0027037082477481783,0.003655009102374077,2.2628071313605118e-05,3.227470238362933e-05,2.226758257675162,0.34287360449155246,3.9863137138648344e-11,0.0,4.440892098500626e-18,0.0,5.3273928602847205,1.4918460815648464,,,3.0,1.5811388300841898,686.8,803.9674744664737
Replace + Select,131,1.0,0.0,13.906118853146214,12.314243054648463,0.0013133131730999699,0.0017546248835395306,0.002634570350082902,0.003518444272312581,2.2027078662584836e-05,3.109086037612306e-05,2.247218943926972,0.29776485316162327,3.9863137138648344e-11,0.0,4.440892098500626e-18,0.0,5.328247466732171,1.4924697240902587,,,3.0,1.5811388300841898,686.8,803.9674744664737
Replace + Select,132,1.0,0.0,13.913535994279039,12.32152182446096,0.0013204188501166423,0.0017867641635491024,0.0026608581656737485,0.003610707721960576,2.2292713939473562e-05,3.1883164257330955e-05,2.1704375562273706,0.30225684897600064,3.9863137138648344e-11,0.0,4.440892098500626e-18,0.0,5.329035588656096,1.4928299893886383,,,3.0,1.5811388300841898,686.8,803.9674744664737
Replace + Select,133,1.0,0.0,13.923032194661591,12.326845451147678,0.0013020311324619014,0.0017665297245530252,0.002613685380108106,0.0035490846418807405,2.1885343074366985e-05,3.133770900851356e-05,2.231278599429018,0.365156167148506,3.9863137138648344e-11,0.0,4.440892098500626e-18,0.0,5.330166023240217,1.4929242006562193,,,3.0,1.5811388300841898,686.8,803.9674744664737
Replace + Select,134,1.0,0.0,13.931158994913568,12.333213801533537,0.0013191330602886468,0.0017990924033699388,0.002626007687155484,0.0035873142577340796,2.20385773986483e-05,3.167123117011984e-05,2.2425481870452324,0.29863693366213256,3.9863137138648344e-11,0.0,4.440892098500626e-18,0.0,5.331247615027212,1.4931784873180824,,,3.0,1.5811388300841898,686.8,803.9674744664737
Replace + Select,135,1.0,0.0,13.940769154868795,12.339604339602973,0.0013183072938268198,0.0018256727438830847,0.0026326607134188025,0.0036345672401865937,2.2137215608284778e-05,3.207179568307628e-05,2.244233190125656,0.34432078096389,3.9863137138648344e-11,0.0,4.440892098500626e-18,0.0,5.331954639730099,1.4936294155141179,,,3.0,1.5811388300841898,686.8,803.9674744664737
Replace + Select,136,1.0,0.0,13.951904152651366,12.347110454660937,0.0012786801589257098,0.0017386877620201911,0.0025519499234121215,0.003461491958388382,2.1366934534642368e-05,3.056908063353065e-05,2.190376556775481,0.3195905647964979,3.9863137138648344e-11,0.0,4.440892098500626e-18,0.0,5.333168228643739,1.4939685452367533,,,3.0,1.5811388300841898,686.8,803.9674744664737
Replace + Select,137,1.0,0.0,13.960608248209638,12.350953565532944,0.0012930521464898244,0.0017650703255064914,0.0025846246616528824,0.0035462860808774584,2.1678168429088823e-05,3.130104256993127e-05,2.256104320076225,0.41182897440267,3.9863137138648344e-11,0.0,4.440892098500626e-18,0.0,5.333713140507345,1.494080129550208,,,3.0,1.5811388300841898,686.8,803.9674744664737
Replace + Select,138,1.0,0.0,13.969231899999182,12.356528971600673,0.0012709441789987557,0.001701695794202668,0.002556470053901386,0.0034282694958139436,2.1407973163097673e-05,3.0298037155653276e-05,2.2165693690490373,0.3589053241460121,3.9863137138648344e-11,0.0,4.440892098500626e-18,0.0,5.333848223458662,1.494450619298155,,,3.0,1.5811388300841898,686.8,803.9674744664737
Replace + Select,139,1.0,0.0,13.975850917845154,12.361666192466476,0.00119685801413151,0.00157997689961337,0.0024019506821334833,0.0031892491500937602,2.0090356492976502e-05,2.8201817451773928e-05,2.171994183364776,0.3631032813327171,3.9863137138648344e-11,0.0,4.440892098500626e-18,0.0,5.334682561965108,1.4948321625081935,,,3.0,1.5811388300841898,686.8,803.9674744664737
Replace + Select,140,1.0,0.0,13.987114522397615,12.370803242624797,0.0011649864922439537,0.001520068025888728,0.00232544851550666,0.0030227180756686764,1.9449983218715774e-05,2.6767830533879246e-05,2.296025120176027,0.4847889189402313,3.9863137138648344e-11,0.0,4.440892098500626e-18,0.0,5.335862858425988,1.4953090501601538,,,3.0,1.5811388300841898,686.8,803.9674744664737
Replace + Select,141,1.0,0.0,13.99533472631704,12.374849684249583,0.0011539735774245747,0.0015323086335404337,0.002323463483248882,0.0030862096120526264,1.9456504973574543e-05,2.7293200741672604e-05,2.235054916296732,0.4006491399103992,3.9863137138648344e-11,0.0,4.440892098500626e-18,0.0,5.336675121371217,1.4954084713978326,,,3.0,1.5811388300841898,686.8,803.9674744664737
Replace + Select,142,1.0,0.0,14.004129889819401,12.381977789562077,0.00116390363336166,0.0015717894581589813,0.0023411899951965706,0.0031847075457878352,1.9587207198864156e-05,2.8120209326279724e-05,2.2339041248483746,0.36939185268531066,3.9863137138648344e-11,0.0,4.440892098500626e-18,0.0,5.3372138302024315,1.4958738631321995,,,3.0,1.5811388300841898,686.8,803.9674744664737
Replace + Select,143,1.0,0.0,14.012570274848553,12.389188385600507,0.0011626443858203232,0.0015657910239599876,0.0023099772574459465,0.003099128068624695,1.9334396756757387e-05,2.7387858393409437e-05,2.2643633094653937,0.31893307280107286,3.9863137138648344e-11,0.0,4.440892098500626e-18,0.0,5.338382577690796,1.4963255201437204,,,3.0,1.5811388300841898,686.8,803.9674744664737
Replace + Select,144,1.0,0.0,14.018764965094368,12.391802973265776,0.0011938457714068596,0.0016339307586985537,0.0023761580255232525,0.0032395439235676712,1.9909502726468614e-05,2.860276168967642e-05,2.2365647652469347,0.38445118337373974,3.9863137138648344e-11,0.0,4.440892098500626e-18,0.0,5.339175888208866,1.4962815979306008,,,3.0,1.5811388300841898,686.8,803.9674744664737
Replace + Select,145,1.0,0.0,14.029111064185773,12.397521899613448,0.0012221640997127337,0.0016918966588165413,0.002450377006989071,0.0034145081828568487,2.0571993397239018e-05,3.011199891018186e-05,2.2305511910078795,0.3734217899668629,3.9863137138648344e-11,0.0,4.440892098500626e-18,0.0,5.339939523772001,1.4966233737520238,,,3.0,1.5811388300841898,686.8,803.9674744664737
Replace + Select,146,1.0,0.0,14.03864327283478,12.401456583893603,0.001246707546046832,0.0017419999441783123,0.002469889903223415,0.0034251409596270156,2.0737655376969557e-05,3.0213881639637432e-05,2.2867525752180975,0.3853958420081365,3.9863137138648344e-11,0.0,4.440892098500626e-18,0.0,5.340336007625567,1.497062208770732,,,3.0,1.5811388300841898,686.8,803.9674744664737
Replace + Select,147,1.0,0.0,14.050789582798075,12.408758240171544,0.001282762216465325,0.0017883498801182273,0.002571850792979872,0.0036123239343014727,2.1591708753680224e-05,3.184167989427274e-05,2.2004223840890598,0.41122435235826293,3.9863137138648344e-11,0.0,4.440892098500626e-18,0.0,5.341379426597079,1.4974995381045992,,,3.0,1.5811388300841898,686.8,803.9674744664737
Replace + Select,148,1.0,0.0,14.059325537267785,12.41179861642482,0.001270064752506014,0.0017678235153050792,0.002535864435313419,0.003541143865771822,2.12935778067511e-05,3.122475599749711e-05,2.22787742585547,0.3718541155983628,3.9863137138648344e-11,0.0,4.440892098500626e-18,0.0,5.342378442815464,1.4974972650495433,,,3.0,1.5811388300841898,686.8,803.9674744664737
Replace + Select,149,1.0,0.0,14.06907740384462,12.417208719958076,0.0012569834363893254,0.001734513112208471,0.0025280654782447623,0.0034957748277169415,2.1190345525092376e-05,3.0840423874748956e-05,2.205592619299008,0.38784446414894375,3.9863137138648344e-11,0.0,4.440892098500626e-18,0.0,5.343367993718731,1.4977833168834607,,,3.0,1.5811388300841898,686.8,803.9674744664737
Replace + Select,150,1.0,0.0,14.080161156862625,12.421890632322764,0.0012275043122204781,0.0016657572786699902,0.0024556518207593256,0.003312154195768638,2.0584206299192757e-05,2.9264640137542894e-05,2.1996345569986935,0.3369448284130146,3.9863137138648344e-11,0.0,4.440892098500626e-18,0.0,5.344326230066288,1.4981081561413092,,,3.0,1.5811388300841898,686.8,803.9674744664737
Replace + Select,151,1.0,0.0,14.08736248261205,12.426692473934446,0.0011922907097355524,0.0016102009564405776,0.002388094095055317,0.003216787261665853,2.003260451389396e-05,2.842575131440289e-05,2.239888037373432,0.3614768162977415,3.9863137138648344e-11,0.0,4.440892098500626e-18,0.0,5.3449159315019195,1.4984110842850937,,,3.0,1.5811388300841898,686.8,803.9674744664737
Replace + Select,152,1.0,0.0,14.09574277992599,12.432610449764905,0.0012084231919752655,0.0016393138214724943,0.0024221837662058007,0.0032963735793996654,2.0335556727078766e-05,2.911163987999361e-05,2.2508219167748025,0.3537422646410751,3.9863137138648344e-11,0.0,4.440892098500626e-18,0.0,5.345662055620934,1.4987668417651692,,,3.0,1.5811388300841898,686.8,803.9674744664737
Replace + Select,153,1.0,0.0,14.10500457734162,12.436666733436377,0.0012138996280065852,0.0016436246176577364,0.0024347119828516486,0.0033015286723383293,2.0532075868403756e-05,2.9173435157057123e-05,2.2059311827430745,0.3646971672787046,3.9863137138648344e-11,0.0,4.440892098500626e-18,0.0,5.346516120402441,1.4989260680187027,,,3.0,1.5811388300841898,686.8,803.9674744664737
Replace + Select,154,1.0,0.0,14.116326669295338,12.440789859551447,0.001249684096671994,0.0017061443097879673,0.0024962426216615357,0.0033949103196221683,2.1046849056190696e-05,2.9991263331909546e-05,2.180514326816977,0.35194746693127105,3.9863137138648344e-11,0.0,4.440892098500626e-18,0.0,5.347220053809435,1.499057221945261,,,3.0,1.5811388300841898,686.8,803.9674744664737
Replace + Select,155,1.0,0.0,14.127049446998294,12.44520226720297,0.0012545145530741958,0.001700387204358107,0.0025125914883288507,0.0034177150450870187,2.119467259254861e-05,3.0193530820655027e-05,2.2467524725534167,0.36436499786513993,3.9863137138648344e-11,0.0,4.440892098500626e-18,0.0,5.3481806308807895,1.4992237871644365,,,3.0,1.5811388300841898,686.8,803.9674744664737
Replace + Select,156,1.0,0.0,14.138339860854733,12.447566948037169,0.0012414759465736375,0.0016997696998383627,0.002482194321779812,0.0033864983001056113,2.092983943318919e-05,2.991052279135865e-05,2.251556317026,0.3538086486684179,3.9863137138648344e-11,0.0,4.440892098500626e-18,0.0,5.3490478653945495,1.499404321293131,,,3.0,1.5811388300841898,686.8,803.9674744664737
Replace + Select,157,1.0,0.0,14.146839544057519,12.450397492970652,0.0012749785245679325,0.0017988029447767284,0.002557825823380246,0.0036132513364052626,2.156897781342778e-05,3.184175566775641e-05,2.2087243517246566,0.3903255192810606,3.9863137138648344e-11,0.0,4.440892098500626e-18,0.0,5.349829351259324,1.4994869260409838,,,3.0,1.5811388300841898,686.8,803.9674744664737
Replace + Select,158,1.0,0.0,14.15694950498868,12.455790730290829,0.001172060905860265,0.0016027603188498516,0.0023404584522546427,0.0032194206567440213,1.970925854508732e-05,2.8417126993845848e-05,2.2472593759992994,0.41781361283103774,3.9863137138648344e-11,0.0,4.440892098500626e-18,0.0,5.350815728249988,1.4996984220991296,,,3.0,1.5811388300841898,686.8,803.9674744664737
Replace + Select,159,1.0,0.0,14.165750547790841,12.460546570489567,0.0011429796632572231,0.001553673409611073,0.0022745197975741686,0.003100894087727633,1.9129075460203264e-05,2.738460638957607e-05,2.235453763980666,0.42683745075174756,3.9863137138648344e-11,0.0,4.440892098500626e-18,0.0,5.351653909098364,1.4999863783965677,,,3.0,1.5811388300841898,686.8,803.9674744664737
Replace + Select,160,1.0,0.0,14.177126942943568,12.465634494705993,0.001101315405110067,0.0014831986574148901,0.0022235614144017323,0.0030319250402906406,1.8668448917756157e-05,2.6771950449807628e-05,2.2489897980887514,0.3082552409452384,3.9863137138648344e-11,0.0,4.440892098500626e-18,0.0,5.352139424022397,1.5003921288884245,,,3.0,1.5811388300841898,686.8,803.9674744664737
Replace + Select,161,1.0,0.0,14.188984375673027,12.471716551638155,0.0011223613984859323,0.001536445103939762,0.002255347561903295,0.0031079903622532844,1.8911260068244083e-05,2.7424357723393334e-05,2.2431516306847414,0.3212739274542796,3.9863137138648344e-11,0.0,4.440892098500626e-18,0.0,5.353110846893415,1.5007405853142,,,3.0,1.5811388300841898,686.8,803.9674744664737
Replace + Select,162,1.0,0.0,14.20006400392343,12.47719268372851,0.001096230659649464,0.0014895693814821434,0.0021730162287453936,0.0029411760678416405,1.8159046380031116e-05,2.5975143924138366e-05,2.2286599409270065,0.3789227597817007,3.9863137138648344e-11,0.0,4.440892098500626e-18,0.0,5.35391704892551,1.5011337298065688,,,3.0,1.5811388300841898,686.8,803.9674744664737
Replace + Select,163,1.0,0.0,14.212806053506924,12.485092179026651,0.0010987219643417987,0.0015177405018774125,0.0022195890202959677,0.003079091515415087,1.8569531009530798e-05,2.7157219675047722e-05,2.226108850825115,0.34914927725218625,3.9863137138648344e-11,0.0,4.440892098500626e-18,0.0,5.355183921306812,1.501698974288079,,,3.0,1.5811388300841898,686.8,803.9674744664737
Replace + Select,164,1.0,0.0,14.224312212672753,12.490875188621136,0.0010755884921594219,0.0014860417581533626,0.0021855626749303953,0.0030398515488945896,1.828329119228321e-05,2.6808613762708722e-05,2.291487139383938,0.3860513389821454,3.9863137138648344e-11,0.0,4.440892098500626e-18,0.0,5.356090880628309,1.502030836714158,,,3.0,1.5811388300841898,686.8,803.9674744664737
Replace + Select,165,1.0,0.0,14.234755286975632,12.498283734227188,0.001074930953160606,0.0014903676962686276,0.0021616912681693425,0.0030184218397129197,1.8095282112427564e-05,2.661309891183173e-05,2.22675698723191,0.3875424818989828,3.9863137138648344e-11,0.0,4.440892098500626e-18,0.0,5.357137440145341,1.5024788003443135,,,3.0,1.5811388300841898,686.8,803.9674744664737
Replace + Select,166,1.0,0.0,14.24460650710908,12.502983609622245,0.0010813249835654886,0.0015055025409791115,0.002166555249969208,0.0030057469087660027,1.81388518314072e-05,2.6510051378766515e-05,2.2362184163412895,0.3351003917198419,3.9863137138648344e-11,0.0,4.440892098500626e-18,0.0,5.358274751130953,1.5027184389091015,,,3.0,1.5811388300841898,686.8,803.9674744664737
Replace + Select,167,1.0,0.0,14.25018062483448,12.507270497593359,0.0010651040359461275,0.0014815566880975327,0.0021431049608995173,0.002989512755304307,1.793050173297299e-05,2.6358649825682082e-05,2.2460691928788985,0.3378148190623392,3.9863137138648344e-11,0.0,4.440892098500626e-18,0.0,5.3587971035998265,1.5029474930308986,,,3.0,1.5811388300841898,686.8,803.9674744664737
Replace + Select,168,1.0,0.0,14.260830807624137,12.515131872894854,0.0010572740960328225,0.0014801353697898065,0.0021336386418637308,0.0030057661448233833,1.787471070705028e-05,2.6488703300147864e-05,2.1930383297823575,0.3576275046987706,3.9863137138648344e-11,0.0,4.440892098500626e-18,0.0,5.359964867615673,1.5032354576888876,,,3.0,1.5811388300841898,686.8,803.9674744664737
Replace + Select,169,1.0,0.0,14.268087973260027,12.519841373663132,0.001035245191973516,0.0014358468499904562,0.002087065850392596,0.002890991264011784,1.7502199536517117e-05,2.550245516168996e-05,2.1953262219100615,0.30534549037095454,3.9863137138648344e-11,0.0,4.440892098500626e-18,0.0,5.360652197448927,1.5034107445186218,,,3.0,1.5811388300841898,686.8,803.9674744664737
Replace + Select,170,1.0,0.0,14.278960271285007,12.526863984636648,0.0010474818744084663,0.0014620325235104711,0.0021169032275558486,0.0029694488378671975,1.7751931519003528e-05,2.6176126560978513e-05,2.256694003088153,0.348856643835159,3.9863137138648344e-11,0.0,4.440892098500626e-18,0.0,5.3616555597617035,1.503802789400404,,,3.0,1.5811388300841898,686.8,803.9674744664737
Replace + Select,171,1.0,0.0,14.289280535140346,12.532212278092576,0.0010505735534385788,0.0014520242933353331,0.0021186164491239457,0.0029432333351800182,1.7801760815861572e-05,2.5961053559460717e-05,2.1918583984774953,0.3452491687313854,3.9863137138648344e-11,0.0,4.440892098500626e-18,0.0,5.362465106189158,1.5040538802232406,,,3.0,1.5811388300841898,686.8,803.9674744664737
Replace + Select,172,1.0,0.0,14.299812594539954,12.536273608753003,0.0010379247435479198,0.0014342214813605602,0.002084718227481518,0.0028782544048251302,1.7487525158126377e-05,2.5395361344005915e-05,2.220677923386169,0.3714724702928348,3.9863137138648344e-11,0.0,4.440892098500626e-18,0.0,5.363097505649042,1.5043027360160512,,,3.0,1.5811388300841898,686.8,803.9674744664737
Replace + Select,173,1.0,0.0,14.310982699774252,12.540821372474605,0.0010390438045284772,0.0014630470545640673,0.0020752904385072284,0.002926467857416274,1.7423009529756327e-05,2.579129530129375e-05,2.285429679157185,0.3539199441657831,3.9863137138648344e-11,0.0,4.440892098500626e-18,0.0,5.36389461266487,1.5045600423532925,,,3.0,1.5811388300841898,686.8,803.9674744664737
Replace + Select,174,1.0,0.0,14.319080800537415,12.544327075442366,0.0010288648716764008,0.001447317006651061,0.0020614357034923285,0.002896541533718484,1.73100288306439e-05,2.5532531128056868e-05,2.2250522755517608,0.31180483816548404,3.9863137138648344e-11,0.0,4.440892098500626e-18,0.0,5.364780660489777,1.5047036496318351,,,3.0,1.5811388300841898,686.8,803.9674744664737
Replace + Select,175,1.0,0.0,14.32901275661661,12.552062529467582,0.000993890293503783,0.001382631269386575,0.001989882162445325,0.002759341628209877,1.672446977121592e-05,2.4342788420470364e-05,2.2714507825322316,0.4053443792430582,3.9863137138648344e-11,0.0,4.440892098500626e-18,0.0,5.365956062481227,1.5051528132416758,,,3.0,1.5811388300841898,686.8,803.9674744664737
Replace + Select,176,1.0,0.0,14.337717104907398,12.554669503782367,0.0010151283270042823,0.0014317415094761607,0.002032095755994549,0.0028599338515259325,1.704792206151533e-05,2.5207968083069567e-05,2.2429298732392113,0.3887660537159318,3.9863137138648344e-11,0.0,4.440892098500626e-18,0.0,5.36664425081012,1.5051159158736906,,,3.0,1.5811388300841898,686.8,803.9674744664737
Replace + Select,177,1.0,0.0,14.346856237837239,12.560573445306098,0.000968738334639991,0.001338576690522812,0.001961691106639375,0.0027195574067482753,1.6437283348410963e-05,2.398969897146847e-05,2.250547519433211,0.4168741330066926,3.9863137138648344e-11,0.0,4.440892098500626e-18,0.0,5.367184280436042,1.505486686329011,,,3.0,1.5811388300841898,686.8,803.9674744664737
Replace + Select,178,1.0,0.0,14.357242626988954,12.567055686254044,0.0009401145924605389,0.0012956411641202627,0.0018662365473841008,0.00257434137720389,1.56119085775354e-05,2.2712851663249857e-05,2.1957631819541854,0.3594512888344672,3.9863137138648344e-11,0.0,4.440892098500626e-18,0.0,5.368157115492905,1.5057871846902686,,,3.0,1.5811388300841898,686.8,803.9674744664737
Replace + Select,179,1.0,0.0,14.365851722351994,12.570377609190512,0.0009273004852739583,0.0012748033483916353,0.0018671429556300686,0.002575156397467616,1.566013707740701e-05,2.27233405292605e-05,2.257529468878476,0.452913555031173,3.9863137138648344e-11,0.0,4.440892098500626e-18,0.0,5.368932035104342,1.505892499084832,,,3.0,1.5811388300841898,686.8,803.9674744664737
Replace + Select,180,1.0,0.0,14.376955695091294,12.577527365668175,0.0009037162844237337,0.0012155482111905135,0.0018030230650687787,0.0024173851886468826,1.5081699893892953e-05,2.1364230696618276e-05,2.202339265841192,0.29917213378731333,3.9863137138648344e-11,0.0,4.440892098500626e-18,0.0,5.369867027675193,1.5062360340906713,,,3.0,1.5811388300841898,686.8,803.9674744664737
Replace + Select,181,1.0,0.0,14.390009028024469,12.584616905142411,0.0009234155219918396,0.0012445146572812957,0.0018456227511753943,0.0024925917818349403,1.5462284881341894e-05,2.2021239106001537e-05,2.2346635817066733,0.36001315964497077,3.9863137138648344e-11,0.0,4.440892098500626e-18,0.0,5.371213691273158,1.5066256685990835,,,3.0,1.5811388300841898,686.8,803.9674744664737
Replace + Select,182,1.0,0.0,14.401091872228204,12.590603647950406,0.0008796301351020301,0.0011633738136993315,0.00175039220999271,0.0023013451349134656,1.4676948049062577e-05,2.0370322213139884e-05,2.2651658278039997,0.4125600781625919,3.9863137138648344e-11,0.0,4.440892098500626e-18,0.0,5.372108786679235,1.5069416680887873,,,3.0,1.5811388300841898,686.8,803.9674744664737
Replace + Select,183,1.0,0.0,14.408508202425981,12.595867968655098,0.0008569968611684727,0.0010923279897641011,0.0017214503891725675,0.002190362142535692,1.4426606792621851e-05,1.943437720467697e-05,2.2229300686582447,0.37580543417850765,3.9863137138648344e-11,0.0,4.440892098500626e-18,0.0,5.372942558887664,1.5072157162911317,,,3.0,1.5811388300841898,686.8,803.9674744664737
Replace + Select,184,1.0,0.0,14.418176153029998,12.600715243724835,0.0008245777850956889,0.0010027500480731782,0.0016702836659414732,0.0020378585296782522,1.3981533797913217e-05,1.8142729287785926e-05,2.2270991662600625,0.32623152357796237,3.9863137138648344e-11,0.0,4.440892098500626e-18,0.0,5.373651589200878,1.5075125785494192,,,3.0,1.5811388300841898,686.8,803.9674744664737
Replace + Select,185,1.0,0.0,14.42942860439203,12.607271395233557,0.0008234847867814915,0.0010163593665061812,0.0016413270626149759,0.0020298094527009354,1.3705714402641235e-05,1.804027843045974e-05,2.246011289565696,0.3546704689706947,3.9863137138648344e-11,0.0,4.440892098500626e-18,0.0,5.374661287056034,1.5078959271977572,,,3.0,1.5811388300841898,686.8,803.9674744664737
Replace + Select,186,1.0,0.0,14.438906733864375,12.613256596447695,0.0008359235751891342,0.001054306446729062,0.0016371274382149525,0.002038598782648991,1.3698030040182576e-05,1.8115110587692766e-05,2.200883089740075,0.4342389329901245,3.9863137138648344e-11,0.0,4.440892098500626e-18,0.0,5.375608120841106,1.5082341212242003,,,3.0,1.5811388300841898,686.8,803.9674744664737
Replace + Select,187,1.0,0.0,14.449325708720568,12.62316565834117,0.0008124394858153429,0.0009885946256837509,0.0016236838144143974,0.0019796536641695493,1.3582987922959872e-05,1.7622809021839153e-05,2.2277945113700004,0.3900346537793391,3.9863137138648344e-11,0.0,4.440892098500626e-18,0.0,5.376556596540067,1.5088840747402508,,,3.0,1.5811388300841898,686.8,803.9674744664737
Replace + Select,188,1.0,0.0,14.457548076261165,12.628557957807429,0.0008166789725338618,0.000985453619200533,0.001621872504646934,0.001956171760932408,1.3573886250784196e-05,1.743341442248127e-05,2.2418286223094994,0.3568771186613287,3.9863137138648344e-11,0.0,4.440892098500626e-18,0.0,5.377696987532763,1.5089522758458518,,,3.0,1.5811388300841898,686.8,803.9674744664737
Replace + Select,189,1.0,0.0,14.465945369588002,12.634692133092585,0.0007996647434913767,0.0009478717607296086,0.001590809921651885,0.0018752887709070762,1.3328047480655728e-05,1.675669030409641e-05,2.195658767347071,0.34113533023944614,3.9863137138648344e-11,0.0,4.440892098500626e-18,0.0,5.378541555427681,1.5092260773050252,,,3.0,1.5811388300841898,686.8,803.9674744664737
Replace + Select,190,1.0,0.0,14.474929776282519,12.63968682779516,0.0008065869024160052,0.0009718878184724746,0.0016030153254226174,0.0019258495535114668,1.3427886890784793e-05,1.7173977004822927e-05,2.233833507248068,0.4129312802453738,3.9863137138648344e-11,0.0,4.440892098500626e-18,0.0,5.379169651467206,1.5095373022443086,,,3.0,1.5811388300841898,686.8,803.9674744664737
Replace + Select,191,1.0,0.0,14.485233156942808,12.644696076107543,0.0007926000940475924,0.000965247513852343,0.0015940035894101516,0.0019573773287766597,1.3342501484313308e-05,1.7415460820635965e-05,2.2365284361577387,0.36441812367508886,3.9863137138648344e-11,0.0,4.440892098500626e-18,0.0,5.379822261867344,1.5099767806465794,,,3.0,1.5811388300841898,686.8,803.9674744664737
Replace + Select,192,1.0,0.0,14.496200728493017,12.650812951817604,0.000796094564776489,0.0009819049410138606,0.0015958602430238395,0.001963662172123746,1.3350224117018925e-05,1.746617467397654e-05,2.225726442458994,0.3211602162898107,3.9863137138648344e-11,0.0,4.440892098500626e-18,0.0,5.380658826427642,1.510345631153353,,,3.0,1.5811388300841898,686.8,803.9674744664737
Replace + Select,193,1.0,0.0,14.505713822719688,12.656126556486967,0.0007745253056244024,0.0009356984979648199,0.0015485346431299456,0.0018678587455695074,1.2924007612950116e-05,1.6633274005435337e-05,2.209578445355665,0.30113929356899427,3.9863137138648344e-11,0.0,4.440892098500626e-18,0.0,5.3815974315419055,1.5106884185072957,,,3.0,1.5811388300841898,686.8,803.9674744664737
Replace + Select,194,1.0,0.0,14.513932501751786,12.66326599844096,0.0007752985404638741,0.0009366711654835796,0.0015468515613387026,0.0018647540869715562,1.289358134117296e-05,1.659980619136909e-05,2.1732992785379865,0.3313175695990159,3.9863137138648344e-11,0.0,4.440892098500626e-18,0.0,5.382478097025033,1.510952745528863,,,3.0,1.5811388300841898,686.8,803.9674744664737
Replace + Select,195,1.0,0.0,14.523800365638682,12.668849831989471,0.0007876609689856309,0.0009486655255012544,0.001603488033753931,0.0019440890049805478,1.3386776418078988e-05,1.730434588327002e-05,2.225885051062014,0.4323227180999622,3.9863137138648344e-11,0.0,4.440892098500626e-18,0.0,5.38363480672006,1.5110717166466068,,,3.0,1.5811388300841898,686.8,803.9674744664737
Replace + Select,196,1.0,0.0,14.533927655003529,12.674446923280925,0.0007754576217931661,0.0009390791329346597,0.0015362356582282355,0.001849809307632361,1.2817299348447453e-05,1.6474255152933458e-05,2.246469591654571,0.32825586970236476,3.9863137138648344e-11,0.0,4.440892098500626e-18,0.0,5.384554302290398,1.5113834081633428,,,3.0,1.5811388300841898,686.8,803.9674744664737
Replace + Select,197,1.0,0.0,14.546500393340605,12.684137523413845,0.0007715268516639025,0.0009485253570911498,0.0015262919124987688,0.0018619691134450238,1.2731674815459785e-05,1.6562904868345683e-05,2.2775704357116675,0.4722408226492486,3.9863137138648344e-11,0.0,4.440892098500626e-18,0.0,5.385422980470272,1.5120241279560434,,,3.0,1.5811388300841898,686.8,803.9674744664737
Replace + Select,198,1.0,0.0,14.55565933984441,12.6897034023723,0.0007703455028062066,0.0009569890582478938,0.001539996963229736,0.001916172079946796,1.2878757891110023e-05,1.7026813100428576e-05,2.2656370566153017,0.4019290277993624,3.9863137138648344e-11,0.0,4.440892098500626e-18,0.0,5.386206089730871,1.5123091897641154,,,3.0,1.5811388300841898,686.8,803.9674744664737
Replace + Select,199,1.0,0.0,14.565479901880176,12.696795934113949,0.0007530721992104911,0.0009185726794212504,0.0014969995604913458,0.001823767343202432,1.246773434628671e-05,1.622084917085011e-05,2.2278682187620387,0.3829252289755634,3.9863137138648344e-11,0.0,4.440892098500626e-18,0.0,5.386880157464478,1.5127313484336726,,,3.0,1.5811388300841898,686.8,803.9674744664737
Replace + Select,200,1.0,0.0,14.578081235535521,12.702177868407473,0.0007582402858027838,0.0009409208693135467,0.0015144030304861554,0.001875003896725317,1.2617090051773194e-05,1.665628216214468e-05,2.2666833594608677,0.37488298798777125,3.9863137138648344e-11,0.0,4.440892098500626e-18,0.0,5.387665102348155,1.5131869845434358,,,3.0,1.5811388300841898,686.8,803.9674744664737
