setting,iteration,use_selection,use_selection,mean_error,mean_error,variance,variance,dispersion,dispersion,dispersion_ratio,dispersion_ratio,swd_to_truth,swd_to_truth,component_weight_entropy,component_weight_entropy,smallest_component_weight,smallest_component_weight,component_mean_distance,component_mean_distance,num_samples,num_samples,run,run,seed,seed
,,mean,std,mean,std,mean,std,mean,std,mean,std,mean,std,mean,std,mean,std,mean,std,mean,std,mean,std,mean,std
Accumulate,0,0.0,0.0,0.2915999999997966,6.822220551967122e-14,62.77201873058,15.215228969247487,125.50829612573443,30.284263873723656,0.9966597386272686,0.024408935221580594,0.06681473338514876,0.011633427141246332,0.7219280948873623,0.0,0.2,0.0,1.7999999999993719,2.1047292916485777e-13,,,3.0,1.5811388300841898,686.8,803.9674744664737
Accumulate,1,0.0,0.0,0.8819174316300842,0.5388201957569628,63.265313718090184,14.712253664590865,127.33547347098128,30.48662916690718,1.0114822141983197,0.028137085329060955,0.25617832989063805,0.05131206063779011,0.856444969794806,0.042512652739463294,0.28261255974395727,0.029580059830883375,3.5151392288998196,0.7048001109209598,100.0,0.0,3.0,1.5811388300841898,686.8,803.9674744664737
Accumulate,2,0.0,0.0,0.8918843767980864,0.386066557788768,63.29774409354245,12.98324204540553,126.69006251292004,25.512268943440336,1.014004339537172,0.06488587851019886,0.2908330474214155,0.03569801368787163,0.8802832010705359,0.017624910977144168,0.29965677261784623,0.01464738662452653,3.593071938863008,0.948183182652732,200.0,0.0,3.0,1.5811388300841898,686.8,803.9674744664737
Accumulate,3,0.0,0.0,1.0275685647800503,0.3612765870578703,62.77041998990952,12.607422240704443,125.15867449123004,26.007180465234683,1.0003121384825662,0.0532689015102537,0.29820543544942985,0.0293848920715428,0.8838170916172821,0.02029396632752496,0.3027343805370101,0.01702180178367551,3.6674063130855927,1.0954389480856759,300.0,0.0,3.0,1.5811388300841898,686.8,803.9674744664737
Accumulate,4,0.0,0.0,0.9742150956497444,0.3748766799275173,62.71031016624646,12.058839408747982,124.11560623378327,23.685919913805005,0.9953929137085625,0.05384100750690809,0.3143206067093529,0.029801122617631296,0.8802064417429948,0.030000074152768032,0.30037040304938123,0.023527992953994534,3.7207769555020236,1.0307679505963914,400.0,0.0,3.0,1.5811388300841898,686.8,803.9674744664737
Accumulate,5,0.0,0.0,0.9652473111422484,0.4124300838837515,62.520291766000845,11.66610635414401,124.89245775809786,23.36982876896553,1.0023059300586659,0.06551425871795545,0.29321121922448107,0.046688350080233164,0.8749414047248294,0.03892014659746414,0.2967241856070838,0.02854790930772388,3.7652540162787544,1.0846700486469523,500.0,0.0,3.0,1.5811388300841898,686.8,803.9674744664737
Accumulate,6,0.0,0.0,0.8738213156325875,0.3891425453886074,62.28871345614169,12.147069424725723,124.91795699703088,24.500407768836315,1.0011253289694548,0.07108317281830698,0.28609961393442945,0.05687127543043988,0.870794956211391,0.045063605017749545,0.29400707109719404,0.03271567962194519,3.777855129198465,1.088190665742029,600.0,0.0,3.0,1.5811388300841898,686.8,803.9674744664737
Accumulate,7,0.0,0.0,0.8800380605072882,0.3931017855294348,61.76384453385244,11.59436474111336,123.01191571234071,23.414941620622585,0.9866960381032627,0.06566600606528947,0.2846489053572664,0.03356033275594311,0.8647934358892793,0.05888445858079724,0.2907993679442797,0.041498686537553967,3.6610772017979984,1.0456312125045109,700.0,0.0,3.0,1.5811388300841898,686.8,803.9674744664737
Accumulate,8,0.0,0.0,0.8808704105599098,0.4488653454895142,61.78650696134714,11.549393768548741,123.37212931377783,23.3504932788561,0.9903542774324314,0.07693195106809347,0.29838251754094613,0.04508170325113657,0.8634720736921266,0.05538437578778438,0.28942189521620154,0.0396101434221322,3.6330551914704174,1.0453847135688943,800.0,0.0,3.0,1.5811388300841898,686.8,803.9674744664737
Accumulate,9,0.0,0.0,0.9209857367917553,0.474318618880171,61.64501833649749,11.493636601049962,124.04510525280621,22.92888567266523,0.9965377431540802,0.07853312777136483,0.2974357160910067,0.04884880036317925,0.8597695288604326,0.05683389648059753,0.2866713830004911,0.039959121031426445,3.5970938521000746,1.0632408086829468,900.0,0.0,3.0,1.5811388300841898,686.8,803.9674744664737
Accumulate,10,0.0,0.0,0.9528751162178445,0.5232249824200239,61.3359438309358,11.31822079661547,123.2845224528614,23.09165054915599,0.9903654425085116,0.08231854676279893,0.3018458670193565,0.028009355630704072,0.8577710166961097,0.0546853836631813,0.28499430116164454,0.03908017432816123,3.5963462077207837,0.9982986502448323,1000.0,0.0,3.0,1.5811388300841898,686.8,803.9674744664737
Accumulate,11,0.0,0.0,0.9373926385346989,0.5112229965729945,61.11733502087761,11.515663661710438,122.73406085285187,23.36345399683008,0.9845543592226669,0.06704359082612503,0.29321123916087244,0.04964680213705393,0.8567840919181615,0.049818539931528516,0.2837978426789465,0.03638884005730959,3.5964345961176685,1.016315909104039,1100.0,0.0,3.0,1.5811388300841898,686.8,803.9674744664737
Accumulate,12,0.0,0.0,0.8890802822405872,0.4898051305718997,61.276309880428336,11.71285938936785,123.04704016700666,23.899432351567768,0.9868878998353516,0.07532187258141941,0.29023698059015557,0.03125444050917388,0.8589484743237055,0.05224338288075087,0.2857639151920368,0.03855682483301274,3.6214179622028473,1.0455093467781904,1200.0,0.0,3.0,1.5811388300841898,686.8,803.9674744664737
Accumulate,13,0.0,0.0,0.888403706372275,0.49583193588812896,61.0561993788732,11.467648593877644,121.93569002715503,22.898975563032643,0.9792829268082844,0.0797471621794909,0.2777679300770411,0.037537859275690484,0.85814131174975,0.054858877436917045,0.2855236854249421,0.04075226770407592,3.592255009836529,1.0777078795306447,1300.0,0.0,3.0,1.5811388300841898,686.8,803.9674744664737
Accumulate,14,0.0,0.0,0.8917018242530649,0.5064955355622247,61.04181083470807,11.355838508005165,122.30506116500787,24.586980475891888,0.9797696078102545,0.07463986444081129,0.28597742296050993,0.04757567515825527,0.8575058525254937,0.05885667734610717,0.2856000030907616,0.0438206287032959,3.590035947222101,1.1248010235629993,1400.0,0.0,3.0,1.5811388300841898,686.8,803.9674744664737
Accumulate,15,0.0,0.0,0.892290071523874,0.5086360373224144,61.10592839814821,11.310996071484444,120.67924073266946,22.16940593270513,0.9699097882658194,0.0781371161095109,0.295571343472401,0.034944164174886244,0.8564591569828005,0.05791607230514169,0.28474119385532093,0.04348784275641599,3.632536216687272,1.1496029746514385,1500.0,0.0,3.0,1.5811388300841898,686.8,803.9674744664737
Accumulate,16,0.0,0.0,0.894985391029358,0.5135334257454187,61.207862986631106,11.127715675298278,122.2866062857775,21.24548668743215,0.9848384855009951,0.08708196478575746,0.29423964608299513,0.04185011903984512,0.8597094816752285,0.05512187890368509,0.28689550571195616,0.04192604701233213,3.627650934959564,1.16877167393909,1600.0,0.0,3.0,1.5811388300841898,686.8,803.9674744664737
Accumulate,17,0.0,0.0,0.9174779276494414,0.5240010027947716,61.180733760069145,11.234116002012914,121.6118175804465,23.190160282852005,0.9758656096138134,0.07039173785488244,0.3031546373850655,0.04668709448265142,0.8609418087167754,0.055455412437604344,0.2879139052000293,0.042395334872667126,3.5790911422987977,1.126928544769107,1700.0,0.0,3.0,1.5811388300841898,686.8,803.9674744664737
Accumulate,18,0.0,0.0,0.9404268256178941,0.558767423241406,61.23464692899093,11.373245701785331,123.41013010122848,23.878563976976196,0.9897798983128206,0.07248595535435318,0.30365822003207227,0.05964385441201573,0.85835959961194,0.056996000690896435,0.2860848519653096,0.04304834284852217,3.58029878423451,1.1328843472307442,1800.0,0.0,3.0,1.5811388300841898,686.8,803.9674744664737
Accumulate,19,0.0,0.0,0.9116300097975631,0.5366567650481718,61.26389965969183,11.396361878153346,121.85543620626686,22.860623314663606,0.9786632971529068,0.07611271517418655,0.30168355302645605,0.0522261785174434,0.857128231166949,0.05605996091417567,0.2849763098960497,0.042013836278322066,3.58016674450187,1.1253674255129322,1900.0,0.0,3.0,1.5811388300841898,686.8,803.9674744664737
Accumulate,20,0.0,0.0,0.8795707576926375,0.507103072518041,61.15275545510026,11.467241219846525,121.80023731052472,23.359393790050788,0.9772033603559496,0.0728995264248868,0.29420203675049783,0.04218859782631023,0.8552186667840072,0.05525017085783813,0.28339411187799957,0.04110956273454683,3.576033367437985,1.1450643001812186,2000.0,0.0,3.0,1.5811388300841898,686.8,803.9674744664737
Accumulate,21,0.0,0.0,0.8935141410405656,0.5193300520057245,61.14702045873455,11.602570368813822,122.92957413608181,23.646054575966193,0.9861755314402029,0.0714250286037088,0.29647348928235434,0.03539844373253462,0.8564844668123339,0.05320833876291252,0.284138708794816,0.04000337639442504,3.5918991945236884,1.1369523436589966,2100.0,0.0,3.0,1.5811388300841898,686.8,803.9674744664737
Accumulate,22,0.0,0.0,0.9021746568473603,0.5322535930037773,61.02871389696852,11.62549184178294,122.1907377262497,23.143302298373804,0.9809533377897768,0.07657806822896154,0.28633084042474166,0.0403234639988339,0.855857973363034,0.05252253339098848,0.2834967278850921,0.038886530842074024,3.563424630900669,1.1369772503299738,2200.0,0.0,3.0,1.5811388300841898,686.8,803.9674744664737
Accumulate,23,0.0,0.0,0.900890443839981,0.5297274592470658,61.02467251402752,11.679847230572278,122.3658124605701,24.070019388109955,0.9805290806371095,0.06174267295535854,0.2889432341718586,0.057114304586868454,0.8562418204804592,0.051042493855061204,0.283605699211285,0.03780289135267173,3.556075225599976,1.1230015615606463,2300.0,0.0,3.0,1.5811388300841898,686.8,803.9674744664737
Accumulate,24,0.0,0.0,0.899195978085773,0.5298749739641666,61.03675985742473,11.724749592282551,122.35770750152078,24.241804123791876,0.9804348818029492,0.06746485149793928,0.2768011885511439,0.056111530276851444,0.8559716349282247,0.051685053723803095,0.2834792709756503,0.03826487755385738,3.5767757566136495,1.1130531291370191,2400.0,0.0,3.0,1.5811388300841898,686.8,803.9674744664737
Accumulate,25,0.0,0.0,0.8942275866552685,0.5201082452190223,61.008411405892595,11.790966362915535,121.51349461384652,23.179018781767205,0.9751406601788307,0.07057528534630694,0.29904714474534033,0.07800833649948859,0.8557364968982772,0.04975447782300312,0.2830814668023243,0.03687911952030206,3.5767506240753,1.116873276737884,2500.0,0.0,3.0,1.5811388300841898,686.8,803.9674744664737
Accumulate,26,0.0,0.0,0.902331038790682,0.5308778755440383,60.96209830820781,11.79984745879704,122.12842114406367,23.368341846184805,0.9800852827598522,0.07267305832186031,0.28890123973298454,0.042467759017727744,0.8556202137963543,0.05071616556625992,0.28312175866306105,0.037693142843731174,3.5708984226719713,1.1181894491438467,2600.0,0.0,3.0,1.5811388300841898,686.8,803.9674744664737
Accumulate,27,0.0,0.0,0.9085396815597917,0.5425102300767038,60.84288297335318,11.720262633455139,121.32503364093527,24.210606135668765,0.9718384476708198,0.06498265351293786,0.2807540249832973,0.02834219359143433,0.8561047382353705,0.05112442956302155,0.28349886332654206,0.03776095175171293,3.5710428021555543,1.102286663782986,2700.0,0.0,3.0,1.5811388300841898,686.8,803.9674744664737
Accumulate,28,0.0,0.0,0.9079862041898714,0.5603551170991019,60.91208664588471,11.738619914534477,122.34872331195984,23.71774483114123,0.9808565299531262,0.06166302945101141,0.27968928425126127,0.060035419119912614,0.8563119897083498,0.05318580171041651,0.28392707043827503,0.039443029833284245,3.567082724927701,1.1128932879387299,2800.0,0.0,3.0,1.5811388300841898,686.8,803.9674744664737
Accumulate,29,0.0,0.0,0.9252458322691363,0.5911539231272999,60.91230767738559,11.748710918701116,121.42792254076906,22.80144694298041,0.9747517107674101,0.06666142734461154,0.27787473308028215,0.04769334377567049,0.856135496362756,0.05586566280065678,0.2841430157243973,0.04146149833691303,3.571380324172307,1.1117355854848243,2900.0,0.0,3.0,1.5811388300841898,686.8,803.9674744664737
Accumulate,30,0.0,0.0,0.9204059479181697,0.5992077184176395,60.92622207142965,11.716399745725267,123.02622536005387,23.47778754315166,0.9875538388577955,0.07527324082485463,0.27683138477883357,0.035618482231753575,0.85582257957614,0.05432131696007068,0.28365733683974936,0.03996480419815291,3.5898266895805273,1.1083770864513443,3000.0,0.0,3.0,1.5811388300841898,686.8,803.9674744664737
Accumulate,31,0.0,0.0,0.9127129536808509,0.5926899176552809,60.878109513694355,11.56195703907195,121.3636806585863,22.82519487505279,0.9742582649022286,0.07072489170496779,0.28799800632239697,0.04591633158830135,0.8555934100426832,0.05333814839830209,0.2833509809921403,0.039150669192829196,3.593391047616277,1.1208674321191743,3100.0,0.0,3.0,1.5811388300841898,686.8,803.9674744664737
Accumulate,32,0.0,0.0,0.9185932361528663,0.5751925593467296,60.88087390871624,11.625522257581476,121.8345324309345,22.731082485611186,0.9785156010040821,0.07151594486834663,0.2859861873703595,0.059817929748053625,0.8554130163890166,0.05157472243654366,0.282987904204703,0.037739778365530254,3.6006114577057753,1.14220091916183,3200.0,0.0,3.0,1.5811388300841898,686.8,803.9674744664737
Accumulate,33,0.0,0.0,0.9165108833026883,0.5713673539459057,60.91458350059054,11.613704437294668,121.79570748016586,23.359048887922366,0.9777134407463863,0.07935824186602256,0.2822225583386161,0.041383890588397296,0.8562587212135785,0.05176933449247056,0.2836779331849853,0.038145221325747096,3.5913762236955122,1.133277813216319,3300.0,0.0,3.0,1.5811388300841898,686.8,803.9674744664737
Accumulate,34,0.0,0.0,0.917783160796548,0.5663304468081822,60.85930171547452,11.665268898853705,121.573547374296,22.93290641573544,0.976010256916663,0.07166319639759063,0.2872029635789204,0.050932343440288234,0.856475898084379,0.050939988719411286,0.2837710271716121,0.03774822181925777,3.582116955579663,1.1180598403718582,3400.0,0.0,3.0,1.5811388300841898,686.8,803.9674744664737
Accumulate,35,0.0,0.0,0.9055737425593848,0.5381778824341951,60.864533296855754,11.693187912122815,122.4564317340926,22.681472216605034,0.9836861006631754,0.07459713526973882,0.27088225452342574,0.0511569182744008,0.8555711577628966,0.05071363592910303,0.28304381696032765,0.03739388304346246,3.5944102272633316,1.1321148399520702,3500.0,0.0,3.0,1.5811388300841898,686.8,803.9674744664737
Accumulate,36,0.0,0.0,0.9124464079772825,0.5451906007279259,60.870441038539525,11.616077630031244,121.25813357183142,23.22925696563908,0.9732269423768276,0.07778035351100566,0.2769908774437234,0.034883436028857816,0.8553634529476064,0.05038148363538554,0.2828197399736917,0.036922506473629185,3.597825553834602,1.1365001785942233,3600.0,0.0,3.0,1.5811388300841898,686.8,803.9674744664737
Accumulate,37,0.0,0.0,0.9238944732104063,0.5656771620894234,60.82495755376683,11.676729635749062,122.49326008368412,24.020535165338774,0.9817662693569925,0.06704236810128762,0.2895562073155967,0.024500328924849324,0.8538610410523818,0.05099096750359353,0.28171653346729314,0.03692650445749674,3.592727480957508,1.1119452138506987,3700.0,0.0,3.0,1.5811388300841898,686.8,803.9674744664737
Accumulate,38,0.0,0.0,0.9253814069343749,0.5682850002916663,60.88684253684638,11.711883783411091,122.02417271775967,24.808980896286506,0.9769912567379059,0.0690930142010416,0.30123777801772295,0.03147375481905016,0.853559451509702,0.05222358053149085,0.2816387014895217,0.037841965085575885,3.586402483209679,1.0913224432989004,3800.0,0.0,3.0,1.5811388300841898,686.8,803.9674744664737
Accumulate,39,0.0,0.0,0.9296012711294358,0.5703258646478585,60.833333059770496,11.730776257153796,121.4576970764376,23.585273135177978,0.9740566572331391,0.06771042476875459,0.27541994366693123,0.049857177785001365,0.8524612021099506,0.05380725648126508,0.281006175825136,0.038919950295734716,3.582816499074249,1.0858197426358738,3900.0,0.0,3.0,1.5811388300841898,686.8,803.9674744664737
Accumulate,40,0.0,0.0,0.9389589012433849,0.5793768608160241,60.854173865784034,11.783921317374649,120.91817670638768,23.64193432876985,0.9695081737061905,0.06993655062685865,0.2896533713078086,0.0400949757740095,0.8546431024890453,0.05393418143410011,0.28272076606111524,0.039611564690698355,3.591005192262041,1.106133659812404,4000.0,0.0,3.0,1.5811388300841898,686.8,803.9674744664737
Accumulate,41,0.0,0.0,0.9342253693169275,0.5745089391308907,60.78863066980608,11.695356932007702,122.49316797671017,23.406784299230555,0.9832778409904238,0.07718238162199029,0.28207777079195184,0.023584799902889614,0.8532091784619741,0.05394396239609537,0.2815942186986403,0.03916110073522678,3.590815886974025,1.0972215803493475,4100.0,0.0,3.0,1.5811388300841898,686.8,803.9674744664737
Accumulate,42,0.0,0.0,0.9442885632547592,0.5711173140640411,60.73801735767559,11.681682234126853,122.15603941406152,23.352462128997654,0.9802495315317934,0.0700704089470307,0.27832197445526485,0.0465745775679106,0.8540697448906096,0.053370862835958606,0.282161722205459,0.03874531837864626,3.583471611150022,1.0836652606865835,4200.0,0.0,3.0,1.5811388300841898,686.8,803.9674744664737
Accumulate,43,0.0,0.0,0.945366021023394,0.560005980819086,60.72489654051488,11.673667841211387,121.3471840338697,22.9188277864846,0.9740492492446886,0.07133101852817918,0.28688814498724224,0.04757581094576668,0.8544670974157231,0.05389887409534307,0.2825384806289147,0.039258227331487074,3.5833455686587827,1.089238101385636,4300.0,0.0,3.0,1.5811388300841898,686.8,803.9674744664737
Accumulate,44,0.0,0.0,0.9514211584204644,0.5740107214050618,60.72973338787684,11.677780077020234,122.45883449855368,23.252031563768004,0.9835380743609392,0.08357079502130707,0.3013563390365923,0.05850696164371403,0.8544125141984074,0.05476525540552847,0.2825710832685325,0.03966056004881881,3.572957707955858,1.0879523803014859,4400.0,0.0,3.0,1.5811388300841898,686.8,803.9674744664737
Accumulate,45,0.0,0.0,0.961698113870862,0.5903723793479619,60.750411668127825,11.667641190086774,121.44577792829202,23.5524258602321,0.9747401528109887,0.082929882874313,0.28514258288445604,0.045797143378231354,0.8532105771462429,0.05619010397178306,0.2818034423726051,0.04032640822421615,3.5786138939445964,1.0842459247802,4500.0,0.0,3.0,1.5811388300841898,686.8,803.9674744664737
Accumulate,46,0.0,0.0,0.9701251469884828,0.5938184216857634,60.85308455497976,11.738442884306572,121.6434269478727,23.56492678961434,0.9761293278053891,0.08051430423202062,0.29048843190053236,0.044246286990964105,0.8537523847114287,0.05597930891993323,0.28219903723292167,0.04031635412892115,3.5816864177637533,1.0804634903335386,4600.0,0.0,3.0,1.5811388300841898,686.8,803.9674744664737
Accumulate,47,0.0,0.0,0.9654226309767916,0.5855999948280298,60.86377772396109,11.737069593082863,120.94700965366783,22.15579880597719,0.972331505664792,0.08000617024234852,0.30475684915688195,0.05771847002871097,0.8540425690696637,0.056280397677633084,0.2824769101262547,0.040703937851837915,3.5875000072416774,1.0805235497672387,4700.0,0.0,3.0,1.5811388300841898,686.8,803.9674744664737
Accumulate,48,0.0,0.0,0.97236466263605,0.5776617806334634,60.92817744819183,11.877554578779506,122.00838434235853,22.749843212585578,0.9803047558648128,0.07929186590997613,0.29385860558705423,0.03842449241371646,0.8540306776323165,0.057102166426307596,0.2825944959570856,0.04144564207864449,3.597766577965171,1.0769981022427246,4800.0,0.0,3.0,1.5811388300841898,686.8,803.9674744664737
Accumulate,49,0.0,0.0,0.9750944126253561,0.5785657327540105,60.91835935612782,11.772935061076323,123.44112882945028,23.278947103208388,0.9913361490685029,0.07990388697890706,0.2879429521979946,0.04220507799543189,0.8539314237021818,0.05777840182801189,0.28258284291452196,0.04177128627096232,3.601310122645807,1.0795966309425142,4900.0,0.0,3.0,1.5811388300841898,686.8,803.9674744664737
Accumulate,50,0.0,0.0,0.9794178145515946,0.5783471257649186,60.92190127480649,11.721527598787041,121.94290606487857,23.450432023015598,0.9782447244578538,0.06873982404285212,0.2977270029992426,0.03991640681059398,0.8538375372886421,0.05842029315793079,0.2826174963535045,0.042371170532989645,3.599303862801064,1.0738543193029333,5000.0,0.0,3.0,1.5811388300841898,686.8,803.9674744664737
Accumulate,51,0.0,0.0,0.9891674293224828,0.6015140133966617,60.96391364535036,11.697459452265258,120.23051717687274,22.784390048381614,0.9658671895079373,0.08445934207684888,0.29591765798194586,0.05078155673193508,0.8543299960047988,0.05834327554392611,0.28300351077172425,0.042510356691899204,3.5893189917498725,1.0672907851611864,5100.0,0.0,3.0,1.5811388300841898,686.8,803.9674744664737
Accumulate,52,0.0,0.0,0.9950445729919866,0.5937578291654055,61.007147947657344,11.787035817116195,121.70681319286427,24.084203364563177,0.9754681084802306,0.06868532666702237,0.2942551222372072,0.031150127657135908,0.8542740034776649,0.05811747561307277,0.28291795433187056,0.04225468814892646,3.5886260455920125,1.0747317712891502,5200.0,0.0,3.0,1.5811388300841898,686.8,803.9674744664737
Accumulate,53,0.0,0.0,0.9866887461866503,0.5899154912774766,60.99029897437399,11.790529825764896,121.83493774092774,23.794813932892534,0.9771713165425245,0.07722673011335879,0.29044809773340724,0.040391250889483685,0.8540896987599427,0.05788062688476148,0.2827200227425526,0.04188751990756386,3.592889737565385,1.0792565209856906,5300.0,0.0,3.0,1.5811388300841898,686.8,803.9674744664737
Accumulate,54,0.0,0.0,0.9831384615843991,0.5948891313464227,60.94197647621486,11.760004477195995,121.03571825294964,23.3367883445075,0.9714558097760175,0.07916792057851581,0.2863320696945311,0.046373406133957976,0.8532515103936762,0.05786473748793833,0.2820634927378377,0.04165879371393338,3.5866231615589923,1.0728513532308708,5400.0,0.0,3.0,1.5811388300841898,686.8,803.9674744664737
Accumulate,55,0.0,0.0,0.9701507216488352,0.5851730906045526,60.96639746972596,11.76953604379722,121.64527839264147,23.65834599560932,0.9760180211763834,0.07744144239156951,0.3107935204107666,0.060272257189140664,0.852879031161093,0.05683059150406474,0.2816443544828914,0.04082876286765756,3.5871753913115385,1.0786135941862047,5500.0,0.0,3.0,1.5811388300841898,686.8,803.9674744664737
Accumulate,56,0.0,0.0,0.9734838307430188,0.5990466016629169,60.915895837170794,11.756748659627332,121.42766596906131,23.399709927156245,0.9742512239169508,0.07259705491786182,0.2819800254400351,0.03594157676570667,0.8531827322570811,0.058239801893485016,0.2820456273826693,0.041829984513225796,3.5738454718259036,1.073079765456152,5600.0,0.0,3.0,1.5811388300841898,686.8,803.9674744664737
Accumulate,57,0.0,0.0,0.9832960437339786,0.6061841751501991,60.937375285162126,11.792652642143599,121.69765994975937,24.252556325652513,0.975486971735277,0.07654816059468793,0.2870409628636347,0.05228998023083821,0.8525000920179989,0.05884549312732058,0.2816075283902902,0.042189193429535296,3.5720418027487626,1.0704258021229491,5700.0,0.0,3.0,1.5811388300841898,686.8,803.9674744664737
Accumulate,58,0.0,0.0,0.9812062392996872,0.6026004677326561,60.953313803667335,11.787449058757904,122.81156782920827,24.5611396005462,0.983775847496864,0.06764966783123896,0.2956417223171073,0.023938677158433168,0.8524473955191325,0.05765738409584409,0.2813945354660449,0.04118753856365713,3.567246580090372,1.0735342386661968,5800.0,0.0,3.0,1.5811388300841898,686.8,803.9674744664737
Accumulate,59,0.0,0.0,0.976997748755716,0.5961698601512873,60.93823082492423,11.718668001059203,121.61843848192318,23.807948800053794,0.9752382545728316,0.07185233442238907,0.29301325791475086,0.04946343833024138,0.8520876326868313,0.05719747148130162,0.28108060631685944,0.040916611502918934,3.569177456363035,1.0751279893532966,5900.0,0.0,3.0,1.5811388300841898,686.8,803.9674744664737
Accumulate,60,0.0,0.0,0.9742191563676489,0.5887543317692677,60.89271221189663,11.64737166062786,121.9228358050372,23.064031497597792,0.9788362867832887,0.0738956076102684,0.2893666397275435,0.05485533824316976,0.8518873922165477,0.05684570545205684,0.28086967173066835,0.04052999810035816,3.5667886034700755,1.0750957841886726,6000.0,0.0,3.0,1.5811388300841898,686.8,803.9674744664737
Accumulate,61,0.0,0.0,0.9818819014665335,0.5977162528573801,60.926557065537544,11.603818996277743,121.39145085625856,22.734912965898953,0.9751426103187978,0.07843782473827957,0.29483577972663266,0.04942388890962297,0.8518334873640585,0.057390946302255115,0.28091528649824593,0.041038839806793764,3.570728734436691,1.0818131758038745,6100.0,0.0,3.0,1.5811388300841898,686.8,803.9674744664737
Accumulate,62,0.0,0.0,0.9864312732596463,0.6024158484907708,60.91568172022338,11.620346453694726,120.46478589192047,22.914074331264384,0.9669346496781067,0.07255026426488635,0.29132487813770214,0.018207311199936696,0.8517680500581137,0.05761750941299463,0.28088391656370515,0.04112341906284542,3.572831215299196,1.0840435369097143,6200.0,0.0,3.0,1.5811388300841898,686.8,803.9674744664737
Accumulate,63,0.0,0.0,0.9844550210561751,0.6003914713339356,60.886877254888034,11.621645140073104,122.37643979439868,23.51720806512291,0.9819699593432215,0.0734710436155533,0.2929398096977214,0.041986903601225485,0.8509782550758926,0.05883067481097535,0.2804402773901261,0.04188090567288468,3.568422652539381,1.0856628491158016,6300.0,0.0,3.0,1.5811388300841898,686.8,803.9674744664737
Accumulate,64,0.0,0.0,0.9829945792747095,0.5956843939419142,60.890471523165594,11.522904136903097,122.1421632618014,23.137289964173284,0.9806585744516017,0.07537488414000175,0.2864885458410137,0.04702411359576599,0.85033423450722,0.05910889858683865,0.2799810609617476,0.04193015896800406,3.561370116573235,1.0710638948962086,6400.0,0.0,3.0,1.5811388300841898,686.8,803.9674744664737
Accumulate,65,0.0,0.0,0.986897243867914,0.5986428933766003,60.91466859862551,11.497936172509032,122.55089994033047,22.385255411440276,0.985127731152746,0.07674251823999728,0.2934953839781908,0.03748766626265588,0.8509838600348629,0.05922686914190094,0.2804880163316706,0.04211873756107973,3.558303904729182,1.0676478204499589,6500.0,0.0,3.0,1.5811388300841898,686.8,803.9674744664737
Accumulate,66,0.0,0.0,0.9889218969830236,0.6030028185692514,60.9119787315791,11.489186813436334,121.17319734647765,22.64576511943518,0.9733867840040741,0.07937406962285501,0.3173467024017643,0.047391014268520174,0.8513928473826546,0.05909632638127027,0.28077008964627037,0.04201508644300118,3.559769536796383,1.0721596421216792,6600.0,0.0,3.0,1.5811388300841898,686.8,803.9674744664737
Accumulate,67,0.0,0.0,0.9910115056356765,0.602649934907456,60.89125606823181,11.446303288490308,120.38341024568044,22.973866746074115,0.9660025885108474,0.07093748622530177,0.3186476744354498,0.046719522219575045,0.8510367680386224,0.0592688679400542,0.2805215378870819,0.04207887937825619,3.5562733625279654,1.0713849056702376,6700.0,0.0,3.0,1.5811388300841898,686.8,803.9674744664737
Accumulate,68,0.0,0.0,0.9907082023645117,0.5955768168387492,60.92489810420508,11.439423476409331,123.55918776603892,23.963182678478137,0.9913421295767322,0.07736546074077139,0.29362905352288715,0.047844434727496866,0.8510509269334264,0.060202129536280166,0.28063911937861363,0.04266130275654365,3.560717767918233,1.0694498008628484,6800.0,0.0,3.0,1.5811388300841898,686.8,803.9674744664737
Accumulate,69,0.0,0.0,0.9938794490396881,0.5987911436360982,60.91353153775045,11.388673897375398,122.35041279467723,22.263896264491926,0.9841497620527171,0.08641780978096694,0.2953890454602706,0.04644559879539758,0.8514183673451796,0.059595344665183396,0.2808525491910637,0.04236971744062123,3.559054386532914,1.06927604456512,6900.0,0.0,3.0,1.5811388300841898,686.8,803.9674744664737
Accumulate,70,0.0,0.0,0.9842817198328884,0.5900636532134789,60.92616497485521,11.350323627570607,120.64107321259685,23.13753558400214,0.9689970137551643,0.0884432251147022,0.28533516704484574,0.03628164037691207,0.8523274803546572,0.058999818777775076,0.28147570411935,0.0421414209772323,3.5589221703095637,1.0604698693912966,7000.0,0.0,3.0,1.5811388300841898,686.8,803.9674744664737
Accumulate,71,0.0,0.0,0.983728418116252,0.5851103051904228,60.894952108510644,11.314274897249202,122.86158540407834,22.183756546691797,0.9886855053015984,0.09132163843384877,0.2821004264729253,0.04564440364869306,0.8523238049162636,0.05921121280258517,0.28148726656608314,0.04220849396600589,3.551198718252774,1.0518839080679625,7100.0,0.0,3.0,1.5811388300841898,686.8,803.9674744664737
Accumulate,72,0.0,0.0,0.9804992300700789,0.5766528056299799,60.922970006718344,11.333324756072747,120.66068209044458,22.419248425887165,0.9693826805719514,0.07546893647808901,0.2839929741956537,0.0497920170633339,0.8528869539037525,0.0597172554211848,0.28197320398723913,0.04259920539674131,3.5517558123904847,1.0480004836974657,7200.0,0.0,3.0,1.5811388300841898,686.8,803.9674744664737
Accumulate,73,0.0,0.0,0.9817294939048213,0.5780742763309729,60.96567920271453,11.338552799481706,122.14862623627235,21.529488115904773,0.9835068487244583,0.08817644870002905,0.28968157515504533,0.02529851845326178,0.8530231451842203,0.060608785671541245,0.2822106921369987,0.043361092167110094,3.5459059656145326,1.0441158266102724,7300.0,0.0,3.0,1.5811388300841898,686.8,803.9674744664737
Accumulate,74,0.0,0.0,0.9827729630833539,0.5767313577818823,60.94201400982437,11.301809331799895,120.63357128947618,22.837994804619548,0.9688655190382761,0.07976196307973532,0.28544740376435,0.02010605279115058,0.8530849320625385,0.059877840468122355,0.28217958518826963,0.04296300549111436,3.5434697152417813,1.0420935446887412,7400.0,0.0,3.0,1.5811388300841898,686.8,803.9674744664737
Accumulate,75,0.0,0.0,0.9868472851996838,0.5813354442386809,61.003808826284754,11.386383739573013,121.5813280227392,22.356467694729336,0.977211723818726,0.08010414027732089,0.3029628911506095,0.0367899754848858,0.8534234477912387,0.059784200805479984,0.28243214852289344,0.0429857578404434,3.542116783318437,1.035908025874718,7500.0,0.0,3.0,1.5811388300841898,686.8,803.9674744664737
Accumulate,76,0.0,0.0,0.9844772647948321,0.5759334372713477,60.98746184436315,11.423414628287846,122.03461718874098,23.640312798657376,0.9789631577868925,0.07493252008034776,0.2990859861995131,0.029850858951143373,0.852843570437009,0.0594708035248248,0.2819530347836504,0.0427057415629398,3.538491353885827,1.0436203270171844,7600.0,0.0,3.0,1.5811388300841898,686.8,803.9674744664737
Accumulate,77,0.0,0.0,0.9866732527402629,0.5742267650219848,61.00375916069258,11.426155607057407,121.98437347965383,22.477462986510787,0.9807844520673086,0.08342548412567666,0.28220881342463006,0.04579872956964288,0.8529047183493119,0.058302869720505766,0.28185581278714034,0.041925444958255384,3.5448619650981734,1.0539119793185168,7700.0,0.0,3.0,1.5811388300841898,686.8,803.9674744664737
Accumulate,78,0.0,0.0,0.9909427178345839,0.5728173218723503,60.9895876716062,11.440958319878343,123.02769388372874,24.0918642935014,0.9867078002598803,0.07701441544798508,0.2850367715888136,0.03696086677514007,0.852576356443668,0.058065187520153584,0.2815783919204315,0.04172547671200749,3.542551438438786,1.058453097767593,7800.0,0.0,3.0,1.5811388300841898,686.8,803.9674744664737
Accumulate,79,0.0,0.0,0.9899633544926191,0.5663591181123787,60.99203332230908,11.47951738056392,122.48218309556607,24.064879080861797,0.9826276752294776,0.0834962630652834,0.2895533259661377,0.02913618224997275,0.8529286940855633,0.05815266976457852,0.28181813679348744,0.04157998086805141,3.5433359022454924,1.0563285844673858,7900.0,0.0,3.0,1.5811388300841898,686.8,803.9674744664737
Accumulate,80,0.0,0.0,0.989003032706649,0.5625631383232853,60.96137358860392,11.468262865024387,121.56746985174223,23.787952346667105,0.9752617160009673,0.08076224173759858,0.30847412904822213,0.025530387258997516,0.8528869905681059,0.05814791465688256,0.28179010324551246,0.04159891064896235,3.535695054999491,1.0561884049138424,8000.0,0.0,3.0,1.5811388300841898,686.8,803.9674744664737
Accumulate,81,0.0,0.0,0.987882961223358,0.5587941976366003,60.95689954385681,11.470956184295918,121.22464760145267,23.79680675055311,0.9719061770897411,0.06983033263110133,0.3037951781910938,0.06262360142694533,0.8529630361623134,0.05824701026987253,0.28185558136159444,0.041647881485485684,3.5362112635616922,1.0632040752436502,8100.0,0.0,3.0,1.5811388300841898,686.8,803.9674744664737
Accumulate,82,0.0,0.0,0.9888294410209703,0.5640537600535264,60.937582189405916,11.453882708474032,122.7944478097213,22.31912448307653,0.9875868293260617,0.08429061257834135,0.28339666894735666,0.017247263719639198,0.8531186347140001,0.05783981082557151,0.2819277284186263,0.041414594918311336,3.5353295777166585,1.0528775677290447,8200.0,0.0,3.0,1.5811388300841898,686.8,803.9674744664737
Accumulate,83,0.0,0.0,0.9906005136362097,0.5670921663832074,60.92865413452089,11.471898737738035,122.28251011608279,22.796883924059028,0.9830022862762344,0.0870835436556212,0.28357166201626577,0.037787786617032575,0.8525172548346592,0.05771949665334237,0.2814441098826323,0.041166960435115994,3.533889376897759,1.0433611361380615,8300.0,0.0,3.0,1.5811388300841898,686.8,803.9674744664737
Accumulate,84,0.0,0.0,0.9876327306496234,0.5704937106099254,60.93365704114224,11.456910284066412,121.75467480722837,23.020022679825292,0.9780890928663425,0.08327351345048624,0.3032779707588312,0.029887196454420947,0.8528646594048398,0.05771897304296387,0.281699708799148,0.04116155057051544,3.5347562167584328,1.0440272893859843,8400.0,0.0,3.0,1.5811388300841898,686.8,803.9674744664737
Accumulate,85,0.0,0.0,0.987162347462591,0.5746547746630167,60.937726667427725,11.47833590450195,122.25514413163039,22.82887974750237,0.982048835047561,0.07612077971422339,0.30199268249584055,0.04124839058729429,0.8518679324850522,0.05794670761041733,0.28097236494339023,0.04118286679103649,3.534699988684418,1.049344277574541,8500.0,0.0,3.0,1.5811388300841898,686.8,803.9674744664737
Accumulate,86,0.0,0.0,0.9876661295057652,0.5768021191960694,60.95479088147094,11.50593127630453,122.7156249507699,23.303548540588828,0.9851789201623025,0.07604321283150846,0.3052933599530929,0.05058958291395818,0.8516116026990209,0.05787222317396227,0.28077856108566274,0.04115649050700476,3.532244141517979,1.053958413375479,8600.0,0.0,3.0,1.5811388300841898,686.8,803.9674744664737
Accumulate,87,0.0,0.0,0.9854034701412431,0.5767873230401878,60.98600363965916,11.480624025820948,122.05739262099743,23.807354188831145,0.9791519755018608,0.0784560693248551,0.29100642935978155,0.057014685467754976,0.8516077105977763,0.0579407218355353,0.28078790676568804,0.041229823346528825,3.5334527596251193,1.052230400567297,8700.0,0.0,3.0,1.5811388300841898,686.8,803.9674744664737
Accumulate,88,0.0,0.0,0.9875762309519983,0.5822112365765946,61.00329029290462,11.468995421687959,122.43406006178216,22.768669726430304,0.9834435322005082,0.07407321718731312,0.290933747016152,0.03509935472706169,0.8514956767458018,0.058260916061233625,0.28072849144868034,0.04134334600612266,3.531994982647654,1.0555956598247824,8800.0,0.0,3.0,1.5811388300841898,686.8,803.9674744664737
Accumulate,89,0.0,0.0,0.9813570830491269,0.5668792258102588,61.03496201339311,11.457803216969618,121.77121897768396,23.007935538059385,0.9781813323292707,0.08307088352628592,0.277525348099887,0.038191296107002365,0.8515366896237921,0.058262626333970294,0.28074220760686613,0.041233536597863954,3.5379371559237724,1.0584355419284301,8900.0,0.0,3.0,1.5811388300841898,686.8,803.9674744664737
Accumulate,90,0.0,0.0,0.9808737071257101,0.5627634624321636,61.03867476312213,11.462624363282726,121.68144635403277,23.44282875772571,0.9765554497965802,0.07678847951827428,0.3091783767704771,0.04196404943432227,0.85150843249025,0.05795427370303396,0.2806725027116507,0.040943479434278514,3.542065150297482,1.0588063651117843,9000.0,0.0,3.0,1.5811388300841898,686.8,803.9674744664737
Accumulate,91,0.0,0.0,0.9821971311877838,0.5581383941867553,61.03134252412639,11.486942866963627,120.74710865193018,21.56967826336724,0.9718341694254218,0.0861348554471403,0.29245050874031725,0.02325123084499698,0.851580985042167,0.058152302143576716,0.28076134827758753,0.041157504269355674,3.545196334435681,1.0558910451827472,9100.0,0.0,3.0,1.5811388300841898,686.8,803.9674744664737
Accumulate,92,0.0,0.0,0.9782467441941682,0.5451262637511193,61.003227868440945,11.496236487938482,122.06597995199854,22.978777504760455,0.980291519424069,0.07676457012744138,0.3054540163399063,0.03500178834702298,0.8515055017282096,0.057526227873974205,0.28063471755495895,0.04075589463010069,3.542094578175134,1.0483675630340132,9200.0,0.0,3.0,1.5811388300841898,686.8,803.9674744664737
Accumulate,93,0.0,0.0,0.9763971065793962,0.5380497568106535,61.00669736361798,11.493284928812272,121.90335560614156,23.65738034705834,0.9785127907868055,0.08483662045001192,0.2946110936387501,0.04205390417219867,0.8520193188035157,0.05762240342011936,0.28103748923578686,0.04091264232202608,3.542095648865377,1.050850967123454,9300.0,0.0,3.0,1.5811388300841898,686.8,803.9674744664737
Accumulate,94,0.0,0.0,0.9694182915513059,0.5304049406413874,61.01619969017677,11.501374351769735,122.58357898261406,24.200728205356157,0.9826405885097387,0.07010853378780231,0.29313913018696874,0.03764958608139909,0.8522639853395535,0.05729503080894518,0.28118761624948724,0.04075067113456981,3.543759858187717,1.0549826080742566,9400.0,0.0,3.0,1.5811388300841898,686.8,803.9674744664737
Accumulate,95,0.0,0.0,0.973249006356733,0.5361276765490317,60.981924030570646,11.515536227800375,122.41047209227604,23.230726249919666,0.9831661676541448,0.08259323460203831,0.30396768323465634,0.040839948477129684,0.8524192537673609,0.057270844706274485,0.2812850923871403,0.04063928585904105,3.541755847943366,1.0506861095624231,9500.0,0.0,3.0,1.5811388300841898,686.8,803.9674744664737
Accumulate,96,0.0,0.0,0.9764342373899307,0.5412364535936774,60.978348660709706,11.479308993435954,121.28263190119121,24.993886187466014,0.970958353807348,0.07555385924084076,0.2795823820342303,0.03997910206292732,0.8525135370200541,0.057742594232421667,0.2814313335108973,0.04109698246910082,3.541356800085417,1.0441978405977352,9600.0,0.0,3.0,1.5811388300841898,686.8,803.9674744664737
Accumulate,97,0.0,0.0,0.9770748523070691,0.542850258615072,60.961620443377385,11.460183802499676,122.01255227573044,22.771583927983023,0.9802881184207347,0.07894846401901082,0.2848345441815912,0.03441053937165488,0.8520666348044802,0.05770192404915993,0.28109604564219726,0.04106195201647442,3.543228521994533,1.0490621913524643,9700.0,0.0,3.0,1.5811388300841898,686.8,803.9674744664737
Accumulate,98,0.0,0.0,0.9739442798152499,0.5364817681425498,60.96156822069587,11.445806877041553,122.27048656354953,23.061731981441163,0.9820126011535677,0.07924404691290368,0.2898646639404564,0.027214651393973062,0.8524129598735615,0.0575500096546033,0.28131450051587414,0.04083441438003602,3.548033597037893,1.0457309846970164,9800.0,0.0,3.0,1.5811388300841898,686.8,803.9674744664737
Accumulate,99,0.0,0.0,0.9711389489844684,0.5331044724895307,60.95952836553316,11.438435796240393,121.92651363241387,23.08843539840108,0.9795273620443574,0.08551366208380547,0.3026098486241452,0.043702380618266416,0.8522265763268063,0.05735022825505303,0.2811389076577572,0.04060067578442315,3.5461146877465266,1.0490055195982786,9900.0,0.0,3.0,1.5811388300841898,686.8,803.9674744664737
Accumulate,100,0.0,0.0,0.9736624419095552,0.533565333285462,60.938106938224905,11.437956639301289,122.14708363687514,22.80057318305092,0.981481659749177,0.08347538660091497,0.31137473239429625,0.04909767524412965,0.8525887043897612,0.05746347377072901,0.28141996957230014,0.04068260995476488,3.542777748570606,1.0391947488902928,10000.0,0.0,3.0,1.5811388300841898,686.8,803.9674744664737
Accumulate,101,0.0,0.0,0.9723672002662778,0.5337839194009227,60.93350776347332,11.427276331788155,121.93947375226203,23.222215743001172,0.9790319779683285,0.07980548084737728,0.2962917466246345,0.05212712758288997,0.8529899366553867,0.05716128620574075,0.28169862496654796,0.040601786766604114,3.540276527948039,1.0382232825210087,10100.0,0.0,3.0,1.5811388300841898,686.8,803.9674744664737
Accumulate,102,0.0,0.0,0.9717996328481199,0.536473288678154,60.91932733523454,11.41912774684754,121.94681170077725,22.951127055082186,0.9794051529078057,0.07760007384492294,0.2830249966834134,0.04970060776722433,0.8529582474608803,0.05763284317492098,0.2817269185324306,0.04089178073865024,3.539933154637353,1.0348794743595349,10200.0,0.0,3.0,1.5811388300841898,686.8,803.9674744664737
Accumulate,103,0.0,0.0,0.9722654784514703,0.5382113772249413,60.89718372663676,11.4204905861435,123.05664197482322,23.484356886434103,0.9880583359217503,0.07933816850361369,0.29676848602025296,0.04291020820607157,0.8524158002945802,0.058086989507516784,0.281373651711541,0.041150675562278166,3.5407914360778583,1.0374041504013494,10300.0,0.0,3.0,1.5811388300841898,686.8,803.9674744664737
Accumulate,104,0.0,0.0,0.9735517694356968,0.5393360687710491,60.87342209208809,11.425037794658445,121.62650452330107,22.492783761644667,0.9775280804776376,0.0806118242543843,0.29173890268405456,0.052553273247274865,0.8523444170773022,0.05819947527075189,0.2813238339534906,0.04115548561623216,3.539601580630955,1.0299559756574308,10400.0,0.0,3.0,1.5811388300841898,686.8,803.9674744664737
Accumulate,105,0.0,0.0,0.9687378107392908,0.5352620316587986,60.89540123402317,11.445942796955373,121.48617055132941,23.420642230780977,0.9750150908968124,0.07775599200085473,0.29231492968886813,0.05619416778978698,0.852883022675701,0.057422926654748005,0.2816403191214335,0.04070886112099016,3.539168304991585,1.0265725170476847,10500.0,0.0,3.0,1.5811388300841898,686.8,803.9674744664737
Accumulate,106,0.0,0.0,0.9690738114121056,0.5328313816491816,60.85838824198049,11.428646195103383,121.9892268743758,23.28614173541248,0.9793672338245705,0.07804581670077392,0.28158932078786963,0.04072434867045882,0.8528522959210948,0.05792759310162198,0.28167595134463064,0.041038045803157945,3.5364227134106327,1.01982342318404,10600.0,0.0,3.0,1.5811388300841898,686.8,803.9674744664737
Accumulate,107,0.0,0.0,0.9712488558315808,0.53646569909636,60.85503922861945,11.437781325463561,122.34579885606868,23.438160437274703,0.9820339715572277,0.07784586697895997,0.2777171177597481,0.05381907894370677,0.8528243398245102,0.05776301250101835,0.28163944462088597,0.040952141632073245,3.5354206962659633,1.0154885556066293,10700.0,0.0,3.0,1.5811388300841898,686.8,803.9674744664737
Accumulate,108,0.0,0.0,0.9731151146918429,0.5326459096446486,60.83610840557454,11.464914095883927,121.48041147195158,23.239717554014174,0.9750739685930239,0.07673735790419121,0.2884985605447253,0.04374683353301739,0.8528611512856725,0.05738208493286932,0.2816360836317769,0.04079395880944533,3.5337671393054655,1.0156440865912744,10800.0,0.0,3.0,1.5811388300841898,686.8,803.9674744664737
Accumulate,109,0.0,0.0,0.9752119268449178,0.5294816677621141,60.84624916695434,11.487517332146863,121.56689215733832,22.171212126257466,0.9775178426903895,0.08194839782135768,0.28274776019288544,0.0387115632259059,0.8524009473368647,0.05715703030514987,0.2812554215394575,0.04054340778058571,3.5296320826568897,1.0139955767530524,10900.0,0.0,3.0,1.5811388300841898,686.8,803.9674744664737
Accumulate,110,0.0,0.0,0.974498735273964,0.5311235684475146,60.84950731505802,11.465674428531939,122.75559552084503,22.850696398717396,0.9865223643883885,0.08288520115933794,0.28682548457893287,0.03827549513545728,0.852334297202653,0.05718907518736241,0.2812034692463914,0.040520166395728065,3.5289405297092786,1.0149641662227393,11000.0,0.0,3.0,1.5811388300841898,686.8,803.9674744664737
Accumulate,111,0.0,0.0,0.9750799243689722,0.529164455342466,60.86519380879167,11.470822043064452,122.08350697761757,23.399301187249907,0.9806222470060602,0.08851644072767066,0.2874927775680489,0.034192590809621906,0.8523280889776318,0.056863613659184485,0.28116231039721706,0.04031134567531431,3.5332032621902885,1.0175942996273957,11100.0,0.0,3.0,1.5811388300841898,686.8,803.9674744664737
Accumulate,112,0.0,0.0,0.9766252792313459,0.5323689744588059,60.86129473618755,11.49124475819774,121.84421278398732,23.096001825357085,0.9789073819135234,0.08684632693200327,0.2950805358427631,0.03950897538217849,0.8526153015812419,0.05670622949555746,0.28137237823880323,0.04031978840398147,3.5343968312541825,1.0182535662509566,11200.0,0.0,3.0,1.5811388300841898,686.8,803.9674744664737
Accumulate,113,0.0,0.0,0.9732163918549741,0.5265025349949397,60.86700348220128,11.521090888971504,121.87371254897548,23.299901141878742,0.9780981361153651,0.07367325355946128,0.28921717773791816,0.04579801070623841,0.8525404065718734,0.05699707054651108,0.28134363200753343,0.040464067659713936,3.5369959178889223,1.0121861263628145,11300.0,0.0,3.0,1.5811388300841898,686.8,803.9674744664737
Accumulate,114,0.0,0.0,0.9758676268283348,0.535367793483589,60.859131590924754,11.488504304231911,122.3465054065676,22.64481480002461,0.983379499560425,0.08258014264934847,0.2759586760410352,0.021540039895583816,0.852646199559423,0.05677189686927377,0.28139203015705727,0.04029038850220648,3.531645192416602,1.0106468484697333,11400.0,0.0,3.0,1.5811388300841898,686.8,803.9674744664737
Accumulate,115,0.0,0.0,0.9741436389414396,0.5347548540126721,60.86801078365063,11.4936742411145,122.3914046479064,22.807406743553287,0.983504724356645,0.08112365226224919,0.2859380255109915,0.048643708390728825,0.8526952423414802,0.05690764862767294,0.28144772272019913,0.040406584692937474,3.532997578363495,1.012402756294577,11500.0,0.0,3.0,1.5811388300841898,686.8,803.9674744664737
Accumulate,116,0.0,0.0,0.969939471089905,0.5337678207207546,60.882830999685,11.540726138921427,122.03474521565215,22.745878832293666,0.9803763033522077,0.07814671588530833,0.28356810341532734,0.04806056109014228,0.8523333145767307,0.05729280650156949,0.28121424915500937,0.040585245291601256,3.5325267428320517,1.0122102760856568,11600.0,0.0,3.0,1.5811388300841898,686.8,803.9674744664737
Accumulate,117,0.0,0.0,0.9689843131933632,0.5259745629908383,60.86066277063342,11.524947907846203,121.78977687864412,23.37569851912633,0.9777324194942636,0.080004859291081,0.27249588172469175,0.02603104211891558,0.8523230323918547,0.05741331485317887,0.28120503964160626,0.0405593231121037,3.5297478875057577,1.0138013665908099,11700.0,0.0,3.0,1.5811388300841898,686.8,803.9674744664737
Accumulate,118,0.0,0.0,0.9714085074317615,0.5268195373868979,60.84200066078684,11.498279550069133,121.10368511541898,22.149846581186363,0.9733548014769561,0.07591187773418215,0.28818552883509935,0.03380159992657063,0.852122641302375,0.057431532563904764,0.28106098197930274,0.0405808804319183,3.5276901049534133,1.0106934262091374,11800.0,0.0,3.0,1.5811388300841898,686.8,803.9674744664737
Accumulate,119,0.0,0.0,0.9713932612102765,0.5268249141710872,60.829447820510836,11.50586114214255,121.31416320337158,23.226156193885014,0.9738311836260835,0.07871021682262651,0.27749569759526577,0.047290254784541325,0.8520988010055881,0.05744771535244373,0.28105074435203936,0.0406284097832204,3.52619848163597,1.0045054237258757,11900.0,0.0,3.0,1.5811388300841898,686.8,803.9674744664737
Accumulate,120,0.0,0.0,0.9735583560053312,0.5291435975992402,60.81591943567455,11.510022211975153,120.62936140259463,22.72076691455241,0.9694333300161746,0.08619435477019925,0.28442814868185506,0.037748011776235366,0.852151149189646,0.05730059123748618,0.2810796000313883,0.04058093437714486,3.52545599663859,1.00374103037889,12000.0,0.0,3.0,1.5811388300841898,686.8,803.9674744664737
Accumulate,121,0.0,0.0,0.9771278937290683,0.5306765069692665,60.82494926165081,11.516314363175676,121.50304617167544,22.624316554116664,0.9766406829446579,0.08648876726842693,0.27136031329858945,0.040461122269620155,0.8518884724311683,0.05707174809513063,0.2808568251001679,0.04040866029079655,3.5210328300900064,1.0059811862051742,12100.0,0.0,3.0,1.5811388300841898,686.8,803.9674744664737
Accumulate,122,0.0,0.0,0.9753931669494552,0.5314627424266576,60.83905364536737,11.492448032411984,121.79051086424379,23.368733131583195,0.977521128863501,0.07724312281225709,0.2898476623003184,0.03692474283434857,0.8519740587599232,0.05700435732520977,0.2809191125682465,0.04041248497435693,3.526531880236514,1.0088349566902879,12200.0,0.0,3.0,1.5811388300841898,686.8,803.9674744664737
Accumulate,123,0.0,0.0,0.9728157864859593,0.5313549211365464,60.84421592920118,11.515118581199607,121.73962641262952,22.94144981643289,0.9781065151749505,0.082973376553631,0.29312011218492834,0.035534135902099855,0.8518179077807018,0.05707556140107341,0.28080536612225715,0.04041115946010678,3.527519365991931,1.0085365867648366,12300.0,0.0,3.0,1.5811388300841898,686.8,803.9674744664737
Accumulate,124,0.0,0.0,0.9727483877705565,0.5303630924324867,60.852995838374454,11.546332232422563,122.7123392794451,21.802883460597883,0.9880916602859824,0.0920706779065797,0.2928771479908836,0.043921446334379784,0.8520327946901766,0.056733293737357804,0.28093444800654066,0.04025568921234624,3.5253422421809573,1.0085238266866903,12400.0,0.0,3.0,1.5811388300841898,686.8,803.9674744664737
Accumulate,125,0.0,0.0,0.9698929152374122,0.5318701588047271,60.84612714413656,11.563487055521298,120.82815708949981,22.776328620734333,0.9710233844287716,0.0868668096105629,0.3016793894320905,0.05908242948921695,0.8517454065406598,0.056594424681627245,0.2807063993586991,0.040158057571533644,3.5233824369606426,1.0042029066267464,12500.0,0.0,3.0,1.5811388300841898,686.8,803.9674744664737
Accumulate,126,0.0,0.0,0.9705021091837892,0.528416067433437,60.8589428826413,11.563208115443071,122.32987451888019,23.050539475579534,0.9828397236603401,0.08441111054784688,0.2870352151512462,0.024992394491931236,0.8518313455158808,0.05663219520544011,0.280788149413808,0.04028075028200011,3.5188404246254334,1.0085456449036307,12600.0,0.0,3.0,1.5811388300841898,686.8,803.9674744664737
Accumulate,127,0.0,0.0,0.9732013660341448,0.5317861646213545,60.87226300579338,11.559721106905531,121.186962423099,24.01436059055953,0.9719101799461118,0.0799829143590178,0.27737146603025276,0.048970996764679975,0.8517715418436154,0.05700727565622643,0.2807917936456431,0.04055915156984504,3.51851055026144,1.0098721180171502,12700.0,0.0,3.0,1.5811388300841898,686.8,803.9674744664737
Accumulate,128,0.0,0.0,0.9711060073783472,0.5294268517497321,60.88831290955993,11.584599155921344,121.64159871839266,22.887717073175512,0.9775598956185115,0.0876301935507942,0.2754829069338772,0.031107346851082147,0.8520201925134827,0.0569819252814793,0.28098023753041773,0.040600093268600916,3.520331481887813,1.010010922580803,12800.0,0.0,3.0,1.5811388300841898,686.8,803.9674744664737
Accumulate,129,0.0,0.0,0.970663650429833,0.5285742426614992,60.89652514792225,11.575660152421007,121.36315059334422,22.578498824453376,0.9753488755681999,0.08225257433585084,0.28612838656637685,0.05799392457688973,0.8521753666849101,0.05741897366407734,0.2811541633560398,0.040949243098747645,3.5215209877372273,1.0144796349651715,12900.0,0.0,3.0,1.5811388300841898,686.8,803.9674744664737
Accumulate,130,0.0,0.0,0.9682683929534243,0.5254269436749796,60.90400562436114,11.586764650503024,122.15351123165678,23.837318149870814,0.9803216165561521,0.08423715764935556,0.2971516046823444,0.04293510684199246,0.8522511030681296,0.05756205559086035,0.28123608548048173,0.041106750678709905,3.5227379738568585,1.016760585867223,13000.0,0.0,3.0,1.5811388300841898,686.8,803.9674744664737
Accumulate,131,0.0,0.0,0.9654823707494167,0.5233830542685829,60.89600172170452,11.576819145274929,121.69006015338834,23.07104914187628,0.9774775408779675,0.0829331298789626,0.29970324461949194,0.03641548894133139,0.8519675477049409,0.05772172664749269,0.28103370243516446,0.04113014962293089,3.5192453003542425,1.0181360661069314,13100.0,0.0,3.0,1.5811388300841898,686.8,803.9674744664737
Accumulate,132,0.0,0.0,0.9639976383421527,0.5204377288942772,60.898002210715504,11.582173541960776,120.73835602255994,23.826369489778035,0.9684974918744503,0.08205768549769155,0.3037203557089289,0.047717488383533936,0.851926349509767,0.05798388846016147,0.28103770899972425,0.04132710290995897,3.5256665491864476,1.0224380143179093,13200.0,0.0,3.0,1.5811388300841898,686.8,803.9674744664737
Accumulate,133,0.0,0.0,0.9618643245328101,0.5181737585014803,60.89169251978005,11.58121444454868,121.5607806689392,23.562382703565397,0.9754582447097933,0.07976698033549012,0.2842310052612372,0.04587109704955884,0.8522773142922428,0.05779841618235367,0.2812851574802326,0.04127643987990231,3.5283369847273462,1.0244814288367767,13300.0,0.0,3.0,1.5811388300841898,686.8,803.9674744664737
Accumulate,134,0.0,0.0,0.9649694206381285,0.5204295934309882,60.89470096930046,11.57227309992125,121.7994666662177,22.872794631072985,0.9791647383038434,0.09187286414226246,0.29216910064270946,0.042257172700193114,0.8521361310827492,0.057953942977319255,0.28120179425619174,0.041394714414725836,3.5280947824141906,1.0194491894215314,13400.0,0.0,3.0,1.5811388300841898,686.8,803.9674744664737
Accumulate,135,0.0,0.0,0.9658134032118413,0.5208425165777881,60.89838229149372,11.562094647086067,122.08313616215446,23.184666412769822,0.9803921029201081,0.08060878911761174,0.30086526535271674,0.035985449044346265,0.8521387106840773,0.05746401797207578,0.28113190982262387,0.04097543352212539,3.5237696401763854,1.015435287012996,13500.0,0.0,3.0,1.5811388300841898,686.8,803.9674744664737
Accumulate,136,0.0,0.0,0.9649786750652168,0.513625565360039,60.892908084689566,11.530448974261004,121.19873735155177,23.053411625845953,0.9734208231097113,0.08253827952423655,0.2783035049635928,0.048054362597553454,0.8523111582527578,0.05760345825895971,0.2812816413144801,0.041110295817930936,3.5236605553396894,1.0191286325999636,13600.0,0.0,3.0,1.5811388300841898,686.8,803.9674744664737
Accumulate,137,0.0,0.0,0.9668089530003968,0.5133946305158493,60.878390470601836,11.534372491862754,122.03187698290358,22.841143572561233,0.9810983418124275,0.08961781287256518,0.29694051398530386,0.04456878687715955,0.8519952623293097,0.057913139010344936,0.2810853250919541,0.041314945175378696,3.5214874212472127,1.0177784600821864,13700.0,0.0,3.0,1.5811388300841898,686.8,803.9674744664737
Accumulate,138,0.0,0.0,0.9630237966239996,0.5090045776809019,60.87856587770673,11.513143485021553,120.9052296763934,21.82665671807161,0.9733251183860145,0.09251733098439774,0.3007504326186683,0.04237678504309519,0.8523012600985176,0.05799055451598093,0.2813229925879977,0.041386923782818726,3.520134787757935,1.0169818525975294,13800.0,0.0,3.0,1.5811388300841898,686.8,803.9674744664737
Accumulate,139,0.0,0.0,0.9642660177386058,0.5120458418187153,60.886455836353186,11.490405815043866,121.47450291333537,23.647565196111834,0.9749989706524165,0.08222323904934822,0.2774387096773539,0.052656324236940596,0.8522124953554491,0.05802745840369094,0.28125149375227565,0.04134204012871065,3.5194507675433213,1.0175826871914775,13900.0,0.0,3.0,1.5811388300841898,686.8,803.9674744664737
Accumulate,140,0.0,0.0,0.965205638149745,0.5109582650952553,60.882234142560094,11.481210159703618,120.5665082042669,22.40448684032735,0.9691628216218,0.08534673483681986,0.29154872522442277,0.036675632996646786,0.8525303141042129,0.05756553741302515,0.28144741941892215,0.04114297023476186,3.520989382299618,1.015471392634939,14000.0,0.0,3.0,1.5811388300841898,686.8,803.9674744664737
Accumulate,141,0.0,0.0,0.9700886529682566,0.5172870445457154,60.89778314625496,11.496571718942393,121.18152619099942,22.929924673262075,0.9731117061628349,0.07818898644041165,0.2878085926730328,0.05411327821932253,0.8524432264818304,0.057630195911879116,0.28139303306955404,0.041200669178032494,3.5201402575949112,1.0136702921807634,14100.0,0.0,3.0,1.5811388300841898,686.8,803.9674744664737
Accumulate,142,0.0,0.0,0.970900005899542,0.5211502575107092,60.90893500938912,11.4748876746749,121.12995158215367,22.129152672426486,0.9738693539097948,0.07987118015655123,0.2905881641315975,0.052476424464692514,0.8526247624729517,0.05750846707109259,0.28152008241888193,0.04116978578542642,3.5156870349277325,1.0123340142929047,14200.0,0.0,3.0,1.5811388300841898,686.8,803.9674744664737
Accumulate,143,0.0,0.0,0.9708681920786641,0.5218771890208371,60.91230417540923,11.456691118532556,121.919592922347,22.56787123575183,0.9799153221270018,0.083317234690229,0.27978714376244807,0.0311607407377762,0.8527158360064735,0.05711843950205432,0.2815414611207675,0.04091091075444804,3.5166587948514176,1.0146329770748577,14300.0,0.0,3.0,1.5811388300841898,686.8,803.9674744664737
Accumulate,144,0.0,0.0,0.9698263962316596,0.5204261837257963,60.91452547324993,11.466908430009651,122.10831908738268,23.638707671214917,0.9803541129052757,0.08659093169700659,0.2917932837839009,0.024642629855699996,0.8529682125488952,0.057182467009661266,0.2817400562051598,0.040985167817763575,3.5197818767297187,1.012620045648804,14400.0,0.0,3.0,1.5811388300841898,686.8,803.9674744664737
Accumulate,145,0.0,0.0,0.9681106556969313,0.5159698904626953,60.923815824436225,11.492108582604507,122.13590225227617,22.95969940470503,0.9813952084309708,0.08513987053157071,0.30804772157454613,0.0421915924927564,0.8528731586325927,0.057537025533812756,0.28169892704720095,0.041136208893471894,3.5202800464207042,1.0157621465230224,14500.0,0.0,3.0,1.5811388300841898,686.8,803.9674744664737
Accumulate,146,0.0,0.0,0.9691285708159179,0.5144989653392705,60.889058683876804,11.4995816475261,122.09418587869429,22.444268646305034,0.9819298264464289,0.08883194030675337,0.29378187401913136,0.04998656368088552,0.8529823401104226,0.05713205793255858,0.28172586432290403,0.040826269786806334,3.5181837758201597,1.01259923465367,14600.0,0.0,3.0,1.5811388300841898,686.8,803.9674744664737
Accumulate,147,0.0,0.0,0.9738542369106806,0.5213190332757149,60.867099466549156,11.469851049537304,121.02577756448042,23.020025890731784,0.9718025684828306,0.07997891832366677,0.2948364448797052,0.04351104413771935,0.8532659469027875,0.05684203914122021,0.28190404449349327,0.04065026061788055,3.518510770880461,1.009592005727265,14700.0,0.0,3.0,1.5811388300841898,686.8,803.9674744664737
Accumulate,148,0.0,0.0,0.9749193461156516,0.5202397348643475,60.85686106633318,11.457640716661128,120.69464550808206,23.836548244530526,0.96766386550051,0.07437902843263426,0.2941125017856493,0.029352342788146416,0.8528941310244864,0.0569043263918738,0.2816280168981534,0.040633845936307075,3.5152411445314775,1.010771019028799,14800.0,0.0,3.0,1.5811388300841898,686.8,803.9674744664737
Accumulate,149,0.0,0.0,0.9754885231525741,0.5239351492506383,60.839890678470375,11.455341842662053,121.35582667074405,23.197589013014024,0.9743393843052137,0.08000889197614625,0.29818986325258867,0.03832271390034154,0.8530002549472796,0.05693933523145205,0.281712095107798,0.04066807331675617,3.515344722916722,1.0087723710284058,14900.0,0.0,3.0,1.5811388300841898,686.8,803.9674744664737
Accumulate,150,0.0,0.0,0.9766043589127709,0.5262862638617507,60.81951884184032,11.44913286774342,121.07043962450408,23.333795046037437,0.9720092885550603,0.08388306363246707,0.28049015740254113,0.03300538375597058,0.8529126514996808,0.05696740253244227,0.2816505620099161,0.04068596651814833,3.5150158783192076,1.0076504354447624,15000.0,0.0,3.0,1.5811388300841898,686.8,803.9674744664737
Accumulate,151,0.0,0.0,0.9805910429124524,0.5286457198889197,60.80921423532974,11.44809352276719,121.98035343235605,22.884263387093835,0.979874553408662,0.08134741114345562,0.29251691755609655,0.06979204388329294,0.8524642450328617,0.05728458420076558,0.2813409108089111,0.04078995784447461,3.517422150262346,1.0092706258597937,15100.0,0.0,3.0,1.5811388300841898,686.8,803.9674744664737
Accumulate,152,0.0,0.0,0.9784353888212054,0.527095653451232,60.795370704674134,11.440945541318053,121.29446830552597,23.73156023129526,0.9729001492675777,0.07539479559498417,0.29701459975298616,0.04956323697337137,0.852468441560978,0.05694724749564189,0.28130565450337397,0.040572352914048974,3.5205396935717586,1.009268001386321,15200.0,0.0,3.0,1.5811388300841898,686.8,803.9674744664737
Accumulate,153,0.0,0.0,0.9789271575322782,0.5274351610181329,60.809328946413686,11.437650501898862,122.23287199118447,23.10930983578566,0.9817533006348264,0.08195172905786827,0.29559292380337465,0.05675768513526069,0.8521326919126236,0.05686738690235648,0.281048873632305,0.04051792260645588,3.5213722163948056,1.0086484315929924,15300.0,0.0,3.0,1.5811388300841898,686.8,803.9674744664737
Accumulate,154,0.0,0.0,0.9838853281010543,0.5290357833278374,60.79131691114513,11.426527496699801,121.53520079535126,23.15671968136108,0.9761840822934197,0.08501271885184494,0.2879814478451777,0.047316123968587684,0.8521815995251677,0.05678264742659104,0.2810802441753148,0.04049686760675507,3.5200511925446505,1.009728269477742,15400.0,0.0,3.0,1.5811388300841898,686.8,803.9674744664737
Accumulate,155,0.0,0.0,0.9819240353617863,0.5295380087409145,60.77800845124749,11.43715407727322,121.49328298593188,23.41131661954221,0.9752204531424455,0.08026903873457504,0.2843093674801028,0.02267921816535109,0.8519145326943599,0.056975945725537956,0.28090135560681667,0.040592887288388294,3.5215512085735967,1.0099396665506941,15500.0,0.0,3.0,1.5811388300841898,686.8,803.9674744664737
Accumulate,156,0.0,0.0,0.9801965615033736,0.5298838626172545,60.77711766611558,11.458366237268057,120.2652685121017,22.929126358615267,0.9657666734542097,0.08108979225151526,0.2823766989378576,0.028081806223424512,0.8516378931879778,0.05678489651718663,0.28067238492720337,0.040442136165134354,3.522571150371062,1.0099354532693054,15600.0,0.0,3.0,1.5811388300841898,686.8,803.9674744664737
Accumulate,157,0.0,0.0,0.9801075760507523,0.5245338164902449,60.764660599558376,11.45896667967489,120.66289522318137,23.014363256958724,0.9686840140205731,0.07876472320774444,0.3078062325541045,0.04673540507221789,0.8515416293850849,0.0567532340958085,0.2805939551055759,0.04039334051568255,3.5191599911404134,1.0108254179956813,15700.0,0.0,3.0,1.5811388300841898,686.8,803.9674744664737
Accumulate,158,0.0,0.0,0.9812663027523001,0.5268525717849919,60.74768722147229,11.457110451022967,121.05599042925617,23.01011750549021,0.9720246351402576,0.07703914090883895,0.28651605982855777,0.03932283138545501,0.851377159812532,0.05713639080464722,0.2805185278324371,0.040654654571731653,3.5179967784836847,1.0086607923670439,15800.0,0.0,3.0,1.5811388300841898,686.8,803.9674744664737
Accumulate,159,0.0,0.0,0.981047116947582,0.5268527979554877,60.754581293657715,11.442317583850853,121.61523440993228,23.154425887874996,0.976587663081806,0.07858896681959761,0.28025691672016906,0.017100949752455533,0.8513035490154299,0.05748955004940859,0.2804936871473476,0.04080885898625821,3.517352338796814,1.0090212805286858,15900.0,0.0,3.0,1.5811388300841898,686.8,803.9674744664737
Accumulate,160,0.0,0.0,0.9809621565373785,0.5243718082524773,60.759965760528225,11.446340677339212,122.19948023857448,23.226103257912477,0.9814064060914482,0.08143857974898784,0.29172303073928924,0.042307349830185956,0.8514369428945899,0.05767929390966613,0.28062202160933286,0.04099048625234485,3.5158293971802124,1.0094635022424234,16000.0,0.0,3.0,1.5811388300841898,686.8,803.9674744664737
Accumulate,161,0.0,0.0,0.9824568579538088,0.5195208859558432,60.777584134515635,11.436733792254675,120.96480826348689,23.452444047398377,0.9705938001281927,0.07623273807520599,0.2951454858483605,0.019042877748237937,0.8513389008181296,0.0578484481697954,0.2805562169779645,0.04101128323539437,3.518533700392152,1.0098797913185482,16100.0,0.0,3.0,1.5811388300841898,686.8,803.9674744664737
Accumulate,162,0.0,0.0,0.9829101822871005,0.5166474296880904,60.77084087893223,11.437951639494651,121.78337423199869,23.25427566336129,0.9779123244043577,0.08246668884945711,0.30420761560961496,0.026344340072592332,0.8512568363441897,0.05797713119250499,0.2805094496644285,0.041085937431335526,3.515651250591458,1.0104921850228983,16200.0,0.0,3.0,1.5811388300841898,686.8,803.9674744664737
Accumulate,163,0.0,0.0,0.9815009219719911,0.5161700782827684,60.763445513678995,11.428506875023626,122.19360322307048,22.754513435807695,0.9821585394680135,0.08387601192126692,0.2988303282744783,0.049737761174179426,0.8512355872630639,0.05807293815716073,0.28050130275021706,0.04112413920603592,3.516454010916496,1.0103177313051495,16300.0,0.0,3.0,1.5811388300841898,686.8,803.9674744664737
Accumulate,164,0.0,0.0,0.9805033372762899,0.5135371263159627,60.74179103483698,11.411231647459541,121.97737388890535,22.78906398916034,0.9800050832759004,0.0797166676067631,0.3115875213728284,0.035373839280738326,0.851133042849806,0.05819478288928251,0.28043273133501134,0.04115385078670167,3.5123928872581125,1.0068325182011841,16400.0,0.0,3.0,1.5811388300841898,686.8,803.9674744664737
Accumulate,165,0.0,0.0,0.9796482935924218,0.5109713072495281,60.742770550714624,11.410234257561072,121.95778717158021,23.750705106595234,0.978543454799474,0.07909093338250256,0.29337426753219503,0.062124880938116654,0.8512632652138794,0.058302370675212274,0.2805367491196461,0.041197192682349885,3.509758703754778,1.00599117730775,16500.0,0.0,3.0,1.5811388300841898,686.8,803.9674744664737
Accumulate,166,0.0,0.0,0.9809988811771545,0.5121976063584184,60.74683444102125,11.408285475634994,121.25546568753164,23.20163989222678,0.9731930712680654,0.07559566144784978,0.2891831907911,0.03792898373753061,0.8512594198129093,0.05838337516007675,0.28054832846038635,0.04128349026473155,3.5075792413199642,1.0043324945844425,16600.0,0.0,3.0,1.5811388300841898,686.8,803.9674744664737
Accumulate,167,0.0,0.0,0.9805324561688042,0.5114695293041395,60.73620285140347,11.406236999186438,120.78885215141148,21.731716543515482,0.9721544720522199,0.0880779593007904,0.2950513351373262,0.039527925085349476,0.8514350458838915,0.05868339567042465,0.28072954583790855,0.04159389606421902,3.5030903666029984,1.001897936021414,16700.0,0.0,3.0,1.5811388300841898,686.8,803.9674744664737
Accumulate,168,0.0,0.0,0.9841119652206125,0.5136450245001632,60.7186972525855,11.39188186663608,121.79296348138575,22.09194873067355,0.9797018114402632,0.08508450882603731,0.27888859649115194,0.013412368794463043,0.8513267890279517,0.05852839501676699,0.28063094661162,0.041486489333858026,3.5017132674809814,1.000514528693811,16800.0,0.0,3.0,1.5811388300841898,686.8,803.9674744664737
Accumulate,169,0.0,0.0,0.9849740451552214,0.5160431432451381,60.7222509699238,11.389839057061042,122.25827473259915,23.224084290580116,0.9818657100621906,0.08200682103522645,0.28166994512821075,0.052688125182031635,0.8511684834396134,0.05826259887171943,0.28048285247276006,0.04130694212962477,3.504890575094888,1.00135946232203,16900.0,0.0,3.0,1.5811388300841898,686.8,803.9674744664737
Accumulate,170,0.0,0.0,0.9846962382763855,0.5145350372018141,60.73051882118781,11.368106511610337,121.20606133338006,23.29635543288232,0.9732845114828678,0.08568569114930431,0.31844728599654504,0.04148891607453256,0.8511820077698247,0.05829193348204439,0.2804965370281097,0.041328428096809935,3.5056193086224168,1.003691885708093,17000.0,0.0,3.0,1.5811388300841898,686.8,803.9674744664737
Accumulate,171,0.0,0.0,0.9859472878510911,0.513513685427598,60.71862194011701,11.365584643089461,122.7307719989039,23.430287991892136,0.9854278894232336,0.08001270311894619,0.2953608948860065,0.0335279409601064,0.8512585688859866,0.05813769362112905,0.2805373548948546,0.04124475032972114,3.5042717708211404,1.001760852719396,17100.0,0.0,3.0,1.5811388300841898,686.8,803.9674744664737
Accumulate,172,0.0,0.0,0.9847569965477534,0.5094280799880837,60.72877151916121,11.365339816905356,122.07290569391344,23.498694060708896,0.980120454270607,0.0848431382507799,0.28635969252171545,0.04727091087252903,0.8511708685549346,0.05808107393476154,0.28046701982786276,0.04121177526419771,3.503821473047142,0.9989473501589711,17200.0,0.0,3.0,1.5811388300841898,686.8,803.9674744664737
Accumulate,173,0.0,0.0,0.9841820120663204,0.5100295712941291,60.727907181785476,11.379587940698023,121.6523078049092,23.546383908938513,0.9762689010004273,0.08021013330776053,0.2920617684894804,0.052914369110685346,0.8511784110831775,0.058082820558382244,0.2804695391699249,0.041191379140039286,3.5015577483317757,0.997755343405653,17300.0,0.0,3.0,1.5811388300841898,686.8,803.9674744664737
Accumulate,174,0.0,0.0,0.9821029828734609,0.5084555132665678,60.72759220613906,11.386339482894188,121.4154186197054,23.853389064231767,0.974314392140273,0.08472697067791322,0.2995434540034082,0.03143469408234501,0.8510188436500637,0.058194836068366965,0.28036035211617855,0.04123026113429082,3.4980394368430345,0.9949611108201173,17400.0,0.0,3.0,1.5811388300841898,686.8,803.9674744664737
Accumulate,175,0.0,0.0,0.9825585047468894,0.5102385372278772,60.70759873586012,11.387937339401407,120.98024673029343,23.095631539966746,0.971589228145697,0.08142392846138997,0.3050258111027847,0.017804184761448474,0.8511231363533144,0.05816544779419956,0.28044264814944725,0.041272665859342667,3.498259667532719,0.9944224421802389,17500.0,0.0,3.0,1.5811388300841898,686.8,803.9674744664737
Accumulate,176,0.0,0.0,0.9828325718898231,0.5113731462951244,60.71280418464065,11.394345742077093,121.09568217115141,23.00245196382839,0.9729673528773063,0.08736799241258464,0.2960492894120906,0.05314706411491436,0.8510152396892272,0.057989980083555874,0.2803404341385127,0.041139777003077346,3.4991227315440065,0.9958508292734476,17600.0,0.0,3.0,1.5811388300841898,686.8,803.9674744664737
Accumulate,177,0.0,0.0,0.9840792212272518,0.5120292825809967,60.72704029372521,11.408971834281399,121.47936306055128,23.469067374237717,0.9752984405312499,0.08439976671590552,0.306983535799261,0.05171444449034189,0.8508242907335136,0.05795917322111916,0.2802014584945471,0.04115026367526043,3.4987329492198866,0.9969592203723869,17700.0,0.0,3.0,1.5811388300841898,686.8,803.9674744664737
Accumulate,178,0.0,0.0,0.9849843453598279,0.5104922079850528,60.71639528001249,11.395192461099475,122.09391841724964,23.38921864336326,0.9803886266227917,0.08461771497290815,0.283654132990129,0.04694532436051014,0.8506561482491539,0.05830338282248477,0.28011037260331634,0.04132281160456977,3.4981718551095837,0.9951773589647138,17800.0,0.0,3.0,1.5811388300841898,686.8,803.9674744664737
Accumulate,179,0.0,0.0,0.9831442271775425,0.5110707646297664,60.70889113492332,11.391963494070936,122.50948007141861,24.966401934065374,0.98120785497334,0.074503208868484,0.30625298500113657,0.03742944251246594,0.8505546121866618,0.05813137734905136,0.2800171062343953,0.04121731107499269,3.4992174754879253,0.9979352696156797,17900.0,0.0,3.0,1.5811388300841898,686.8,803.9674744664737
Accumulate,180,0.0,0.0,0.9841284032457007,0.5087460992545363,60.70315166553172,11.404082096955172,121.62282285504003,22.31502579350892,0.9780782973576303,0.0845179197236615,0.2925708171719975,0.022718981956062322,0.8504893777076384,0.058555292269482404,0.28001983864564484,0.04150244760621196,3.4983705377470784,0.998958364013148,18000.0,0.0,3.0,1.5811388300841898,686.8,803.9674744664737
Accumulate,181,0.0,0.0,0.9829207353900153,0.5059000929980902,60.692111200150215,11.412330018494258,121.080167170903,23.437450729029138,0.9718616086355597,0.08228096054948987,0.28069736780975074,0.019605002906727932,0.8505448992034804,0.05827990944579976,0.28003337873244166,0.04135555166675304,3.5018057531150633,0.9998641515053568,18100.0,0.0,3.0,1.5811388300841898,686.8,803.9674744664737
Accumulate,182,0.0,0.0,0.9819103396310942,0.5081056269030615,60.70168127222827,11.388389415721857,121.6525724583984,22.63465478326142,0.9782631170908436,0.09112537884973404,0.2905128847312544,0.026058950283181753,0.8504959025078398,0.05823172908503033,0.2799992443402999,0.041373066494607945,3.502947894412631,1.0003441427244075,18200.0,0.0,3.0,1.5811388300841898,686.8,803.9674744664737
Accumulate,183,0.0,0.0,0.9824661477809771,0.5087618204240805,60.7071596633843,11.405338412720422,121.651632909595,23.173029067434655,0.9772105103800675,0.08548982607253514,0.2987026640409073,0.04148256562238428,0.8506202876748153,0.058275660165989646,0.2801101562654341,0.041499994759238885,3.5036357452819034,0.9996877396777244,18300.0,0.0,3.0,1.5811388300841898,686.8,803.9674744664737
Accumulate,184,0.0,0.0,0.9807812810855481,0.5052547923478636,60.697645685830686,11.414448169081183,121.67289201821393,22.83811554366482,0.9777743777494088,0.0848861918094038,0.30622405536557085,0.04261134260020225,0.850396644685329,0.058386471301690945,0.27994869119119037,0.04150140607885994,3.5017933500856153,0.9958093354628272,18400.0,0.0,3.0,1.5811388300841898,686.8,803.9674744664737
Accumulate,185,0.0,0.0,0.9813030796855775,0.5041730384525599,60.709960688064655,11.419302152160096,121.0469884851342,22.829238326622747,0.9717807497734474,0.07274151803536404,0.28136812937338773,0.02619358776236041,0.8501660902354369,0.058509905496589694,0.27978550131310814,0.041522522926380374,3.503093159284768,0.9941777616764593,18500.0,0.0,3.0,1.5811388300841898,686.8,803.9674744664737
Accumulate,186,0.0,0.0,0.9810785198645636,0.5018054239996546,60.71791177039802,11.418168639061777,121.11751901158668,21.96641245205728,0.9745203569852405,0.08710503430209732,0.2853035431092278,0.047984968036879905,0.850077532121006,0.05841429334015315,0.2797052875730777,0.04143101480628605,3.5025708660504833,0.9957031260501009,18600.0,0.0,3.0,1.5811388300841898,686.8,803.9674744664737
Accumulate,187,0.0,0.0,0.9771859575796633,0.4968059382680452,60.71216356074791,11.43057841750829,121.63116610245281,23.961390000391535,0.9758065106453643,0.08266214413090252,0.2773027001654922,0.03212667811415498,0.8499429389235995,0.05846499967735282,0.2796076079659734,0.0414291363399925,3.5017881200525096,0.9955939238441222,18700.0,0.0,3.0,1.5811388300841898,686.8,803.9674744664737
Accumulate,188,0.0,0.0,0.9763492884829621,0.49697301032622104,60.70241056191803,11.445902590287577,121.58075171098726,22.57732542252693,0.9771966621289092,0.08221333751243534,0.28061929539607816,0.006850789806839033,0.849909050888433,0.05850542955659398,0.27958934758618204,0.041467475301607035,3.5005154590977434,0.9985893212771073,18800.0,0.0,3.0,1.5811388300841898,686.8,803.9674744664737
Accumulate,189,0.0,0.0,0.9752878733753508,0.4981027112784528,60.70003425118948,11.447668742998003,122.19133609624586,24.27920676261236,0.9792788145498594,0.06881466854322568,0.2781867602486256,0.05819859660801296,0.8498117546222546,0.0582987853665535,0.2794975493324438,0.04135410878592984,3.5008487744728356,1.0001221522329629,18900.0,0.0,3.0,1.5811388300841898,686.8,803.9674744664737
Accumulate,190,0.0,0.0,0.9762246843493972,0.4972017767742839,60.704015313146215,11.452481258812478,121.24024830014302,23.417358415250295,0.973678980411594,0.0886240837803807,0.3014280065984094,0.052107923126900595,0.850066795030646,0.05820183267919076,0.2796750978172766,0.041307545419873935,3.5001835281466827,1.0037040493451903,19000.0,0.0,3.0,1.5811388300841898,686.8,803.9674744664737
Accumulate,191,0.0,0.0,0.9740469765969234,0.49778331657445535,60.70100799847999,11.439883643163183,121.31904389899125,22.962630475678743,0.9742273221856979,0.0772098086802266,0.281186808677928,0.0323309440358581,0.8501742848621922,0.058334759635605075,0.2797737626196194,0.04142563134189323,3.5033689454993584,1.0043458188443795,19100.0,0.0,3.0,1.5811388300841898,686.8,803.9674744664737
Accumulate,192,0.0,0.0,0.9735286148231633,0.4944626521952969,60.70334168195808,11.439671762514712,121.7669741775859,23.706806497265468,0.9774002193175242,0.08649638505230006,0.2861704236057445,0.01097481217893151,0.8501048968275496,0.05838449796384523,0.27972776731274085,0.041451093045385724,3.5030364345055744,1.0014420786995926,19200.0,0.0,3.0,1.5811388300841898,686.8,803.9674744664737
Accumulate,193,0.0,0.0,0.9737520771513057,0.4944710404262052,60.700421876428855,11.43997848838063,121.37197225888428,23.02940281791859,0.974998007547067,0.08365051825286945,0.28870395087895684,0.02910527664286497,0.8500699352742844,0.057963709913326375,0.2796487844654317,0.041144726981277205,3.5065275828290177,1.0031140360173993,19300.0,0.0,3.0,1.5811388300841898,686.8,803.9674744664737
Accumulate,194,0.0,0.0,0.9744293348418358,0.4925354118615579,60.71021060387331,11.45404197953943,122.50312494035761,23.13722110616363,0.984088728035276,0.0823222917503827,0.28478468294331216,0.03424059724629159,0.8500230362144965,0.05796811025824959,0.27960229044478185,0.04106181721411837,3.5066850787674135,1.0064803136429434,19400.0,0.0,3.0,1.5811388300841898,686.8,803.9674744664737
Accumulate,195,0.0,0.0,0.9730433675717425,0.4920723636458065,60.722501522243306,11.462490391970329,121.40164081745975,22.388864216117046,0.9762422710521076,0.0871588464407029,0.2864527026615131,0.02646265255461725,0.8500476985113574,0.05815904930386392,0.2796398674668578,0.04116999594273078,3.506261734341487,1.0054845581952905,19500.0,0.0,3.0,1.5811388300841898,686.8,803.9674744664737
Accumulate,196,0.0,0.0,0.973333624112455,0.4930822871387284,60.71246502518486,11.464267040535924,120.71123852713781,23.135086714876643,0.9694166186425441,0.08171020187680893,0.2980448785943647,0.043666166434914215,0.8499437726976588,0.05826684305504112,0.27957915936664673,0.041258827686297565,3.5035223743267148,1.0070973679087678,19600.0,0.0,3.0,1.5811388300841898,686.8,803.9674744664737
Accumulate,197,0.0,0.0,0.9734140233409752,0.49406032941088335,60.6995713409954,11.448350398458576,121.40348432834381,22.60819754856332,0.9756787811534331,0.08109940163836107,0.2713488521737632,0.02958300053676351,0.8498637155512417,0.05836498503339437,0.2795368776501155,0.041355199313364205,3.5023284946719557,1.0072445118162145,19700.0,0.0,3.0,1.5811388300841898,686.8,803.9674744664737
Accumulate,198,0.0,0.0,0.9714074668121228,0.49215406546809165,60.71509507798403,11.434663627870739,121.4785848844374,23.426806643680028,0.9750977735933984,0.07996255405755963,0.2795440034850418,0.03536131170032397,0.849809171543896,0.05859372876682335,0.2795210001215001,0.04148711556553478,3.5030908476530245,1.0091802488014976,19800.0,0.0,3.0,1.5811388300841898,686.8,803.9674744664737
Accumulate,199,0.0,0.0,0.973087985751716,0.4955336367574669,60.713551559735876,11.421252742102736,121.55769388301988,22.767292093376017,0.9768403664511907,0.08498731817197101,0.2965676507216012,0.05185481897680913,0.8495474869057386,0.05853244845063238,0.27931669938644466,0.04140542398316576,3.502362603854914,1.00741109914673,19900.0,0.0,3.0,1.5811388300841898,686.8,803.9674744664737
Accumulate,200,0.0,0.0,0.9744805332531025,0.494386593854611,60.72053072835449,11.441612058547157,120.65477905944677,22.4070922553844,0.9698783837709228,0.08452591573799458,0.28719883261076945,0.011728403709783074,0.849596323829848,0.05866175153832621,0.27936985302017814,0.04150668208775057,3.5049044029048857,1.0096063120566459,20000.0,0.0,3.0,1.5811388300841898,686.8,803.9674744664737
Accumulate + Select,0,1.0,0.0,0.2915999999997966,6.822220551967122e-14,62.77201873058,15.215228969247487,125.70782094752317,31.05012786373669,0.9976946752008671,0.004391751098092165,0.06611314393787468,0.014603867723625832,0.7219280948873623,0.0,0.2,0.0,1.7999999999993719,2.1047292916485777e-13,,,3.0,1.5811388300841898,686.8,803.9674744664737
Accumulate + Select,1,1.0,0.0,3.0461517704969157,2.3416587539397518,40.45730132576787,14.421535528359904,80.92681245518236,28.609822502215827,0.6599398296376316,0.25474024788822464,0.6188333648935235,0.20933313500526424,0.7485361921599785,0.18832981408688068,0.23478105289914666,0.10666518766518154,2.2099513341614623,1.0366312639372348,100.0,0.0,3.0,1.5811388300841898,686.8,803.9674744664737
Accumulate + Select,2,1.0,0.0,4.276124587681663,3.332148978639058,31.945324296203843,13.502438964370313,63.89489088096251,26.982351624159143,0.5251404688234996,0.25261910911378155,0.8213490885311515,0.2803662699444481,0.7515963440197277,0.24847699745834512,0.2562000440835347,0.14626117875513814,2.19520052926583,1.2587051281543717,200.0,0.0,3.0,1.5811388300841898,686.8,803.9674744664737
Accumulate + Select,3,1.0,0.0,5.525554502194883,4.44672354936997,28.380679315708193,13.995635135122036,56.87266154203542,28.396970059075123,0.47013239971421106,0.2707036080961499,0.9232519703056076,0.32812818617079353,0.7130610263713967,0.3114621616251819,0.2583462949970872,0.18415498974084243,2.182685858480296,1.3044940787782522,300.0,0.0,3.0,1.5811388300841898,686.8,803.9674744664737
Accumulate + Select,4,1.0,0.0,6.940535726802099,5.789226984040696,25.996614829108317,14.01255380158039,51.766529217846994,28.650463578502656,0.4292807617576878,0.2739986304701884,1.0193874311813722,0.34557509095004413,0.6545753077663463,0.32553640171275317,0.22095189567713885,0.17310099065681725,2.269245947842161,1.3730234813789755,400.0,0.0,3.0,1.5811388300841898,686.8,803.9674744664737
Accumulate + Select,5,1.0,0.0,8.357709794854937,7.018911098941188,24.201575254664085,13.952738931623577,49.15192344099438,28.217344116122817,0.40788100077973716,0.26872494418399245,1.0902610695277148,0.3579992807138179,0.6040415179404663,0.32646747511861657,0.1866886283807437,0.14899435928944682,2.3494656403763976,1.415063113363878,500.0,0.0,3.0,1.5811388300841898,686.8,803.9674744664737
Accumulate + Select,6,1.0,0.0,9.535627906880107,8.010755807091737,22.706436179812943,13.844699726869935,45.559904029849825,28.061737666546186,0.37970799232872143,0.2690556839845221,1.1630723522642172,0.3805906167564128,0.5679346043536724,0.33163885878442256,0.1692126234792582,0.141577536376199,2.403766653822782,1.4612901093570807,600.0,0.0,3.0,1.5811388300841898,686.8,803.9674744664737
Accumulate + Select,7,1.0,0.0,10.719915586427325,8.8890198511266,21.582484224914765,13.766882210938471,42.9093542597701,27.46313226923645,0.3587840867549889,0.2643571361092158,1.1848299428898303,0.40584131299569937,0.5493169665629474,0.35029498027130423,0.16591306121378396,0.14921914147898863,2.4912623407606134,1.4949507532707564,700.0,0.0,3.0,1.5811388300841898,686.8,803.9674744664737
Accumulate + Select,8,1.0,0.0,11.705404613914801,9.493070233885819,20.674868923092745,13.950716827281198,41.32786262040849,27.556368902574572,0.3469024586968434,0.2664756637023287,1.3288691103798598,0.40595439576786074,0.5284904575654465,0.3586713666180597,0.15864933822255484,0.14951262908138355,2.553109878146553,1.499583521405049,800.0,0.0,3.0,1.5811388300841898,686.8,803.9674744664737
Accumulate + Select,9,1.0,0.0,12.656853124703407,10.035399542292685,19.92016181467205,14.034394740008644,39.95859537678927,28.310362471101442,0.3363072301975253,0.273433948398225,1.348119532110793,0.37127353051194784,0.5082368551193968,0.36111314649352244,0.14985954608231833,0.14515547591546354,2.6139322332897326,1.5170814017074843,900.0,0.0,3.0,1.5811388300841898,686.8,803.9674744664737
Accumulate + Select,10,1.0,0.0,13.461422907317806,10.425300911882356,19.192042499935418,14.034763992022253,38.7898361065568,28.58841919598907,0.32702924737306927,0.27622359463984103,1.3255667954863775,0.315717843792705,0.4955249463629642,0.3689095733855952,0.146184720466789,0.1458792142248728,2.666600577649449,1.533920297518846,1000.0,0.0,3.0,1.5811388300841898,686.8,803.9674744664737
Accumulate + Select,11,1.0,0.0,14.236100292154637,10.709813697340989,18.662789699895626,14.294831162262733,37.29515071871718,28.32556582021913,0.3145780171960572,0.27320098745088883,1.41587339878401,0.378718511125569,0.4798103449520402,0.36836724070550275,0.1392180380556649,0.1413643850176579,2.708167361739035,1.5291220468236733,1100.0,0.0,3.0,1.5811388300841898,686.8,803.9674744664737
Accumulate + Select,12,1.0,0.0,14.926916183489473,10.946151885205525,18.264387951086768,14.649779623388621,36.36062531460701,29.1465345179255,0.3080669933167045,0.28188044464979845,1.4697457817048272,0.3175550140846546,0.4678226932135054,0.3656010716833892,0.1334610538719252,0.1364563017596462,2.7161422339110333,1.509069563931152,1200.0,0.0,3.0,1.5811388300841898,686.8,803.9674744664737
Accumulate + Select,13,1.0,0.0,15.604882808653375,11.168959019940088,17.82712604581684,14.751351974898977,35.706908772011396,28.991700528569954,0.3031775069264805,0.28062014682108566,1.502980976502248,0.39990352991675565,0.4548267042506879,0.3619343769467617,0.12735376410296992,0.1311128618307804,2.7396058133952197,1.518493079757112,1300.0,0.0,3.0,1.5811388300841898,686.8,803.9674744664737
Accumulate + Select,14,1.0,0.0,16.278926372763145,11.34856492764228,17.492099698106237,14.953770488266638,34.86097278075377,29.775831196624555,0.2970748746994278,0.288288656639957,1.51367600441946,0.3696359823619832,0.5549838762557646,0.39201553016673774,0.1688513330989395,0.13819129200599037,2.301705615623219,1.2934340612831334,1400.0,0.0,3.0,1.5811388300841898,686.8,803.9674744664737
Accumulate + Select,15,1.0,0.0,16.94036840304872,11.523362578266676,17.22060667134816,15.258368693902856,34.51965780411327,31.034013388142338,0.2953024533952671,0.3003761265294481,1.550440102000989,0.34834358347351335,0.5541640304168542,0.39805785869154947,0.1703855916637762,0.14187755130047566,2.313751195618113,1.3709524493307945,1500.0,0.0,3.0,1.5811388300841898,686.8,803.9674744664737
Accumulate + Select,16,1.0,0.0,17.53056260141789,11.710742542464287,16.874083103417355,15.382459548443652,33.56409555810129,30.300380409938555,0.28771263007030834,0.2936513109319969,1.5570163726012871,0.3890712507556308,0.5523344508019193,0.4026024733626881,0.1711845073609938,0.1449094056036722,2.3273012662301795,1.4374129622572895,1600.0,0.0,3.0,1.5811388300841898,686.8,803.9674744664737
Accumulate + Select,17,1.0,0.0,18.11198649431508,11.910862861830163,16.564806953067002,15.472656745102224,32.950553462737375,30.672791660095648,0.2829788259567265,0.29709160682140984,1.6403777170556446,0.2991434380920726,0.5500363573210687,0.40582506029868387,0.17117564256810647,0.14647822386263246,2.346034266771641,1.5056523152892145,1700.0,0.0,3.0,1.5811388300841898,686.8,803.9674744664737
Accumulate + Select,18,1.0,0.0,18.670687759102904,12.160607214045639,16.27205893377674,15.529596110225144,32.70387020666692,31.692943032430335,0.28152212881337924,0.3065143645213395,1.5850025189766161,0.3765066622547497,0.5460279349744501,0.40676703606917297,0.16957794034717766,0.1460979696896073,2.370303463323527,1.5634616117246487,1800.0,0.0,3.0,1.5811388300841898,686.8,803.9674744664737
Accumulate + Select,19,1.0,0.0,19.162232783687145,12.393982872592758,15.997322920319386,15.582689221528327,31.976398858789235,30.85608385730027,0.27533864996602664,0.2985791039746618,1.628248669474806,0.3559295865358696,0.5451232964218059,0.41028384173993804,0.17028333724519523,0.14801162260768347,2.389773997328952,1.6168648367745624,1900.0,0.0,3.0,1.5811388300841898,686.8,803.9674744664737
Accumulate + Select,20,1.0,0.0,19.586862526685653,12.596919163168502,15.705569280615569,15.548226058201646,31.612904625956777,31.409211318019135,0.27282059038681095,0.30364178109843115,1.6510884514082094,0.3283568748074993,0.5420190019226263,0.41136699127762466,0.1692661918042802,0.14820868221457914,2.41126057159112,1.6578801553112303,2000.0,0.0,3.0,1.5811388300841898,686.8,803.9674744664737
Accumulate + Select,21,1.0,0.0,20.010345724798388,12.823640491881237,15.390777615600442,15.427013046497716,30.53909871675458,30.293312721152898,0.2633080156853703,0.2927442900829526,1.638113847804553,0.2817372459237854,0.543293639942666,0.41619001465292166,0.1715473233998278,0.15168201548465735,2.4289800402103556,1.7021683335595388,2100.0,0.0,3.0,1.5811388300841898,686.8,803.9674744664737
Accumulate + Select,22,1.0,0.0,20.35804664098487,13.015860466487068,15.122178736907625,15.367181996936383,30.20725289788096,30.720563976425893,0.2617537629279682,0.29712455184486325,1.692927025491656,0.35017546255004284,0.5430608190317222,0.4192995777591846,0.17270706088319038,0.15411824199329072,2.4460487103719495,1.7373149556300442,2200.0,0.0,3.0,1.5811388300841898,686.8,803.9674744664737
Accumulate + Select,23,1.0,0.0,20.68439348458471,13.190657392794385,14.86040621701567,15.278838187749056,29.368548345219097,30.381370919193422,0.2545031396933888,0.29355269431263115,1.720534344658386,0.3141059475378727,0.5423385177097197,0.4213915149766594,0.1730689815480812,0.15519097435907453,2.462836391198169,1.7680817441717096,2300.0,0.0,3.0,1.5811388300841898,686.8,803.9674744664737
Accumulate + Select,24,1.0,0.0,21.004687873936298,13.371931168025695,14.60175017651641,15.159976565253478,29.035125185378586,30.216851978321724,0.25237137343671734,0.29205720168975624,1.6792689096581568,0.325996567673517,0.5417905688544434,0.4226173957503002,0.17345395362936689,0.15640212541515972,2.4726360850539106,1.7834601991570265,2400.0,0.0,3.0,1.5811388300841898,686.8,803.9674744664737
Accumulate + Select,25,1.0,0.0,21.28564799459761,13.527970033388456,14.357710936172424,15.038283747819607,28.545736261517874,30.14923686648222,0.24844639541423277,0.291323868137935,1.7550358417707326,0.3247447083557172,0.5418623764374082,0.4238556874562005,0.17414275058501133,0.15775403804209256,2.4910327600251914,1.81133534720535,2500.0,0.0,3.0,1.5811388300841898,686.8,803.9674744664737
Accumulate + Select,26,1.0,0.0,21.540570596184406,13.6730737431859,14.130797869513273,14.94243603111876,28.250684291156027,29.391491453191517,0.2455480552286883,0.28414340178459907,1.7091421951007892,0.38243112645501703,0.5425781211892426,0.42687825041939786,0.17612010029506292,0.16121797590456777,2.505015875298778,1.8381731067505505,2600.0,0.0,3.0,1.5811388300841898,686.8,803.9674744664737
Accumulate + Select,27,1.0,0.0,21.765835804326677,13.813394633376525,13.90090744330596,14.816838160652333,27.653977038161845,29.910819302359496,0.24080364384055936,0.28857101083574344,1.7756301132709928,0.2708004455460025,0.5435710760062392,0.4294658887601821,0.17838833016806763,0.16514648432072757,2.5207592693194103,1.8702418708350885,2700.0,0.0,3.0,1.5811388300841898,686.8,803.9674744664737
Accumulate + Select,28,1.0,0.0,22.0120254917022,13.968428306419241,13.666267760918746,14.65874427831078,27.38178529333061,29.547620904983084,0.2388066047639128,0.28530001626771584,1.7493208121044403,0.2889652573817536,0.5464268278688428,0.431714418268004,0.18181481404775754,0.17000746282317591,2.5450199525510713,1.9177002851057432,2800.0,0.0,3.0,1.5811388300841898,686.8,803.9674744664737
Accumulate + Select,29,1.0,0.0,22.206565679658283,14.073554420004193,13.473080855369442,14.578984647638029,26.705791249283806,28.69737099616445,0.23314280599416687,0.27721612006078983,1.7128336475202706,0.3031525930913102,0.5465297617520646,0.43289609583680644,0.18348495005696164,0.17347899290205007,2.5583669025171596,1.9422239438444522,2900.0,0.0,3.0,1.5811388300841898,686.8,803.9674744664737
Accumulate + Select,30,1.0,0.0,22.402593885891392,14.1902060704186,13.275979367516308,14.47606588238132,26.361203955488598,28.35192143879064,0.23007783062742743,0.2738814714137719,1.7800495212957856,0.2960198170255053,0.5460076482089555,0.4329939786688897,0.18357789223737958,0.17415674627660602,2.5666172161507044,1.952136530669868,3000.0,0.0,3.0,1.5811388300841898,686.8,803.9674744664737
Accumulate + Select,31,1.0,0.0,22.56838875071015,14.279727921192025,13.07890851297104,14.355306415161332,26.411892139546257,28.966396545769843,0.23111934164052875,0.2796692121954109,1.7039318441011049,0.3348402982806623,0.5446894180616807,0.43299518601762443,0.18261012315635144,0.1731636331045697,2.5796525542779567,1.9609953760277294,3100.0,0.0,3.0,1.5811388300841898,686.8,803.9674744664737
Accumulate + Select,32,1.0,0.0,22.7333912204776,14.36929819303091,12.90434521877243,14.265574496279438,25.70058862651093,28.366875652148156,0.2246690416249037,0.2736289112427891,1.7920325120803589,0.30646026465655124,0.5443909268730454,0.43397935536425525,0.18240237021314365,0.17269845507944895,2.5908209521490746,1.96961231822582,3200.0,0.0,3.0,1.5811388300841898,686.8,803.9674744664737
Accumulate + Select,33,1.0,0.0,22.88154739531666,14.447102072658279,12.725881304928402,14.156180950415745,25.67876625921059,28.74774599846173,0.22498865008179778,0.27723898098720007,1.7874604641323697,0.35996384285574345,0.54345181194855,0.4326867751677109,0.18118188696505255,0.17109964312651674,2.598459314147102,1.972135831035113,3300.0,0.0,3.0,1.5811388300841898,686.8,803.9674744664737
Accumulate + Select,34,1.0,0.0,23.01927251093968,14.525702416533102,12.571920866612263,14.08928425028805,25.25315702666382,28.549663142832525,0.2213904263234038,0.27523706436292866,1.8146382344835073,0.31330226546366186,0.543388982330739,0.43288373931710794,0.18085009980382305,0.17033314667517271,2.6051431070721027,1.9731504154922404,3400.0,0.0,3.0,1.5811388300841898,686.8,803.9674744664737
Accumulate + Select,35,1.0,0.0,23.160328607477833,14.60729166328874,12.409334023471983,13.995893826611482,24.78043570611637,28.003262055623996,0.21749659227898044,0.2700191378355037,1.7828771365453693,0.3364554058732407,0.5440018815218581,0.4299483186251644,0.180008311668902,0.16857159728974064,2.6140477723362308,1.9810228468601365,3500.0,0.0,3.0,1.5811388300841898,686.8,803.9674744664737
Accumulate + Select,36,1.0,0.0,23.296103094685684,14.68117525578906,12.270704060291637,13.933275008597413,24.505267705350665,27.781080535431403,0.21498234186341553,0.26778917336304736,1.7603521494802912,0.307118949247108,0.5449902764536609,0.4290936887333135,0.1800289285609441,0.16791397177785172,2.6303984248703687,2.0009422741520537,3600.0,0.0,3.0,1.5811388300841898,686.8,803.9674744664737
Accumulate + Select,37,1.0,0.0,23.429557810451364,14.76204749067665,12.1177255007133,13.838236429314524,24.324861809553884,27.658213015477653,0.21371832578596722,0.26665567364049075,1.7923106189539595,0.21664348208621603,0.7098604087131581,0.39334690655509963,0.2553623614544377,0.16309716231810045,2.278106428607759,1.4925766107917688,3700.0,0.0,3.0,1.5811388300841898,686.8,803.9674744664737
Accumulate + Select,38,1.0,0.0,23.535701294357914,14.818980592114192,11.962476966187008,13.737629713244779,24.05807292521076,27.47895954769338,0.21137965731697625,0.2648390582405579,1.7948867896560337,0.30220755980986447,0.7098368119218896,0.39396777258731774,0.2552235893516945,0.16269842990618585,2.277660389143841,1.4931514022938908,3800.0,0.0,3.0,1.5811388300841898,686.8,803.9674744664737
Accumulate + Select,39,1.0,0.0,23.63289235516069,14.869296193752021,11.813679004045134,13.633457697765847,23.94398157340097,27.810979031196496,0.21071144207601078,0.267890051120007,1.8080077242733945,0.28334262272809296,0.7085445603235145,0.39362906631397376,0.253701215516213,0.16133291340812836,2.279134798136172,1.4962390132971395,3900.0,0.0,3.0,1.5811388300841898,686.8,803.9674744664737
Accumulate + Select,40,1.0,0.0,23.731173277597037,14.920158738619111,11.668628327714293,13.531871111876205,23.255810817248655,27.033416723055943,0.20456179781694286,0.26034414755480134,1.8261790888906961,0.4159836539043763,0.7071832299526553,0.39312606351282614,0.2520134711870974,0.1597319128234714,2.282601777096886,1.5018375561574195,4000.0,0.0,3.0,1.5811388300841898,686.8,803.9674744664737
Accumulate + Select,41,1.0,0.0,23.825954476171752,14.97011864657134,11.527886492071707,13.430345739466572,23.32836331205059,27.381204532105293,0.20543266887161243,0.263603038263633,1.8231163439265998,0.37268024857663573,0.7057256824307159,0.39254039140134594,0.25028885773035603,0.15814996485985117,2.286613829448627,1.5081320577703905,4100.0,0.0,3.0,1.5811388300841898,686.8,803.9674744664737
Accumulate + Select,42,1.0,0.0,23.91312941363437,15.01157265617257,11.389446004461911,13.32597820073081,22.596367595335032,26.21538984246063,0.1988232002039646,0.2524946019963907,1.8026265580488658,0.3572683382632323,0.7040697305403578,0.39187855215468625,0.2484874619865712,0.1566252199679728,2.2903483177779647,1.5148612124644518,4200.0,0.0,3.0,1.5811388300841898,686.8,803.9674744664737
Accumulate + Select,43,1.0,0.0,23.997190932508072,15.052111007876547,11.267051187095362,13.246105331389916,22.444292021870442,26.141247380658264,0.19772681308491719,0.251746835010647,1.8770799640498896,0.36191360138289025,0.7022508691491033,0.39119459866430173,0.24665395453752192,0.15519226928150773,2.2959763196847076,1.5230494950997586,4300.0,0.0,3.0,1.5811388300841898,686.8,803.9674744664737
Accumulate + Select,44,1.0,0.0,24.07633672421846,15.089403255967431,11.142548826271112,13.164227545458182,22.38663625545688,26.516243807840464,0.19743785156492777,0.255173523359446,1.8180680922451793,0.3837495353578607,0.7004272439493497,0.39051400229559563,0.24488346454962887,0.15385300108624142,2.301633172257346,1.5319430182659755,4400.0,0.0,3.0,1.5811388300841898,686.8,803.9674744664737
Accumulate + Select,45,1.0,0.0,24.156389332887347,15.136043622344415,11.018825117659345,13.07631737192306,22.134017039245727,25.819698706771664,0.1948837193646063,0.248592828162457,1.8307001984949025,0.2627901132936493,0.6986404776871229,0.38985468267228235,0.2432115702734629,0.15263308235421202,2.306796442447056,1.540383582600866,4500.0,0.0,3.0,1.5811388300841898,686.8,803.9674744664737
Accumulate + Select,46,1.0,0.0,24.237881058189565,15.178459307895725,10.896218032292284,12.98105002671171,21.821337243344097,26.026558639899175,0.19255876193417862,0.25040650297427314,1.8152874936157564,0.38069677121490625,0.6969976630715629,0.3892930904775992,0.24174198536327496,0.1516132574516371,2.3114933906426005,1.5484241036102149,4600.0,0.0,3.0,1.5811388300841898,686.8,803.9674744664737
Accumulate + Select,47,1.0,0.0,24.319144327661483,15.22247112989935,10.782761119932236,12.89859083825016,21.687514492359036,26.038342909624028,0.191363209376975,0.2504329358478716,1.8126508845984095,0.3083593219737466,0.6954413587177266,0.38879042129843633,0.2404021728278253,0.15072822384520823,2.316261498050374,1.5576783231516145,4700.0,0.0,3.0,1.5811388300841898,686.8,803.9674744664737
Accumulate + Select,48,1.0,0.0,24.39902263469648,15.26418252829317,10.666733246894411,12.802322956114699,21.413742924625158,25.59973791159684,0.1888874367056941,0.24623723667400915,1.8700504623018575,0.3465661527926289,0.6939264685797075,0.3883798687110613,0.2391930146268469,0.15003498315455904,2.319539257891633,1.56524830738263,4800.0,0.0,3.0,1.5811388300841898,686.8,803.9674744664737
Accumulate + Select,49,1.0,0.0,24.471971789845803,15.302530954102568,10.568114890070326,12.743890302214172,21.211284663224284,25.593052906020706,0.18750705918793067,0.24614713052424725,1.8738857874871813,0.28599445060317186,0.6920935726572519,0.38801962294067827,0.23788957427242888,0.149499378693766,2.323272813253404,1.5740010096102575,4900.0,0.0,3.0,1.5811388300841898,686.8,803.9674744664737
Accumulate + Select,50,1.0,0.0,24.548875838816024,15.342616571536784,10.460172314897884,12.660666302927202,20.835032824665998,25.26735140739247,0.18403195151279803,0.2428703960864126,1.933972011269379,0.38012912400139937,0.6907443483118658,0.3876186045998387,0.23682713204517478,0.14889037583389442,2.325573701592772,1.5820500705723677,5000.0,0.0,3.0,1.5811388300841898,686.8,803.9674744664737
Accumulate + Select,51,1.0,0.0,24.62695693049665,15.386872174383786,10.363773106160956,12.591801278902299,20.64391937213422,25.026670715164336,0.18238857138107675,0.2405948908238591,1.8434919300105637,0.29507676050014453,0.6889266240390157,0.38727794007125566,0.2355994337791743,0.14846745584515317,2.3284847537082425,1.590378225518123,5100.0,0.0,3.0,1.5811388300841898,686.8,803.9674744664737
Accumulate + Select,52,1.0,0.0,24.691868028714687,15.418040307874307,10.273798611391294,12.539392785661835,20.565027535614718,25.36140098137218,0.1819493781502995,0.24362164023087773,1.8712246266979258,0.324780592102357,0.6872754090574492,0.38693246382137536,0.23446925640073663,0.1480421849247694,2.331432192552888,1.5989983345359107,5200.0,0.0,3.0,1.5811388300841898,686.8,803.9674744664737
Accumulate + Select,53,1.0,0.0,24.766249889991684,15.45850153739268,10.175673523013554,12.462601196059197,20.346318506729645,25.00711685907187,0.18001770718647137,0.24028880329782562,1.9165039036159865,0.3719015342922814,0.6856756953342373,0.38662931777438536,0.23341395734840806,0.14769906088543588,2.3341631261877356,1.6072097816494244,5300.0,0.0,3.0,1.5811388300841898,686.8,803.9674744664737
Accumulate + Select,54,1.0,0.0,24.831433174153737,15.492514366662181,10.07379641228143,12.373839765848777,20.32706627758818,25.07092928713648,0.18000827910795372,0.2408658722579753,1.8583181356377338,0.26850863999218993,0.6836393371240185,0.38604744446674627,0.23200643623164208,0.14714981782638886,2.3367348691305856,1.6135889188805852,5400.0,0.0,3.0,1.5811388300841898,686.8,803.9674744664737
Accumulate + Select,55,1.0,0.0,24.898059278137858,15.528794778892397,9.978554490424884,12.296531228269691,19.91797919963293,24.72956373046094,0.17634119088312056,0.23749905512004812,1.8938966412220224,0.35603743362076506,0.6827104066038161,0.3862745962997869,0.2316546760938288,0.1474314708553354,2.337152942030261,1.6217560058171905,5500.0,0.0,3.0,1.5811388300841898,686.8,803.9674744664737
Accumulate + Select,56,1.0,0.0,24.96586880832445,15.566241047127752,9.887043905277046,12.224931773838358,19.737082602609544,24.116064219607686,0.17464847000380407,0.23178192284632712,1.8231371319926026,0.27280865178237584,0.6812809777471455,0.38616125183509903,0.2308755080573471,0.14743507830764305,2.339747334899237,1.6304471061211212,5600.0,0.0,3.0,1.5811388300841898,686.8,803.9674744664737
Accumulate + Select,57,1.0,0.0,25.033727686888575,15.605693470710047,9.795787299551446,12.146590139826179,19.465037207733186,23.989377865745425,0.1723633777934125,0.2304686682015917,1.9467961010478327,0.28982431992190744,0.6800675668034489,0.38620772485243937,0.2303222920996563,0.14764555682439,2.341800850751075,1.637468212516915,5700.0,0.0,3.0,1.5811388300841898,686.8,803.9674744664737
Accumulate + Select,58,1.0,0.0,25.09868203462825,15.641938662957251,9.709335199394886,12.077937350849345,19.26409152118115,23.668498314831666,0.17045687770899653,0.22739287143706283,1.8952839148819778,0.2288533150617785,0.6790120172249189,0.38634788305767814,0.22991244044266593,0.14796387242009013,2.3435697502404853,1.646055017115287,5800.0,0.0,3.0,1.5811388300841898,686.8,803.9674744664737
Accumulate + Select,59,1.0,0.0,25.161935100559624,15.676151079423365,9.619723538046342,11.997503741634361,19.220383248035613,24.051637414250727,0.17021748429833744,0.23087385228801124,1.909509149562263,0.3036239671451753,0.6777652703855627,0.38635339163481125,0.22936751629678157,0.14823744519849824,2.3453344953877444,1.6526458246115605,5900.0,0.0,3.0,1.5811388300841898,686.8,803.9674744664737
Accumulate + Select,60,1.0,0.0,25.225918938795054,15.714237912854594,9.534225752031356,11.92127390122792,19.053962642172266,23.882883280100707,0.168836740578156,0.22922846493228718,1.92216454618903,0.22816413241644148,0.6775281344317016,0.38706031314500355,0.22973189353311083,0.1491801793038786,2.3445707304194148,1.6608688330629036,6000.0,0.0,3.0,1.5811388300841898,686.8,803.9674744664737
Accumulate + Select,61,1.0,0.0,25.28769589851533,15.749628856634189,9.449427636392768,11.84658588815692,19.137258219186556,24.032773912002046,0.16955589393453696,0.23066256546725938,1.8934003246881452,0.31555982591338994,0.6763734696628181,0.38711958437872135,0.22933573423360826,0.1496629561157264,2.3466003782144176,1.6676835485980326,6100.0,0.0,3.0,1.5811388300841898,686.8,803.9674744664737
Accumulate + Select,62,1.0,0.0,25.34496666325579,15.781509725542186,9.36191999933602,11.76379095004088,18.74821035580808,23.46100983092124,0.1661514948714589,0.22523521375473396,1.9044169183232316,0.23403172774457562,0.6756404189273502,0.3874822446639266,0.2293708323360686,0.1505352104951117,2.3467189187510757,1.6736208168175215,6200.0,0.0,3.0,1.5811388300841898,686.8,803.9674744664737
Accumulate + Select,63,1.0,0.0,25.40376387663663,15.815936157281705,9.280626261297975,11.69027059764993,18.723963567868836,23.52138115637573,0.16595962251194935,0.22578245574960404,1.9281878159848993,0.3359038517467423,0.6752321754911795,0.3880963997175311,0.2297985197451072,0.15183209235180406,2.3470409274658617,1.6798953798943352,6300.0,0.0,3.0,1.5811388300841898,686.8,803.9674744664737
Accumulate + Select,64,1.0,0.0,25.462522386270926,15.851986239132989,9.202568850426506,11.622959134681448,18.51049201841096,23.283657759296602,0.1639446977221112,0.22343893255360212,1.9231179645937395,0.277231348268369,0.6750646933276012,0.38892240415055895,0.23060816944934928,0.15362397618304405,2.34747475751975,1.686898962901056,6400.0,0.0,3.0,1.5811388300841898,686.8,803.9674744664737
Accumulate + Select,65,1.0,0.0,25.519358898227907,15.885629039664822,9.120299681123864,11.54138799881298,17.966142679437212,22.56651297243925,0.15929952770680225,0.2165721098483261,1.9524896795740496,0.2942243033859876,0.6750833202117912,0.38991226395164724,0.23178530066329656,0.15592922900242798,2.3468302175014966,1.6922143100990428,6500.0,0.0,3.0,1.5811388300841898,686.8,803.9674744664737
Accumulate + Select,66,1.0,0.0,25.577057817582528,15.920713769252426,9.039712838812317,11.461839275875331,18.243649237125585,23.148953815624175,0.16171835346400878,0.22203411276240423,1.930262275502875,0.2700480205674108,0.6757856416930439,0.39154951712041286,0.23440552492374586,0.16028907447462568,2.345534850221298,1.6968013823268004,6600.0,0.0,3.0,1.5811388300841898,686.8,803.9674744664737
Accumulate + Select,67,1.0,0.0,25.636320241289674,15.95652003722632,8.96311555384214,11.389408032730685,18.164730157281866,23.257123651177317,0.16124748809299091,0.22298931210773307,1.956465217177944,0.29392083570067734,0.6761781841602025,0.39289297024427955,0.23696836948668226,0.1647684969312319,2.3470817811264455,1.7048473556650148,6700.0,0.0,3.0,1.5811388300841898,686.8,803.9674744664737
Accumulate + Select,68,1.0,0.0,25.691162577044633,15.989607636224058,8.88277334034774,11.306747803544546,17.716115780694516,22.555756390579543,0.15707849041159527,0.2163095129412405,1.9446151958930336,0.24639321338202713,0.6762269278063238,0.39388055332822614,0.2392743590043262,0.16902670851417995,2.350520072594964,1.715321942097728,6800.0,0.0,3.0,1.5811388300841898,686.8,803.9674744664737
Accumulate + Select,69,1.0,0.0,25.747273888693393,16.023574483980255,8.803443067430958,11.224379038192437,17.72296786521361,22.844952012098357,0.1571504972055593,0.21896298104931156,1.9236185195065925,0.3707181260741549,0.6759740156522291,0.39454096416781903,0.24122006694694634,0.17284988334139073,2.356014343316631,1.7286962473011926,6900.0,0.0,3.0,1.5811388300841898,686.8,803.9674744664737
Accumulate + Select,70,1.0,0.0,25.802939682286734,16.05864600818269,8.72985794057779,11.15204208487152,17.492305419649114,22.499966624522084,0.15514754462331234,0.21569148137098998,1.9860941635823146,0.31417596378404355,0.6752815986725945,0.3947346717157767,0.24185682277586767,0.17471004349740513,2.3619841644161426,1.7425679327948709,7000.0,0.0,3.0,1.5811388300841898,686.8,803.9674744664737
Accumulate + Select,71,1.0,0.0,25.85725655468379,16.092397163235088,8.656739080267382,11.078915484619506,17.447638559828334,22.338502137260654,0.15463753911472441,0.21417708942452465,1.9205179783952104,0.24657116532579712,0.6745265423063145,0.39483567699142397,0.24233687228177211,0.17634412890777723,2.3680356388107695,1.756946584554994,7100.0,0.0,3.0,1.5811388300841898,686.8,803.9674744664737
Accumulate + Select,72,1.0,0.0,25.91200633975827,16.128128151289246,8.586208736350272,11.008364693548371,17.155516656262925,22.065492225884082,0.15201915077858746,0.21153395884908777,1.9235677594581209,0.235953379481355,0.6736984655801787,0.3948385436426167,0.24250616675091402,0.1774924358126237,2.373679742780136,1.7705702217696102,7200.0,0.0,3.0,1.5811388300841898,686.8,803.9674744664737
Accumulate + Select,73,1.0,0.0,25.96697141472552,16.163979612492366,8.51410427457343,10.93314338018161,16.68145550712321,21.356424030774544,0.14811772352544225,0.20479273429597325,1.9464013534673774,0.23184610665081384,0.6727785211006028,0.39473729782134115,0.24222462852494372,0.1779322962881865,2.3786229251720643,1.7830311419134721,7300.0,0.0,3.0,1.5811388300841898,686.8,803.9674744664737
Accumulate + Select,74,1.0,0.0,26.01968369967772,16.19888178823474,8.4427616868191,10.857675647042116,17.03614931891958,22.19452767985009,0.1513699165795754,0.2126469427646947,1.9850403047111072,0.36160624792798923,0.6717506098317179,0.39451607298369185,0.24122539925923947,0.17719924145848828,2.3813329617444774,1.792921305101559,7400.0,0.0,3.0,1.5811388300841898,686.8,803.9674744664737
Accumulate + Select,75,1.0,0.0,26.0725575832844,16.233445384607908,8.372366993766962,10.782795283416295,16.490762410783283,21.03431286624798,0.14617777194893766,0.20172262743295227,1.8857629629936294,0.31388111245186046,0.6707183684708429,0.3942818260715347,0.24022173574815064,0.1764544308748812,2.3832842345604743,1.8018461624763213,7500.0,0.0,3.0,1.5811388300841898,686.8,803.9674744664737
Accumulate + Select,76,1.0,0.0,26.12642378300317,16.27012973848781,8.304508431628419,10.712710204742976,16.58973592793179,21.373845617818578,0.14736413494946998,0.20488512138234216,1.9387514708724325,0.25464924209396034,0.6697008602515113,0.3940216571208624,0.23916328820403146,0.1755869494855361,2.3847903990133568,1.8105943781603329,7600.0,0.0,3.0,1.5811388300841898,686.8,803.9674744664737
Accumulate + Select,77,1.0,0.0,26.17472197828186,16.302206227954347,8.233342759288286,10.630745837906625,16.513692888631354,21.328215883760603,0.14645436274601029,0.20441572129873206,1.9677427566508114,0.2551765679811973,0.6687178110369939,0.39374077851200584,0.23807884229389872,0.17462621051922692,2.384353794405536,1.816505661780012,7700.0,0.0,3.0,1.5811388300841898,686.8,803.9674744664737
Accumulate + Select,78,1.0,0.0,26.223721592646342,16.3348728164339,8.165534443172758,10.555066225661426,16.095627273844777,20.784089465553684,0.1425966136149311,0.1991981552558497,2.0375746623286632,0.33656745218148504,0.6677370138730276,0.3934332892666842,0.236963495943398,0.17359559910705746,2.3844597627185933,1.8229302913621026,7800.0,0.0,3.0,1.5811388300841898,686.8,803.9674744664737
Accumulate + Select,79,1.0,0.0,26.27478480767533,16.369497151196928,8.09940707509986,10.481850719140988,16.08744354690757,20.682166862286927,0.14259596311541547,0.1982180223560354,2.0043785438899335,0.3449480964687156,0.6667583546824835,0.3931056999095836,0.23582683473213964,0.17251026244274414,2.384624818934199,1.8296262223076498,7900.0,0.0,3.0,1.5811388300841898,686.8,803.9674744664737
Accumulate + Select,80,1.0,0.0,26.323543265822725,16.402930803110543,8.035526759445546,10.411732283146042,15.878794875751268,20.46083515062038,0.14095435385095537,0.19612176808713555,1.9539797914920825,0.37793370977370006,0.6657894366505005,0.39275729543904414,0.23468230608698412,0.17138677549402154,2.384194259092479,1.835650294493407,8000.0,0.0,3.0,1.5811388300841898,686.8,803.9674744664737
Accumulate + Select,81,1.0,0.0,26.3715758662373,16.435239296060768,7.971268860239422,10.341099154082576,15.789318418080587,20.315003331778723,0.1399966723650853,0.19468360627027134,2.034802140273504,0.4025141194665808,0.6648120914287505,0.3923705903521093,0.23353497401400677,0.17025697810351806,2.3837987594924805,1.841440745228019,8100.0,0.0,3.0,1.5811388300841898,686.8,803.9674744664737
Accumulate + Select,82,1.0,0.0,26.416155427521666,16.464731524003742,7.904525611614853,10.262626710507975,15.931438871772063,20.640695049656323,0.1415220434274242,0.19779175162022822,1.9875149962235663,0.35951655691771317,0.6638135785041402,0.3919562816183767,0.2323893699256674,0.1691410314758581,2.382156437201302,1.8452205727231599,8200.0,0.0,3.0,1.5811388300841898,686.8,803.9674744664737
Accumulate + Select,83,1.0,0.0,26.461918241942687,16.49609690314574,7.841259707904622,10.190200714353312,15.839610086811508,20.737382892340005,0.1407723349032439,0.1986363569276744,2.022139029968017,0.3259947713739102,0.6627912862782469,0.39151750915107614,0.23123707575016575,0.1680245043619531,2.3810342001947693,1.8495534706740726,8300.0,0.0,3.0,1.5811388300841898,686.8,803.9674744664737
Accumulate + Select,84,1.0,0.0,26.508039565588025,16.52822587816857,7.777427150976339,10.115351261531064,15.755026463333655,20.59935934269784,0.13997293125119814,0.19732595720506466,2.062135244754111,0.2215806548595657,0.6617565232926539,0.3910460858749922,0.23008537738205428,0.16691136368101472,2.3795454091723274,1.8533951641774395,8400.0,0.0,3.0,1.5811388300841898,686.8,803.9674744664737
Accumulate + Select,85,1.0,0.0,26.550399440088444,16.557261230756936,7.715779186389814,10.043831103876713,15.325104697646745,19.729855959771992,0.1360603349989023,0.18912836510013364,2.018100448203744,0.31964911377069066,0.6607164649666789,0.3905572247567369,0.22894559066004855,0.16581381106203263,2.3778226052134945,1.8568919905938377,8500.0,0.0,3.0,1.5811388300841898,686.8,803.9674744664737
Accumulate + Select,86,1.0,0.0,26.594273886233168,16.588214881781226,7.656208843099833,9.975637330361542,15.044848498105434,19.587902805299784,0.1336074539889474,0.18764628655827795,1.9830740439322185,0.26301005109569264,0.6596504575994232,0.39004671725787166,0.22781088822978396,0.1647418390811249,2.376662524682199,1.861211929235903,8600.0,0.0,3.0,1.5811388300841898,686.8,803.9674744664737
Accumulate + Select,87,1.0,0.0,26.63933688095987,16.62115458059587,7.594547077810516,9.9017486177658,15.01898981580867,19.331006802368368,0.13347476584608767,0.1853137850027338,1.9803636817207662,0.23286815283548454,0.6585927507684257,0.3895294771713623,0.22669564621185145,0.1636851733610865,2.374528573119309,1.864014758950098,8700.0,0.0,3.0,1.5811388300841898,686.8,803.9674744664737
Accumulate + Select,88,1.0,0.0,26.682335400689446,16.65115767650803,7.536086535828451,9.833568120830074,15.074324041492137,19.77610223507591,0.1336857128536916,0.1893727842653002,1.9549413360492665,0.25504129380263807,0.657526559675646,0.38901144138014393,0.22559900969029673,0.16266015305804477,2.3729326569122504,1.8674858289506515,8800.0,0.0,3.0,1.5811388300841898,686.8,803.9674744664737
Accumulate + Select,89,1.0,0.0,26.726049746300458,16.6819900015065,7.478993441002797,9.767368426564465,14.978240838131864,19.570246825635323,0.1330561153241248,0.1874386307934225,2.0011198662490433,0.322121249511086,0.6564619414020529,0.3884866092413639,0.2245225700880915,0.16166131723290678,2.3713542900680133,1.8711046865143866,8900.0,0.0,3.0,1.5811388300841898,686.8,803.9674744664737
Accumulate + Select,90,1.0,0.0,26.76694387286185,16.711271285265187,7.420348942357241,9.697937664058855,14.916372629500984,19.361239802529234,0.1323978277631925,0.1855035439864236,2.0366177543040562,0.36585737796436696,0.6554287037277579,0.3879622897162048,0.22348029733405816,0.1606848227076586,2.368992479349675,1.873841775785359,9000.0,0.0,3.0,1.5811388300841898,686.8,803.9674744664737
Accumulate + Select,91,1.0,0.0,26.809594704914296,16.741875479628323,7.363584400375909,9.630886368199636,14.58994438683043,19.151615189226373,0.12961685004771029,0.1833981430721806,2.0707516856687134,0.26553065543291643,0.6544107241248664,0.3874458369579937,0.22247253215706148,0.1597492910869571,2.3667484773197365,1.876439249122747,9100.0,0.0,3.0,1.5811388300841898,686.8,803.9674744664737
Accumulate + Select,92,1.0,0.0,26.850678260262633,16.77153865148047,7.308845049586028,9.56566427538992,14.602427377913454,19.040468337674184,0.12962111371400842,0.18239537243390333,2.0062667895545276,0.2612026503816041,0.6533905861590031,0.3869243021242504,0.22148202145696577,0.15884094291362164,2.364549144495345,1.8790127264951781,9200.0,0.0,3.0,1.5811388300841898,686.8,803.9674744664737
Accumulate + Select,93,1.0,0.0,26.890855835159073,16.80023927968901,7.253794581581134,9.499071658136275,14.638022794152537,18.989347557933332,0.13011970314848698,0.18197528596893592,1.9570299682796541,0.3534829907957679,0.6523752398441489,0.3863977225006431,0.22050984549527283,0.15795513010517861,2.3620437295584322,1.8810812050413692,9300.0,0.0,3.0,1.5811388300841898,686.8,803.9674744664737
Accumulate + Select,94,1.0,0.0,26.92993926579241,16.828689410439917,7.199617560131003,9.432702899140233,14.066938941902029,18.214130392292933,0.12493049736565473,0.1745329935085906,2.0024407752401996,0.2842978904523554,0.651365370843276,0.3858624401744479,0.21955312211811923,0.15708624260537987,2.3595516389816185,1.8828952915997552,9400.0,0.0,3.0,1.5811388300841898,686.8,803.9674744664737
Accumulate + Select,95,1.0,0.0,26.967655577462875,16.856595815775393,7.14592841216245,9.368020409132196,14.503782853166744,19.230030619601944,0.12899063926670998,0.1840617352885458,2.052355346606798,0.3076777880040387,0.6503668651282453,0.38533364330363434,0.21862207758207092,0.15624787710468915,2.357093995208648,1.8847860588821523,9500.0,0.0,3.0,1.5811388300841898,686.8,803.9674744664737
Accumulate + Select,96,1.0,0.0,27.006081722593944,16.88419376965817,7.093354449403032,9.304968380218329,13.94110698418451,17.961015467070546,0.12355726208229915,0.1721139392862351,2.011322904015659,0.3557399712016527,0.6493526726643205,0.3848012524179761,0.2176987422609963,0.15543369922554456,2.3546777071221587,1.8866762753751936,9600.0,0.0,3.0,1.5811388300841898,686.8,803.9674744664737
Accumulate + Select,97,1.0,0.0,27.04321160269176,16.910895265813142,7.040990988226734,9.24193576580861,14.20993175633149,18.611676149658518,0.1263036728413751,0.17824535226917407,2.0701539875941624,0.28932726982796264,0.6483338012002097,0.38425970636621165,0.21678242452907295,0.1546311351521098,2.3519261295272105,1.8880734820948895,9700.0,0.0,3.0,1.5811388300841898,686.8,803.9674744664737
Accumulate + Select,98,1.0,0.0,27.081143664448255,16.939151216372416,6.99027964325041,9.180470846255362,14.067229757209981,18.58292226243248,0.12515581611972768,0.1778924492984367,2.0438067820606785,0.2974174453587554,0.6473167007355326,0.38371495687574214,0.21588038057083928,0.15384844888705257,2.349443578021661,1.889527635849065,9800.0,0.0,3.0,1.5811388300841898,686.8,803.9674744664737
Accumulate + Select,99,1.0,0.0,27.118507245786162,16.96680951244017,6.940397613476641,9.12051187852092,13.910926209659053,18.039075050440562,0.12356334291274566,0.17285335578456762,2.030180292650404,0.33783350635266585,0.6463029231752037,0.3831678657868038,0.21499118890707364,0.15308092299418155,2.3471072401555944,1.8911078170790283,9900.0,0.0,3.0,1.5811388300841898,686.8,803.9674744664737
Accumulate + Select,100,1.0,0.0,27.155909482917075,16.995175857462858,6.891533546547582,9.062313877659088,14.008124561515478,18.684234901771042,0.12440220795629801,0.17878829024352616,2.0050050661993657,0.28556320350026976,0.6452904730160968,0.3826181939277833,0.21411668186785407,0.15233579113393347,2.344602800657211,1.8925830954127696,10000.0,0.0,3.0,1.5811388300841898,686.8,803.9674744664737
Accumulate + Select,101,1.0,0.0,27.193480662428648,17.02359093980537,6.843964034049874,9.004931979411127,13.451025632099917,17.503066176608183,0.11933129016148078,0.1676526440436723,1.9954309900381655,0.32379290150691864,0.6442791629991385,0.3820639778440081,0.21325723562524979,0.1516152673699091,2.3421053873462063,1.8939188715398847,10100.0,0.0,3.0,1.5811388300841898,686.8,803.9674744664737
Accumulate + Select,102,1.0,0.0,27.228102293420555,17.04897749800013,6.79593379505563,8.946045916773526,13.55984626208093,17.81789417137183,0.12054881761492994,0.17060042912304751,2.0295318862227982,0.2572115858232522,0.6432726575203722,0.3815148810733298,0.2124160018107987,0.1509210115238738,2.339037611857425,1.8944603032075291,10200.0,0.0,3.0,1.5811388300841898,686.8,803.9674744664737
Accumulate + Select,103,1.0,0.0,27.261227566912304,17.07411231330167,6.747458521854443,8.885956616279223,13.46852457375445,17.556080914916667,0.11965394790917501,0.16816340963466306,1.9554278568701329,0.3518116756838499,0.6422620057393894,0.38096163130546334,0.211582784499808,0.15024200928629863,2.3357070123266674,1.89458306818836,10300.0,0.0,3.0,1.5811388300841898,686.8,803.9674744664737
Accumulate + Select,104,1.0,0.0,27.297600920755446,17.102035000813117,6.699728483369154,8.825932167239111,13.53447446935714,17.909288169022812,0.12027079388054088,0.17144929204475925,2.064062996761846,0.2819949352229055,0.64125819556367,0.3804053393782578,0.21076424303967894,0.149581404334286,2.3325768947331023,1.894513733688013,10400.0,0.0,3.0,1.5811388300841898,686.8,803.9674744664737
Accumulate + Select,105,1.0,0.0,27.330973408819325,17.12695778984063,6.651955848202277,8.766399323304716,13.186202508814944,17.366664985019415,0.11706170692994093,0.16624532534982311,2.0355519911641635,0.27271172514211367,0.6402685490058903,0.37985272531651537,0.20996454409807946,0.14893961562869704,2.3290346984682153,1.8939619726683985,10500.0,0.0,3.0,1.5811388300841898,686.8,803.9674744664737
Accumulate + Select,106,1.0,0.0,27.365378685769155,17.153124121365334,6.6066800453172885,8.710795239617998,13.067291711155908,16.96032303996895,0.1159586484990603,0.16247303349684356,2.006809682543675,0.31178098082405503,0.6392967788602814,0.3793013254465909,0.20918257465838566,0.14831066612260826,2.325940679871589,1.8939886514526094,10600.0,0.0,3.0,1.5811388300841898,686.8,803.9674744664737
Accumulate + Select,107,1.0,0.0,27.398169173985856,17.178246464623513,6.56140965987723,8.654194623421386,13.03552057153166,17.111956097769635,0.1155068666321077,0.16379539347617325,2.0486632193541094,0.2614054358330763,0.6383334937790309,0.3787493686167332,0.20841320563253288,0.14769415876681702,2.3225699485437885,1.8935771050060897,10700.0,0.0,3.0,1.5811388300841898,686.8,803.9674744664737
Accumulate + Select,108,1.0,0.0,27.4319278568017,17.204770202412412,6.517462086398778,8.600116933262688,13.003955351826004,17.14513987150925,0.11551057903526474,0.1641488511931366,2.078061748482854,0.2567892914507898,0.6373717065166558,0.3782035136296458,0.20765793858011458,0.14710118362636987,2.319402966591601,1.8932513927379147,10800.0,0.0,3.0,1.5811388300841898,686.8,803.9674744664737
Accumulate + Select,109,1.0,0.0,27.466608961184072,17.232555155566867,6.473779112406477,8.546294859076482,13.128060612892805,17.07920011029174,0.11649208162013594,0.16362302524960368,1.9480533916259968,0.256593145877464,0.6363994679705481,0.3776628266462957,0.20690726665649492,0.14652318992210792,2.3161213634270923,1.8927801939509274,10900.0,0.0,3.0,1.5811388300841898,686.8,803.9674744664737
Accumulate + Select,110,1.0,0.0,27.499098926384164,17.257895050836936,6.430153612055226,8.491707346689612,12.65416985241711,16.588235662194236,0.112377308215349,0.15883892950249423,2.0722489857714494,0.32119265372633576,0.6354339090971495,0.37713498046109933,0.20617384341670034,0.14596969624092945,2.312445566535117,1.8918283487711824,11000.0,0.0,3.0,1.5811388300841898,686.8,803.9674744664737
Accumulate + Select,111,1.0,0.0,27.53195453562062,17.28420641916469,6.387695183405407,8.438954256163932,12.630281474644994,16.694964766033937,0.11215897389518778,0.15977899772455373,2.014261476004146,0.3040751337817323,0.634477192311157,0.3766180151168537,0.20546039856266723,0.14544609544224235,2.308826913083743,1.890894378497107,11100.0,0.0,3.0,1.5811388300841898,686.8,803.9674744664737
Accumulate + Select,112,1.0,0.0,27.564238470120166,17.30932705647042,6.3443067695202755,8.383391962922971,12.520000239375937,16.219248967749262,0.11110157105043746,0.15540224662162655,2.032975534158889,0.3060267378484091,0.6335314823239513,0.37611107313607534,0.20476713333446656,0.14495116908001868,2.304832276363805,1.8892742413494654,11200.0,0.0,3.0,1.5811388300841898,686.8,803.9674744664737
Accumulate + Select,113,1.0,0.0,27.59420807403265,17.33294637408267,6.303144491351275,8.332127286139729,12.468071399526828,16.423130223273812,0.11074645195386515,0.15719253638135788,2.0439228137386602,0.26803278790515134,0.6326013759799773,0.37561485948359763,0.20409283625321742,0.14447665624973693,2.3008511753754397,1.8878347841277505,11300.0,0.0,3.0,1.5811388300841898,686.8,803.9674744664737
Accumulate + Select,114,1.0,0.0,27.625406811114864,17.358459662682296,6.261625589075168,8.28007066598537,12.332316378057607,16.39954358304111,0.10955085499941375,0.1569159248157244,2.044412720191951,0.22189914693752077,0.6316822954574444,0.3751277654334831,0.20343367826242872,0.14401927727534053,2.296626880112164,1.8861399296017385,11400.0,0.0,3.0,1.5811388300841898,686.8,803.9674744664737
Accumulate + Select,115,1.0,0.0,27.65487823623648,17.3816242266986,6.220853248050738,8.228755770920936,12.552852551744,16.662157170794313,0.11158964024410548,0.15948300620827358,2.0552467645540924,0.29467917100272,0.630767041778362,0.3746506550675286,0.20278845574132182,0.1435850771227671,2.292560356616224,1.8845400104552108,11500.0,0.0,3.0,1.5811388300841898,686.8,803.9674744664737
Accumulate + Select,116,1.0,0.0,27.684633070747413,17.405796443022663,6.180340787830984,8.177288321662866,12.128857346047727,15.702906220389325,0.10754599523671818,0.1504176395215114,2.044421617586489,0.29419566185176316,0.62985707840238,0.37417937682216346,0.20215525334069534,0.14316867257416788,2.28840493416779,1.882795826891517,11600.0,0.0,3.0,1.5811388300841898,686.8,803.9674744664737
Accumulate + Select,117,1.0,0.0,27.714132834098955,17.429561779364054,6.140134654512721,8.126249151007519,12.548926878564094,16.78009143364829,0.11152056936808594,0.16054367226223804,2.113113723575125,0.28188081807671345,0.6289488568093129,0.37371868613834053,0.20153365726582564,0.14277261828706733,2.284185657506822,1.8806458620757383,11700.0,0.0,3.0,1.5811388300841898,686.8,803.9674744664737
Accumulate + Select,118,1.0,0.0,27.74180800493439,17.451489568370935,6.101068627304133,8.076423102004217,12.181933907273113,16.175341168615933,0.1081417999947516,0.15475438836237135,2.066803511170803,0.38385814635132504,0.6280493035003799,0.3732710860527371,0.20092798860875227,0.1423994731873521,2.279857217564995,1.8783169513402918,11800.0,0.0,3.0,1.5811388300841898,686.8,803.9674744664737
Accumulate + Select,119,1.0,0.0,27.770936548814603,17.475557805275738,6.062320036272009,8.027142935910797,12.427689642069717,16.551449763815352,0.11050191245488168,0.15839134947658395,2.070130825567742,0.2265124157477854,0.6271700615931707,0.37283281252276285,0.2003431298755319,0.14204901076052315,2.2753920206130305,1.8759753223300788,11900.0,0.0,3.0,1.5811388300841898,686.8,803.9674744664737
Accumulate + Select,120,1.0,0.0,27.800179631706023,17.499469851248726,6.024269703656428,7.978546959095004,12.204309967477672,16.16537164523844,0.10841804181609056,0.15471670096684817,2.085637560058715,0.2877381806523998,0.6263113502695814,0.37241139109462607,0.19978293070624517,0.14172993150097107,2.2711597189018784,1.8738454431536393,12000.0,0.0,3.0,1.5811388300841898,686.8,803.9674744664737
Accumulate + Select,121,1.0,0.0,27.829572785364615,17.523830760761893,5.986721155722028,7.930766287330154,11.868566871862544,15.7268110782664,0.1054168844085867,0.15051212869209077,2.0474331716792316,0.22979208689631817,0.6254439449175511,0.3719903011962472,0.19922386287261695,0.1414205778924413,2.2668884988929756,1.8715243349093356,12100.0,0.0,3.0,1.5811388300841898,686.8,803.9674744664737
Accumulate + Select,122,1.0,0.0,27.85859100360821,17.54774985639308,5.949671016052767,7.8835206561774545,12.105180947885213,16.364937890366956,0.10765892879144298,0.15648999985038994,2.045736978974076,0.236658733896527,0.6245868808020354,0.37157152596917215,0.19867056100728722,0.1411090756170812,2.262656730676876,1.8691248526345463,12200.0,0.0,3.0,1.5811388300841898,686.8,803.9674744664737
Accumulate + Select,123,1.0,0.0,27.885874089666338,17.569798351435782,5.9125863082722185,7.835687517838363,11.92437323210785,15.81355899872607,0.10597383038416,0.15135004024998341,2.132058087318331,0.33392723714287204,0.6237594545333822,0.3711731590852532,0.19814647527288204,0.14083009072207256,2.2581906573979906,1.86645103284263,12300.0,0.0,3.0,1.5811388300841898,686.8,803.9674744664737
Accumulate + Select,124,1.0,0.0,27.915382064465195,17.594468581451785,5.876573370708905,7.789498246937395,11.671196834974861,15.508631618629618,0.103671466827287,0.14837080536139235,2.022587202831681,0.25668110107121495,0.6229590920235927,0.3707944258161427,0.19764773508023342,0.1405772575524846,2.253830273967211,1.8638815888176155,12400.0,0.0,3.0,1.5811388300841898,686.8,803.9674744664737
Accumulate + Select,125,1.0,0.0,27.941867093530142,17.61642201260159,5.841023445302298,7.743490751740124,11.877257911133318,15.797525600238071,0.10555071030747054,0.15113176070825235,2.091947649570025,0.31171546068518485,0.6221643233150135,0.37041208499913786,0.197148893571614,0.14031476928233919,2.2491825783423334,1.861068495121293,12500.0,0.0,3.0,1.5811388300841898,686.8,803.9674744664737
Accumulate + Select,126,1.0,0.0,27.96874895040147,17.638826232949132,5.805369991466539,7.697713565903831,11.443380882677273,15.115223833281531,0.10144394221884752,0.14466333848260846,2.0297692702230776,0.3499100352087751,0.6213814828373432,0.3700341191483173,0.19665775872154367,0.14005391644087808,2.2445455966604895,1.8583082331095893,12600.0,0.0,3.0,1.5811388300841898,686.8,803.9674744664737
Accumulate + Select,127,1.0,0.0,27.994663602844888,17.660333223686667,5.770144335387256,7.6522471596091135,11.396185288014687,14.96856711661421,0.1011818761877202,0.14325827666553698,2.0729163039276375,0.2849858524381549,0.6206140132151436,0.36966747324960697,0.19618125641622527,0.13980772688342016,2.2398034185140516,1.8554225023050337,12700.0,0.0,3.0,1.5811388300841898,686.8,803.9674744664737
Accumulate + Select,128,1.0,0.0,28.01940716449341,17.680404795313933,5.735511851330952,7.607829668773021,11.376202716201519,15.035424889179167,0.10115401091780377,0.1439051827914847,2.102159887531053,0.3037362359711018,0.619859974662425,0.3693014249189969,0.19571138415963374,0.13955961045027437,2.2350924419552163,1.8525536631295123,12800.0,0.0,3.0,1.5811388300841898,686.8,803.9674744664737
Accumulate + Select,129,1.0,0.0,28.043981783128977,17.70050374153317,5.70089916837153,7.56328634545319,11.652790604639947,15.522415179374901,0.10355540704128574,0.14852614950384765,2.035383891711057,0.34768387428491854,0.6191192536071364,0.3689356982357938,0.1952475456206983,0.13930822878971402,2.2303229703781664,1.849633261871589,12900.0,0.0,3.0,1.5811388300841898,686.8,803.9674744664737
Accumulate + Select,130,1.0,0.0,28.068566598175806,17.720957766741606,5.666218393939675,7.517911206341741,11.221726832883183,14.6785278147391,0.0996830315380951,0.1405385633864939,2.0998738957829124,0.2598793093800757,0.6183908030405961,0.36856527342797407,0.19478650441761625,0.13904729371799485,2.2255136914704785,1.8465702295399258,13000.0,0.0,3.0,1.5811388300841898,686.8,803.9674744664737
Accumulate + Select,131,1.0,0.0,28.094758977118357,17.7431402711616,5.632535380986503,7.474072012219481,11.091676399629181,14.514421387552867,0.09844373937363629,0.13893097122697357,2.10659434209475,0.2540792735648109,0.6176734620284596,0.3681982674278365,0.19433093667160398,0.13878370863645087,2.2208966725597117,1.8438792100785386,13100.0,0.0,3.0,1.5811388300841898,686.8,803.9674744664737
Accumulate + Select,132,1.0,0.0,28.120412686645075,17.76476681614883,5.599605249184204,7.431620081852584,11.002722880350722,14.576770377475901,0.09764465089623127,0.13944627241584875,2.0526313585387106,0.21990917228338985,0.6169581418975592,0.36784504518550826,0.19388370280024364,0.1385345335523418,2.2164619759044006,1.8413863494980072,13200.0,0.0,3.0,1.5811388300841898,686.8,803.9674744664737
Accumulate + Select,133,1.0,0.0,28.145068837621835,17.785773139188933,5.56708317350685,7.389503922335207,11.077312842995909,14.49973917188827,0.09833693826380542,0.13882404285563502,2.021268451621718,0.3036203503921389,0.6162460560867778,0.36750268954702103,0.1934437050550037,0.13829606055058338,2.2118529538016447,1.838880207509836,13300.0,0.0,3.0,1.5811388300841898,686.8,803.9674744664737
Accumulate + Select,134,1.0,0.0,28.169457582549434,17.806513503937285,5.534633636182383,7.347215410823659,11.11530375619515,14.808482246321653,0.09856232052209227,0.14161024602264724,2.059157423102548,0.2869038415403759,0.6155360719536846,0.3671582394447829,0.19300308381736175,0.13805108075580153,2.207289883905902,1.8361674132389512,13400.0,0.0,3.0,1.5811388300841898,686.8,803.9674744664737
Accumulate + Select,135,1.0,0.0,28.192546820636984,17.82529967101333,5.502353511914661,7.305197399241161,10.949908290990019,14.334780405510143,0.09723011047951406,0.13724670601297734,2.049664578096766,0.2718750734470064,0.6148333663743715,0.36681363404300843,0.19256371534868288,0.13779772418090228,2.202738642579267,1.8334258619531798,13500.0,0.0,3.0,1.5811388300841898,686.8,803.9674744664737
Accumulate + Select,136,1.0,0.0,28.215597836520764,17.84447897489507,5.470484104352499,7.26374530797524,10.922213502343665,14.629267888583048,0.0970287135343237,0.1399257724644681,2.1986528086399773,0.30706367403931645,0.6141366224307857,0.366473049099689,0.19212830765992744,0.13754425012394098,2.198141279546946,1.8307306394896985,13600.0,0.0,3.0,1.5811388300841898,686.8,803.9674744664737
Accumulate + Select,137,1.0,0.0,28.23977628348762,17.86588156891123,5.439590389507876,7.223793087780888,10.769081571028716,14.16667328750761,0.0956498698541649,0.13557175941361732,2.055514596258715,0.280774514776666,0.6134390602045167,0.366137131055813,0.19169437261428696,0.1372922291291775,2.1938221618442695,1.8285093947846651,13700.0,0.0,3.0,1.5811388300841898,686.8,803.9674744664737
Accumulate + Select,138,1.0,0.0,28.263007279169436,17.886168392876364,5.408820539265676,7.183850630929261,10.780327468940047,14.100331923117642,0.09560760887497942,0.1349753335915302,2.0910779174886462,0.3960395698561951,0.612739866584492,0.36580272995293284,0.19126114508895414,0.13704133500805096,2.189510757143025,1.826206960422768,13800.0,0.0,3.0,1.5811388300841898,686.8,803.9674744664737
Accumulate + Select,139,1.0,0.0,28.284296148660747,17.904086852521786,5.3780648663885255,7.143685795372038,10.62421400074853,13.874764648960026,0.09430486323165127,0.13286368496990086,2.0564191437959023,0.27023058158132734,0.6120290394658195,0.3654618675502273,0.19081999495912189,0.13678185902510126,2.1848909719118743,1.8235182975594546,13900.0,0.0,3.0,1.5811388300841898,686.8,803.9674744664737
Accumulate + Select,140,1.0,0.0,28.307146283446123,17.92363078193427,5.347949825351984,7.104221839815414,10.908109973750921,14.621530965772653,0.09685955617582975,0.13983708975972,2.067278021939071,0.3201959937793207,0.611315635169873,0.3651218859723767,0.19037708487833854,0.13651773495632785,2.1806271210588632,1.8212330992070147,14000.0,0.0,3.0,1.5811388300841898,686.8,803.9674744664737
Accumulate + Select,141,1.0,0.0,28.329763361053107,17.94315095864711,5.31845503972598,7.065521090982964,10.643866702647902,14.16066989048472,0.0943557526317536,0.1354441913656023,2.1408158090072926,0.30467447199295283,0.6105874811209885,0.3647798467003605,0.18992711600695636,0.13625016733803236,2.176516505105321,1.8191098524628049,14100.0,0.0,3.0,1.5811388300841898,686.8,803.9674744664737
Accumulate + Select,142,1.0,0.0,28.35110881966196,17.960817974140816,5.288876333625408,7.0263307572714435,10.24979233202687,13.349767729827292,0.0907130305017533,0.1278159408943759,2.1260091759426656,0.24898325721544537,0.6098601898424096,0.364443807568534,0.189481007161813,0.1359882356747911,2.172071930149049,1.8166291142456183,14200.0,0.0,3.0,1.5811388300841898,686.8,803.9674744664737
Accumulate + Select,143,1.0,0.0,28.372723518104557,17.979126333320497,5.2593880967502065,6.987554579511687,10.070726139916369,13.096976174522077,0.08922094766270819,0.12537482773910177,2.1182885767563655,0.27656584462992445,0.6091233108924392,0.3641060527949693,0.1890308450646653,0.1357246276779481,2.1677499306416594,1.8142139362693985,14300.0,0.0,3.0,1.5811388300841898,686.8,803.9674744664737
Accumulate + Select,144,1.0,0.0,28.39414978942719,17.997759185780406,5.230438400771453,6.949723250798014,10.39844531841705,13.883530134717521,0.0923796154221854,0.1327753485926437,2.1494375204888194,0.255818020102173,0.6083803294647347,0.3637693256267149,0.18857825563806352,0.1354587708164871,2.163513242525252,1.8118793635142842,14400.0,0.0,3.0,1.5811388300841898,686.8,803.9674744664737
Accumulate + Select,145,1.0,0.0,28.415542058889873,18.01618735455825,5.202210560151057,6.9130510154318365,10.55434335081571,13.98351671522891,0.09359867897965433,0.13378851842868475,2.0705584979034,0.22694801662304426,0.6076372306203348,0.3634426947609057,0.18813265475163415,0.13520794022152063,2.1593576352196306,1.8096680490993133,14500.0,0.0,3.0,1.5811388300841898,686.8,803.9674744664737
Accumulate + Select,146,1.0,0.0,28.435965370953834,18.034104791089266,5.173522168759678,6.875180225541261,10.384401644673224,13.704184880000469,0.09197499218661256,0.131131919673462,2.1190632530860336,0.2540302009921716,0.6069041075257126,0.3631329089158272,0.18770087500848218,0.1349774002163978,2.1549431040325553,1.8071110272368953,14600.0,0.0,3.0,1.5811388300841898,686.8,803.9674744664737
Accumulate + Select,147,1.0,0.0,28.457370203532605,18.052664020000194,5.145696739358991,6.838341967370374,10.23611626456504,13.665241274446826,0.09084155748665979,0.1307057879644703,2.0879799204119687,0.3032616133648936,0.6061718019172079,0.3628261212824391,0.1872710773347887,0.13474823716839357,2.1507759811423313,1.8048855947469933,14700.0,0.0,3.0,1.5811388300841898,686.8,803.9674744664737
Accumulate + Select,148,1.0,0.0,28.4777083116709,18.070249994587407,5.118179900164431,6.8021484930645215,10.372337390176936,13.866920093326659,0.09209281868344296,0.13260081560833342,2.1011150129959106,0.2418986643051371,0.6054361864228026,0.3625181718372504,0.18683908153867926,0.1345146466315972,2.146601235241082,1.802643543289832,14800.0,0.0,3.0,1.5811388300841898,686.8,803.9674744664737
Accumulate + Select,149,1.0,0.0,28.49850227535532,18.08840850422259,5.091000029073952,6.766576645851446,10.038970199051018,13.203388429425145,0.08904203618299031,0.12637173362583615,2.023512360589222,0.22132348671112287,0.6047028893673521,0.36220739366065097,0.1864070458408125,0.13427599177740357,2.142573209027816,1.8005715194582015,14900.0,0.0,3.0,1.5811388300841898,686.8,803.9674744664737
Accumulate + Select,150,1.0,0.0,28.519453716673144,18.10696391283756,5.064281791785731,6.731596693432078,10.251574005019213,13.898852201641201,0.09096305905963338,0.13285304872543724,2.1525907225172234,0.29990126357734337,0.6039771741165825,0.36190278319302804,0.1859814598150829,0.1340422616173307,2.138634472173262,1.7986225476345499,15000.0,0.0,3.0,1.5811388300841898,686.8,803.9674744664737
Accumulate + Select,151,1.0,0.0,28.539808120368455,18.12459663946849,5.0376691697830305,6.697200543163362,10.24157825337495,13.770935114089491,0.09088840493475998,0.13165895742069045,2.1155685689204846,0.2887253997297232,0.6032602430721897,0.361603361512975,0.1855631895927461,0.13381481412347065,2.134658632163238,1.796567665685487,15100.0,0.0,3.0,1.5811388300841898,686.8,803.9674744664737
Accumulate + Select,152,1.0,0.0,28.560526438994252,18.142945155547437,5.011324803659769,6.66255826843406,9.881853463528879,13.07205327743121,0.0874835837797174,0.12503826006176424,2.085292428833399,0.24021753096277,0.6025407364202859,0.361300712876687,0.18514194400250233,0.13358021850123888,2.1307194924145882,1.7945446969011796,15200.0,0.0,3.0,1.5811388300841898,686.8,803.9674744664737
Accumulate + Select,153,1.0,0.0,28.58084361348214,18.160977406378258,4.985418684571249,6.628561059582471,10.3166247582822,13.911754781052183,0.09166783973817652,0.1330059721730468,2.1542188424970634,0.2833808348352705,0.6018189636160232,0.3609919780523808,0.18471551773828848,0.13333214447244554,2.1268294316777583,1.7926437034629727,15300.0,0.0,3.0,1.5811388300841898,686.8,803.9674744664737
Accumulate + Select,154,1.0,0.0,28.60005811206467,18.177843628039188,4.959358249047614,6.594204131005369,9.667557877849767,12.54520460834691,0.08564620789211205,0.12009686602074456,2.1223376202045947,0.2868995065701691,0.601092882393834,0.36068649786260826,0.18429010835236526,0.13308929332033825,2.1228648921785718,1.7907120155380107,15400.0,0.0,3.0,1.5811388300841898,686.8,803.9674744664737
Accumulate + Select,155,1.0,0.0,28.62013094549073,18.195624913075854,4.934071455771799,6.560968206258628,9.66414400367604,12.605619370900262,0.08554336919411469,0.12066193970858707,2.1255254295300707,0.27589908621506337,0.6003641430205441,0.3603835145258317,0.18386663846882062,0.13285247527213787,2.1191835956650538,1.7888739742864808,15500.0,0.0,3.0,1.5811388300841898,686.8,803.9674744664737
Accumulate + Select,156,1.0,0.0,28.6395940045903,18.212775922289296,4.908589416495799,6.5275603957131345,9.622819424904879,12.809034148250381,0.08534872038343173,0.12250982242269823,2.0221487429176324,0.30420094313053375,0.5996517945625763,0.3600862347793488,0.18345337542651788,0.13262071335208536,2.115380380892723,1.7870450270010063,15600.0,0.0,3.0,1.5811388300841898,686.8,803.9674744664737
Accumulate + Select,157,1.0,0.0,28.658036899668485,18.228697204444572,4.883214464450933,6.494283532901457,9.81230910683347,13.220493880912658,0.08697999998516959,0.1263679678491273,2.1066483198362267,0.26217919624139846,0.5989491917658871,0.35979282527821466,0.18304563607941615,0.1323892871976197,2.111511161853495,1.785075746513767,15700.0,0.0,3.0,1.5811388300841898,686.8,803.9674744664737
Accumulate + Select,158,1.0,0.0,28.676276188767638,18.24496084262637,4.85791212118386,6.460626290202984,9.888668797684941,13.08117424704646,0.08777341454287943,0.12517261607581906,2.138606789750624,0.2845690458193301,0.5982343576455901,0.35949107578914496,0.18262982738228897,0.13214925934536614,2.1076631490317648,1.783072145246879,15800.0,0.0,3.0,1.5811388300841898,686.8,803.9674744664737
Accumulate + Select,159,1.0,0.0,28.695148070422096,18.261657939946094,4.833278461095786,6.428029857818559,9.737086873526515,12.975096890629134,0.0863631903347155,0.12407244988225725,2.1749049495369586,0.25636550554274085,0.5975208045062097,0.35918484435704995,0.18221207108433227,0.13190020177735068,2.1040395444991353,1.781336171034749,15900.0,0.0,3.0,1.5811388300841898,686.8,803.9674744664737
Accumulate + Select,160,1.0,0.0,28.713708694163067,18.277861778472975,4.808991932879262,6.396055639794597,9.602579974763504,12.820078175893697,0.08515443913489305,0.12258986116686514,2.0998884002315044,0.199431493941837,0.5968047570605463,0.35887039996872344,0.18178802066107744,0.13163474906629274,2.10052032738405,1.7796713987035933,16000.0,0.0,3.0,1.5811388300841898,686.8,803.9674744664737
Accumulate + Select,161,1.0,0.0,28.73207937639769,18.294077669245294,4.785291367652021,6.364953879581821,9.602897607683246,12.768215330232799,0.08528180936868604,0.12212554210506574,2.1078174155820433,0.3449168957795024,0.5960813374849833,0.35854520727462114,0.18135517144437596,0.13135217128125726,2.0972253474564155,1.7782813273562807,16100.0,0.0,3.0,1.5811388300841898,686.8,803.9674744664737
Accumulate + Select,162,1.0,0.0,28.749646912309373,18.309756522119173,4.761570494763914,6.333350106238182,9.404522276874507,12.53664079333362,0.08334709651112172,0.1199018444706365,2.0801715479608194,0.24562168836522646,0.5953609197775547,0.358225777604005,0.18092772725747508,0.13107779797939972,2.0938431829701893,1.7767664292389211,16200.0,0.0,3.0,1.5811388300841898,686.8,803.9674744664737
Accumulate + Select,163,1.0,0.0,28.76772887405061,18.325578068527843,4.738086762600328,6.302419998400024,9.349630407096571,12.301350633327232,0.08292123416581396,0.11770456204337765,2.0978982353404474,0.18374203732670802,0.5946365763978556,0.35790512722638546,0.1804983042490385,0.13080003943161356,2.0905764405607683,1.775330708196633,16300.0,0.0,3.0,1.5811388300841898,686.8,803.9674744664737
Accumulate + Select,164,1.0,0.0,28.786085061449107,18.341982509403593,4.714796426864875,6.271330370425509,9.371728871872133,12.314924898357953,0.082978541105866,0.11783358412657916,2.099158720197292,0.24600553546980033,0.5939058828658611,0.35757768036241955,0.1800625915162594,0.13051017989493843,2.08732726333726,1.774025157237018,16400.0,0.0,3.0,1.5811388300841898,686.8,803.9674744664737
Accumulate + Select,165,1.0,0.0,28.802884641704527,18.357333094265336,4.691760344136722,6.240769664014839,9.436992076101834,12.546984713680231,0.08371711795335987,0.12001859050841807,2.109607756607691,0.31893570605180005,0.5931784166763272,0.3572483743360652,0.17962821123091346,0.1302176110760021,2.0840767788817534,1.7727013045473774,16500.0,0.0,3.0,1.5811388300841898,686.8,803.9674744664737
Accumulate + Select,166,1.0,0.0,28.82085249184278,18.373416827839495,4.668582309043427,6.209641094415933,9.455294335234218,12.72628264908838,0.08394867013746315,0.12166531881763977,2.1753367513771082,0.32959218024261516,0.5924581611894275,0.356921521068762,0.17919868581489,0.1299268592755759,2.0808602975219044,1.7713725040760593,16600.0,0.0,3.0,1.5811388300841898,686.8,803.9674744664737
Accumulate + Select,167,1.0,0.0,28.837714534035918,18.388506762316503,4.645832682887335,6.17963436615864,9.622675937917029,12.882192578817873,0.08533467899345316,0.12316930387573227,2.079423338573431,0.3524068287349015,0.5917269211490931,0.35658504636322313,0.1787583370729573,0.12961652527843298,2.0777720049146278,1.7701493392470722,16700.0,0.0,3.0,1.5811388300841898,686.8,803.9674744664737
Accumulate + Select,168,1.0,0.0,28.854744326106907,18.403998102252785,4.623411832400896,6.149868134346189,9.362245944373822,12.582593828926461,0.08300341346254976,0.12024789023435241,2.137855270161652,0.28882968736999426,0.5909995266153046,0.3562455432050964,0.17831823131801072,0.12929940256489617,2.0746857488259414,1.7690826690131594,16800.0,0.0,3.0,1.5811388300841898,686.8,803.9674744664737
Accumulate + Select,169,1.0,0.0,28.87182927999702,18.419744181891005,4.601281429095552,6.120341174581691,9.345500161691337,12.562190931128422,0.08297134890300142,0.1200744721189704,2.147112702202872,0.230696597267053,0.5902856243445737,0.35590758728356087,0.17788404160158205,0.12897912954650198,2.071713613321588,1.768155198501997,16900.0,0.0,3.0,1.5811388300841898,686.8,803.9674744664737
Accumulate + Select,170,1.0,0.0,28.887504167418882,18.433908126310627,4.5793410950951525,6.091048909865262,8.999603101886382,11.782452940894139,0.07969955053754588,0.11274586453815298,2.1543639936133134,0.27732358593990736,0.5895740956254013,0.3555654255308558,0.1774484668774099,0.12864920056644893,2.0687201352524003,1.7671433978188529,17000.0,0.0,3.0,1.5811388300841898,686.8,803.9674744664737
Accumulate + Select,171,1.0,0.0,28.903164631438347,18.447967726590324,4.5576672118551205,6.062349052582237,8.919524985395864,11.594477937124731,0.07898028651515995,0.11098789598177412,2.117810216455409,0.2735564699312003,0.5888644278912784,0.3552222880570751,0.17701404541249968,0.1283174318888889,2.065833282943438,1.766208843278947,17100.0,0.0,3.0,1.5811388300841898,686.8,803.9674744664737
Accumulate + Select,172,1.0,0.0,28.91897830110084,18.462420892049803,4.536039991644374,6.033371279789961,9.068125672413949,12.015685877049297,0.08041406122604292,0.11494365092843065,2.1336674309920776,0.38056475969178466,0.5881495322827419,0.3548730289550642,0.17657624058952004,0.12798032017841748,2.0629250913315693,1.7652129685598805,17200.0,0.0,3.0,1.5811388300841898,686.8,803.9674744664737
Accumulate + Select,173,1.0,0.0,28.934920274554827,18.47711767555129,4.514603689108641,6.004979261562806,9.066692040638445,12.082232497793642,0.0802971709026284,0.11553029829538876,2.1852779468157864,0.3185973044142238,0.5874308479821969,0.3545210847756389,0.1761356331631148,0.1276367639870975,2.060118367702713,1.7643660937213368,17300.0,0.0,3.0,1.5811388300841898,686.8,803.9674744664737
Accumulate + Select,174,1.0,0.0,28.950537597854435,18.49157475858429,4.493393447733091,5.976623241111629,8.646100311421304,11.273630892451221,0.0763553055265099,0.10784958007238228,2.1493354957292814,0.3271725511460798,0.5867180803641586,0.3541678500898146,0.17569675797280704,0.1272876484925423,2.0572891595465626,1.7635261863373324,17400.0,0.0,3.0,1.5811388300841898,686.8,803.9674744664737
Accumulate + Select,175,1.0,0.0,28.966624226346674,18.50632160805497,4.472414311683808,5.948932635508715,9.046810827579074,12.308224680344777,0.08030525100785321,0.1175754402267291,2.180930515734304,0.4047656573474487,0.5860125482838499,0.3538081188668906,0.17525865595002973,0.12692944245248095,2.0546562000881834,1.762852283130487,17500.0,0.0,3.0,1.5811388300841898,686.8,803.9674744664737
Accumulate + Select,176,1.0,0.0,28.982443870940653,18.520739592765697,4.451773858173022,5.9212610457298664,8.80029934139009,11.671457616796918,0.07798910388463828,0.1116009806132173,2.090583594486229,0.22782990845451637,0.5853117969162936,0.35344924479568907,0.17482441372150287,0.12657351782768733,2.0520059039778724,1.7621655750021386,17600.0,0.0,3.0,1.5811388300841898,686.8,803.9674744664737
Accumulate + Select,177,1.0,0.0,28.99674607236134,18.534052694877154,4.430953935280747,5.893573231176543,8.9585381721289,11.974087749307907,0.07940006767073039,0.1145201474808432,2.158080981748692,0.2654796037163173,0.584615305773012,0.35309048043612407,0.17439329783532193,0.1262184757612494,2.0491686914798133,1.7613596611568503,17700.0,0.0,3.0,1.5811388300841898,686.8,803.9674744664737
Accumulate + Select,178,1.0,0.0,29.011876436745887,18.54788999130584,4.410283610096429,5.865814156933289,8.590924033144855,11.149351078226886,0.07602453917105173,0.10672790569491841,2.1090269274028297,0.3121317262027461,0.5839261492626748,0.3527346416838552,0.17396830627328183,0.12586921981180058,2.0464564622101755,1.7605741536683246,17800.0,0.0,3.0,1.5811388300841898,686.8,803.9674744664737
Accumulate + Select,179,1.0,0.0,29.025615991882226,18.56020055826564,4.390084415540995,5.838572358629897,8.585212418953207,11.384364893022209,0.07584095474718586,0.10886129095861614,2.144433675209267,0.2665459661028637,0.5832362951695795,0.35237614310677995,0.17354265250763176,0.12551615106202782,2.0436935401416587,1.759762105159037,17900.0,0.0,3.0,1.5811388300841898,686.8,803.9674744664737
Accumulate + Select,180,1.0,0.0,29.040570693458324,18.57414445194174,4.370165143881016,5.812018336907452,8.75264859746039,11.573889222900336,0.07751486704692087,0.1106944791607878,2.134030639625172,0.3282749150819291,0.5825457828476773,0.3520148154520618,0.17311719232875977,0.12516204986136575,2.0411282480907498,1.759197780793597,18000.0,0.0,3.0,1.5811388300841898,686.8,803.9674744664737
Accumulate + Select,181,1.0,0.0,29.055890837901153,18.58818405271729,4.350119614508659,5.785333681476818,8.768520165106214,11.62144369269708,0.07778723285565696,0.11113548848897178,2.059076345113523,0.22976015078291742,0.5818560993740763,0.35165685789219725,0.17269450260010513,0.1248117081784473,2.0385871708788077,1.7586722484393718,18100.0,0.0,3.0,1.5811388300841898,686.8,803.9674744664737
Accumulate + Select,182,1.0,0.0,29.070402245542994,18.601262456386134,4.330383412674872,5.758966498590896,8.588399694349842,11.418849448073981,0.07626507977308557,0.10918919853634848,2.107860087348084,0.323818828747033,0.5811643933439546,0.3512937908822769,0.1722699962132255,0.12445617074427204,2.03601877841629,1.7579892102583086,18200.0,0.0,3.0,1.5811388300841898,686.8,803.9674744664737
Accumulate + Select,183,1.0,0.0,29.085442432723177,18.614889165807377,4.310878755796929,5.73277299777111,8.569791253915362,11.353507016720934,0.07582541786041327,0.10858692816287402,2.1819131011305157,0.29305072074604316,0.5804698949293455,0.35092401836248704,0.17184369003693503,0.1240969239782286,2.0335297302073836,1.7574209792427882,18300.0,0.0,3.0,1.5811388300841898,686.8,803.9674744664737
Accumulate + Select,184,1.0,0.0,29.100664591553283,18.62895609476825,4.2916205540805015,5.707012573737713,8.294254045587616,10.813998833223295,0.07332690083563377,0.10345740092633053,2.0338779388394324,0.3333672232174122,0.5797677244448566,0.35055035681077695,0.17141390184242522,0.12373430811125272,2.031150975020041,1.7570097565026284,18400.0,0.0,3.0,1.5811388300841898,686.8,803.9674744664737
Accumulate + Select,185,1.0,0.0,29.114611105741165,18.641904760540076,4.272427682846002,5.68130046971706,8.686233585911827,11.565201880016875,0.07709558115277837,0.11057372385072511,2.147647233896246,0.18910662008184803,0.579071445171065,0.35017631699741086,0.17098702742450506,0.12336985481245348,2.028656485464651,1.7564178129829227,18500.0,0.0,3.0,1.5811388300841898,686.8,803.9674744664737
Accumulate + Select,186,1.0,0.0,29.127652206262884,18.653882824704763,4.2534132309803585,5.655580486570667,8.519257628777218,11.278975848885617,0.0753421727470964,0.10787421522545439,2.1359623109170283,0.2517672434047114,0.5783850539062698,0.3498061072734864,0.17056753683215833,0.1230119799073245,2.0261232944937673,1.7557198124211464,18600.0,0.0,3.0,1.5811388300841898,686.8,803.9674744664737
Accumulate + Select,187,1.0,0.0,29.14204332983719,18.667194584657206,4.234523655693449,5.630327510213259,8.369315327133682,11.020724171647649,0.07397084628498347,0.10541637194299655,2.1509474651856273,0.2591416590775798,0.5777027562041245,0.3494333458679487,0.1701495223245453,0.12265065044269331,2.0237072908181495,1.7551482670452434,18700.0,0.0,3.0,1.5811388300841898,686.8,803.9674744664737
Accumulate + Select,188,1.0,0.0,29.155784977370388,18.68001329622,4.215944104324595,5.605489187610014,8.353804423890244,11.146853475102242,0.07399791844396014,0.10653383102499994,2.1418067431797003,0.22781766987791008,0.5770229362918092,0.34905943849488513,0.1697332855280528,0.12228879687264582,2.02142014324695,1.7547456637982712,18800.0,0.0,3.0,1.5811388300841898,686.8,803.9674744664737
Accumulate + Select,189,1.0,0.0,29.16889354193973,18.692020194554104,4.197328946135734,5.580478153366326,8.334755360896128,10.98088528093522,0.07372310366570264,0.10501320487165446,2.1072106689599606,0.2857570025537249,0.57633897524937,0.3486807892388011,0.16931528333022833,0.12192463673046874,2.0190484318912794,1.754273559800667,18900.0,0.0,3.0,1.5811388300841898,686.8,803.9674744664737
Accumulate + Select,190,1.0,0.0,29.182107571852015,18.70416604691578,4.178885297553839,5.555755901911328,8.395309447619432,11.190131213780825,0.07424584652019048,0.1069543042344971,2.0735654796716387,0.26255419773674127,0.57564201341769,0.3482951445498901,0.16889154492759745,0.12155761386136425,2.016744237612581,1.7537456947796608,19000.0,0.0,3.0,1.5811388300841898,686.8,803.9674744664737
Accumulate + Select,191,1.0,0.0,29.19539167830747,18.71624659568851,4.160539582105246,5.531021883731755,8.2454517539042,10.999077054704673,0.07290473567036902,0.10511125395926588,2.2138659453524108,0.31397865738748754,0.5749484952278425,0.3479147340660082,0.16847311814514537,0.12119908625659163,2.0144147174025395,1.7532436432013423,19100.0,0.0,3.0,1.5811388300841898,686.8,803.9674744664737
Accumulate + Select,192,1.0,0.0,29.20928726623643,18.729235170846955,4.142770846408992,5.507232831863644,8.04489482360065,10.658030371968138,0.0710852635144526,0.10189331771007826,2.132173663958163,0.21949724762851114,0.5742564463827102,0.34753064039572423,0.1680553389306208,0.12083826767350772,2.012341888914264,1.7529677291801449,19200.0,0.0,3.0,1.5811388300841898,686.8,803.9674744664737
Accumulate + Select,193,1.0,0.0,29.22235930418279,18.74167869027438,4.124933654003046,5.483328140365556,8.117772282244598,10.7293389813433,0.07174283625684894,0.10260555133499046,2.1565247802269165,0.31254393473742004,0.5735579297335722,0.3471427221019897,0.1676352694922082,0.12047627498398032,2.010204115905668,1.7526092207323891,19300.0,0.0,3.0,1.5811388300841898,686.8,803.9674744664737
Accumulate + Select,194,1.0,0.0,29.235626577229773,18.753859952808646,4.107307923206969,5.459772076951632,7.9997373599227455,10.543878771358413,0.07068400251072737,0.1008254899112119,2.1047913088442867,0.2617841752095309,0.5728618598347305,0.3467545772297486,0.16721703265661433,0.12011373152024497,2.008098413039245,1.7522591941178,19400.0,0.0,3.0,1.5811388300841898,686.8,803.9674744664737
Accumulate + Select,195,1.0,0.0,29.24907076416671,18.766545010248038,4.089694198025982,5.436227787844751,7.833205351596602,10.081146703315707,0.06929833101295162,0.09651738503554247,2.1121217445606115,0.215726551320216,0.5721694502509461,0.34636664353081487,0.1668017177885993,0.1197526375660533,2.0059544717909428,1.7518632197670343,19500.0,0.0,3.0,1.5811388300841898,686.8,803.9674744664737
Accumulate + Select,196,1.0,0.0,29.263102013311386,18.779587354859178,4.072623946114604,5.413265599898899,8.11489297817348,10.754396273261756,0.07179013651191095,0.10282825109739335,2.1711711173634183,0.29395245063518993,0.5714797096963586,0.34597780150976704,0.16638864218981814,0.11939237368387146,2.0039675704103272,1.7517187189161312,19600.0,0.0,3.0,1.5811388300841898,686.8,803.9674744664737
Accumulate + Select,197,1.0,0.0,29.275717231738792,18.791192203754306,4.055240202277445,5.389895104126733,7.957101229854139,10.400892936259368,0.07054409431484457,0.0995222464794148,2.0722624459971786,0.2898799559074728,0.5707955084864846,0.34559507010633056,0.16598157903279476,0.11904028532118119,2.0017979095784555,1.7512307872970496,19700.0,0.0,3.0,1.5811388300841898,686.8,803.9674744664737
Accumulate + Select,198,1.0,0.0,29.28874851739038,18.803671273677754,4.038190093338921,5.367150057510308,8.114983400100376,10.874016189033973,0.07196939307205162,0.1039379150644382,2.123017549138603,0.25901780822867326,0.5701167148969267,0.34521260459543635,0.16557777271000204,0.1186885281240327,1.999723675494162,1.7508934473719284,19800.0,0.0,3.0,1.5811388300841898,686.8,803.9674744664737
Accumulate + Select,199,1.0,0.0,29.3006626795329,18.81450933632111,4.021218778611,5.343986125406723,8.090792541704541,10.762391004117259,0.07156487917433771,0.10286494490547242,2.099197101400164,0.28346145805353506,0.5694343539034872,0.34482781767268317,0.16517357226948787,0.11833784037918339,1.9975206482739563,1.7504363360445243,19900.0,0.0,3.0,1.5811388300841898,686.8,803.9674744664737
Accumulate + Select,200,1.0,0.0,29.313309268856074,18.826192645572828,4.004327530018545,5.321331217087739,7.791093039528354,10.030969537094814,0.06903315337040218,0.09601282813002426,2.1209053670047693,0.24368913664800795,0.5687504954783134,0.34443960758969994,0.16476889226813546,0.11798520050537774,1.995409538397876,1.750088372087783,20000.0,0.0,3.0,1.5811388300841898,686.8,803.9674744664737
Replace,0,0.0,0.0,0.2915999999997966,6.822220551967122e-14,62.77201873058,15.215228969247487,125.74077333381751,30.773986183595323,0.9979128973773745,0.017460515190752413,0.06942854890279967,0.009260218948994424,0.7219280948873623,0.0,0.2,0.0,1.7999999999993719,2.1047292916485777e-13,,,3.0,1.5811388300841898,686.8,803.9674744664737
Replace,1,0.0,0.0,0.6385137810937348,0.17219455353137514,63.01460916833112,14.74775923007224,126.05784042638538,28.42142409839992,1.003982615911665,0.04204123156499713,0.20335234096298138,0.01720002966384888,0.651465363249667,0.02373566012454361,0.16747386263645192,0.010115177622783147,3.1645550579152357,0.8513619536514723,,,3.0,1.5811388300841898,686.8,803.9674744664737
Replace,2,0.0,0.0,1.7539334258532928,0.26826012117733433,64.0014991009895,13.843595809005569,127.64142730471058,26.594522796234294,1.0201563452956985,0.047042667409334375,0.36355661358942126,0.02391591702605861,0.6715816786728359,0.0856062009816426,0.17881010902008157,0.03849875534825809,4.818971195056895,1.1583281277864248,,,3.0,1.5811388300841898,686.8,803.9674744664737
Replace,3,0.0,0.0,2.868383648585449,0.8319799380218541,63.007506795438246,12.030247818655862,126.30814361118374,25.91056752126389,1.0099547778138096,0.045710632827332315,0.43746201773389626,0.06733902617873286,0.711279379816548,0.11175944694592711,0.1996074236597533,0.05061635843437401,5.012262721383399,1.1160210075632926,,,3.0,1.5811388300841898,686.8,803.9674744664737
Replace,4,0.0,0.0,3.1887837392919387,1.5356526473551448,64.83825029626188,14.268160725416644,130.10423630975697,27.875897255153205,1.044715788203818,0.12324690322639294,0.49234531186697483,0.10771865067487475,0.7072539656861282,0.13859840896621317,0.19972753326732282,0.05936387104232972,5.217682892065748,1.313259767865345,,,3.0,1.5811388300841898,686.8,803.9674744664737
Replace,5,0.0,0.0,5.119363190804489,3.3750287398194057,70.46805594909503,22.21942461638853,140.35987944603335,43.990244716868716,1.1117930322142375,0.169415231255768,0.6242486337454634,0.2046608457344745,0.7123093274986736,0.12001153947803674,0.20193401234115482,0.061358980928018905,5.664763573517055,2.7319940991241336,,,3.0,1.5811388300841898,686.8,803.9674744664737
Replace,6,0.0,0.0,5.311961814365684,2.691462437885894,70.96067676052941,21.089268864709855,143.5652590681845,42.05388943918829,1.1381013616751494,0.13976220803177064,0.6194785093148647,0.13726320623014998,0.6487001061026436,0.19467687579852155,0.17799580004582422,0.07854813989144806,5.949018335833767,3.189308351857255,,,3.0,1.5811388300841898,686.8,803.9674744664737
Replace,7,0.0,0.0,6.20652338733597,3.787839829079327,70.17160929521623,18.405108325045834,139.74853651944187,37.10965996845479,1.1219789291766424,0.19925038889925897,0.6873967102369848,0.1531299214142218,0.6473155078076334,0.15157567328559274,0.1739998892322255,0.0702140172496994,6.521895039462175,3.47213239611923,,,3.0,1.5811388300841898,686.8,803.9674744664737
Replace,8,0.0,0.0,7.012488490531764,4.2459859107396305,66.28418113032455,25.535560696158377,132.95330418616004,51.44130748241615,1.035670070135921,0.15653867982698091,0.7666610829986193,0.12270785677120828,0.6469993399857306,0.18269486743413632,0.1759999555158686,0.07503332210408174,7.637163358306447,4.447452965301116,,,3.0,1.5811388300841898,686.8,803.9674744664737
Replace,9,0.0,0.0,8.536725892366627,6.47598166732699,66.26032807891522,28.9344704510933,134.45354872045118,57.943406111714644,1.0329421543953912,0.19933947010525135,0.8115263684024722,0.17573664799927052,0.5706475604705712,0.1862806197729591,0.14399999983909342,0.06985699676874287,7.749206299435467,3.8200459111330973,,,3.0,1.5811388300841898,686.8,803.9674744664737
Replace,10,0.0,0.0,10.392023755194494,6.593697719035542,67.34894322962349,28.753975770976982,136.2291728203854,59.4043572974099,1.047844284445136,0.20983552407375997,0.8813522090017759,0.14410112569430408,0.5846980145152468,0.21140545110003206,0.15599999982144352,0.09864076235621073,8.30346609665765,4.075497562032811,,,3.0,1.5811388300841898,686.8,803.9674744664737
Replace,11,0.0,0.0,11.937209615550433,7.322869540185523,66.19156086486439,32.656985239698535,132.9961569877886,66.0645555303503,1.0099726233049977,0.29577810341689253,0.972670223649992,0.28985423669674104,0.6062320712129494,0.28165002212998297,0.17399999998490043,0.11760102039795843,8.33555868138762,3.2082861363193125,,,3.0,1.5811388300841898,686.8,803.9674744664737
Replace,12,0.0,0.0,10.124218479515228,4.9742007729735045,65.78916179434796,37.31629987469254,130.6187554576638,73.83848263307196,0.9796390722044761,0.33273326826767835,0.9519997067855493,0.17885653500624613,0.6042698288646625,0.33322094909992345,0.18599999999955408,0.14345731072345766,7.911427062059213,2.902535283805489,,,3.0,1.5811388300841898,686.8,803.9674744664737
Replace,13,0.0,0.0,10.326678489388367,5.242397715569861,64.44128689647599,34.876633443751224,127.34762661118421,68.96947278059292,0.961638876424144,0.3270254873112311,0.9543656784702688,0.1677333271193163,0.5669498717646372,0.3039914200451782,0.16399999999999829,0.13277801022759791,7.68756869149126,2.9266791460194357,,,3.0,1.5811388300841898,686.8,803.9674744664737
Replace,14,0.0,0.0,11.505411205388233,4.5712746705824765,66.51356929414177,35.33849710630861,132.00561091105004,69.59878393489068,1.0008536357773516,0.36688737815403977,1.018069740537193,0.2728129819902561,0.4957065041207115,0.34642428895102295,0.15200000000000002,0.16709278859364335,8.111070543878666,2.9962172201550348,,,3.0,1.5811388300841898,686.8,803.9674744664737
Replace,15,0.0,0.0,10.292891645485357,4.491717691494655,64.99256089522677,33.23215645134809,130.1632171373647,67.72697469938599,0.9892778167956189,0.3485720568949763,0.9449672464895389,0.2005976677877204,0.4486831841907642,0.36835294834030036,0.146,0.18716303053755032,6.799127293064856,2.3303733127521076,,,3.0,1.5811388300841898,686.8,803.9674744664737
Replace,16,0.0,0.0,9.710910048343738,5.296533779937737,66.3719578856812,36.91104276156478,134.03301067249186,75.31721117629681,1.0061348943679298,0.3755040314847295,0.9455046171622744,0.23087874752662524,0.44568432654404333,0.37684179939609797,0.15,0.19697715603592209,6.804482681332144,2.2696058432487973,,,3.0,1.5811388300841898,686.8,803.9674744664737
Replace,17,0.0,0.0,9.479598313202269,6.599486302775058,64.07079179587643,35.97829958536892,126.93130831909448,70.44347268076123,0.9495895158206127,0.3250091884736747,0.8700886184930592,0.21942931012620484,0.4542560908653961,0.37300280901945665,0.152,0.19537144110642168,6.914185168514953,2.345920528141444,,,3.0,1.5811388300841898,686.8,803.9674744664737
Replace,18,0.0,0.0,10.605487244988598,5.225053975157422,60.56859130394523,37.048696540765356,120.05492721169927,72.09879305825832,0.8903328768959134,0.3295061284807627,0.9548533558417001,0.16112653062399648,0.4172097928165261,0.3855466973359503,0.12800000000000003,0.16361540269791228,7.594072244157294,2.8112939450675953,,,3.0,1.5811388300841898,686.8,803.9674744664737
Replace,19,0.0,0.0,11.761404380836124,5.093586636896656,60.6882442207842,39.06815310731569,122.00957259589207,77.90022555804387,0.8971447670182908,0.3771277712162581,0.9819707422908696,0.1568044346814092,0.3862362288060408,0.4159588048257283,0.11800000000000002,0.15319921670818032,7.969745882826045,3.8330792484165115,,,3.0,1.5811388300841898,686.8,803.9674744664737
Replace,20,0.0,0.0,15.369705534584634,5.033336745649589,64.92987328925668,48.06704071072407,130.17186135741144,96.60381238186336,0.9433212864272846,0.48026494587740787,1.1659716521320302,0.26367800618812076,0.330469967660426,0.40604700415802,0.10400000000000001,0.16071714283174648,7.97969735622924,4.465158425176365,,,3.0,1.5811388300841898,686.8,803.9674744664737
Replace,21,0.0,0.0,15.731703755091953,4.249248567254546,59.49063477180162,37.03734770275932,119.68309590233632,74.54334304472164,0.8843647946092255,0.3673441100864549,1.1466733952816228,0.13543308418065483,0.3097721908280638,0.4103237545226571,0.10200000000000002,0.17064583206161232,7.561923406886743,3.5220046498847,,,3.0,1.5811388300841898,686.8,803.9674744664737
Replace,22,0.0,0.0,15.44648604980667,3.256149581035665,61.62874609916563,38.21189415387947,122.31555083145147,74.55011738768202,0.9039972421964582,0.37240574085788175,1.1130406258399048,0.23177973713245312,0.2923319831527663,0.41398574153443096,0.10600000000000002,0.1938556163746617,7.404261817731999,3.7688677534268917,,,3.0,1.5811388300841898,686.8,803.9674744664737
Replace,23,0.0,0.0,15.82133155167927,3.8687673096472217,59.10455661965638,37.13360336665295,120.29736163623429,76.28305849035618,0.8847384400023806,0.3714162189057879,1.185422951582898,0.16813619791249193,0.3261146233456431,0.4171220818211714,0.12200000000000003,0.2089736825535694,7.526294183976465,3.774611723581833,,,3.0,1.5811388300841898,686.8,803.9674744664737
Replace,24,0.0,0.0,17.116649519574448,2.76819987390108,54.26353071698738,29.617679547822178,109.5985850580129,59.02899375197472,0.8204526723699587,0.2787225078071492,1.2515303602449008,0.2581875596569491,0.26543127220537516,0.43427362933084707,0.11000000000000001,0.21400934559032694,6.251317935101458,2.275880091132002,,,3.0,1.5811388300841898,686.8,803.9674744664737
Replace,25,0.0,0.0,16.85767795068896,2.9033345285145264,51.74697700756589,28.73800516240194,103.65910996159542,56.442809565997614,0.7740611917807034,0.2760345005326711,1.2402887002518599,0.14192785583391349,0.25257948519867396,0.42325949511304334,0.092,0.17908098726553856,6.274464964544576,2.607319274397683,,,3.0,1.5811388300841898,686.8,803.9674744664737
Replace,26,0.0,0.0,19.04448187031987,4.50623889420445,50.79023053569012,28.363437477000097,101.44737725627479,55.982317236705825,0.757714575477983,0.29471331627936304,1.2592245090939966,0.11886763737361744,0.25045272484941916,0.40276450167113154,0.08000000000000002,0.147648230602334,6.45244965695214,2.400218709561836,,,3.0,1.5811388300841898,686.8,803.9674744664737
Replace,27,0.0,0.0,16.96272712662005,1.8559955358755238,49.406026583894715,31.474533927915484,96.72746334681922,61.13607282309195,0.7157028800383294,0.3412195029298571,1.215882906291633,0.11175790680135736,0.2672494491394707,0.4114364752844462,0.08600000000000001,0.15159155649309758,6.77620167189083,3.1354641840197877,,,3.0,1.5811388300841898,686.8,803.9674744664737
Replace,28,0.0,0.0,17.558390383752972,2.798177488735535,47.7754908511999,29.344609270893784,95.5313960103631,59.46373212374259,0.7072318132658472,0.3439517709194304,1.3183961552203267,0.11703778503391023,0.23923323312269407,0.3793857139409323,0.07000000000000002,0.12569805089976535,6.474334553110827,2.692026280846201,,,3.0,1.5811388300841898,686.8,803.9674744664737
Replace,29,0.0,0.0,16.68648699571783,2.9037076281660474,49.79334880016513,31.26236642617875,101.00155218740959,63.722826639000566,0.7448316079995706,0.36148461538328164,1.2805482299332371,0.1413670269513502,0.23342217883500688,0.4004889430739416,0.07600000000000001,0.14859340496805368,6.617071602665286,2.9389601402645398,,,3.0,1.5811388300841898,686.8,803.9674744664737
Replace,30,0.0,0.0,19.433567579335445,5.191148980636605,46.22805218107722,29.89737288686089,92.38175894927119,59.02215230850957,0.6774565615597485,0.32009456161661054,1.337660055834106,0.07743795509742,0.21842252706969525,0.413896379916209,0.07800000000000001,0.16346253393362037,6.8832355135039025,2.4818981474886783,,,3.0,1.5811388300841898,686.8,803.9674744664737
Replace,31,0.0,0.0,22.175927711408796,5.808834106991952,49.903276566708456,36.358030955365564,99.64742296402335,72.91640758396224,0.7211335633263658,0.41325917655488237,1.5305547727417959,0.18876258132580082,0.18496374102649651,0.4135914982187762,0.06800000000000002,0.15205262246998572,6.633805471805639,2.3659363919969163,,,3.0,1.5811388300841898,686.8,803.9674744664737
Replace,32,0.0,0.0,22.40056616590077,7.492843328135511,51.202663218431475,40.59820447262415,102.39843008369074,80.4285550680783,0.7319130102678657,0.43259181736115415,1.5609185715896765,0.1631311019617219,0.19013441856930371,0.4251534846942247,0.07400000000000001,0.16546903033498442,6.833445000109312,2.349268335175784,,,3.0,1.5811388300841898,686.8,803.9674744664737
Replace,33,0.0,0.0,22.501880972646703,9.374362220402768,58.83027088145045,52.04405134623415,115.33482975601373,101.13899007694052,0.8109275938619117,0.5532384915458013,1.4995114934835132,0.1539649754569253,0.19855489082945216,0.443982233070568,0.09000000000000001,0.20124611797498107,6.93499094362321,2.5378810690977165,,,3.0,1.5811388300841898,686.8,803.9674744664737
Replace,34,0.0,0.0,22.594497721341078,10.114807792640843,55.04336397101529,46.19008393432161,109.82650120378621,92.18821761713825,0.7757300810517713,0.5110876345115664,1.4344279041404242,0.1949719725102627,0.19907568779593568,0.44514677049010076,0.09200000000000001,0.20571825392998067,6.940646563646352,2.6269737111349194,,,3.0,1.5811388300841898,686.8,803.9674744664737
Replace,35,0.0,0.0,22.6417506392875,11.1676378398041,53.35026190341527,40.22426485930483,106.3621934222748,80.19560634340667,0.7639598368708761,0.4705724428671181,1.3874192739715034,0.2552679332374983,0.19907568779593568,0.44514677049010076,0.09200000000000001,0.20571825392998067,7.048444996614718,2.9256637103163583,,,3.0,1.5811388300841898,686.8,803.9674744664737
Replace,36,0.0,0.0,24.074449710351708,16.93660543680425,49.99143366393865,38.61653373144317,99.49316805351876,76.47715447779167,0.7111425641851886,0.43530196372730245,1.4740430858766271,0.4101891927131361,0.19948031774543845,0.44605155056292123,0.094,0.2101903898849802,6.985127262277993,2.4411971183171004,,,3.0,1.5811388300841898,686.8,803.9674744664737
Replace,37,0.0,0.0,24.200669279087517,17.330030762868212,48.364226393197754,38.95295063188635,96.76932263465682,77.84434950565036,0.6872943952445633,0.4346348399966598,1.4795244611521734,0.29935292272301545,0.1971630074676745,0.4408698872568822,0.08600000000000001,0.19230184606498188,6.868046915081362,2.2459614861605064,,,3.0,1.5811388300841898,686.8,803.9674744664737
Replace,38,0.0,0.0,23.65713514486818,16.971893787024424,44.9382950523724,36.22342911767553,90.81479302373123,74.12269969451118,0.6438299609057985,0.41873182327396596,1.558209973983212,0.48955801231916674,0.19948031774543845,0.44605155056292123,0.094,0.2101903898849802,6.836241163540611,2.226599479115682,,,3.0,1.5811388300841898,686.8,803.9674744664737
Replace,39,0.0,0.0,23.273903399600883,17.711155694343915,38.25028305344108,26.878954135791098,76.83362496450142,54.10351176409523,0.557436204865122,0.30822062459678196,1.3956751604958395,0.3873358198686701,0.19976910723093086,0.44669730348366954,0.096,0.2146625258399798,6.600309353175012,1.7285201566052206,,,3.0,1.5811388300841898,686.8,803.9674744664737
Replace,40,0.0,0.0,23.89197483212488,15.943716689510495,34.382154680106616,21.293345977603824,69.10601044415515,43.45500140909512,0.508823144489833,0.2478861378448261,1.4628304677523398,0.2815271024769323,0.19013441856930371,0.4251534846942247,0.07400000000000001,0.16546903033498442,6.47714076172416,1.3813397575999364,,,3.0,1.5811388300841898,686.8,803.9674744664737
Replace,41,0.0,0.0,23.699198836964527,16.099027913405443,33.645346089762185,21.21658897108155,67.17876647504161,42.15843194976986,0.4970448373565028,0.2514535248411458,1.5741711341704527,0.2691300994070771,0.18853663788298897,0.42158073846648875,0.07200000000000001,0.16099689437998485,6.615864232495395,1.5127023231040055,,,3.0,1.5811388300841898,686.8,803.9674744664737
Replace,42,0.0,0.0,24.02457354774835,17.01679007375202,33.891345298284,20.806643783332806,68.40220871638564,42.156310754936506,0.507699593710562,0.25522870168459255,1.4844881346359744,0.40342671831991456,0.1622556249237171,0.36281460697200385,0.050000000000000024,0.11180339887498951,6.66730926445115,1.7183362057162352,,,3.0,1.5811388300841898,686.8,803.9674744664737
Replace,43,0.0,0.0,25.147402933813915,14.536089560046777,33.75284803817627,19.928710943401864,67.67360856768684,40.52982713199681,0.5041475498439054,0.24337811147313923,1.54858153223535,0.2992011113467345,0.14029429200867,0.31370757369745494,0.03800000000000002,0.084970583144992,6.92322309031726,2.1217378192482625,,,3.0,1.5811388300841898,686.8,803.9674744664737
Replace,44,0.0,0.0,26.03056038848795,10.814621157598715,37.039698830559146,22.536744483303043,73.33169824611129,43.8716119020918,0.5445526093513053,0.253674762754652,1.5364490124027554,0.19731327031653642,0.1360154091775465,0.3041397008193061,0.036000000000000025,0.08049844718999244,6.909380400771411,2.0114900652177807,,,3.0,1.5811388300841898,686.8,803.9674744664737
Replace,45,0.0,0.0,26.321328823810365,14.156861404766294,40.818111746222684,28.97377692601005,81.10584802459985,57.50512870094714,0.5903452229361703,0.3200540242967222,1.5843025316914212,0.29384309917269763,0.14829654801814526,0.33160116210799784,0.04200000000000002,0.09391485505499117,6.987020450795129,2.1310989677601584,,,3.0,1.5811388300841898,686.8,803.9674744664737
Replace,46,0.0,0.0,26.115857167658866,15.557263442166983,38.75330890632051,25.3417415205552,78.44406419816401,51.29159878031293,0.5750740347664782,0.2841564572427421,1.4986680512514927,0.28016528195967394,0.1360154091775465,0.3041397008193061,0.036000000000000025,0.08049844718999244,7.1501438584443395,2.4729130052803403,,,3.0,1.5811388300841898,686.8,803.9674744664737
Replace,47,0.0,0.0,26.53949085086034,15.089418516927926,35.97215445496887,23.05240407549618,72.06678786201607,46.14938390256055,0.5328892638638087,0.2777529334901985,1.5758967983509116,0.28342394461841625,0.14029429200867,0.31370757369745494,0.03800000000000002,0.084970583144992,6.906142487222141,1.7454358293907506,,,3.0,1.5811388300841898,686.8,803.9674744664737
Replace,48,0.0,0.0,26.104769600877898,16.081001384831843,40.94905169914034,29.321340381857894,79.4238717159976,56.448556029661816,0.5843993893404474,0.35425342764159085,1.5404063256003298,0.35757476962726825,0.12686191096000374,0.2836718565729573,0.03200000000000002,0.07155417527999328,7.031644590007986,2.2409431007118874,,,3.0,1.5811388300841898,686.8,803.9674744664737
Replace,49,0.0,0.0,26.726250391449963,15.78774861952376,39.1023212258203,28.68333891244613,76.56366965762467,55.23996089134144,0.5659040420679802,0.36237299688460944,1.5795366526550052,0.38211189913030885,0.11148763703748832,0.24929393497751046,0.026000000000000016,0.058137767414994525,7.086319429226381,2.218580127380551,,,3.0,1.5811388300841898,686.8,803.9674744664737
Replace,50,0.0,0.0,28.512715503249883,15.65703304015548,38.47553689395458,30.653860789436592,76.25134114708914,60.38903229368746,0.5689327160617104,0.42148863680397286,1.5668540697049662,0.3484003667146427,0.07318473021193514,0.1636460315797329,0.014000000000000023,0.03130495168499706,7.315280591878133,2.61097408471035,,,3.0,1.5811388300841898,686.8,803.9674744664737
Replace,51,0.0,0.0,31.02222789731034,18.647581259307152,37.347790050903605,29.221369284475493,72.62291150329497,55.39827333413681,0.5464620911541475,0.3912248480267124,1.738300531101317,0.3535145163710809,0.04845843784837349,0.10835636102327509,0.008000000000000021,0.017888543819998312,7.671735247403821,3.081887467086168,,,3.0,1.5811388300841898,686.8,803.9674744664737
Replace,52,0.0,0.0,29.65856931933435,16.324920913888803,36.791773220853045,24.761381379160948,74.33083191226416,49.19308820115121,0.5510366313340403,0.32345490756598555,1.6641032220154646,0.25616531783901897,0.05727939145508175,0.12808061291424672,0.010000000000000021,0.022360679774997894,7.437549331725636,2.8114913253875238,,,3.0,1.5811388300841898,686.8,803.9674744664737
Replace,53,0.0,0.0,29.43384095811184,17.401876925313225,31.77344292411551,18.897714371792464,63.40684441855814,38.08075648224804,0.4719388279911859,0.24216502667200976,1.6842561166231533,0.43051036235305346,0.038878371598205765,0.08693468165894853,0.006000000000000022,0.01341640786499874,7.5162223630121,2.881987721602123,,,3.0,1.5811388300841898,686.8,803.9674744664737
Replace,54,0.0,0.0,30.372735191272845,14.12684984345605,35.24009026115688,22.996340745582234,71.07807755417898,45.65219550881576,0.5288923450148528,0.30231790149978743,1.628095323408464,0.35592562126818245,0.016158627211072772,0.036131788777899874,0.002000000000000022,0.00447213595499958,7.420345203150967,2.5074254051290867,,,3.0,1.5811388300841898,686.8,803.9674744664737
Replace,55,0.0,0.0,29.61338219652875,13.28137100137943,34.40241457699347,21.80467906017039,69.41497404529589,44.0782011010653,0.5151360976498554,0.2866892114252561,1.6663080199261473,0.3049314516993031,3.9863137138648344e-11,0.0,2.2204460492503132e-17,0.0,6.482982691426779,0.8367641267591492,,,3.0,1.5811388300841898,686.8,803.9674744664737
Replace,56,0.0,0.0,31.066967136449325,14.166429958043116,33.82078804387237,21.07984323006624,67.77963481520307,42.26961579528529,0.5019124055314437,0.26865989343312213,1.7142190537912032,0.42699693958175167,3.9863137138648344e-11,0.0,2.2204460492503132e-17,0.0,6.561448867194825,0.9932794237850316,,,3.0,1.5811388300841898,686.8,803.9674744664737
Replace,57,0.0,0.0,31.20915529349362,14.429184965804073,35.01761751860535,22.776403933693278,69.35136682893953,45.153337140592356,0.5063389915515556,0.2539175982103357,1.7207733916805963,0.3850946839625006,3.9863137138648344e-11,0.0,2.2204460492503132e-17,0.0,6.553771443622852,1.1175639832352884,,,3.0,1.5811388300841898,686.8,803.9674744664737
Replace,58,0.0,0.0,33.87400692332817,17.35962786210343,32.486713089513344,18.918103596557746,64.34030804108451,36.17242760662594,0.4790669904082174,0.21407409782411335,1.7027554447903845,0.38770439097699283,3.9863137138648344e-11,0.0,2.2204460492503132e-17,0.0,6.747787830046441,1.2426383234726002,,,3.0,1.5811388300841898,686.8,803.9674744664737
Replace,59,0.0,0.0,33.76355698669929,16.60824363846397,34.2970304076459,23.74576750756523,67.59386837783882,47.32863882789586,0.48974782758802127,0.26096447787691396,1.6850536501338222,0.4048083277636546,3.9863137138648344e-11,0.0,2.2204460492503132e-17,0.0,6.761956258808986,1.1247130272987624,,,3.0,1.5811388300841898,686.8,803.9674744664737
Replace,60,0.0,0.0,36.37379205569169,19.24845616554049,31.130488533020298,18.44796081488775,62.16115502944708,36.937479158821404,0.4612970488886483,0.2253688428501566,1.7691078471450132,0.41373310413608533,3.9863137138648344e-11,0.0,2.2204460492503132e-17,0.0,6.872684609995292,1.1488416225241376,,,3.0,1.5811388300841898,686.8,803.9674744664737
Replace,61,0.0,0.0,37.18038863719648,19.14249750402451,30.708279124700702,19.09388257889182,60.78206615780236,38.23426862858851,0.4472175452169238,0.2149782439287732,1.8402575610900578,0.47016329118372496,3.9863137138648344e-11,0.0,2.2204460492503132e-17,0.0,6.879808512251012,1.1331167159490225,,,3.0,1.5811388300841898,686.8,803.9674744664737
Replace,62,0.0,0.0,36.90695028838261,21.45686384758116,29.983711348514873,16.70948924341626,60.54810454633074,33.88089967567226,0.4517460824771611,0.1990540943901297,1.804954361174611,0.4074879671699897,3.9863137138648344e-11,0.0,2.2204460492503132e-17,0.0,6.869845464556792,1.2630138833357454,,,3.0,1.5811388300841898,686.8,803.9674744664737
Replace,63,0.0,0.0,36.88840572384011,20.37230922192294,31.098100634852358,17.652556197053432,62.191358156045375,35.51564271027279,0.46200498886273433,0.20639951468404483,1.7355093618135047,0.32763958738264126,3.9863137138648344e-11,0.0,2.2204460492503132e-17,0.0,6.920754783325724,1.2679811124741387,,,3.0,1.5811388300841898,686.8,803.9674744664737
Replace,64,0.0,0.0,36.85163592423409,18.201570436086623,31.083624098111112,16.404359377869756,62.55613765313118,32.53760838816538,0.4716741581854311,0.20638790626146297,1.8454817104602448,0.35274632605986245,3.9863137138648344e-11,0.0,2.2204460492503132e-17,0.0,6.909057751561429,1.3326520979061485,,,3.0,1.5811388300841898,686.8,803.9674744664737
Replace,65,0.0,0.0,36.26922815152145,20.570448801649835,31.91653823745396,17.26992264829811,63.43253348933679,33.793453485905886,0.476966723898547,0.21019101523068068,1.7337215415935305,0.35851047210547904,3.9863137138648344e-11,0.0,2.2204460492503132e-17,0.0,6.850212653327995,1.2796886096944313,,,3.0,1.5811388300841898,686.8,803.9674744664737
Replace,66,0.0,0.0,36.75465210578418,21.33463990376103,30.386264934924224,18.128579157224898,60.70846424008057,36.7544851086566,0.44745281790847863,0.20316152069847512,1.7980867280358133,0.36017610979349834,3.9863137138648344e-11,0.0,2.2204460492503132e-17,0.0,6.791682201032001,1.368967002060796,,,3.0,1.5811388300841898,686.8,803.9674744664737
Replace,67,0.0,0.0,37.112876751315774,19.82544286180722,30.794682082269446,18.267994405070155,62.03808286851476,37.340422976772516,0.4605208056171855,0.22424989607798043,1.8119656098921002,0.32633585451049496,3.9863137138648344e-11,0.0,2.2204460492503132e-17,0.0,6.781228617912513,1.3370326322867505,,,3.0,1.5811388300841898,686.8,803.9674744664737
Replace,68,0.0,0.0,35.0033349403533,17.189299548816813,32.65370782917121,20.823250505807067,65.19990847942285,41.48402977487969,0.4826337212948542,0.24702524491591446,1.837431467454253,0.3391797646647295,3.9863137138648344e-11,0.0,2.2204460492503132e-17,0.0,6.650028500983732,1.224041446415009,,,3.0,1.5811388300841898,686.8,803.9674744664737
Replace,69,0.0,0.0,33.09623599424126,14.937025833465992,33.323014076851635,21.656472123965603,67.54113372784226,43.809061836850084,0.4972599424937477,0.2532705156677766,1.6953208541095042,0.1714434790888153,3.9863137138648344e-11,0.0,2.2204460492503132e-17,0.0,6.550620816794347,1.0860862801562416,,,3.0,1.5811388300841898,686.8,803.9674744664737
Replace,70,0.0,0.0,35.19333140003407,14.729433141785531,27.858451517645584,15.411377406074962,56.372611400044754,31.503057499055455,0.42449310418057573,0.18076962380713596,1.7452029496473784,0.22922523826301985,3.9863137138648344e-11,0.0,2.2204460492503132e-17,0.0,6.662337533087599,1.0464325177130156,,,3.0,1.5811388300841898,686.8,803.9674744664737
Replace,71,0.0,0.0,34.883099492787004,14.925888128060278,24.550748229384332,13.257085206321502,49.09419354569399,26.474940878911845,0.3699834171041022,0.13276937289725355,1.7071696499739903,0.18757399511105477,3.9863137138648344e-11,0.0,2.2204460492503132e-17,0.0,6.644580133446874,1.0645143823133503,,,3.0,1.5811388300841898,686.8,803.9674744664737
Replace,72,0.0,0.0,36.62110608964783,15.831149878567013,26.97536790006391,14.908054777077673,53.63431843967783,30.11197059144938,0.40146737381176445,0.1510419351383958,1.7859699612976576,0.25627530300947354,3.9863137138648344e-11,0.0,2.2204460492503132e-17,0.0,6.711242734429879,1.195552834498316,,,3.0,1.5811388300841898,686.8,803.9674744664737
Replace,73,0.0,0.0,38.10500857301548,17.595762557662802,24.17275402260735,13.053725940714568,48.452239264344726,25.915981516551273,0.3659387359416747,0.13523847881938075,1.925885913042088,0.45039220166126154,3.9863137138648344e-11,0.0,2.2204460492503132e-17,0.0,6.851526391701316,1.3531435957413094,,,3.0,1.5811388300841898,686.8,803.9674744664737
Replace,74,0.0,0.0,39.86042870133385,19.59620489696156,27.378815331237877,16.667189246708965,55.12191097891432,34.18778079886313,0.4096443697144056,0.17159122903331606,1.8326719630455108,0.33413474459048953,3.9863137138648344e-11,0.0,2.2204460492503132e-17,0.0,6.901731806314608,1.5302194603779742,,,3.0,1.5811388300841898,686.8,803.9674744664737
Replace,75,0.0,0.0,39.67958644109893,19.469801589418545,29.20126343631541,20.538207392936087,58.76437363667013,42.10592061455656,0.430390608452843,0.20802002155173294,1.864311906050715,0.32422667171236536,3.9863137138648344e-11,0.0,2.2204460492503132e-17,0.0,6.8757747629794945,1.4964670856707596,,,3.0,1.5811388300841898,686.8,803.9674744664737
Replace,76,0.0,0.0,40.04024731709597,20.61918280052825,30.86895735601869,23.50664354684398,61.71938123694197,47.8256590616282,0.4494036929226758,0.23815479492624084,1.8520825055441459,0.38775051125164284,3.9863137138648344e-11,0.0,2.2204460492503132e-17,0.0,6.8932933726367365,1.5637844680486048,,,3.0,1.5811388300841898,686.8,803.9674744664737
Replace,77,0.0,0.0,39.49020825398558,19.5391929988016,33.095474229099985,26.31616249724253,65.97223896002427,51.203202476744536,0.4788571866500194,0.2582007135391411,1.8081265575283516,0.4223724744327811,3.9863137138648344e-11,0.0,2.2204460492503132e-17,0.0,6.885909504434011,1.4042904567261063,,,3.0,1.5811388300841898,686.8,803.9674744664737
Replace,78,0.0,0.0,38.29643977138677,17.550990846853637,30.536469978840245,20.200558072689823,61.50383868415734,39.83675092606328,0.4542528038295906,0.199559787521299,1.8699379570808936,0.42890648654814556,3.9863137138648344e-11,0.0,2.2204460492503132e-17,0.0,6.7846906369928295,1.3635513826717347,,,3.0,1.5811388300841898,686.8,803.9674744664737
Replace,79,0.0,0.0,39.813631378241624,18.789465091825836,32.3097821791257,23.192741844943576,64.74924916075237,46.59030162999985,0.4729144585590531,0.2276983390904576,1.7931540663441154,0.33763744623498787,3.9863137138648344e-11,0.0,2.2204460492503132e-17,0.0,6.889394575626374,1.436028220621713,,,3.0,1.5811388300841898,686.8,803.9674744664737
Replace,80,0.0,0.0,40.688064472534265,18.19983510763895,32.160937970031156,24.367271721852966,64.09755744765037,47.63249332349692,0.4659801141606442,0.24105803722980745,1.8837572653529464,0.39525931005441545,3.9863137138648344e-11,0.0,2.2204460492503132e-17,0.0,6.9765391817650455,1.3416133078400148,,,3.0,1.5811388300841898,686.8,803.9674744664737
Replace,81,0.0,0.0,42.276626202354464,19.239969769406404,28.574977349135743,21.566494969256578,57.66394276211114,45.351942948523316,0.419535744130611,0.22861337263414008,1.8954072375786766,0.4491662872817576,3.9863137138648344e-11,0.0,2.2204460492503132e-17,0.0,7.057117783753964,1.4789148416039906,,,3.0,1.5811388300841898,686.8,803.9674744664737
Replace,82,0.0,0.0,42.310021669046336,19.118511471452585,25.53489522888595,15.684859327016039,50.26232932845043,31.214178282608746,0.376327305667917,0.15730701008216097,1.92468167769638,0.389326061623878,3.9863137138648344e-11,0.0,2.2204460492503132e-17,0.0,7.049090308014563,1.4762264298095404,,,3.0,1.5811388300841898,686.8,803.9674744664737
Replace,83,0.0,0.0,42.1396978071223,19.584414356770314,22.842196526645214,14.082191673615624,45.45546478952839,27.822836536078473,0.34049272645782,0.14829428980425569,1.9607813898349185,0.4807101807247656,3.9863137138648344e-11,0.0,2.2204460492503132e-17,0.0,7.023936429117367,1.466312164664991,,,3.0,1.5811388300841898,686.8,803.9674744664737
Replace,84,0.0,0.0,42.18287628034322,20.62070052276099,22.79595706031401,18.589877501493614,44.90582690235042,35.64946826822239,0.32841161329579716,0.1910625171202088,2.098021777722625,0.4871978954771505,3.9863137138648344e-11,0.0,2.2204460492503132e-17,0.0,6.992007461500459,1.5436776059877517,,,3.0,1.5811388300841898,686.8,803.9674744664737
Replace,85,0.0,0.0,43.78120706785593,20.432354204688437,26.585231262721475,22.81483320309137,52.94745710974765,45.9276192802012,0.3811023166796512,0.250013708636356,2.027517002760817,0.47344500891220753,3.9863137138648344e-11,0.0,2.2204460492503132e-17,0.0,7.10947592333864,1.5428963293696425,,,3.0,1.5811388300841898,686.8,803.9674744664737
Replace,86,0.0,0.0,46.128310089715136,22.63774619384076,30.264120531157204,27.514826333264974,60.756181371540265,56.044308739933314,0.4334875357145423,0.30808509509037096,2.0071449058516664,0.3392561148608901,3.9863137138648344e-11,0.0,2.2204460492503132e-17,0.0,7.2076365521742956,1.644590829395432,,,3.0,1.5811388300841898,686.8,803.9674744664737
Replace,87,0.0,0.0,51.04959803745651,30.494537173748753,28.49430765450229,27.15458102713018,56.54267360143206,52.76715239200057,0.4009462288867784,0.28738978469576903,2.1087502925831187,0.5426721666465323,3.9863137138648344e-11,0.0,2.2204460492503132e-17,0.0,7.455970705101242,1.9246779932226106,,,3.0,1.5811388300841898,686.8,803.9674744664737
Replace,88,0.0,0.0,48.46188512712174,25.984153401488534,21.441564211090217,13.779432052445328,43.378728202288606,28.587462867964458,0.3188817008324568,0.1620772971180048,2.1315403151680488,0.5235180088590174,3.9863137138648344e-11,0.0,2.2204460492503132e-17,0.0,7.327609287184035,1.7566849631919241,,,3.0,1.5811388300841898,686.8,803.9674744664737
Replace,89,0.0,0.0,49.256819740127426,24.54843856252063,21.76017414278403,15.447325732133335,43.91528010767024,31.626150389074006,0.31978515650861333,0.1775163572158867,2.1209150697229093,0.46137580945337126,3.9863137138648344e-11,0.0,2.2204460492503132e-17,0.0,7.377237135812875,1.711210115405342,,,3.0,1.5811388300841898,686.8,803.9674744664737
Replace,90,0.0,0.0,47.5236952234439,20.818577177216554,22.287046673046184,18.520235093612456,43.1067914561109,34.77117286078033,0.3092087547957921,0.19076805844196268,2.02910742029801,0.2668570075707095,3.9863137138648344e-11,0.0,2.2204460492503132e-17,0.0,7.309393109526516,1.4911698247202514,,,3.0,1.5811388300841898,686.8,803.9674744664737
Replace,91,0.0,0.0,46.703006703289226,20.132553202202384,22.99406749163497,21.92651974241517,45.96743850128926,43.55085845409221,0.3233837984903489,0.2399506910172674,2.0558009953566767,0.34870571138054696,3.9863137138648344e-11,0.0,2.2204460492503132e-17,0.0,7.2438020727035495,1.490234949772736,,,3.0,1.5811388300841898,686.8,803.9674744664737
Replace,92,0.0,0.0,45.55287352380339,20.307351302821363,24.0012818088502,24.380183984624068,48.32961217672287,49.991078448986215,0.33621037037873985,0.2754765785094892,2.0512660249055363,0.42839434715093244,3.9863137138648344e-11,0.0,2.2204460492503132e-17,0.0,7.223451647880961,1.474189132425998,,,3.0,1.5811388300841898,686.8,803.9674744664737
Replace,93,0.0,0.0,43.651569494949,20.384692453280824,22.707384302909936,21.756690071911752,45.86979396458465,43.69721547073681,0.32283696621894875,0.24131645150209338,2.0295390865052942,0.38345747063896335,3.9863137138648344e-11,0.0,2.2204460492503132e-17,0.0,7.111110070899168,1.444048727680645,,,3.0,1.5811388300841898,686.8,803.9674744664737
Replace,94,0.0,0.0,44.5897949732008,20.158514151431987,23.270935201667232,24.794569944039885,45.731594398468694,48.102664234459304,0.31654630601435485,0.26560452682625363,2.099144906980965,0.3359677091721335,3.9863137138648344e-11,0.0,2.2204460492503132e-17,0.0,7.145526290196779,1.393444377936129,,,3.0,1.5811388300841898,686.8,803.9674744664737
Replace,95,0.0,0.0,45.19703021892068,20.782382894189823,23.490271231574695,23.422525917297563,47.16417497340193,47.494876640621634,0.329350319962032,0.26501424622312053,2.1161185644219924,0.3449427729486934,3.9863137138648344e-11,0.0,2.2204460492503132e-17,0.0,7.181994812797754,1.4713809862922798,,,3.0,1.5811388300841898,686.8,803.9674744664737
Replace,96,0.0,0.0,44.35309944955702,20.98293765873709,23.75114605417224,26.752442093757423,47.813776589215436,54.19787775617673,0.32652247660081335,0.30114525210148574,2.0344020807131473,0.3276207588565562,3.9863137138648344e-11,0.0,2.2204460492503132e-17,0.0,7.176732913492164,1.4785181437244885,,,3.0,1.5811388300841898,686.8,803.9674744664737
Replace,97,0.0,0.0,44.79661069200944,20.661007396204404,21.937177289967266,18.891468163659095,43.90572303078289,37.28221235961993,0.3118943256802443,0.20963816386903036,1.9990450640520865,0.2775460148440673,3.9863137138648344e-11,0.0,2.2204460492503132e-17,0.0,7.261712652049965,1.4091475274281196,,,3.0,1.5811388300841898,686.8,803.9674744664737
Replace,98,0.0,0.0,45.52043121537632,20.032954081420517,23.015440167747208,20.46423388851358,46.027965486403616,40.793154641655335,0.3247422293750188,0.2315605995129838,2.241288564165939,0.32094644818837403,3.9863137138648344e-11,0.0,2.2204460492503132e-17,0.0,7.306334311026302,1.4345570118825364,,,3.0,1.5811388300841898,686.8,803.9674744664737
Replace,99,0.0,0.0,43.687586973968166,19.842219311365746,24.278178833731225,21.36122838286996,48.38788450540086,41.82507659689604,0.34264929732576704,0.241467757657321,2.070773242066461,0.37633343648239626,3.9863137138648344e-11,0.0,2.2204460492503132e-17,0.0,7.176647759549181,1.3516721927615474,,,3.0,1.5811388300841898,686.8,803.9674744664737
Replace,100,0.0,0.0,45.2308015275543,20.283367822505195,23.437526124478204,19.712652793900286,47.00739811555163,39.79516060583944,0.3340382941625918,0.2285313516869143,2.0065347171688686,0.22590214935166247,3.9863137138648344e-11,0.0,2.2204460492503132e-17,0.0,7.318855550728314,1.417363454089034,,,3.0,1.5811388300841898,686.8,803.9674744664737
Replace,101,0.0,0.0,44.77221707286916,19.310623226414457,19.947107838608865,12.871721842069357,40.45302695215613,25.5167978485442,0.2997693299093145,0.1609659493451656,2.0364279028529935,0.3021712074254927,3.9863137138648344e-11,0.0,2.2204460492503132e-17,0.0,7.3209647340557975,1.4355213311916546,,,3.0,1.5811388300841898,686.8,803.9674744664737
Replace,102,0.0,0.0,44.955380909626875,19.482009404747448,23.11665313901289,14.625768635471289,46.43327560199286,29.49197107630445,0.3450574723230918,0.19152151470719272,2.1289902416684456,0.424148014753619,3.9863137138648344e-11,0.0,2.2204460492503132e-17,0.0,7.377436360121578,1.513008361475015,,,3.0,1.5811388300841898,686.8,803.9674744664737
Replace,103,0.0,0.0,45.8545275810011,20.554760201512618,22.97711656647012,14.74736216208005,45.62678108455273,29.029376332020814,0.3444422845054834,0.2065962825326206,2.0113056926072157,0.3010073260905987,3.9863137138648344e-11,0.0,2.2204460492503132e-17,0.0,7.403462618908435,1.5489402814359539,,,3.0,1.5811388300841898,686.8,803.9674744664737
Replace,104,0.0,0.0,45.875925469894085,20.792535549029623,22.90972570749701,14.70480796954939,46.20098928581191,29.469490580996567,0.34901270938718654,0.21257679197500212,2.0230824852941183,0.3452509179302164,3.9863137138648344e-11,0.0,2.2204460492503132e-17,0.0,7.397182595932098,1.5920324568155828,,,3.0,1.5811388300841898,686.8,803.9674744664737
Replace,105,0.0,0.0,45.43454980064154,21.457405668359435,22.45895845875648,16.176695380320428,44.647587751109825,32.578538972435545,0.3380242161777126,0.23763305210126995,2.1922186774635697,0.46945542953151004,3.9863137138648344e-11,0.0,2.2204460492503132e-17,0.0,7.390063936388596,1.632469572580451,,,3.0,1.5811388300841898,686.8,803.9674744664737
Replace,106,0.0,0.0,45.93260886669547,22.01204568475801,22.480422886377983,15.286690608632403,45.26762674975764,30.879271689861785,0.3417446522409482,0.22495093671189945,2.1080245653948384,0.38072843698925607,3.9863137138648344e-11,0.0,2.2204460492503132e-17,0.0,7.393466451912855,1.6934661538277238,,,3.0,1.5811388300841898,686.8,803.9674744664737
Replace,107,0.0,0.0,44.74350856551383,22.65052930709658,24.775324123977228,17.728938672386676,49.55183083194949,35.34992988158455,0.3777376497731036,0.2682662694037615,1.9923507818498174,0.31918142301516844,3.9863137138648344e-11,0.0,2.2204460492503132e-17,0.0,7.32642405868976,1.6451737371019268,,,3.0,1.5811388300841898,686.8,803.9674744664737
Replace,108,0.0,0.0,43.54362939961989,22.74876719838177,25.370571405854026,18.333636746742606,51.95789631690671,37.331289794332655,0.3953381522344878,0.28516553039394255,2.049996372352801,0.47399230318547686,3.9863137138648344e-11,0.0,2.2204460492503132e-17,0.0,7.23207990103778,1.6164242110357665,,,3.0,1.5811388300841898,686.8,803.9674744664737
Replace,109,0.0,0.0,44.384961231848685,23.95085269331105,21.906431442283342,15.044065055989,43.466376877869386,29.676172843170786,0.33019023554510524,0.22340021744043256,1.9217627011509062,0.4161873871907058,3.9863137138648344e-11,0.0,2.2204460492503132e-17,0.0,7.272576757775771,1.6475855534594948,,,3.0,1.5811388300841898,686.8,803.9674744664737
Replace,110,0.0,0.0,44.06724999622622,24.598614137572323,20.995369605933888,14.588076498868883,41.91306564040354,29.075846569096544,0.31986040231700186,0.2233541826915947,2.0576539251306682,0.4375649808536753,3.9863137138648344e-11,0.0,2.2204460492503132e-17,0.0,7.264148924180086,1.6029844737940178,,,3.0,1.5811388300841898,686.8,803.9674744664737
Replace,111,0.0,0.0,43.51430916345815,22.07089862867277,21.802301999998512,15.91778092624526,44.0164966900044,32.05689536409463,0.3325335630584597,0.23750107554265013,2.0788889098056766,0.38143494608985845,3.9863137138648344e-11,0.0,2.2204460492503132e-17,0.0,7.26502644563102,1.5907649126794625,,,3.0,1.5811388300841898,686.8,803.9674744664737
Replace,112,0.0,0.0,42.8735888024326,21.465244084694,18.992722961844688,14.324490877788424,38.12191910762682,28.85929473608423,0.2953496910464079,0.23118087358892167,2.0387856851119848,0.3246398968441257,3.9863137138648344e-11,0.0,2.2204460492503132e-17,0.0,7.25443481320431,1.577520828658362,,,3.0,1.5811388300841898,686.8,803.9674744664737
Replace,113,0.0,0.0,42.35956311618945,21.776110446993933,19.237925878767236,13.14117366289915,38.68616305570838,25.78076867398587,0.3026142148523393,0.21957739654653427,2.031606882972511,0.3486311834471475,3.9863137138648344e-11,0.0,2.2204460492503132e-17,0.0,7.18516863974512,1.6358370530007185,,,3.0,1.5811388300841898,686.8,803.9674744664737
Replace,114,0.0,0.0,41.350379896735866,21.38526792236598,18.391248228265066,12.860405221392577,36.76499348872387,25.444239592895713,0.2853650347842901,0.21072968047806334,2.1187393637977925,0.4715122329115819,3.9863137138648344e-11,0.0,2.2204460492503132e-17,0.0,7.0763113944241125,1.5662079522043473,,,3.0,1.5811388300841898,686.8,803.9674744664737
Replace,115,0.0,0.0,41.6718615783348,21.884164172442492,19.39016856438725,13.772131243996899,38.870036867641474,27.71661909752151,0.3037709159647273,0.235057777760175,2.078714488108505,0.33515888026681373,3.9863137138648344e-11,0.0,2.2204460492503132e-17,0.0,7.107202340821905,1.502252289011088,,,3.0,1.5811388300841898,686.8,803.9674744664737
Replace,116,0.0,0.0,42.41100101814587,21.9390366096248,18.45952682597126,13.670412488082762,36.816614811907,27.21813040603139,0.29042261134532843,0.2354115761995641,2.048693654106402,0.31301567318083323,3.9863137138648344e-11,0.0,2.2204460492503132e-17,0.0,7.115507556652517,1.5509610316312232,,,3.0,1.5811388300841898,686.8,803.9674744664737
Replace,117,0.0,0.0,43.95291969815485,22.899279537830562,18.1380723309479,14.321845185585994,36.614557326710255,28.65075140887582,0.2862364137022681,0.23595461163349896,2.09902969109046,0.34609074689387787,3.9863137138648344e-11,0.0,2.2204460492503132e-17,0.0,7.164725112933985,1.5199185270612043,,,3.0,1.5811388300841898,686.8,803.9674744664737
Replace,118,0.0,0.0,44.04587663121877,22.86824560967988,20.838997375122297,16.69260372054077,41.76321931513464,33.11687428834589,0.32601852040591006,0.2778413079503716,2.1162778743096533,0.38542125630418717,3.9863137138648344e-11,0.0,2.2204460492503132e-17,0.0,7.15646743999134,1.5313961783022365,,,3.0,1.5811388300841898,686.8,803.9674744664737
Replace,119,0.0,0.0,43.312929646612076,21.65893758409462,20.54458439661149,17.183891245739648,40.759604240859105,33.693795940771146,0.3164555034078677,0.2716060615517208,2.0620499832719488,0.31319095172472317,3.9863137138648344e-11,0.0,2.2204460492503132e-17,0.0,7.093791280461673,1.5116814268524654,,,3.0,1.5811388300841898,686.8,803.9674744664737
Replace,120,0.0,0.0,42.998134421396436,21.722138418661437,21.37856992783919,19.076355941499386,43.50302806260184,38.78577873565534,0.33675154094172954,0.3038935881067065,2.043665505326884,0.3207620940529286,3.9863137138648344e-11,0.0,2.2204460492503132e-17,0.0,7.083575809123028,1.5042761233232853,,,3.0,1.5811388300841898,686.8,803.9674744664737
Replace,121,0.0,0.0,43.571129426253876,21.908267464578383,21.076007476584394,17.53164519116448,41.50035328353344,34.3250357539522,0.3187215664739954,0.26947943826998294,2.071475994942552,0.402212648921935,3.9863137138648344e-11,0.0,2.2204460492503132e-17,0.0,7.109593028354643,1.514603287695479,,,3.0,1.5811388300841898,686.8,803.9674744664737
Replace,122,0.0,0.0,44.092699943995,22.733908341401747,19.584816294007794,16.267576517718155,39.06344081428806,32.62531827388824,0.3038410888232888,0.26390192026777304,2.166248138607373,0.5635890783882376,3.9863137138648344e-11,0.0,2.2204460492503132e-17,0.0,7.1768079126320234,1.514742520835815,,,3.0,1.5811388300841898,686.8,803.9674744664737
Replace,123,0.0,0.0,44.80502795125976,22.43260968105619,20.119497528089497,16.33904104833783,40.09021294057896,32.4927496356726,0.31344064187355786,0.27112008877359434,1.977621539227951,0.314416441783999,3.9863137138648344e-11,0.0,2.2204460492503132e-17,0.0,7.229207317043439,1.500058301192856,,,3.0,1.5811388300841898,686.8,803.9674744664737
Replace,124,0.0,0.0,45.04114869893835,23.405595708501576,21.02509286409828,16.510231255275755,41.765479632375204,32.46051785147474,0.32522441296226867,0.2756340757568387,2.1336961647319774,0.4630001779473441,3.9863137138648344e-11,0.0,2.2204460492503132e-17,0.0,7.229108942666412,1.5099504836598898,,,3.0,1.5811388300841898,686.8,803.9674744664737
Replace,125,0.0,0.0,44.705953800342385,22.39232819694084,21.82796184074054,17.776229888347164,42.366260302873506,34.17028255266155,0.3285568853286844,0.28068323051413163,2.0856418225315294,0.4212641488396421,3.9863137138648344e-11,0.0,2.2204460492503132e-17,0.0,7.18269144122703,1.526501019359619,,,3.0,1.5811388300841898,686.8,803.9674744664737
Replace,126,0.0,0.0,46.62975378643578,24.624024822051325,16.703285472505954,13.652615286501907,33.3833082433949,27.31306695691303,0.2674562092915363,0.2511179301680475,2.1322136561890046,0.33419704450359067,3.9863137138648344e-11,0.0,2.2204460492503132e-17,0.0,7.295115679373083,1.5480050929984646,,,3.0,1.5811388300841898,686.8,803.9674744664737
Replace,127,0.0,0.0,47.040205970763644,24.136152596463752,15.834021311575308,12.626339447355546,31.454652573632547,24.940342572793003,0.24877324608323864,0.22672852199070181,2.144304454513978,0.4477866799987909,3.9863137138648344e-11,0.0,2.2204460492503132e-17,0.0,7.287176099515773,1.5955135822778346,,,3.0,1.5811388300841898,686.8,803.9674744664737
Replace,128,0.0,0.0,46.1135195613198,23.2643895982066,17.0545159893015,14.396060864801637,34.4491081600828,28.811470886978917,0.2735450258070262,0.26447771991719277,2.1687811806900292,0.39760683590798546,3.9863137138648344e-11,0.0,2.2204460492503132e-17,0.0,7.24462347035139,1.5129535229477005,,,3.0,1.5811388300841898,686.8,803.9674744664737
Replace,129,0.0,0.0,46.72339903289603,23.78119510284666,17.856108920586575,17.255628514232654,35.50880654944629,34.38544895503521,0.29004351004522455,0.32882857217486317,2.1351207003941015,0.39344610275899283,3.9863137138648344e-11,0.0,2.2204460492503132e-17,0.0,7.277640385684959,1.508811484501028,,,3.0,1.5811388300841898,686.8,803.9674744664737
Replace,130,0.0,0.0,46.30078286417664,24.10253736826365,19.434852353892147,21.951180554862674,38.91543718302154,43.892564633651254,0.32471798318736744,0.42230946753538007,2.2045299949916477,0.41193176445228324,3.9863137138648344e-11,0.0,2.2204460492503132e-17,0.0,7.244705672269234,1.4473081764748177,,,3.0,1.5811388300841898,686.8,803.9674744664737
Replace,131,0.0,0.0,46.713673463428435,24.445538077497638,19.7597172756184,22.95741445986555,39.077135432463656,45.43669308744098,0.32741052646619306,0.43713615681878387,2.1057673224197275,0.3669240921355883,3.9863137138648344e-11,0.0,2.2204460492503132e-17,0.0,7.269864977812295,1.4413835227145393,,,3.0,1.5811388300841898,686.8,803.9674744664737
Replace,132,0.0,0.0,48.32421353606148,25.57756189873632,20.24357942100508,23.876118297697104,40.45824723097574,47.20112844066161,0.337851157749968,0.4532908148993115,2.161863130038655,0.3212233399358032,3.9863137138648344e-11,0.0,2.2204460492503132e-17,0.0,7.320441154953691,1.4714582597321422,,,3.0,1.5811388300841898,686.8,803.9674744664737
Replace,133,0.0,0.0,47.96687084968223,24.583564496379335,20.06005776545557,23.788313757298873,40.17702543881313,47.95926112583737,0.33563537173468855,0.4598318832697027,2.1741693148986956,0.37913014374355014,3.9863137138648344e-11,0.0,2.2204460492503132e-17,0.0,7.285895264113575,1.478501881941394,,,3.0,1.5811388300841898,686.8,803.9674744664737
Replace,134,0.0,0.0,48.153453765676474,24.772587258591436,18.950555840252616,21.815931676339563,38.02601490702782,43.52942818735837,0.31555188305471826,0.41654238424606493,2.2214384436100287,0.3915383319578043,3.9863137138648344e-11,0.0,2.2204460492503132e-17,0.0,7.3016210577695135,1.4850139789524488,,,3.0,1.5811388300841898,686.8,803.9674744664737
Replace,135,0.0,0.0,47.30968772615195,24.23051041934198,20.39200599434103,24.280406494280882,39.84006508877992,46.6374395305489,0.3336646108991592,0.4487719452445736,2.067372967885768,0.2501620624467416,3.9863137138648344e-11,0.0,2.2204460492503132e-17,0.0,7.287015798716865,1.4478323568076161,,,3.0,1.5811388300841898,686.8,803.9674744664737
Replace,136,0.0,0.0,48.345125661042715,25.03800098813461,17.75049977323045,21.103639908341297,34.629725526581026,40.396138893169194,0.29026315283659077,0.38855145566047633,2.168462163010408,0.3734952974915306,3.9863137138648344e-11,0.0,2.2204460492503132e-17,0.0,7.324838946614809,1.464157972327286,,,3.0,1.5811388300841898,686.8,803.9674744664737
Replace,137,0.0,0.0,49.18809859296018,25.79742274660538,16.30162342921026,19.435184822172342,32.864612243299085,38.9900549857141,0.27752212554290573,0.3756518839289138,2.2282553440352584,0.38121752159699623,3.9863137138648344e-11,0.0,2.2204460492503132e-17,0.0,7.373104635265719,1.471732784338452,,,3.0,1.5811388300841898,686.8,803.9674744664737
Replace,138,0.0,0.0,49.137670018284695,25.691341200835783,20.470491321119553,28.773494945799865,41.72225551332164,58.89051205960652,0.36092000095990645,0.5654963214971442,2.332878080634987,0.468867312595735,3.9863137138648344e-11,0.0,2.2204460492503132e-17,0.0,7.382973211709765,1.4770164697448893,,,3.0,1.5811388300841898,686.8,803.9674744664737
Replace,139,0.0,0.0,48.53142201570985,25.16789151535765,17.998246169809793,24.311594994153882,35.939522717118976,48.289131628570125,0.308609104287286,0.46438918201195156,2.322494196217353,0.5083004317718697,3.9863137138648344e-11,0.0,2.2204460492503132e-17,0.0,7.358944938391727,1.4517353920627833,,,3.0,1.5811388300841898,686.8,803.9674744664737
Replace,140,0.0,0.0,49.68871283020279,26.161135730155298,18.823565928493455,26.631352901704094,37.02395312148748,51.72159425967846,0.32042966502561043,0.49698924356938934,2.2415341369324677,0.4480982895054697,3.9863137138648344e-11,0.0,2.2204460492503132e-17,0.0,7.428176879702065,1.4688689120635083,,,3.0,1.5811388300841898,686.8,803.9674744664737
Replace,141,0.0,0.0,50.96060543603967,27.713207798519896,19.475287503064273,28.449707768604053,38.59576370256235,56.373972388606006,0.3370777206031481,0.5403480799566476,2.2893892586336753,0.34691521334275144,3.9863137138648344e-11,0.0,2.2204460492503132e-17,0.0,7.469607593005821,1.5099023850383744,,,3.0,1.5811388300841898,686.8,803.9674744664737
Replace,142,0.0,0.0,52.935071571840446,29.78438712720469,20.595309441667148,31.656177519284594,42.45910905291579,65.61298106584344,0.3734070016859652,0.6275509329866056,2.3500924705062456,0.5289287758389751,3.9863137138648344e-11,0.0,2.2204460492503132e-17,0.0,7.56138505384875,1.5698256952914202,,,3.0,1.5811388300841898,686.8,803.9674744664737
Replace,143,0.0,0.0,51.48566030699995,27.934842858193004,18.830629665962896,27.61887449621045,38.04427670534123,56.27299865336951,0.3329097948598049,0.5392514501601738,2.3013727742123478,0.43932088644620537,3.9863137138648344e-11,0.0,2.2204460492503132e-17,0.0,7.489164916828375,1.5332128478219795,,,3.0,1.5811388300841898,686.8,803.9674744664737
Replace,144,0.0,0.0,51.41634471828296,28.161953746654696,16.657382734056235,24.21937795881413,33.540935371247286,48.53680664504554,0.29203310900392976,0.4656774120197914,2.303909680662226,0.3731157485888431,3.9863137138648344e-11,0.0,2.2204460492503132e-17,0.0,7.473910172051156,1.5611043049055053,,,3.0,1.5811388300841898,686.8,803.9674744664737
Replace,145,0.0,0.0,50.49227374970192,26.70397099606678,14.504947101481894,19.458748025425276,29.64810712398644,40.09464016752361,0.2562795798744366,0.3855016543855741,2.4321606330343415,0.4136718023336274,3.9863137138648344e-11,0.0,2.2204460492503132e-17,0.0,7.434537574546648,1.5226128512564994,,,3.0,1.5811388300841898,686.8,803.9674744664737
Replace,146,0.0,0.0,50.168586627216584,26.089845787307144,14.399355916837786,16.618528513150746,28.97035665864035,33.254887313974834,0.24298857404053026,0.32038327198368743,2.292936690279375,0.40555590684132287,3.9863137138648344e-11,0.0,2.2204460492503132e-17,0.0,7.415129252218522,1.515769252240172,,,3.0,1.5811388300841898,686.8,803.9674744664737
Replace,147,0.0,0.0,48.86342336622279,24.30853224338494,13.503815058620807,14.749903802082555,27.398087396293466,30.319171025079868,0.22888895164376205,0.29209849644683084,2.2698871116491444,0.3472880880344182,3.9863137138648344e-11,0.0,2.2204460492503132e-17,0.0,7.374192263093979,1.4936336561788215,,,3.0,1.5811388300841898,686.8,803.9674744664737
Replace,148,0.0,0.0,47.87379452947005,23.583625086643668,12.88586906344039,13.87727728370138,25.490988989698927,27.5838335159975,0.2128243918377068,0.26690730222657966,2.2678660378106437,0.34871030908057143,3.9863137138648344e-11,0.0,2.2204460492503132e-17,0.0,7.299986240228773,1.4887532484745218,,,3.0,1.5811388300841898,686.8,803.9674744664737
Replace,149,0.0,0.0,47.14170662361903,23.10191948768475,14.892900464589335,15.952715379973414,29.76060341904945,32.492574381518494,0.2487564291984267,0.31270926668281285,2.211766586258662,0.43817344879001086,3.9863137138648344e-11,0.0,2.2204460492503132e-17,0.0,7.273067401386635,1.456299127393994,,,3.0,1.5811388300841898,686.8,803.9674744664737
Replace,150,0.0,0.0,46.900395288015176,23.51797285688876,16.11688600177805,15.23518074913856,32.44100179523602,30.769738808894274,0.2651097305784066,0.29124027538880176,2.2485130897768895,0.4433642170198742,3.9863137138648344e-11,0.0,2.2204460492503132e-17,0.0,7.281951476945767,1.4773264466816025,,,3.0,1.5811388300841898,686.8,803.9674744664737
Replace,151,0.0,0.0,46.91542561736503,23.17333549003939,17.777353598173214,18.054505823577507,34.9199852319496,35.13817533156715,0.2867391331086272,0.3340856261884345,2.227318029770627,0.4017415750489048,3.9863137138648344e-11,0.0,2.2204460492503132e-17,0.0,7.282492578317436,1.4816109701960634,,,3.0,1.5811388300841898,686.8,803.9674744664737
Replace,152,0.0,0.0,49.04405729609667,23.97373372413554,19.270608143854076,22.074497685887717,38.18787982421891,44.04485252713789,0.32024107916600947,0.42326746410475813,2.291840739468939,0.38978496260443846,3.9863137138648344e-11,0.0,2.2204460492503132e-17,0.0,7.421928424111185,1.5001389637803146,,,3.0,1.5811388300841898,686.8,803.9674744664737
Replace,153,0.0,0.0,50.88662676625647,26.542701568124826,18.009339052726382,20.153776843723453,36.69872352149506,41.56229473344314,0.30699151076480075,0.3993167585796776,2.2941707137064453,0.34086388328723183,3.9863137138648344e-11,0.0,2.2204460492503132e-17,0.0,7.504683765832806,1.5194774222965624,,,3.0,1.5811388300841898,686.8,803.9674744664737
Replace,154,0.0,0.0,50.92528007437126,26.470279551507257,15.75034736716753,17.360399189110506,30.592762807023632,33.515027389300435,0.25524945528086657,0.3216952497283106,2.2394348247582223,0.3546443964276457,3.9863137138648344e-11,0.0,2.2204460492503132e-17,0.0,7.506842457388314,1.5411277608335066,,,3.0,1.5811388300841898,686.8,803.9674744664737
Replace,155,0.0,0.0,51.28362667914915,27.01509655037476,14.646898531363481,15.72780931484894,29.557245368346038,31.463082843484163,0.24563603718642701,0.30247548179271816,2.270832345369807,0.3381760515900051,3.9863137138648344e-11,0.0,2.2204460492503132e-17,0.0,7.528447076667935,1.536595157808143,,,3.0,1.5811388300841898,686.8,803.9674744664737
Replace,156,0.0,0.0,53.266438994945794,29.04095860846154,13.422927391903414,14.89467999829083,26.21681051556613,29.260856356305418,0.21864627564731767,0.2815321217551225,2.174585715075096,0.3117763224432312,3.9863137138648344e-11,0.0,2.2204460492503132e-17,0.0,7.613618832533852,1.5877208740249555,,,3.0,1.5811388300841898,686.8,803.9674744664737
Replace,157,0.0,0.0,52.930010619494944,28.95762097072184,12.75296853152058,14.53892105273828,25.07453995626588,27.857934876314005,0.20897765899920437,0.2678614701496031,2.368384670021693,0.3813499209452092,3.9863137138648344e-11,0.0,2.2204460492503132e-17,0.0,7.588294904417279,1.5935459201489481,,,3.0,1.5811388300841898,686.8,803.9674744664737
Replace,158,0.0,0.0,55.45483716110525,32.68527599494531,11.640473205265208,11.92360630659994,22.616708609192933,22.890642683954415,0.1853620548400014,0.2191169475611864,2.350312369204947,0.36017674755201556,3.9863137138648344e-11,0.0,2.2204460492503132e-17,0.0,7.692687266594747,1.6946944944845284,,,3.0,1.5811388300841898,686.8,803.9674744664737
Replace,159,0.0,0.0,55.36051350938254,33.27247944586759,13.539843147491812,15.330090351114782,26.935287032342735,30.49578652437326,0.2216249842545121,0.2901752749651352,2.328040951363282,0.4613026091796041,3.9863137138648344e-11,0.0,2.2204460492503132e-17,0.0,7.673308134218125,1.7062420194820573,,,3.0,1.5811388300841898,686.8,803.9674744664737
Replace,160,0.0,0.0,54.43605859438536,32.470776512036764,12.927138906667741,14.721533774297997,25.737297100238948,29.121235818473195,0.2109064405793509,0.27566636888758334,2.402155989407523,0.5171362417299112,3.9863137138648344e-11,0.0,2.2204460492503132e-17,0.0,7.613636414530771,1.6991213017483988,,,3.0,1.5811388300841898,686.8,803.9674744664737
Replace,161,0.0,0.0,56.118963054430495,35.9612399129078,14.137401078114172,17.047382176136075,28.349034081174704,34.25544483981052,0.23682335084735376,0.3280609945321113,2.32117362423455,0.4378501393072676,3.9863137138648344e-11,0.0,2.2204460492503132e-17,0.0,7.666096058114053,1.8041853398542718,,,3.0,1.5811388300841898,686.8,803.9674744664737
Replace,162,0.0,0.0,54.058514097149256,32.65250808065732,14.154496087376785,16.585398789525,27.999632024378588,32.62569698955103,0.2327442709773059,0.3120649008515524,2.407555380450343,0.5075341384296866,3.9863137138648344e-11,0.0,2.2204460492503132e-17,0.0,7.570834042815349,1.6977867495893886,,,3.0,1.5811388300841898,686.8,803.9674744664737
Replace,163,0.0,0.0,52.261137459033286,30.0722777763711,14.416782995663624,16.037068450401243,28.95050703884945,32.50769607462627,0.23894216831404608,0.31019690436479724,2.2762710964966906,0.4676377525375245,3.9863137138648344e-11,0.0,2.2204460492503132e-17,0.0,7.493795657623106,1.6339984687067133,,,3.0,1.5811388300841898,686.8,803.9674744664737
Replace,164,0.0,0.0,48.69629249610209,25.360743307507786,14.574833243349335,17.184545318029606,28.545010218544014,33.293794890298585,0.2382465811708318,0.31983012491621854,2.1587064850733713,0.28387545525254504,3.9863137138648344e-11,0.0,2.2204460492503132e-17,0.0,7.32866400723474,1.510829191655068,,,3.0,1.5811388300841898,686.8,803.9674744664737
Replace,165,0.0,0.0,48.90457538832626,25.74765985837375,13.225096433204863,12.594196920689793,26.378656756199746,25.281904025729634,0.21292349773172647,0.23744984517783843,2.2772777831875066,0.3440599737700045,3.9863137138648344e-11,0.0,2.2204460492503132e-17,0.0,7.328739509764435,1.511692729845896,,,3.0,1.5811388300841898,686.8,803.9674744664737
Replace,166,0.0,0.0,49.29734472456231,26.242372606628674,13.25778310537056,13.44528658776631,26.03796045919636,25.73735713474417,0.21166078714406714,0.24402927931924132,2.0875190276116506,0.3449181156965766,3.9863137138648344e-11,0.0,2.2204460492503132e-17,0.0,7.349444263893902,1.5360243286431197,,,3.0,1.5811388300841898,686.8,803.9674744664737
Replace,167,0.0,0.0,50.346431512036176,27.362337597465846,13.84624860086917,14.29733390640793,28.059458940321342,29.048087653355417,0.22897079143676083,0.27589328133346314,2.2158201237951487,0.3106449682991714,3.9863137138648344e-11,0.0,2.2204460492503132e-17,0.0,7.396068346563268,1.5566573792013016,,,3.0,1.5811388300841898,686.8,803.9674744664737
Replace,168,0.0,0.0,50.192847672005115,26.82729854052996,13.617134701423783,14.708095076796205,27.5742446811443,30.3754969537451,0.22806965835017964,0.2911163070308189,2.1819070022587046,0.28537395699097035,3.9863137138648344e-11,0.0,2.2204460492503132e-17,0.0,7.3956603640223735,1.5548760441636302,,,3.0,1.5811388300841898,686.8,803.9674744664737
Replace,169,0.0,0.0,51.57602420808702,28.90996943486916,11.975149125185487,11.84663678011788,23.839515364320466,23.58753973172005,0.19527573159297054,0.2249674844092048,2.2299663491396493,0.36501403878668304,3.9863137138648344e-11,0.0,2.2204460492503132e-17,0.0,7.4696091661080715,1.60269572132442,,,3.0,1.5811388300841898,686.8,803.9674744664737
Replace,170,0.0,0.0,51.74881364982239,29.194168184105095,11.168814418305558,10.537178312963917,22.952935327020946,21.687145146908104,0.18558098189443437,0.20456130932169833,2.243924294730602,0.40726261222103005,3.9863137138648344e-11,0.0,2.2204460492503132e-17,0.0,7.47825661367722,1.6038378449464885,,,3.0,1.5811388300841898,686.8,803.9674744664737
Replace,171,0.0,0.0,53.66497748034749,31.42119254886335,11.427091535104713,9.738800217664533,23.0204856511942,19.22089558995276,0.18195832817547905,0.17494502260959802,2.252482411101134,0.4503325125530339,3.9863137138648344e-11,0.0,2.2204460492503132e-17,0.0,7.575354318279824,1.6392894715934467,,,3.0,1.5811388300841898,686.8,803.9674744664737
Replace,172,0.0,0.0,52.87122151908276,30.57755951329242,9.946532456782162,8.511065822049982,19.86973633293505,16.94255661897043,0.15832177669663228,0.15632832534063765,2.301174582070567,0.3215083752017787,3.9863137138648344e-11,0.0,2.2204460492503132e-17,0.0,7.52834790450474,1.6304653667704523,,,3.0,1.5811388300841898,686.8,803.9674744664737
Replace,173,0.0,0.0,51.65275998703821,29.119946580463264,10.800282595535538,9.92806130280708,21.493131390875032,19.960597726862346,0.17173843461058003,0.18483180458113194,2.327537001109669,0.5311894899132145,3.9863137138648344e-11,0.0,2.2204460492503132e-17,0.0,7.46753244215447,1.6063762113765923,,,3.0,1.5811388300841898,686.8,803.9674744664737
Replace,174,0.0,0.0,48.53884813069482,24.19357207106338,9.89898839566129,8.0360780205116,19.82298717296323,16.089521858107265,0.15581086893176216,0.14411606819539435,2.336203458469143,0.37254784568541965,3.9863137138648344e-11,0.0,2.2204460492503132e-17,0.0,7.349980518015417,1.5138600254308086,,,3.0,1.5811388300841898,686.8,803.9674744664737
Replace,175,0.0,0.0,50.270397165804226,26.37428632329464,9.551544596692063,7.223698908665775,19.165776081389783,14.72339065785875,0.1503969366530271,0.13131554651832694,2.2720834472194924,0.3179766497791521,3.9863137138648344e-11,0.0,2.2204460492503132e-17,0.0,7.42867081462293,1.5444171789845382,,,3.0,1.5811388300841898,686.8,803.9674744664737
Replace,176,0.0,0.0,48.95173157776013,25.05653721928474,8.737350336875748,6.382004935053345,17.36015470264203,12.622655335391059,0.13607060745471677,0.11282917550106226,2.198586063458234,0.33493518267250855,3.9863137138648344e-11,0.0,2.2204460492503132e-17,0.0,7.355032235607188,1.5172793197070749,,,3.0,1.5811388300841898,686.8,803.9674744664737
Replace,177,0.0,0.0,49.77917454938801,25.813712317359524,9.10917075290558,7.644588644066524,18.717006656166422,16.27813913965589,0.14858825364668551,0.14911622852647752,2.193842422474281,0.3175313511558978,3.9863137138648344e-11,0.0,2.2204460492503132e-17,0.0,7.412915064657673,1.5394705270803928,,,3.0,1.5811388300841898,686.8,803.9674744664737
Replace,178,0.0,0.0,50.36816811705178,26.655402366968186,7.99903407439042,6.050958357987323,15.790591517894427,11.882609479600236,0.12449954568876562,0.10809215068267203,2.3489189526321135,0.4874323347483255,3.9863137138648344e-11,0.0,2.2204460492503132e-17,0.0,7.428490663248462,1.5491070731061254,,,3.0,1.5811388300841898,686.8,803.9674744664737
Replace,179,0.0,0.0,50.55839381524832,26.982840879465616,6.817643494052632,5.015188796004956,13.718645984733707,10.253201763856207,0.1087151102474605,0.09471159493898543,2.3837269600385964,0.46686254502540564,3.9863137138648344e-11,0.0,2.2204460492503132e-17,0.0,7.41767846991643,1.5622379659689722,,,3.0,1.5811388300841898,686.8,803.9674744664737
Replace,180,0.0,0.0,48.82003033219163,24.589876753811076,6.9695335578495,4.6583937994086035,13.815083733613264,9.305676927992467,0.10740663936184289,0.08056907819361771,2.238343191030289,0.32889150917602766,3.9863137138648344e-11,0.0,2.2204460492503132e-17,0.0,7.344217664405735,1.5223079375853021,,,3.0,1.5811388300841898,686.8,803.9674744664737
Replace,181,0.0,0.0,48.59682098336104,24.067428141265157,5.9503410749887555,3.944657751350192,11.868684307076826,7.878573892697699,0.08892370742381535,0.05474496239126204,2.3075335471589242,0.37638116331537835,3.9863137138648344e-11,0.0,2.2204460492503132e-17,0.0,7.346652788527086,1.5091776159309342,,,3.0,1.5811388300841898,686.8,803.9674744664737
Replace,182,0.0,0.0,49.04176731004618,24.703277575204062,6.220330135260758,4.254941207032859,12.453137284664923,8.517622192106662,0.09496569394368594,0.06642341703406805,2.2554359334375356,0.3078761778549981,3.9863137138648344e-11,0.0,2.2204460492503132e-17,0.0,7.361260620921643,1.5349336139998417,,,3.0,1.5811388300841898,686.8,803.9674744664737
Replace,183,0.0,0.0,49.011088451192265,25.051324941814237,6.008133696332206,4.133179113693346,11.9708851307098,8.141511384026243,0.09101496785765442,0.06253468792386584,2.226890326121201,0.33628367970183914,3.9863137138648344e-11,0.0,2.2204460492503132e-17,0.0,7.348724245856895,1.5259903323374933,,,3.0,1.5811388300841898,686.8,803.9674744664737
Replace,184,0.0,0.0,50.43196535418953,25.91371666614362,6.028148781599936,4.096361274602976,11.797192158567944,7.980304049757569,0.08907730991505483,0.05997382543549717,2.2508935194288204,0.3292349298631455,3.9863137138648344e-11,0.0,2.2204460492503132e-17,0.0,7.439923175553278,1.5757089890770422,,,3.0,1.5811388300841898,686.8,803.9674744664737
Replace,185,0.0,0.0,50.33567174861876,25.837986314532145,5.937834732845451,3.9841103125949884,11.60585190660043,7.714611734750882,0.08859791700559419,0.06153429544786305,2.42610455673161,0.40532726755768617,3.9863137138648344e-11,0.0,2.2204460492503132e-17,0.0,7.43899246673552,1.5748630717193395,,,3.0,1.5811388300841898,686.8,803.9674744664737
Replace,186,0.0,0.0,51.46914339929488,26.924206609444834,6.336305822094628,4.499213279103348,12.533591674208733,8.744252205152513,0.09749586775526271,0.07652780502570723,2.289275404655367,0.36330173733551424,3.9863137138648344e-11,0.0,2.2204460492503132e-17,0.0,7.498862501027752,1.6196864491197345,,,3.0,1.5811388300841898,686.8,803.9674744664737
Replace,187,0.0,0.0,52.070979175463,27.456307510388328,5.792076343668326,3.7171491035658675,11.555306120504865,7.321147535525752,0.09084803971071256,0.06684400976435062,2.366342017977222,0.3965877796809348,3.9863137138648344e-11,0.0,2.2204460492503132e-17,0.0,7.5362038490505725,1.6072215624918924,,,3.0,1.5811388300841898,686.8,803.9674744664737
Replace,188,0.0,0.0,53.60935787975634,29.452736719488733,6.4374153651964745,4.614633557570284,12.867459891820051,9.1646805452485,0.10305708476787565,0.08708155598217378,2.3592029540038584,0.33301138495922517,3.9863137138648344e-11,0.0,2.2204460492503132e-17,0.0,7.616298190968169,1.658200926174508,,,3.0,1.5811388300841898,686.8,803.9674744664737
Replace,189,0.0,0.0,54.768594558939164,31.56435874175299,7.030575518200128,5.889949035962213,13.893477383500874,11.342539167689067,0.11252198855050385,0.1084521882092369,2.4927772871085487,0.45659092446774086,3.9863137138648344e-11,0.0,2.2204460492503132e-17,0.0,7.662840461622868,1.7156138056778143,,,3.0,1.5811388300841898,686.8,803.9674744664737
Replace,190,0.0,0.0,56.267595035491944,34.29587845399813,6.627290367922571,5.550827699363357,13.129056441784247,10.720018706658376,0.10642829676932586,0.10212371231875028,2.429981802654724,0.5036623114931933,3.9863137138648344e-11,0.0,2.2204460492503132e-17,0.0,7.726566786299396,1.7939011177889548,,,3.0,1.5811388300841898,686.8,803.9674744664737
Replace,191,0.0,0.0,56.02184592529984,32.78357586874394,5.811000251205079,5.104015946095672,11.57371217218055,10.277320619342968,0.09571569277476036,0.09998334555038822,2.495117642111491,0.46627491396416654,3.9863137138648344e-11,0.0,2.2204460492503132e-17,0.0,7.744287774178323,1.7552945400465245,,,3.0,1.5811388300841898,686.8,803.9674744664737
Replace,192,0.0,0.0,55.68189976607499,32.18668317981013,5.805047884843164,5.346519239386175,11.242934483585698,10.036663901722925,0.09306296294990786,0.09783892277423456,2.4091977633519157,0.35612111238809285,3.9863137138648344e-11,0.0,2.2204460492503132e-17,0.0,7.718982000363562,1.7606946431656614,,,3.0,1.5811388300841898,686.8,803.9674744664737
Replace,193,0.0,0.0,54.41970232334863,29.653785354021853,5.960929284794515,5.212807017220425,11.63659739941129,10.020737627488376,0.09590801600897592,0.09581293410884927,2.3625612931646502,0.32366867163591534,3.9863137138648344e-11,0.0,2.2204460492503132e-17,0.0,7.675486900044021,1.7158058116476596,,,3.0,1.5811388300841898,686.8,803.9674744664737
Replace,194,0.0,0.0,54.310938562790454,29.12591970778383,5.832049234498237,5.071080945061352,11.46596168513523,9.84055421905342,0.09426312144669136,0.0919559858234792,2.4717763760845726,0.45153279113709244,3.9863137138648344e-11,0.0,2.2204460492503132e-17,0.0,7.67451793475707,1.7183576786092079,,,3.0,1.5811388300841898,686.8,803.9674744664737
Replace,195,0.0,0.0,54.544297801454874,29.260326176412395,5.417130585036391,4.90045989759759,10.889735757594616,9.662799479173069,0.09041776722965034,0.0931355299757813,2.4136960441292685,0.3998516270142881,3.9863137138648344e-11,0.0,2.2204460492503132e-17,0.0,7.6983673484094455,1.7009046758852968,,,3.0,1.5811388300841898,686.8,803.9674744664737
Replace,196,0.0,0.0,53.81851943283597,28.16019713275818,5.950756263237146,5.455102804362133,12.040373214557464,11.250199524753425,0.10017843510642901,0.10867702113931949,2.3315753597139293,0.3345155940763534,3.9863137138648344e-11,0.0,2.2204460492503132e-17,0.0,7.65632595624623,1.6946678464786435,,,3.0,1.5811388300841898,686.8,803.9674744664737
Replace,197,0.0,0.0,53.95542075951399,27.57256327600776,5.402854545298956,4.08995159398919,10.660143383359134,8.084201225858708,0.0863943129556126,0.07491860180715018,2.282505234815502,0.33386030397982586,3.9863137138648344e-11,0.0,2.2204460492503132e-17,0.0,7.675919131180249,1.7089364509408609,,,3.0,1.5811388300841898,686.8,803.9674744664737
Replace,198,0.0,0.0,52.96614166493115,26.677659735580765,5.079782424691263,4.402482802285456,10.076524951472006,8.57119314934973,0.08344710720264167,0.08149353041528117,2.4173807861864463,0.3693083145474107,3.9863137138648344e-11,0.0,2.2204460492503132e-17,0.0,7.627976959290351,1.6521249981755795,,,3.0,1.5811388300841898,686.8,803.9674744664737
Replace,199,0.0,0.0,54.24293699837227,27.05150457653535,4.959932375953489,3.983485182980751,10.08669789297645,8.285901880906321,0.08303609768782963,0.07913669723948076,2.493809918301941,0.4881410047900511,3.9863137138648344e-11,0.0,2.2204460492503132e-17,0.0,7.710640289425268,1.6913569991129807,,,3.0,1.5811388300841898,686.8,803.9674744664737
Replace,200,0.0,0.0,54.11675707412927,27.017451257582,4.817481631031522,3.7221452450747363,9.606793232768045,7.529463314806303,0.0789615536639201,0.07140316696615014,2.327382202945773,0.3855573868056333,3.9863137138648344e-11,0.0,2.2204460492503132e-17,0.0,7.711330076129198,1.661202251129329,,,3.0,1.5811388300841898,686.8,803.9674744664737
Replace + Select,0,1.0,0.0,0.2915999999997966,6.822220551967122e-14,62.77201873058,15.215228969247487,125.9536479952247,31.47417343659847,0.9987744834259107,0.015563982269467012,0.06671543487961083,0.011937405499952695,0.7219280948873623,0.0,0.2,0.0,1.7999999999993719,2.1047292916485777e-13,,,3.0,1.5811388300841898,686.8,803.9674744664737
Replace + Select,1,1.0,0.0,2.879855793386432,2.302717967568323,41.50789925387804,14.621400549184383,82.63993791078565,29.432515811987752,0.6717893353334773,0.2538350796872016,0.6133240350911302,0.1947444078756253,0.6468596115468053,0.2577893171788696,0.187250400678932,0.10684842136614203,2.432498071412443,1.0115203831479707,,,3.0,1.5811388300841898,686.8,803.9674744664737
Replace + Select,2,1.0,0.0,6.295623546815617,5.623041613716791,22.18773062667328,11.828974960692547,44.610880367935906,24.075081339694382,0.37471772764655664,0.23717000334944788,1.0364170106965722,0.370825958788911,0.5508044206194544,0.42582501089948915,0.19882074426319699,0.20277584219799288,3.6811509269466285,1.7907781862355885,,,3.0,1.5811388300841898,686.8,803.9674744664737
Replace + Select,3,1.0,0.0,9.806793930064394,7.93966476546699,11.629386116110393,7.893372794508777,23.270751429893775,15.749572125226129,0.19970092495466632,0.15682352974521951,1.3831477175847007,0.40531808319589707,0.4113962557697491,0.5275038004794518,0.17746028847238476,0.2388322775145986,4.189153283641948,2.255264674358419,,,3.0,1.5811388300841898,686.8,803.9674744664737
Replace + Select,4,1.0,0.0,11.886636409810112,9.625419900014837,6.2447151819331355,4.33342706681723,12.453427119777473,8.676588985455487,0.10737919906749452,0.08620576900351261,1.6416968570919193,0.3538494888712383,0.3525289627103485,0.4882164964151845,0.13143060128235273,0.19299590417894943,4.14821630986536,2.4538601510506353,,,3.0,1.5811388300841898,686.8,803.9674744664737
Replace + Select,5,1.0,0.0,12.593320848377891,10.357805959043722,3.190635768403948,2.549878643036406,6.37482355270443,5.061106109139898,0.0551662445602077,0.04964079160757401,1.778548878789604,0.3258779138718301,0.2313452130366845,0.36308551198921196,0.06433736292547425,0.113339652823713,4.1666470251214225,2.5849283205441194,,,3.0,1.5811388300841898,686.8,803.9674744664737
Replace + Select,6,1.0,0.0,13.243345550975283,11.23627577466902,1.5326298390860469,1.4024153400004642,3.0571346832600184,2.7943196512555093,0.026243138104130766,0.026824625243597796,1.9011435779164692,0.3695789257124554,0.06548898379183121,0.14643781944677983,0.011999999982125652,0.02683281569002917,4.1572238381044055,2.674190423549449,,,3.0,1.5811388300841898,686.8,803.9674744664737
Replace + Select,7,1.0,0.0,13.261568314596664,11.496251170562402,0.7771099971156274,0.6794667576756145,1.536241859171952,1.3359850819978238,0.013112955767435864,0.012762979088755757,2.006874255982087,0.346484124638406,3.9863137138648344e-11,0.0,2.2204460492503132e-17,0.0,4.98048550756914,1.5450362007404679,,,3.0,1.5811388300841898,686.8,803.9674744664737
Replace + Select,8,1.0,0.0,13.294353987256404,11.553906104039372,0.4500247480308829,0.44253954241193116,0.9026045915835246,0.8944910582797913,0.007772376624987055,0.008568727392133988,2.0243683074121934,0.3262747336339947,3.9863137138648344e-11,0.0,2.2204460492503132e-17,0.0,4.979312739149829,1.5576236667490857,,,3.0,1.5811388300841898,686.8,803.9674744664737
Replace + Select,9,1.0,0.0,13.396194516475191,11.54132709445748,0.23887755579540992,0.2261047434697002,0.48047856173736775,0.45890095566128886,0.004126505479889037,0.0043981490421555495,2.0935269811998642,0.32412597402593807,3.9863137138648344e-11,0.0,2.2204460492503132e-17,0.0,5.002165124190517,1.5495406265032574,,,3.0,1.5811388300841898,686.8,803.9674744664737
Replace + Select,10,1.0,0.0,13.391441080142249,11.473642713878151,0.15084540763185814,0.16860621230187633,0.30383955672089163,0.34280631333984385,0.002651725619880784,0.003289657050650123,2.105500463321264,0.3724045703442318,3.9863137138648344e-11,0.0,2.2204460492503132e-17,0.0,5.004664840713152,1.5514256617903226,,,3.0,1.5811388300841898,686.8,803.9674744664737
Replace + Select,11,1.0,0.0,13.415246447444883,11.432496472764093,0.09666885819847351,0.11068272610782015,0.19539421409775562,0.22495642268761132,0.0017212030508535442,0.0021600567258644628,2.0863886301506183,0.3352327529079205,3.9863137138648344e-11,0.0,2.2204460492503132e-17,0.0,5.007413262176551,1.551184827744371,,,3.0,1.5811388300841898,686.8,803.9674744664737
Replace + Select,12,1.0,0.0,13.382785717688574,11.422055352116795,0.06890215547406718,0.08688014335033155,0.13715455298891066,0.17365583560801384,0.0012224878205117468,0.001663190726443638,2.1451968869782947,0.4112265228172258,3.9863137138648344e-11,0.0,2.2204460492503132e-17,0.0,5.006522220630044,1.553831498419822,,,3.0,1.5811388300841898,686.8,803.9674744664737
Replace + Select,13,1.0,0.0,13.425945414217825,11.397207357305486,0.05469046348158514,0.07209950943278245,0.1108884332565588,0.14724369915109423,0.0009959863583447986,0.0014069192722929804,2.091438911139218,0.31432521386098927,3.9863137138648344e-11,0.0,2.2204460492503132e-17,0.0,5.012650232772655,1.55351538872241,,,3.0,1.5811388300841898,686.8,803.9674744664737
Replace + Select,14,1.0,0.0,13.421144844499045,11.390527038142444,0.0458275232536642,0.06317313511677783,0.09260068335681856,0.12863890935473205,0.0008381803782613736,0.001227107738013716,2.108201220281332,0.4104665127373144,3.9863137138648344e-11,0.0,2.2204460492503132e-17,0.0,5.012265647851003,1.5510089291526565,,,3.0,1.5811388300841898,686.8,803.9674744664737
Replace + Select,15,1.0,0.0,13.47713404896282,11.361722027429204,0.03611777760228495,0.04842715172783903,0.07154214261837653,0.09564008000416294,0.0006465619213704964,0.0009125978269919806,2.086537380307724,0.3314479029144094,3.9863137138648344e-11,0.0,2.2204460492503132e-17,0.0,5.0155969067695345,1.5512815765317705,,,3.0,1.5811388300841898,686.8,803.9674744664737
Replace + Select,16,1.0,0.0,13.515436456117062,11.36517088214491,0.03132016774832495,0.04169774829700503,0.06223876560041804,0.08243108879086589,0.0005629732601662512,0.0007870567056785259,2.110827000412418,0.327620112105429,3.9863137138648344e-11,0.0,2.2204460492503132e-17,0.0,5.013437548864936,1.5532714668115406,,,3.0,1.5811388300841898,686.8,803.9674744664737
Replace + Select,17,1.0,0.0,13.547277715925329,11.3688494184104,0.025405353003518205,0.03308623390258218,0.051412669214603614,0.06744269305793468,0.00046858259374132655,0.0006450736881197752,2.1355722630657796,0.3645170905274471,3.9863137138648344e-11,0.0,2.2204460492503132e-17,0.0,5.018707357463746,1.5533747726128353,,,3.0,1.5811388300841898,686.8,803.9674744664737
Replace + Select,18,1.0,0.0,13.552977078192711,11.392155829114095,0.02108422561764383,0.02682021943954079,0.042216618722374484,0.05325036947606568,0.00038255751527280885,0.0005098812620653116,2.1385577128688373,0.28578119451053297,3.9863137138648344e-11,0.0,2.2204460492503132e-17,0.0,5.020499313051504,1.5558249584475756,,,3.0,1.5811388300841898,686.8,803.9674744664737
Replace + Select,19,1.0,0.0,13.582161559969958,11.38362373189651,0.01822752252707014,0.022915253005064803,0.036236889276683115,0.04538619865889835,0.0003277386225490515,0.00043431193087389516,2.132110760360197,0.3753903206051906,3.9863137138648344e-11,0.0,2.2204460492503132e-17,0.0,5.020705747934692,1.5568182361373557,,,3.0,1.5811388300841898,686.8,803.9674744664737
Replace + Select,20,1.0,0.0,13.603426254228543,11.385058175365428,0.016190104043951513,0.019885184869999132,0.03252539088556819,0.04006398427809267,0.0002936672694239484,0.0003842885958212025,2.157620217519727,0.34410660867556714,3.9863137138648344e-11,0.0,2.2204460492503132e-17,0.0,5.021671067535651,1.557132382386943,,,3.0,1.5811388300841898,686.8,803.9674744664737
Replace + Select,21,1.0,0.0,13.586543893228523,11.37845055379885,0.013006927053058975,0.015158862773988256,0.0261076014653654,0.030283818337921268,0.00023427657418576513,0.0002909403222515815,2.1063915549678063,0.29766783116944906,3.9863137138648344e-11,0.0,2.2204460492503132e-17,0.0,5.0233588700379554,1.5563009100306848,,,3.0,1.5811388300841898,686.8,803.9674744664737
Replace + Select,22,1.0,0.0,13.573519019938832,11.383962576363635,0.011964693271964996,0.014353892725658143,0.02394872227388726,0.0287898020908839,0.00021633564376962217,0.0002759517846869853,2.124959981341058,0.32831026613051073,3.9863137138648344e-11,0.0,2.2204460492503132e-17,0.0,5.022433916648115,1.556150316027023,,,3.0,1.5811388300841898,686.8,803.9674744664737
Replace + Select,23,1.0,0.0,13.581859374647062,11.38927401322584,0.011764171588120787,0.014311410603549839,0.023308214087937953,0.028089358368717524,0.00021075749870522143,0.0002691498204174168,2.104624125529784,0.37229960976675924,3.9863137138648344e-11,0.0,2.2204460492503132e-17,0.0,5.022570420380771,1.5578154737882512,,,3.0,1.5811388300841898,686.8,803.9674744664737
Replace + Select,24,1.0,0.0,13.61544911818327,11.393243329310085,0.011565954652225346,0.01503852426720937,0.023124541879401796,0.030046934954708004,0.00021046901826596073,0.00028660458678586234,2.1223686670311332,0.35932084517188584,3.9863137138648344e-11,0.0,2.2204460492503132e-17,0.0,5.025109725180628,1.5573153193707148,,,3.0,1.5811388300841898,686.8,803.9674744664737
Replace + Select,25,1.0,0.0,13.643237650016847,11.38986771057856,0.00967108449154827,0.012133914699494004,0.01912144403585716,0.02380234868792553,0.0001732535250238742,0.00022729364246037184,2.0831319339642733,0.30777763122142504,3.9863137138648344e-11,0.0,2.2204460492503132e-17,0.0,5.025139355131975,1.5566165568440073,,,3.0,1.5811388300841898,686.8,803.9674744664737
Replace + Select,26,1.0,0.0,13.651623153410725,11.404201274787813,0.009242246997480835,0.01207876639370715,0.018543475518647372,0.024259111508561436,0.00016821659076961913,0.00023153011336091037,2.188373887800915,0.3743118578610323,3.9863137138648344e-11,0.0,2.2204460492503132e-17,0.0,5.025182016658415,1.557864308755741,,,3.0,1.5811388300841898,686.8,803.9674744664737
Replace + Select,27,1.0,0.0,13.65352905669254,11.41193747216022,0.009051811123580885,0.012046031108646944,0.018174516733457546,0.024336587905273488,0.00016547871320825416,0.00023235452336478135,2.109032306667653,0.3115920317898567,3.9863137138648344e-11,0.0,2.2204460492503132e-17,0.0,5.027233418741565,1.5589639948150735,,,3.0,1.5811388300841898,686.8,803.9674744664737
Replace + Select,28,1.0,0.0,13.65837934445199,11.410706664374663,0.008519804409051328,0.01158220944910269,0.016944656831791385,0.02290675293733714,0.0001541228124666163,0.00021872712886306006,2.1157466476207807,0.34600084619237775,3.9863137138648344e-11,0.0,2.2204460492503132e-17,0.0,5.026980128600042,1.5589019342381973,,,3.0,1.5811388300841898,686.8,803.9674744664737
Replace + Select,29,1.0,0.0,13.677261480058021,11.417862801565429,0.00798677013642755,0.010835764346693146,0.016053548355993045,0.021655392130314775,0.00014639864530815384,0.00020683195211892004,2.1697987990559247,0.43309743123320066,3.9863137138648344e-11,0.0,2.2204460492503132e-17,0.0,5.028020011050607,1.5583433802571935,,,3.0,1.5811388300841898,686.8,803.9674744664737
Replace + Select,30,1.0,0.0,13.688358751845062,11.416648887891467,0.007379207159686242,0.010155354037127595,0.014723626855080338,0.020355917387706306,0.00013441750816019636,0.00019427970385235037,2.146289404944864,0.39294876858736455,3.9863137138648344e-11,0.0,2.2204460492503132e-17,0.0,5.028222463025437,1.5582343477371416,,,3.0,1.5811388300841898,686.8,803.9674744664737
Replace + Select,31,1.0,0.0,13.695298506541544,11.418348422069505,0.007179718469388534,0.010333036063460109,0.014467156224854113,0.02081011907044657,0.00013328392325577678,0.00019815153811497788,2.130661807663481,0.30781694955870875,3.9863137138648344e-11,0.0,2.2204460492503132e-17,0.0,5.026766637731389,1.5593122454108113,,,3.0,1.5811388300841898,686.8,803.9674744664737
Replace + Select,32,1.0,0.0,13.699633563085538,11.42222190142661,0.006644620160939319,0.00902575497564225,0.013492881424104392,0.018473115255984402,0.00012432991771035078,0.0001763440279945731,2.1263905106113197,0.35623567834126696,3.9863137138648344e-11,0.0,2.2204460492503132e-17,0.0,5.027609553136751,1.5592390456807064,,,3.0,1.5811388300841898,686.8,803.9674744664737
Replace + Select,33,1.0,0.0,13.704104751407721,11.419900381131189,0.006212062296640079,0.008448713382349126,0.012219265926630762,0.016443352410922905,0.0001125416407106538,0.00015724199101021047,2.14845728591354,0.3642802444424328,3.9863137138648344e-11,0.0,2.2204460492503132e-17,0.0,5.02992266510705,1.5601168154323868,,,3.0,1.5811388300841898,686.8,803.9674744664737
Replace + Select,34,1.0,0.0,13.709261925869395,11.425776433440694,0.0063714093946549335,0.009387949573733971,0.01263875806352369,0.01855582697743724,0.0001167999756795757,0.0001764282223724395,2.125555964270726,0.3529139785001604,3.9863137138648344e-11,0.0,2.2204460492503132e-17,0.0,5.029561806747548,1.5614609251035279,,,3.0,1.5811388300841898,686.8,803.9674744664737
Replace + Select,35,1.0,0.0,13.708682494917351,11.427200983556014,0.005540070404475205,0.007777387565832149,0.011095329958877426,0.015578917640279912,0.00010201248161829006,0.0001485287109252372,2.193126706958383,0.42822973765248723,3.9863137138648344e-11,0.0,2.2204460492503132e-17,0.0,5.029012038753661,1.5616516385770447,,,3.0,1.5811388300841898,686.8,803.9674744664737
Replace + Select,36,1.0,0.0,13.713112501717228,11.43149571645492,0.005044712306617265,0.006761615050642673,0.009973655943964115,0.013200933410712745,9.156794950779002e-05,0.00012630391312082198,2.1199996293715073,0.32567632995919327,3.9863137138648344e-11,0.0,2.2204460492503132e-17,0.0,5.027960810505645,1.5620610464837974,,,3.0,1.5811388300841898,686.8,803.9674744664737
Replace + Select,37,1.0,0.0,13.727960165158757,11.435653615244092,0.00458931485278773,0.00613089879947293,0.00927291490514849,0.012466298090374278,8.496251714469788e-05,0.00011908811000586045,2.1355755459222294,0.33541887653699837,3.9863137138648344e-11,0.0,2.2204460492503132e-17,0.0,5.029450255871765,1.56272531765451,,,3.0,1.5811388300841898,686.8,803.9674744664737
Replace + Select,38,1.0,0.0,13.735649569322305,11.45258063860158,0.004462060392508226,0.005992754712637762,0.008936352989038405,0.012062242432856755,8.216252296237304e-05,0.0001151526137851217,2.186459448442747,0.4151758318798155,3.9863137138648344e-11,0.0,2.2204460492503132e-17,0.0,5.030447881676647,1.564265052751642,,,3.0,1.5811388300841898,686.8,803.9674744664737
Replace + Select,39,1.0,0.0,13.739618033221154,11.46164276530476,0.004480681421553166,0.006101253251836064,0.00883733861757836,0.011954501015580116,8.111818208221165e-05,0.00011403303802170571,2.1529936625623876,0.3594314550758193,3.9863137138648344e-11,0.0,2.2204460492503132e-17,0.0,5.031690341156946,1.5649130247408214,,,3.0,1.5811388300841898,686.8,803.9674744664737
Replace + Select,40,1.0,0.0,13.752052705893828,11.464253024657832,0.004441842946192232,0.006216557935229774,0.008867842903601679,0.012332802151952763,8.152660762735584e-05,0.0001175521683256716,2.1250965829146216,0.29190791111875164,3.9863137138648344e-11,0.0,2.2204460492503132e-17,0.0,5.033230192426103,1.565034948183971,,,3.0,1.5811388300841898,686.8,803.9674744664737
Replace + Select,41,1.0,0.0,13.756570697023529,11.470680487247598,0.004023060592451606,0.0054402664591754555,0.008034646919378162,0.010836472599317236,7.386836426249882e-05,0.00010358048309517867,2.1334027881438304,0.3481534016048249,3.9863137138648344e-11,0.0,2.2204460492503132e-17,0.0,5.034748637157804,1.5652210324518239,,,3.0,1.5811388300841898,686.8,803.9674744664737
Replace + Select,42,1.0,0.0,13.7629128550101,11.470366607104294,0.0035671814327588695,0.0046664930948221205,0.0070845511748801725,0.009280413762963137,6.501387950791438e-05,8.892306576577224e-05,2.1266324599128215,0.34783317070714775,3.9863137138648344e-11,0.0,2.2204460492503132e-17,0.0,5.034904473987226,1.5653893761344577,,,3.0,1.5811388300841898,686.8,803.9674744664737
Replace + Select,43,1.0,0.0,13.761071183274286,11.470825367466311,0.0033661467404594537,0.004502329937520708,0.006620625987727188,0.008763330102413662,6.103839979592825e-05,8.386903364538186e-05,2.1427297406894326,0.371141149165912,3.9863137138648344e-11,0.0,2.2204460492503132e-17,0.0,5.034638876421256,1.5659580348408348,,,3.0,1.5811388300841898,686.8,803.9674744664737
Replace + Select,44,1.0,0.0,13.766318477930323,11.481281635582647,0.0030062574760157815,0.003955361612538331,0.005981736451415151,0.007796881954064599,5.5042050641238604e-05,7.470020777230306e-05,2.1525955521728264,0.4104820960031593,3.9863137138648344e-11,0.0,2.2204460492503132e-17,0.0,5.035068659707578,1.567240337455588,,,3.0,1.5811388300841898,686.8,803.9674744664737
Replace + Select,45,1.0,0.0,13.769915077500325,11.486244778376319,0.0028190631879786376,0.0036700061717081546,0.005503900220308805,0.007064074398844831,5.0597346992515454e-05,6.780237211956792e-05,2.154778548959291,0.43636961666387303,3.9863137138648344e-11,0.0,2.2204460492503132e-17,0.0,5.035501186533373,1.5675065494121931,,,3.0,1.5811388300841898,686.8,803.9674744664737
Replace + Select,46,1.0,0.0,13.777573407130248,11.49453147838145,0.0027674004470500313,0.003554134069295356,0.005545186946313328,0.007103397751653778,5.090075070885988e-05,6.817547188614804e-05,2.113854915247562,0.26648214611016957,3.9863137138648344e-11,0.0,2.2204460492503132e-17,0.0,5.034589394015118,1.5675590574188627,,,3.0,1.5811388300841898,686.8,803.9674744664737
Replace + Select,47,1.0,0.0,13.788406025065328,11.504350191708237,0.0027987744513471415,0.003819204936815146,0.005495755428661331,0.007428395913329634,5.067552467446409e-05,7.103463812831446e-05,2.161671321377012,0.3169125102559338,3.9863137138648344e-11,0.0,2.2204460492503132e-17,0.0,5.035337277633781,1.5685329165694646,,,3.0,1.5811388300841898,686.8,803.9674744664737
Replace + Select,48,1.0,0.0,13.798120783229715,11.508130858486954,0.002696267355363016,0.0035013230567994044,0.005429662699012058,0.007158276154850421,5.015698723061338e-05,6.865937133892991e-05,2.1585035673298925,0.3854337744986801,3.9863137138648344e-11,0.0,2.2204460492503132e-17,0.0,5.035597734750917,1.5684536746892253,,,3.0,1.5811388300841898,686.8,803.9674744664737
Replace + Select,49,1.0,0.0,13.80869589061293,11.51956414486554,0.0024726431740802563,0.003209987399816783,0.005033749166678703,0.00659964544511056,4.617356812805673e-05,6.328095622424581e-05,2.178432331294336,0.34786120115515023,3.9863137138648344e-11,0.0,2.2204460492503132e-17,0.0,5.0361504773853945,1.569500298637094,,,3.0,1.5811388300841898,686.8,803.9674744664737
Replace + Select,50,1.0,0.0,13.810455390831635,11.527158019646258,0.0024127307215871434,0.0030379498679969016,0.004793490927304287,0.0060570518075909385,4.394509170761259e-05,5.828291362140779e-05,2.157793639001477,0.31214228812039935,3.9863137138648344e-11,0.0,2.2204460492503132e-17,0.0,5.035735909159682,1.5701988089814136,,,3.0,1.5811388300841898,686.8,803.9674744664737
Replace + Select,51,1.0,0.0,13.82376012889713,11.53297154811599,0.002335439086757883,0.0028370307087886423,0.004651983412242622,0.005656271093865448,4.238508674030583e-05,5.454131995532335e-05,2.171842002117893,0.3947091757716913,3.9863137138648344e-11,0.0,2.2204460492503132e-17,0.0,5.037463218289309,1.5706863025656959,,,3.0,1.5811388300841898,686.8,803.9674744664737
Replace + Select,52,1.0,0.0,13.834996573914697,11.544647707084536,0.002183477352964635,0.002672022565517434,0.00433576476300308,0.005254902774098315,3.952978465792026e-05,5.068204506240209e-05,2.1641136401599517,0.320202509207333,3.9863137138648344e-11,0.0,2.2204460492503132e-17,0.0,5.039017760374812,1.5716256437431073,,,3.0,1.5811388300841898,686.8,803.9674744664737
Replace + Select,53,1.0,0.0,13.843095532288853,11.553009182451984,0.002042130917461543,0.0024266071521555957,0.0040648495763074225,0.00481612533669231,3.7199925099763e-05,4.655439021086135e-05,2.1185296916114384,0.3118435372099231,3.9863137138648344e-11,0.0,2.2204460492503132e-17,0.0,5.039699625632883,1.5714510071800503,,,3.0,1.5811388300841898,686.8,803.9674744664737
Replace + Select,54,1.0,0.0,13.845727986874795,11.549810826595083,0.002009473872197431,0.002453083696081228,0.004009614432213213,0.00489695175616315,3.6734576541708944e-05,4.716592746261086e-05,2.09967859530868,0.33690174776733484,3.9863137138648344e-11,0.0,2.2204460492503132e-17,0.0,5.0402880231099685,1.5711079355125075,,,3.0,1.5811388300841898,686.8,803.9674744664737
Replace + Select,55,1.0,0.0,13.850870595988926,11.554656168509455,0.0019212303061325088,0.002488037876424029,0.003863686234276257,0.005037279808345036,3.5351681497501444e-05,4.823330923005924e-05,2.15603167019463,0.42642570991723366,3.9863137138648344e-11,0.0,2.2204460492503132e-17,0.0,5.040710006964243,1.5721531834714322,,,3.0,1.5811388300841898,686.8,803.9674744664737
Replace + Select,56,1.0,0.0,13.860928597507657,11.561243007626542,0.001929405271796907,0.0025801879717364364,0.0038128846103943834,0.005074342299085441,3.495888887331256e-05,4.8523141766913756e-05,2.1575687303672084,0.2805491979288763,3.9863137138648344e-11,0.0,2.2204460492503132e-17,0.0,5.042263391509648,1.573035365676482,,,3.0,1.5811388300841898,686.8,803.9674744664737
Replace + Select,57,1.0,0.0,13.870031420344915,11.570192474230929,0.0018499279869610378,0.002404094451761524,0.0036830509597169494,0.004723011442758896,3.3568141535888635e-05,4.524738853055299e-05,2.1653595140631348,0.37240230502799676,3.9863137138648344e-11,0.0,2.2204460492503132e-17,0.0,5.0430355320176385,1.573862307608105,,,3.0,1.5811388300841898,686.8,803.9674744664737
Replace + Select,58,1.0,0.0,13.875616595935252,11.572294548432385,0.001770697111092366,0.0023344294166754223,0.0035637558675087784,0.004731166013107185,3.24012092614388e-05,4.523719005658751e-05,2.1274911262516882,0.3416822891998377,3.9863137138648344e-11,0.0,2.2204460492503132e-17,0.0,5.042942279780741,1.5749175664151653,,,3.0,1.5811388300841898,686.8,803.9674744664737
Replace + Select,59,1.0,0.0,13.881441771116693,11.576305055627595,0.0016540963427142071,0.0020538400075597717,0.0032845905607428354,0.004077215058760742,2.969106174841728e-05,3.912111829509007e-05,2.151709415731193,0.369038187388597,3.9863137138648344e-11,0.0,2.2204460492503132e-17,0.0,5.043822067554287,1.5744180640262764,,,3.0,1.5811388300841898,686.8,803.9674744664737
Replace + Select,60,1.0,0.0,13.887533909370791,11.583326850252117,0.0016099897558723032,0.002003554103806455,0.0031910350879620674,0.003930522863754035,2.8911328090035464e-05,3.773873900864082e-05,2.1647085116070937,0.34829902140883534,3.9863137138648344e-11,0.0,2.2204460492503132e-17,0.0,5.044386064237001,1.5748176566226981,,,3.0,1.5811388300841898,686.8,803.9674744664737
Replace + Select,61,1.0,0.0,13.897217295243212,11.585748047877846,0.0015963610194595847,0.0019320084805055763,0.0032351003627465714,0.0039757314887023925,2.9291777131666057e-05,3.814994254153687e-05,2.142753312664649,0.3466065134047189,3.9863137138648344e-11,0.0,2.2204460492503132e-17,0.0,5.045369690157653,1.5755378429393123,,,3.0,1.5811388300841898,686.8,803.9674744664737
Replace + Select,62,1.0,0.0,13.899166409960518,11.591252516230528,0.0017084861289546188,0.0021323666460173842,0.003410780880252632,0.004250805575464282,3.091041586597798e-05,4.068430392811838e-05,2.107988860993317,0.3560382013035504,3.9863137138648344e-11,0.0,2.2204460492503132e-17,0.0,5.046349263220584,1.5760945109101747,,,3.0,1.5811388300841898,686.8,803.9674744664737
Replace + Select,63,1.0,0.0,13.902689532817627,11.595229924651543,0.001796681396334735,0.00230069741462088,0.0035706277125015355,0.004530914093814545,3.239587373066792e-05,4.3325224246378807e-05,2.15862212681377,0.36594170227529454,3.9863137138648344e-11,0.0,2.2204460492503132e-17,0.0,5.046785047172773,1.5768181559451007,,,3.0,1.5811388300841898,686.8,803.9674744664737
Replace + Select,64,1.0,0.0,13.909629468624638,11.601729156506702,0.0016622169684144498,0.002142155857383066,0.003348267046056754,0.004317305761265213,3.0482988974931873e-05,4.125795957307702e-05,2.137088400484365,0.36539602117626874,3.9863137138648344e-11,0.0,2.2204460492503132e-17,0.0,5.048229493147103,1.5773632230844719,,,3.0,1.5811388300841898,686.8,803.9674744664737
Replace + Select,65,1.0,0.0,13.925288201281418,11.606714388697439,0.0016219336714717175,0.002006270901643169,0.0032485964044500675,0.004000507256362578,2.9121089655763907e-05,3.81837824764313e-05,2.110105243851124,0.28263889230299766,3.9863137138648344e-11,0.0,2.2204460492503132e-17,0.0,5.0492618575914205,1.5783406087506664,,,3.0,1.5811388300841898,686.8,803.9674744664737
Replace + Select,66,1.0,0.0,13.941027540092833,11.617680791215045,0.001811919320611714,0.0025098456618378694,0.0035896713324731063,0.004972179921380024,3.244247989064608e-05,4.735779539603702e-05,2.1322360930053685,0.3372406746734664,3.9863137138648344e-11,0.0,2.2204460492503132e-17,0.0,5.049574102999289,1.5786936953518025,,,3.0,1.5811388300841898,686.8,803.9674744664737
Replace + Select,67,1.0,0.0,13.944252131419594,11.621197098936342,0.001607795387258222,0.002056062030034269,0.0031916892769844746,0.004064324495504228,2.867564469221784e-05,3.872749070613019e-05,2.1637798509938073,0.38679116956606924,3.9863137138648344e-11,0.0,2.2204460492503132e-17,0.0,5.050369954097808,1.579096807027551,,,3.0,1.5811388300841898,686.8,803.9674744664737
Replace + Select,68,1.0,0.0,13.945339211447287,11.62738698627648,0.0014602805641403959,0.001824530794656801,0.00292790241554951,0.003655667925546581,2.6424019225139204e-05,3.4900425923616575e-05,2.092197152130935,0.3490993823060362,3.9863137138648344e-11,0.0,2.2204460492503132e-17,0.0,5.0508891936205496,1.579606360613219,,,3.0,1.5811388300841898,686.8,803.9674744664737
Replace + Select,69,1.0,0.0,13.944980634517881,11.631150222184447,0.0014650236747628443,0.0018869320157126528,0.00292559276988441,0.0037457336830849894,2.6373931604746643e-05,3.57852350098718e-05,2.153746535308691,0.3398034109291513,3.9863137138648344e-11,0.0,2.2204460492503132e-17,0.0,5.050795433132142,1.5799550966193479,,,3.0,1.5811388300841898,686.8,803.9674744664737
Replace + Select,70,1.0,0.0,13.9573653047888,11.63455138569199,0.0013357398962955654,0.001656901944075853,0.0026668531381648735,0.0033065238651311434,2.4006421222855654e-05,3.1683343427179505e-05,2.1579308437947047,0.3425310198005371,3.9863137138648344e-11,0.0,2.2204460492503132e-17,0.0,5.051631403168301,1.5798743562516677,,,3.0,1.5811388300841898,686.8,803.9674744664737
Replace + Select,71,1.0,0.0,13.967590154870624,11.632952033539228,0.0013365563864666575,0.0016721524845643404,0.0027287272846631986,0.003453262734516808,2.4417362003758604e-05,3.299140498245045e-05,2.1701715285321015,0.29703595320912424,3.9863137138648344e-11,0.0,2.2204460492503132e-17,0.0,5.051758972687077,1.5801612390972382,,,3.0,1.5811388300841898,686.8,803.9674744664737
Replace + Select,72,1.0,0.0,13.980432206258675,11.63908417889977,0.0013000145152127411,0.0016153281564686742,0.002651198880302861,0.0033169375198609744,2.3664970784722645e-05,3.1712386853146885e-05,2.183738432484488,0.39381289814363374,3.9863137138648344e-11,0.0,2.2204460492503132e-17,0.0,5.0526714426999835,1.5807254809054851,,,3.0,1.5811388300841898,686.8,803.9674744664737
Replace + Select,73,1.0,0.0,13.986784695953279,11.643256237632723,0.0012838923498453693,0.0015654024805993112,0.002597545486572151,0.0032157183335204376,2.3275493401409136e-05,3.082218360133981e-05,2.1514495124371784,0.3910011125493011,3.9863137138648344e-11,0.0,2.2204460492503132e-17,0.0,5.052951063045604,1.5809416404410999,,,3.0,1.5811388300841898,686.8,803.9674744664737
Replace + Select,74,1.0,0.0,13.999106880832944,11.652047290144093,0.0012582394098762135,0.0015340424678823258,0.002495393319212106,0.0030313816086494833,2.2331330627322236e-05,2.9067900039143483e-05,2.1496538944554855,0.38919965556331354,3.9863137138648344e-11,0.0,2.2204460492503132e-17,0.0,5.054491056623099,1.5813885459468917,,,3.0,1.5811388300841898,686.8,803.9674744664737
Replace + Select,75,1.0,0.0,14.005549198007781,11.655869180876804,0.0011957264559793034,0.0014750141503883903,0.002403975439401,0.002984006642652462,2.1502262481555898e-05,2.8585656190487267e-05,2.1487014042949424,0.38033454322557647,3.9863137138648344e-11,0.0,2.2204460492503132e-17,0.0,5.055737491278479,1.5814664992163476,,,3.0,1.5811388300841898,686.8,803.9674744664737
Replace + Select,76,1.0,0.0,14.011233298161102,11.661360631156723,0.0012733649316539809,0.001550109920631446,0.002552334645702215,0.003121431959970352,2.258241981542182e-05,2.9844682823462483e-05,2.175410063591292,0.3377565416389259,3.9863137138648344e-11,0.0,2.2204460492503132e-17,0.0,5.056526583725623,1.5813668881600749,,,3.0,1.5811388300841898,686.8,803.9674744664737
Replace + Select,77,1.0,0.0,14.018734265270302,11.668182256337696,0.0013801924735792983,0.0018377634228452116,0.002753421372525427,0.0036869073043863314,2.448561992060323e-05,3.5162907269392514e-05,2.165309134248252,0.35337219981096096,3.9863137138648344e-11,0.0,2.2204460492503132e-17,0.0,5.056918477990773,1.5818303661759516,,,3.0,1.5811388300841898,686.8,803.9674744664737
Replace + Select,78,1.0,0.0,14.024378353855496,11.675996529913725,0.0015073096202378841,0.002230345103521004,0.003030913600888204,0.004509036631400811,2.722905777594198e-05,4.291903614418314e-05,2.1448223728904976,0.34114911771424816,3.9863137138648344e-11,0.0,2.2204460492503132e-17,0.0,5.057565129330492,1.5827191583967175,,,3.0,1.5811388300841898,686.8,803.9674744664737
Replace + Select,79,1.0,0.0,14.033282557280625,11.678936439887432,0.0014599971739164444,0.002190155422638451,0.0029002490067759263,0.004349251823381292,2.612816133573116e-05,4.1373938026815265e-05,2.15052636901192,0.32026849000179786,3.9863137138648344e-11,0.0,2.2204460492503132e-17,0.0,5.057400599305635,1.5830417349678052,,,3.0,1.5811388300841898,686.8,803.9674744664737
Replace + Select,80,1.0,0.0,14.045364557447177,11.681123615010083,0.0016040762130800819,0.0026059621439767314,0.003178432923096201,0.005164655521540956,2.8901984608274825e-05,4.900154762411158e-05,2.1030215522826623,0.34834697045409896,3.9863137138648344e-11,0.0,2.2204460492503132e-17,0.0,5.059148334212549,1.5829150433332,,,3.0,1.5811388300841898,686.8,803.9674744664737
Replace + Select,81,1.0,0.0,14.051268738971533,11.68598968071207,0.0015384198085378528,0.002496632794035967,0.003093951298433622,0.0050205450915485885,2.8180944513090083e-05,4.762833695890315e-05,2.1934938676347544,0.36782281899012587,3.9863137138648344e-11,0.0,2.2204460492503132e-17,0.0,5.059855023450842,1.583234735090258,,,3.0,1.5811388300841898,686.8,803.9674744664737
Replace + Select,82,1.0,0.0,14.061186041159754,11.690509617570955,0.0012272358683690626,0.0018173412450764002,0.0024651709272187016,0.003644429554355553,2.227413674196412e-05,3.468347202014231e-05,2.1430859662681137,0.3456670946610987,3.9863137138648344e-11,0.0,2.2204460492503132e-17,0.0,5.060347282486496,1.5835335078881443,,,3.0,1.5811388300841898,686.8,803.9674744664737
Replace + Select,83,1.0,0.0,14.066741169235229,11.697823203092948,0.001021837503409223,0.001410185607948497,0.002050840024423407,0.002825395633451745,1.8444256311774995e-05,2.698068145608911e-05,2.1679723777955333,0.3823180809382826,3.9863137138648344e-11,0.0,2.2204460492503132e-17,0.0,5.06036611790924,1.5844664156104777,,,3.0,1.5811388300841898,686.8,803.9674744664737
Replace + Select,84,1.0,0.0,14.06655943004076,11.702342633315123,0.0010297734956226793,0.0014388664811492303,0.0020842102840796287,0.002945333399318843,1.8728744181162766e-05,2.8086702471125386e-05,2.1852536896790253,0.40855525281108396,3.9863137138648344e-11,0.0,2.2204460492503132e-17,0.0,5.060511209261765,1.585365218116933,,,3.0,1.5811388300841898,686.8,803.9674744664737
Replace + Select,85,1.0,0.0,14.07096844135273,11.701520118594754,0.0009377826947607354,0.0012992990646675277,0.0018831472096364269,0.0026075424290366053,1.690650434874571e-05,2.487788773220453e-05,2.1481673691630525,0.3795868434862962,3.9863137138648344e-11,0.0,2.2204460492503132e-17,0.0,5.060656621191227,1.585385378446901,,,3.0,1.5811388300841898,686.8,803.9674744664737
Replace + Select,86,1.0,0.0,14.076779930168044,11.702059572509146,0.001058327724966503,0.0015084822283657506,0.0021049143336069344,0.0029796984939985437,1.8908810934345752e-05,2.8388947603651688e-05,2.1301007623838792,0.36363335836628335,3.9863137138648344e-11,0.0,2.2204460492503132e-17,0.0,5.061088699077358,1.5861131035876894,,,3.0,1.5811388300841898,686.8,803.9674744664737
Replace + Select,87,1.0,0.0,14.083425373066586,11.712119296388444,0.0010308477912088464,0.0014883313425693104,0.002078743095418678,0.00303953607918112,1.875903645009258e-05,2.8911512212076e-05,2.14322264737126,0.36337744514159204,3.9863137138648344e-11,0.0,2.2204460492503132e-17,0.0,5.061791566881871,1.587200523937626,,,3.0,1.5811388300841898,686.8,803.9674744664737
Replace + Select,88,1.0,0.0,14.091701654395603,11.715417681934225,0.0010804059157192626,0.0015827008077553039,0.002130726844709183,0.0031072300181595423,1.9225114943185666e-05,2.9570057031772215e-05,2.1505904080522535,0.3337508047531255,3.9863137138648344e-11,0.0,2.2204460492503132e-17,0.0,5.0617974675004085,1.5872769148488977,,,3.0,1.5811388300841898,686.8,803.9674744664737
Replace + Select,89,1.0,0.0,14.095850944840581,11.718319614216572,0.0011861345569702726,0.00184000414634005,0.0023240373185743303,0.0035853771761685505,2.107283193841552e-05,3.404767780626232e-05,2.1182898976072275,0.35896791685341306,3.9863137138648344e-11,0.0,2.2204460492503132e-17,0.0,5.062707941283214,1.5876544358083111,,,3.0,1.5811388300841898,686.8,803.9674744664737
Replace + Select,90,1.0,0.0,14.102674263356217,11.722143914358213,0.0013469286518722726,0.0021574711190472822,0.00269378183323341,0.004328598145221004,2.453500193959727e-05,4.1046966119822516e-05,2.167954671278379,0.4092143345832713,3.9863137138648344e-11,0.0,2.2204460492503132e-17,0.0,5.0637272338311705,1.5880087938111664,,,3.0,1.5811388300841898,686.8,803.9674744664737
Replace + Select,91,1.0,0.0,14.111570461753402,11.731646487634015,0.0011751206291781644,0.0018187256233980174,0.002370770634915093,0.00369246515415596,2.1512811921412217e-05,3.505069732185877e-05,2.1471159990556865,0.40086050521655153,3.9863137138648344e-11,0.0,2.2204460492503132e-17,0.0,5.0643891529657905,1.5885959935627056,,,3.0,1.5811388300841898,686.8,803.9674744664737
Replace + Select,92,1.0,0.0,14.120890865976483,11.734458182895345,0.0011225056743771192,0.0017160069838991526,0.0023164676496652435,0.00358970923011394,2.100282617089674e-05,3.4068630298123556e-05,2.144166832928692,0.3101290443640931,3.9863137138648344e-11,0.0,2.2204460492503132e-17,0.0,5.064477892470409,1.5887706134241038,,,3.0,1.5811388300841898,686.8,803.9674744664737
Replace + Select,93,1.0,0.0,14.12810320468258,11.740204233698735,0.001107664250857556,0.0017122925014112188,0.002268179542117571,0.0035479532994733866,2.0552441037177918e-05,3.368557876618188e-05,2.1716084369087105,0.33390478952179836,3.9863137138648344e-11,0.0,2.2204460492503132e-17,0.0,5.0651145675331914,1.5890486341942875,,,3.0,1.5811388300841898,686.8,803.9674744664737
Replace + Select,94,1.0,0.0,14.134005386683544,11.74571862490909,0.0009992544647113486,0.0014891701392104153,0.001960694635881078,0.002899070696778753,1.76301257031434e-05,2.75725416572242e-05,2.144156750908625,0.3923417300037,3.9863137138648344e-11,0.0,2.2204460492503132e-17,0.0,5.066130354224283,1.5892315681911022,,,3.0,1.5811388300841898,686.8,803.9674744664737
Replace + Select,95,1.0,0.0,14.142934503573073,11.752961138183075,0.0008876636775459254,0.0012258588887408457,0.0017320452455582551,0.0023568671704932596,1.552813076152308e-05,2.248208968102418e-05,2.198118517021874,0.40195087265135643,3.9863137138648344e-11,0.0,2.2204460492503132e-17,0.0,5.066916531563254,1.5898876596579654,,,3.0,1.5811388300841898,686.8,803.9674744664737
Replace + Select,96,1.0,0.0,14.150112074433128,11.757380009429387,0.0008164393270538998,0.0011044582651020757,0.0016496050831154526,0.002248307954276157,1.4785745844513452e-05,2.1431737733876784e-05,2.151876234330571,0.3824269853598975,3.9863137138648344e-11,0.0,2.2204460492503132e-17,0.0,5.068336486768015,1.5902534634996548,,,3.0,1.5811388300841898,686.8,803.9674744664737
Replace + Select,97,1.0,0.0,14.154548458829789,11.760919531854519,0.000762795419704735,0.001000572532332357,0.0015138783694026217,0.0019957370424067847,1.3616040216043665e-05,1.9068439577059663e-05,2.1729751516156757,0.37861877661362786,3.9863137138648344e-11,0.0,2.2204460492503132e-17,0.0,5.069248043017133,1.5905441365980078,,,3.0,1.5811388300841898,686.8,803.9674744664737
Replace + Select,98,1.0,0.0,14.159794969075417,11.76730067306523,0.0007671057658174623,0.0010205629430381335,0.001561642538451841,0.002105180475159361,1.4039802724555476e-05,2.010354541703888e-05,2.087133082571194,0.33472762721376814,3.9863137138648344e-11,0.0,2.2204460492503132e-17,0.0,5.0700534719132495,1.591047548754715,,,3.0,1.5811388300841898,686.8,803.9674744664737
Replace + Select,99,1.0,0.0,14.170148298410567,11.774290068716024,0.0008357782258608335,0.0011709413943747397,0.0017039067954796895,0.002413624443056136,1.544050695382e-05,2.2993837625458664e-05,2.0805825702348235,0.35416281957559836,3.9863137138648344e-11,0.0,2.2204460492503132e-17,0.0,5.070653795695981,1.5913414121125737,,,3.0,1.5811388300841898,686.8,803.9674744664737
Replace + Select,100,1.0,0.0,14.179568270724499,11.777379837341737,0.0008719607171738003,0.0012330209073729101,0.0017548212570860744,0.002475303430986573,1.5926066361893838e-05,2.358500960243228e-05,2.1661080706918794,0.35766293383712205,3.9863137138648344e-11,0.0,2.2204460492503132e-17,0.0,5.071719371218608,1.5915953406440482,,,3.0,1.5811388300841898,686.8,803.9674744664737
Replace + Select,101,1.0,0.0,14.189719628838057,11.78293881480919,0.0008429780806390756,0.0011967329274265907,0.001694948317001657,0.00241635101592443,1.5375601934774815e-05,2.300214644862661e-05,2.185715921866082,0.3916970768631925,3.9863137138648344e-11,0.0,2.2204460492503132e-17,0.0,5.07217965459441,1.5918791507007737,,,3.0,1.5811388300841898,686.8,803.9674744664737
Replace + Select,102,1.0,0.0,14.194854110161819,11.784575698153578,0.0008243185599637137,0.001178228164864375,0.0016591009131530978,0.0023824612310422003,1.5051847021993933e-05,2.268997230188084e-05,2.152211536062844,0.29710751207342856,3.9863137138648344e-11,0.0,2.2204460492503132e-17,0.0,5.07205839182189,1.5924131298525925,,,3.0,1.5811388300841898,686.8,803.9674744664737
Replace + Select,103,1.0,0.0,14.199351197665715,11.788394587206184,0.0007638355394293608,0.0011079096657817338,0.0015589038998411113,0.002270223081839249,1.4128638201626621e-05,2.1607686034489398e-05,2.188600253548285,0.4013212891677215,3.9863137138648344e-11,0.0,2.2204460492503132e-17,0.0,5.072917119861687,1.5931138315219835,,,3.0,1.5811388300841898,686.8,803.9674744664737
Replace + Select,104,1.0,0.0,14.206633285994931,11.789924810566882,0.0007453967864342111,0.001049572031849293,0.0015042268909202122,0.002127768679259183,1.3573328207469671e-05,2.0297226160662232e-05,2.207379711290133,0.3810843915281077,3.9863137138648344e-11,0.0,2.2204460492503132e-17,0.0,5.073721249465829,1.5931356782845976,,,3.0,1.5811388300841898,686.8,803.9674744664737
Replace + Select,105,1.0,0.0,14.214228598653701,11.793275896348721,0.000657650743753359,0.0008688706687780324,0.0013066922628094334,0.0017288695010233388,1.1674428063646294e-05,1.6545928038053182e-05,2.1249130601632147,0.26532749176578213,3.9863137138648344e-11,0.0,2.2204460492503132e-17,0.0,5.074549056065211,1.5933718536903374,,,3.0,1.5811388300841898,686.8,803.9674744664737
Replace + Select,106,1.0,0.0,14.221687944484046,11.794777458694108,0.0006675472740791551,0.0008926225882378955,0.0013213913994796795,0.0017690075966072419,1.1793838443017797e-05,1.6911353686965533e-05,2.1670860993158123,0.32253487673355297,3.9863137138648344e-11,0.0,2.2204460492503132e-17,0.0,5.074956288949931,1.5938331819685805,,,3.0,1.5811388300841898,686.8,803.9674744664737
Replace + Select,107,1.0,0.0,14.226465734363378,11.799773956161586,0.0006495117934739689,0.0008799892557130349,0.0012984921323626651,0.0017679605736235701,1.1612266401406297e-05,1.689468747365846e-05,2.197595679573806,0.3843080668084495,3.9863137138648344e-11,0.0,2.2204460492503132e-17,0.0,5.075247838287838,1.5946521482487555,,,3.0,1.5811388300841898,686.8,803.9674744664737
Replace + Select,108,1.0,0.0,14.233832404113903,11.806258906197401,0.0006168583145487684,0.0007909186670043599,0.0012349696425007354,0.0015955763056099128,1.098602167070518e-05,1.5281079449079326e-05,2.129059044129181,0.3200089008684263,3.9863137138648344e-11,0.0,2.2204460492503132e-17,0.0,5.07560895505261,1.595524628588785,,,3.0,1.5811388300841898,686.8,803.9674744664737
Replace + Select,109,1.0,0.0,14.237374784807937,11.808924353876192,0.0006044328973773744,0.0007603332886830588,0.00121299404787545,0.00152634936613832,1.0857635662571052e-05,1.4631899494985819e-05,2.181817447655294,0.3764322837566414,3.9863137138648344e-11,0.0,2.2204460492503132e-17,0.0,5.076346617101295,1.5963561022706119,,,3.0,1.5811388300841898,686.8,803.9674744664737
Replace + Select,110,1.0,0.0,14.24496746472742,11.818435136985874,0.0005698634237161612,0.0006942994856209582,0.0011572115620606526,0.0014300224815216181,1.0327457283721046e-05,1.370785867025276e-05,2.1474513652051064,0.34857032759555284,3.9863137138648344e-11,0.0,2.2204460492503132e-17,0.0,5.077396996493517,1.5970205091726817,,,3.0,1.5811388300841898,686.8,803.9674744664737
Replace + Select,111,1.0,0.0,14.253077509050438,11.82486658343408,0.0006462366224545494,0.0008590224369070494,0.0012774705673321831,0.0016726448780579738,1.1477503059222729e-05,1.599861657074559e-05,2.1108297589114153,0.30523895063822337,3.9863137138648344e-11,0.0,2.2204460492503132e-17,0.0,5.0786201909710975,1.597234941581888,,,3.0,1.5811388300841898,686.8,803.9674744664737
Replace + Select,112,1.0,0.0,14.261058305410298,11.829489484876493,0.0006434649614304856,0.0008783642339925391,0.0013123121201893415,0.001814641820344209,1.1748215032182424e-05,1.73337579723394e-05,2.138837678777506,0.3024823707387986,3.9863137138648344e-11,0.0,2.2204460492503132e-17,0.0,5.079099763848729,1.597536897906341,,,3.0,1.5811388300841898,686.8,803.9674744664737
Replace + Select,113,1.0,0.0,14.267221170911508,11.833154624559803,0.0006840978251770145,0.0009875952002808396,0.0013715212434061174,0.001981286869149225,1.2341996257148136e-05,1.8889766076797682e-05,2.1647080129071026,0.31680223614083397,3.9863137138648344e-11,0.0,2.2204460492503132e-17,0.0,5.0798821942579595,1.5982382891696993,,,3.0,1.5811388300841898,686.8,803.9674744664737
Replace + Select,114,1.0,0.0,14.27312121521329,11.83994680266695,0.0006628263081503458,0.0009036320569717663,0.0013287677404101926,0.0018130196143268911,1.186727359029302e-05,1.7330461179897712e-05,2.1554895203399265,0.31328670462991776,3.9863137138648344e-11,0.0,2.2204460492503132e-17,0.0,5.08053029900591,1.5986319524747383,,,3.0,1.5811388300841898,686.8,803.9674744664737
Replace + Select,115,1.0,0.0,14.280085093910978,11.84362699631365,0.0006568071087971111,0.000866710947844471,0.0013339511433759323,0.0017910018296435394,1.1918937810453914e-05,1.7122710691922724e-05,2.1172532497732064,0.3156623180460237,3.9863137138648344e-11,0.0,2.2204460492503132e-17,0.0,5.080985440027758,1.5993941201285655,,,3.0,1.5811388300841898,686.8,803.9674744664737
Replace + Select,116,1.0,0.0,14.289913010782405,11.84704447347216,0.0006585929525767478,0.0008534285171407337,0.0013245370639298096,0.001715918880089643,1.1827114184897935e-05,1.6410735563459972e-05,2.1441502486324464,0.3134921584956363,3.9863137138648344e-11,0.0,2.2204460492503132e-17,0.0,5.081854899940166,1.5995461166193694,,,3.0,1.5811388300841898,686.8,803.9674744664737
Replace + Select,117,1.0,0.0,14.298768463992133,11.85318541968585,0.0007673819679865492,0.0010606612411554453,0.0015577030150802124,0.0021786810303243234,1.400120282086013e-05,2.0778865738412633e-05,2.1554336094915945,0.29800637854922557,3.9863137138648344e-11,0.0,2.2204460492503132e-17,0.0,5.0821019596837385,1.600211422773121,,,3.0,1.5811388300841898,686.8,803.9674744664737
Replace + Select,118,1.0,0.0,14.30784182652151,11.854513706529438,0.0006689106449779645,0.000821734317896575,0.001329023436884044,0.0016316227008857853,1.185544311067611e-05,1.5610784702077386e-05,2.1428329958629533,0.30312139053317366,3.9863137138648344e-11,0.0,2.2204460492503132e-17,0.0,5.0824353105309985,1.6006521430467258,,,3.0,1.5811388300841898,686.8,803.9674744664737
Replace + Select,119,1.0,0.0,14.316315378289383,11.861020851233333,0.0007357002973542061,0.0009846614807180784,0.0014743852866829137,0.001975615274920034,1.3223601886135962e-05,1.883673692123989e-05,2.179888367348485,0.3455534097442545,3.9863137138648344e-11,0.0,2.2204460492503132e-17,0.0,5.08348211231719,1.6013384408620217,,,3.0,1.5811388300841898,686.8,803.9674744664737
Replace + Select,120,1.0,0.0,14.326194702945475,11.86649699748502,0.0006442103017007306,0.000794528008853695,0.0012959157210011094,0.0016003645165156575,1.1612726534199801e-05,1.531746709768026e-05,2.124185051127185,0.33450899163772563,3.9863137138648344e-11,0.0,2.2204460492503132e-17,0.0,5.084614622506724,1.601972463580034,,,3.0,1.5811388300841898,686.8,803.9674744664737
Replace + Select,121,1.0,0.0,14.334169145671373,11.87299591536342,0.0005616713526103593,0.0006143012313089754,0.0011296259474691873,0.0012336159291679149,1.0101696389618341e-05,1.1880594839820983e-05,2.14723407955823,0.3727219734735201,3.9863137138648344e-11,0.0,2.2204460492503132e-17,0.0,5.084969496631745,1.602624219553343,,,3.0,1.5811388300841898,686.8,803.9674744664737
Replace + Select,122,1.0,0.0,14.345898781618578,11.880464259646473,0.0005406552343036516,0.0005915496562066432,0.0010690097081307941,0.0011495665098340375,9.589219573208253e-06,1.111407625967554e-05,2.1546521580538482,0.37016352330708907,3.9863137138648344e-11,0.0,2.2204460492503132e-17,0.0,5.085712416987132,1.6030334661253307,,,3.0,1.5811388300841898,686.8,803.9674744664737
Replace + Select,123,1.0,0.0,14.354528862765914,11.886329816075214,0.0005751211450516724,0.000663321370087435,0.0011391828545114658,0.0013058707925205414,1.0234562816083581e-05,1.2528433625731662e-05,2.173701193241738,0.29249088388797756,3.9863137138648344e-11,0.0,2.2204460492503132e-17,0.0,5.086180674591887,1.6036417210309217,,,3.0,1.5811388300841898,686.8,803.9674744664737
Replace + Select,124,1.0,0.0,14.357654501274158,11.889831189251385,0.0005509609526177914,0.0006020885811222268,0.0010997811936132378,0.0011971426947678782,9.812184551755793e-06,1.147675398859633e-05,2.1766765427183907,0.39444425172202524,3.9863137138648344e-11,0.0,2.2204460492503132e-17,0.0,5.086366887434192,1.6040950700711507,,,3.0,1.5811388300841898,686.8,803.9674744664737
Replace + Select,125,1.0,0.0,14.365719400307754,11.893929214238492,0.000515068047530079,0.0005426920148146264,0.0010280890084513649,0.0010868177179893922,9.125632818812348e-06,1.0437660495758254e-05,2.1409965302237888,0.3463500142920118,3.9863137138648344e-11,0.0,2.2204460492503132e-17,0.0,5.086487247338072,1.6046468347589748,,,3.0,1.5811388300841898,686.8,803.9674744664737
Replace + Select,126,1.0,0.0,14.372910359073723,11.897637142668273,0.0004981837674515481,0.0005242280652521786,0.0010031432309074084,0.0010478476792246294,8.821078244596917e-06,1.0076688667052896e-05,2.179918791913126,0.3251937215330163,3.9863137138648344e-11,0.0,2.2204460492503132e-17,0.0,5.087414045584,1.6050590095794788,,,3.0,1.5811388300841898,686.8,803.9674744664737
Replace + Select,127,1.0,0.0,14.382903571501208,11.908050546921597,0.00046158520447104197,0.0004461576816420628,0.0009187077251569381,0.0008831568982261905,8.047840710458521e-06,8.466472420587677e-06,2.1641593301571858,0.32763408886684764,3.9863137138648344e-11,0.0,2.2204460492503132e-17,0.0,5.0883029989013,1.6062236215841728,,,3.0,1.5811388300841898,686.8,803.9674744664737
Replace + Select,128,1.0,0.0,14.386152232573455,11.90953533006545,0.0004876972675593662,0.00048130843465224866,0.0009567239069926429,0.0009279077153435307,8.391403633871874e-06,8.89581048519142e-06,2.153608258506858,0.3476078618819772,3.9863137138648344e-11,0.0,2.2204460492503132e-17,0.0,5.0885860923711075,1.6064666353741346,,,3.0,1.5811388300841898,686.8,803.9674744664737
Replace + Select,129,1.0,0.0,14.399064417334634,11.914255375683032,0.0004653947400400334,0.0004231515300841945,0.0009216347285659982,0.000825828308918659,8.015944251733555e-06,7.832583186694383e-06,2.2183471913157353,0.33608695647068504,3.9863137138648344e-11,0.0,2.2204460492503132e-17,0.0,5.089193087077786,1.606609145592487,,,3.0,1.5811388300841898,686.8,803.9674744664737
Replace + Select,130,1.0,0.0,14.40852290806149,11.9171896212999,0.0004931179781425996,0.0004864826490332761,0.000988751141124186,0.0009771302365254363,8.709942815791319e-06,9.317967802403079e-06,2.1406086614039372,0.2739724833112254,3.9863137138648344e-11,0.0,2.2204460492503132e-17,0.0,5.089947491560688,1.6067508427999666,,,3.0,1.5811388300841898,686.8,803.9674744664737
Replace + Select,131,1.0,0.0,14.415725897944963,11.923657112070492,0.000479391756092779,0.00045849658413147694,0.000951761206070128,0.0009001490491395289,8.336569008759712e-06,8.552221211848754e-06,2.1392640448848894,0.3423832551894755,3.9863137138648344e-11,0.0,2.2204460492503132e-17,0.0,5.090171087620939,1.6076112190629335,,,3.0,1.5811388300841898,686.8,803.9674744664737
Replace + Select,132,1.0,0.0,14.418763112157162,11.929449823499743,0.00047154788166498663,0.0004283991688221167,0.0009484127869231459,0.0008614252137020649,8.276499971363e-06,8.180984159006176e-06,2.181822295695114,0.34888141264090544,3.9863137138648344e-11,0.0,2.2204460492503132e-17,0.0,5.091042712917879,1.6081732541417166,,,3.0,1.5811388300841898,686.8,803.9674744664737
Replace + Select,133,1.0,0.0,14.429010440082484,11.932835526109333,0.00047475357107178514,0.00045564742989803443,0.0009423872747376019,0.0008980939642941549,8.219548532962342e-06,8.535862400093214e-06,2.1853071742716614,0.3572640646001059,3.9863137138648344e-11,0.0,2.2204460492503132e-17,0.0,5.091583904171317,1.6083583447739396,,,3.0,1.5811388300841898,686.8,803.9674744664737
Replace + Select,134,1.0,0.0,14.43460195708683,11.93773343831885,0.00047189704220964885,0.0004515916607682673,0.0009528695426019548,0.0009223927633107826,8.361860119476028e-06,8.848254461020337e-06,2.167366175957148,0.3758889417029084,3.9863137138648344e-11,0.0,2.2204460492503132e-17,0.0,5.092014340221405,1.6089969699317312,,,3.0,1.5811388300841898,686.8,803.9674744664737
Replace + Select,135,1.0,0.0,14.438938296913284,11.946150989908956,0.00048058453353774745,0.000491650369763188,0.0009522871064998589,0.000965931227828365,8.368099462216312e-06,9.281639057339532e-06,2.2127406802037024,0.3611450726506753,3.9863137138648344e-11,0.0,2.2204460492503132e-17,0.0,5.092668946388279,1.6095833302794111,,,3.0,1.5811388300841898,686.8,803.9674744664737
Replace + Select,136,1.0,0.0,14.447120306306596,11.951778260831878,0.0004676497398220411,0.0004729329416020672,0.0009448072022958248,0.0009628575350976817,8.31642622673165e-06,9.20141174140059e-06,2.138629313560472,0.3608572721864746,3.9863137138648344e-11,0.0,2.2204460492503132e-17,0.0,5.093125946970374,1.6104255149451094,,,3.0,1.5811388300841898,686.8,803.9674744664737
Replace + Select,137,1.0,0.0,14.452650820610042,11.952857144088771,0.0004548078708907245,0.0004487628895832689,0.000911291833378574,0.0009012490501183914,7.994316631333816e-06,8.58873425584549e-06,2.134785155132214,0.3457378098756182,3.9863137138648344e-11,0.0,2.2204460492503132e-17,0.0,5.093819459626411,1.6104381276049042,,,3.0,1.5811388300841898,686.8,803.9674744664737
Replace + Select,138,1.0,0.0,14.462182670410337,11.963552113936277,0.0004895912476434472,0.00048054146202279244,0.0009836704860553503,0.0009711660695038633,8.62733940009107e-06,9.264921030711877e-06,2.164315749546121,0.30446063616622904,3.9863137138648344e-11,0.0,2.2204460492503132e-17,0.0,5.0946042618165865,1.6113599160020686,,,3.0,1.5811388300841898,686.8,803.9674744664737
Replace + Select,139,1.0,0.0,14.472091382848797,11.966441242831754,0.00045918133869585106,0.00043077779645987345,0.0009138431674547756,0.0008577811129923841,7.98809447878807e-06,8.154744920047455e-06,2.198311629114343,0.38299118688753636,3.9863137138648344e-11,0.0,2.2204460492503132e-17,0.0,5.095224836153564,1.6117217403052535,,,3.0,1.5811388300841898,686.8,803.9674744664737
Replace + Select,140,1.0,0.0,14.481068061040778,11.977579964897695,0.0004804247111958635,0.0004627733617227857,0.0009779203038742452,0.0009471679659150085,8.532017134438652e-06,8.983320329390768e-06,2.1291258451602273,0.3270578696686878,3.9863137138648344e-11,0.0,2.2204460492503132e-17,0.0,5.0960132635901285,1.612840349182984,,,3.0,1.5811388300841898,686.8,803.9674744664737
Replace + Select,141,1.0,0.0,14.487174578610777,11.980305738984443,0.00044657639291052087,0.00040174827329790677,0.0009017190518181022,0.0008177055307641248,7.834925647335533e-06,7.715807160535282e-06,2.1633343754755465,0.4252734557714742,3.9863137138648344e-11,0.0,2.2204460492503132e-17,0.0,5.096844897396709,1.6132654595768428,,,3.0,1.5811388300841898,686.8,803.9674744664737
Replace + Select,142,1.0,0.0,14.494759529305664,11.987930972023534,0.0004266123433232973,0.00038782556703018513,0.0008470997110006141,0.0007684894971939584,7.344963439588831e-06,7.16607441549602e-06,2.207476197098517,0.3278484555640804,3.9863137138648344e-11,0.0,2.2204460492503132e-17,0.0,5.097961409491225,1.613916027406407,,,3.0,1.5811388300841898,686.8,803.9674744664737
Replace + Select,143,1.0,0.0,14.501205010870043,11.993090811625745,0.0004373804508911244,0.00040599967361610906,0.0008652104968083796,0.0007900924286034889,7.54574323457133e-06,7.485665672835789e-06,2.1846737829020233,0.3539733803513662,3.9863137138648344e-11,0.0,2.2204460492503132e-17,0.0,5.098535274667081,1.614563884893964,,,3.0,1.5811388300841898,686.8,803.9674744664737
Replace + Select,144,1.0,0.0,14.509482773391841,11.996789325369626,0.0004264245217878994,0.00038234182084841785,0.0008557317550537387,0.0007716891719132021,7.459559392195999e-06,7.29711039006228e-06,2.204477436853354,0.3354523616131848,3.9863137138648344e-11,0.0,2.2204460492503132e-17,0.0,5.099435428632843,1.614710844097543,,,3.0,1.5811388300841898,686.8,803.9674744664737
Replace + Select,145,1.0,0.0,14.516255624269439,12.002035437973353,0.00045066326933834635,0.00039587369045753987,0.0009059177215095442,0.0008005722694043338,7.835616407345399e-06,7.46531623252644e-06,2.1831422428048866,0.36963680247668457,3.9863137138648344e-11,0.0,2.2204460492503132e-17,0.0,5.1004357608247055,1.6150697764935504,,,3.0,1.5811388300841898,686.8,803.9674744664737
Replace + Select,146,1.0,0.0,14.522356818146722,12.007398472144203,0.00042193722204247435,0.0003391607333719147,0.0008464359878670875,0.0006773847116581056,7.2578318954157e-06,6.262218819169591e-06,2.173277898427817,0.3742447579720749,3.9863137138648344e-11,0.0,2.2204460492503132e-17,0.0,5.101511446292126,1.6154878486944828,,,3.0,1.5811388300841898,686.8,803.9674744664737
Replace + Select,147,1.0,0.0,14.532852179927534,12.020113870229515,0.0004172520187824786,0.000331121943685239,0.0008382735538984082,0.0006660523263840415,7.261979078023626e-06,6.357035549505908e-06,2.142853900941618,0.40154846203273825,3.9863137138648344e-11,0.0,2.2204460492503132e-17,0.0,5.103012715003258,1.6161594454399217,,,3.0,1.5811388300841898,686.8,803.9674744664737
Replace + Select,148,1.0,0.0,14.541892278258805,12.026787925666216,0.00042843682005822914,0.0003559957797707801,0.0008567079017861169,0.0007069870316280371,7.4890661479281975e-06,6.833852216057269e-06,2.133582679853757,0.4001282648542141,3.9863137138648344e-11,0.0,2.2204460492503132e-17,0.0,5.103772104656331,1.6163899756983242,,,3.0,1.5811388300841898,686.8,803.9674744664737
Replace + Select,149,1.0,0.0,14.552234458805993,12.035098174962389,0.00040196408379897296,0.000342259518601023,0.0008117004825398241,0.0007016275435488386,7.144285440933606e-06,6.850235907115666e-06,2.164095971920084,0.38400361547985734,3.9863137138648344e-11,0.0,2.2204460492503132e-17,0.0,5.104787046601203,1.6169997619682392,,,3.0,1.5811388300841898,686.8,803.9674744664737
Replace + Select,150,1.0,0.0,14.560147169853266,12.041701889386552,0.0004335793204747984,0.0004305997089551908,0.0008749932132705869,0.0008769105532350283,7.759167112056169e-06,8.499309933191082e-06,2.142017108380683,0.34277174240998676,3.9863137138648344e-11,0.0,2.2204460492503132e-17,0.0,5.105930554318627,1.6173932418640533,,,3.0,1.5811388300841898,686.8,803.9674744664737
Replace + Select,151,1.0,0.0,14.568299170841252,12.050616706925894,0.0003835259452140545,0.00035252723566416537,0.0007665517939525214,0.0007101275132867691,6.73973291698607e-06,6.916499145001515e-06,2.146339386471818,0.31265891585288136,3.9863137138648344e-11,0.0,2.2204460492503132e-17,0.0,5.1060393808093,1.6181925032980047,,,3.0,1.5811388300841898,686.8,803.9674744664737
Replace + Select,152,1.0,0.0,14.57965321109115,12.054222360201228,0.00035476356601106237,0.0003169617342181482,0.000720514253714266,0.0006621830610285738,6.376895310944642e-06,6.487963014264616e-06,2.160131512160036,0.34073415420960446,3.9863137138648344e-11,0.0,2.2204460492503132e-17,0.0,5.107179156717889,1.6184312009634305,,,3.0,1.5811388300841898,686.8,803.9674744664737
Replace + Select,153,1.0,0.0,14.58521569264131,12.060459446756614,0.0003631528565070978,0.0003473821243440674,0.0007255935312986588,0.0006965951283141429,6.479197106839342e-06,6.825089688027001e-06,2.1646455532754354,0.4060101407658374,3.9863137138648344e-11,0.0,2.2204460492503132e-17,0.0,5.107423126041818,1.6192205319308244,,,3.0,1.5811388300841898,686.8,803.9674744664737
Replace + Select,154,1.0,0.0,14.594179710119315,12.065578173371115,0.00040346028589923236,0.0004137472432907997,0.0008033348227493306,0.0008104619959992922,7.206237474822721e-06,7.909012840890586e-06,2.151910689036287,0.33880169306072944,3.9863137138648344e-11,0.0,2.2204460492503132e-17,0.0,5.108041874020566,1.6198216535914038,,,3.0,1.5811388300841898,686.8,803.9674744664737
Replace + Select,155,1.0,0.0,14.60221816471873,12.070623111523771,0.0004329208622119875,0.0005015071102308038,0.0008562686281245966,0.000991680160121066,7.722169404285165e-06,9.574362535750315e-06,2.222316602152529,0.3084940764342977,3.9863137138648344e-11,0.0,2.2204460492503132e-17,0.0,5.108314874462697,1.6203598886447779,,,3.0,1.5811388300841898,686.8,803.9674744664737
Replace + Select,156,1.0,0.0,14.61076153547559,12.08011594842329,0.0003720543997653887,0.00037338385838362744,0.0007335135897720048,0.0007273370045426471,6.583750919116137e-06,7.121052942956163e-06,2.1957829796261836,0.39600539705322285,3.9863137138648344e-11,0.0,2.2204460492503132e-17,0.0,5.108606660959162,1.6209506364623492,,,3.0,1.5811388300841898,686.8,803.9674744664737
Replace + Select,157,1.0,0.0,14.619974053655165,12.086660799322022,0.00035637677994240183,0.0003301646804429119,0.0007103577149664248,0.0006633302216238797,6.3434194912134e-06,6.504913433267625e-06,2.169335327651204,0.3349456684553896,3.9863137138648344e-11,0.0,2.2204460492503132e-17,0.0,5.109429624038432,1.621353772954829,,,3.0,1.5811388300841898,686.8,803.9674744664737
Replace + Select,158,1.0,0.0,14.629437256126366,12.093497763416073,0.0003670098900278693,0.00034505076729663607,0.0007213996681662009,0.0006670892453775023,6.451946179158635e-06,6.548798720726067e-06,2.145650782369242,0.384433810563434,3.9863137138648344e-11,0.0,2.2204460492503132e-17,0.0,5.1099072875712945,1.621858790338628,,,3.0,1.5811388300841898,686.8,803.9674744664737
Replace + Select,159,1.0,0.0,14.638231533978711,12.098506248785686,0.00038548079871873845,0.00038973550036586484,0.0007799106153393284,0.0007925901097108908,6.99610101740609e-06,7.728353537332496e-06,2.1987699107611496,0.3733717015324929,3.9863137138648344e-11,0.0,2.2204460492503132e-17,0.0,5.110002489167596,1.6222733347121159,,,3.0,1.5811388300841898,686.8,803.9674744664737
Replace + Select,160,1.0,0.0,14.645569733605893,12.105813305439101,0.000365770073209726,0.00033876721060139523,0.0007437750916262156,0.0007022907127576264,6.653661288604366e-06,6.899433053435825e-06,2.0916502537287522,0.36134206153327836,3.9863137138648344e-11,0.0,2.2204460492503132e-17,0.0,5.110803413714438,1.622565542269277,,,3.0,1.5811388300841898,686.8,803.9674744664737
Replace + Select,161,1.0,0.0,14.652760957823983,12.110312421060515,0.0003465828333685902,0.00031678231858343843,0.0006880263423905116,0.0006238999099340371,6.116997301298981e-06,6.147376442344843e-06,2.15209368633606,0.39916733246168523,3.9863137138648344e-11,0.0,2.2204460492503132e-17,0.0,5.111754614456429,1.6228751033280535,,,3.0,1.5811388300841898,686.8,803.9674744664737
Replace + Select,162,1.0,0.0,14.661220489725661,12.116224185800194,0.0003329850682361998,0.0002922165191824122,0.0006664798406447137,0.0005913786782462679,5.927309411882897e-06,5.834441482426247e-06,2.179759802642774,0.35161229188287296,3.9863137138648344e-11,0.0,2.2204460492503132e-17,0.0,5.112310092615703,1.6233681544085197,,,3.0,1.5811388300841898,686.8,803.9674744664737
Replace + Select,163,1.0,0.0,14.6681967163257,12.122945885800045,0.0003171835074147817,0.0002716991557491448,0.0006305015619422769,0.0005401179953741734,5.6325545978839556e-06,5.392733519992626e-06,2.149693698889665,0.40540863469286953,3.9863137138648344e-11,0.0,2.2204460492503132e-17,0.0,5.113076404033846,1.6237360646352315,,,3.0,1.5811388300841898,686.8,803.9674744664737
Replace + Select,164,1.0,0.0,14.675441730893107,12.128751040877647,0.0003236992731948594,0.00029394728672677115,0.000654028228670037,0.000609191745371086,5.859730659284746e-06,5.998736582067028e-06,2.1538348555216382,0.28093459927495534,3.9863137138648344e-11,0.0,2.2204460492503132e-17,0.0,5.113683288480166,1.624508836832333,,,3.0,1.5811388300841898,686.8,803.9674744664737
Replace + Select,165,1.0,0.0,14.68283354056733,12.134135099164775,0.0002964967358976999,0.00023606900177661167,0.0005844456158658404,0.00045669687045051097,5.203987829713487e-06,4.61912282670491e-06,2.1308113015574213,0.3048533329946318,3.9863137138648344e-11,0.0,2.2204460492503132e-17,0.0,5.11434269288416,1.6250980389825274,,,3.0,1.5811388300841898,686.8,803.9674744664737
Replace + Select,166,1.0,0.0,14.69215669065461,12.140207891108485,0.00029504160641205686,0.00022619748798641295,0.0005871749423167057,0.00045185530901929667,5.2081324912460635e-06,4.573989959592072e-06,2.200639354845801,0.38672913420135574,3.9863137138648344e-11,0.0,2.2204460492503132e-17,0.0,5.114917478547644,1.6256691065906261,,,3.0,1.5811388300841898,686.8,803.9674744664737
Replace + Select,167,1.0,0.0,14.702435307650664,12.148543493919911,0.0002849274681890323,0.0002121890658046898,0.0005607155559990135,0.0004160881276775717,4.979746932324913e-06,4.253447288776893e-06,2.1540959760924854,0.3950762664958979,3.9863137138648344e-11,0.0,2.2204460492503132e-17,0.0,5.115810323640298,1.6262974703214126,,,3.0,1.5811388300841898,686.8,803.9674744664737
Replace + Select,168,1.0,0.0,14.710855865838832,12.153248440062205,0.00027537968254280696,0.00019198624968064012,0.0005453191601680122,0.00037758179042206796,4.850282740074642e-06,3.974415758844653e-06,2.1527390915082725,0.34771794824290614,3.9863137138648344e-11,0.0,2.2204460492503132e-17,0.0,5.116510225418414,1.6264783692312974,,,3.0,1.5811388300841898,686.8,803.9674744664737
Replace + Select,169,1.0,0.0,14.716664490155349,12.158063828520543,0.0002571903365353618,0.00017233771300656105,0.0005107850365504372,0.0003402049174953346,4.5277615845863514e-06,3.6115181001701457e-06,2.192243005200121,0.28299598763390793,3.9863137138648344e-11,0.0,2.2204460492503132e-17,0.0,5.117181603825023,1.6270420418987155,,,3.0,1.5811388300841898,686.8,803.9674744664737
Replace + Select,170,1.0,0.0,14.726039373155322,12.16420329472761,0.0002528312753272175,0.0001740483441058551,0.0005036572706574627,0.00034213317639124736,4.51591410163019e-06,3.705036361669089e-06,2.1656067904300738,0.37206086639210784,3.9863137138648344e-11,0.0,2.2204460492503132e-17,0.0,5.118472656428915,1.627355699346255,,,3.0,1.5811388300841898,686.8,803.9674744664737
Replace + Select,171,1.0,0.0,14.73288202577039,12.165987765234464,0.00026593482709849425,0.00018175615031937965,0.000532872590952146,0.00036727212714039546,4.7841953607837214e-06,3.952814299943654e-06,2.2481371199117595,0.338825889807799,3.9863137138648344e-11,0.0,2.2204460492503132e-17,0.0,5.119204802933623,1.627463092656959,,,3.0,1.5811388300841898,686.8,803.9674744664737
Replace + Select,172,1.0,0.0,14.741136035802944,12.17142598621672,0.00025982025849059255,0.00017762747080670634,0.00051716869893552,0.0003506387980888962,4.575708565943978e-06,3.666242326831447e-06,2.1452695914111595,0.36544034249902424,3.9863137138648344e-11,0.0,2.2204460492503132e-17,0.0,5.12006474081783,1.628002552557295,,,3.0,1.5811388300841898,686.8,803.9674744664737
Replace + Select,173,1.0,0.0,14.75056497949688,12.18312503585447,0.0002747055681162991,0.00019988117321728771,0.0005537904888465946,0.00040235393311115533,4.935657645137957e-06,4.161314867178711e-06,2.1398482159891405,0.35521153060975347,3.9863137138648344e-11,0.0,2.2204460492503132e-17,0.0,5.121422024165753,1.6288595782064983,,,3.0,1.5811388300841898,686.8,803.9674744664737
Replace + Select,174,1.0,0.0,14.760310594199206,12.19121711780738,0.00026831601824584635,0.0002031962003570657,0.0005365320269168155,0.00040917827342670327,4.782225382805078e-06,4.184730746844411e-06,2.1567159687138804,0.3913269404147803,3.9863137138648344e-11,0.0,2.2204460492503132e-17,0.0,5.122502596932805,1.6296042973648208,,,3.0,1.5811388300841898,686.8,803.9674744664737
Replace + Select,175,1.0,0.0,14.771426980453791,12.197787143053374,0.00027727735350426295,0.0001953534564400308,0.0005561582271972564,0.0003940869166712166,4.992518807289842e-06,4.170579233336827e-06,2.194236525636131,0.3518226287756221,3.9863137138648344e-11,0.0,2.2204460492503132e-17,0.0,5.123647548772835,1.6301285338072704,,,3.0,1.5811388300841898,686.8,803.9674744664737
Replace + Select,176,1.0,0.0,14.781884144808648,12.203767213822974,0.00027559010032271605,0.0002090216924279888,0.0005490870272485902,0.00041000779904572,4.89177265618516e-06,4.2164387338268284e-06,2.1962568349489366,0.3901589826665808,3.9863137138648344e-11,0.0,2.2204460492503132e-17,0.0,5.124736342830566,1.6307836546854049,,,3.0,1.5811388300841898,686.8,803.9674744664737
Replace + Select,177,1.0,0.0,14.792344161543667,12.209573819146147,0.0002765034352273857,0.00019397832228245428,0.0005520803764446173,0.00038986944910901597,4.930983803312758e-06,4.093384344547167e-06,2.1801278264094166,0.36956752871696286,3.9863137138648344e-11,0.0,2.2204460492503132e-17,0.0,5.125717682676741,1.631316153297918,,,3.0,1.5811388300841898,686.8,803.9674744664737
Replace + Select,178,1.0,0.0,14.799311531710964,12.212653645135447,0.00028825547279634836,0.0002096149239203297,0.000578767338616085,0.00042535793611298613,5.151305372785391e-06,4.373122133447786e-06,2.1649498728823953,0.35063225969978845,3.9863137138648344e-11,0.0,2.2204460492503132e-17,0.0,5.126455153843486,1.631898115713147,,,3.0,1.5811388300841898,686.8,803.9674744664737
Replace + Select,179,1.0,0.0,14.809039828737806,12.21870718458318,0.0002803031864806971,0.00022917106577132807,0.0005542089748453613,0.0004456688060178286,4.935779178124346e-06,4.504893772681639e-06,2.1435039827306106,0.30586641894255706,3.9863137138648344e-11,0.0,2.2204460492503132e-17,0.0,5.12744324463993,1.6323986093626695,,,3.0,1.5811388300841898,686.8,803.9674744664737
Replace + Select,180,1.0,0.0,14.815420785890698,12.22319978028378,0.00027792963891243213,0.00020835040547689153,0.000561062909652477,0.00042960035752739764,5.01755486023584e-06,4.405606188135684e-06,2.162379376603952,0.3296827283323441,3.9863137138648344e-11,0.0,2.2204460492503132e-17,0.0,5.128200151409074,1.6329650155306192,,,3.0,1.5811388300841898,686.8,803.9674744664737
Replace + Select,181,1.0,0.0,14.82712131294925,12.229586535369583,0.00027429862734804913,0.00020091269649199472,0.0005510951577930712,0.00039859631156256495,4.947520363685364e-06,4.175417525910483e-06,2.189496833914708,0.37674423256609446,3.9863137138648344e-11,0.0,2.2204460492503132e-17,0.0,5.129415066635435,1.6334936764966401,,,3.0,1.5811388300841898,686.8,803.9674744664737
Replace + Select,182,1.0,0.0,14.835936239065308,12.234108396082707,0.000263419846263302,0.00018601811364321163,0.0005211027197414475,0.000366072396497765,4.648244239227525e-06,3.817865905624384e-06,2.150133247825564,0.3195814516463569,3.9863137138648344e-11,0.0,2.2204460492503132e-17,0.0,5.130151678147373,1.6338797333566424,,,3.0,1.5811388300841898,686.8,803.9674744664737
Replace + Select,183,1.0,0.0,14.845805224184698,12.242727666754044,0.00026137948535129437,0.00016916202655384508,0.0005178432894267417,0.00033002866767845474,4.5975910436803644e-06,3.5327913100978856e-06,2.1199414631996483,0.36617626255556185,3.9863137138648344e-11,0.0,2.2204460492503132e-17,0.0,5.130724941970739,1.634653005011567,,,3.0,1.5811388300841898,686.8,803.9674744664737
Replace + Select,184,1.0,0.0,14.851231490149534,12.246384086110483,0.00025594596523994737,0.00016331868439359008,0.0005063773285899013,0.00032129978590308793,4.508823922863589e-06,3.4906644809525976e-06,2.1705665839645727,0.34977716299294914,3.9863137138648344e-11,0.0,2.2204460492503132e-17,0.0,5.131400465625697,1.6350306971686617,,,3.0,1.5811388300841898,686.8,803.9674744664737
Replace + Select,185,1.0,0.0,14.862553911729123,12.254030538088172,0.0002677999649113994,0.00017147382133821055,0.0005373152960436469,0.0003480981133955835,4.789209534863423e-06,3.745226358666019e-06,2.0994580504973035,0.34196906401357163,3.9863137138648344e-11,0.0,2.2204460492503132e-17,0.0,5.132942684498374,1.6353812496911588,,,3.0,1.5811388300841898,686.8,803.9674744664737
Replace + Select,186,1.0,0.0,14.866941214478967,12.260071023701338,0.00026708672999262075,0.00017581661400087643,0.0005310596137070832,0.00034914821230023623,4.734341061640561e-06,3.7306825354796138e-06,2.1494758636710687,0.3014370157220563,3.9863137138648344e-11,0.0,2.2204460492503132e-17,0.0,5.1330895127461345,1.6360916017922642,,,3.0,1.5811388300841898,686.8,803.9674744664737
Replace + Select,187,1.0,0.0,14.875072533652752,12.269636988020965,0.00026239700905703576,0.00017854033356743776,0.0005220171235166634,0.0003556758027478265,4.647228453390305e-06,3.6868547680635927e-06,2.219605216424946,0.33702167843931413,3.9863137138648344e-11,0.0,2.2204460492503132e-17,0.0,5.133935034474463,1.6366781855698873,,,3.0,1.5811388300841898,686.8,803.9674744664737
Replace + Select,188,1.0,0.0,14.884591495022217,12.276622223643443,0.000254281391689174,0.00017994207012844447,0.00050203174027704,0.0003524039177396854,4.4298644675162e-06,3.5271793381168563e-06,2.1446599452029425,0.3137540165485014,3.9863137138648344e-11,0.0,2.2204460492503132e-17,0.0,5.134518011543284,1.637168203049661,,,3.0,1.5811388300841898,686.8,803.9674744664737
Replace + Select,189,1.0,0.0,14.892573148134034,12.280720684466086,0.0002605796983531698,0.00018046549045019517,0.0005203727326553016,0.00036014508642327693,4.550992075261324e-06,3.56751143339193e-06,2.20453957923929,0.36768606330056597,3.9863137138648344e-11,0.0,2.2204460492503132e-17,0.0,5.134755385280231,1.6376823692539944,,,3.0,1.5811388300841898,686.8,803.9674744664737
Replace + Select,190,1.0,0.0,14.902946341870878,12.287948495878702,0.00026151379358114026,0.00018078666859433577,0.0005236929739200447,0.00036360561783527754,4.572744296259824e-06,3.6179931721431762e-06,2.193286160941399,0.36790597931380525,3.9863137138648344e-11,0.0,2.2204460492503132e-17,0.0,5.135825749886504,1.6382063957456212,,,3.0,1.5811388300841898,686.8,803.9674744664737
Replace + Select,191,1.0,0.0,14.912393556324455,12.295873023808511,0.00025502743162418703,0.00017603739326204842,0.0005078033565066654,0.00034808194980625473,4.426543299618435e-06,3.463967509168012e-06,2.1577962376674593,0.3427615877714502,3.9863137138648344e-11,0.0,2.2204460492503132e-17,0.0,5.136577762373976,1.6388133092277288,,,3.0,1.5811388300841898,686.8,803.9674744664737
Replace + Select,192,1.0,0.0,14.919359521533224,12.299727675016408,0.0002572471504660669,0.00016465138624407696,0.0005085980153008867,0.00032285920628415024,4.450267730101482e-06,3.285598029992334e-06,2.2072920481072815,0.39136772224274896,3.9863137138648344e-11,0.0,2.2204460492503132e-17,0.0,5.137398713543269,1.6390345436335996,,,3.0,1.5811388300841898,686.8,803.9674744664737
Replace + Select,193,1.0,0.0,14.926779136265676,12.307126409256199,0.00026334207657429515,0.00017358947236665524,0.0005252811394315344,0.00034473410986877984,4.6491881646741765e-06,3.596601036338095e-06,2.190537075392439,0.38709100541439256,3.9863137138648344e-11,0.0,2.2204460492503132e-17,0.0,5.137964971267853,1.6397196137106684,,,3.0,1.5811388300841898,686.8,803.9674744664737
Replace + Select,194,1.0,0.0,14.934052564618344,12.31213264070403,0.0002562612007219813,0.0001781181140588964,0.0005146765456464834,0.00035967884825577253,4.543106309010957e-06,3.653642827703781e-06,2.160695241516093,0.3255425637917726,3.9863137138648344e-11,0.0,2.2204460492503132e-17,0.0,5.138302371108644,1.6401003825845448,,,3.0,1.5811388300841898,686.8,803.9674744664737
Replace + Select,195,1.0,0.0,14.940429348657485,12.316356585414933,0.0002713209832154545,0.00018242583901156224,0.000540703595999436,0.00036385692791255237,4.797050290081129e-06,3.785349657483805e-06,2.14786151943526,0.3271247081200854,3.9863137138648344e-11,0.0,2.2204460492503132e-17,0.0,5.139040839840517,1.6403954804934722,,,3.0,1.5811388300841898,686.8,803.9674744664737
Replace + Select,196,1.0,0.0,14.949542240070397,12.31986802060104,0.00027780186028788514,0.00020459877000827061,0.0005555424815799068,0.0004135360879567921,4.923458918315572e-06,4.1504570218136854e-06,2.1487975152544125,0.3783691978332503,3.9863137138648344e-11,0.0,2.2204460492503132e-17,0.0,5.139899030420109,1.6408638141793004,,,3.0,1.5811388300841898,686.8,803.9674744664737
Replace + Select,197,1.0,0.0,14.959669809995768,12.327402510509524,0.00027914135374081654,0.00020447766271902617,0.0005609204655570222,0.00041283471323611166,4.9742723215335035e-06,4.174829117385958e-06,2.1884412323869933,0.36398372525383854,3.9863137138648344e-11,0.0,2.2204460492503132e-17,0.0,5.140919347841255,1.6415098264150425,,,3.0,1.5811388300841898,686.8,803.9674744664737
Replace + Select,198,1.0,0.0,14.9681042989716,12.333336792759175,0.0002730212564833009,0.0001909044496096534,0.0005402465929256753,0.0003756208791858065,4.746717408480311e-06,3.7898174321134065e-06,2.092778603062075,0.33235394639214344,3.9863137138648344e-11,0.0,2.2204460492503132e-17,0.0,5.142053591488382,1.642041725938371,,,3.0,1.5811388300841898,686.8,803.9674744664737
Replace + Select,199,1.0,0.0,14.975031957629232,12.340055049504398,0.0002781287600743021,0.00019471704009426286,0.0005515333336953099,0.00038291415708624623,4.843978041271261e-06,3.901532731656202e-06,2.226385976835952,0.3858991003588801,3.9863137138648344e-11,0.0,2.2204460492503132e-17,0.0,5.142652235572856,1.6427340893577251,,,3.0,1.5811388300841898,686.8,803.9674744664737
Replace + Select,200,1.0,0.0,14.981402528412039,12.346951717182806,0.000285532042549067,0.00021000543733398587,0.0005684746485786582,0.00041532230959650276,5.00810285610883e-06,4.198242150946498e-06,2.1317102341519636,0.34102525231412784,3.9863137138648344e-11,0.0,2.2204460492503132e-17,0.0,5.143509735490035,1.6433587148213384,,,3.0,1.5811388300841898,686.8,803.9674744664737
