setting,iteration,use_selection,use_selection,mean_error,mean_error,variance,variance,dispersion,dispersion,dispersion_ratio,dispersion_ratio,swd_to_truth,swd_to_truth,num_samples,num_samples,run,run,seed,seed
,,mean,std,mean,std,mean,std,mean,std,mean,std,mean,std,mean,std,mean,std,mean,std
Accumulate,0,0.0,0.0,0.0,0.0,84.12649828456804,20.561120228712866,169.06993790211672,40.60711598631633,1.0086290204439385,0.0062461406765696,0.0779555889762183,0.007945883581976853,,,3.0,1.5811388300841898,686.8,803.9674744664737
Accumulate,1,0.0,0.0,0.15248168141202117,0.12418668164566345,82.21697439821784,19.09722946716869,165.3196754083997,36.89809784959415,0.9890298017438643,0.036631634051918244,0.1284757178523768,0.024711496443322524,500.0,0.0,3.0,1.5811388300841898,686.8,803.9674744664737
Accumulate,2,0.0,0.0,0.24908705625342292,0.18886374494703145,81.92676110976143,20.349192896166745,164.1382821400504,41.52910063356913,0.9764368525948548,0.02780892847155679,0.16266355990895703,0.04040173163815353,1000.0,0.0,3.0,1.5811388300841898,686.8,803.9674744664737
Accumulate,3,0.0,0.0,0.26191747871849663,0.19337110641308003,81.95518919175758,19.6978811780378,163.54959188275672,40.85360148065415,0.9735569094973588,0.030164403035004214,0.17540174012531864,0.019835461506923693,1500.0,0.0,3.0,1.5811388300841898,686.8,803.9674744664737
Accumulate,4,0.0,0.0,0.29053196378539703,0.18121072371381783,82.16474978631484,19.70511909919963,163.85282725477927,39.559733244766576,0.9771318031343803,0.028134881218521257,0.1898947008477477,0.058615931554037416,2000.0,0.0,3.0,1.5811388300841898,686.8,803.9674744664737
Accumulate,5,0.0,0.0,0.27808293434177644,0.20297462035398764,81.82770463770603,19.37876248375658,162.91963015239753,38.292459802253404,0.9725613261104519,0.025238355607835047,0.1714570975927653,0.035321220680732,2500.0,0.0,3.0,1.5811388300841898,686.8,803.9674744664737
Accumulate,6,0.0,0.0,0.2706205935578234,0.19050043615759946,81.80034528190443,18.98920346708497,162.54883929079762,36.277818945339384,0.9727970370621509,0.02055922506070384,0.15940437790088544,0.025207206281176908,3000.0,0.0,3.0,1.5811388300841898,686.8,803.9674744664737
Accumulate,7,0.0,0.0,0.2728726771645302,0.17875206584640724,81.87119369117913,19.049239116648327,164.71408339137918,39.17531433016947,0.9831801840090606,0.02390170702659998,0.16111599214002376,0.02762708649883769,3500.0,0.0,3.0,1.5811388300841898,686.8,803.9674744664737
Accumulate,8,0.0,0.0,0.2696333377611123,0.16105772874699698,81.83427336219528,19.190179788579833,163.60341791888482,36.15173156486642,0.9791228774935149,0.027846230135948308,0.17256469191145812,0.028579115823108597,4000.0,0.0,3.0,1.5811388300841898,686.8,803.9674744664737
Accumulate,9,0.0,0.0,0.264405072945492,0.1621552554973221,81.94286266667854,19.078269754867165,164.33324686158682,38.70838107869898,0.9808928200264149,0.026469261271089537,0.16798029654754404,0.032052528305915484,4500.0,0.0,3.0,1.5811388300841898,686.8,803.9674744664737
Accumulate,10,0.0,0.0,0.26699511092656936,0.15898417010586385,81.90649267467401,19.16384688663317,162.82230095918732,37.6456893695653,0.9728165362749163,0.02416556451537846,0.1605059133932433,0.029859371233603393,5000.0,0.0,3.0,1.5811388300841898,686.8,803.9674744664737
Accumulate,11,0.0,0.0,0.2720410347445269,0.15527776426609113,81.68924122669276,19.043541752298697,162.38400806940166,38.51741119137068,0.9690513271381214,0.014082169546542685,0.17361278506907907,0.031196009418833374,5500.0,0.0,3.0,1.5811388300841898,686.8,803.9674744664737
Accumulate,12,0.0,0.0,0.2703982787320792,0.15630246428843989,81.7593969487694,19.208124712234774,164.07609918733542,39.176942248967165,0.9788297874936813,0.010159045272442862,0.14367986409450975,0.0278013506869037,6000.0,0.0,3.0,1.5811388300841898,686.8,803.9674744664737
Accumulate,13,0.0,0.0,0.27000160362982034,0.15231834477436101,81.73377172891821,19.274336816417875,162.22174883716457,38.28506009798596,0.9682605795988739,0.01313705073094914,0.16214285451328886,0.027071661591931858,6500.0,0.0,3.0,1.5811388300841898,686.8,803.9674744664737
Accumulate,14,0.0,0.0,0.26570774193673424,0.15742398947942796,81.80637917688179,19.3832201480785,164.2796240272555,39.59542595956117,0.9798845442651004,0.01903385465213852,0.17530415808442737,0.02958580074293189,7000.0,0.0,3.0,1.5811388300841898,686.8,803.9674744664737
Accumulate,15,0.0,0.0,0.26238288723334796,0.14632578697633083,81.89399662934136,19.38311616008682,164.9856808966839,39.62910228921641,0.9839996578278157,0.01928779613262926,0.17808741894385802,0.03175919858015678,7500.0,0.0,3.0,1.5811388300841898,686.8,803.9674744664737
Accumulate,16,0.0,0.0,0.2637569642683531,0.15706147347318855,81.78995289734289,19.31028193974778,162.21997512911702,39.70708226040829,0.9664881612248297,0.023897683185892468,0.17441211332442658,0.042681770725669164,8000.0,0.0,3.0,1.5811388300841898,686.8,803.9674744664737
Accumulate,17,0.0,0.0,0.2651403185444434,0.15014639439251878,81.81142244544738,19.281500355878542,161.95908311345073,38.379341132451756,0.9665747303224009,0.015335586146395939,0.1483959084437722,0.00685284245686535,8500.0,0.0,3.0,1.5811388300841898,686.8,803.9674744664737
Accumulate,18,0.0,0.0,0.2712561067560019,0.16310029444548216,81.84064257486516,19.218297317938397,163.4596835564821,38.426345991476296,0.9760369602333366,0.01796519413835044,0.16349096685778874,0.02772846731642359,9000.0,0.0,3.0,1.5811388300841898,686.8,803.9674744664737
Accumulate,19,0.0,0.0,0.26008209112894753,0.16297156484586406,81.76251489540971,19.188504220796386,163.16713588984993,38.88909794442192,0.9735849569496695,0.013962773866884668,0.15968785516950043,0.02573395778091643,9500.0,0.0,3.0,1.5811388300841898,686.8,803.9674744664737
Accumulate,20,0.0,0.0,0.26624962726677964,0.16779927082983354,81.7927801469421,19.247545371398637,164.5048376391833,39.36383617436436,0.9813680378546479,0.013339469947914765,0.1816898146302122,0.03477937149299448,10000.0,0.0,3.0,1.5811388300841898,686.8,803.9674744664737
Accumulate,21,0.0,0.0,0.27558561288757766,0.17389280380171165,81.81631586318822,19.193490319475902,163.54441801298032,38.08354292550661,0.9768868732482872,0.025448673521419243,0.18093672584444584,0.032396027171781513,10500.0,0.0,3.0,1.5811388300841898,686.8,803.9674744664737
Accumulate,22,0.0,0.0,0.27757213985952833,0.17431807218550144,81.8576673792725,19.167250697952863,164.08585387654406,38.85908737722878,0.9791379108867012,0.019868253618920625,0.16741547288454742,0.03260835540633878,11000.0,0.0,3.0,1.5811388300841898,686.8,803.9674744664737
Accumulate,23,0.0,0.0,0.27232852300551846,0.16666973723576797,81.75837326110572,19.115872592736,163.94725322910355,38.353055178566315,0.9791298998992615,0.01894000940658946,0.15494504949512738,0.0202311588513867,11500.0,0.0,3.0,1.5811388300841898,686.8,803.9674744664737
Accumulate,24,0.0,0.0,0.2735971227871111,0.1713293957783046,81.67927759799275,19.021194723292844,164.33818008200382,37.483696680050166,0.9823809261662614,0.01918576957354245,0.1613766248730867,0.037909070035179765,12000.0,0.0,3.0,1.5811388300841898,686.8,803.9674744664737
Accumulate,25,0.0,0.0,0.2773850441541391,0.17530154964983397,81.67409873473959,19.103809248394956,163.11025193038762,38.314956386815446,0.9739247405142659,0.014485338127416066,0.17461335400564038,0.025063741793733666,12500.0,0.0,3.0,1.5811388300841898,686.8,803.9674744664737
Accumulate,26,0.0,0.0,0.27732625465740884,0.16956448890532014,81.64980630533528,19.104312986289962,162.77918306305736,38.14701665571212,0.97189855952667,0.013759010671441968,0.16876997547595218,0.02841102373030817,13000.0,0.0,3.0,1.5811388300841898,686.8,803.9674744664737
Accumulate,27,0.0,0.0,0.2772095914526187,0.172485286265169,81.65479189281427,19.117959456669016,162.36864378437633,37.97368157122339,0.9695926125090384,0.015931651673713142,0.16578601221257347,0.025653963676151085,13500.0,0.0,3.0,1.5811388300841898,686.8,803.9674744664737
Accumulate,28,0.0,0.0,0.2742843029320562,0.17104722641432776,81.67241845970243,19.168513588584474,164.14239288770892,36.98137002448578,0.9816600154553357,0.028907654514459376,0.16661850841994194,0.03208926842351836,14000.0,0.0,3.0,1.5811388300841898,686.8,803.9674744664737
Accumulate,29,0.0,0.0,0.26855972295460145,0.15973158946117316,81.71996356836573,19.126848867984975,162.33934885970942,37.646171116227,0.969745746787113,0.01425860538764133,0.1704459272600214,0.02319312936209907,14500.0,0.0,3.0,1.5811388300841898,686.8,803.9674744664737
Accumulate,30,0.0,0.0,0.2675200721578105,0.1576835107181042,81.69970930200888,19.082778047466167,163.47905912856004,37.972429507129945,0.9763158760133184,0.019214144976485468,0.17283066763536775,0.05430881971665226,15000.0,0.0,3.0,1.5811388300841898,686.8,803.9674744664737
Accumulate,31,0.0,0.0,0.26593382328581183,0.15601279006595964,81.70292824833876,19.138049517724358,162.45714601029786,38.41871618148599,0.9696143075303214,0.02559679585155997,0.17716974763790788,0.0324378967621139,15500.0,0.0,3.0,1.5811388300841898,686.8,803.9674744664737
Accumulate,32,0.0,0.0,0.2645091165051849,0.15523604613951744,81.71292236583744,19.08860896033856,162.92651686386967,37.94355131661708,0.9734593039699565,0.020875062521516132,0.1656217621518235,0.013752990539642209,16000.0,0.0,3.0,1.5811388300841898,686.8,803.9674744664737
Accumulate,33,0.0,0.0,0.26306695859172524,0.15929655562788755,81.67467572404342,19.082052514992377,163.99120936399862,37.59416009007172,0.9802655427242188,0.02796567787454761,0.17379437668758208,0.02811277476742309,16500.0,0.0,3.0,1.5811388300841898,686.8,803.9674744664737
Accumulate,34,0.0,0.0,0.26472308843509806,0.16030430910888122,81.63423751936647,19.04499250155767,163.02839162532752,37.743926070848794,0.9741046792561212,0.013362498677515591,0.16644759968742312,0.030877379021799867,17000.0,0.0,3.0,1.5811388300841898,686.8,803.9674744664737
Accumulate,35,0.0,0.0,0.26539004517123976,0.1620077199283265,81.6403433112446,19.089442564179947,163.4329615929988,39.44183092605729,0.9745038804100414,0.01549387501494994,0.16296178384039972,0.013778675793010548,17500.0,0.0,3.0,1.5811388300841898,686.8,803.9674744664737
Accumulate,36,0.0,0.0,0.2647844865856821,0.1623332799552572,81.65023157319759,19.103234434023516,162.81541155694595,36.70778111722279,0.9738634059361637,0.01938838434637039,0.17231801284304002,0.008502583429440966,18000.0,0.0,3.0,1.5811388300841898,686.8,803.9674744664737
Accumulate,37,0.0,0.0,0.2615268639935278,0.15986199483806252,81.6372603920525,19.17115558972305,162.3938703184996,37.874636065404374,0.9698978718109179,0.01373380178486167,0.16017478083195646,0.01273767389765336,18500.0,0.0,3.0,1.5811388300841898,686.8,803.9674744664737
Accumulate,38,0.0,0.0,0.262206247432225,0.15869705391013111,81.63578438914757,19.139345152962722,163.35328713117224,38.26449417256317,0.975633177212746,0.015595263757057514,0.1696375024240727,0.024810805289830554,19000.0,0.0,3.0,1.5811388300841898,686.8,803.9674744664737
Accumulate,39,0.0,0.0,0.26141637463726175,0.15792574246977786,81.60310914226001,19.09950758142654,163.00721872729272,39.747895922716076,0.9717031013599765,0.005629506751467176,0.17342004227333316,0.04228994476518651,19500.0,0.0,3.0,1.5811388300841898,686.8,803.9674744664737
Accumulate,40,0.0,0.0,0.25977251112373645,0.16201905439878642,81.59806375140006,19.11030371388043,164.41816309414628,39.350205039112026,0.9807727485546931,0.01478959284310019,0.16605770969792585,0.028009247110320004,20000.0,0.0,3.0,1.5811388300841898,686.8,803.9674744664737
Accumulate,41,0.0,0.0,0.26017651318499124,0.16296417360147172,81.62253071164783,19.083880425566687,163.62024128414348,38.41983741400427,0.9771023920371349,0.01765292502873399,0.16067434860094262,0.022943808869867206,20500.0,0.0,3.0,1.5811388300841898,686.8,803.9674744664737
Accumulate,42,0.0,0.0,0.26153108208498066,0.16033300626742433,81.65310315466456,19.06755262454862,163.7520587998856,37.88517548583553,0.978434766625363,0.020126844784621064,0.16177527688496515,0.028577982807414644,21000.0,0.0,3.0,1.5811388300841898,686.8,803.9674744664737
Accumulate,43,0.0,0.0,0.2615991493785842,0.15934655777362594,81.67710319001205,19.08772724914202,163.32267751500234,37.54342314782792,0.9760505067204566,0.016505860124250423,0.17065595275610912,0.03396993202236759,21500.0,0.0,3.0,1.5811388300841898,686.8,803.9674744664737
Accumulate,44,0.0,0.0,0.2589788071052313,0.1560120904525293,81.68327163447236,19.138139193821306,163.49372297127297,37.69854970291807,0.9768590888032463,0.02306411114412582,0.17487335102319346,0.02901274049316199,22000.0,0.0,3.0,1.5811388300841898,686.8,803.9674744664737
Accumulate,45,0.0,0.0,0.2602771491922401,0.15509736918021244,81.69579240027605,19.097261155142544,162.8813996564814,37.491971658662884,0.973282418792869,0.0211629865951156,0.17040207017003206,0.02387316876911625,22500.0,0.0,3.0,1.5811388300841898,686.8,803.9674744664737
Accumulate,46,0.0,0.0,0.25899399801730605,0.15383967802469317,81.68181454592963,19.089809210177904,163.83195935247343,38.478779858922955,0.9780189436598018,0.018848465355664243,0.16019032687529247,0.020602495808634897,23000.0,0.0,3.0,1.5811388300841898,686.8,803.9674744664737
Accumulate,47,0.0,0.0,0.25921349482289374,0.15532421130560106,81.64645910153112,19.04314470621537,163.15477337253208,37.07860982488235,0.9757286557086422,0.019581469492833868,0.17748795243947443,0.028461185185327902,23500.0,0.0,3.0,1.5811388300841898,686.8,803.9674744664737
Accumulate,48,0.0,0.0,0.2601698512198068,0.15481879313753055,81.61228914352604,19.020329755556176,162.96760402670697,39.7255948528958,0.9713584417496968,0.01879417460683703,0.16987802437753377,0.027026363759674914,24000.0,0.0,3.0,1.5811388300841898,686.8,803.9674744664737
Accumulate,49,0.0,0.0,0.2609783742023188,0.15419688357024527,81.6645377020106,19.061286850695218,162.9143103125318,40.226164659946235,0.970661059443794,0.013956161280305709,0.17473847008375454,0.029195553121553777,24500.0,0.0,3.0,1.5811388300841898,686.8,803.9674744664737
Accumulate,50,0.0,0.0,0.2617423823617659,0.15604647470176564,81.64907616116253,19.04619739730829,162.56624537845647,38.82237830514502,0.9700172012332807,0.028353949827851964,0.17367447382191586,0.033010100359791746,25000.0,0.0,3.0,1.5811388300841898,686.8,803.9674744664737
Accumulate,51,0.0,0.0,0.25976703143789537,0.15769622357493882,81.65086548555155,19.004449798329677,163.26646332506206,37.75426960806798,0.9752398329030741,0.020295945889945568,0.15156817707152215,0.022643739227488878,25500.0,0.0,3.0,1.5811388300841898,686.8,803.9674744664737
Accumulate,52,0.0,0.0,0.2580760153062699,0.155482426534045,81.6389372952058,19.015857512433556,164.07309683128773,37.673922438686034,0.980511103707211,0.02355983144535146,0.16045551472440414,0.018424492744155706,26000.0,0.0,3.0,1.5811388300841898,686.8,803.9674744664737
Accumulate,53,0.0,0.0,0.25919664086994204,0.15709612754226585,81.65455953524906,19.03479430132217,164.41001400043294,37.4157428604217,0.9831037097032622,0.018741090812503094,0.1653385451889695,0.01644425908932328,26500.0,0.0,3.0,1.5811388300841898,686.8,803.9674744664737
Accumulate,54,0.0,0.0,0.25852901917006677,0.1550983214040634,81.63945904828613,19.029872742443388,163.09712625173,38.61502801043085,0.9735859359855159,0.02048818194205801,0.1748101575473847,0.022980601460276966,27000.0,0.0,3.0,1.5811388300841898,686.8,803.9674744664737
Accumulate,55,0.0,0.0,0.25955521015689376,0.1517649927131945,81.67254163018569,19.076064883624955,163.220825719743,36.63313708966579,0.9763082423091323,0.027232525835831856,0.17912476314222087,0.04471870736255896,27500.0,0.0,3.0,1.5811388300841898,686.8,803.9674744664737
Accumulate,56,0.0,0.0,0.2595957813654034,0.15259131300066367,81.6774570451742,19.050266042258954,163.4492509438748,37.358056647642506,0.9772189130639214,0.022465178191677093,0.1676383729358209,0.03004253502185259,28000.0,0.0,3.0,1.5811388300841898,686.8,803.9674744664737
Accumulate,57,0.0,0.0,0.2603570332683347,0.1538120598471731,81.66722999323795,19.06752562432584,162.73368975287784,39.5490086171861,0.9701793130794784,0.020255694464917776,0.1649814527865835,0.030371673200284183,28500.0,0.0,3.0,1.5811388300841898,686.8,803.9674744664737
Accumulate,58,0.0,0.0,0.2613360167778424,0.15325379057852254,81.66493906252936,19.06189760407072,163.49707884622566,37.58366592908705,0.9770867025383314,0.020306304378363928,0.16393340694889574,0.03377299533138377,29000.0,0.0,3.0,1.5811388300841898,686.8,803.9674744664737
Accumulate,59,0.0,0.0,0.26302548915462254,0.15371318177948198,81.66843647916701,19.076008945991205,162.54257903313913,37.74743416335814,0.9708646899267984,0.02309671938611882,0.17782710333411886,0.02931407569654166,29500.0,0.0,3.0,1.5811388300841898,686.8,803.9674744664737
Accumulate,60,0.0,0.0,0.26084749672569035,0.15257829111008084,81.66355285585674,19.05529258534264,162.5116263032005,37.95152961327129,0.9703139146858206,0.024930486407018004,0.16895075153636657,0.01711124929517351,30000.0,0.0,3.0,1.5811388300841898,686.8,803.9674744664737
Accumulate,61,0.0,0.0,0.26144825323807697,0.15434361238434144,81.65724570100392,19.049177534077774,163.85878174180556,38.494516739591276,0.9781679213416041,0.024816529459423645,0.15580756061633305,0.03196772891679108,30500.0,0.0,3.0,1.5811388300841898,686.8,803.9674744664737
Accumulate,62,0.0,0.0,0.2615395337693506,0.1555320700177372,81.67242361124207,19.028836271456207,163.02982785859516,37.72984421446523,0.973736244819909,0.026816037886614755,0.1613147076889385,0.027891811642075666,31000.0,0.0,3.0,1.5811388300841898,686.8,803.9674744664737
Accumulate,63,0.0,0.0,0.2635465319662802,0.15900881250983293,81.68212732920601,19.039036273915407,163.04791154759803,36.863586938901264,0.9749558104874874,0.027030308458538578,0.16866509206764543,0.021864632823932507,31500.0,0.0,3.0,1.5811388300841898,686.8,803.9674744664737
Accumulate,64,0.0,0.0,0.26360002656204073,0.16441340012615907,81.68049733413382,19.034841480995627,163.44005678901627,38.66276027950516,0.9756928386587058,0.021686068599995577,0.16770217549542626,0.03686225083461548,32000.0,0.0,3.0,1.5811388300841898,686.8,803.9674744664737
Accumulate,65,0.0,0.0,0.2636945701679037,0.16609487506131992,81.68832197230236,19.057191362182465,163.12313791585836,38.4237466873773,0.9738982411154309,0.01106162192027563,0.1759616018557713,0.03397315997066941,32500.0,0.0,3.0,1.5811388300841898,686.8,803.9674744664737
Accumulate,66,0.0,0.0,0.2645184151956031,0.16402637598405104,81.67689766436963,19.05144315264347,162.73529281037244,38.351658677799485,0.9712780031031247,0.02051046494874182,0.17097603190763708,0.02369460400207418,33000.0,0.0,3.0,1.5811388300841898,686.8,803.9674744664737
Accumulate,67,0.0,0.0,0.2642517606329887,0.16585988704498913,81.66395834833762,19.01110989807007,164.0804809338419,38.709952884403485,0.979482930402102,0.015712352703378923,0.16713948399930026,0.03564702505930877,33500.0,0.0,3.0,1.5811388300841898,686.8,803.9674744664737
Accumulate,68,0.0,0.0,0.26522310687459727,0.16744014008517968,81.67410914874456,19.027140227370076,162.33161156709875,37.88371780142998,0.9692752273181393,0.028505842407735054,0.17284885964337623,0.038655136305256105,34000.0,0.0,3.0,1.5811388300841898,686.8,803.9674744664737
Accumulate,69,0.0,0.0,0.2646162065628229,0.1670663779265729,81.6605097939286,19.042805261121238,163.98072088866724,37.44512768008566,0.9803546116752851,0.01948312672797794,0.171334568379663,0.020209397874569567,34500.0,0.0,3.0,1.5811388300841898,686.8,803.9674744664737
Accumulate,70,0.0,0.0,0.265181533348128,0.16671331713458645,81.65888162784431,19.034240515608893,163.1614358040676,37.717353908653614,0.9750056891962433,0.014611315181119905,0.1716141474144488,0.023427688554214343,35000.0,0.0,3.0,1.5811388300841898,686.8,803.9674744664737
Accumulate,71,0.0,0.0,0.2659560454800487,0.16738315815124044,81.65680520467903,19.012321436355265,162.20210075249935,37.54451255737626,0.9690538269869213,0.02134435270032248,0.16940867691732361,0.0421366853476258,35500.0,0.0,3.0,1.5811388300841898,686.8,803.9674744664737
Accumulate,72,0.0,0.0,0.2652917869215659,0.16723383811759343,81.64293408954143,19.00566937698474,164.15969695203856,37.494538283515816,0.9811547956981009,0.02992510913102817,0.17353645096327264,0.028958561603153073,36000.0,0.0,3.0,1.5811388300841898,686.8,803.9674744664737
Accumulate,73,0.0,0.0,0.26621482761713533,0.16628164052111788,81.6427118759455,19.009260184195128,163.32880102438406,38.06371297349998,0.9755587698657491,0.0206017558307712,0.17885037247236665,0.030896579389862566,36500.0,0.0,3.0,1.5811388300841898,686.8,803.9674744664737
Accumulate,74,0.0,0.0,0.2670129277393956,0.16617871959331285,81.63571382892039,19.012552542885757,162.45197271868452,36.67087386792723,0.9714720437241544,0.0187590337871886,0.16295253132430348,0.020567927483483336,37000.0,0.0,3.0,1.5811388300841898,686.8,803.9674744664737
Accumulate,75,0.0,0.0,0.2695356770952829,0.16854608678610913,81.64467100942768,19.008233908118353,163.82658788368624,37.64760090462888,0.979106865001612,0.0199913849641703,0.17213018818797085,0.013112845019019957,37500.0,0.0,3.0,1.5811388300841898,686.8,803.9674744664737
Accumulate,76,0.0,0.0,0.26820760901802365,0.16570549358977557,81.64107599881261,18.98646511495665,161.23117247211536,37.133105418822055,0.9635929315973485,0.02317675489535078,0.1743037951595749,0.021572123676636842,38000.0,0.0,3.0,1.5811388300841898,686.8,803.9674744664737
Accumulate,77,0.0,0.0,0.2694665708328487,0.16513765229373698,81.6510757999752,19.002402212169077,163.0081295902787,38.026538928675,0.9735494854186207,0.017419647202842968,0.17393863106202778,0.03214508214629063,38500.0,0.0,3.0,1.5811388300841898,686.8,803.9674744664737
Accumulate,78,0.0,0.0,0.2693958857334805,0.1616678317551678,81.67666188240324,19.040334428894973,163.26092241055466,37.79533713321615,0.9754608877265326,0.011745503121025855,0.1673092921771343,0.029011439330494018,39000.0,0.0,3.0,1.5811388300841898,686.8,803.9674744664737
Accumulate,79,0.0,0.0,0.2683196700161443,0.15996361883513754,81.67369128988216,19.026719848360564,163.06415194829967,37.76739512016896,0.9740063334931832,0.024189227039282862,0.1661936045081002,0.0340588337420038,39500.0,0.0,3.0,1.5811388300841898,686.8,803.9674744664737
Accumulate,80,0.0,0.0,0.2690010979913817,0.16001055294802347,81.67517709888746,19.020183095899508,163.430288695552,37.7174107657423,0.9764632735949501,0.02362532796478552,0.16971169131639186,0.03289789847992144,40000.0,0.0,3.0,1.5811388300841898,686.8,803.9674744664737
Accumulate,81,0.0,0.0,0.26807406196498723,0.158401551197749,81.67128283570227,19.008986573059808,162.54491751595634,37.63879466181842,0.9710084902337262,0.021998491607713565,0.168274677125324,0.029005198173173676,40500.0,0.0,3.0,1.5811388300841898,686.8,803.9674744664737
Accumulate,82,0.0,0.0,0.26785650658986465,0.15714291524845989,81.6989050188088,19.03034561753901,163.86770053243907,39.00144061548109,0.9774687154477654,0.02070985497969359,0.17056003914890833,0.035105557846822164,41000.0,0.0,3.0,1.5811388300841898,686.8,803.9674744664737
Accumulate,83,0.0,0.0,0.2675924046529545,0.15597006583314885,81.6916872850582,19.031391662566087,162.67180899645064,38.06950998234022,0.9714098223370797,0.019920723441269095,0.17679033325343724,0.01776881164875884,41500.0,0.0,3.0,1.5811388300841898,686.8,803.9674744664737
Accumulate,84,0.0,0.0,0.26673570404221547,0.1524321153239338,81.66562416783168,19.04635641279298,163.4720639952809,37.70196957519244,0.976695162039589,0.015951357388558518,0.15850217025923782,0.03824001956937202,42000.0,0.0,3.0,1.5811388300841898,686.8,803.9674744664737
Accumulate,85,0.0,0.0,0.2670101649524508,0.1516068201657667,81.68368322472227,19.03602795585108,162.9269734385601,38.42947158543469,0.9723527505169066,0.01949164486354365,0.15520094409005777,0.027432705704862007,42500.0,0.0,3.0,1.5811388300841898,686.8,803.9674744664737
Accumulate,86,0.0,0.0,0.26570230869044165,0.14972781348207745,81.66755256047936,19.024225393690738,162.8853610829672,37.197783134096674,0.9736854522628621,0.019111882490651832,0.16022525758310951,0.02892903970315891,43000.0,0.0,3.0,1.5811388300841898,686.8,803.9674744664737
Accumulate,87,0.0,0.0,0.2652895811149457,0.15002399461523921,81.67737075691872,19.040120461533384,163.40927841012382,39.08865762312046,0.9747326322891666,0.015217685973176394,0.1657859079988349,0.029411136421815594,43500.0,0.0,3.0,1.5811388300841898,686.8,803.9674744664737
Accumulate,88,0.0,0.0,0.2649005701358564,0.14912009584661923,81.68168842578432,19.054424343695317,163.47982861008603,37.00380453908843,0.9776719692155031,0.01783812864106708,0.17577047225042608,0.04945130556453413,44000.0,0.0,3.0,1.5811388300841898,686.8,803.9674744664737
Accumulate,89,0.0,0.0,0.26611101911648605,0.15134875782334906,81.67400787022682,19.031236734250655,163.10660386984947,38.25093542642155,0.9738403165098596,0.016241264970134475,0.16307985853975487,0.026748761409955586,44500.0,0.0,3.0,1.5811388300841898,686.8,803.9674744664737
Accumulate,90,0.0,0.0,0.2664537731999615,0.15340988792059249,81.68267695721768,19.02700345317249,163.25410634537138,39.6273386966065,0.973211044092945,0.026784652332096596,0.17739545158075304,0.03026176307234896,45000.0,0.0,3.0,1.5811388300841898,686.8,803.9674744664737
Accumulate,91,0.0,0.0,0.2663948190365535,0.15454325486721973,81.67190431087396,19.01598395268148,162.69152650056276,37.7524610057079,0.9718476978955819,0.0136068776803996,0.17529028161166202,0.03259400292728734,45500.0,0.0,3.0,1.5811388300841898,686.8,803.9674744664737
Accumulate,92,0.0,0.0,0.26697208513209303,0.15545877754849063,81.67373653539491,19.029170069225227,162.45033079079022,38.74000761398279,0.9692500287775015,0.012864486459865047,0.17141729990183865,0.03749376153637207,46000.0,0.0,3.0,1.5811388300841898,686.8,803.9674744664737
Accumulate,93,0.0,0.0,0.26816979521940204,0.15561601405465486,81.67909310988564,19.05788791008808,164.22489954771086,38.70036344616144,0.9803288918214811,0.017191268773254928,0.16642450357168895,0.027794198219507443,46500.0,0.0,3.0,1.5811388300841898,686.8,803.9674744664737
Accumulate,94,0.0,0.0,0.26780906217111966,0.155569812924318,81.66824451276625,19.05640371737166,163.05889660905876,37.986401164822084,0.9740823040821243,0.02167930753592278,0.1670188893762698,0.027923912550264614,47000.0,0.0,3.0,1.5811388300841898,686.8,803.9674744664737
Accumulate,95,0.0,0.0,0.26725118197628256,0.15484159021664623,81.65024979908014,19.064456561843542,165.0436198698483,39.81131642539055,0.9840529340556742,0.02693372824125994,0.17883069152613093,0.027432929599430417,47500.0,0.0,3.0,1.5811388300841898,686.8,803.9674744664737
Accumulate,96,0.0,0.0,0.2666819102134786,0.154030487835827,81.65993297756701,19.062271219125424,164.32963978969715,37.93867886907411,0.9818557062182407,0.02463672444408543,0.16369075269198832,0.027214091652565827,48000.0,0.0,3.0,1.5811388300841898,686.8,803.9674744664737
Accumulate,97,0.0,0.0,0.26735392652608625,0.15276686480177135,81.65073091662096,19.069243875015456,162.7340064240122,39.31744048468009,0.9705930493020285,0.014745972941608437,0.16845667058956093,0.033054249179402494,48500.0,0.0,3.0,1.5811388300841898,686.8,803.9674744664737
Accumulate,98,0.0,0.0,0.26744080215968113,0.15258789098967965,81.64728974421588,19.080035768122237,162.7842439240306,38.195814299417215,0.9716387025424916,0.03590830157771864,0.16543634314884828,0.028192259421530416,49000.0,0.0,3.0,1.5811388300841898,686.8,803.9674744664737
Accumulate,99,0.0,0.0,0.26783571494516767,0.1506774848487538,81.64688647369664,19.06938574124807,163.41878171744094,37.49463357558557,0.9766668212280127,0.022444667525511375,0.1715601959620067,0.029749997223250908,49500.0,0.0,3.0,1.5811388300841898,686.8,803.9674744664737
Accumulate,100,0.0,0.0,0.26794129628458635,0.15065596383510282,81.65966402227487,19.088282447651306,162.69321576494988,37.63628243987485,0.9717260410999045,0.022354327619153028,0.16943226960467356,0.027392446391575634,50000.0,0.0,3.0,1.5811388300841898,686.8,803.9674744664737
Accumulate,101,0.0,0.0,0.26759325765007413,0.15014450280261726,81.64055332270735,19.0855708462635,162.3410690526524,37.85424783304157,0.9695345332872816,0.019111345884373954,0.18632072693960192,0.03675612947414518,50500.0,0.0,3.0,1.5811388300841898,686.8,803.9674744664737
Accumulate,102,0.0,0.0,0.267214444258408,0.14961275461687593,81.61331672347251,19.072821400406482,163.709785567302,38.45896208739463,0.9774533430584622,0.01877678392770631,0.15864078775388074,0.022014377196613467,51000.0,0.0,3.0,1.5811388300841898,686.8,803.9674744664737
Accumulate,103,0.0,0.0,0.267708423771914,0.1503406964706357,81.61280106890254,19.0660736223746,162.81750191296175,40.26813282197822,0.9699901550119687,0.017982566014315457,0.1668998217196624,0.028550465765274063,51500.0,0.0,3.0,1.5811388300841898,686.8,803.9674744664737
Accumulate,104,0.0,0.0,0.2671875628484561,0.14989775544916945,81.60955245689013,19.05769861780881,162.76228261653296,37.915376798412645,0.9720595159829163,0.020321562705842757,0.1814290724046705,0.04148191843452268,52000.0,0.0,3.0,1.5811388300841898,686.8,803.9674744664737
Accumulate,105,0.0,0.0,0.2670614775061274,0.14970114313091343,81.60517574455325,19.06776680236056,163.31810412114268,38.086007906029884,0.9755777581523042,0.010723584118760765,0.16881896706053004,0.031460508568896865,52500.0,0.0,3.0,1.5811388300841898,686.8,803.9674744664737
Accumulate,106,0.0,0.0,0.2675804556327209,0.1516821083081434,81.60260143214484,19.093928320356543,164.08543737753888,37.497439819115186,0.980832041809267,0.018472941327855975,0.1699251887336364,0.026353524801718115,53000.0,0.0,3.0,1.5811388300841898,686.8,803.9674744664737
Accumulate,107,0.0,0.0,0.26752844629925,0.15160576262295036,81.61519539006892,19.117484725233314,162.38666680180125,38.67406344325986,0.9688847479873137,0.0244199963795065,0.17362429937774454,0.015998783396246594,53500.0,0.0,3.0,1.5811388300841898,686.8,803.9674744664737
Accumulate,108,0.0,0.0,0.2685506295914895,0.15195824995340373,81.62124931816398,19.129422640300806,163.76091596328192,38.47366359522897,0.9774224339581623,0.02385433517975101,0.16224113096472376,0.013829052825697243,54000.0,0.0,3.0,1.5811388300841898,686.8,803.9674744664737
Accumulate,109,0.0,0.0,0.26735128625490956,0.15068009247313452,81.62688843883397,19.139531493035594,162.73953741151865,37.31317340835254,0.9729040199392376,0.016830471433899655,0.16467592876415688,0.0330565991728472,54500.0,0.0,3.0,1.5811388300841898,686.8,803.9674744664737
Accumulate,110,0.0,0.0,0.26704645994260606,0.1496372509595607,81.61597600237319,19.123656912206627,161.6188201481263,37.49209949615824,0.965273090453936,0.023042630830507126,0.15725625472916077,0.02128162720283441,55000.0,0.0,3.0,1.5811388300841898,686.8,803.9674744664737
Accumulate,111,0.0,0.0,0.2664338579230072,0.1487533609906279,81.60604078913556,19.10660042400617,162.66270823071451,38.22052731202024,0.9709936827891823,0.015770865436265203,0.16130812643895318,0.024641526211984035,55500.0,0.0,3.0,1.5811388300841898,686.8,803.9674744664737
Accumulate,112,0.0,0.0,0.26618593997233997,0.14963307721182792,81.5956479165628,19.102998875432977,163.34680264119874,39.682504919327286,0.9737555546484863,0.014006464878477062,0.18262220373525878,0.040399806967195875,56000.0,0.0,3.0,1.5811388300841898,686.8,803.9674744664737
Accumulate,113,0.0,0.0,0.2644422407926731,0.1488360298568302,81.57651793502939,19.08160897755626,163.88183453707634,37.91517677050037,0.9790400283028386,0.023249148998239866,0.17624250086885293,0.03700344930079558,56500.0,0.0,3.0,1.5811388300841898,686.8,803.9674744664737
Accumulate,114,0.0,0.0,0.26324384578593507,0.14775242655006376,81.5694559993343,19.08220292337228,162.13827066918083,38.38776275283233,0.9675980725634187,0.020014826352388274,0.18068063946191454,0.01760943431048832,57000.0,0.0,3.0,1.5811388300841898,686.8,803.9674744664737
Accumulate,115,0.0,0.0,0.26304366176625754,0.14674388800823243,81.56446239552172,19.065497974828283,163.94188720981234,37.34901597636551,0.9803384983913013,0.020656709333084916,0.15908002937347523,0.02759979966149655,57500.0,0.0,3.0,1.5811388300841898,686.8,803.9674744664737
Accumulate,116,0.0,0.0,0.26290851926283776,0.147343621464813,81.57293107337118,19.073210057299974,163.85895992794462,39.512237307046554,0.9772701863013541,0.013067326994699114,0.17312823294043228,0.031644327606616875,58000.0,0.0,3.0,1.5811388300841898,686.8,803.9674744664737
Accumulate,117,0.0,0.0,0.263611162266709,0.14888521324467185,81.5723163762526,19.068804944635335,164.24060405828712,37.96742073696256,0.9812741934188438,0.013821108729198653,0.17354967290364948,0.027506317011293017,58500.0,0.0,3.0,1.5811388300841898,686.8,803.9674744664737
Accumulate,118,0.0,0.0,0.2630506063192696,0.14782189736677676,81.57002894738011,19.05755306234784,163.6303707791036,37.90186157776465,0.9773160364102077,0.023449741401257267,0.17793889590184592,0.030233913057492616,59000.0,0.0,3.0,1.5811388300841898,686.8,803.9674744664737
Accumulate,119,0.0,0.0,0.26321184452201507,0.14795466913012362,81.5853366054512,19.052989588613848,162.11840027452462,38.05063069651257,0.9680586216256171,0.021075002006235674,0.15999090965893176,0.022579828844790695,59500.0,0.0,3.0,1.5811388300841898,686.8,803.9674744664737
Accumulate,120,0.0,0.0,0.2639006457961449,0.1478587155872988,81.5661023269911,19.037916117126066,163.0902324899838,38.55310910135196,0.9734789062686218,0.018459404616634346,0.1781680660443496,0.030835731210773345,60000.0,0.0,3.0,1.5811388300841898,686.8,803.9674744664737
Accumulate,121,0.0,0.0,0.26422658737532767,0.14926353940709028,81.54870329481255,19.02266661656143,163.71514720571875,39.02108704780213,0.9766053511986362,0.019119702686096373,0.16475636606463434,0.024461073543913966,60500.0,0.0,3.0,1.5811388300841898,686.8,803.9674744664737
Accumulate,122,0.0,0.0,0.2643806556495071,0.14853935841043617,81.55252071282231,19.026719371209293,162.14376963093193,38.29978200001547,0.9681281500936878,0.01894525683248125,0.1666805197418572,0.02685138867788798,61000.0,0.0,3.0,1.5811388300841898,686.8,803.9674744664737
Accumulate,123,0.0,0.0,0.2652924741335935,0.1484314609800826,81.5345800516485,19.004155712462445,163.85963597328612,38.7476480125658,0.9780748351765481,0.011753946382776683,0.16876922586275636,0.033673353300252916,61500.0,0.0,3.0,1.5811388300841898,686.8,803.9674744664737
Accumulate,124,0.0,0.0,0.26396191562047344,0.14672079625983211,81.54035718997065,19.00706149769671,162.23519648977245,37.88999628134942,0.9687724473191143,0.01564743201261261,0.15950964075579938,0.013771323438406523,62000.0,0.0,3.0,1.5811388300841898,686.8,803.9674744664737
Accumulate,125,0.0,0.0,0.26481124596023,0.14660216359911876,81.55553845414227,19.023837697656568,162.89748521915584,37.744759318627835,0.9733617753550211,0.02285600074480292,0.16920446532836292,0.03523124456648622,62500.0,0.0,3.0,1.5811388300841898,686.8,803.9674744664737
Accumulate,126,0.0,0.0,0.2651278933883604,0.14757973318541637,81.5545142862793,19.017696366982285,163.1419224152691,40.40723452639912,0.9714817093080471,0.019979684616531126,0.1715604755171077,0.04159720526268648,63000.0,0.0,3.0,1.5811388300841898,686.8,803.9674744664737
Accumulate,127,0.0,0.0,0.2649107639922585,0.14746967787038384,81.56194296037839,19.030207057002624,162.5925451154575,37.777069968815795,0.9711121186269747,0.02470147408647105,0.17174267099790783,0.014512800817386106,63500.0,0.0,3.0,1.5811388300841898,686.8,803.9674744664737
Accumulate,128,0.0,0.0,0.265004926491551,0.14767631512648485,81.56441638639332,19.024516740928405,165.35346628084534,39.57098618952526,0.9863178523957936,0.022272159317724905,0.16175526115730643,0.02124777162522677,64000.0,0.0,3.0,1.5811388300841898,686.8,803.9674744664737
Accumulate,129,0.0,0.0,0.2653093368553426,0.1484214344712011,81.56700162631502,19.01792550681262,161.50527101123612,38.36322211486521,0.963687836975135,0.023957538308234792,0.1852483889729128,0.03878461392705023,64500.0,0.0,3.0,1.5811388300841898,686.8,803.9674744664737
Accumulate,130,0.0,0.0,0.2652216968904476,0.1489357594319977,81.58482399610227,19.009837233339486,163.56109306380813,39.28441027132745,0.975858403347422,0.015993873662644785,0.18102600022854803,0.019157287278238816,65000.0,0.0,3.0,1.5811388300841898,686.8,803.9674744664737
Accumulate,131,0.0,0.0,0.26490515821586624,0.14969323409131427,81.58586257668065,19.01128976800745,163.07705600309683,37.23614004947276,0.9747535093630404,0.019526782064996365,0.16736482746479261,0.01920563176482473,65500.0,0.0,3.0,1.5811388300841898,686.8,803.9674744664737
Accumulate,132,0.0,0.0,0.26483704273506076,0.14992706346437193,81.58485918565503,19.0213533939914,162.15025542964116,37.62441299192404,0.968602493512847,0.029488530810208448,0.1781870045606913,0.033294757122626605,66000.0,0.0,3.0,1.5811388300841898,686.8,803.9674744664737
Accumulate,133,0.0,0.0,0.2647771294496873,0.1493857243970811,81.58561127214662,19.028106890787466,163.91261715998226,39.130527065782665,0.9777829747542768,0.021822837577151352,0.15852638254312224,0.036142746284894244,66500.0,0.0,3.0,1.5811388300841898,686.8,803.9674744664737
Accumulate,134,0.0,0.0,0.2635705608483317,0.14929246032425447,81.58866551568494,19.03285165795594,162.41707262789987,36.356277097284305,0.9716186088583095,0.028155754872651914,0.1817322530333346,0.03678265659146064,67000.0,0.0,3.0,1.5811388300841898,686.8,803.9674744664737
Accumulate,135,0.0,0.0,0.26347665468239906,0.14840018898795226,81.58825797187659,19.021223391904424,164.25179654259287,38.044627195532435,0.981293251229929,0.020710156220351675,0.15979626335416808,0.013937560342745585,67500.0,0.0,3.0,1.5811388300841898,686.8,803.9674744664737
Accumulate,136,0.0,0.0,0.26336011141152754,0.14744890597659882,81.59992864222741,19.023847143685728,163.42661117222423,39.798195657432004,0.9741506946675049,0.02128061250289654,0.1616186930949405,0.024490999278301093,68000.0,0.0,3.0,1.5811388300841898,686.8,803.9674744664737
Accumulate,137,0.0,0.0,0.2629631675511494,0.1472627966340166,81.60367592347036,19.022330444688862,162.27557337461064,39.84264602938962,0.9672296376435771,0.01539754361533135,0.17258522513738883,0.031334873486196686,68500.0,0.0,3.0,1.5811388300841898,686.8,803.9674744664737
Accumulate,138,0.0,0.0,0.2631749141694427,0.14662824204400665,81.60283333635586,19.027088622653153,163.8469599262193,39.054785328130805,0.9774961055143152,0.020646814699769405,0.17560683741176392,0.018099579957322972,69000.0,0.0,3.0,1.5811388300841898,686.8,803.9674744664737
Accumulate,139,0.0,0.0,0.26348959764084323,0.14712110465396275,81.60137628717303,19.021646617866363,163.74816426545505,38.37975423333196,0.9777522272170703,0.02252945138576194,0.16890367793061892,0.023513673375151135,69500.0,0.0,3.0,1.5811388300841898,686.8,803.9674744664737
Accumulate,140,0.0,0.0,0.264154250058,0.1477611240167252,81.62005857589537,19.03345114823668,161.8192474613089,36.605705458729524,0.967554445694525,0.022378325426823654,0.17102839577276782,0.024462530407885815,70000.0,0.0,3.0,1.5811388300841898,686.8,803.9674744664737
Accumulate,141,0.0,0.0,0.263893839670787,0.14798327892066648,81.63765058549957,19.036276354846827,163.06206593648682,37.23999669143741,0.9745847044110093,0.02108616666281105,0.18008489158714847,0.027106141000013823,70500.0,0.0,3.0,1.5811388300841898,686.8,803.9674744664737
Accumulate,142,0.0,0.0,0.2636099884185151,0.14789536315284887,81.63484782378191,19.02519395750292,162.1046704142925,38.10079671190987,0.9678069355381995,0.014738806176569747,0.18204120569402624,0.03224169078228139,71000.0,0.0,3.0,1.5811388300841898,686.8,803.9674744664737
Accumulate,143,0.0,0.0,0.26345371023807007,0.14765045131580434,81.63357489423987,19.00734343647838,163.29365126994176,36.322213774617474,0.9770487724383603,0.02539118250429245,0.1905668377497103,0.036893107649217494,71500.0,0.0,3.0,1.5811388300841898,686.8,803.9674744664737
Accumulate,144,0.0,0.0,0.2643143116035426,0.14834371543692587,81.64165902452427,19.014781706557432,164.30406987694022,38.3727773489176,0.9811189441260624,0.02233961457539442,0.1666191462592442,0.04812960846756639,72000.0,0.0,3.0,1.5811388300841898,686.8,803.9674744664737
Accumulate,145,0.0,0.0,0.2639546911399801,0.14708812309062072,81.62836800150744,19.011230116671157,163.95226871915875,38.488106689591824,0.9788594909107726,0.022511232422373403,0.1641637723861325,0.02155993593400472,72500.0,0.0,3.0,1.5811388300841898,686.8,803.9674744664737
Accumulate,146,0.0,0.0,0.26481415277714043,0.14799606973574,81.63141761019901,19.024576745597248,162.15992151705467,36.62412223882032,0.9697622706771609,0.019824567685967145,0.17577420428093588,0.024231641558662986,73000.0,0.0,3.0,1.5811388300841898,686.8,803.9674744664737
Accumulate,147,0.0,0.0,0.2642351150949498,0.14718038004237238,81.63970598770337,19.035709341146468,162.4769359027726,37.91329268979935,0.9701094922788135,0.02144766286811121,0.17373150420444558,0.027593042846369136,73500.0,0.0,3.0,1.5811388300841898,686.8,803.9674744664737
Accumulate,148,0.0,0.0,0.26347580746878474,0.1472403557064085,81.6370925152136,19.030754432153763,163.31265000417574,37.03775600984625,0.9766885481936358,0.02450225823541349,0.16084482353234592,0.022370168922157627,74000.0,0.0,3.0,1.5811388300841898,686.8,803.9674744664737
Accumulate,149,0.0,0.0,0.2632211032902664,0.14736092377411258,81.62454621257744,19.03269391286158,162.7773458944617,37.9823196402569,0.9719268606277562,0.021128895190301145,0.18537148429110348,0.028999781690370412,74500.0,0.0,3.0,1.5811388300841898,686.8,803.9674744664737
Accumulate,150,0.0,0.0,0.2629191973091314,0.1471880189822408,81.63668166447685,19.034753150968914,163.67152029835847,39.07389281745856,0.9766981181454921,0.028713233412871415,0.18196121205180707,0.034615015834270416,75000.0,0.0,3.0,1.5811388300841898,686.8,803.9674744664737
Accumulate,151,0.0,0.0,0.2633739369659499,0.14728733822355364,81.65609160061747,19.045321868301826,163.43519387360644,36.948838129120084,0.9772186336394153,0.025676455526421255,0.17849936157771598,0.034141323118386725,75500.0,0.0,3.0,1.5811388300841898,686.8,803.9674744664737
Accumulate,152,0.0,0.0,0.2632974068846283,0.14635353134746398,81.65197591810002,19.05579113472463,163.5534551380112,38.43385444310493,0.9762210752663201,0.020769585912401713,0.16452511644287146,0.017925833126709197,76000.0,0.0,3.0,1.5811388300841898,686.8,803.9674744664737
Accumulate,153,0.0,0.0,0.26365161458188424,0.1456822621262146,81.65656946194272,19.055881443473474,163.54868387478905,38.56102874016742,0.9761806329478377,0.015383988595027487,0.160129067598019,0.01822026713798765,76500.0,0.0,3.0,1.5811388300841898,686.8,803.9674744664737
Accumulate,154,0.0,0.0,0.2635988464716369,0.14581574872076988,81.66011513391607,19.060091869138297,163.08651601385822,39.63569979667152,0.9719301644117652,0.022689277288421877,0.171123064586058,0.03476017436379641,77000.0,0.0,3.0,1.5811388300841898,686.8,803.9674744664737
Accumulate,155,0.0,0.0,0.2642104648583511,0.1464314821737124,81.65698186363124,19.060683495943884,162.8895961139157,37.37154887415736,0.9734717203890078,0.031054829679098787,0.1638400743127741,0.01716021117722914,77500.0,0.0,3.0,1.5811388300841898,686.8,803.9674744664737
Accumulate,156,0.0,0.0,0.26420308577188034,0.1461793703801073,81.65916142324386,19.07169918616645,163.01482142180024,38.46477871226982,0.9729109730043166,0.01780210211350996,0.16699307790495443,0.03715683588668871,78000.0,0.0,3.0,1.5811388300841898,686.8,803.9674744664737
Accumulate,157,0.0,0.0,0.2646740265261952,0.14669423689544892,81.65206804102185,19.057118660493746,163.879952640664,38.83684479545445,0.9778604153887359,0.02695471236901026,0.16971269701539796,0.032768723268019724,78500.0,0.0,3.0,1.5811388300841898,686.8,803.9674744664737
Accumulate,158,0.0,0.0,0.2646599381075615,0.14734797720080775,81.65442614245617,19.05359433450246,163.8728093850927,37.908722794908435,0.9788323842014961,0.020197698027860863,0.1657892897309285,0.021872800451005408,79000.0,0.0,3.0,1.5811388300841898,686.8,803.9674744664737
Accumulate,159,0.0,0.0,0.2648487823245014,0.14757152974297943,81.65362972158948,19.047912601817846,163.05485792146146,38.27301128192435,0.9734788931515836,0.021389899522397955,0.18060498151482973,0.03158768354450238,79500.0,0.0,3.0,1.5811388300841898,686.8,803.9674744664737
Accumulate,160,0.0,0.0,0.26580158785222785,0.14888103951684603,81.64753517755197,19.048183741816825,162.7794528253344,37.800243626704756,0.9724039793707334,0.023431661643251223,0.17599519474340775,0.029925555130755396,80000.0,0.0,3.0,1.5811388300841898,686.8,803.9674744664737
Accumulate,161,0.0,0.0,0.26556718355729136,0.14861320165373537,81.632351721866,19.048493752668442,162.80913249312454,38.25917465389499,0.9718358600227273,0.02218407390794984,0.17079347194325215,0.027590162671701886,80500.0,0.0,3.0,1.5811388300841898,686.8,803.9674744664737
Accumulate,162,0.0,0.0,0.2646303046833827,0.1474648172427819,81.63616495084946,19.056660461435047,162.16005775973022,37.431073865207715,0.9686632780423909,0.024859124340063782,0.16918960012815745,0.017917167742101295,81000.0,0.0,3.0,1.5811388300841898,686.8,803.9674744664737
Accumulate,163,0.0,0.0,0.2644399779991763,0.14775238705593474,81.6376946104834,19.056965431340316,162.28699835496903,37.61777522732027,0.9693710635298107,0.022208326683533116,0.17513179232546883,0.02205947763954191,81500.0,0.0,3.0,1.5811388300841898,686.8,803.9674744664737
Accumulate,164,0.0,0.0,0.26441621400845255,0.14851934908391895,81.6414659652477,19.05994986375606,164.43217975821253,38.80256439815762,0.9815672127988332,0.011996258642339622,0.16652837022830896,0.02378928489390752,82000.0,0.0,3.0,1.5811388300841898,686.8,803.9674744664737
Accumulate,165,0.0,0.0,0.2641853245325387,0.14836814363329756,81.64565903264355,19.063999822626343,162.87959103684915,38.22220311779155,0.9724165956201294,0.02238984557928915,0.1670062568034155,0.024418195029124037,82500.0,0.0,3.0,1.5811388300841898,686.8,803.9674744664737
Accumulate,166,0.0,0.0,0.2643686046593648,0.14817625999500628,81.6407750297922,19.050860454516172,163.52042679459754,38.44261456356589,0.9760993219058298,0.027215708411990915,0.16082112118506017,0.027332119877242166,83000.0,0.0,3.0,1.5811388300841898,686.8,803.9674744664737
Accumulate,167,0.0,0.0,0.2642497902602658,0.14718083907991036,81.62944896118788,19.045658664699392,162.6442373623491,37.97043001171565,0.9711620750691198,0.026280837122421703,0.17535052067597712,0.028962834183630836,83500.0,0.0,3.0,1.5811388300841898,686.8,803.9674744664737
Accumulate,168,0.0,0.0,0.2639684485341515,0.14621598308144107,81.64137997193897,19.066735023004437,162.71127881503912,37.157052648866035,0.9727384916231528,0.0173837823786767,0.1767492215984231,0.023607091950251784,84000.0,0.0,3.0,1.5811388300841898,686.8,803.9674744664737
Accumulate,169,0.0,0.0,0.26361381262350203,0.14534233215235096,81.64366737544613,19.071214153445784,164.3725564802994,38.10441359946017,0.9816827016369196,0.025034710826266335,0.16517590970055365,0.02728555714397495,84500.0,0.0,3.0,1.5811388300841898,686.8,803.9674744664737
Accumulate,170,0.0,0.0,0.26324509320072453,0.14583086985760219,81.64142403493845,19.07011479372544,163.36541951277374,38.58136487853367,0.9747920279538299,0.03176612212482687,0.16612612018904999,0.03536947667857028,85000.0,0.0,3.0,1.5811388300841898,686.8,803.9674744664737
Accumulate,171,0.0,0.0,0.26400690879331956,0.14625206256858653,81.64342758584068,19.075134629800544,162.520957028092,38.3988116034226,0.9698939562677864,0.021364867890865405,0.17248224688831396,0.03176387892618657,85500.0,0.0,3.0,1.5811388300841898,686.8,803.9674744664737
Accumulate,172,0.0,0.0,0.26474986545134593,0.14641363750745354,81.65406248184169,19.079133066614126,161.95991781994545,36.718409235286614,0.9683520246733849,0.028253703728239002,0.17884655123774634,0.0104469183758429,86000.0,0.0,3.0,1.5811388300841898,686.8,803.9674744664737
Accumulate,173,0.0,0.0,0.26453805975694167,0.14614288521960309,81.65842730655662,19.089092748402663,163.87192620397107,39.361756431748944,0.9772289222570221,0.02355237155240793,0.1748615669257066,0.03430405405253826,86500.0,0.0,3.0,1.5811388300841898,686.8,803.9674744664737
Accumulate,174,0.0,0.0,0.26468740107391364,0.14656955596390528,81.64648968198307,19.073966951543206,162.3818395796198,38.89580847021422,0.9685008729178761,0.02165777037814018,0.16743931827752473,0.02856122365019397,87000.0,0.0,3.0,1.5811388300841898,686.8,803.9674744664737
Accumulate,175,0.0,0.0,0.2654134950893513,0.14623916304076862,81.6519395505814,19.082441264151395,164.66233551994543,39.14221830857797,0.9827266094903422,0.027676443390519452,0.17310183919493038,0.030946683518608277,87500.0,0.0,3.0,1.5811388300841898,686.8,803.9674744664737
Accumulate,176,0.0,0.0,0.26566254352150054,0.14638543100173654,81.65178279363356,19.07996149941022,163.67188496716412,37.4335018814944,0.9783973524506149,0.025238846643517252,0.1528386762536919,0.028701288769442782,88000.0,0.0,3.0,1.5811388300841898,686.8,803.9674744664737
Accumulate,177,0.0,0.0,0.2665382435519733,0.1468430289611531,81.65657768115173,19.079688346691718,161.982738385118,38.24594205082207,0.9667884603657335,0.021102818962728268,0.16869707871776984,0.0350123187108158,88500.0,0.0,3.0,1.5811388300841898,686.8,803.9674744664737
Accumulate,178,0.0,0.0,0.26605757832903293,0.14697166570010506,81.65485694105804,19.071262934898108,162.58063043373994,38.32050486349522,0.9703445771979741,0.018793923142265218,0.16360426447069085,0.018733771246906124,89000.0,0.0,3.0,1.5811388300841898,686.8,803.9674744664737
Accumulate,179,0.0,0.0,0.26629285373331907,0.1463241947612111,81.66130403606944,19.071423985085676,163.15862607249812,38.14837435801677,0.9742527062744095,0.018481278069084155,0.1640343593740284,0.03215863083112215,89500.0,0.0,3.0,1.5811388300841898,686.8,803.9674744664737
Accumulate,180,0.0,0.0,0.26633574745242916,0.14666573041617093,81.66606464713267,19.066268547018794,163.21909399691853,39.065505105416484,0.9736595838639215,0.014614041451634724,0.16561596699512277,0.033727322067246775,90000.0,0.0,3.0,1.5811388300841898,686.8,803.9674744664737
Accumulate,181,0.0,0.0,0.2660252927474068,0.1467652763722296,81.66840252839992,19.085523702726967,162.07459210937625,37.763130859865946,0.9680399972586267,0.01245002431432525,0.1732153468764041,0.028355471512545336,90500.0,0.0,3.0,1.5811388300841898,686.8,803.9674744664737
Accumulate,182,0.0,0.0,0.2662662427029545,0.14635966985657153,81.67116194838403,19.07843458119755,162.58765723009364,37.30838998030622,0.9718118165376992,0.021300167867396372,0.17966063371734445,0.018692593359448086,91000.0,0.0,3.0,1.5811388300841898,686.8,803.9674744664737
Accumulate,183,0.0,0.0,0.2667303981489291,0.14606777810481544,81.67549252594733,19.083731058583115,163.99618741213317,38.56322476860618,0.9789788846379585,0.021892288350885428,0.1729890645930102,0.03061262533327827,91500.0,0.0,3.0,1.5811388300841898,686.8,803.9674744664737
Accumulate,184,0.0,0.0,0.26693412023547647,0.14621604842289238,81.67180077781882,19.073979107100108,163.10012171774065,36.89409967607234,0.9752531738409032,0.028302880129334056,0.17886390770963015,0.04006680481861079,92000.0,0.0,3.0,1.5811388300841898,686.8,803.9674744664737
Accumulate,185,0.0,0.0,0.2672421619939488,0.14642405018135826,81.67431152915582,19.086383163562033,163.73048060803836,38.026359815830205,0.978045360477813,0.020028905844247862,0.16494326955873023,0.024591992432252237,92500.0,0.0,3.0,1.5811388300841898,686.8,803.9674744664737
Accumulate,186,0.0,0.0,0.26734585652961884,0.14654749601257633,81.66499803521069,19.071454621021637,162.344758520646,36.832180932381036,0.9705975341854671,0.023243929566880733,0.16812510016808557,0.03869197777045006,93000.0,0.0,3.0,1.5811388300841898,686.8,803.9674744664737
Accumulate,187,0.0,0.0,0.26799301075571097,0.1468812559253259,81.66183912102966,19.075453168986712,160.96067697519985,38.23365185004561,0.9605473137245182,0.02018070537539761,0.17642983798651,0.021819002340982507,93500.0,0.0,3.0,1.5811388300841898,686.8,803.9674744664737
Accumulate,188,0.0,0.0,0.2677071889738037,0.14669424470569298,81.66556510229243,19.08509332851592,163.84014124894642,39.58492003818856,0.9768461543006953,0.021187014830450313,0.1659421288211044,0.023541362726751197,94000.0,0.0,3.0,1.5811388300841898,686.8,803.9674744664737
Accumulate,189,0.0,0.0,0.26697830919861165,0.14636430160922728,81.65954047990611,19.09487903644793,162.94662394859316,38.08118267898006,0.9729184430359996,0.020736258935336097,0.17169436258879522,0.027534211188275547,94500.0,0.0,3.0,1.5811388300841898,686.8,803.9674744664737
Accumulate,190,0.0,0.0,0.2667773707428929,0.14620690823425742,81.65978372793504,19.098174206890594,164.486999411311,38.32143095535678,0.9822336530055271,0.022625244209960902,0.14787371386225862,0.029266582472555154,95000.0,0.0,3.0,1.5811388300841898,686.8,803.9674744664737
Accumulate,191,0.0,0.0,0.26679342781342086,0.14610295629390602,81.65944099485401,19.10206452841423,165.27058777559728,38.96037819560346,0.9864300931143578,0.023374220305889114,0.16252805960969577,0.02949770389609533,95500.0,0.0,3.0,1.5811388300841898,686.8,803.9674744664737
Accumulate,192,0.0,0.0,0.2673800313789476,0.1462508557992486,81.6589637084133,19.10393639163941,162.51078210493225,37.36176257146446,0.9711843400683818,0.023697372641735524,0.17317983903247042,0.024669297180982035,96000.0,0.0,3.0,1.5811388300841898,686.8,803.9674744664737
Accumulate,193,0.0,0.0,0.26706497174801747,0.1464334592564511,81.66798804370461,19.102125764917844,162.6373444325703,37.7707455380877,0.9713631295500825,0.029696795813578064,0.1733717995347191,0.04028167752045566,96500.0,0.0,3.0,1.5811388300841898,686.8,803.9674744664737
Accumulate,194,0.0,0.0,0.26707439498869173,0.14628183319104252,81.66518724465877,19.09909846128703,162.74541222742732,39.30149221672321,0.9705329103251545,0.017223028117705076,0.17008332901435055,0.034922960031188915,97000.0,0.0,3.0,1.5811388300841898,686.8,803.9674744664737
Accumulate,195,0.0,0.0,0.2672338592904982,0.14610261826561036,81.66360673644603,19.100551753942373,163.3171481941985,37.64062635601197,0.9757583258776055,0.02079481318159118,0.1640704116572538,0.03927523834147917,97500.0,0.0,3.0,1.5811388300841898,686.8,803.9674744664737
Accumulate,196,0.0,0.0,0.26799100348677285,0.14625206599975368,81.67058770233376,19.11245048586699,164.32185703473337,38.873237568930755,0.9806610496235996,0.013793517030268777,0.1683109424404281,0.033251961970936335,98000.0,0.0,3.0,1.5811388300841898,686.8,803.9674744664737
Accumulate,197,0.0,0.0,0.2685922019316081,0.1461197988780755,81.67510521559439,19.124687890412577,163.74118398962304,38.380005547612654,0.9778193389086353,0.02176203776368161,0.17067999643425077,0.013629147234866325,98500.0,0.0,3.0,1.5811388300841898,686.8,803.9674744664737
Accumulate,198,0.0,0.0,0.26816343724786973,0.14531466001049922,81.67854353097033,19.12249179230541,163.9054276046539,39.01712835460726,0.9780265025964814,0.01965929499336674,0.16189282461492205,0.026671914623521358,99000.0,0.0,3.0,1.5811388300841898,686.8,803.9674744664737
Accumulate,199,0.0,0.0,0.2685336889340868,0.1456155880581905,81.68331935870643,19.124809831903224,164.82450747153345,38.95808427360844,0.9836193359869387,0.018095331203653486,0.16770286890743136,0.01886124407766954,99500.0,0.0,3.0,1.5811388300841898,686.8,803.9674744664737
Accumulate,200,0.0,0.0,0.2689437673611542,0.1462229079261982,81.67310283723319,19.11811649806227,162.96686853267676,37.723296309680975,0.9735873929981498,0.02402436787564194,0.17641718009086285,0.03515325056059259,100000.0,0.0,3.0,1.5811388300841898,686.8,803.9674744664737
Accumulate + Select,0,1.0,0.0,0.0,0.0,84.12649828456804,20.561120228712866,167.5603960713342,40.65724343727339,0.9992700943462559,0.006663066562640145,0.07199588912928549,0.017312918980699928,,,3.0,1.5811388300841898,686.8,803.9674744664737
Accumulate + Select,1,1.0,0.0,3.0867515069524147,2.152736851538957,51.558024858718724,16.702560631175018,102.96835860257663,33.11780549358452,0.6231146238585574,0.17414316408703995,0.6705301949855313,0.2451591497404167,500.0,0.0,3.0,1.5811388300841898,686.8,803.9674744664737
Accumulate + Select,2,1.0,0.0,4.336668835286135,3.0584629387467097,39.58373244819613,14.624756809838365,79.50968787748863,29.405405998365787,0.48322229755533674,0.17468706782542112,0.9250838562351277,0.30932743018621234,1000.0,0.0,3.0,1.5811388300841898,686.8,803.9674744664737
Accumulate + Select,3,1.0,0.0,5.656744718636704,4.027429071913239,34.29727801945289,14.013939961030344,68.84220118650899,28.044250233700232,0.4205965155023107,0.17880208529238675,1.029151757655528,0.3214208661477575,1500.0,0.0,3.0,1.5811388300841898,686.8,803.9674744664737
Accumulate + Select,4,1.0,0.0,6.9718475822968795,4.964974172366709,31.353272020054696,13.901718682922594,62.62978150183905,27.70938735979863,0.38376629222057085,0.18279655103980633,1.1287782709828342,0.38522141599317317,2000.0,0.0,3.0,1.5811388300841898,686.8,803.9674744664737
Accumulate + Select,5,1.0,0.0,8.362484407898933,5.89514891981016,29.145456462318162,13.661313460665898,58.630157118806004,27.734640278952106,0.36033597395024314,0.18632707170966115,1.2250092581660799,0.35515020800004266,2500.0,0.0,3.0,1.5811388300841898,686.8,803.9674744664737
Accumulate + Select,6,1.0,0.0,9.753775618213462,6.784648690970071,27.57532035906391,13.7250591951261,55.23879195139606,27.372602060677018,0.3404969372358043,0.18698814918599166,1.2704146669828664,0.3648231438021941,3000.0,0.0,3.0,1.5811388300841898,686.8,803.9674744664737
Accumulate + Select,7,1.0,0.0,11.09115334716111,7.555265856926707,26.261628899149617,13.816827708185881,52.25471068381078,27.64042476386974,0.32390448245697084,0.19399202237465565,1.375612759461371,0.3704831087540472,3500.0,0.0,3.0,1.5811388300841898,686.8,803.9674744664737
Accumulate + Select,8,1.0,0.0,12.332182982653,8.24386357807911,25.116135903825757,13.918493356917761,49.88388447062282,27.41749373928179,0.3097935890732816,0.19403839201411216,1.4003878091166768,0.3731639318376984,4000.0,0.0,3.0,1.5811388300841898,686.8,803.9674744664737
Accumulate + Select,9,1.0,0.0,13.451166008123323,8.771669802286208,24.23928270946122,14.197978611880638,48.84365131120361,28.80057638800023,0.3048856469972314,0.20679880825495847,1.4867576767842714,0.390643580323145,4500.0,0.0,3.0,1.5811388300841898,686.8,803.9674744664737
Accumulate + Select,10,1.0,0.0,14.478929874039704,9.21723065066823,23.446756986432074,14.415944324649313,46.836470733115966,28.663341034066164,0.2922348897135977,0.20481646673075585,1.5353176757741305,0.3604597535656079,5000.0,0.0,3.0,1.5811388300841898,686.8,803.9674744664737
Accumulate + Select,11,1.0,0.0,15.492267165892557,9.587353152242835,22.764340865506227,14.684066959980159,45.57314007889384,29.20683823903037,0.2856716836954586,0.21095600420995617,1.510742400463454,0.2985640425375804,5500.0,0.0,3.0,1.5811388300841898,686.8,803.9674744664737
Accumulate + Select,12,1.0,0.0,16.47679314402847,9.945029542444969,22.243439028695594,15.105507252536501,44.541525041051685,30.150614264819204,0.28004546762729754,0.2187270122811515,1.6042445443127875,0.33304694599562273,6000.0,0.0,3.0,1.5811388300841898,686.8,803.9674744664737
Accumulate + Select,13,1.0,0.0,17.389713874045068,10.315126109919852,21.77433877807464,15.472891823060108,43.49033523422803,31.125117537033958,0.27448670931480124,0.22678338126819172,1.6299431890389051,0.2959999533897279,6500.0,0.0,3.0,1.5811388300841898,686.8,803.9674744664737
Accumulate + Select,14,1.0,0.0,18.30049358696296,10.727314845640016,21.327117435234648,15.77883700745818,42.411054742660106,31.095635325149182,0.26829335521234077,0.2268740521867184,1.6510603196096034,0.28168381500639156,7000.0,0.0,3.0,1.5811388300841898,686.8,803.9674744664737
Accumulate + Select,15,1.0,0.0,19.177664405554925,11.183864115336615,20.955889498331352,16.1280485419608,42.30930166017443,32.66211385584647,0.2683328350440547,0.2383640500204744,1.7252416805653845,0.31707714028975065,7500.0,0.0,3.0,1.5811388300841898,686.8,803.9674744664737
Accumulate + Select,16,1.0,0.0,19.967874703265828,11.65711191863961,20.53421779201866,16.278453862591892,41.0791057983821,32.233971542058306,0.26105003600007,0.23551505291965977,1.7062552226325347,0.27003907407654437,8000.0,0.0,3.0,1.5811388300841898,686.8,803.9674744664737
Accumulate + Select,17,1.0,0.0,20.69602210131501,12.143218255090726,20.10505233394978,16.323459450049818,40.38014163082242,32.589761041512,0.25679629084589106,0.23796746826261284,1.7372199339428622,0.31630601442450657,8500.0,0.0,3.0,1.5811388300841898,686.8,803.9674744664737
Accumulate + Select,18,1.0,0.0,21.336086606113348,12.607009811732627,19.694388927176394,16.33667799900687,39.30950064889993,32.42000468702461,0.2502065301369918,0.23662748609535497,1.807535518420753,0.2511069094886414,9000.0,0.0,3.0,1.5811388300841898,686.8,803.9674744664737
Accumulate + Select,19,1.0,0.0,21.898985341875445,13.038075492325616,19.26746720692629,16.24388081857146,38.723578502117945,32.95380588709059,0.24725016885478665,0.24083753442312444,1.8258655775037205,0.3402278520563905,9500.0,0.0,3.0,1.5811388300841898,686.8,803.9674744664737
Accumulate + Select,20,1.0,0.0,22.38085909273179,13.412435394677678,18.860804852140802,16.135768013852253,37.63051490677621,31.939323348184626,0.24044734549546237,0.2336314983418294,1.7961337348851778,0.23652400991978667,10000.0,0.0,3.0,1.5811388300841898,686.8,803.9674744664737
Accumulate + Select,21,1.0,0.0,22.82273706686312,13.768215295592887,18.46622718754631,15.989536081960816,37.09195588355532,32.200352136995114,0.237126746257726,0.2353018875455153,1.7828176074149933,0.2573369000139034,10500.0,0.0,3.0,1.5811388300841898,686.8,803.9674744664737
Accumulate + Select,22,1.0,0.0,23.208658128640764,14.08424401485486,18.07777320666529,15.805333332199705,35.75991579785875,30.974145251941152,0.2286850396233196,0.22640832776041947,1.7955581263679936,0.2654536810273538,11000.0,0.0,3.0,1.5811388300841898,686.8,803.9674744664737
Accumulate + Select,23,1.0,0.0,23.57426751348802,14.381085641920405,17.72862806988268,15.67959872627508,35.31705425273767,31.303912266191134,0.2261832024608951,0.228761138336282,1.758978722040967,0.26615524830376014,11500.0,0.0,3.0,1.5811388300841898,686.8,803.9674744664737
Accumulate + Select,24,1.0,0.0,23.89230273016851,14.633166292714128,17.396062492768333,15.53828554088719,34.9284171467939,31.548298003153338,0.22430045491671113,0.23073849202266325,1.7965902897320778,0.23303829918849792,12000.0,0.0,3.0,1.5811388300841898,686.8,803.9674744664737
Accumulate + Select,25,1.0,0.0,24.195562292440965,14.88868714061409,17.056732713626126,15.35973271888383,34.39930940537423,30.604723033498516,0.22042634410737327,0.2236800357677913,1.8437170200258166,0.20064351997376775,12500.0,0.0,3.0,1.5811388300841898,686.8,803.9674744664737
Accumulate + Select,26,1.0,0.0,24.477091279797186,15.128048081222108,16.741255958513,15.19177535990965,33.74596340080328,30.765956442950806,0.21687728994868424,0.22501854725758352,1.8560556026593553,0.31754173334274916,13000.0,0.0,3.0,1.5811388300841898,686.8,803.9674744664737
Accumulate + Select,27,1.0,0.0,24.721214852879108,15.324608477716412,16.44338864033925,15.027994315507236,32.585297812596274,29.57815637700408,0.20911660917859304,0.21622295418872417,1.9313510848822812,0.3382594918926696,13500.0,0.0,3.0,1.5811388300841898,686.8,803.9674744664737
Accumulate + Select,28,1.0,0.0,24.951285619988457,15.511819246200716,16.167982209188814,14.885819858529826,32.59020401719725,30.207514408672353,0.20961959605036878,0.22084873332652194,1.9287478169776449,0.2468664046528038,14000.0,0.0,3.0,1.5811388300841898,686.8,803.9674744664737
Accumulate + Select,29,1.0,0.0,25.162852214850993,15.68065401179244,15.900297801706182,14.73800392099683,31.792906690555675,29.54379960364501,0.20472311944794525,0.2160949487075429,1.8874813195308746,0.2673003021062094,14500.0,0.0,3.0,1.5811388300841898,686.8,803.9674744664737
Accumulate + Select,30,1.0,0.0,25.35414639017139,15.836249817168229,15.647859484386888,14.599467544937093,31.15248914089434,28.953723725937913,0.20045361566409992,0.21169988981745225,1.9573552553790559,0.25545826384904236,15000.0,0.0,3.0,1.5811388300841898,686.8,803.9674744664737
Accumulate + Select,31,1.0,0.0,25.525175397177232,15.970358982778892,15.40476530760356,14.46665388684154,30.747776526494352,28.89968066081352,0.19799510758047353,0.2112718295390828,1.9117498670185487,0.27970037446140356,15500.0,0.0,3.0,1.5811388300841898,686.8,803.9674744664737
Accumulate + Select,32,1.0,0.0,25.691717751450607,16.09893477803313,15.168005624454642,14.325184703968468,30.596594383416505,29.149472019222685,0.19691172134448306,0.2128211807854868,1.9272065976624106,0.3510524250878124,16000.0,0.0,3.0,1.5811388300841898,686.8,803.9674744664737
Accumulate + Select,33,1.0,0.0,25.84838878641225,16.226622102068674,14.952369057320748,14.209027905361834,30.052489378472064,28.601464052809014,0.19370724745614765,0.20893241220220068,1.984057001681882,0.24379606931438375,16500.0,0.0,3.0,1.5811388300841898,686.8,803.9674744664737
Accumulate + Select,34,1.0,0.0,25.99831898453336,16.345617037252726,14.736250819651778,14.0753661396759,29.35706904183503,27.644859918171516,0.18876843720259917,0.20185673125352113,1.967096008862897,0.22941286876414313,17000.0,0.0,3.0,1.5811388300841898,686.8,803.9674744664737
Accumulate + Select,35,1.0,0.0,26.14154110488647,16.457736578905344,14.525781742286407,13.942518489567366,29.08053899801564,27.874636965441816,0.18759585652043997,0.20373742688853907,1.9634561773306594,0.2839713658518485,17500.0,0.0,3.0,1.5811388300841898,686.8,803.9674744664737
Accumulate + Select,36,1.0,0.0,26.279914685147304,16.57047168234583,14.322244359405271,13.808644246141982,28.841193923800933,28.016330798493932,0.18615771445552104,0.20469295527028303,1.985662919143018,0.2233312701139472,18000.0,0.0,3.0,1.5811388300841898,686.8,803.9674744664737
Accumulate + Select,37,1.0,0.0,26.39367826764168,16.65689435412384,14.136424424808487,13.701758154207804,28.478232560617947,27.89851566011816,0.18380535298253284,0.20368005185814791,1.8878082451110765,0.2475851861361831,18500.0,0.0,3.0,1.5811388300841898,686.8,803.9674744664737
Accumulate + Select,38,1.0,0.0,26.511049085628862,16.75440455675404,13.953398653198509,13.587526935721659,27.95009191542153,27.03828920767414,0.18024526315857117,0.19743030331830524,2.004470337010426,0.2826541137722401,19000.0,0.0,3.0,1.5811388300841898,686.8,803.9674744664737
Accumulate + Select,39,1.0,0.0,26.6166529957864,16.83076890806526,13.775339776230316,13.474305776366739,27.593950900370608,27.055504043159946,0.1781909979319845,0.19760905831423434,2.019730284713382,0.3343563849380555,19500.0,0.0,3.0,1.5811388300841898,686.8,803.9674744664737
Accumulate + Select,40,1.0,0.0,26.72341919700154,16.91528230674447,13.604263360113228,13.364542172999704,26.978106047501864,26.338667979055092,0.17420178365973776,0.19241947779967009,1.966935273236632,0.30855880608009556,20000.0,0.0,3.0,1.5811388300841898,686.8,803.9674744664737
Accumulate + Select,41,1.0,0.0,26.825915570816523,16.998611011181723,13.438493893906658,13.25826035949411,26.807987021688426,26.57280143557844,0.17333624476490422,0.1940969752686315,2.0458167558215434,0.22571144244289829,20500.0,0.0,3.0,1.5811388300841898,686.8,803.9674744664737
Accumulate + Select,42,1.0,0.0,26.924000787995205,17.070438944994073,13.277932949991145,13.150519353531779,26.528491620143377,26.13510416201358,0.17134065146765504,0.19082855802968665,1.9856136440312604,0.2002531272922847,21000.0,0.0,3.0,1.5811388300841898,686.8,803.9674744664737
Accumulate + Select,43,1.0,0.0,27.016725643224667,17.1410025954413,13.121198812143339,13.04253097763032,26.457046276358323,26.664012993070607,0.17136734113191648,0.19471131614750833,1.9994691148587698,0.256568464425337,21500.0,0.0,3.0,1.5811388300841898,686.8,803.9674744664737
Accumulate + Select,44,1.0,0.0,27.107145621445397,17.209807274869526,12.968639180036641,12.937704269306085,25.666298390939424,25.41917070473391,0.16599537883088455,0.1856590134687869,1.9551417445130508,0.23612586198085375,22000.0,0.0,3.0,1.5811388300841898,686.8,803.9674744664737
Accumulate + Select,45,1.0,0.0,27.19793094335996,17.28040067666364,12.820057878415938,12.831397209295341,25.43959092103901,25.20434177035823,0.16439771271882586,0.18400142576882936,1.960067213691222,0.26627923756052074,22500.0,0.0,3.0,1.5811388300841898,686.8,803.9674744664737
Accumulate + Select,46,1.0,0.0,27.279757585759654,17.349235486936387,12.675930805040215,12.72753981612679,25.511262554506043,25.450917265610943,0.16503269239454996,0.185821930231102,2.0468084186484288,0.2757910600195413,23000.0,0.0,3.0,1.5811388300841898,686.8,803.9674744664737
Accumulate + Select,47,1.0,0.0,27.354241477581013,17.40322173110888,12.540938110502905,12.636183228195677,24.90903604523644,24.661548447409466,0.16100343454814103,0.1800619985991628,2.039454647616614,0.2643233026290626,23500.0,0.0,3.0,1.5811388300841898,686.8,803.9674744664737
Accumulate + Select,48,1.0,0.0,27.42602531067257,17.46095245210136,12.404096914206292,12.53564456506405,25.037661767628688,25.22688359572372,0.16196208039367854,0.18405523640661114,1.9943450234338922,0.27709726159223874,24000.0,0.0,3.0,1.5811388300841898,686.8,803.9674744664737
Accumulate + Select,49,1.0,0.0,27.497517083464537,17.51587609060959,12.268108407619241,12.42917134407255,24.540347040287227,24.735726757392957,0.15866759475415165,0.18046797589158614,2.0045203032535905,0.2973039524464244,24500.0,0.0,3.0,1.5811388300841898,686.8,803.9674744664737
Accumulate + Select,50,1.0,0.0,27.569302465244363,17.57400203976442,12.139716193686487,12.33478363649443,24.379894194353984,24.57889732004994,0.15789796985216184,0.1794650984122637,2.0174198233149823,0.3127622322223402,25000.0,0.0,3.0,1.5811388300841898,686.8,803.9674744664737
Accumulate + Select,51,1.0,0.0,27.63414106172838,17.6219683056503,12.013950032228161,12.238048971224645,24.021465473220562,24.444413130131373,0.15559722182285474,0.1784018563473352,2.0065347891278607,0.26633046762760115,25500.0,0.0,3.0,1.5811388300841898,686.8,803.9674744664737
Accumulate + Select,52,1.0,0.0,27.69765377156142,17.671736360288193,11.892533284990538,12.14730520822138,23.639189002848497,24.11529383450144,0.1531706984450113,0.1759532782749209,2.042729766927016,0.27590097683982795,26000.0,0.0,3.0,1.5811388300841898,686.8,803.9674744664737
Accumulate + Select,53,1.0,0.0,27.75866973957032,17.72336938859958,11.78084865799424,12.068522558305752,23.600832597889514,24.1089015048189,0.15293010521991257,0.17594451723058932,2.0496002502610575,0.24728439994900103,26500.0,0.0,3.0,1.5811388300841898,686.8,803.9674744664737
Accumulate + Select,54,1.0,0.0,27.820208760270976,17.772436262458264,11.66646269577798,11.980802596185047,23.26899853977647,23.9134301840114,0.15093157284589437,0.17453560283218694,2.0861846911542408,0.25248378660527343,27000.0,0.0,3.0,1.5811388300841898,686.8,803.9674744664737
Accumulate + Select,55,1.0,0.0,27.878706171515518,17.820057637169118,11.556022311468583,11.897758299613134,22.883111077103216,23.100356082989833,0.14803148698363203,0.16852309222336526,2.040969583821521,0.24028323728903261,27500.0,0.0,3.0,1.5811388300841898,686.8,803.9674744664737
Accumulate + Select,56,1.0,0.0,27.930885419405712,17.860210675442712,11.445974893554684,11.8102916832049,22.84919132345073,23.580718594608967,0.14835897534212827,0.17210537402688317,1.982378135839319,0.22599142355869783,28000.0,0.0,3.0,1.5811388300841898,686.8,803.9674744664737
Accumulate + Select,57,1.0,0.0,27.98615776168712,17.905932436429918,11.339980974595242,11.729528285217407,22.61634094593409,23.40996719023103,0.14669201530923823,0.1707760875225497,2.1191827702104633,0.3152257834500057,28500.0,0.0,3.0,1.5811388300841898,686.8,803.9674744664737
Accumulate + Select,58,1.0,0.0,28.041249498465056,17.953958501119722,11.23355958605823,11.642000315293966,22.51221981108655,23.368300452895248,0.14602777300469907,0.17043134165287233,2.0262230653974695,0.2671195212903456,29000.0,0.0,3.0,1.5811388300841898,686.8,803.9674744664737
Accumulate + Select,59,1.0,0.0,28.092587120685312,17.995078393106294,11.133046056082723,11.563819290623636,22.502932207932858,23.491818567104442,0.14599923489400185,0.17127660529659586,2.039811000270448,0.30553448475936407,29500.0,0.0,3.0,1.5811388300841898,686.8,803.9674744664737
Accumulate + Select,60,1.0,0.0,28.142872391391307,18.034949810090318,11.035434397855838,11.488361605375493,22.082923373051035,23.027550141417816,0.14327934152075922,0.1679333096707419,1.9953213309562206,0.25600137278046353,30000.0,0.0,3.0,1.5811388300841898,686.8,803.9674744664737
Accumulate + Select,61,1.0,0.0,28.192422438409515,18.075683956019667,10.941309862089764,11.416545938986602,21.710360863733193,22.618075273730177,0.14100568213727124,0.16503988382540416,2.0905412680366986,0.2906690897027011,30500.0,0.0,3.0,1.5811388300841898,686.8,803.9674744664737
Accumulate + Select,62,1.0,0.0,28.23722630898315,18.111951061461227,10.847405102277254,11.34187640839962,21.67903851858777,22.852269379959495,0.14086827911452343,0.16667705314522863,2.0907681862201217,0.30919684011719456,31000.0,0.0,3.0,1.5811388300841898,686.8,803.9674744664737
Accumulate + Select,63,1.0,0.0,28.286177441494637,18.152915522063697,10.757968756425182,11.27353313114191,21.445329920420516,22.385542417071782,0.13914840474435317,0.16324439073758729,2.1845670375138484,0.364055467070983,31500.0,0.0,3.0,1.5811388300841898,686.8,803.9674744664737
Accumulate + Select,64,1.0,0.0,28.335685288365404,18.193577772877422,10.66566576638474,11.193869215913457,21.35091248998717,22.547865658667202,0.13860355604525465,0.16436710178864122,2.115337583789242,0.2733703048258491,32000.0,0.0,3.0,1.5811388300841898,686.8,803.9674744664737
Accumulate + Select,65,1.0,0.0,28.380549320336513,18.23036003583453,10.578271056131186,11.124236194588875,21.204720307965353,22.461950181988957,0.13789644685949815,0.1638304844698586,2.0263841224088455,0.2625401441180865,32500.0,0.0,3.0,1.5811388300841898,686.8,803.9674744664737
Accumulate + Select,66,1.0,0.0,28.42654219005838,18.269467598973634,10.49183691472008,11.052106530712047,20.92969963859831,22.058981886519625,0.1359801458426349,0.16086148973159134,2.088013252400938,0.31235046941099026,33000.0,0.0,3.0,1.5811388300841898,686.8,803.9674744664737
Accumulate + Select,67,1.0,0.0,28.47179972555249,18.30747877644621,10.40758094873711,10.982030691150817,20.739710979088713,22.084735722587613,0.13494419447248648,0.1610331829227658,2.077027540207206,0.23513892415239798,33500.0,0.0,3.0,1.5811388300841898,686.8,803.9674744664737
Accumulate + Select,68,1.0,0.0,28.50964784129738,18.340470341805084,10.326630620877932,10.916184357605605,20.713845956979316,22.04218992862768,0.1346800237626413,0.16065948077399667,2.127408732426343,0.2836457871189481,34000.0,0.0,3.0,1.5811388300841898,686.8,803.9674744664737
Accumulate + Select,69,1.0,0.0,28.551768330084343,18.37486023436639,10.247499097923253,10.851066457102803,20.498754217903745,21.636660932876488,0.1330905321241938,0.15772728947893286,2.0571434948946665,0.22712591835855728,34500.0,0.0,3.0,1.5811388300841898,686.8,803.9674744664737
Accumulate + Select,70,1.0,0.0,28.59206393686585,18.405716651404056,10.167746428648236,10.781791948895599,20.207780366067727,21.323963141852232,0.1312659720547206,0.15543703407802498,2.1732343640048084,0.30841631985198265,35000.0,0.0,3.0,1.5811388300841898,686.8,803.9674744664737
Accumulate + Select,71,1.0,0.0,28.6312763543521,18.437705482812103,10.089857985259325,10.717071131600385,20.193170009110847,21.327205551497777,0.1311620168117499,0.1554632474666085,2.0875710464451585,0.2533222594881139,35500.0,0.0,3.0,1.5811388300841898,686.8,803.9674744664737
Accumulate + Select,72,1.0,0.0,28.67091059740312,18.47028249774167,10.01338212127643,10.650387982792267,20.093351701985156,21.41802428873708,0.13066189782858206,0.15609712295483913,2.159722504706603,0.3081222809270745,36000.0,0.0,3.0,1.5811388300841898,686.8,803.9674744664737
Accumulate + Select,73,1.0,0.0,28.70528545225697,18.498607978769787,9.93892152555484,10.588812017804992,19.837471369970256,21.056817271121325,0.12894759252042937,0.15349813070794122,2.135760682641822,0.2628542238268472,36500.0,0.0,3.0,1.5811388300841898,686.8,803.9674744664737
Accumulate + Select,74,1.0,0.0,28.74223802160853,18.530883588127413,9.863916574550554,10.523015356381128,19.970631793285662,21.684371704259217,0.1301026793437213,0.1580108334496177,2.0791476990823488,0.3977881917853195,37000.0,0.0,3.0,1.5811388300841898,686.8,803.9674744664737
Accumulate + Select,75,1.0,0.0,28.77664172259977,18.56007085321713,9.7928804767141,10.462587569787546,19.659836068519255,21.054783395927206,0.1279032000570634,0.15345447041071872,2.127525759926784,0.2913340926653957,37500.0,0.0,3.0,1.5811388300841898,686.8,803.9674744664737
Accumulate + Select,76,1.0,0.0,28.810873071468052,18.590136728850283,9.722732647167463,10.402641901393952,19.57489422877547,21.12909669189075,0.12753613532225225,0.1540209756290117,2.0908809060406686,0.3027913197044439,38000.0,0.0,3.0,1.5811388300841898,686.8,803.9674744664737
Accumulate + Select,77,1.0,0.0,28.84459338986921,18.615315713571377,9.654198283646782,10.34365114152389,19.135923687703492,20.467400046945567,0.12439141896687815,0.14915461652452583,2.0242725465730294,0.3020335672379638,38500.0,0.0,3.0,1.5811388300841898,686.8,803.9674744664737
Accumulate + Select,78,1.0,0.0,28.87539464686144,18.640539068764205,9.585023876360918,10.2822132311812,18.992392960662066,20.303100626065433,0.12356305578454593,0.14799628112919813,2.1519318553075952,0.2657479190804063,39000.0,0.0,3.0,1.5811388300841898,686.8,803.9674744664737
Accumulate + Select,79,1.0,0.0,28.90584634681058,18.66684191616445,9.518110881889744,10.224384098626173,19.058619774700965,20.47719220490082,0.12398081194629829,0.14922288850568582,2.117484379369411,0.4114797720774496,39500.0,0.0,3.0,1.5811388300841898,686.8,803.9674744664737
Accumulate + Select,80,1.0,0.0,28.94147574374016,18.69622338314566,9.45272130245809,10.166702786958513,18.891216355141612,20.298909037335445,0.12288545704720451,0.14790513987593354,2.206723889902597,0.30201477369941077,40000.0,0.0,3.0,1.5811388300841898,686.8,803.9674744664737
Accumulate + Select,81,1.0,0.0,28.97663528072736,18.72587408527536,9.387816587353159,10.108891773687398,18.692803090856483,20.090272659328974,0.12165534304703311,0.1464258784501396,2.156238122269109,0.32278336647888656,40500.0,0.0,3.0,1.5811388300841898,686.8,803.9674744664737
Accumulate + Select,82,1.0,0.0,29.007006329932636,18.751756267913613,9.324879027736012,10.053966400695169,18.64121141374988,20.155061920024483,0.12135961180120003,0.14688407154833447,2.1581274950658886,0.2901620174021551,41000.0,0.0,3.0,1.5811388300841898,686.8,803.9674744664737
Accumulate + Select,83,1.0,0.0,29.033345977630677,18.77379153249066,9.264683845769662,10.001908660804867,18.53844063169416,19.991509610087835,0.12062174025139114,0.14565040316982636,2.1459902562579316,0.3391500595397448,41500.0,0.0,3.0,1.5811388300841898,686.8,803.9674744664737
Accumulate + Select,84,1.0,0.0,29.063330975375248,18.8008080897803,9.203687373739019,9.946860676857845,18.327084270871516,19.560925448528984,0.1191085731689657,0.1425517846194291,2.247675423838945,0.33685410186063663,42000.0,0.0,3.0,1.5811388300841898,686.8,803.9674744664737
Accumulate + Select,85,1.0,0.0,29.091307923959725,18.824692802561895,9.145415529682978,9.89657647443487,18.260959142775114,19.789113646370506,0.11897037463396684,0.1442214940911939,2.128137883813737,0.37738278927615837,42500.0,0.0,3.0,1.5811388300841898,686.8,803.9674744664737
Accumulate + Select,86,1.0,0.0,29.116472692409037,18.84579754757157,9.088300969579178,9.847965757417876,18.216051349246776,19.807952821659978,0.11870340305727127,0.14431954786100565,2.1520641865397354,0.3163886132608576,43000.0,0.0,3.0,1.5811388300841898,686.8,803.9674744664737
Accumulate + Select,87,1.0,0.0,29.143102861978424,18.867931237470874,9.029046836528368,9.79294601192775,17.849985316658607,19.20235379394795,0.11618863950686649,0.13994007883899892,2.137252847221569,0.3929540704800012,43500.0,0.0,3.0,1.5811388300841898,686.8,803.9674744664737
Accumulate + Select,88,1.0,0.0,29.170139723054422,18.890940928226904,8.972625099231545,9.74264521571564,17.910361216853097,19.458236750610137,0.11668111804221944,0.14179578765017317,2.208595051624435,0.2304061584851947,44000.0,0.0,3.0,1.5811388300841898,686.8,803.9674744664737
Accumulate + Select,89,1.0,0.0,29.19973562382115,18.91757209780644,8.915036643904696,9.688410331836081,17.680288692861517,19.103999801959592,0.11516988224460208,0.13923053146576453,2.157601004556307,0.16938157463782733,44500.0,0.0,3.0,1.5811388300841898,686.8,803.9674744664737
Accumulate + Select,90,1.0,0.0,29.225323841882254,18.93902953400508,8.859752878965027,9.638579644315797,17.88715422126375,19.46114960223828,0.11651467365378268,0.1417621656142858,2.1342732730385383,0.24831008464798449,45000.0,0.0,3.0,1.5811388300841898,686.8,803.9674744664737
Accumulate + Select,91,1.0,0.0,29.250107422702435,18.960490705458223,8.806781809650001,9.591754673130048,17.686715459309102,19.302994166309905,0.11532670554801275,0.14065781177058975,2.129147179616993,0.30087359831579835,45500.0,0.0,3.0,1.5811388300841898,686.8,803.9674744664737
Accumulate + Select,92,1.0,0.0,29.27586911868146,18.982090243374948,8.752344963594338,9.54105341707603,17.719944722695864,19.432738677384705,0.11556188671166842,0.14152925034489783,2.1914702239075057,0.3428395099057845,46000.0,0.0,3.0,1.5811388300841898,686.8,803.9674744664737
Accumulate + Select,93,1.0,0.0,29.30108213799148,19.00411526053366,8.69985590298897,9.492837343704103,17.410197385673662,19.075103878163333,0.11354167626511476,0.1389638640533541,2.117953376171986,0.440727300986246,46500.0,0.0,3.0,1.5811388300841898,686.8,803.9674744664737
Accumulate + Select,94,1.0,0.0,29.322021260206405,19.021488620126895,8.648970639771415,9.447089794251436,17.414843278424406,18.975478699701103,0.11340158312746032,0.13822132805609513,2.160643054285175,0.3476346019419429,47000.0,0.0,3.0,1.5811388300841898,686.8,803.9674744664737
Accumulate + Select,95,1.0,0.0,29.345603426899583,19.041209798483568,8.598297840566103,9.401648719310913,17.251223249397125,18.972151705292948,0.11246209656301934,0.13815802373042707,2.155768931137721,0.357007973476826,47500.0,0.0,3.0,1.5811388300841898,686.8,803.9674744664737
Accumulate + Select,96,1.0,0.0,29.37004127210046,19.06162069545351,8.548312231062543,9.356850480259784,17.08259179188361,18.807798472028498,0.11132263408972073,0.1369283030563425,2.180486646296324,0.3060469564520984,48000.0,0.0,3.0,1.5811388300841898,686.8,803.9674744664737
Accumulate + Select,97,1.0,0.0,29.392754104570066,19.081535625493224,8.499625904349537,9.312418518720559,17.118689286552634,18.851676644603423,0.11159412807414677,0.1372880301080577,2.156356066732792,0.28643769612230013,48500.0,0.0,3.0,1.5811388300841898,686.8,803.9674744664737
Accumulate + Select,98,1.0,0.0,29.415455760817387,19.102015145657052,8.451588034735664,9.268869996735834,16.96943475098997,18.762887686403644,0.11065361701383836,0.1366160844581064,2.204577851734215,0.23163835501953178,49000.0,0.0,3.0,1.5811388300841898,686.8,803.9674744664737
Accumulate + Select,99,1.0,0.0,29.438183060007002,19.122674532089476,8.40438033192549,9.22648858786388,16.67186438617157,18.19344747733948,0.10868610397828948,0.13256965824877168,2.186309807319129,0.2701090725403161,49500.0,0.0,3.0,1.5811388300841898,686.8,803.9674744664737
Accumulate + Select,100,1.0,0.0,29.4586716740716,19.14179523265669,8.356730450068799,9.181798028367574,16.70588334372666,18.379905375204277,0.10883502267179124,0.13382541677286508,2.1393914866330186,0.25942687376738777,50000.0,0.0,3.0,1.5811388300841898,686.8,803.9674744664737
Accumulate + Select,101,1.0,0.0,29.478694005800783,19.159229811238134,8.310483307881235,9.139668605060848,16.632625298823406,18.285742169274393,0.10839669164802723,0.13313460561559146,2.1596157747332274,0.3201212546196158,50500.0,0.0,3.0,1.5811388300841898,686.8,803.9674744664737
Accumulate + Select,102,1.0,0.0,29.497437662639026,19.174719471626812,8.265218886188071,9.098528654659129,16.45251606064499,17.988515233188906,0.10729064190389156,0.13104598758218466,2.1324691983571027,0.29363641807104157,51000.0,0.0,3.0,1.5811388300841898,686.8,803.9674744664737
Accumulate + Select,103,1.0,0.0,29.52045932801809,19.195845234996323,8.219563801132415,9.055798679723232,16.27774554084408,17.838639442891335,0.10601738525225876,0.1299086873503468,2.22038693888726,0.25706239252257573,51500.0,0.0,3.0,1.5811388300841898,686.8,803.9674744664737
Accumulate + Select,104,1.0,0.0,29.542248403749017,19.214079926372445,8.17418339807308,9.0123336303941,16.092446032911504,17.628922554051535,0.10482419659589814,0.12838563989757984,2.1359403769151513,0.3567176692778613,52000.0,0.0,3.0,1.5811388300841898,686.8,803.9674744664737
Accumulate + Select,105,1.0,0.0,29.56275871789031,19.23258682589082,8.129498479828966,8.969493551895129,16.338616706640824,18.07801535623516,0.10663569872424203,0.13167272283988124,2.173804865986445,0.2868496644300153,52500.0,0.0,3.0,1.5811388300841898,686.8,803.9674744664737
Accumulate + Select,106,1.0,0.0,29.580199602629204,19.247204554634365,8.08545800342024,8.927843109818031,16.180080888427604,17.89664018025466,0.10555600247516672,0.1303091362554404,2.13320265676461,0.2813792902596325,53000.0,0.0,3.0,1.5811388300841898,686.8,803.9674744664737
Accumulate + Select,107,1.0,0.0,29.59704124104555,19.26127371743529,8.043843067834349,8.89029552248237,16.29709587891262,18.268389949122348,0.10649383417003691,0.13302127543663975,2.178954090543087,0.28392968193856216,53500.0,0.0,3.0,1.5811388300841898,686.8,803.9674744664737
Accumulate + Select,108,1.0,0.0,29.61536307236516,19.27739515784098,8.001481448698655,8.850351831927247,16.145555662177287,17.862095625104,0.10529976796317173,0.13004911205577177,2.1764771348062304,0.3693441127393789,54000.0,0.0,3.0,1.5811388300841898,686.8,803.9674744664737
Accumulate + Select,109,1.0,0.0,29.63325894671014,19.293218090380883,7.959982754310649,8.811057073902733,15.937709328425678,17.587067496629746,0.10386812016345601,0.1280546036399182,2.193505535768368,0.3337152015478238,54500.0,0.0,3.0,1.5811388300841898,686.8,803.9674744664737
Accumulate + Select,110,1.0,0.0,29.650079546367948,19.306716166469016,7.918951054415078,8.772204647695418,15.957504054812848,17.85964118641876,0.10412357704314294,0.1299785846570081,2.204816752336967,0.2530629223807045,55000.0,0.0,3.0,1.5811388300841898,686.8,803.9674744664737
Accumulate + Select,111,1.0,0.0,29.668113545517606,19.32320960455725,7.877636583944477,8.732218577964378,15.885992404414129,17.756942646234513,0.10365881120624498,0.12922876433849115,2.2178294237730234,0.2498016153335431,55500.0,0.0,3.0,1.5811388300841898,686.8,803.9674744664737
Accumulate + Select,112,1.0,0.0,29.68762660178279,19.342292716704367,7.838373140510834,8.69542001750882,15.573250052698862,17.1781216855418,0.1016430124119995,0.12510618958561165,2.1898862739865166,0.24776624957206786,56000.0,0.0,3.0,1.5811388300841898,686.8,803.9674744664737
Accumulate + Select,113,1.0,0.0,29.706855237866534,19.36016026303869,7.7990094795202065,8.657912146435107,15.543545330572936,17.18016491729055,0.1013920928276609,0.12510899507986953,2.2005837466285376,0.27450997242075975,56500.0,0.0,3.0,1.5811388300841898,686.8,803.9674744664737
Accumulate + Select,114,1.0,0.0,29.72575190717606,19.37794068580388,7.7600906050669325,8.620905690542926,15.55824452434589,17.24343414614416,0.10153963732855573,0.12555095757574608,2.1381155322900858,0.30649374193491213,57000.0,0.0,3.0,1.5811388300841898,686.8,803.9674744664737
Accumulate + Select,115,1.0,0.0,29.744511319856606,19.395571607096013,7.721774208423589,8.58412046292799,15.494162572305882,17.324508995388815,0.10119341433314777,0.12611989736830562,2.232150407871531,0.2733368776372684,57500.0,0.0,3.0,1.5811388300841898,686.8,803.9674744664737
Accumulate + Select,116,1.0,0.0,29.762291448498576,19.412191933629106,7.683520135290375,8.547499641568441,15.299725651996159,16.98452150429988,0.09978113655704299,0.12365106469738399,2.2294718995066356,0.3035707016383183,58000.0,0.0,3.0,1.5811388300841898,686.8,803.9674744664737
Accumulate + Select,117,1.0,0.0,29.77706820242788,19.42593832174745,7.646974033362895,8.513332189533307,15.462309456992125,17.375947062678474,0.10103077040469328,0.12647464821074733,2.225228245567577,0.3359357383137445,58500.0,0.0,3.0,1.5811388300841898,686.8,803.9674744664737
Accumulate + Select,118,1.0,0.0,29.792703752078275,19.440039821204,7.610088765739438,8.478170884351512,15.397931906762306,17.331570386511387,0.10055079266584446,0.1261054404416545,2.1863252771663784,0.34467399487647354,59000.0,0.0,3.0,1.5811388300841898,686.8,803.9674744664737
Accumulate + Select,119,1.0,0.0,29.808735367000953,19.45484732093892,7.573707708385172,8.443751170856526,14.953567098854066,16.480090810803716,0.09749525151454518,0.12000391064479958,2.1693916949449705,0.27513560904807194,59500.0,0.0,3.0,1.5811388300841898,686.8,803.9674744664737
Accumulate + Select,120,1.0,0.0,29.825125341323155,19.469513934063468,7.53754451213544,8.40891134900532,14.986323245106485,16.809807398704013,0.09793643941180698,0.1223903855701362,2.242057945893166,0.34749573316018123,60000.0,0.0,3.0,1.5811388300841898,686.8,803.9674744664737
Accumulate + Select,121,1.0,0.0,29.841745850339294,19.484814281314314,7.50163579051498,8.374352042311294,15.008160226795676,16.798285665848656,0.09791637469398187,0.1222435456866895,2.1273014930072613,0.24545430143951474,60500.0,0.0,3.0,1.5811388300841898,686.8,803.9674744664737
Accumulate + Select,122,1.0,0.0,29.85585878855798,19.49793583910703,7.4662372681141616,8.339951431371443,14.940621441368759,16.659613666017353,0.0974873089772297,0.12128513568132951,2.1467545024683616,0.32204892444624,61000.0,0.0,3.0,1.5811388300841898,686.8,803.9674744664737
Accumulate + Select,123,1.0,0.0,29.872028644651788,19.513743018414765,7.431845142515421,8.30683887716616,14.918074048126119,16.702201886303225,0.09734486994490986,0.12153521878456108,2.2526436778504886,0.4047339196134509,61500.0,0.0,3.0,1.5811388300841898,686.8,803.9674744664737
Accumulate + Select,124,1.0,0.0,29.886368830936306,19.526613217244652,7.3977059351299825,8.274094276527668,14.871155604763029,16.66997081387625,0.09714161525796468,0.12135802375197705,2.200409636762261,0.3281332191669393,62000.0,0.0,3.0,1.5811388300841898,686.8,803.9674744664737
Accumulate + Select,125,1.0,0.0,29.901481095254166,19.53980089077651,7.363152390024103,8.240367776296944,14.624926119221865,16.21619893175185,0.09544857497893171,0.11808924588652261,2.1974320801963936,0.2582822641209241,62500.0,0.0,3.0,1.5811388300841898,686.8,803.9674744664737
Accumulate + Select,126,1.0,0.0,29.916200205715494,19.552552055286355,7.329757726970489,8.208052054830697,14.662687156884354,16.52221631626387,0.0958123203824409,0.1202428286895364,2.2691903306432044,0.2995919885195037,63000.0,0.0,3.0,1.5811388300841898,686.8,803.9674744664737
Accumulate + Select,127,1.0,0.0,29.92984084827608,19.56457039637957,7.295448636744895,8.17355888202346,14.640715558522862,16.51127511686413,0.09564509050220454,0.12015851207627956,2.2303006391233384,0.2794033232267321,63500.0,0.0,3.0,1.5811388300841898,686.8,803.9674744664737
Accumulate + Select,128,1.0,0.0,29.945158908269654,19.578392981297377,7.2624749404967615,8.141100389026768,14.540222989425228,16.294475791523165,0.09505220486487723,0.11863338970827715,2.1863853811227525,0.2769477763271068,64000.0,0.0,3.0,1.5811388300841898,686.8,803.9674744664737
Accumulate + Select,129,1.0,0.0,29.958831032683907,19.5898170363025,7.230692281896403,8.110494934451337,14.382032921374256,16.103274982971072,0.09399204221503246,0.11723122478108446,2.235939581666701,0.2766939349987191,64500.0,0.0,3.0,1.5811388300841898,686.8,803.9674744664737
Accumulate + Select,130,1.0,0.0,29.973858348916064,19.60288165812967,7.197978074605935,8.077823455231025,14.358091406629853,16.116404548401636,0.09371136790955716,0.11730674819241642,2.180564930585459,0.32799150903363183,65000.0,0.0,3.0,1.5811388300841898,686.8,803.9674744664737
Accumulate + Select,131,1.0,0.0,29.988024484475904,19.61632730041481,7.165562285240226,8.04576098829407,14.392104018012839,16.28554539387804,0.09409192879485695,0.11852670233439495,2.2201403906521557,0.327119258825584,65500.0,0.0,3.0,1.5811388300841898,686.8,803.9674744664737
Accumulate + Select,132,1.0,0.0,30.000389208037596,19.628156008651317,7.134725712236234,8.016253637339288,14.19918410752751,15.847309125181845,0.09272089138228909,0.11537035811453886,2.24926840102217,0.22795103977039133,66000.0,0.0,3.0,1.5811388300841898,686.8,803.9674744664737
Accumulate + Select,133,1.0,0.0,30.012508333805233,19.638430845560453,7.104025042560387,7.986479609599217,14.108564609387747,15.890484897387477,0.09218216809466802,0.11565135672843982,2.1950830824648935,0.29494049890463014,66500.0,0.0,3.0,1.5811388300841898,686.8,803.9674744664737
Accumulate + Select,134,1.0,0.0,30.02550723772838,19.6509770927176,7.072715545667188,7.954951911047022,14.250775635202492,16.11883012163596,0.0931719053218188,0.11728468605706804,2.2138008158124625,0.2599804218655394,67000.0,0.0,3.0,1.5811388300841898,686.8,803.9674744664737
Accumulate + Select,135,1.0,0.0,30.037031175937056,19.660738343783894,7.0429443607019495,7.926405638302567,14.259581613268178,16.27668427871138,0.09328531324814804,0.118404955091723,2.2191460349761067,0.3983967466760043,67500.0,0.0,3.0,1.5811388300841898,686.8,803.9674744664737
Accumulate + Select,136,1.0,0.0,30.04973825358021,19.67204698599547,7.012025343695518,7.895036605789365,14.097680002688938,15.892324842271162,0.09204522397248735,0.11562437456160886,2.2139220890419162,0.35858126124170353,68000.0,0.0,3.0,1.5811388300841898,686.8,803.9674744664737
Accumulate + Select,137,1.0,0.0,30.062553695582586,19.684338555514216,6.982534843696696,7.866150672562297,14.017182777313655,15.828614739951115,0.09159483851322724,0.11517424619446351,2.198194191498646,0.3042101746268365,68500.0,0.0,3.0,1.5811388300841898,686.8,803.9674744664737
Accumulate + Select,138,1.0,0.0,30.07632624144203,19.697517326741192,6.953436720330098,7.837752763340942,13.959322430668257,15.809593301065652,0.09131545763856201,0.11507886823276645,2.1889515087407507,0.39019674325819015,69000.0,0.0,3.0,1.5811388300841898,686.8,803.9674744664737
Accumulate + Select,139,1.0,0.0,30.088728183578752,19.708289332686146,6.92458410822546,7.809470118557828,13.944792117413332,15.745624939933462,0.09119177861609941,0.11460471186327248,2.188554638042557,0.3704103024517381,69500.0,0.0,3.0,1.5811388300841898,686.8,803.9674744664737
Accumulate + Select,140,1.0,0.0,30.101148101234287,19.71951151062857,6.895960201295788,7.781050416431007,13.78185551609036,15.476638305230699,0.09005185677808111,0.11265627481654024,2.171817748994055,0.252468084867206,70000.0,0.0,3.0,1.5811388300841898,686.8,803.9674744664737
Accumulate + Select,141,1.0,0.0,30.112021736405712,19.729207420060334,6.868038513678448,7.75416025106359,13.866288559355251,15.732728786963039,0.09062217956848274,0.1144607284037526,2.1663089261287634,0.28928902669368456,70500.0,0.0,3.0,1.5811388300841898,686.8,803.9674744664737
Accumulate + Select,142,1.0,0.0,30.122985574258127,19.739260941461026,6.839981111100521,7.726216249398311,13.768611155469301,15.57497476725669,0.08993291101401948,0.11330508785655741,2.2000141411378653,0.34590687495281525,71000.0,0.0,3.0,1.5811388300841898,686.8,803.9674744664737
Accumulate + Select,143,1.0,0.0,30.135730783867096,19.751222268676184,6.812673047222577,7.699465884349241,13.545818641034765,15.288571565615637,0.08858545136211574,0.11129559395730461,2.1762726675315616,0.29645668657550855,71500.0,0.0,3.0,1.5811388300841898,686.8,803.9674744664737
Accumulate + Select,144,1.0,0.0,30.147997567503882,19.76219476603284,6.784629891382624,7.67109372984284,13.75043140146434,15.703977625856563,0.09000782457654741,0.11426460226980341,2.18484213688193,0.36922791635774493,72000.0,0.0,3.0,1.5811388300841898,686.8,803.9674744664737
Accumulate + Select,145,1.0,0.0,30.15923109269259,19.77211066614127,6.756928659599292,7.643044141683842,13.5653922796152,15.284528606503542,0.08864985556895548,0.1112273327029017,2.1924169754276788,0.2519866256962427,72500.0,0.0,3.0,1.5811388300841898,686.8,803.9674744664737
Accumulate + Select,146,1.0,0.0,30.16878761701752,19.781082240560316,6.730112168946922,7.616101055961915,13.639611150087385,15.696267765279806,0.08931300197165086,0.11417773336207739,2.25526918000232,0.3281131596151094,73000.0,0.0,3.0,1.5811388300841898,686.8,803.9674744664737
Accumulate + Select,147,1.0,0.0,30.179453825401207,19.791330202109318,6.7026196784321685,7.587851079015119,13.296282927322732,15.061590069785225,0.08687601718251252,0.10959968548734814,2.2506313256778534,0.2661077923092257,73500.0,0.0,3.0,1.5811388300841898,686.8,803.9674744664737
Accumulate + Select,148,1.0,0.0,30.19214577040421,19.803553935745665,6.676000731415006,7.56111956663861,13.39322287587461,15.196423099783962,0.08750554318269634,0.11056436440374161,2.2862273017522234,0.2470254218440324,74000.0,0.0,3.0,1.5811388300841898,686.8,803.9674744664737
Accumulate + Select,149,1.0,0.0,30.201833311977595,19.81074379628831,6.649937281819112,7.535084747868495,13.247937487736976,14.882342935496503,0.08643498922932343,0.1082894704290596,2.217042090190863,0.27614728879229733,74500.0,0.0,3.0,1.5811388300841898,686.8,803.9674744664737
Accumulate + Select,150,1.0,0.0,30.212279760422945,19.820999730552664,6.624518909211102,7.509701221602121,13.170926230758946,14.925931543369263,0.08608046944639385,0.10860691343401117,2.183256106051366,0.43527877789070346,75000.0,0.0,3.0,1.5811388300841898,686.8,803.9674744664737
Accumulate + Select,151,1.0,0.0,30.221741688877547,19.829125590279205,6.598412951332675,7.483001456199172,13.349528125340921,15.29435495937403,0.08735792160980158,0.11126397096781518,2.2691684701669126,0.32297368264735543,75500.0,0.0,3.0,1.5811388300841898,686.8,803.9674744664737
Accumulate + Select,152,1.0,0.0,30.23228375098202,19.838384966685066,6.5725443432541155,7.456427842734937,13.110395410900011,14.779526290421785,0.08565794332483456,0.10755313057733658,2.2214268978696032,0.35233889121566503,76000.0,0.0,3.0,1.5811388300841898,686.8,803.9674744664737
Accumulate + Select,153,1.0,0.0,30.241215258546426,19.84707589214136,6.547234766701455,7.431019413766136,13.074230837384317,14.90187147326382,0.0855240791865589,0.10842518651627253,2.2626975643393843,0.29859610762512423,76500.0,0.0,3.0,1.5811388300841898,686.8,803.9674744664737
Accumulate + Select,154,1.0,0.0,30.250825985720564,19.855419848729024,6.522105463116171,7.405371614881104,12.99489980930996,14.8134226800769,0.08498701901969166,0.10777120521881252,2.2407256813380814,0.2805095709235663,77000.0,0.0,3.0,1.5811388300841898,686.8,803.9674744664737
Accumulate + Select,155,1.0,0.0,30.26083949664894,19.864498728382895,6.4977942350459275,7.381554974312552,12.891883116291046,14.595639614188682,0.0843277323857454,0.10623085243842487,2.211998580756112,0.2639234976022722,77500.0,0.0,3.0,1.5811388300841898,686.8,803.9674744664737
Accumulate + Select,156,1.0,0.0,30.27175273042132,19.875189620619572,6.4734226967008315,7.35687851785814,12.835760339861414,14.502907931490705,0.0838655193652232,0.10553534789643731,2.2759983126746306,0.244810563773115,78000.0,0.0,3.0,1.5811388300841898,686.8,803.9674744664737
Accumulate + Select,157,1.0,0.0,30.282797752771096,19.885596164005847,6.449761757619735,7.333243232856575,12.98559921106867,14.935620650208598,0.08505838941579422,0.10866395648666315,2.2460411431814533,0.30560103407135214,78500.0,0.0,3.0,1.5811388300841898,686.8,803.9674744664737
Accumulate + Select,158,1.0,0.0,30.29124423999944,19.893433244865133,6.425647719920453,7.308954697535882,12.720139845223455,14.321839447464955,0.08313434208774516,0.10423837318422724,2.154877482085366,0.3466617305525403,79000.0,0.0,3.0,1.5811388300841898,686.8,803.9674744664737
Accumulate + Select,159,1.0,0.0,30.301455621510264,19.903201690580815,6.402425106622708,7.286131459492424,12.882067714971672,14.642481982894036,0.0841672807169501,0.10649967953031712,2.202740471964052,0.3241995295297424,79500.0,0.0,3.0,1.5811388300841898,686.8,803.9674744664737
Accumulate + Select,160,1.0,0.0,30.311358716746376,19.91288457896635,6.379409492840242,7.263340952913934,12.857893253536758,14.696245593390897,0.08421384831484632,0.1069436309932623,2.194163501585485,0.2941109561889366,80000.0,0.0,3.0,1.5811388300841898,686.8,803.9674744664737
Accumulate + Select,161,1.0,0.0,30.321040435997766,19.922367217504487,6.355588220926864,7.238615207019844,12.72880380939791,14.538539674314674,0.08324325074512237,0.1057437222043103,2.224977591591018,0.35511015914492994,80500.0,0.0,3.0,1.5811388300841898,686.8,803.9674744664737
Accumulate + Select,162,1.0,0.0,30.330591594755685,19.93147822040947,6.332424786646954,7.215095101256112,12.685288072227,14.520712852573276,0.08306478791465158,0.10565343586531802,2.251635923868003,0.323919541563544,81000.0,0.0,3.0,1.5811388300841898,686.8,803.9674744664737
Accumulate + Select,163,1.0,0.0,30.340154232686018,19.94114923851351,6.3099968298234534,7.192842518178958,12.636869515425492,14.41669495092308,0.08267820746152375,0.1048885164971896,2.251943430847337,0.24749745126000042,81500.0,0.0,3.0,1.5811388300841898,686.8,803.9674744664737
Accumulate + Select,164,1.0,0.0,30.34948112314344,19.950040426548075,6.287140503938382,7.16932919449208,12.619268272142026,14.373577186148646,0.08262941285982281,0.10460092600752993,2.270400400215376,0.325572991260287,82000.0,0.0,3.0,1.5811388300841898,686.8,803.9674744664737
Accumulate + Select,165,1.0,0.0,30.359204143102648,19.958968826244913,6.264555223326579,7.146159355027437,12.417325038422918,14.054551587149826,0.08113291428734352,0.1022621483058503,2.227539587612425,0.32399625728828585,82500.0,0.0,3.0,1.5811388300841898,686.8,803.9674744664737
Accumulate + Select,166,1.0,0.0,30.36815018190324,19.967610583483125,6.242918504115488,7.124573413138967,12.62265207087243,14.393585185396505,0.08251514380737218,0.10468217918682528,2.2043736080282854,0.2657215310607451,83000.0,0.0,3.0,1.5811388300841898,686.8,803.9674744664737
Accumulate + Select,167,1.0,0.0,30.37796859825996,19.97781527287051,6.220790988144568,7.101660454890731,12.414213796476819,14.212620782238412,0.08130051799130816,0.10340753414915309,2.2601704336799044,0.31890956823815364,83500.0,0.0,3.0,1.5811388300841898,686.8,803.9674744664737
Accumulate + Select,168,1.0,0.0,30.38699905747194,19.98672441564857,6.199150750834075,7.079743194984709,12.48619949634853,14.250952421497283,0.08166924370219908,0.10367733367682704,2.1886338990564194,0.2948846436934633,84000.0,0.0,3.0,1.5811388300841898,686.8,803.9674744664737
Accumulate + Select,169,1.0,0.0,30.3952142672004,19.994737441781112,6.177221185257092,7.057084095504807,12.374433356056272,14.109295723975082,0.08090746195868584,0.10264516936684048,2.229106423855001,0.29888318274394554,84500.0,0.0,3.0,1.5811388300841898,686.8,803.9674744664737
Accumulate + Select,170,1.0,0.0,30.40389955432257,20.002514422051345,6.155677106712785,7.034775854068158,12.333180330297335,14.165528851583803,0.08077595064057638,0.10305190630598288,2.237385169841335,0.285438396851095,85000.0,0.0,3.0,1.5811388300841898,686.8,803.9674744664737
Accumulate + Select,171,1.0,0.0,30.412328039717664,20.010916234980165,6.134568378378548,7.013312807890521,12.414946654592224,14.367134266764603,0.08131255389970934,0.10447034297164393,2.25402791472335,0.34732307576663335,85500.0,0.0,3.0,1.5811388300841898,686.8,803.9674744664737
Accumulate + Select,172,1.0,0.0,30.421086938363693,20.018908738209834,6.113409317666512,6.991525028469794,12.293343027303285,14.171910947520876,0.08048333352136745,0.10307325651479794,2.187021575687889,0.28030029496311776,86000.0,0.0,3.0,1.5811388300841898,686.8,803.9674744664737
Accumulate + Select,173,1.0,0.0,30.427232653937228,20.024138986601894,6.091958288966369,6.968978864814284,12.161302753341262,13.927105523289669,0.07954325161960393,0.1012972176972934,2.199761537013889,0.271976392227956,86500.0,0.0,3.0,1.5811388300841898,686.8,803.9674744664737
Accumulate + Select,174,1.0,0.0,30.435789069135957,20.031959571450482,6.071574145010167,6.948262583532803,12.148430162121057,13.87300490904957,0.07951794679725988,0.10092576771903693,2.2856662398473784,0.29807751075702615,87000.0,0.0,3.0,1.5811388300841898,686.8,803.9674744664737
Accumulate + Select,175,1.0,0.0,30.444063855350493,20.03909597085773,6.0510465799294,6.926911500756048,12.143161892871445,13.778776505469036,0.07936170285058017,0.10024098441425909,2.1791089750447976,0.21853440684117856,87500.0,0.0,3.0,1.5811388300841898,686.8,803.9674744664737
Accumulate + Select,176,1.0,0.0,30.45166722705101,20.045837605374768,6.031187991948649,6.9071672792148595,12.098985628943842,13.835594460522584,0.07911310615378855,0.10062567228712933,2.366130104943909,0.3770503678046652,88000.0,0.0,3.0,1.5811388300841898,686.8,803.9674744664737
Accumulate + Select,177,1.0,0.0,30.45980737394399,20.053641232767927,6.01069321606309,6.885625043488119,11.974737422026976,13.753451478602996,0.078365999285142,0.10003384792261184,2.2760491076500218,0.28034012259721786,88500.0,0.0,3.0,1.5811388300841898,686.8,803.9674744664737
Accumulate + Select,178,1.0,0.0,30.467429046584368,20.06046759895531,5.990364581701241,6.864146992799041,11.972224802634452,13.752580292085272,0.07833084115168445,0.10002017198815603,2.2298238046290058,0.2992112981085204,89000.0,0.0,3.0,1.5811388300841898,686.8,803.9674744664737
Accumulate + Select,179,1.0,0.0,30.474966820127797,20.0678675887542,5.970711649969514,6.844409490037193,11.945780436234221,13.669498265484755,0.07817850771409046,0.09943870230092224,2.298583857093064,0.32066185857617996,89500.0,0.0,3.0,1.5811388300841898,686.8,803.9674744664737
Accumulate + Select,180,1.0,0.0,30.48297531243538,20.07569697423939,5.951037514644937,6.824290551166129,11.859877094297547,13.53435195699358,0.07761716484031282,0.09846389309676759,2.2360166433376514,0.27418340391891605,90000.0,0.0,3.0,1.5811388300841898,686.8,803.9674744664737
Accumulate + Select,181,1.0,0.0,30.491604444141267,20.08346460451307,5.931723474128788,6.8042405205835355,11.94156862194407,13.791947428190921,0.07817691964412807,0.10028980689037992,2.200348457286555,0.2802719747473413,90500.0,0.0,3.0,1.5811388300841898,686.8,803.9674744664737
Accumulate + Select,182,1.0,0.0,30.499350054921344,20.091401786909827,5.912347905070999,6.7843290922601005,11.738743033128836,13.42915840999149,0.07682396638855156,0.09769828398249444,2.206611245237558,0.3586636446347144,91000.0,0.0,3.0,1.5811388300841898,686.8,803.9674744664737
Accumulate + Select,183,1.0,0.0,30.50617237247973,20.097235685835734,5.893582528441992,6.7653228523967535,11.854350908182209,13.638852279061751,0.07756303253535804,0.09919970398578512,2.214748996172251,0.2992092832704263,91500.0,0.0,3.0,1.5811388300841898,686.8,803.9674744664737
Accumulate + Select,184,1.0,0.0,30.51373150400346,20.104206225529843,5.874906793846109,6.74631001460118,11.728964645329542,13.4205599559615,0.07669436074496952,0.09759943867767565,2.1453016275144656,0.2952499331649904,92000.0,0.0,3.0,1.5811388300841898,686.8,803.9674744664737
Accumulate + Select,185,1.0,0.0,30.520591527802544,20.110769793361722,5.856195456562097,6.726940617075916,11.753566086944907,13.535933796865999,0.0769821417681411,0.0984657274801852,2.2524424625245363,0.2699139125937946,92500.0,0.0,3.0,1.5811388300841898,686.8,803.9674744664737
Accumulate + Select,186,1.0,0.0,30.52883370407371,20.11875394114868,5.837375328390693,6.707301485309389,11.550303073752104,13.233595534754054,0.07559397745948222,0.09626715325745928,2.317328020362271,0.28939284111035485,93000.0,0.0,3.0,1.5811388300841898,686.8,803.9674744664737
Accumulate + Select,187,1.0,0.0,30.53588957799635,20.12461840768812,5.818890667399222,6.688300884933445,11.629480478068299,13.395913847897322,0.0761758876891545,0.09743655882223025,2.2266467608022733,0.31119560790070133,93500.0,0.0,3.0,1.5811388300841898,686.8,803.9674744664737
Accumulate + Select,188,1.0,0.0,30.541871353472622,20.13063281624078,5.800313823386514,6.66902598404673,11.49715006142466,13.208863238149242,0.07526966603316476,0.09608177838508594,2.305165284050471,0.3461719421746469,94000.0,0.0,3.0,1.5811388300841898,686.8,803.9674744664737
Accumulate + Select,189,1.0,0.0,30.549762317685854,20.137528856069245,5.781844899902394,6.649726399194835,11.54658871439109,13.302495454286854,0.07553534722459966,0.09671810640800409,2.2680278307535344,0.28719273407059703,94500.0,0.0,3.0,1.5811388300841898,686.8,803.9674744664737
Accumulate + Select,190,1.0,0.0,30.556687046619224,20.14456030052438,5.763338168251168,6.629953164101869,11.458363298159767,13.080326652550204,0.0749559156349566,0.09516152884301504,2.2596181389898438,0.30263387434288547,95000.0,0.0,3.0,1.5811388300841898,686.8,803.9674744664737
Accumulate + Select,191,1.0,0.0,30.563706111602322,20.15114958218422,5.745642366536944,6.611953326213543,11.368158301919438,12.90189130004636,0.07435752931015557,0.09387711214422699,2.20860594856041,0.3307783908096496,95500.0,0.0,3.0,1.5811388300841898,686.8,803.9674744664737
Accumulate + Select,192,1.0,0.0,30.57111651817666,20.158824860847552,5.727647119181527,6.593276429242305,11.447699356156019,13.281222443090572,0.07504484610381393,0.09657843992097115,2.254740824388958,0.31808950634266064,96000.0,0.0,3.0,1.5811388300841898,686.8,803.9674744664737
Accumulate + Select,193,1.0,0.0,30.578087862869058,20.16510509929244,5.71014606132579,6.575378119906137,11.564922841642645,13.377924018970823,0.07569285711075698,0.09726688384763756,2.2824630238348487,0.20586163097891103,96500.0,0.0,3.0,1.5811388300841898,686.8,803.9674744664737
Accumulate + Select,194,1.0,0.0,30.58432433223144,20.17076306641716,5.692814682858294,6.557788129967673,11.368804233994977,13.162557915868716,0.07441683424795571,0.09570963060275302,2.2036116621156174,0.3188639686296174,97000.0,0.0,3.0,1.5811388300841898,686.8,803.9674744664737
Accumulate + Select,195,1.0,0.0,30.591357311315146,20.17700837706728,5.675514500208073,6.5400163600055246,11.330950371942148,12.957588612646154,0.07412649271002854,0.09425796527296346,2.2389218150816506,0.34398566406408604,97500.0,0.0,3.0,1.5811388300841898,686.8,803.9674744664737
Accumulate + Select,196,1.0,0.0,30.59773919837711,20.182889005358458,5.658426909504469,6.522596543208077,11.42344821808382,13.097202962596912,0.07466799374976979,0.0952415089188874,2.234573283211735,0.31206869514726915,98000.0,0.0,3.0,1.5811388300841898,686.8,803.9674744664737
Accumulate + Select,197,1.0,0.0,30.603271485235105,20.188226157359583,5.641429965982988,6.505204582057489,11.154679048679423,12.74987991643849,0.0730286897206801,0.09277006650249055,2.1966559702338273,0.258959738555476,98500.0,0.0,3.0,1.5811388300841898,686.8,803.9674744664737
Accumulate + Select,198,1.0,0.0,30.610110071784373,20.19436201302643,5.624383471818783,6.487184689290316,11.216524950163322,12.943969521538442,0.0734564187968904,0.09414523739013238,2.277209538171647,0.3559269550516501,99000.0,0.0,3.0,1.5811388300841898,686.8,803.9674744664737
Accumulate + Select,199,1.0,0.0,30.616996167865125,20.20102976587916,5.607335034959179,6.46912021200667,11.148352021991762,12.85089404142761,0.0729862927621607,0.09346248738504434,2.3170973149295344,0.27904783677965483,99500.0,0.0,3.0,1.5811388300841898,686.8,803.9674744664737
Accumulate + Select,200,1.0,0.0,30.622817597570627,20.205815615971712,5.590555866818046,6.4515909321532385,11.206750600328775,12.895260634424357,0.073384549874532,0.09378707506534505,2.284877341267595,0.28240990593223964,100000.0,0.0,3.0,1.5811388300841898,686.8,803.9674744664737
Replace,0,0.0,0.0,0.0,0.0,84.12649828456804,20.561120228712866,167.86920674309346,40.55641095634343,1.0010861810212988,0.009307941856665988,0.08793909266460646,0.015914207122271814,,,3.0,1.5811388300841898,686.8,803.9674744664737
Replace,1,0.0,0.0,0.08139128217919629,0.029217916699821017,84.44616106911265,19.9388310980382,169.47272457491673,38.12727692423681,1.0147475550546627,0.040700509419186535,0.11971736417816572,0.019471868065038693,,,3.0,1.5811388300841898,686.8,803.9674744664737
Replace,2,0.0,0.0,0.17576126404875209,0.17674870274684548,84.41974931718815,20.3937801288146,168.1929124010266,40.1167940192935,1.0050804586022215,0.06404860915883098,0.16258861811876885,0.04316689742568775,,,3.0,1.5811388300841898,686.8,803.9674744664737
Replace,3,0.0,0.0,0.3883237262827514,0.35645890185645057,85.30804002429069,20.920759594836348,171.7875428519094,43.671669737361775,1.0245992480827932,0.07043496281981139,0.18580900199360884,0.026533770770667778,,,3.0,1.5811388300841898,686.8,803.9674744664737
Replace,4,0.0,0.0,0.37510269731871004,0.22819367262412943,85.29556355625093,21.652586684283484,170.83824645488056,44.95778140015418,1.0196229433011994,0.1115260306650428,0.2160364292909253,0.03105670252429289,,,3.0,1.5811388300841898,686.8,803.9674744664737
Replace,5,0.0,0.0,0.41484006007426366,0.24264440867429635,86.12746238210244,21.285829979844213,173.01931349046848,44.884413994300424,1.033494413146132,0.1073091939081151,0.24350321454076207,0.05327468755421447,,,3.0,1.5811388300841898,686.8,803.9674744664737
Replace,6,0.0,0.0,0.5224454061804236,0.22177803333268048,86.8758799458499,22.814998952404792,173.16169860427937,44.11141892079958,1.0352305770626773,0.11426851179311394,0.2836402682086967,0.052978311532208396,,,3.0,1.5811388300841898,686.8,803.9674744664737
Replace,7,0.0,0.0,0.667481481016128,0.22829819068170848,89.10770836619443,25.052767849969634,178.3860366323606,49.64588304009134,1.0621612250587762,0.1091458790800775,0.2948133834016637,0.05008092833823557,,,3.0,1.5811388300841898,686.8,803.9674744664737
Replace,8,0.0,0.0,0.8629504586106493,0.49504416048408195,90.10925832245091,26.94707423797683,180.66741008310447,54.130401169159335,1.074268031258073,0.13671708460434415,0.3431651080132069,0.04453319735523165,,,3.0,1.5811388300841898,686.8,803.9674744664737
Replace,9,0.0,0.0,0.877147144538591,0.5846702104302782,88.61435157163746,26.631006446749364,178.4424109125663,52.40101469044459,1.0592189723333012,0.13342175071753531,0.3301468037400561,0.09453740860679345,,,3.0,1.5811388300841898,686.8,803.9674744664737
Replace,10,0.0,0.0,1.133953809890213,0.4327354138513618,87.2201946008357,27.76946180693843,175.9930083209926,55.753539313025,1.0429043424604199,0.15380698205021026,0.3665100440196801,0.057444343612300615,,,3.0,1.5811388300841898,686.8,803.9674744664737
Replace,11,0.0,0.0,1.1914858110149051,0.5183997332444356,85.13669383919175,25.902305915365996,167.943849814892,50.33003911901015,0.997846768216202,0.14583558931882526,0.35997827159360335,0.047001074728654293,,,3.0,1.5811388300841898,686.8,803.9674744664737
Replace,12,0.0,0.0,1.1939196468878521,0.6816374127622081,86.59907786642555,26.42564580685003,171.6611755385809,50.63607646908614,1.0243995845295057,0.17763125571381022,0.3777707221192771,0.09183737713791766,,,3.0,1.5811388300841898,686.8,803.9674744664737
Replace,13,0.0,0.0,1.157675676632669,0.7865094055925131,87.12084235798666,26.886847130857337,172.55084174959921,53.09905814925007,1.0261137313749302,0.1842980940793642,0.382508761476417,0.06402199996770105,,,3.0,1.5811388300841898,686.8,803.9674744664737
Replace,14,0.0,0.0,1.313439070285708,0.7364491221395385,90.34880559055269,29.312984077993804,180.69046361537806,58.0220184185055,1.0737902581144882,0.19211929987709975,0.4304476514938672,0.04764622335668974,,,3.0,1.5811388300841898,686.8,803.9674744664737
Replace,15,0.0,0.0,1.3284321819113418,0.7802655862766322,89.9925496217239,30.65781638932344,180.1573247352819,60.90799334889559,1.0691243722866832,0.20693119404937388,0.40443725534991015,0.08349199282440016,,,3.0,1.5811388300841898,686.8,803.9674744664737
Replace,16,0.0,0.0,1.4320313575816856,0.728243552341761,91.58031374621034,32.00813111925628,182.2630160968443,62.523632803806805,1.0774530034883454,0.19883345036170413,0.4120544122484229,0.12600516428765976,,,3.0,1.5811388300841898,686.8,803.9674744664737
Replace,17,0.0,0.0,1.9878050881006264,1.1535558844583567,93.074642254608,36.03235131903977,185.48530805956875,71.31937421510423,1.090899055081763,0.23402950698769115,0.4987185531667734,0.12432971599047321,,,3.0,1.5811388300841898,686.8,803.9674744664737
Replace,18,0.0,0.0,2.0377194862145593,0.6306943715928899,92.2166192438434,33.320757602807014,183.50257756006283,65.881331055275,1.082722416590845,0.21949695525431379,0.4740393958320466,0.07333299340141199,,,3.0,1.5811388300841898,686.8,803.9674744664737
Replace,19,0.0,0.0,2.2823997786864387,0.4675841544072501,91.09513979841658,33.67200507353961,182.29625173414007,67.40189447087718,1.072532305024957,0.20318637025085098,0.5073015279602171,0.05760380299078602,,,3.0,1.5811388300841898,686.8,803.9674744664737
Replace,20,0.0,0.0,2.7700585779877183,0.25678727687903197,91.22473806155612,33.21308855647555,183.82751731624143,66.3117818806165,1.0852918483853704,0.2054688014682271,0.5344981336318922,0.053668540135957586,,,3.0,1.5811388300841898,686.8,803.9674744664737
Replace,21,0.0,0.0,3.544944668802926,0.18022651083922717,91.47381971610585,35.099363756887804,182.10752257776727,68.22228961768788,1.0732232340349255,0.20357379901438827,0.5845157168705728,0.08004377045876492,,,3.0,1.5811388300841898,686.8,803.9674744664737
Replace,22,0.0,0.0,3.9944560497554713,0.9156768389414025,93.33992580391434,36.29657041313681,184.7594704373129,70.21751992623943,1.0869532302360843,0.2125636650031019,0.6064622162867706,0.07251153679775693,,,3.0,1.5811388300841898,686.8,803.9674744664737
Replace,23,0.0,0.0,4.857931347269764,1.7023469930832398,91.87099670569435,33.380776453001346,184.78020506738488,71.17285152331141,1.0870420688386422,0.22237023812799683,0.6967945452648749,0.13596724013989503,,,3.0,1.5811388300841898,686.8,803.9674744664737
Replace,24,0.0,0.0,5.228160493881705,1.0716379590779668,93.05517843338849,34.88078895256585,185.36686275548465,68.536786257292,1.0938104245011218,0.23284049106720517,0.6558572994509648,0.08968857212948268,,,3.0,1.5811388300841898,686.8,803.9674744664737
Replace,25,0.0,0.0,5.680467725380269,2.8173833504847363,91.47139450888275,29.531434235066452,181.15070675947965,58.12131541109099,1.0763857663800667,0.19896969186227803,0.7336335700941181,0.16302188769899337,,,3.0,1.5811388300841898,686.8,803.9674744664737
Replace,26,0.0,0.0,6.58649192699445,2.4723249839279253,92.58827893158164,29.61497402855044,185.3327070104674,58.43485689348059,1.105255912723886,0.2205855604072043,0.7424111351932587,0.09298015987263389,,,3.0,1.5811388300841898,686.8,803.9674744664737
Replace,27,0.0,0.0,7.527140066446231,3.653035793905226,93.05972878642125,30.435156451269197,186.14784097080505,60.41937260890376,1.103567602515662,0.1932770130829156,0.8326699570059359,0.2327496979194111,,,3.0,1.5811388300841898,686.8,803.9674744664737
Replace,28,0.0,0.0,7.386051180254609,2.4995713612398602,93.57011886865774,31.110940079518187,188.17339722419152,61.41766173746533,1.1195645632638394,0.21989568124323666,0.7894316098489329,0.07350000076037708,,,3.0,1.5811388300841898,686.8,803.9674744664737
Replace,29,0.0,0.0,5.934113406576055,0.8948039878377899,92.38667215328215,31.165557584871006,185.0015869812516,62.917823718971576,1.1008588306979306,0.22928805822211118,0.7702266090489888,0.05680325511418144,,,3.0,1.5811388300841898,686.8,803.9674744664737
Replace,30,0.0,0.0,5.655418592195618,1.1292744199608873,91.71321755803366,30.95296053412359,183.74164276892333,60.87334325673431,1.0950015727546307,0.21791114984668944,0.7126028827784843,0.06644589576895368,,,3.0,1.5811388300841898,686.8,803.9674744664737
Replace,31,0.0,0.0,5.457226402529998,1.149305106744581,93.15840052389308,33.20922338911604,187.02249161564404,66.42878097627522,1.1145913757721373,0.24236647153506982,0.7155228835404468,0.05642219720819106,,,3.0,1.5811388300841898,686.8,803.9674744664737
Replace,32,0.0,0.0,4.652039457596961,0.3195191656878438,92.44848525034459,34.413399235646644,182.40971550990758,66.59600406134875,1.0838392706026392,0.23088632699202327,0.6766070457983384,0.04300884413476442,,,3.0,1.5811388300841898,686.8,803.9674744664737
Replace,33,0.0,0.0,4.032358453082034,0.7794606614346038,94.37887873088486,38.53679478546095,188.813158863495,74.60064542042684,1.120482867314622,0.2601720467213272,0.7178891178406935,0.06257076945736528,,,3.0,1.5811388300841898,686.8,803.9674744664737
Replace,34,0.0,0.0,4.1573397249030695,1.173783848234389,93.32879988187736,38.0389933318828,185.089620186029,72.94093863079041,1.1011956024008966,0.2679160248391753,0.719149511036486,0.08927922691566888,,,3.0,1.5811388300841898,686.8,803.9674744664737
Replace,35,0.0,0.0,4.605330259918492,1.7973035348663908,92.79502917673203,37.769855004265054,185.42557560316868,76.79211343427589,1.0977764258921716,0.27727561068126605,0.7388835905828528,0.11888839080192698,,,3.0,1.5811388300841898,686.8,803.9674744664737
Replace,36,0.0,0.0,4.473744847023473,2.0661852532074843,90.59861095384181,36.71101462446815,179.37551590268737,72.70192920823993,1.066771525032164,0.2757701446776278,0.6935330160972217,0.03949979492333386,,,3.0,1.5811388300841898,686.8,803.9674744664737
Replace,37,0.0,0.0,4.48760171461426,2.0079606708888247,92.38655936204444,38.24926227866095,184.52868776418887,78.24672736200901,1.09793212280675,0.304446637514858,0.7683669860978638,0.07898057290454284,,,3.0,1.5811388300841898,686.8,803.9674744664737
Replace,38,0.0,0.0,4.670645835591019,2.0118912788673113,91.4416095558749,37.21659255777584,183.03453793414357,74.60987702197414,1.0961978380496038,0.3094511238909313,0.7437093898848206,0.07206751215397016,,,3.0,1.5811388300841898,686.8,803.9674744664737
Replace,39,0.0,0.0,5.46060611207575,2.77414008559084,92.20348325034655,39.756307921150125,183.38776931160373,76.99745897513115,1.0948250534754531,0.30852346673232683,0.7767308360474666,0.06755064620832896,,,3.0,1.5811388300841898,686.8,803.9674744664737
Replace,40,0.0,0.0,5.501821404544521,3.9922652344511786,92.08047524705236,38.02616546048578,182.9155381423805,76.36940662563413,1.0948460231849353,0.3162083201109534,0.8243645478996203,0.1964950186321854,,,3.0,1.5811388300841898,686.8,803.9674744664737
Replace,41,0.0,0.0,5.40330151101138,4.00882090943922,88.8594130688308,34.34442078605558,176.49528772396545,67.03124201840029,1.0694030574504074,0.32498813174121244,0.8042213955631985,0.1058397968324761,,,3.0,1.5811388300841898,686.8,803.9674744664737
Replace,42,0.0,0.0,5.585044333054002,3.996480382807368,87.91447742887128,32.85691179416163,176.40862671048637,67.20564135400106,1.0649476171369183,0.3101798807987295,0.805845720603449,0.19342365553852148,,,3.0,1.5811388300841898,686.8,803.9674744664737
Replace,43,0.0,0.0,6.195471090280138,4.916416859710104,84.35973928849238,32.312565869266614,168.3989180615406,63.726607421749684,1.018731326384912,0.30070809588294245,0.8245293551934019,0.15332525526879168,,,3.0,1.5811388300841898,686.8,803.9674744664737
Replace,44,0.0,0.0,6.189108320089231,3.671284182397523,83.48009159282906,33.816455152537195,166.1010266248799,65.96033526309245,1.0038732184320642,0.31148275195292574,0.8490218883653858,0.09793556902829754,,,3.0,1.5811388300841898,686.8,803.9674744664737
Replace,45,0.0,0.0,6.45310072179946,3.7564848921700604,83.15106345682729,31.595413155635946,165.9229418855346,63.041738047365946,1.006349382614979,0.3102551575141758,0.8499253160968425,0.11481280330736808,,,3.0,1.5811388300841898,686.8,803.9674744664737
Replace,46,0.0,0.0,7.133365981508788,4.809820577484807,83.20889860184462,32.10194379937885,165.5559957357112,62.96395195964868,1.005707484631432,0.31943059400982066,0.8703051413769571,0.18025564962313914,,,3.0,1.5811388300841898,686.8,803.9674744664737
Replace,47,0.0,0.0,6.818666733127391,4.683514289967659,83.92354359194556,31.661136352562167,168.05642433014867,62.26837845333133,1.0332815378987967,0.3724843770993708,0.8721845723902424,0.06245919566319124,,,3.0,1.5811388300841898,686.8,803.9674744664737
Replace,48,0.0,0.0,7.442239699794951,4.924036244296546,82.77212294244495,33.19163294512109,164.93654043252315,67.86924524421708,1.00179372295075,0.3459310853832423,0.9064809613896772,0.12768878258838676,,,3.0,1.5811388300841898,686.8,803.9674744664737
Replace,49,0.0,0.0,6.844703488501684,3.77375135444201,82.42528032389666,33.02947119153176,166.37975396948713,67.25495317731254,1.0116814483287664,0.3494252366185383,0.8744476273670057,0.0790077739431747,,,3.0,1.5811388300841898,686.8,803.9674744664737
Replace,50,0.0,0.0,6.578822833270922,3.3939583964438023,81.49516153898169,31.055913603323464,162.62575030438717,63.42380451620756,0.9906490173167197,0.3335509124155861,0.8240286467584804,0.058486133931401015,,,3.0,1.5811388300841898,686.8,803.9674744664737
Replace,51,0.0,0.0,7.124826478133677,3.6440999183706926,80.99357459559585,30.352250507449035,161.93159897417846,61.52905196670174,0.9852844460208875,0.31705164493005494,0.8800715171843475,0.06904232026287212,,,3.0,1.5811388300841898,686.8,803.9674744664737
Replace,52,0.0,0.0,7.6732443771493966,4.25289889666089,79.89267072762198,29.21972665151083,159.13486942765425,57.79657245197178,0.97518342001092,0.32956342047962983,0.8547496452317827,0.058865328312643864,,,3.0,1.5811388300841898,686.8,803.9674744664737
Replace,53,0.0,0.0,7.694400300525177,4.206647834939068,81.66154572072705,32.30056154618758,163.4644239398464,63.24218740809278,0.9998754439538846,0.352284330042307,0.954192824441894,0.08217291029172569,,,3.0,1.5811388300841898,686.8,803.9674744664737
Replace,54,0.0,0.0,8.599034908999778,4.165567271062069,82.85566262427072,34.3495553202975,164.952079784817,68.3284890250319,1.0033733776586988,0.35753791284488895,0.9388704914620248,0.09137916480582971,,,3.0,1.5811388300841898,686.8,803.9674744664737
Replace,55,0.0,0.0,8.87754679296477,4.234371083074821,81.07551677870386,30.148780314203762,161.3332902112276,57.390394495341354,0.9900464500386736,0.33683631645665557,0.9581886397697545,0.08008035680776399,,,3.0,1.5811388300841898,686.8,803.9674744664737
Replace,56,0.0,0.0,9.609691251953334,4.394978962933451,81.3135915523761,31.937831089312034,161.7201386062988,63.23879124698866,0.9860992272438708,0.34104370884196394,0.960726522709092,0.045358892178886674,,,3.0,1.5811388300841898,686.8,803.9674744664737
Replace,57,0.0,0.0,10.323680679671531,5.2622446518375785,78.77868337853786,30.517892991569436,156.4162838145566,60.202889846644354,0.9545732059010472,0.32957916268285353,0.9460521413863656,0.045187406434896916,,,3.0,1.5811388300841898,686.8,803.9674744664737
Replace,58,0.0,0.0,10.185169659461517,5.843699437715216,77.79702368837283,27.866678049627097,155.72460158862253,54.89107058524479,0.9534584036870649,0.3163746875734312,1.003451822001212,0.11356835462254765,,,3.0,1.5811388300841898,686.8,803.9674744664737
Replace,59,0.0,0.0,10.3739614735393,6.595033371440418,75.29962997598327,25.19838255376287,150.8554130573114,51.243104690408494,0.9253719548368995,0.3048309451409541,1.027214989555779,0.24690293484982323,,,3.0,1.5811388300841898,686.8,803.9674744664737
Replace,60,0.0,0.0,9.948008471417726,6.371731232510557,74.13819546951117,24.52115078273486,147.35446637410004,47.73834754208781,0.911762896876023,0.3262211687958018,0.9237723923949815,0.09455360035564994,,,3.0,1.5811388300841898,686.8,803.9674744664737
Replace,61,0.0,0.0,8.864029319990982,5.664432095337052,75.53731357592406,26.50810460384167,150.04546805956983,51.91641531552094,0.9233122339553412,0.3202283262230759,0.9571020273862576,0.09279864301973856,,,3.0,1.5811388300841898,686.8,803.9674744664737
Replace,62,0.0,0.0,8.855318062015742,5.02414724710883,74.73943978992595,27.472454399311076,151.22726506965714,56.1303768612337,0.928223393556074,0.33509358500931397,0.9705657321399851,0.10278605754438486,,,3.0,1.5811388300841898,686.8,803.9674744664737
Replace,63,0.0,0.0,9.42455731898694,4.738118551630655,76.21058278440815,28.54958881141608,152.09855787384032,57.55985678705146,0.9320162326630523,0.34453865842317344,0.9626702250204886,0.07669725753748347,,,3.0,1.5811388300841898,686.8,803.9674744664737
Replace,64,0.0,0.0,9.47466312572504,4.983853266315204,73.18475423037134,28.202128543635585,145.75684169574004,55.04045865211066,0.8939036792832781,0.33507264418984356,0.9518844520785205,0.09526172808979573,,,3.0,1.5811388300841898,686.8,803.9674744664737
Replace,65,0.0,0.0,9.321972666377135,5.606540822601628,73.6279242525485,27.46258648988208,146.5181677151416,54.29494688002659,0.8975991979686991,0.3278687585311817,0.9733677863652002,0.11443754266439009,,,3.0,1.5811388300841898,686.8,803.9674744664737
Replace,66,0.0,0.0,8.737615316499054,5.264893160440177,73.91977182394136,26.19461897457462,148.46449884820825,51.79507559320545,0.9113194962141555,0.3192861669087263,0.9531851495409173,0.1525931293105948,,,3.0,1.5811388300841898,686.8,803.9674744664737
Replace,67,0.0,0.0,8.52942424871759,4.724514388646416,74.18691559870685,27.389036555029513,146.18682976065801,53.90368571373093,0.8914061901950788,0.3046730091359837,0.91193402089599,0.11825581401293299,,,3.0,1.5811388300841898,686.8,803.9674744664737
Replace,68,0.0,0.0,8.777307891710208,4.583071015794339,72.32258681507179,26.401023522760152,145.49453205829624,53.20104380301622,0.8916029739922063,0.3135795040900019,0.9470749916951953,0.1784623204895588,,,3.0,1.5811388300841898,686.8,803.9674744664737
Replace,69,0.0,0.0,8.242222017883957,4.196524686928845,71.55843518420586,25.330549231905515,143.1072593904045,50.46709396496735,0.8792928383530061,0.305990331380691,0.9475869338443836,0.07464168264906118,,,3.0,1.5811388300841898,686.8,803.9674744664737
Replace,70,0.0,0.0,8.087967432277463,3.6098040888789544,73.7358417289469,25.521757988864294,146.75132014256235,49.9282306683877,0.908459089504752,0.33155752803955313,0.9558693199798018,0.10256436372798912,,,3.0,1.5811388300841898,686.8,803.9674744664737
Replace,71,0.0,0.0,8.836052113886453,3.7924223171945273,71.24169331845218,22.907556566526846,143.07066443456503,46.381803795663664,0.8842312154285228,0.3044982337632561,0.9738892995996176,0.055931378205907274,,,3.0,1.5811388300841898,686.8,803.9674744664737
Replace,72,0.0,0.0,9.110513146749858,4.416674721596634,70.24061288735444,23.086987017906086,141.18858235227486,46.92691184044325,0.8750494768172274,0.31908955160066194,1.0121079787106195,0.11123347611373156,,,3.0,1.5811388300841898,686.8,803.9674744664737
Replace,73,0.0,0.0,8.617146383524465,3.866901688506807,70.4320882077819,23.509979565742935,140.47645916026718,45.732188032241986,0.8711375367296114,0.31446583575461734,0.9991507869105684,0.11999012116413231,,,3.0,1.5811388300841898,686.8,803.9674744664737
Replace,74,0.0,0.0,7.909765960571493,3.4993350079867995,68.97863519288708,23.521464860786228,137.37587600572155,47.98056372947054,0.8476361894409132,0.30309566691100304,0.9618301916055356,0.08499352997454476,,,3.0,1.5811388300841898,686.8,803.9674744664737
Replace,75,0.0,0.0,7.805889997059879,3.542564073910773,69.48048779009187,23.39127177854751,140.0232293766362,46.73131370020778,0.8646707973695171,0.306080083109186,0.9277216164736076,0.0995554820690405,,,3.0,1.5811388300841898,686.8,803.9674744664737
Replace,76,0.0,0.0,7.40781470456831,3.365014341212148,68.93175541208802,22.72455301881359,138.55905470719478,45.57252473761374,0.8502129354742772,0.27831567362614473,0.8833365838671181,0.10287867905751241,,,3.0,1.5811388300841898,686.8,803.9674744664737
Replace,77,0.0,0.0,7.850358689494044,3.612151243494627,68.49643058018147,21.29839339104064,137.10352121373472,43.78853780087267,0.8478043778845471,0.29741898293010666,0.9711954668002797,0.06574668673090517,,,3.0,1.5811388300841898,686.8,803.9674744664737
Replace,78,0.0,0.0,8.292855240838838,3.730484571551566,68.5951368235405,19.65586412516789,136.70522040088468,39.73341262151562,0.849300312298962,0.29428772732507036,0.9172645502899723,0.06527210321890313,,,3.0,1.5811388300841898,686.8,803.9674744664737
Replace,79,0.0,0.0,8.111630018131253,3.2954197694021095,69.24853702304735,21.469801978443193,138.36357008551516,42.7108157833592,0.8652163446469352,0.3317773671384121,0.964480316168175,0.06315772711740457,,,3.0,1.5811388300841898,686.8,803.9674744664737
Replace,80,0.0,0.0,8.524572413897854,3.9315831245797748,67.88487284163466,19.748815272119863,136.0144808986788,40.5198884643657,0.8443871199668032,0.293859997168909,0.9225994305146978,0.07774034260162768,,,3.0,1.5811388300841898,686.8,803.9674744664737
Replace,81,0.0,0.0,9.033739947234746,3.9279110599082627,68.31846320823936,21.30512676567764,136.41681440953835,42.05794427184446,0.8473990993693746,0.3030452592307139,0.930314343861278,0.11618715038411441,,,3.0,1.5811388300841898,686.8,803.9674744664737
Replace,82,0.0,0.0,9.95800186034475,5.07513673152402,66.2615127271772,19.69011706902805,131.60245201768672,39.14797284253155,0.8222021978114717,0.3074158193154262,1.0516821708392634,0.16986104089258605,,,3.0,1.5811388300841898,686.8,803.9674744664737
Replace,83,0.0,0.0,10.364967466693749,4.686352112831925,67.01173498617999,21.01558216658611,133.1391457215451,40.369371284633054,0.8286596224267649,0.30258767150827454,1.0078191755178536,0.06764222709981463,,,3.0,1.5811388300841898,686.8,803.9674744664737
Replace,84,0.0,0.0,9.956553208464522,4.120060664928558,67.3094129857291,20.75742538044969,135.7313797983415,43.23251839685268,0.8448287164905077,0.316450227752472,1.0142237428131882,0.06645801126131522,,,3.0,1.5811388300841898,686.8,803.9674744664737
Replace,85,0.0,0.0,9.827889053563307,4.020158916029162,68.21172438496616,21.93386485415428,137.2000951543412,43.38894004909185,0.8593013933763324,0.3360545693467266,1.0573860295098831,0.06822090225216529,,,3.0,1.5811388300841898,686.8,803.9674744664737
Replace,86,0.0,0.0,10.305491742040129,4.334248801627825,67.62762504454807,21.262268634033262,134.77289527082618,43.729661225551865,0.8483138868376578,0.35296157258690053,0.9982302163628212,0.0685140127084692,,,3.0,1.5811388300841898,686.8,803.9674744664737
Replace,87,0.0,0.0,9.900493222501453,3.9836017141556184,66.27020981013607,20.314088700932825,132.05554782205058,41.039997073471106,0.8323327639401368,0.34161121471970046,1.0128440224464434,0.0568112579287536,,,3.0,1.5811388300841898,686.8,803.9674744664737
Replace,88,0.0,0.0,9.87373646140448,4.134129624505377,65.11839165840689,18.44231904173151,131.05401179699714,37.06743493807716,0.8225508578003998,0.30948139512879264,1.0416494253671447,0.10614246644231742,,,3.0,1.5811388300841898,686.8,803.9674744664737
Replace,89,0.0,0.0,10.115761506541324,4.5125054193011875,65.35929232368332,18.971399634272515,130.34229828153312,38.69339940559185,0.8188874377397397,0.31835895189998764,1.113306869606769,0.14507089840604961,,,3.0,1.5811388300841898,686.8,803.9674744664737
Replace,90,0.0,0.0,10.861520822931482,5.012509083735979,63.23778791742386,18.036590937343004,124.59317257703701,35.365142319606186,0.7821839901733292,0.2942747342670885,1.0732176685185535,0.09198589002357481,,,3.0,1.5811388300841898,686.8,803.9674744664737
Replace,91,0.0,0.0,11.00673872915571,5.3678261218153,64.43883753832203,19.670147192488383,128.03945698735808,38.99818843271986,0.8026748468270462,0.3103776407538778,1.0478510967949348,0.07900812035942417,,,3.0,1.5811388300841898,686.8,803.9674744664737
Replace,92,0.0,0.0,10.981801459656602,5.156731726026435,64.55636077350316,21.166119503567828,129.1529297590014,43.32786155117145,0.8041191579001357,0.31611494415853447,1.0788403789786545,0.1602182748631043,,,3.0,1.5811388300841898,686.8,803.9674744664737
Replace,93,0.0,0.0,11.029632295766714,4.466500476261939,64.26830239179533,19.95168529783433,129.43062026271,40.06904108801904,0.8085282387397148,0.3088620162912824,1.1003867054647665,0.14843881666659894,,,3.0,1.5811388300841898,686.8,803.9674744664737
Replace,94,0.0,0.0,11.947037533758268,5.120739693391441,62.48481111244538,19.818921363020095,124.26389230820534,40.132500983095696,0.7729093035884598,0.29332550465421886,1.1181432116804324,0.1220176594854942,,,3.0,1.5811388300841898,686.8,803.9674744664737
Replace,95,0.0,0.0,13.145092694053654,6.787990174216288,61.241841947833635,19.35151296368631,121.66325673311408,38.35615286289808,0.7589251982903646,0.28698056740405287,1.1472354712318797,0.1356436543869834,,,3.0,1.5811388300841898,686.8,803.9674744664737
Replace,96,0.0,0.0,13.613474057260296,7.69046921398673,61.144853419158736,17.773389788735628,121.71136951692048,35.348699343823625,0.7600739390764812,0.27740312042025883,1.1239725309673092,0.1725449851014012,,,3.0,1.5811388300841898,686.8,803.9674744664737
Replace,97,0.0,0.0,13.137818304220904,6.609759289738538,61.07339240851669,19.43327552314191,122.37324813617799,38.80431151362133,0.7581197901341576,0.2707561902776113,1.1241637447987523,0.17047255477917414,,,3.0,1.5811388300841898,686.8,803.9674744664737
Replace,98,0.0,0.0,13.407071766973468,6.084746978849454,60.99660785009038,18.55928151983438,121.86926045685213,37.166425590504396,0.7551486395515054,0.2590521019350301,1.1161078370830686,0.10005892149917998,,,3.0,1.5811388300841898,686.8,803.9674744664737
Replace,99,0.0,0.0,13.610141347680988,5.2519416848861304,60.8726536736807,17.66998821952283,121.51068923010284,34.72065073146712,0.7582085872814318,0.27066752206371625,1.168268694796961,0.14391267296198132,,,3.0,1.5811388300841898,686.8,803.9674744664737
Replace,100,0.0,0.0,13.861094496655605,5.727285985030958,62.11893660605726,19.52002551927677,123.61993759100278,38.041087838285975,0.7717448958846186,0.28700988436199265,1.213717539841533,0.10851173993568788,,,3.0,1.5811388300841898,686.8,803.9674744664737
Replace,101,0.0,0.0,13.28704783756179,4.479913598347666,62.03742977529195,19.767059401075215,124.4322577017718,38.84250851757208,0.7778373063372268,0.2971709970687047,1.1121342091248934,0.1384428134648734,,,3.0,1.5811388300841898,686.8,803.9674744664737
Replace,102,0.0,0.0,13.110293560429662,5.445485437155422,62.69759467458182,21.402724456793152,125.23462666344517,42.25436753733779,0.7832487712366218,0.3177758528276503,1.197779991339217,0.13099629992430703,,,3.0,1.5811388300841898,686.8,803.9674744664737
Replace,103,0.0,0.0,14.034371599391624,6.976108807261596,62.93827243531648,21.3373892769229,126.36602911932145,42.61921283154866,0.7894953833469067,0.31720217764354214,1.1807197750527936,0.10827061740257732,,,3.0,1.5811388300841898,686.8,803.9674744664737
Replace,104,0.0,0.0,14.254878846571549,7.279741574896968,62.44085392928275,21.74375246145613,124.81553950514203,43.48782124161562,0.7763232666799394,0.30886449015665,1.1697498637457096,0.2443460787128399,,,3.0,1.5811388300841898,686.8,803.9674744664737
Replace,105,0.0,0.0,14.117396045456369,7.478194251831382,62.9683750063986,22.22949351261247,124.50911936328207,43.789230056150586,0.7751534539001388,0.31118341096669144,1.1815481280192794,0.2427838318773208,,,3.0,1.5811388300841898,686.8,803.9674744664737
Replace,106,0.0,0.0,14.225010452996699,7.034174104558042,63.746355074597105,22.98472136706883,128.25531695305207,47.5894381885151,0.792316761113826,0.31188678748365745,1.1758709739531465,0.20610231424142078,,,3.0,1.5811388300841898,686.8,803.9674744664737
Replace,107,0.0,0.0,14.888184718566185,7.039513204778983,64.08851570747952,23.141247334945394,128.78459867305608,48.0668421469892,0.8012818813373339,0.33535516244684677,1.2016823761868285,0.19894757407184158,,,3.0,1.5811388300841898,686.8,803.9674744664737
Replace,108,0.0,0.0,16.242045217391272,7.588557014016406,64.25984961945026,21.926598587812663,128.7743819369592,44.396957644504056,0.804851180356642,0.32980833576729496,1.2109109833052916,0.1829904773539206,,,3.0,1.5811388300841898,686.8,803.9674744664737
Replace,109,0.0,0.0,16.732876271766667,10.16660304956503,61.99784337983705,20.70814575102215,124.94055373618926,41.38184260486201,0.7825501741158083,0.3164981236454752,1.2463968589749466,0.19613806522766158,,,3.0,1.5811388300841898,686.8,803.9674744664737
Replace,110,0.0,0.0,17.5124840211964,11.27580760572203,62.096960568677176,21.166262645609507,124.90313673357755,42.24395659401741,0.7823195276859567,0.3195340397241013,1.3250796784253538,0.1528218548914289,,,3.0,1.5811388300841898,686.8,803.9674744664737
Replace,111,0.0,0.0,18.07886657130332,12.098022875724375,63.71215642033822,25.04193068767355,127.77097242621406,49.518387498778864,0.7997537086547576,0.36169635044511256,1.3549862816527465,0.2983165575153173,,,3.0,1.5811388300841898,686.8,803.9674744664737
Replace,112,0.0,0.0,17.070764506267835,10.53511141489427,66.71256779787511,27.723738263600076,133.340635471348,55.22442309664772,0.8404969217559163,0.41114400584821026,1.2362970031844678,0.18938970269120378,,,3.0,1.5811388300841898,686.8,803.9674744664737
Replace,113,0.0,0.0,18.050481277482866,11.04520345093564,66.87764394308344,29.12814054447366,134.25305655538813,56.69871524000434,0.8487875146460873,0.42950394886249815,1.2605098246379056,0.24653326084800292,,,3.0,1.5811388300841898,686.8,803.9674744664737
Replace,114,0.0,0.0,18.234118366354913,9.316843780194597,64.36555345801166,25.43073951437341,129.8119129912007,51.62481381562399,0.8167616966631943,0.3886857232089266,1.314278023022225,0.19049347146594606,,,3.0,1.5811388300841898,686.8,803.9674744664737
Replace,115,0.0,0.0,17.999187421748136,9.80879538854727,63.31003126061124,24.27459308345608,126.4003915619021,49.46482337725419,0.79941747283655,0.3854694655509343,1.2535162743588717,0.2800976409704348,,,3.0,1.5811388300841898,686.8,803.9674744664737
Replace,116,0.0,0.0,18.99500570082044,12.11798814734312,62.88299986521815,22.763765780230333,126.04794873107076,45.32338093276168,0.7982530221084996,0.3683793837524284,1.3384960249178,0.2897120006411396,,,3.0,1.5811388300841898,686.8,803.9674744664737
Replace,117,0.0,0.0,18.32023280275368,12.365639813982073,62.12542445532846,22.2269078116592,123.66228470577957,45.06116951704982,0.7776709319411438,0.3505801567216755,1.3710222012428013,0.23122446613676284,,,3.0,1.5811388300841898,686.8,803.9674744664737
Replace,118,0.0,0.0,17.61444570038355,12.617277671780501,60.80685373162246,21.345405317066046,124.35752948083658,44.3124331480404,0.7815362217618147,0.34458716353955543,1.2621477138481865,0.27089458411072403,,,3.0,1.5811388300841898,686.8,803.9674744664737
Replace,119,0.0,0.0,17.986325007663652,11.976421548361316,61.56665087893684,22.548321519645423,122.4268708151279,45.52261292505036,0.775063410056253,0.35565171823946534,1.2577370584501035,0.25714979770367924,,,3.0,1.5811388300841898,686.8,803.9674744664737
Replace,120,0.0,0.0,17.04296778783114,10.843879484560066,62.40434132606738,22.306710777374427,125.53062938927083,44.27920234366788,0.7919473031790549,0.34292253785102145,1.3026880062992174,0.26582129363339707,,,3.0,1.5811388300841898,686.8,803.9674744664737
Replace,121,0.0,0.0,17.282086640840117,9.970668537875284,61.24317919813063,22.19005335127784,119.88657128860498,42.41130876607511,0.753429554165097,0.3198747199711464,1.3663362547612348,0.2074312479182308,,,3.0,1.5811388300841898,686.8,803.9674744664737
Replace,122,0.0,0.0,17.358063904283483,10.418428629293851,59.96607920130551,21.730158764677054,119.20474333883192,42.699716201629826,0.7463627837393174,0.31067297296680263,1.3225981389711727,0.15493323036736686,,,3.0,1.5811388300841898,686.8,803.9674744664737
Replace,123,0.0,0.0,17.744817657707934,10.91141803030698,60.31949464769266,21.716973007317243,121.88271122580663,44.40555463406843,0.7637192095581072,0.32675167301329566,1.2657660012417256,0.24307528138446358,,,3.0,1.5811388300841898,686.8,803.9674744664737
Replace,124,0.0,0.0,17.864122845901385,11.322044364358788,60.93960117668208,21.53838122388763,122.04895328603894,43.06843223720563,0.7637523999736644,0.3175356917640835,1.3097980638375695,0.25573541640609615,,,3.0,1.5811388300841898,686.8,803.9674744664737
Replace,125,0.0,0.0,19.050256561236154,12.590262101631804,62.008103897051775,23.05139062409786,123.27027669258958,45.11699465719314,0.7735117719037016,0.33528603829605713,1.332620684095474,0.2725436065094734,,,3.0,1.5811388300841898,686.8,803.9674744664737
Replace,126,0.0,0.0,19.700333897523684,13.274740072925416,60.665017836859,20.55895544328621,120.05349303830766,40.00296050828921,0.7568228436393467,0.3144236807463738,1.303829155697978,0.20883174259080997,,,3.0,1.5811388300841898,686.8,803.9674744664737
Replace,127,0.0,0.0,20.483127140121432,13.52751309458724,60.95800459870384,19.693032358273275,122.72125732817013,39.709328016623886,0.7756499465999364,0.3244599661508274,1.4072778892095048,0.3658146431851321,,,3.0,1.5811388300841898,686.8,803.9674744664737
Replace,128,0.0,0.0,20.89441383911503,13.631700993348169,59.69331749124664,19.67460097690273,119.2863850732108,40.28990855579239,0.7556949330608134,0.3301338018058638,1.3400948144938958,0.278416886667951,,,3.0,1.5811388300841898,686.8,803.9674744664737
Replace,129,0.0,0.0,19.08723702080992,11.677053302554539,60.22074492134548,19.629233266635527,120.66341048100007,39.34402746748561,0.7668121428080091,0.3296542027566848,1.3980601636388823,0.4029041506634275,,,3.0,1.5811388300841898,686.8,803.9674744664737
Replace,130,0.0,0.0,20.21157806373529,12.737290475345441,57.828896554961055,18.498161846502576,114.87339634816752,36.56589064105178,0.7267906327918677,0.29757824838466423,1.3460658019338891,0.24663882984600363,,,3.0,1.5811388300841898,686.8,803.9674744664737
Replace,131,0.0,0.0,21.29990953195339,14.123475343529485,55.90646307738204,17.352552590603278,111.4098937763661,33.999145958326295,0.6997771181015653,0.27174764146936226,1.384201898501372,0.2716229340298695,,,3.0,1.5811388300841898,686.8,803.9674744664737
Replace,132,0.0,0.0,21.260843131127658,13.690637794315466,56.65575412510551,18.19611164880137,111.7540586350071,35.117682945786235,0.7000119960396918,0.27082146007179136,1.3809059815400855,0.28449191183783,,,3.0,1.5811388300841898,686.8,803.9674744664737
Replace,133,0.0,0.0,20.28276042525642,13.645495068392412,56.01361770734388,16.858081072793954,113.12771395284585,33.61079833548772,0.7156534694677633,0.28533952005413366,1.2957583340576917,0.24426239431203475,,,3.0,1.5811388300841898,686.8,803.9674744664737
Replace,134,0.0,0.0,20.93769307835054,14.910230072636597,54.742235135156946,15.595266913716715,109.12855679635932,30.533886108052645,0.6868956602217496,0.2582888947979161,1.3793443842829565,0.21512882960528926,,,3.0,1.5811388300841898,686.8,803.9674744664737
Replace,135,0.0,0.0,21.305647713037086,15.632189567040477,54.90807661527297,16.197865927148065,109.59315545459859,32.87619888770436,0.6880420561392531,0.2633794623898501,1.3984001307928071,0.21380077403556985,,,3.0,1.5811388300841898,686.8,803.9674744664737
Replace,136,0.0,0.0,21.86294294931059,15.789485816123875,54.25757304327171,15.5636559427562,109.59015247217671,31.924554106078165,0.6841255708242944,0.2459969323893726,1.4170196592945012,0.3115949324594971,,,3.0,1.5811388300841898,686.8,803.9674744664737
Replace,137,0.0,0.0,22.465579109558416,16.771495271202,52.29905076141473,14.751665092187604,104.62326700191707,30.692604272216442,0.6486868683106939,0.22189340782000525,1.4278031127876445,0.3895507475863567,,,3.0,1.5811388300841898,686.8,803.9674744664737
Replace,138,0.0,0.0,23.177663778052327,17.505432026064277,51.601977948420505,13.268150707013136,102.54178450189372,26.380212111033778,0.637685582001575,0.20316655003063858,1.5119918841082252,0.3727570104273253,,,3.0,1.5811388300841898,686.8,803.9674744664737
Replace,139,0.0,0.0,23.890681534819098,17.528556776664274,52.179999638594076,13.155846616089882,103.16785955983394,26.394340804715238,0.638846698685037,0.1941803777166063,1.4634615759456044,0.32399983812769695,,,3.0,1.5811388300841898,686.8,803.9674744664737
Replace,140,0.0,0.0,25.015905914221026,17.882371908783238,50.59439945117916,13.486627834327649,101.2339224837419,26.12015643417296,0.6252166849117041,0.1890755016914402,1.4733381289306309,0.3970935096153108,,,3.0,1.5811388300841898,686.8,803.9674744664737
Replace,141,0.0,0.0,25.67904641376138,17.011411597557522,49.97018519846232,14.483930109092373,98.18764581573559,27.754678266857493,0.6040982980705313,0.18411107415538697,1.475948231038585,0.3547380262509394,,,3.0,1.5811388300841898,686.8,803.9674744664737
Replace,142,0.0,0.0,25.861930931089272,18.133402608757464,50.6870999124783,15.5816420091414,100.77373970666883,31.831531673716928,0.6201091841038594,0.20870132211521633,1.5551747747570985,0.3517155912582123,,,3.0,1.5811388300841898,686.8,803.9674744664737
Replace,143,0.0,0.0,25.056987568456737,17.599152203444405,49.35016757939029,16.235563425012334,98.31067757339122,31.586717247518,0.602153689300263,0.19691597622552098,1.4514007085770473,0.34711486475845854,,,3.0,1.5811388300841898,686.8,803.9674744664737
Replace,144,0.0,0.0,26.407324641540157,19.11836331791147,49.2769538018126,16.38170095942951,97.34540959931024,32.74434154138809,0.5938662502760846,0.19510057928337451,1.5131557140861247,0.41961199046580905,,,3.0,1.5811388300841898,686.8,803.9674744664737
Replace,145,0.0,0.0,26.214342722892894,18.462775758450093,51.12196114989835,16.909073058432444,101.55447955549933,33.66818054663085,0.6205016863805735,0.20175836853293608,1.4248587456770903,0.32771449976125894,,,3.0,1.5811388300841898,686.8,803.9674744664737
Replace,146,0.0,0.0,27.174607861754605,18.349358611250338,53.24164558110251,19.13720332028805,106.27166356779802,39.79587372915729,0.6511041517808249,0.2466997711145447,1.539117896927539,0.40686399423470915,,,3.0,1.5811388300841898,686.8,803.9674744664737
Replace,147,0.0,0.0,25.79396900755474,16.33116663740698,52.869533450832705,18.40962599973542,104.61579220436394,35.33962921678708,0.6420053537192077,0.22274875536578267,1.5389191914738425,0.44842178747630296,,,3.0,1.5811388300841898,686.8,803.9674744664737
Replace,148,0.0,0.0,25.47551223026169,16.505580554999064,52.70416708505113,18.603880341101902,105.91985497017508,37.468387440416954,0.649925884031647,0.23278885782591693,1.5616698954677655,0.4621004355575554,,,3.0,1.5811388300841898,686.8,803.9674744664737
Replace,149,0.0,0.0,25.781903243286706,16.866467355021726,50.87102317856809,17.123780246496185,100.93982323650334,34.83998657790549,0.6247360857224123,0.23259558133286617,1.4361056172738689,0.27800481193829724,,,3.0,1.5811388300841898,686.8,803.9674744664737
Replace,150,0.0,0.0,25.104291679147842,18.241294519087287,51.21700256281647,17.337763841666835,102.63276850259585,34.31522942637873,0.6340597262177612,0.22505135088186046,1.4421025769664062,0.41718857995287806,,,3.0,1.5811388300841898,686.8,803.9674744664737
Replace,151,0.0,0.0,24.559656043156046,18.75554269228976,51.7314625226016,17.293372530178402,103.53721300030645,35.72453359277235,0.6367885911151718,0.2257304711904415,1.56082609958514,0.45862993884523556,,,3.0,1.5811388300841898,686.8,803.9674744664737
Replace,152,0.0,0.0,24.972428904761838,21.981958631630157,51.67735351763879,15.578125489533074,102.53494889666904,32.154052518852644,0.6323703664048962,0.21107831008672498,1.4480797193853567,0.44613172205580054,,,3.0,1.5811388300841898,686.8,803.9674744664737
Replace,153,0.0,0.0,24.253942651286113,22.797066174407217,51.20823920079023,14.881688317198467,101.2764557077575,29.40966628009292,0.6230977906445698,0.19156981621046143,1.4319030226570737,0.3874107490644492,,,3.0,1.5811388300841898,686.8,803.9674744664737
Replace,154,0.0,0.0,24.70569490499853,25.40192471822785,51.96431976499118,13.832408005922593,104.14264088327127,27.6649125489798,0.6479667034640405,0.208851473488488,1.506088398382715,0.59389769990791,,,3.0,1.5811388300841898,686.8,803.9674744664737
Replace,155,0.0,0.0,24.063744100359298,25.7226473376898,51.96085792271269,16.008304511015144,102.80389459833586,31.477423924414843,0.6379010002328271,0.21983152614593557,1.4667063592315528,0.4517703668718074,,,3.0,1.5811388300841898,686.8,803.9674744664737
Replace,156,0.0,0.0,24.465011228356136,27.720123912841554,50.98048809180134,12.821222353538703,102.59670054210706,25.404174502686494,0.6361488350444306,0.18986914245001066,1.3563377913887034,0.45864775979375744,,,3.0,1.5811388300841898,686.8,803.9674744664737
Replace,157,0.0,0.0,25.896432127470536,30.959633752724177,50.94181034578197,11.913944492232922,100.5177367323503,23.034469751444263,0.6236458610692928,0.17942480536841218,1.4293289476843554,0.5930452282079819,,,3.0,1.5811388300841898,686.8,803.9674744664737
Replace,158,0.0,0.0,25.969098146995567,31.03988587207449,49.426689253938584,9.977052757525954,98.36569782005431,20.00802124545683,0.6090923788239622,0.16055057631340838,1.398610695231008,0.46291336737737443,,,3.0,1.5811388300841898,686.8,803.9674744664737
Replace,159,0.0,0.0,26.14148837335457,30.91355779161208,48.00484115294596,10.733420541280882,96.10268974384549,21.46161322879912,0.5918064731689758,0.15377628875546995,1.4106405668910456,0.6327457818753861,,,3.0,1.5811388300841898,686.8,803.9674744664737
Replace,160,0.0,0.0,27.01609065778216,32.382703297763086,48.3704562354498,11.731374366055766,96.28585598283544,23.91431659455181,0.5882114456763102,0.14303959352690973,1.4280096199594623,0.5125350369897291,,,3.0,1.5811388300841898,686.8,803.9674744664737
Replace,161,0.0,0.0,27.091341253385128,31.470383344633163,48.689895537945304,14.695976560986114,96.85872139405603,29.844716827323733,0.5866161486132262,0.15298931219553885,1.4196459199268812,0.4593934636402865,,,3.0,1.5811388300841898,686.8,803.9674744664737
Replace,162,0.0,0.0,27.554478443651682,31.90835047286344,49.18670122011439,12.789874338809215,97.71892864744053,25.25654506120349,0.5962244375310826,0.14755348037773788,1.48365764025893,0.6529379988247561,,,3.0,1.5811388300841898,686.8,803.9674744664737
Replace,163,0.0,0.0,28.120100438536902,33.281523533519916,49.22180527323495,12.557055089654922,97.72055635084794,24.820255578221303,0.5947693890668369,0.13678241875272104,1.4931890702776087,0.6632325451598751,,,3.0,1.5811388300841898,686.8,803.9674744664737
Replace,164,0.0,0.0,28.25152250163101,33.36846200807464,49.463375119124045,13.740954538921992,99.62688285953418,27.6577768546086,0.607105615384354,0.15755435256508435,1.5209891342173711,0.5493305543461647,,,3.0,1.5811388300841898,686.8,803.9674744664737
Replace,165,0.0,0.0,28.662750505858888,35.326021050167874,50.67686952120239,13.364482553462496,101.20536347815026,26.1748068950784,0.6224155267778031,0.1787177623050243,1.5470274626159692,0.7858162095201389,,,3.0,1.5811388300841898,686.8,803.9674744664737
Replace,166,0.0,0.0,28.97563164501249,35.29321014111334,50.77497095287967,14.25750153441657,101.93297401866847,28.346104354642716,0.6246450576843846,0.17802220558518003,1.553948825791476,0.7434816518389413,,,3.0,1.5811388300841898,686.8,803.9674744664737
Replace,167,0.0,0.0,28.6214230198319,37.39822609663108,51.60189949944875,16.701795055309685,102.49829978585481,34.041381803958004,0.6236106371810853,0.1901205436000269,1.409420969759277,0.5869709094912366,,,3.0,1.5811388300841898,686.8,803.9674744664737
Replace,168,0.0,0.0,29.786202711630057,39.75479573552419,52.432039393195,16.79691455660434,104.90841152653896,33.884878634802256,0.6368910382596151,0.18413897383993552,1.4791637865040708,0.789985477103295,,,3.0,1.5811388300841898,686.8,803.9674744664737
Replace,169,0.0,0.0,29.76580436289122,38.625977167384825,52.365883704712815,16.369111972203967,105.63244793768372,33.360936400023355,0.6412522842429064,0.1801677093530645,1.5053357342226237,0.6696630525292415,,,3.0,1.5811388300841898,686.8,803.9674744664737
Replace,170,0.0,0.0,31.556573217266667,40.603032374521284,50.72626820343588,15.607872194107017,100.9551143773471,32.03206319302552,0.610409766408347,0.16318383144249812,1.4352581243946454,0.5856969871418963,,,3.0,1.5811388300841898,686.8,803.9674744664737
Replace,171,0.0,0.0,30.709014354377803,38.80636550035273,52.31975487842426,16.88221016530602,105.32425530304258,32.714153915621154,0.641276690529782,0.18254167623541837,1.516688946498855,0.766671926398808,,,3.0,1.5811388300841898,686.8,803.9674744664737
Replace,172,0.0,0.0,30.51659984542934,37.08447931606835,53.77342095766551,18.997626249096292,106.21787469972537,38.366640171636085,0.6443992803297646,0.2123778884508991,1.534499227145751,0.6300694278430414,,,3.0,1.5811388300841898,686.8,803.9674744664737
Replace,173,0.0,0.0,31.239579493572943,37.6448657351368,53.38983945556522,20.261878237838864,104.97135721921681,38.36898767327144,0.6427232594776916,0.2291414543344921,1.663472375906188,0.9518389283506855,,,3.0,1.5811388300841898,686.8,803.9674744664737
Replace,174,0.0,0.0,30.714589906878267,34.11010802477116,52.38268414899274,18.065192512796724,105.73302369038265,36.92633025681777,0.6450215236851851,0.21157404579834949,1.5633679038919017,0.6139008523003465,,,3.0,1.5811388300841898,686.8,803.9674744664737
Replace,175,0.0,0.0,31.931773909915876,36.822371316000684,51.24090270745644,17.456657612749368,103.38856824292172,36.57073098230919,0.6276643598243048,0.19786480009935256,1.5316975314845511,0.4911449370698013,,,3.0,1.5811388300841898,686.8,803.9674744664737
Replace,176,0.0,0.0,32.82666499241672,37.25733822378961,53.52917286736024,18.941885439295298,107.27387054812395,38.528150061023894,0.6500181873754041,0.20450279090173806,1.6587508937804383,0.7187311613120773,,,3.0,1.5811388300841898,686.8,803.9674744664737
Replace,177,0.0,0.0,31.413729219796487,35.489511887202056,53.50324826564056,18.290013972544642,105.70410288515964,35.01923090430026,0.6405116892834523,0.18035211445767316,1.4972717403691416,0.47640153802742613,,,3.0,1.5811388300841898,686.8,803.9674744664737
Replace,178,0.0,0.0,30.924307629715436,34.522816260983625,53.23111323250468,19.13450271154391,107.48678757564667,38.78944421074046,0.6447710904774576,0.18036529403435977,1.5904643471770936,0.5341254927025735,,,3.0,1.5811388300841898,686.8,803.9674744664737
Replace,179,0.0,0.0,32.86933771934336,34.774727814965885,54.12602064037751,18.817707357715836,108.51901112823484,38.2633712968071,0.654712880664789,0.19418220595863958,1.6716914471062023,0.5716037401736127,,,3.0,1.5811388300841898,686.8,803.9674744664737
Replace,180,0.0,0.0,33.8907829441908,36.255039527994974,52.957162888247126,18.452593416721275,105.10988067141857,36.274849669044166,0.6328665749137068,0.17931366855218137,1.5711844674019417,0.6335572826111393,,,3.0,1.5811388300841898,686.8,803.9674744664737
Replace,181,0.0,0.0,33.460754537228645,34.80824443918123,54.01662106534026,19.768349272981528,106.90209243918154,38.488753004042216,0.6461064126537917,0.20433922325210013,1.6600390317488554,0.622936853116246,,,3.0,1.5811388300841898,686.8,803.9674744664737
Replace,182,0.0,0.0,35.20099090700107,36.272875564560934,54.22031383830424,21.413062578087956,107.73994024988592,42.47151925909188,0.6503872661741278,0.23093144526418918,1.6540264792414312,0.5035535090333648,,,3.0,1.5811388300841898,686.8,803.9674744664737
Replace,183,0.0,0.0,35.5525140394169,37.75880716702817,53.58936455226674,20.720842099945095,107.16001683417876,41.86681272975559,0.6520810519486725,0.24245471138190056,1.5540097474275814,0.36311888525916614,,,3.0,1.5811388300841898,686.8,803.9674744664737
Replace,184,0.0,0.0,35.307391950070595,38.407223581102905,53.73085507583987,18.299766634727963,106.64631820790328,37.25804346554984,0.649830769189599,0.21755479036241668,1.7787397524579542,0.7771294288330858,,,3.0,1.5811388300841898,686.8,803.9674744664737
Replace,185,0.0,0.0,34.87756373281758,37.89076774652706,55.80871043689767,19.27735456014041,112.08041505011604,40.20485989766851,0.6817899870670454,0.23012319736577588,1.5882713716390564,0.6798387645578093,,,3.0,1.5811388300841898,686.8,803.9674744664737
Replace,186,0.0,0.0,36.21202887424836,39.375927394748686,58.26318489557226,22.654874334809268,115.95268673530036,43.207728999960345,0.701718050918994,0.23282968524817424,1.6554009128861975,0.8012644899659309,,,3.0,1.5811388300841898,686.8,803.9674744664737
Replace,187,0.0,0.0,36.69982145348365,39.78889172215827,59.73257152946377,26.189877325252418,120.43719072947863,51.46615119169137,0.7192913465097714,0.25520264507737284,1.6312435825303275,0.5690565726175517,,,3.0,1.5811388300841898,686.8,803.9674744664737
Replace,188,0.0,0.0,37.707842405019136,40.95501010050809,60.073166854641315,25.722800192589087,119.67201569891476,51.35059587937118,0.7154522023729962,0.26003756253728255,1.632062849971872,0.6464014352526293,,,3.0,1.5811388300841898,686.8,803.9674744664737
Replace,189,0.0,0.0,36.70852037089452,39.487933286988735,60.712161918393505,25.813353923962683,120.57138575106653,50.009724325858905,0.7123448351853192,0.21102965497416054,1.6416709860419563,0.5920023153512726,,,3.0,1.5811388300841898,686.8,803.9674744664737
Replace,190,0.0,0.0,38.876996676864465,42.28666519686467,61.99123766365743,27.358142041305136,124.35128199400549,55.698240414062326,0.7278861376005177,0.2199253907311183,1.7091749565149903,0.6496157313356296,,,3.0,1.5811388300841898,686.8,803.9674744664737
Replace,191,0.0,0.0,37.09614167425076,42.14256164560553,60.85776515366721,26.540507467196793,121.03007319386006,54.905403031548275,0.7115555699563649,0.22817460858707606,1.6833298387707423,0.722819716649726,,,3.0,1.5811388300841898,686.8,803.9674744664737
Replace,192,0.0,0.0,36.674482265320776,40.96244144001502,59.400466153524896,24.178831574745296,119.77298784386225,48.33348271935726,0.7115979573912078,0.2176295961345428,1.6869902527877882,0.6919296612401257,,,3.0,1.5811388300841898,686.8,803.9674744664737
Replace,193,0.0,0.0,35.98546985052779,37.014345998734996,59.82139790893971,23.943737456202935,120.05482117269676,48.9367033859353,0.7130037911582019,0.2147634235373565,1.5821515287555927,0.492413623509395,,,3.0,1.5811388300841898,686.8,803.9674744664737
Replace,194,0.0,0.0,35.797488571850195,37.39197691936471,61.05452718591637,25.132969747299562,123.310380631307,51.773580037694195,0.7308472275143063,0.23150874585432452,1.6593114781048832,0.5691881099181625,,,3.0,1.5811388300841898,686.8,803.9674744664737
Replace,195,0.0,0.0,35.92432377052075,36.06092571248382,60.12742826893102,23.590084488011012,119.99847436595994,46.51369606583834,0.7132716813327882,0.2016770208718172,1.6803432788760553,0.5269430185215805,,,3.0,1.5811388300841898,686.8,803.9674744664737
Replace,196,0.0,0.0,35.01564676055038,35.25894248326557,59.087191155459436,24.43001038176187,117.83995445696458,49.13296735736413,0.7012213306741438,0.22797841835558766,1.7172923974346155,0.6621944040373603,,,3.0,1.5811388300841898,686.8,803.9674744664737
Replace,197,0.0,0.0,33.47996044282342,32.55301921042926,59.1493828213371,23.31731294972367,117.33056516552793,46.77362635143271,0.6983663857475048,0.21471962089710214,1.5752524864000776,0.539253453596095,,,3.0,1.5811388300841898,686.8,803.9674744664737
Replace,198,0.0,0.0,34.83256298399876,32.964547837373736,60.758745603268764,26.424128060971533,121.23187503302677,51.47415297949951,0.7187500279810332,0.23612966436782198,1.6877244832024545,0.585561986442262,,,3.0,1.5811388300841898,686.8,803.9674744664737
Replace,199,0.0,0.0,35.67799801106056,34.69524400787075,58.021565955051265,23.37030070580619,115.73784927452975,46.26494410249971,0.6849838058588393,0.18823173630857637,1.6259297158455073,0.5299409619387485,,,3.0,1.5811388300841898,686.8,803.9674744664737
Replace,200,0.0,0.0,35.42274000823424,34.19816289629526,56.52033355982388,21.048598446138534,112.77066726479651,42.57500041405572,0.669190854585678,0.17557980041508925,1.7318174288671002,0.6452769596356958,,,3.0,1.5811388300841898,686.8,803.9674744664737
Replace + Select,0,1.0,0.0,0.0,0.0,84.12649828456804,20.561120228712866,168.01520149388327,41.02151859514663,1.0013692636261096,0.010431767276367344,0.07902406114034459,0.009928587706021706,,,3.0,1.5811388300841898,686.8,803.9674744664737
Replace + Select,1,1.0,0.0,2.9423424909414413,2.050774175347615,52.278632096438585,17.317630394962954,104.32509624824073,35.363908131399164,0.6273247403711651,0.17379422630538197,0.6694143744207374,0.19676134561810768,,,3.0,1.5811388300841898,686.8,803.9674744664737
Replace + Select,2,1.0,0.0,6.062623312980596,4.114693323825572,27.722674168053953,13.63595115766249,56.0453073629939,27.919494596793452,0.3452541158008735,0.19134429086110574,1.1861508566760037,0.37419576894569073,,,3.0,1.5811388300841898,686.8,803.9674744664737
Replace + Select,3,1.0,0.0,8.182197099087002,5.898002597381534,14.57926180343058,9.219018080113946,28.897576245520394,18.31929991943743,0.17996923974943282,0.12912070106126902,1.537587156652005,0.41315507316354044,,,3.0,1.5811388300841898,686.8,803.9674744664737
Replace + Select,4,1.0,0.0,9.844850808844777,7.0888427999129,7.465898842884577,5.442040692054041,14.85265849979603,10.865239416781023,0.09306641053395216,0.0769230427132978,1.8060988187635854,0.4442554283727279,,,3.0,1.5811388300841898,686.8,803.9674744664737
Replace + Select,5,1.0,0.0,10.486924923370257,7.844793618598323,3.8776188249974872,3.124407906230808,7.779734199428648,6.27476558349352,0.04909515429071131,0.044756333096470084,1.9835848168565569,0.3819985962086173,,,3.0,1.5811388300841898,686.8,803.9674744664737
Replace + Select,6,1.0,0.0,11.054326978293437,8.246124869889005,2.1097850333465122,1.7881841795390265,4.198080736632917,3.5554427193511926,0.026639199271606982,0.02546815398849641,2.0608022066732095,0.4069405670183895,,,3.0,1.5811388300841898,686.8,803.9674744664737
Replace + Select,7,1.0,0.0,11.358026218421472,8.487849461538968,1.1706732405962723,1.028591295751292,2.3450106125379913,2.04807701130434,0.014900820233359768,0.014663063020521934,2.1313337359710864,0.3275781709341408,,,3.0,1.5811388300841898,686.8,803.9674744664737
Replace + Select,8,1.0,0.0,11.54906147132034,8.643197624100189,0.640887493854061,0.5692414325358919,1.2723461287757856,1.127533839291784,0.00811759925780212,0.008102690549027573,2.23803388245643,0.3497074268836551,,,3.0,1.5811388300841898,686.8,803.9674744664737
Replace + Select,9,1.0,0.0,11.630251866082602,8.753498549618024,0.36211449106973925,0.33775034526225656,0.7282990754715952,0.6752712710582105,0.004658968468409552,0.004859410321721571,2.2696764331393937,0.3456859060751685,,,3.0,1.5811388300841898,686.8,803.9674744664737
Replace + Select,10,1.0,0.0,11.699776200561807,8.814619301994087,0.2098314013198351,0.20658254664998402,0.4204428727980762,0.4155101986036618,0.0027054720056403784,0.002998520608162374,2.308242427640974,0.3597346335074469,,,3.0,1.5811388300841898,686.8,803.9674744664737
Replace + Select,11,1.0,0.0,11.769634296093356,8.850830241372043,0.13922503797431446,0.15545109174591026,0.2787944108330146,0.30945668261900405,0.0018083241852430143,0.0022347291058672516,2.3480229546587714,0.3726118579231642,,,3.0,1.5811388300841898,686.8,803.9674744664737
Replace + Select,12,1.0,0.0,11.789976417174739,8.847230671331356,0.09493443473041221,0.11317666084280587,0.1894742758251699,0.2265976568337316,0.0012453857524755865,0.0016387744117274331,2.3619471360254876,0.3463058537344524,,,3.0,1.5811388300841898,686.8,803.9674744664737
Replace + Select,13,1.0,0.0,11.825202338342102,8.86418117002772,0.06852404292162109,0.08617182980213046,0.1364137590587985,0.17058518447465496,0.0008993512302857079,0.0012322887320503585,2.3567021778908908,0.3664213218435232,,,3.0,1.5811388300841898,686.8,803.9674744664737
Replace + Select,14,1.0,0.0,11.843179109155633,8.860462166650283,0.05544525161445228,0.07310523044242942,0.1121208338328572,0.1489148850232535,0.0007469129737472742,0.00107497229899263,2.363059539116106,0.34915145608032505,,,3.0,1.5811388300841898,686.8,803.9674744664737
Replace + Select,15,1.0,0.0,11.827379038002588,8.880531047264144,0.04547228159284599,0.06244484916372381,0.09151141440337968,0.12620457693158268,0.0006138296561889632,0.0009101812504266239,2.3457298913903832,0.30939544582544476,,,3.0,1.5811388300841898,686.8,803.9674744664737
Replace + Select,16,1.0,0.0,11.842742398525113,8.88901371811173,0.03983765092970944,0.05673972880528206,0.07975134061588518,0.11339776643303805,0.0005369856927131011,0.0008170042103089669,2.4188259573683077,0.36671120524752304,,,3.0,1.5811388300841898,686.8,803.9674744664737
Replace + Select,17,1.0,0.0,11.865659637757771,8.889747054504486,0.034275731238907245,0.05014791586689799,0.06850624331998498,0.09972170382836087,0.00046249130866191177,0.0007178576336633737,2.386198331886951,0.31592640623488455,,,3.0,1.5811388300841898,686.8,803.9674744664737
Replace + Select,18,1.0,0.0,11.873054086170335,8.896367928732262,0.030390905572104176,0.04519597296549638,0.061065260375608166,0.09095973636511041,0.00041387263586661823,0.0006541753692459644,2.379554369225631,0.375072763219404,,,3.0,1.5811388300841898,686.8,803.9674744664737
Replace + Select,19,1.0,0.0,11.879822123287635,8.902812421224235,0.02714457242484915,0.04048876248693282,0.05454358051175319,0.08126331770138925,0.00036948618506403363,0.0005843785572305077,2.381277063570004,0.33731469271691633,,,3.0,1.5811388300841898,686.8,803.9674744664737
Replace + Select,20,1.0,0.0,11.895661212582398,8.897447597517736,0.023678521343627967,0.03536495210066058,0.048158381915963895,0.07235371109864219,0.00032628191387009043,0.0005201683151136084,2.417817813500876,0.36005080366281395,,,3.0,1.5811388300841898,686.8,803.9674744664737
Replace + Select,21,1.0,0.0,11.898781674988683,8.89976040857945,0.02155131474058542,0.032103040843291124,0.043766402893923986,0.06562109334241134,0.0002962400579591417,0.0004717837781684108,2.3322678843237887,0.2932688203593702,,,3.0,1.5811388300841898,686.8,803.9674744664737
Replace + Select,22,1.0,0.0,11.907356813654848,8.899711255560867,0.019958034937844295,0.030482226738867073,0.04071393221830622,0.06272979756618495,0.00027696944717919435,0.00045053857089291964,2.4318041882030585,0.32001215266748656,,,3.0,1.5811388300841898,686.8,803.9674744664737
Replace + Select,23,1.0,0.0,11.917187897295396,8.90644652285137,0.019171344704417774,0.03025391497774743,0.038466853929865964,0.06112517767744189,0.00026266055270693004,0.0004384907278454508,2.362840293962751,0.2663452134484407,,,3.0,1.5811388300841898,686.8,803.9674744664737
Replace + Select,24,1.0,0.0,11.923530369743066,8.911938049852184,0.01796970421560528,0.028498960669864536,0.03550706369817031,0.05612254007759827,0.00024152637533253092,0.00040280203576923643,2.3909937184769117,0.3719008668392387,,,3.0,1.5811388300841898,686.8,803.9674744664737
Replace + Select,25,1.0,0.0,11.949770900959132,8.90784239821533,0.016268864938437093,0.02571395437881446,0.032375623131194284,0.05112847589493902,0.0002202727584793636,0.0003669704164351826,2.3935107663431494,0.2961628185005112,,,3.0,1.5811388300841898,686.8,803.9674744664737
Replace + Select,26,1.0,0.0,11.956124978307836,8.918893914383386,0.015778316761729545,0.02503096024256821,0.03173343529703132,0.050386887725142666,0.0002161223140075396,0.00036154905626539536,2.383981547893517,0.3665358826160891,,,3.0,1.5811388300841898,686.8,803.9674744664737
Replace + Select,27,1.0,0.0,11.952904794677794,8.922029999463355,0.014362965769543778,0.022575229480935644,0.028732982987140138,0.04519194411461961,0.00019529167868263575,0.00032443867941061997,2.3998989488406663,0.3600871287884629,,,3.0,1.5811388300841898,686.8,803.9674744664737
Replace + Select,28,1.0,0.0,11.962067719498489,8.927305210378941,0.014032652713213582,0.022242705267000933,0.02804473250377192,0.04444869082536997,0.000190592672901045,0.0003190368185825282,2.387919787884641,0.29504556336110865,,,3.0,1.5811388300841898,686.8,803.9674744664737
Replace + Select,29,1.0,0.0,11.964095702320256,8.935501910259681,0.01289691133820626,0.020192679770714577,0.02621923129467075,0.04123119414770205,0.00017823242665973102,0.00029600424212474516,2.3374423498639283,0.29552932699249435,,,3.0,1.5811388300841898,686.8,803.9674744664737
Replace + Select,30,1.0,0.0,11.960283327934116,8.942902073190812,0.012383225460313445,0.01947411560020117,0.024936146112107472,0.039489724702410134,0.00016972411511629004,0.0002834035026920947,2.45014312339971,0.30494111810652336,,,3.0,1.5811388300841898,686.8,803.9674744664737
Replace + Select,31,1.0,0.0,11.972082478559335,8.94588062443967,0.011822776571641977,0.01845266629251648,0.023999250291623357,0.0377120686037595,0.0001629187610552694,0.00027077322092307435,2.412483973600179,0.36126166381759156,,,3.0,1.5811388300841898,686.8,803.9674744664737
Replace + Select,32,1.0,0.0,11.977298537566929,8.946756895662235,0.011259608444773254,0.01769264338972234,0.022562752721580568,0.03538643092185639,0.0001530574285058353,0.0002540888606796681,2.3632325242201375,0.3602495366451768,,,3.0,1.5811388300841898,686.8,803.9674744664737
Replace + Select,33,1.0,0.0,11.983517637692604,8.953284228421333,0.010263300008009454,0.015737574394761762,0.02057069985909674,0.03159595275565264,0.0001394861374407746,0.0002270219801170589,2.417002501917046,0.34980961997223375,,,3.0,1.5811388300841898,686.8,803.9674744664737
Replace + Select,34,1.0,0.0,11.993858049518353,8.958030024625204,0.009788949415889115,0.015004161209738631,0.01951630911719351,0.02989674927315451,0.00013260869205339887,0.00021479979821048165,2.3896789936339204,0.34000595855338794,,,3.0,1.5811388300841898,686.8,803.9674744664737
Replace + Select,35,1.0,0.0,12.007111165942796,8.95624384910509,0.00929733177257075,0.014258128154521736,0.01864673054346291,0.02864685041867733,0.000126502148496535,0.00020581738126008295,2.3920325371552407,0.3362051806067417,,,3.0,1.5811388300841898,686.8,803.9674744664737
Replace + Select,36,1.0,0.0,12.016668325557053,8.961509740309248,0.00925260100994707,0.014472743542724152,0.01835295777565746,0.02882681330712821,0.00012476524059319453,0.00020694915264218099,2.4187728107085205,0.27507793489608817,,,3.0,1.5811388300841898,686.8,803.9674744664737
Replace + Select,37,1.0,0.0,12.029515669367784,8.966586756951124,0.008642320602321934,0.013274621279483246,0.017139706545743583,0.026305616129944198,0.00011613224017241897,0.00018903892790793345,2.3903388151831586,0.3575536803476811,,,3.0,1.5811388300841898,686.8,803.9674744664737
Replace + Select,38,1.0,0.0,12.035916470732786,8.96711617880432,0.00815995131668305,0.012437531770691393,0.01623135362924289,0.024778964665148194,0.0001102856042497557,0.00017805327457579608,2.3892963149511486,0.3035086159528584,,,3.0,1.5811388300841898,686.8,803.9674744664737
Replace + Select,39,1.0,0.0,12.041309020846695,8.973700828182771,0.007797940136141745,0.011833710650548123,0.015512603712864437,0.023550353582800238,0.00010516516989917445,0.00016927628939885625,2.3893106017548007,0.3263550860834238,,,3.0,1.5811388300841898,686.8,803.9674744664737
Replace + Select,40,1.0,0.0,12.05202364317157,8.98004020190317,0.007315442636208076,0.011175489114020519,0.014773066065366224,0.022705180844750757,0.00010042023914210811,0.00016311524751471643,2.403522384775826,0.37851949673433694,,,3.0,1.5811388300841898,686.8,803.9674744664737
Replace + Select,41,1.0,0.0,12.05576051929282,8.983600017961509,0.0071084849876248985,0.010769514512649021,0.014363244117427879,0.021796877328554294,9.750108849395644e-05,0.00015666452990805007,2.406388394051709,0.3548862714917808,,,3.0,1.5811388300841898,686.8,803.9674744664737
Replace + Select,42,1.0,0.0,12.066404666023017,8.989514678917788,0.006779195409769642,0.01012869927136403,0.013492977094770976,0.020151094699601926,9.161707517294277e-05,0.00014490873661956874,2.4147451313789836,0.37697226102853093,,,3.0,1.5811388300841898,686.8,803.9674744664737
Replace + Select,43,1.0,0.0,12.077924046049931,8.990166335445906,0.006360977671419332,0.009434811236783264,0.012881089057507058,0.019204409912482828,8.73590677092046e-05,0.00013811937153255052,2.3986251896629116,0.3073203333090575,,,3.0,1.5811388300841898,686.8,803.9674744664737
Replace + Select,44,1.0,0.0,12.08858162286397,8.996235568613958,0.006040213930115957,0.008801146092875899,0.012149389636246672,0.017748934696863377,8.235884081121851e-05,0.0001277434779801972,2.405927383968104,0.3207267095410697,,,3.0,1.5811388300841898,686.8,803.9674744664737
Replace + Select,45,1.0,0.0,12.097690101095782,9.002356765692424,0.006138207329264286,0.009162357316398124,0.01225566708320319,0.018210608715270502,8.319315589493047e-05,0.00013097976330442572,2.402334043316025,0.3352559827517375,,,3.0,1.5811388300841898,686.8,803.9674744664737
Replace + Select,46,1.0,0.0,12.109307451896923,9.006627647268274,0.005819315881893997,0.008717211470598054,0.011620539473246493,0.017382368314277665,7.905549790084907e-05,0.00012497709798445984,2.3997436513589614,0.40205045856117616,,,3.0,1.5811388300841898,686.8,803.9674744664737
Replace + Select,47,1.0,0.0,12.115903999451254,9.008684683733327,0.005948990000884007,0.009089008512958638,0.011838231231805055,0.018136425846757977,8.072090463062147e-05,0.0001302720566358246,2.4167434497205766,0.4031437392198413,,,3.0,1.5811388300841898,686.8,803.9674744664737
Replace + Select,48,1.0,0.0,12.1272062065788,9.014392995265027,0.005648580199453597,0.008556791296882218,0.011212222791223218,0.016858054951866,7.638352807161529e-05,0.00012117284527558481,2.3625255351578205,0.38713741661735906,,,3.0,1.5811388300841898,686.8,803.9674744664737
Replace + Select,49,1.0,0.0,12.136818790340012,9.019503970395348,0.005363666750523244,0.008109916188961194,0.010667215159257771,0.0160806707519987,7.267157903433554e-05,0.00011557534168226881,2.378722664293617,0.3680745494239331,,,3.0,1.5811388300841898,686.8,803.9674744664737
Replace + Select,50,1.0,0.0,12.144642856690677,9.02074913429335,0.005150186041331838,0.007777576987657657,0.01033677611532883,0.015655341424018546,7.054444360276058e-05,0.0001124869406528648,2.4095728316316505,0.32624419859561643,,,3.0,1.5811388300841898,686.8,803.9674744664737
Replace + Select,51,1.0,0.0,12.150339077442908,9.02879194606754,0.005139543576817893,0.007797443179162838,0.010354782751839268,0.015861429483524033,7.069104818863218e-05,0.00011392076737599343,2.3983554133184604,0.35145193579071476,,,3.0,1.5811388300841898,686.8,803.9674744664737
Replace + Select,52,1.0,0.0,12.159965059768858,9.03557526710026,0.004992390365505998,0.007604940381377639,0.010014217004039717,0.015296591007890919,6.826082816755951e-05,0.0001098847233424174,2.413572809606902,0.3597537103878439,,,3.0,1.5811388300841898,686.8,803.9674744664737
Replace + Select,53,1.0,0.0,12.169842894635641,9.043142251632691,0.004864553363513402,0.007477389982873268,0.009818149047489696,0.015101249349162994,6.692436098664147e-05,0.00010845840218657266,2.4016306252614394,0.351186290167008,,,3.0,1.5811388300841898,686.8,803.9674744664737
Replace + Select,54,1.0,0.0,12.177962045361266,9.04707324555314,0.004658560873913598,0.007084375065081245,0.009354417544178439,0.014258197712890067,6.369606189548423e-05,0.00010244368143958746,2.416940129651514,0.431000556709865,,,3.0,1.5811388300841898,686.8,803.9674744664737
Replace + Select,55,1.0,0.0,12.187319779958855,9.047509483441285,0.0046516759329842524,0.007168977000278791,0.009251930407026081,0.014319407106702516,6.302148635921013e-05,0.00010283081450864363,2.3960984171828787,0.3442205801601242,,,3.0,1.5811388300841898,686.8,803.9674744664737
Replace + Select,56,1.0,0.0,12.198622098769901,9.04993675316473,0.004483440789967185,0.0068428033453825695,0.009061483022528818,0.013913325460364202,6.164834246781954e-05,9.994952733099505e-05,2.412648518284994,0.3757654622498832,,,3.0,1.5811388300841898,686.8,803.9674744664737
Replace + Select,57,1.0,0.0,12.206012047620657,9.054983439330218,0.004462168321405736,0.006836790066840119,0.008940376741429593,0.013690433364354165,6.075503835552916e-05,9.83657454016507e-05,2.4827651113598117,0.34178420989429303,,,3.0,1.5811388300841898,686.8,803.9674744664737
Replace + Select,58,1.0,0.0,12.212600637200874,9.058715913359054,0.004257357925342773,0.006425377706919776,0.008507528026622631,0.012841287230134009,5.782590098505764e-05,9.2303847086262e-05,2.4076309257786566,0.3198846944706726,,,3.0,1.5811388300841898,686.8,803.9674744664737
Replace + Select,59,1.0,0.0,12.222606976484078,9.062423678471378,0.003979068651373445,0.005915243169774976,0.008012111997893534,0.011922506651401845,5.423720579756026e-05,8.576232282089767e-05,2.3944873394916146,0.3571717874224684,,,3.0,1.5811388300841898,686.8,803.9674744664737
Replace + Select,60,1.0,0.0,12.229078279393933,9.064264007837759,0.003943483018307347,0.005869565139777641,0.007896459153914067,0.011770898940018747,5.3532585032263846e-05,8.466225091998886e-05,2.413547393011813,0.3046120133058821,,,3.0,1.5811388300841898,686.8,803.9674744664737
Replace + Select,61,1.0,0.0,12.241080704120233,9.067093027029635,0.0038583832091434395,0.005728612020556193,0.007741421869836408,0.011556080642770802,5.257352086371938e-05,8.310398390629724e-05,2.4022763933569244,0.34506761656896223,,,3.0,1.5811388300841898,686.8,803.9674744664737
Replace + Select,62,1.0,0.0,12.250060693292944,9.073052674827085,0.003691496139896397,0.005465858817889214,0.0074222330294234,0.010998709439212636,5.0285811450298384e-05,7.912679624570217e-05,2.3468585631310765,0.3046735443927644,,,3.0,1.5811388300841898,686.8,803.9674744664737
Replace + Select,63,1.0,0.0,12.256274410810013,9.07652857383345,0.0036111550977793996,0.005340566375973835,0.007219143669182558,0.010673978731220545,4.892385345796601e-05,7.679503671850809e-05,2.402623511862535,0.33958543711165595,,,3.0,1.5811388300841898,686.8,803.9674744664737
Replace + Select,64,1.0,0.0,12.263197006773979,9.084531730224148,0.0035529537207889587,0.005307100647047553,0.0069999729216791845,0.010436586110979945,4.746438532841279e-05,7.506452133541452e-05,2.3161750759417106,0.28531964134802457,,,3.0,1.5811388300841898,686.8,803.9674744664737
Replace + Select,65,1.0,0.0,12.273267467125134,9.089962696303488,0.0034447865415201786,0.0051369246442208565,0.006936970954277024,0.010312118941249218,4.70370381124463e-05,7.41753145926484e-05,2.4176268118489856,0.373448268676272,,,3.0,1.5811388300841898,686.8,803.9674744664737
Replace + Select,66,1.0,0.0,12.278506318857797,9.097195256719507,0.003371081813541689,0.005009691778158687,0.006715367768998425,0.009937086459613305,4.549067891003439e-05,7.149206773624627e-05,2.4148689108230412,0.36974169856625555,,,3.0,1.5811388300841898,686.8,803.9674744664737
Replace + Select,67,1.0,0.0,12.287206062629147,9.100059283127639,0.0033871905055618545,0.005071797152780974,0.006838357468971557,0.010341094582137852,4.650965984314661e-05,7.432783961019163e-05,2.4575227339617967,0.3916120174487734,,,3.0,1.5811388300841898,686.8,803.9674744664737
Replace + Select,68,1.0,0.0,12.300610835463365,9.104949707432304,0.003266393708905842,0.00486161702418539,0.006511150932062293,0.009728953085838262,4.423046641008425e-05,6.996180541356527e-05,2.432502419575942,0.3561358335276291,,,3.0,1.5811388300841898,686.8,803.9674744664737
Replace + Select,69,1.0,0.0,12.313542721808284,9.107293664522015,0.00321678656341165,0.004748211152192806,0.006394646601763597,0.009407970518855021,4.335302957538015e-05,6.769726092524274e-05,2.42527754294027,0.35699143027327773,,,3.0,1.5811388300841898,686.8,803.9674744664737
Replace + Select,70,1.0,0.0,12.319845600282754,9.114773535527359,0.0032191609995296695,0.004780878620715062,0.006424029201024982,0.009587166904935801,4.366304550323348e-05,6.894254174321757e-05,2.4514667838305924,0.3707553370275995,,,3.0,1.5811388300841898,686.8,803.9674744664737
Replace + Select,71,1.0,0.0,12.32672102369901,9.121169226192,0.0031112017410380344,0.004644957542568447,0.006262360320687896,0.009433887076931533,4.261906538058156e-05,6.781282919964251e-05,2.3645519617657254,0.2927367766606317,,,3.0,1.5811388300841898,686.8,803.9674744664737
Replace + Select,72,1.0,0.0,12.335671633260738,9.128042615366484,0.0031029541658891277,0.004646050405737084,0.006235124143653372,0.009354170661333951,4.242084397999169e-05,6.725086081995108e-05,2.404820425504471,0.31414729569245603,,,3.0,1.5811388300841898,686.8,803.9674744664737
Replace + Select,73,1.0,0.0,12.343059430423759,9.135781449971502,0.0031770394695002915,0.004831124030193794,0.006270849485991192,0.009484530234110085,4.2763302471682185e-05,6.815753425119539e-05,2.3901851999871075,0.28838773013540314,,,3.0,1.5811388300841898,686.8,803.9674744664737
Replace + Select,74,1.0,0.0,12.349275938653431,9.142442162751559,0.0029931941291824167,0.004402644811838584,0.005945665083484392,0.008702942697044781,4.0418619892663986e-05,6.262744102298137e-05,2.396638458624545,0.3491393358991673,,,3.0,1.5811388300841898,686.8,803.9674744664737
Replace + Select,75,1.0,0.0,12.356662747367213,9.149039169062782,0.0028494869751195763,0.004151476327685664,0.0057651572617859305,0.00842101488439715,3.9207097453124095e-05,6.0602629653391486e-05,2.384800809793093,0.2686293770502343,,,3.0,1.5811388300841898,686.8,803.9674744664737
Replace + Select,76,1.0,0.0,12.364221714727382,9.153992797267142,0.002760997936143159,0.003988887712998022,0.0054261764068500905,0.0077944405455849,3.6839364589668817e-05,5.613416084319281e-05,2.4041739877007564,0.28983442847925317,,,3.0,1.5811388300841898,686.8,803.9674744664737
Replace + Select,77,1.0,0.0,12.374517006835987,9.1585549764446,0.0027687151856102383,0.0040694202362770715,0.0055187567560149664,0.008091974229527975,3.7470603566001396e-05,5.822955312201472e-05,2.386710551525428,0.3070092702410307,,,3.0,1.5811388300841898,686.8,803.9674744664737
Replace + Select,78,1.0,0.0,12.38001349078174,9.164701127038883,0.002602405286787135,0.0037560657327468288,0.005228733692343371,0.007541592657598901,3.5536824877584505e-05,5.4302440621939315e-05,2.3902547055266683,0.341421889150759,,,3.0,1.5811388300841898,686.8,803.9674744664737
Replace + Select,79,1.0,0.0,12.386426424584268,9.169315801511937,0.0025636429836085354,0.003714696599531361,0.0051209066739260735,0.007408564231842259,3.482049668390296e-05,5.333622177136989e-05,2.3840039907609603,0.36589342715232936,,,3.0,1.5811388300841898,686.8,803.9674744664737
Replace + Select,80,1.0,0.0,12.395180350582173,9.17211938606757,0.0026227896924892425,0.003935852426294585,0.00520401202731427,0.007817731021019814,3.5520029904739565e-05,5.618856852077092e-05,2.3965836972307546,0.34756492043176074,,,3.0,1.5811388300841898,686.8,803.9674744664737
Replace + Select,81,1.0,0.0,12.406005265575157,9.177701911929358,0.0026125693229085136,0.003979702502236172,0.005147040560473189,0.007782331432573881,3.515791093083578e-05,5.591974132416864e-05,2.4341155411663395,0.37230381294141357,,,3.0,1.5811388300841898,686.8,803.9674744664737
Replace + Select,82,1.0,0.0,12.412725732622532,9.188448693215147,0.002530907218552406,0.003858298384466723,0.005058385931270988,0.007697374359554397,3.45446879979105e-05,5.5297517817756606e-05,2.35638791274023,0.3154365456424275,,,3.0,1.5811388300841898,686.8,803.9674744664737
Replace + Select,83,1.0,0.0,12.417431539436842,9.194706727839321,0.0024923877317892668,0.003726502029459165,0.005079533584513583,0.007644769437498421,3.4693887109706665e-05,5.494129322846491e-05,2.4320476924799346,0.35481530465955113,,,3.0,1.5811388300841898,686.8,803.9674744664737
Replace + Select,84,1.0,0.0,12.425368650758156,9.200866560997925,0.0024061189860489496,0.003568962999687515,0.004811400749074669,0.0071123815207982605,3.281830755223541e-05,5.11544773084701e-05,2.3832281084490683,0.3534916624888392,,,3.0,1.5811388300841898,686.8,803.9674744664737
Replace + Select,85,1.0,0.0,12.43087752013704,9.208099504568406,0.0023658578647445,0.003484358260851458,0.004707279028750669,0.006911138784039353,3.211177896059416e-05,4.97189691858215e-05,2.4025451066941885,0.38633855974663284,,,3.0,1.5811388300841898,686.8,803.9674744664737
Replace + Select,86,1.0,0.0,12.436189247922622,9.21430779371376,0.0023792330872082217,0.003447010207896738,0.004745281795574182,0.006879303756063179,3.235600500744529e-05,4.951739214386236e-05,2.412837491543656,0.41014424414929745,,,3.0,1.5811388300841898,686.8,803.9674744664737
Replace + Select,87,1.0,0.0,12.44350034077262,9.222096223733482,0.002306458621683108,0.0032688541168104687,0.004599916197464448,0.0065154427928135515,3.130376446046819e-05,4.6948890757041985e-05,2.440632451970404,0.36091809291135724,,,3.0,1.5811388300841898,686.8,803.9674744664737
Replace + Select,88,1.0,0.0,12.451823781469649,9.224619092009739,0.0022022404806166206,0.0030301673664810923,0.004437633231387239,0.006126530819846593,3.0162367524830604e-05,4.420035561954179e-05,2.4245567672286508,0.3619236099270427,,,3.0,1.5811388300841898,686.8,803.9674744664737
Replace + Select,89,1.0,0.0,12.46132576065995,9.230807725279506,0.002143167491991289,0.0029755029575497956,0.004303954593597793,0.006007428896680449,2.9263193055173963e-05,4.331850603958031e-05,2.4208607993550686,0.34768170761405565,,,3.0,1.5811388300841898,686.8,803.9674744664737
Replace + Select,90,1.0,0.0,12.473314348897976,9.234821595744142,0.0021745832250291293,0.003057079089753407,0.004334773866955134,0.006090942266852914,2.9479316970035583e-05,4.390782082916492e-05,2.423756671850102,0.34066155867512327,,,3.0,1.5811388300841898,686.8,803.9674744664737
Replace + Select,91,1.0,0.0,12.480902511516824,9.23846679366462,0.0021568418655654484,0.0030029638314895283,0.0042636130430898965,0.005899612057788171,2.8959353847593284e-05,4.255918322110381e-05,2.414026520130617,0.4039474873812985,,,3.0,1.5811388300841898,686.8,803.9674744664737
Replace + Select,92,1.0,0.0,12.485304373609951,9.246780125691846,0.0020814949158836243,0.0028967755487826143,0.004137179107848365,0.0057124256078406556,2.810616932498624e-05,4.121312501843551e-05,2.4320683032654506,0.3189501111195337,,,3.0,1.5811388300841898,686.8,803.9674744664737
Replace + Select,93,1.0,0.0,12.488111144232906,9.2562515418146,0.0020430074363730036,0.0028470455183026966,0.004095358131111116,0.0057091005118675795,2.7745775935412076e-05,4.11693810893983e-05,2.4090791080117056,0.3310361276002043,,,3.0,1.5811388300841898,686.8,803.9674744664737
Replace + Select,94,1.0,0.0,12.494837867883362,9.265020986521941,0.002054288652039328,0.0028974233288529064,0.004123301232671242,0.005847321137450652,2.800872028664427e-05,4.2133209796346614e-05,2.430797030535371,0.4103164815659305,,,3.0,1.5811388300841898,686.8,803.9674744664737
Replace + Select,95,1.0,0.0,12.502242562635983,9.270546317578004,0.0019921660943020636,0.0028171370879284062,0.004028486656333806,0.005733267177010658,2.74356160413305e-05,4.1304631862360736e-05,2.4124570703477444,0.34071229566309397,,,3.0,1.5811388300841898,686.8,803.9674744664737
Replace + Select,96,1.0,0.0,12.512446781874566,9.276547791253103,0.0019341695558349394,0.0026891491088718964,0.0038839788434313913,0.0054109078326840514,2.6354261603413156e-05,3.902092119937536e-05,2.4138752840603073,0.29809224105865334,,,3.0,1.5811388300841898,686.8,803.9674744664737
Replace + Select,97,1.0,0.0,12.520640603655773,9.278735914486617,0.001821239470572518,0.0025155857204216723,0.003654227015692373,0.0050884856522689596,2.4765387793001555e-05,3.669728133858337e-05,2.399350728345058,0.3688172865607239,,,3.0,1.5811388300841898,686.8,803.9674744664737
Replace + Select,98,1.0,0.0,12.530079519852253,9.28274526473862,0.0018083549708550503,0.002506019662353367,0.003602945124554216,0.0049790255427251415,2.4384115476268558e-05,3.591908193256599e-05,2.463005044338291,0.2999617951351713,,,3.0,1.5811388300841898,686.8,803.9674744664737
Replace + Select,99,1.0,0.0,12.540468869836056,9.28448022835451,0.0017540074347026746,0.002398202785785133,0.003519991156146303,0.004841750830424213,2.388578276254482e-05,3.493885145270304e-05,2.428834079265669,0.28441818598928825,,,3.0,1.5811388300841898,686.8,803.9674744664737
Replace + Select,100,1.0,0.0,12.550311934396118,9.288186093930843,0.001681583368320887,0.002249772905508287,0.00335136938353517,0.004473506455197456,2.2675606136978116e-05,3.232707087770206e-05,2.3832014535934802,0.37205116912808184,,,3.0,1.5811388300841898,686.8,803.9674744664737
Replace + Select,101,1.0,0.0,12.557013315369598,9.291820049621121,0.0016192711824406364,0.0021412700030476427,0.0032377461767097862,0.004279649633325307,2.1874280408663013e-05,3.093991301432079e-05,2.4618111296974297,0.3823331506972314,,,3.0,1.5811388300841898,686.8,803.9674744664737
Replace + Select,102,1.0,0.0,12.56663881585277,9.293884860353048,0.00159717785104994,0.0021280182776886236,0.003202750640538506,0.004266026981578244,2.1637844349070218e-05,3.082892786149417e-05,2.449305250390889,0.29449482682367145,,,3.0,1.5811388300841898,686.8,803.9674744664737
Replace + Select,103,1.0,0.0,12.57423404367478,9.300988584281027,0.0015981749163043418,0.0021369050875120863,0.0031997713952428347,0.0042504157084141125,2.166545121662603e-05,3.0724319331405325e-05,2.3982716268888504,0.33743756852579215,,,3.0,1.5811388300841898,686.8,803.9674744664737
Replace + Select,104,1.0,0.0,12.585487693294255,9.307103385218968,0.001538452759588888,0.002012565296858116,0.0030913758829395656,0.004036510919600444,2.090580759609877e-05,2.9202731140170653e-05,2.435041050767359,0.3212118711881377,,,3.0,1.5811388300841898,686.8,803.9674744664737
Replace + Select,105,1.0,0.0,12.595296318010064,9.313276409428711,0.0015099765987584021,0.0019563429639585057,0.0030410013034928613,0.00394534994278298,2.045214773924434e-05,2.8536302720524452e-05,2.4382138988272937,0.356793606234112,,,3.0,1.5811388300841898,686.8,803.9674744664737
Replace + Select,106,1.0,0.0,12.601760945409845,9.318687968413096,0.0014526697303884404,0.0018749266641880412,0.0029320591710379983,0.003801673849490722,1.968969256608595e-05,2.749675782845105e-05,2.410819587392593,0.3580342401861476,,,3.0,1.5811388300841898,686.8,803.9674744664737
Replace + Select,107,1.0,0.0,12.611004190141534,9.321174522871479,0.0014632197187631978,0.001932874955064314,0.0029280431274567057,0.0038703159454673924,1.9662301105319964e-05,2.7969677711413738e-05,2.4182799611456725,0.36998720907610444,,,3.0,1.5811388300841898,686.8,803.9674744664737
Replace + Select,108,1.0,0.0,12.618898378964797,9.325066793807132,0.0015451460702608165,0.0021154271951664494,0.0031366302508507257,0.004335350308300231,2.1155830634235e-05,3.1274862005126525e-05,2.390711544866688,0.34540660495819875,,,3.0,1.5811388300841898,686.8,803.9674744664737
Replace + Select,109,1.0,0.0,12.628108862768183,9.331785609892888,0.0015148410080928455,0.002052425498260213,0.0030239054517520224,0.004076872029057993,2.035120824078419e-05,2.9439652074919435e-05,2.4307629810139906,0.3985564179541297,,,3.0,1.5811388300841898,686.8,803.9674744664737
Replace + Select,110,1.0,0.0,12.637992383129276,9.338561453721413,0.0015315058967118773,0.0020930605397638073,0.0030833691339496503,0.004249465457481197,2.0790841905946992e-05,3.065729933513217e-05,2.410883810812044,0.32067247855703124,,,3.0,1.5811388300841898,686.8,803.9674744664737
Replace + Select,111,1.0,0.0,12.648797868766154,9.342609794106203,0.0015646666891222106,0.0021690701974704353,0.003151642505153347,0.004396584067688787,2.1336698609734888e-05,3.1705813508663654e-05,2.4053624619012743,0.32061392313345644,,,3.0,1.5811388300841898,686.8,803.9674744664737
Replace + Select,112,1.0,0.0,12.65879434665448,9.345792199321052,0.001586620355512274,0.002214019295432529,0.003152901618904394,0.004388388721010392,2.1324182927265472e-05,3.1649526989889635e-05,2.430234546592474,0.4146489637263769,,,3.0,1.5811388300841898,686.8,803.9674744664737
Replace + Select,113,1.0,0.0,12.66746172012233,9.349197838139496,0.0015742152109691557,0.0021900625982794906,0.0031698952373195527,0.004409161365747949,2.1442124567158904e-05,3.180067634448192e-05,2.4338695140029807,0.33061788469032166,,,3.0,1.5811388300841898,686.8,803.9674744664737
Replace + Select,114,1.0,0.0,12.677300611612118,9.355229743174018,0.0015269870694933005,0.0021284296528024356,0.0030116963018810747,0.004183914945544902,2.0384110947960356e-05,3.0178125968796512e-05,2.489985629888243,0.3783010509836855,,,3.0,1.5811388300841898,686.8,803.9674744664737
Replace + Select,115,1.0,0.0,12.686570936534336,9.3597392944057,0.0015097873378720678,0.002104290550364566,0.002995183230469252,0.004162124807060441,2.027701908882199e-05,3.0019833504731213e-05,2.4515011843328436,0.35103976331572045,,,3.0,1.5811388300841898,686.8,803.9674744664737
Replace + Select,116,1.0,0.0,12.6966222952669,9.365976103347544,0.001432489266471661,0.0019603891244378002,0.002884893691506537,0.003986586824064,1.954638590772678e-05,2.8761754878557813e-05,2.4758424514007626,0.307057807470745,,,3.0,1.5811388300841898,686.8,803.9674744664737
Replace + Select,117,1.0,0.0,12.708573319743834,9.370642735066882,0.0014443361002556472,0.0020201936883360297,0.002869278339442571,0.003977724967305038,1.947887559421156e-05,2.8694358991443587e-05,2.4133185879597803,0.35518909995857073,,,3.0,1.5811388300841898,686.8,803.9674744664737
Replace + Select,118,1.0,0.0,12.71605534943321,9.377205120052484,0.0014137286450345466,0.001981855255670265,0.002837358124728459,0.003997909041692289,1.926118588890109e-05,2.88186729698586e-05,2.392770767264525,0.35826133066392135,,,3.0,1.5811388300841898,686.8,803.9674744664737
Replace + Select,119,1.0,0.0,12.725487722815128,9.384774086090454,0.001438089306282665,0.0020287525216759346,0.002828548858305133,0.003963172684842363,1.919469295878809e-05,2.8574435963645496e-05,2.4498302506408223,0.3614910349703904,,,3.0,1.5811388300841898,686.8,803.9674744664737
Replace + Select,120,1.0,0.0,12.736048257732612,9.390601919640222,0.0014349182002504055,0.002008215637979913,0.002874841128708122,0.004035480928170331,1.9548475976234328e-05,2.909321812630878e-05,2.4062976155282234,0.37325120682377005,,,3.0,1.5811388300841898,686.8,803.9674744664737
Replace + Select,121,1.0,0.0,12.746079942778879,9.395966722062708,0.0014381963260923925,0.002004954653251429,0.0028909267515111986,0.004040398046152039,1.9655655457065056e-05,2.913465922711982e-05,2.394576984218826,0.37173968606301566,,,3.0,1.5811388300841898,686.8,803.9674744664737
Replace + Select,122,1.0,0.0,12.754412651275178,9.402957893936437,0.0013631074102175831,0.0018516411830755886,0.0027118092368168248,0.0036855833522389803,1.8392969553452683e-05,2.6612225717469735e-05,2.3837352257353244,0.31846552552360957,,,3.0,1.5811388300841898,686.8,803.9674744664737
Replace + Select,123,1.0,0.0,12.76411275358657,9.41248742204143,0.0013546049722195108,0.0018103685879648549,0.0027301741123191537,0.003669725216832332,1.8526566021062264e-05,2.6513709258409845e-05,2.4130937226309324,0.3210819837230169,,,3.0,1.5811388300841898,686.8,803.9674744664737
Replace + Select,124,1.0,0.0,12.772709856960526,9.417328979741436,0.0013733600083210657,0.0018753968162801252,0.0027626121897099997,0.003779783854752604,1.8713010354784604e-05,2.728173993311042e-05,2.39947415826765,0.3313363823153645,,,3.0,1.5811388300841898,686.8,803.9674744664737
Replace + Select,125,1.0,0.0,12.781050417061525,9.422378565021885,0.001353156881872468,0.0018272478525420896,0.0027248307758546398,0.0036899304867156596,1.8498217063585135e-05,2.664812081609833e-05,2.45449148894161,0.36375802218244296,,,3.0,1.5811388300841898,686.8,803.9674744664737
Replace + Select,126,1.0,0.0,12.78908745494208,9.425470951456155,0.001364621533073021,0.0018825924353653828,0.0027065819263192878,0.003717831049789935,1.8393056537581682e-05,2.6830912410861937e-05,2.4458013441491158,0.39142231648087306,,,3.0,1.5811388300841898,686.8,803.9674744664737
Replace + Select,127,1.0,0.0,12.796847340773128,9.43213359320377,0.0014238892237856157,0.002018506044922117,0.002826847160104369,0.003986991947871317,1.92375198026836e-05,2.8736036959704734e-05,2.416714728510514,0.37644313661837997,,,3.0,1.5811388300841898,686.8,803.9674744664737
Replace + Select,128,1.0,0.0,12.808629412296373,9.439605291150684,0.0013932047654244312,0.00199295079396238,0.0028019948918922466,0.00400082109840072,1.908834029868284e-05,2.8818759502533325e-05,2.391746034104971,0.40351397290608676,,,3.0,1.5811388300841898,686.8,803.9674744664737
Replace + Select,129,1.0,0.0,12.818957403535691,9.445977527641494,0.0013318154849539497,0.0018664848813388839,0.0026759349121824668,0.003765115708024971,1.8192775881704297e-05,2.714077197216526e-05,2.3666321316793293,0.3172216201082133,,,3.0,1.5811388300841898,686.8,803.9674744664737
Replace + Select,130,1.0,0.0,12.826993105257975,9.451674914872365,0.0013060524637719425,0.001816591418041688,0.0026010709019339737,0.003619637345272422,1.7684932314153676e-05,2.610594615312227e-05,2.4288680354140175,0.40864415281010746,,,3.0,1.5811388300841898,686.8,803.9674744664737
Replace + Select,131,1.0,0.0,12.836053809044802,9.457889229622662,0.0012858101955458172,0.0017696707790171237,0.0025688443187404956,0.0035235018634660613,1.742509272873294e-05,2.5430633354897044e-05,2.4434573091683283,0.3609966671007434,,,3.0,1.5811388300841898,686.8,803.9674744664737
Replace + Select,132,1.0,0.0,12.845484971325074,9.467535680677843,0.0013207526998185838,0.0018247106563872733,0.002648780562971719,0.0036722097098256753,1.799491694644665e-05,2.6490546221159936e-05,2.4008729560371274,0.33022350060496103,,,3.0,1.5811388300841898,686.8,803.9674744664737
Replace + Select,133,1.0,0.0,12.855122313329739,9.475951751644592,0.0012930589642136004,0.0017706702159281428,0.0025979909586431285,0.003545979481824565,1.758542942528153e-05,2.5597653477518397e-05,2.383352964357911,0.31216215448027806,,,3.0,1.5811388300841898,686.8,803.9674744664737
Replace + Select,134,1.0,0.0,12.867547669309037,9.485405961646435,0.001304727572732149,0.001813686602674734,0.0026358417423340413,0.003666797611568779,1.7905976992582697e-05,2.6446982685626255e-05,2.4488103420568903,0.40841021717042564,,,3.0,1.5811388300841898,686.8,803.9674744664737
Replace + Select,135,1.0,0.0,12.875696816545275,9.491655121009334,0.001243551479323984,0.001691946576890043,0.0024730419436182873,0.0033427487315482256,1.6767523145967712e-05,2.4142283477662568e-05,2.4256739353466896,0.30590310928739184,,,3.0,1.5811388300841898,686.8,803.9674744664737
Replace + Select,136,1.0,0.0,12.886518359904944,9.494392833198019,0.0011860186125706377,0.001617467998919982,0.0023697479828998337,0.0032246741093653756,1.6071002304177586e-05,2.3282525428430557e-05,2.4206421057562233,0.36840175332130265,,,3.0,1.5811388300841898,686.8,803.9674744664737
Replace + Select,137,1.0,0.0,12.895277029637347,9.501915136791848,0.001139610309077583,0.0015214975412069535,0.0022972476851124786,0.003089797264102144,1.552826558884682e-05,2.2318732358309436e-05,2.436702593900783,0.3575934489310152,,,3.0,1.5811388300841898,686.8,803.9674744664737
Replace + Select,138,1.0,0.0,12.904554688934862,9.50858247427071,0.0011341192755361044,0.0014936726973550937,0.0022883221876368663,0.003011903692553855,1.545762531773556e-05,2.1776785389616938e-05,2.4414146030716846,0.330614829014667,,,3.0,1.5811388300841898,686.8,803.9674744664737
Replace + Select,139,1.0,0.0,12.914789579189932,9.516291190590227,0.0010956899916483023,0.001393502245804796,0.0022052585085103526,0.0028235680557975027,1.4833697319780696e-05,2.043852338891836e-05,2.4020931976307702,0.3216674143890246,,,3.0,1.5811388300841898,686.8,803.9674744664737
Replace + Select,140,1.0,0.0,12.926363010679779,9.522905598862696,0.0010756594348719597,0.0013627875323515173,0.0021311910460727144,0.002702438255862294,1.4345932966373064e-05,1.9573564222961833e-05,2.4229122454440035,0.4013177162759527,,,3.0,1.5811388300841898,686.8,803.9674744664737
Replace + Select,141,1.0,0.0,12.93473495580481,9.529248383640486,0.0010567114101654547,0.00132112132309423,0.0021214189028842733,0.002655214242998093,1.426985206727621e-05,1.9245528449427415e-05,2.4120076381476414,0.29960990738867854,,,3.0,1.5811388300841898,686.8,803.9674744664737
Replace + Select,142,1.0,0.0,12.94513729800236,9.535641386611376,0.0010735925841111036,0.001337122067695592,0.0021209040894014574,0.002632598651269402,1.428787414977704e-05,1.9094670087904286e-05,2.3908485949695675,0.2769096491402103,,,3.0,1.5811388300841898,686.8,803.9674744664737
Replace + Select,143,1.0,0.0,12.95583230157519,9.542941753594533,0.001076082504214984,0.0013624147136461113,0.002184269371621215,0.002807515560219756,1.476365996837421e-05,2.0330340361266176e-05,2.4852297398520955,0.3872288183021939,,,3.0,1.5811388300841898,686.8,803.9674744664737
Replace + Select,144,1.0,0.0,12.963668423057689,9.547548454417411,0.0010605808530180648,0.0013668783873604555,0.0020952061322782388,0.0026942316438187965,1.4151134247147785e-05,1.9509423306836916e-05,2.4450932509509853,0.3759497177803674,,,3.0,1.5811388300841898,686.8,803.9674744664737
Replace + Select,145,1.0,0.0,12.974017508999342,9.553951064823433,0.0010338427955555662,0.0013179222296732002,0.0020848030387394857,0.0026743050063195734,1.4059079880701206e-05,1.9364522106096753e-05,2.3601023749735774,0.2874028488423376,,,3.0,1.5811388300841898,686.8,803.9674744664737
Replace + Select,146,1.0,0.0,12.983678178325388,9.558138951200043,0.001009508580639196,0.0012584745487411392,0.002009915695198314,0.0024982983606708056,1.3524719605065443e-05,1.811874548915641e-05,2.4095188377799475,0.38311532816567306,,,3.0,1.5811388300841898,686.8,803.9674744664737
Replace + Select,147,1.0,0.0,12.992300289586856,9.561946530529248,0.0010258870927893073,0.0012979053509918897,0.002045399554338599,0.002584388825168124,1.3765002027171184e-05,1.87249942014243e-05,2.4285123130777047,0.4003744351349649,,,3.0,1.5811388300841898,686.8,803.9674744664737
Replace + Select,148,1.0,0.0,13.001166930941787,9.567521659527717,0.001014603875284077,0.0012686752510495647,0.0020157509478578505,0.002519908319495787,1.3543603970356377e-05,1.8265047763002282e-05,2.4010988629156045,0.3584864424027591,,,3.0,1.5811388300841898,686.8,803.9674744664737
Replace + Select,149,1.0,0.0,13.008990028250583,9.573665410807543,0.0009990669692205938,0.0012256448217609684,0.001983208111518928,0.002445035425439739,1.3308396616567471e-05,1.77340436426999e-05,2.468197591961176,0.275656420811462,,,3.0,1.5811388300841898,686.8,803.9674744664737
Replace + Select,150,1.0,0.0,13.01858172176971,9.57969794077121,0.0009867074677454887,0.0011911270357277983,0.001973089054465472,0.002377881190718985,1.3188209608192434e-05,1.725776777636724e-05,2.4090804506490158,0.37099570769721973,,,3.0,1.5811388300841898,686.8,803.9674744664737
Replace + Select,151,1.0,0.0,13.02760955245761,9.585540328494561,0.0009536206583480247,0.0011089980914353564,0.0019023101572050699,0.002206726405022378,1.2657684283963249e-05,1.6035630108654572e-05,2.4395596415654315,0.33717066734301077,,,3.0,1.5811388300841898,686.8,803.9674744664737
Replace + Select,152,1.0,0.0,13.03846130682094,9.592459332801141,0.0009602796623370718,0.0011375524968537803,0.0019430232520066932,0.00233056021994498,1.2961991774909097e-05,1.691172368344705e-05,2.4222953612958165,0.4075205413125147,,,3.0,1.5811388300841898,686.8,803.9674744664737
Replace + Select,153,1.0,0.0,13.04780052784825,9.599333920253796,0.0009600399498325413,0.0011438597162952752,0.0019278928644648925,0.0023126420047373183,1.2871099862079012e-05,1.6785444889552867e-05,2.4239243162366813,0.347992688911935,,,3.0,1.5811388300841898,686.8,803.9674744664737
Replace + Select,154,1.0,0.0,13.057149843692272,9.605972911571772,0.000965423547258747,0.0011501320622653627,0.001935330004499566,0.0023030701407049446,1.2934808626896506e-05,1.6727893207283305e-05,2.441065653023911,0.38217983181148946,,,3.0,1.5811388300841898,686.8,803.9674744664737
Replace + Select,155,1.0,0.0,13.067129962974022,9.61167275414053,0.0009788497655642881,0.0011810797402335938,0.0019791515119434145,0.0023812700303591904,1.3224296969158102e-05,1.728070297344827e-05,2.4129896012233254,0.3731802492890389,,,3.0,1.5811388300841898,686.8,803.9674744664737
Replace + Select,156,1.0,0.0,13.078894823316697,9.617182041191205,0.0009387471431959353,0.0010842821121453887,0.0019063112089769889,0.0022163414342858856,1.2705212350982875e-05,1.610658682808888e-05,2.448330250554727,0.3929562828413737,,,3.0,1.5811388300841898,686.8,803.9674744664737
Replace + Select,157,1.0,0.0,13.086800986494106,9.6231027843372,0.0009173955557572822,0.0010417629282033231,0.001858164607466108,0.002135724843558825,1.2377872101488371e-05,1.5532806058024133e-05,2.4271804427539623,0.3427746541313379,,,3.0,1.5811388300841898,686.8,803.9674744664737
Replace + Select,158,1.0,0.0,13.09522283587595,9.629409826696419,0.0009290201998194629,0.00108019167799937,0.0018526702880966271,0.0021474784624035937,1.2383557306320245e-05,1.562580025537352e-05,2.4391442265978345,0.37630766176693464,,,3.0,1.5811388300841898,686.8,803.9674744664737
Replace + Select,159,1.0,0.0,13.104130940563007,9.635540621867985,0.0009447549806230794,0.001107332286247629,0.0018973132642577492,0.0022480464263950565,1.2701872201126123e-05,1.633920880234574e-05,2.392485383805885,0.39263221130828796,,,3.0,1.5811388300841898,686.8,803.9674744664737
Replace + Select,160,1.0,0.0,13.114072168699812,9.642122045641228,0.0009743776462309408,0.0011726378199010841,0.0019516083909387502,0.002343478611407003,1.3124217849571392e-05,1.7033603284900786e-05,2.4149017559651402,0.30578503324090156,,,3.0,1.5811388300841898,686.8,803.9674744664737
Replace + Select,161,1.0,0.0,13.122177927085492,9.648900625055106,0.0009762612608950092,0.0011810267465635375,0.001943641830650002,0.0023431839333195635,1.3044172675737416e-05,1.7020181304928576e-05,2.447225516690587,0.37659540779388884,,,3.0,1.5811388300841898,686.8,803.9674744664737
Replace + Select,162,1.0,0.0,13.130869954887572,9.653773583838555,0.001000168284930296,0.0012356802329307696,0.0020163755459438742,0.0025190009335810766,1.3533084419044494e-05,1.8257474779948244e-05,2.4485331266556285,0.39204590862074545,,,3.0,1.5811388300841898,686.8,803.9674744664737
Replace + Select,163,1.0,0.0,13.14062339874861,9.659544842597093,0.0009726625449491598,0.0011777587909691078,0.0019205579894966678,0.0022916929769841274,1.2826210376668015e-05,1.6641337891984255e-05,2.447913752537727,0.27142172616892096,,,3.0,1.5811388300841898,686.8,803.9674744664737
Replace + Select,164,1.0,0.0,13.151903190173519,9.664399099503314,0.0009664407408307112,0.0011516916673279813,0.0019362763541038545,0.0023231077807865912,1.2947212913791801e-05,1.6867832766036617e-05,2.3819346549581093,0.3114259826803722,,,3.0,1.5811388300841898,686.8,803.9674744664737
Replace + Select,165,1.0,0.0,13.162127830551722,9.67117897039957,0.0009393068648433894,0.0011144294218206588,0.0018672525406338686,0.0022137257931271223,1.2455142745527292e-05,1.60782633276596e-05,2.4260255169111424,0.3334166115444423,,,3.0,1.5811388300841898,686.8,803.9674744664737
Replace + Select,166,1.0,0.0,13.172490684341753,9.677328524983976,0.0009198705783431122,0.0010935711068376028,0.0018481053539228594,0.0022066441394425172,1.2306817990120135e-05,1.6014703170419515e-05,2.4761044241508308,0.36501632440018333,,,3.0,1.5811388300841898,686.8,803.9674744664737
Replace + Select,167,1.0,0.0,13.179786648857029,9.684173337043278,0.0009293785478642387,0.0010995105588397964,0.0018729895812309323,0.002220171974380559,1.2455196697205112e-05,1.6112380178270112e-05,2.397976184984567,0.35855698194896785,,,3.0,1.5811388300841898,686.8,803.9674744664737
Replace + Select,168,1.0,0.0,13.189090373881328,9.690096511118943,0.0009465146535382821,0.0011284441345835278,0.001869349132049411,0.002206706721726178,1.2425723704547957e-05,1.6015760962616882e-05,2.3961506491940257,0.2832231481129324,,,3.0,1.5811388300841898,686.8,803.9674744664737
Replace + Select,169,1.0,0.0,13.199014999420346,9.699076043695657,0.0009348282307772319,0.001113888337543437,0.001853413834888263,0.0021923159309757438,1.2341073452886315e-05,1.591663408947932e-05,2.4169949933027413,0.33032201687326745,,,3.0,1.5811388300841898,686.8,803.9674744664737
Replace + Select,170,1.0,0.0,13.211303633436197,9.70588601421663,0.0009030911278768083,0.0010309872953700406,0.001796583528695923,0.0020298938820463605,1.1907929888909305e-05,1.476021477696449e-05,2.4282364944292976,0.3448479306171918,,,3.0,1.5811388300841898,686.8,803.9674744664737
Replace + Select,171,1.0,0.0,13.219779666725012,9.711759251309925,0.0009050390480560957,0.0010701059774045464,0.0018074620457455299,0.002136885683989774,1.1996160074738765e-05,1.550111643792642e-05,2.4704263931405968,0.33177207115530405,,,3.0,1.5811388300841898,686.8,803.9674744664737
Replace + Select,172,1.0,0.0,13.229749400482447,9.717783020752567,0.0009075925631375737,0.0010549049159267068,0.0018231322110071856,0.002112965148900932,1.2078221860546934e-05,1.5338309932268704e-05,2.445019697891863,0.3775688980462087,,,3.0,1.5811388300841898,686.8,803.9674744664737
Replace + Select,173,1.0,0.0,13.242056530182989,9.725982296270638,0.000912720251622212,0.001088960764630067,0.00184074286673502,0.0022113824249923256,1.222319515451852e-05,1.6034193018295163e-05,2.417943861956158,0.361871687150611,,,3.0,1.5811388300841898,686.8,803.9674744664737
Replace + Select,174,1.0,0.0,13.253577826415015,9.731894987734995,0.0009152266962365993,0.0010977872414168516,0.0018032114853438013,0.0021461432079536574,1.1978707717583921e-05,1.556782526150612e-05,2.4427667922376353,0.3709988185927078,,,3.0,1.5811388300841898,686.8,803.9674744664737
Replace + Select,175,1.0,0.0,13.262036508839042,9.736377798765991,0.0008811448206923015,0.0010323249570751137,0.0017832929419187133,0.00210415076827152,1.1827204778261855e-05,1.5263990910795915e-05,2.4019653872261015,0.33479322869319944,,,3.0,1.5811388300841898,686.8,803.9674744664737
Replace + Select,176,1.0,0.0,13.270327513462131,9.740995725423286,0.0008539071319118614,0.0009920693162385503,0.0017003141633399651,0.00198116295587846,1.1276076862374762e-05,1.4383213472108174e-05,2.409481146245497,0.33405222775543414,,,3.0,1.5811388300841898,686.8,803.9674744664737
Replace + Select,177,1.0,0.0,13.276849693826858,9.747124249173542,0.0008667956805127302,0.0010140083344498995,0.0017629891177316933,0.0020860723685997545,1.1727902654558607e-05,1.5143460254622175e-05,2.439221661429141,0.26011254476234197,,,3.0,1.5811388300841898,686.8,803.9674744664737
Replace + Select,178,1.0,0.0,13.28685560315373,9.75406499084441,0.000847750385798373,0.000996311717884333,0.0016831685377220215,0.0019674683803637136,1.1191735736215556e-05,1.4292345216312903e-05,2.4254120019249,0.3200964537779764,,,3.0,1.5811388300841898,686.8,803.9674744664737
Replace + Select,179,1.0,0.0,13.297724085808685,9.760253407083114,0.0008710961506919202,0.0010409265900731743,0.0017280819620477,0.0020507823751604805,1.1504467877195207e-05,1.4888412070224108e-05,2.4315445108348586,0.3572500384733918,,,3.0,1.5811388300841898,686.8,803.9674744664737
Replace + Select,180,1.0,0.0,13.30735763424072,9.768072701837804,0.0008898007835041351,0.001073136965954249,0.001774236017660261,0.0021378571837531606,1.1780784117616378e-05,1.5497657629234947e-05,2.451753329284517,0.3521250451630688,,,3.0,1.5811388300841898,686.8,803.9674744664737
Replace + Select,181,1.0,0.0,13.318345727944182,9.777194525329142,0.0008835313020229051,0.0010470006316936912,0.001782330551429746,0.0021386829386566266,1.1821140914508006e-05,1.5503580861271067e-05,2.42473753069521,0.3006632583515315,,,3.0,1.5811388300841898,686.8,803.9674744664737
Replace + Select,182,1.0,0.0,13.329366843776123,9.782957441271687,0.0008804690891757578,0.001058950111452717,0.0017627961085943014,0.0021353654251628092,1.1726875468877168e-05,1.5481120653741368e-05,2.4747331265031405,0.3805073186650252,,,3.0,1.5811388300841898,686.8,803.9674744664737
Replace + Select,183,1.0,0.0,13.3387346210901,9.788924804183491,0.0008929220764601657,0.0010665128544304397,0.0017722582507502666,0.00210476335577729,1.1775722407348864e-05,1.52697667675175e-05,2.401122428673089,0.37095549286478663,,,3.0,1.5811388300841898,686.8,803.9674744664737
Replace + Select,184,1.0,0.0,13.348615844256278,9.795479643785796,0.0008791799568931315,0.0010384653601844907,0.0017339521243044218,0.002035059799159312,1.1537634852051959e-05,1.4780552192931075e-05,2.3468343499258375,0.4014101009699575,,,3.0,1.5811388300841898,686.8,803.9674744664737
Replace + Select,185,1.0,0.0,13.35898475682174,9.802365817397163,0.0008868128344727631,0.0010512741316587102,0.0017713580762746337,0.0021033198496224295,1.180701563668063e-05,1.5271527562726767e-05,2.4054952526408164,0.41879274138298755,,,3.0,1.5811388300841898,686.8,803.9674744664737
Replace + Select,186,1.0,0.0,13.371489988316771,9.809236588572388,0.0008881940479130689,0.0010470092751305121,0.0017868714155299063,0.002100919488886719,1.19324143605217e-05,1.5269473457866495e-05,2.4066974982030707,0.3063601500850645,,,3.0,1.5811388300841898,686.8,803.9674744664737
Replace + Select,187,1.0,0.0,13.381175814722752,9.818826768990114,0.0008584226870172907,0.0009790106039744906,0.0017309636031376282,0.0019857497503827765,1.1539494687382197e-05,1.4450611242415519e-05,2.3891225249800585,0.3134101028558186,,,3.0,1.5811388300841898,686.8,803.9674744664737
Replace + Select,188,1.0,0.0,13.390454746717907,9.82619305047551,0.0008340218016283053,0.0009255672378356565,0.0016758535084088755,0.001873923809342751,1.1120157404552227e-05,1.3639061150600718e-05,2.409653634631045,0.3557227125558148,,,3.0,1.5811388300841898,686.8,803.9674744664737
Replace + Select,189,1.0,0.0,13.401697877240782,9.832206840874493,0.0008151890579826957,0.0009093917258729653,0.0016366669645672821,0.0018377348485507329,1.0858362043181787e-05,1.3373385111051222e-05,2.42010120596265,0.4050210337397387,,,3.0,1.5811388300841898,686.8,803.9674744664737
Replace + Select,190,1.0,0.0,13.413000323325463,9.839548760691793,0.000795758226686215,0.000879834383870587,0.0016060597405649305,0.0017806858072203769,1.063390427668345e-05,1.2958980274097035e-05,2.44675244048706,0.4274957940984525,,,3.0,1.5811388300841898,686.8,803.9674744664737
Replace + Select,191,1.0,0.0,13.421443994387161,9.847643122105248,0.0008099692581172683,0.0008997449860329676,0.001630600214610064,0.0018103172281957697,1.0806091195950932e-05,1.3177162017352999e-05,2.432919551617156,0.3241306923849996,,,3.0,1.5811388300841898,686.8,803.9674744664737
Replace + Select,192,1.0,0.0,13.431358339436155,9.853795993099878,0.0008173003296899838,0.0009342064855833497,0.0016363079806706808,0.0018530636656353405,1.0887292690929466e-05,1.3488466012854967e-05,2.3992471232913486,0.35453886635303483,,,3.0,1.5811388300841898,686.8,803.9674744664737
Replace + Select,193,1.0,0.0,13.441247818848169,9.859183695051886,0.0008190102340412932,0.0009294483753350177,0.0016382359930199506,0.0018656344697963144,1.0897483233801824e-05,1.3574442742162642e-05,2.4536259447187434,0.36495754857229845,,,3.0,1.5811388300841898,686.8,803.9674744664737
Replace + Select,194,1.0,0.0,13.45170533750063,9.86433958478101,0.0008160775933917913,0.0009330667198084012,0.0016279884033201246,0.0018679534172869698,1.0837391385313683e-05,1.3586454738476992e-05,2.411814117415386,0.35305433458266133,,,3.0,1.5811388300841898,686.8,803.9674744664737
Replace + Select,195,1.0,0.0,13.462736756406567,9.87025990827077,0.0008162169448228673,0.0009462271104064202,0.0016280849591566115,0.0018706653988700085,1.0819205739136523e-05,1.3596041477826607e-05,2.426386881534312,0.3194296856735999,,,3.0,1.5811388300841898,686.8,803.9674744664737
Replace + Select,196,1.0,0.0,13.473617168530302,9.876958565382655,0.0008086376769782064,0.0009329043218812949,0.0016298736871516097,0.0018943475216719075,1.0845630825123412e-05,1.3766519461412685e-05,2.411281708362977,0.44851828191362736,,,3.0,1.5811388300841898,686.8,803.9674744664737
Replace + Select,197,1.0,0.0,13.485377417453606,9.885113984172373,0.0007963373940339162,0.000902463358909998,0.0015571769692258673,0.0017372749822803005,1.0320478261490111e-05,1.2642080141654169e-05,2.4341780929560555,0.32666271643995526,,,3.0,1.5811388300841898,686.8,803.9674744664737
Replace + Select,198,1.0,0.0,13.495826684718324,9.889645134050072,0.000806862985669099,0.0009326414758709581,0.001602418946782582,0.0018431215256989849,1.0667056474652986e-05,1.3404805466684586e-05,2.4088719963740846,0.33984851558917634,,,3.0,1.5811388300841898,686.8,803.9674744664737
Replace + Select,199,1.0,0.0,13.506067853641557,9.894811579271837,0.0008131715122189227,0.0009568418611324546,0.0016297714975040856,0.0019287927675942758,1.0881655907714721e-05,1.4013164253278479e-05,2.454986277491006,0.28983051582158653,,,3.0,1.5811388300841898,686.8,803.9674744664737
Replace + Select,200,1.0,0.0,13.519498060392214,9.902293722666828,0.0008215951720985674,0.0009819722268324946,0.001636246732176639,0.0019531304668353004,1.0910126382761172e-05,1.4178151130379303e-05,2.4570501034136716,0.3617779896401685,,,3.0,1.5811388300841898,686.8,803.9674744664737
