setting,iteration,use_selection,use_selection,mean_error,mean_error,variance,variance,dispersion,dispersion,dispersion_ratio,dispersion_ratio,swd_to_truth,swd_to_truth,component_weight_entropy,component_weight_entropy,smallest_component_weight,smallest_component_weight,component_mean_distance,component_mean_distance,num_samples,num_samples,run,run,seed,seed
,,mean,std,mean,std,mean,std,mean,std,mean,std,mean,std,mean,std,mean,std,mean,std,mean,std,mean,std,mean,std
Accumulate,0,0.0,0.0,1.5118550063439801e-32,2.1200735109849445e-32,68.11120862765388,16.448896182970266,135.6230448637655,32.5822697620332,0.9955596260737384,0.008123890358739156,0.07213305938981344,0.011818613843002014,1.0,0.0,0.5,0.0,1.799999999999379,1.358355034952072e-13,,,3.0,1.5811388300841898,686.8,803.9674744664737
Accumulate,1,0.0,0.0,0.13741074860102725,0.05718635125061622,70.06116804847711,18.354454983423768,140.12857296781937,35.630947992966405,1.0252905489945912,0.040887120496085366,0.1509037804279905,0.016534914956773356,0.9919278073310129,0.005706077211708422,0.4535218563195579,0.02806419732409861,2.565489851559949,0.36761866408627714,300.0,0.0,3.0,1.5811388300841898,686.8,803.9674744664737
Accumulate,2,0.0,0.0,0.24695630553942766,0.13676256666675263,69.48203688289212,16.73551676536767,139.3283931315542,33.55908292129472,1.0220804285374392,0.03245412657419737,0.17648228297344679,0.04042026018234147,0.988850013493011,0.009987932230958847,0.4470473556725696,0.03612360436167443,2.6917130430319673,0.5322598096090505,600.0,0.0,3.0,1.5811388300841898,686.8,803.9674744664737
Accumulate,3,0.0,0.0,0.3171014781689875,0.1788283220534341,69.71977245644432,17.60568101847441,138.56884564674002,35.178225271244735,1.0145394145408222,0.026571012064092916,0.18974188498758432,0.027650787068186907,0.9857845678385733,0.0121362630470363,0.4394231693245051,0.039234294156236776,2.8302365791299495,0.6249952621057479,900.0,0.0,3.0,1.5811388300841898,686.8,803.9674744664737
Accumulate,4,0.0,0.0,0.2685317819380719,0.1467273907468714,69.49074546185766,17.220933782565993,138.081838584886,34.72208585527091,1.0109186191150938,0.03441196509163487,0.18396269895329428,0.03658997245013625,0.9834410135177907,0.013808571022974921,0.43483578855691196,0.04269470858868677,2.9018721733411015,0.7281917682195906,1200.0,0.0,3.0,1.5811388300841898,686.8,803.9674744664737
Accumulate,5,0.0,0.0,0.2761962840759608,0.14694348415970007,69.23660077640609,17.03734456134015,139.4285380128767,35.59745786284271,1.0200914430175008,0.03716418858217086,0.17680703019064978,0.035976540928480134,0.9820881796589619,0.014329352976166188,0.43019574905686786,0.04025196625780016,2.921611819481407,0.6947096532888921,1500.0,0.0,3.0,1.5811388300841898,686.8,803.9674744664737
Accumulate,6,0.0,0.0,0.30605989146517204,0.1683364844387042,69.1644076344981,17.153667347595178,137.91176702683782,34.36763920324542,1.0101933474319622,0.03159087975542762,0.1894008414780986,0.02594078448993167,0.9834616424145104,0.013696941693253561,0.43359199640499424,0.040120525420119485,2.85183730521996,0.6452123039895652,1800.0,0.0,3.0,1.5811388300841898,686.8,803.9674744664737
Accumulate,7,0.0,0.0,0.29160491117082254,0.1290964151234471,69.15718558633702,17.294498714544424,138.78720189284732,34.64763142842158,1.0166771431003128,0.026761077420134602,0.18744526219080268,0.022294705359071364,0.9852391505289431,0.012817968489220094,0.4383894852533216,0.04018434865681702,2.8246754832787273,0.6768196825450123,2100.0,0.0,3.0,1.5811388300841898,686.8,803.9674744664737
Accumulate,8,0.0,0.0,0.2904533059261757,0.11240054749448405,69.24489187641018,17.288073996137516,138.04136096587905,33.75877811984362,1.0121205764986212,0.03141192957602819,0.18683178608194387,0.031843436187112634,0.985382990511271,0.011963680485661814,0.43853950169847283,0.039719936991784985,2.839361721976737,0.7018474850794433,2400.0,0.0,3.0,1.5811388300841898,686.8,803.9674744664737
Accumulate,9,0.0,0.0,0.2854443230716968,0.10119938912308891,69.22926391182769,17.489033183348628,137.61893712957325,34.885393198700044,1.007278553490785,0.03635320637773348,0.16734999326288774,0.016809581317691114,0.9859961914295987,0.011937050007410552,0.4400624467430063,0.03930570941979782,2.8366372147385186,0.6878259796338478,2700.0,0.0,3.0,1.5811388300841898,686.8,803.9674744664737
Accumulate,10,0.0,0.0,0.2879556346644734,0.10478991030806739,69.18751966994073,17.34863869549295,138.02974403723383,34.572402670720734,1.0108331070007612,0.03876827114080496,0.18508810794768848,0.0327288742593286,0.9857831789551075,0.012175791778634733,0.43906340817820777,0.03853836211920247,2.867260202187558,0.7192392754676422,3000.0,0.0,3.0,1.5811388300841898,686.8,803.9674744664737
Accumulate,11,0.0,0.0,0.2808697932877858,0.07776453562688576,69.03187957180316,17.222743457820098,137.4279050583994,33.522308159747006,1.0077450121568499,0.036291988164503845,0.1860274463199134,0.021038666685478217,0.9851045007269661,0.012590889163627621,0.43715253526203696,0.03848038318589084,2.8533150537009093,0.6937622554956782,3300.0,0.0,3.0,1.5811388300841898,686.8,803.9674744664737
Accumulate,12,0.0,0.0,0.26079611262634067,0.06996893217594449,68.80260277522831,17.211893607835307,136.10016887068105,33.0942582843871,0.9979294046833067,0.03890622850948944,0.1998835612991667,0.017984625050765674,0.9848380895124235,0.012236583528802891,0.43589463447426857,0.03736896766007862,2.8530251362610337,0.7059511978558884,3600.0,0.0,3.0,1.5811388300841898,686.8,803.9674744664737
Accumulate,13,0.0,0.0,0.26458325631030744,0.08914120480619825,68.69010225379655,17.102878444634356,136.91211370169498,33.51424531901408,1.0038846924048115,0.03492229617090137,0.18282244010013962,0.019234049285737357,0.9853908231428734,0.011930232403452761,0.4373501902836431,0.03728080274028168,2.8391436119909286,0.7042853106194067,3900.0,0.0,3.0,1.5811388300841898,686.8,803.9674744664737
Accumulate,14,0.0,0.0,0.25605947113401056,0.06808213602897899,68.68149957580955,17.04480668544733,136.51339047610276,32.38613221500444,1.0023238215355381,0.03911895869758291,0.19158366607227417,0.017277718127835785,0.9853842477081172,0.011737059854213581,0.437504883529911,0.03764644652369303,2.8318792853838275,0.7002031074508014,4200.0,0.0,3.0,1.5811388300841898,686.8,803.9674744664737
Accumulate,15,0.0,0.0,0.25716865354291146,0.07830619539478711,68.58049207359646,17.043038452699953,138.44361387633882,33.79169502450559,1.0151055399758617,0.04694126032953578,0.18165890172768592,0.02832252019223071,0.9853408773453097,0.011345224952556061,0.43692699681207425,0.03668704014340348,2.8239856505926317,0.6703860036113748,4500.0,0.0,3.0,1.5811388300841898,686.8,803.9674744664737
Accumulate,16,0.0,0.0,0.258934171207929,0.08082607038156614,68.52549324889921,17.07780460915365,136.6721986460042,34.014864792031354,1.0013595641959379,0.03520284311132725,0.19704428723408732,0.03143779040550916,0.9852899524566077,0.011234540809953713,0.4368259166452786,0.036770909231605024,2.828591204836786,0.6599994076286166,4800.0,0.0,3.0,1.5811388300841898,686.8,803.9674744664737
Accumulate,17,0.0,0.0,0.26602743748039603,0.0915857975263162,68.6313280767414,17.01110681566353,137.00136165419764,33.22953718831376,1.0048166246453798,0.052292499285439505,0.19516131385065288,0.028034186383830994,0.9855111283222943,0.010983823305406284,0.43700699965809875,0.03585997065331934,2.8468336600658395,0.6682097542450836,5100.0,0.0,3.0,1.5811388300841898,686.8,803.9674744664737
Accumulate,18,0.0,0.0,0.26659129335166754,0.09962286068686348,68.73289415022865,16.8322231456885,137.27260114400653,33.802648000536756,1.0062509666254744,0.04445509849852639,0.19134123420718616,0.03865030912539698,0.9858172410465393,0.010561642179369972,0.43749749396629634,0.035098153237743054,2.8601052667489824,0.6677028395341382,5400.0,0.0,3.0,1.5811388300841898,686.8,803.9674744664737
Accumulate,19,0.0,0.0,0.2635390869803485,0.09710195170113232,68.62186859227373,16.86613744118227,136.33836496144383,33.079602826813925,1.0002101391660314,0.03177027605306723,0.16862399086633434,0.022297868624430638,0.9861692315680728,0.010293367512218977,0.4379934123987323,0.03402961183505988,2.8532860062255656,0.6583374509638382,5700.0,0.0,3.0,1.5811388300841898,686.8,803.9674744664737
Accumulate,20,0.0,0.0,0.26149757933804285,0.09675300666589934,68.57778864951318,17.017739206211377,136.79963802111394,33.62434638158082,1.0027720781492202,0.04148744778024589,0.17650083149578713,0.031640197232896766,0.9861916740385143,0.01050822189047031,0.4383765794775652,0.03474490127741301,2.8411471080748623,0.652302110943839,6000.0,0.0,3.0,1.5811388300841898,686.8,803.9674744664737
Accumulate,21,0.0,0.0,0.2660580149573876,0.0995815786015782,68.66120445227446,17.029481648511386,137.6322058257773,33.50045073886442,1.0091460942954993,0.0356547981955366,0.18442046010847576,0.03226135654022129,0.9862756799545519,0.010530492804072176,0.4385191900267805,0.03453917425514082,2.8360674318289147,0.6526141049031338,6300.0,0.0,3.0,1.5811388300841898,686.8,803.9674744664737
Accumulate,22,0.0,0.0,0.265160462273346,0.10238370790164625,68.6658514516231,16.899570430685433,136.48272648817894,33.236838147522946,1.0009763914884877,0.044218346169839315,0.18908116518320917,0.03211287753947933,0.98642010011216,0.009981614385444412,0.43888721667161273,0.03446865733419882,2.8304079861985207,0.6610066528994444,6600.0,0.0,3.0,1.5811388300841898,686.8,803.9674744664737
Accumulate,23,0.0,0.0,0.26769994370076977,0.10746905582815762,68.62282935318717,16.983381416925766,136.58943789476183,33.65540919764127,1.0011402586555316,0.03077275941174497,0.18297330654264277,0.02777104202943184,0.9867682501961406,0.009593493391976475,0.4395249550800795,0.03370071097343095,2.8300556573412714,0.6576902173697663,6900.0,0.0,3.0,1.5811388300841898,686.8,803.9674744664737
Accumulate,24,0.0,0.0,0.2684094179494477,0.10351193882000405,68.6444362687444,17.034700791258,137.10840779100002,34.361147726839626,1.0041210938304423,0.045985078017194564,0.18468991499054216,0.027724863592123696,0.9868595616227787,0.009674329640931947,0.4401003171148369,0.034392880654176165,2.8323036063676383,0.6657758982494114,7200.0,0.0,3.0,1.5811388300841898,686.8,803.9674744664737
Accumulate,25,0.0,0.0,0.27987995124917464,0.10785886921384204,68.6291733492109,17.050516044671078,137.35146998123395,34.31842971791111,1.0060722959233517,0.03922081261850333,0.1706141435359733,0.0217376698510799,0.9868918353326428,0.00968849723538964,0.43998144557189517,0.03392835224688704,2.8341821270198033,0.6641037308151179,7500.0,0.0,3.0,1.5811388300841898,686.8,803.9674744664737
Accumulate,26,0.0,0.0,0.29161352857990674,0.11451452268729678,68.73021054244465,17.167519162231986,137.67885159991565,34.50412400836249,1.008404959378214,0.041926697453615144,0.18159496322862545,0.02823968158043125,0.9869786406588175,0.009407176989680558,0.44002736092233585,0.033482444959038175,2.8313673250366564,0.6660969491063646,7800.0,0.0,3.0,1.5811388300841898,686.8,803.9674744664737
Accumulate,27,0.0,0.0,0.3010413643952309,0.11847252766718225,68.74756961483062,17.223965269828987,137.60810857503728,33.5434033740256,1.0091102232818374,0.03303349190440448,0.19894095648407062,0.033598359393496154,0.9870279656689196,0.009234731432192268,0.43998575826926983,0.03307345065930259,2.831059599049092,0.6748594100634994,8100.0,0.0,3.0,1.5811388300841898,686.8,803.9674744664737
Accumulate,28,0.0,0.0,0.30479973331583377,0.12127609817304484,68.77251027579402,17.378033581295124,137.2230669215533,34.38247040817384,1.0049235090114066,0.03690969341298274,0.19018941954349602,0.027536974542053054,0.9871284610560618,0.009193448144340722,0.4402273484444347,0.03296684263336468,2.828517552784517,0.6766877955046966,8400.0,0.0,3.0,1.5811388300841898,686.8,803.9674744664737
Accumulate,29,0.0,0.0,0.30212594195679826,0.1191219363800593,68.8028254153713,17.426355088105364,138.89777268497454,35.61007822449,1.0160196466327927,0.041662167589291685,0.18016130109566544,0.01913045772803817,0.9872572232274669,0.009232999754881196,0.44052013770415543,0.03278639579682016,2.8217749723139454,0.6764714598133935,8700.0,0.0,3.0,1.5811388300841898,686.8,803.9674744664737
Accumulate,30,0.0,0.0,0.29791582747694856,0.11494596651597125,68.80082551121274,17.46193891095134,138.3712983562943,35.0144163533492,1.0128035782981926,0.038765099727205335,0.18858017325652474,0.02627169812634838,0.9871113858139704,0.009430202214892904,0.4401722983503264,0.032948158787245774,2.8239982983900718,0.680335010097465,9000.0,0.0,3.0,1.5811388300841898,686.8,803.9674744664737
Accumulate,31,0.0,0.0,0.2921335548210523,0.10793236144086739,68.80592421608264,17.526974038588975,138.44011574929942,35.45533548261928,1.0127728830167217,0.0449151743881653,0.19289138225533295,0.024276506736797335,0.9868826369321875,0.009516161098334076,0.43954841056554433,0.033017424969926795,2.8245655155377554,0.6877709441477352,9300.0,0.0,3.0,1.5811388300841898,686.8,803.9674744664737
Accumulate,32,0.0,0.0,0.29771357186273695,0.10986219558147338,68.82034367400048,17.462940805590495,138.10130996567665,35.79507906536516,1.0099223985913666,0.03359844015161806,0.19450796676847898,0.04045540023735085,0.986727112572636,0.009569385438948634,0.4390428818313922,0.03286811866027484,2.8263893568644525,0.6866720096317753,9600.0,0.0,3.0,1.5811388300841898,686.8,803.9674744664737
Accumulate,33,0.0,0.0,0.30470776730761184,0.11409321063364884,68.84516603663306,17.49448029446519,136.29287906135923,35.06177309244925,0.9969011412025022,0.032841961310105375,0.198190551038254,0.03791046935701076,0.9866987106986768,0.009553782307852043,0.43890101874095355,0.03272493843111877,2.8336182015242617,0.6982120751086451,9900.0,0.0,3.0,1.5811388300841898,686.8,803.9674744664737
Accumulate,34,0.0,0.0,0.29752815071274225,0.10709903789298367,68.85941011827873,17.467209595776872,137.57683496771023,34.987827522728324,1.0067925970055023,0.04231524375264364,0.1943201217763896,0.023922020783931304,0.9865412956128878,0.00950862556244909,0.4384044531642887,0.032597634805316945,2.843486023239712,0.7048536379587452,10200.0,0.0,3.0,1.5811388300841898,686.8,803.9674744664737
Accumulate,35,0.0,0.0,0.2946952521432103,0.10529308271879698,68.86219350730072,17.51213717175883,137.17057402111877,34.662994523147475,1.0039787723642122,0.03793245587850604,0.19675629357872357,0.035196909992371066,0.9867160540616571,0.009394103220163551,0.4388340774710728,0.032457156634870664,2.8400782924040553,0.7058004818719876,10500.0,0.0,3.0,1.5811388300841898,686.8,803.9674744664737
Accumulate,36,0.0,0.0,0.29616583341103736,0.10703017722842753,68.83437724162454,17.454744082193073,137.20672014986718,35.54588324537256,1.0033997762834281,0.035508543143609905,0.1969244329440781,0.041254162248876444,0.9867782712021672,0.009299475019113292,0.4390195631852342,0.032482945553384844,2.8428812288703895,0.7023691142066645,10800.0,0.0,3.0,1.5811388300841898,686.8,803.9674744664737
Accumulate,37,0.0,0.0,0.29811276112204504,0.11304312560820075,68.81195395572233,17.50599795623718,136.0047611588102,33.848346596630535,0.9964224815499272,0.03470535646003333,0.20565070447233783,0.039728594671779915,0.9868957857995004,0.009047665705813446,0.43910650188397965,0.031908600236481885,2.8375462543134296,0.7074584569465922,11100.0,0.0,3.0,1.5811388300841898,686.8,803.9674744664737
Accumulate,38,0.0,0.0,0.29679232942683065,0.10755728894123678,68.7900577819747,17.458793505100708,137.42704111880556,33.39520056959827,1.0077918522948592,0.032302929491527056,0.2107411389091581,0.04134837990103052,0.9871055031805145,0.008884507766861113,0.4397613219328703,0.032050547554489016,2.833363551697654,0.7029498284538944,11400.0,0.0,3.0,1.5811388300841898,686.8,803.9674744664737
Accumulate,39,0.0,0.0,0.30153653644605993,0.11175939397639019,68.7926139967691,17.557706786422955,136.7351005572317,34.597708129476935,1.0013401459663371,0.017163897977133313,0.18608474878241385,0.035852718814070025,0.9871154134242925,0.008910062712377124,0.4396456629903856,0.03170959880394977,2.8272882164293103,0.7003575978971867,11700.0,0.0,3.0,1.5811388300841898,686.8,803.9674744664737
Accumulate,40,0.0,0.0,0.29848986810076694,0.10892280078282524,68.78650098401107,17.618439044103802,137.6642379276586,34.19729642088883,1.0085225243262455,0.036309680177963786,0.1955070782730882,0.03634077749830643,0.9870253711644519,0.008908823051225109,0.43940842586752293,0.03175545218785689,2.831060600638666,0.708711314664316,12000.0,0.0,3.0,1.5811388300841898,686.8,803.9674744664737
Accumulate,41,0.0,0.0,0.29476682222839845,0.10985237576028535,68.80874022070248,17.626920702365652,137.88403527225125,36.60002145031522,1.0069284778712542,0.04072688476138547,0.19185545030836107,0.032295045287558194,0.9870834382526279,0.008898317443128712,0.4396009130742085,0.03182028308008561,2.8337491261264094,0.7088081908227771,12300.0,0.0,3.0,1.5811388300841898,686.8,803.9674744664737
Accumulate,42,0.0,0.0,0.29445055482505633,0.11226683432690249,68.83695253129284,17.59017781265002,137.4040733810032,33.31577718787466,1.0078218730720394,0.03170137767901895,0.18862719801273964,0.019798353953007462,0.9870282473890795,0.009085362142973607,0.43949969046320947,0.03194884867869527,2.831377091717641,0.7050786160270937,12600.0,0.0,3.0,1.5811388300841898,686.8,803.9674744664737
Accumulate,43,0.0,0.0,0.2949407625777249,0.11477253687752217,68.84944009627347,17.60410202351379,136.42072480854918,35.95988289134409,0.9970455497097269,0.033458546001786216,0.1852212268818719,0.036917637708508984,0.986929976500471,0.009178022555103384,0.43903787093993163,0.03150859395275373,2.8397865696916864,0.7064172950821881,12900.0,0.0,3.0,1.5811388300841898,686.8,803.9674744664737
Accumulate,44,0.0,0.0,0.29818803478868944,0.1152169449827077,68.88475927376416,17.57946322149084,138.37507779444618,35.0309329844648,1.0129664894477524,0.0413885459986758,0.22253323600635805,0.045494252282363964,0.9868065687097888,0.009438570876360136,0.43888298981176826,0.03196723105409,2.837170093950752,0.7069741437069589,13200.0,0.0,3.0,1.5811388300841898,686.8,803.9674744664737
Accumulate,45,0.0,0.0,0.29910681355187363,0.11709591337271286,68.86157442863387,17.59410285586527,138.68111456489052,35.85206365467827,1.0142911342148644,0.032947778126843026,0.18257216557818104,0.030113084468033523,0.9867879073023467,0.009437491255910502,0.43877726478973295,0.03183979508495817,2.8381646809885255,0.711717628766364,13500.0,0.0,3.0,1.5811388300841898,686.8,803.9674744664737
Accumulate,46,0.0,0.0,0.29585633607733214,0.11590089362490771,68.85964112543647,17.59629064269456,137.69726630755105,35.03622137995948,1.0077452965297604,0.0358169011186507,0.19147654055416488,0.02640724861113408,0.9866326718396973,0.009704632351429442,0.43848329398885033,0.03217290245773212,2.835048736605009,0.7091681148008412,13800.0,0.0,3.0,1.5811388300841898,686.8,803.9674744664737
Accumulate,47,0.0,0.0,0.29393323369913654,0.11423585556046455,68.87117482110672,17.57987155355747,136.88866043695776,36.0453278605557,1.000102471158879,0.03916867009209414,0.20190408930957454,0.04552660404059183,0.9865340475828706,0.009857082540445983,0.4382251699282561,0.03221079384784524,2.8372017449762392,0.7082773808467057,14100.0,0.0,3.0,1.5811388300841898,686.8,803.9674744664737
Accumulate,48,0.0,0.0,0.29658244718877336,0.1155295536994046,68.89466262669877,17.607921173283145,137.71575901116339,34.231051010221535,1.009211753608382,0.028931197380530526,0.19150663125570838,0.04403419220019082,0.9862336960544047,0.010078716064116536,0.43742287810712843,0.032276435898847454,2.8356045463037964,0.7042762216175887,14400.0,0.0,3.0,1.5811388300841898,686.8,803.9674744664737
Accumulate,49,0.0,0.0,0.29586487251270105,0.11418092415989597,68.84512158419079,17.559228288704816,138.48626084563338,35.647978572684615,1.012954195127123,0.039288746747027314,0.18858424550267783,0.0312912177147016,0.9863214796791986,0.0099805271860632,0.4375348971707666,0.03196322898795681,2.8333396676012534,0.70473989961553,14700.0,0.0,3.0,1.5811388300841898,686.8,803.9674744664737
Accumulate,50,0.0,0.0,0.2981521505080619,0.117359055553604,68.86569673872263,17.5667643552722,136.9331961814975,34.34909274886567,1.002896995619261,0.026158170945554334,0.18447926155957733,0.024857526397661117,0.9863161081001957,0.009973546717107417,0.4375462343103698,0.03202720374195933,2.8357110455417818,0.7008144703976531,15000.0,0.0,3.0,1.5811388300841898,686.8,803.9674744664737
Accumulate,51,0.0,0.0,0.2986002069397534,0.11665665542388236,68.85822527899684,17.546874433663984,137.5176744257572,35.45640067035594,1.0056914901068814,0.034418153350392576,0.2010951434467252,0.05402001326802422,0.9863957653735236,0.00996199505979853,0.4376111300024748,0.03164801065885205,2.832847560214727,0.7057290374909054,15300.0,0.0,3.0,1.5811388300841898,686.8,803.9674744664737
Accumulate,52,0.0,0.0,0.2997544722271529,0.11661714599543366,68.83875769984401,17.53059505164151,138.18436362794472,35.264728450414644,1.011007172842953,0.04496528689613392,0.2070400606510885,0.029305976875322628,0.986600524031825,0.00971575497674732,0.43784799569879346,0.030833592257507206,2.8370499260715376,0.7103662324703984,15600.0,0.0,3.0,1.5811388300841898,686.8,803.9674744664737
Accumulate,53,0.0,0.0,0.2999903826011897,0.11573027419931227,68.8620376351499,17.55039427805608,137.94435116053597,35.112836560007416,1.0093577622890206,0.03431791539643377,0.20054649963291843,0.03141072198666909,0.9864838450236186,0.00987084237300919,0.43764158222977523,0.03112189684663454,2.838611723940467,0.7079065217581448,15900.0,0.0,3.0,1.5811388300841898,686.8,803.9674744664737
Accumulate,54,0.0,0.0,0.2994281916201181,0.11341635221632954,68.85283156581309,17.540084034205435,137.67208378722276,35.233206499921145,1.0072623575455018,0.04060180815582746,0.19406228745127685,0.024714929215439434,0.9863256904913971,0.010096228136720653,0.4372288076748119,0.031172603115623525,2.8404993717583524,0.7046713088057243,16200.0,0.0,3.0,1.5811388300841898,686.8,803.9674744664737
Accumulate,55,0.0,0.0,0.30060854345834737,0.11562245772247594,68.84713176740138,17.55554696769264,138.43445892207794,35.79707628401618,1.0122381402559844,0.04017492442702227,0.19286983381639447,0.026733866045861473,0.9863476626794812,0.010167853820304745,0.4372667971343279,0.031114556866428045,2.8369978965976617,0.702706024145268,16500.0,0.0,3.0,1.5811388300841898,686.8,803.9674744664737
Accumulate,56,0.0,0.0,0.30378806301420497,0.11836403465642689,68.87182554569335,17.59385458228661,137.9529510914734,34.77084325081542,1.0099881117222442,0.04491097172285789,0.19496569340083544,0.02449175512061453,0.9861482753539066,0.010267997401839722,0.43668009657082213,0.03100539279274295,2.8347655460082093,0.7013727583125521,16800.0,0.0,3.0,1.5811388300841898,686.8,803.9674744664737
Accumulate,57,0.0,0.0,0.30324221164780335,0.11830472814156241,68.90287086140914,17.604793151984886,136.82854191743056,33.98883190867282,1.0022958254313767,0.04125640225525688,0.19406918634926495,0.03360284118995759,0.9861603153843074,0.010390786117458112,0.43680432172770367,0.031234488582702658,2.837712378909627,0.696691130667549,17100.0,0.0,3.0,1.5811388300841898,686.8,803.9674744664737
Accumulate,58,0.0,0.0,0.30133606545371733,0.1162423033764154,68.91394960031721,17.644041255604016,137.6058149944689,33.576155772384034,1.0088413952895743,0.03658202270753248,0.19501628871140597,0.04283154735067747,0.9862844734890036,0.010358061261425562,0.437059918448771,0.0310242421641347,2.8362782493911847,0.6946648654350062,17400.0,0.0,3.0,1.5811388300841898,686.8,803.9674744664737
Accumulate,59,0.0,0.0,0.30243795001740803,0.11877259238058996,68.92203376853652,17.631633813227367,137.30110822569432,35.22543853145362,1.0044644721215579,0.034974985939502566,0.1987357594165906,0.02867714207429355,0.9863698787144353,0.010251970654655797,0.4372379298379684,0.03088503488351972,2.838591252958911,0.6969363371711257,17700.0,0.0,3.0,1.5811388300841898,686.8,803.9674744664737
Accumulate,60,0.0,0.0,0.30360540922991447,0.11754068720644985,68.91446770766906,17.620963727178285,137.22205915366195,34.972552020168195,1.004126216796276,0.04140097625620037,0.1872738916402344,0.017536645205664475,0.9864251570065564,0.010381579826172934,0.4374887095577204,0.031131070616344212,2.842713713524288,0.6956180727941365,18000.0,0.0,3.0,1.5811388300841898,686.8,803.9674744664737
Accumulate,61,0.0,0.0,0.3079973283712513,0.11991147428221025,68.89629830351967,17.584830449032026,137.45941668291454,34.5323192855011,1.0065090535408572,0.03400648109075765,0.1939594290258327,0.03804526609222833,0.9863846967149517,0.010403002494704485,0.437386124206668,0.03115253376132767,2.8425127559567818,0.6942897301875902,18300.0,0.0,3.0,1.5811388300841898,686.8,803.9674744664737
Accumulate,62,0.0,0.0,0.30660652697420443,0.11772639058098226,68.87019423502836,17.60175333997612,138.0991055196505,36.69502481892833,1.008577699885337,0.04023273882419787,0.18971111414217484,0.0368993269893607,0.9864583017394836,0.010300675955731949,0.4375225646754191,0.03098868925839386,2.844149051699563,0.6958524472263422,18600.0,0.0,3.0,1.5811388300841898,686.8,803.9674744664737
Accumulate,63,0.0,0.0,0.30836932366728864,0.1179891863419986,68.89110115250169,17.59443362335723,137.70122558905473,35.77650454582126,1.007090185729995,0.02965288236058468,0.20726070204593508,0.03734145722542376,0.9864909833792244,0.010253817960615232,0.4375827695267963,0.03091449320155013,2.844137735064179,0.6910725015406515,18900.0,0.0,3.0,1.5811388300841898,686.8,803.9674744664737
Accumulate,64,0.0,0.0,0.30965044435398015,0.1193692866848872,68.86397765756695,17.559650847645518,136.65670604954136,35.25580401196113,0.9994521560597504,0.03737511022001259,0.19088765235714575,0.0460739261770057,0.9865452719061218,0.010233463231691895,0.43783984633072653,0.031183329893074506,2.8428132965380946,0.6872362943481779,19200.0,0.0,3.0,1.5811388300841898,686.8,803.9674744664737
Accumulate,65,0.0,0.0,0.3091977292951406,0.11949436949416843,68.87586348618545,17.569397672493114,137.60024275222509,35.312303787048364,1.0065441391187981,0.030070687591023708,0.20207974792620392,0.027589851786126825,0.9864846422243373,0.010232108593313987,0.4376483649965196,0.031123976012877985,2.8434002139666683,0.6881289565715182,19500.0,0.0,3.0,1.5811388300841898,686.8,803.9674744664737
Accumulate,66,0.0,0.0,0.3071937826248098,0.11811657745463852,68.90503142222062,17.581369023651867,136.4577142432087,34.642613933572115,0.9987143540505679,0.032613240791791384,0.20241360088177562,0.04844865461432811,0.9865348538358824,0.010076682151267821,0.4377119260958803,0.030939328187128686,2.8462940532137564,0.6870863185822645,19800.0,0.0,3.0,1.5811388300841898,686.8,803.9674744664737
Accumulate,67,0.0,0.0,0.31009087408840685,0.12000313995748393,68.86608914304476,17.56369768859777,137.77022771309024,35.473118552249296,1.0076158871690528,0.03648362977608069,0.19670818190193576,0.04686318764833325,0.9865213087658076,0.00994877834742601,0.43755585051873247,0.030642207253630187,2.844572316462067,0.6869382186715416,20100.0,0.0,3.0,1.5811388300841898,686.8,803.9674744664737
Accumulate,68,0.0,0.0,0.30868862755636517,0.11851696081068504,68.8657667606439,17.562222854882087,137.5911191777617,34.542005795078616,1.0074068049565625,0.03972404791298717,0.20695096315276568,0.03359451074742626,0.9863719694272373,0.009927525074403922,0.43703772034667904,0.030365241874143314,2.8454016442298946,0.6879579012220424,20400.0,0.0,3.0,1.5811388300841898,686.8,803.9674744664737
Accumulate,69,0.0,0.0,0.3075747260879719,0.118665183211049,68.88387168534845,17.5580557218241,137.58872166516272,36.29128930239284,1.0055648415529883,0.0368547272739288,0.18819833910008582,0.02847525409752217,0.9863175862850007,0.009904669960898997,0.4367673605492789,0.030047419306303846,2.8437047302156833,0.6881483404364971,20700.0,0.0,3.0,1.5811388300841898,686.8,803.9674744664737
Accumulate,70,0.0,0.0,0.3078417496440704,0.1188806049148704,68.86270916123479,17.538766577057658,138.34077991892667,34.79620390617894,1.0131953037416834,0.03508107572685613,0.19226402899868816,0.02476734439405073,0.9863555442250952,0.009868594649838762,0.436806700711761,0.029879453972132628,2.841860197556165,0.6886122305012078,21000.0,0.0,3.0,1.5811388300841898,686.8,803.9674744664737
Accumulate,71,0.0,0.0,0.30653013208833435,0.11730407300901098,68.83249016835877,17.50056216775559,137.99909044603524,35.46656878872794,1.0094012669378274,0.03570280722980725,0.19067485172008208,0.03454537829557392,0.9864615131345176,0.009855820275946102,0.4371305878762617,0.029970337344716318,2.840596931761185,0.6860422452999573,21300.0,0.0,3.0,1.5811388300841898,686.8,803.9674744664737
Accumulate,72,0.0,0.0,0.3083601283027871,0.11878728560359268,68.84206389430997,17.495956646478316,137.1284104869099,36.64114094977216,1.0017657939754416,0.03931943165209201,0.19405876599873775,0.036164996519637206,0.9864853709892648,0.009805471152873111,0.4371114326761525,0.02974926497977672,2.838610139675265,0.6842081972269717,21600.0,0.0,3.0,1.5811388300841898,686.8,803.9674744664737
Accumulate,73,0.0,0.0,0.31024202464888295,0.11985859585902706,68.82913340032817,17.49024055988757,136.7328092039869,33.921577669007156,1.0021642280382925,0.026464570931646197,0.1824009630443184,0.030572502566436108,0.9865392873187044,0.009831353915539498,0.43719022692172455,0.029565969821144088,2.8342262534440175,0.6818836329869454,21900.0,0.0,3.0,1.5811388300841898,686.8,803.9674744664737
Accumulate,74,0.0,0.0,0.30747561479111074,0.11739762604954984,68.83172784425778,17.4795872669864,137.05368903322133,35.42128753772773,1.002562496008333,0.028802047688611082,0.19682470650095718,0.038434648403320226,0.9866247168390292,0.009744988227548821,0.4373672841744004,0.02941540894897681,2.833709354827407,0.6805903038007582,22200.0,0.0,3.0,1.5811388300841898,686.8,803.9674744664737
Accumulate,75,0.0,0.0,0.30955365841831,0.11773627678566558,68.8256709104335,17.48729787266748,137.34416407451192,34.01322363468432,1.0063531620332327,0.03654411031616719,0.18974441362526212,0.02960714727075047,0.9866048953342389,0.009785131970594049,0.43732505896686985,0.029446953853113595,2.8334878868563487,0.6784872319807299,22500.0,0.0,3.0,1.5811388300841898,686.8,803.9674744664737
Accumulate,76,0.0,0.0,0.30971215091461957,0.11841330105537269,68.81508019270167,17.512203585094554,137.52657551686326,34.709180657103715,1.0067489629808761,0.03858948323941983,0.2134514804296821,0.043625674252119315,0.9866531897264552,0.009701809822939153,0.4374001406221558,0.02929536985070161,2.831797627173317,0.6802665158890174,22800.0,0.0,3.0,1.5811388300841898,686.8,803.9674744664737
Accumulate,77,0.0,0.0,0.31118426619917156,0.12143645174124269,68.81102551726133,17.514384890731407,138.20599539100527,35.20332322937662,1.011252544827372,0.04652604698715821,0.192929903956645,0.03370281344934958,0.9866408653396761,0.009734488386719342,0.4374165063090569,0.029428466417577487,2.829869495031222,0.6733345969744976,23100.0,0.0,3.0,1.5811388300841898,686.8,803.9674744664737
Accumulate,78,0.0,0.0,0.3102611905131928,0.11761205787096407,68.81092405805352,17.526266969024817,136.82121405227366,33.54494594553163,1.0029816104771552,0.02677704448297782,0.19200704099058113,0.04006096874252661,0.986555235845149,0.009819556389994193,0.4372235469863258,0.029538618937975786,2.8297891642047097,0.6760301220608312,23400.0,0.0,3.0,1.5811388300841898,686.8,803.9674744664737
Accumulate,79,0.0,0.0,0.311137058520846,0.1175107239498671,68.82901358999575,17.557637511314773,137.82073219398188,35.38185692177257,1.0084218707162145,0.033377463287312115,0.20695545903906268,0.04146964792630965,0.9865277379810241,0.009778092997380715,0.43710491069380614,0.02942443170449312,2.833451919911352,0.6736266759199807,23700.0,0.0,3.0,1.5811388300841898,686.8,803.9674744664737
Accumulate,80,0.0,0.0,0.3126608467516603,0.11872556522541797,68.84483391160093,17.55496198165905,138.25309978897488,36.25824344434516,1.0103678267307565,0.04073698828931815,0.19838762374202942,0.02979910547948276,0.9865390409053975,0.009758420985682133,0.43716427809746633,0.029500719399248334,2.8299331509025594,0.6669794548281521,24000.0,0.0,3.0,1.5811388300841898,686.8,803.9674744664737
Accumulate,81,0.0,0.0,0.3129582217411083,0.11879042676389363,68.84914372998017,17.564052923046294,137.6450536763937,35.040777690931456,1.0074578393300218,0.03298443793131824,0.19173905110177827,0.037332615379475756,0.9865483432384557,0.00966997186417068,0.43705044036162677,0.029129485511533288,2.8305881269647593,0.6641678634937488,24300.0,0.0,3.0,1.5811388300841898,686.8,803.9674744664737
Accumulate,82,0.0,0.0,0.31054452888054696,0.11719412317318625,68.85652075395254,17.576727530570157,137.43617033912625,34.417732097032435,1.0065786760248792,0.029562905149946944,0.2046156880025835,0.044182059379506325,0.9863975657963383,0.009791427857858725,0.43670076485511056,0.029292733178716605,2.827950298816737,0.6605262708298403,24600.0,0.0,3.0,1.5811388300841898,686.8,803.9674744664737
Accumulate,83,0.0,0.0,0.3113580332212181,0.11733729256187211,68.85939003483088,17.578587080923402,137.72870199895308,34.82682461564019,1.0081733083748066,0.03956571173638038,0.19693661900257137,0.043296652983878706,0.9863512952905514,0.009822354841181874,0.4365992211191325,0.029357317333808447,2.8243741961884536,0.6598038184427567,24900.0,0.0,3.0,1.5811388300841898,686.8,803.9674744664737
Accumulate,84,0.0,0.0,0.31131320380327693,0.11602027668028042,68.87222422497857,17.586079910879523,138.05344918648362,35.82600350632869,1.0095018360631687,0.03194604548940547,0.19405273382396668,0.03302411017216539,0.9863097708591454,0.00990928785496598,0.4364853103753804,0.0293516242536332,2.826815129469238,0.6602105153099342,25200.0,0.0,3.0,1.5811388300841898,686.8,803.9674744664737
Accumulate,85,0.0,0.0,0.31061898220746376,0.11536121405925288,68.8508898826694,17.599867937507202,138.20520786128753,36.271909160532054,1.0096710489863292,0.04226872583236458,0.21099490104247667,0.03293651868163235,0.9863271074393676,0.00998719559870709,0.4365813590799824,0.0294816884088073,2.829484770597578,0.6628517598730829,25500.0,0.0,3.0,1.5811388300841898,686.8,803.9674744664737
Accumulate,86,0.0,0.0,0.3109020566596758,0.11471887741859602,68.84839027024184,17.610160052526762,137.11201877313155,35.93351016673992,1.001937176935248,0.03940482110068667,0.20241561596370294,0.03045026461671967,0.9865138921143805,0.009839260479520872,0.4369771432092181,0.029181346817182652,2.8299170318683062,0.6619046267866749,25800.0,0.0,3.0,1.5811388300841898,686.8,803.9674744664737
Accumulate,87,0.0,0.0,0.3099037219711721,0.11347886092083624,68.85875513533496,17.59676002129261,137.44077199621418,36.18912450603463,1.0043106658411716,0.03325345083459739,0.19934213897874473,0.029924682085606908,0.9865633321558184,0.009881591972462592,0.4371557067054983,0.02929664116424815,2.827788081289408,0.663540835998312,26100.0,0.0,3.0,1.5811388300841898,686.8,803.9674744664737
Accumulate,88,0.0,0.0,0.310850790751902,0.11464064205155708,68.85681366392791,17.579230562187618,137.87560298709687,34.89372083087792,1.0094228729759755,0.02848978813537252,0.21183519829607816,0.03287911705136028,0.9865901135311065,0.009917426638919296,0.437277430427448,0.029424678712386205,2.8303954069049397,0.6646524931172344,26400.0,0.0,3.0,1.5811388300841898,686.8,803.9674744664737
Accumulate,89,0.0,0.0,0.3108414823695929,0.11589520779542895,68.84995150215158,17.56834685965305,137.64296801929254,34.26674747898807,1.008380770343181,0.03526843534486849,0.19411955969137415,0.04060974296494645,0.9866234459022154,0.009949451059147794,0.43740836656178483,0.029528294777211996,2.829759359810954,0.6679955376679667,26700.0,0.0,3.0,1.5811388300841898,686.8,803.9674744664737
Accumulate,90,0.0,0.0,0.3097418636217379,0.11526487046929573,68.84801762728281,17.567831723866664,138.13575719058082,35.96710883682495,1.0098002380839695,0.03578590017123116,0.20014871223338573,0.04347852481734061,0.9865559237189025,0.009990593336665191,0.4372658779920706,0.029641228441575965,2.828682601302551,0.6681518255514401,27000.0,0.0,3.0,1.5811388300841898,686.8,803.9674744664737
Accumulate,91,0.0,0.0,0.30884687976824965,0.11663770580005954,68.84562749098987,17.56464510729605,138.2383750158619,34.391289155807854,1.0127573429113705,0.03429507460489318,0.18602579604592367,0.04012540668860821,0.9866003523748399,0.009985548087617311,0.4373784313238674,0.02961620096084081,2.829769703043766,0.6647762151393827,27300.0,0.0,3.0,1.5811388300841898,686.8,803.9674744664737
Accumulate,92,0.0,0.0,0.31029250138038333,0.11531357703156425,68.85785950461513,17.568837307300115,138.41414499715697,34.88551054594699,1.0132684574892008,0.041748946313416316,0.1958959242556336,0.03071811985712962,0.9866393137660353,0.00997223750442829,0.43743296044585567,0.029477102527579097,2.8325491191133967,0.664708730083843,27600.0,0.0,3.0,1.5811388300841898,686.8,803.9674744664737
Accumulate,93,0.0,0.0,0.31061736201742995,0.11390802600638787,68.85726113512213,17.553769616951083,138.03889811270423,34.97785271338423,1.0102884448640819,0.034740322720832544,0.20065131816191265,0.027977080134853123,0.9867496247167941,0.009879633360843208,0.43763204861362315,0.029200079725732134,2.8327362282781836,0.6653649076726736,27900.0,0.0,3.0,1.5811388300841898,686.8,803.9674744664737
Accumulate,94,0.0,0.0,0.3117910368500959,0.113501147653426,68.85930026731644,17.549625737856022,138.30427886009062,35.36554903607997,1.0117359869688174,0.043350147646202375,0.19531592206678816,0.03634438587299291,0.9868097510908596,0.009823893672126358,0.4377967350291109,0.029197409473830187,2.8346755546652758,0.6652701614090171,28200.0,0.0,3.0,1.5811388300841898,686.8,803.9674744664737
Accumulate,95,0.0,0.0,0.31022217310149874,0.11254190652412702,68.88372921447552,17.56221713685042,137.80205952880766,34.41972477124187,1.0093228559934944,0.03022602718157439,0.2061374686514305,0.04217697644766545,0.9868084274164939,0.009874789480196867,0.43783907421430346,0.029318251925117694,2.8365951616812746,0.6657416016553628,28500.0,0.0,3.0,1.5811388300841898,686.8,803.9674744664737
Accumulate,96,0.0,0.0,0.3094747210362792,0.11104851838290283,68.87011619393168,17.5499522768284,137.8451447167115,34.8605682907712,1.0092791711695988,0.02957383339166068,0.2026273851095009,0.04218484177076666,0.9867967265170166,0.009984117053908092,0.43793153021823794,0.029644232153569743,2.83492915699893,0.6608297421766837,28800.0,0.0,3.0,1.5811388300841898,686.8,803.9674744664737
Accumulate,97,0.0,0.0,0.30953342665986383,0.11039567817163658,68.86041360036097,17.552685052150483,137.63093905049038,35.140918309721656,1.007086740121475,0.03474967737024356,0.20802438565796572,0.02725742120160971,0.9868656610379736,0.009955074196759972,0.4381410326233314,0.029691741697564382,2.831626423785445,0.6576840292405906,29100.0,0.0,3.0,1.5811388300841898,686.8,803.9674744664737
Accumulate,98,0.0,0.0,0.3117298817523068,0.11246860191805812,68.86310984829895,17.53794832057519,138.0785792586118,36.64800210139095,1.0085872888368446,0.03359034346509143,0.18418196496762995,0.027436703369281834,0.9868720610969299,0.009975058717358433,0.4381522251875823,0.029673935697147078,2.8275857274964333,0.6554292190624504,29400.0,0.0,3.0,1.5811388300841898,686.8,803.9674744664737
Accumulate,99,0.0,0.0,0.3110585654969568,0.11031388636090708,68.8573501305475,17.533780272998573,139.12847874844337,35.453986932447975,1.018234474880526,0.03461759324691229,0.19942623926613617,0.03399852951577147,0.9868851229894771,0.010090244154561528,0.4383217227734718,0.030015063206949178,2.8251891424253364,0.65542842794342,29700.0,0.0,3.0,1.5811388300841898,686.8,803.9674744664737
Accumulate,100,0.0,0.0,0.3106738480573379,0.11005382084624779,68.86194564699038,17.530722635793236,138.716617368952,35.709207971844,1.0144466950965045,0.03603158288525716,0.1927568326629458,0.0335086706683546,0.9868806273399293,0.010072245813483753,0.4383440237164734,0.03010493496748199,2.8266036023875456,0.6551839401443383,30000.0,0.0,3.0,1.5811388300841898,686.8,803.9674744664737
Accumulate,101,0.0,0.0,0.31138883786762883,0.10956862250929521,68.8792354470132,17.533073786320866,138.01336645567898,36.11837697664456,1.0088700269169064,0.03390339374682552,0.1987029163362613,0.042839017848516465,0.9868995889054453,0.010125915894113546,0.43851247464626086,0.03039712003395484,2.8259736125864454,0.653787730298396,30300.0,0.0,3.0,1.5811388300841898,686.8,803.9674744664737
Accumulate,102,0.0,0.0,0.3136362549670034,0.11347016901187942,68.86487870596144,17.51223454659897,137.54476229751444,34.634120917443305,1.0071808973470753,0.02599194794595387,0.20464254286598185,0.048827860715589505,0.9869137963828072,0.010004379447783363,0.43844346472183454,0.030123911053404374,2.8245923206222114,0.6520192007573832,30600.0,0.0,3.0,1.5811388300841898,686.8,803.9674744664737
Accumulate,103,0.0,0.0,0.3133018596823544,0.11221243256925349,68.85014713280538,17.503232660992555,137.06352319332754,34.42057978178694,1.003644329373198,0.044411804131443446,0.19420809506765674,0.019785370801064964,0.9868988698777716,0.010101375081603055,0.43843732642166583,0.03021217683507705,2.8227235950604284,0.650308555155313,30900.0,0.0,3.0,1.5811388300841898,686.8,803.9674744664737
Accumulate,104,0.0,0.0,0.3155510106457413,0.11408439010060721,68.84311453570803,17.503468970218055,136.14266536166912,35.86878414075411,0.9947250141360444,0.03602426898574763,0.18811953640294737,0.032894766962913755,0.9869195411696337,0.010116515074238405,0.43850037943953246,0.030224980697822684,2.822775401279613,0.6480103593385067,31200.0,0.0,3.0,1.5811388300841898,686.8,803.9674744664737
Accumulate,105,0.0,0.0,0.3161192535608299,0.11468485276799592,68.84576963993713,17.50072610560477,136.78682916753627,33.8656121173154,1.0023547004794338,0.028511622278807606,0.21015342013857025,0.04921802038710179,0.9869234385475154,0.010119888108982227,0.4385149036573945,0.03023406337865652,2.8237245332850938,0.6477318627248907,31500.0,0.0,3.0,1.5811388300841898,686.8,803.9674744664737
Accumulate,106,0.0,0.0,0.3169536392838476,0.11663141961431703,68.84364738999118,17.496922897333075,138.13785231688885,34.07469295135142,1.0122486325726474,0.039455694686654344,0.1851896677087014,0.023508667776069584,0.9868361615118706,0.010164654019213069,0.43829419466846264,0.03029222657057329,2.82282465076117,0.6500656131845655,31800.0,0.0,3.0,1.5811388300841898,686.8,803.9674744664737
Accumulate,107,0.0,0.0,0.3159599492568609,0.11624813192190675,68.83442567717215,17.49752527036267,137.98254426710125,35.65866402373783,1.009260156147588,0.03145844011393118,0.1904624065315825,0.033847507182549294,0.9867429310671325,0.010279019260108678,0.4381368869520295,0.030549547333827427,2.823349825882807,0.6504039201607444,32100.0,0.0,3.0,1.5811388300841898,686.8,803.9674744664737
Accumulate,108,0.0,0.0,0.3170471427461464,0.11626308692679084,68.83274193409352,17.495468233219405,135.86538544648556,34.206808012530445,0.9947283221042206,0.03372818799547811,0.1830048465084282,0.04866182063825395,0.9867978819324905,0.010251149087772853,0.43827423207866306,0.030510309911816833,2.823661799600061,0.6527154579893065,32400.0,0.0,3.0,1.5811388300841898,686.8,803.9674744664737
Accumulate,109,0.0,0.0,0.31877023872325355,0.11763848832018349,68.84115816437148,17.494629960754928,138.0870452910517,35.11680103421367,1.0107827665640032,0.02831242973231964,0.2088401517058934,0.037578042382079284,0.9867911168917924,0.010292758265372235,0.4383213512735978,0.03067558435308067,2.822082606601115,0.6497832658633969,32700.0,0.0,3.0,1.5811388300841898,686.8,803.9674744664737
Accumulate,110,0.0,0.0,0.3182781806916196,0.11736438942190415,68.83100271936047,17.48720639136846,138.02819415738944,35.44195050565296,1.0097084355035681,0.03431291164957305,0.19405465484956091,0.0308128445939689,0.986755963421583,0.010393687715817546,0.4382907046115112,0.030842056925013468,2.823200999444897,0.6512966888250782,33000.0,0.0,3.0,1.5811388300841898,686.8,803.9674744664737
Accumulate,111,0.0,0.0,0.3164352951297399,0.11683494808262673,68.84070895057837,17.476187839541016,137.30618132633984,35.37046384748613,1.0043238044227816,0.033440136528479665,0.19158761279393693,0.03259007789512582,0.9867738511683097,0.010408317159279017,0.43835115480383813,0.030867903811415246,2.8208747125647564,0.6503320427060596,33300.0,0.0,3.0,1.5811388300841898,686.8,803.9674744664737
Accumulate,112,0.0,0.0,0.315984434748661,0.11721653233174383,68.84214415593947,17.476625767950875,138.58043297929356,34.40688348053092,1.0152129222051358,0.032658517343666066,0.1901284146596198,0.04722478313828842,0.9868276374622218,0.010365053223918392,0.4384843053850502,0.030825970089832407,2.8203397426290073,0.6503734691793477,33600.0,0.0,3.0,1.5811388300841898,686.8,803.9674744664737
Accumulate,113,0.0,0.0,0.31313324799431896,0.11457488713291063,68.85760755596434,17.493491992367172,137.2964862590136,35.04919829293545,1.0048439844472177,0.043176435552862005,0.1952608862770144,0.03801773806498585,0.9868755235713277,0.010308575475175177,0.4384713194789082,0.030458466871085946,2.82076092146115,0.6496098917711483,33900.0,0.0,3.0,1.5811388300841898,686.8,803.9674744664737
Accumulate,114,0.0,0.0,0.3135698350798189,0.11481784132877666,68.85479586522617,17.518750978763773,138.26536748986047,33.972428385696176,1.0137010587171615,0.025577003416951617,0.19731007529884198,0.027637068878804676,0.9868952301560612,0.010300757366606511,0.438548732559232,0.030514687082570977,2.8207352712663774,0.6473246443581899,34200.0,0.0,3.0,1.5811388300841898,686.8,803.9674744664737
Accumulate,115,0.0,0.0,0.314051434215067,0.11571898292624744,68.83878171542207,17.52464000761183,138.83224580916553,36.59599469988886,1.0143408348567768,0.036077930012575275,0.2022423459915048,0.04099466450912574,0.986880303593955,0.010373722942089887,0.4385315449849994,0.030574679002330775,2.8207041055290603,0.6474970363663998,34500.0,0.0,3.0,1.5811388300841898,686.8,803.9674744664737
Accumulate,116,0.0,0.0,0.3147461945070302,0.11644535257337675,68.85435328439556,17.532105629606782,137.51078704615523,36.22551258012154,1.0046538115587542,0.0405682595269568,0.20200433928024672,0.03416268551388326,0.9869280468995335,0.01039115499815372,0.43867175391485824,0.030589958736317417,2.8226494428353135,0.6485670031713242,34800.0,0.0,3.0,1.5811388300841898,686.8,803.9674744664737
Accumulate,117,0.0,0.0,0.31551653872091207,0.11811996816510917,68.86452956263022,17.549381394720555,137.33353561708037,35.46776362869845,1.0042305204706465,0.0382350238302539,0.19942028058920358,0.04662033665896447,0.9869903443789984,0.010326549123235686,0.43876579126278414,0.030388070021058013,2.822161360194174,0.6475161717648341,35100.0,0.0,3.0,1.5811388300841898,686.8,803.9674744664737
Accumulate,118,0.0,0.0,0.31495327758071656,0.11688709256456704,68.87064291395127,17.554533355789825,137.20231112563707,35.64440011655204,1.0030640204323293,0.036033093105740044,0.183412951135963,0.03407179885491724,0.987059021315796,0.010278836574455457,0.4389428220978031,0.030348020666394544,2.822073251559888,0.6476808331563925,35400.0,0.0,3.0,1.5811388300841898,686.8,803.9674744664737
Accumulate,119,0.0,0.0,0.31420407755955715,0.11595030291046794,68.85487911433209,17.53019054435142,137.29986420552635,34.10925868305872,1.005749718551496,0.032840695030735674,0.19977580110652102,0.03263032829418137,0.9870331305301902,0.010301922130710583,0.43889322558715654,0.0304062416491223,2.8213799354556333,0.646302641077045,35700.0,0.0,3.0,1.5811388300841898,686.8,803.9674744664737
Accumulate,120,0.0,0.0,0.313332334126974,0.11586268356221943,68.86508207867692,17.545066877860936,138.32624823610226,35.55607418485586,1.0119585068555135,0.027903271218233647,0.1814137216870912,0.017021784825469854,0.9870691043719338,0.010234044683631609,0.43892875480240967,0.030242135572736563,2.8222116266668054,0.6449530708683983,36000.0,0.0,3.0,1.5811388300841898,686.8,803.9674744664737
Accumulate,121,0.0,0.0,0.31149282927983996,0.11472195304698493,68.87038759656434,17.551879695877968,138.12975053627306,33.8219459356455,1.0126871187807176,0.034943934224296834,0.18947909651998496,0.0427367482585275,0.9870481623185384,0.01020855516419575,0.438821299463387,0.03012019559169286,2.821510314443379,0.6436492459845252,36300.0,0.0,3.0,1.5811388300841898,686.8,803.9674744664737
Accumulate,122,0.0,0.0,0.3129998691971494,0.1159213885180996,68.87121472359829,17.53656831247287,137.93595389564956,35.5722459661647,1.0088192191991134,0.034109333344926863,0.19980529888371934,0.03471977620220539,0.9870264701182675,0.010279356534726706,0.43882521092709476,0.030282811594012766,2.8221662534745944,0.6446401707292752,36600.0,0.0,3.0,1.5811388300841898,686.8,803.9674744664737
Accumulate,123,0.0,0.0,0.31151543287758,0.11385012626254164,68.8761968896928,17.547630848532503,137.382803737007,34.210153032514896,1.0064446550615724,0.028190979122117446,0.1951714865940086,0.03558387187034016,0.9869777303108641,0.010328327616174112,0.43871351553211274,0.03034563248388399,2.8222652308711274,0.6455698443588838,36900.0,0.0,3.0,1.5811388300841898,686.8,803.9674744664737
Accumulate,124,0.0,0.0,0.3117450583468936,0.11409150188561963,68.86551931764737,17.55883142098167,137.46568587752185,36.04143803544506,1.0045536047859032,0.036273369750972416,0.20223338535025928,0.04066582232885124,0.9870027024879651,0.010311398666286577,0.43875088467551543,0.03026311631666884,2.8224655971093826,0.649618556554588,37200.0,0.0,3.0,1.5811388300841898,686.8,803.9674744664737
Accumulate,125,0.0,0.0,0.311315949478287,0.11374473683092898,68.87406980502469,17.561706078506035,136.81533786510596,34.40028566722409,1.0018452116289458,0.029390915658145944,0.1869729209532681,0.029764687724364833,0.9870175901417223,0.010326431355886317,0.4388256353904752,0.030345667970687884,2.8222240471675812,0.6514249539765609,37500.0,0.0,3.0,1.5811388300841898,686.8,803.9674744664737
Accumulate,126,0.0,0.0,0.31223014527265375,0.11461210593353693,68.88238932870144,17.56666803347276,137.96247881920982,35.38696438081069,1.0094972313218382,0.03813447428557748,0.18177914111704024,0.027984478167049527,0.9870553373494884,0.010316474379838639,0.438921449380617,0.03031935859563851,2.8208340123702778,0.6501393503934837,37800.0,0.0,3.0,1.5811388300841898,686.8,803.9674744664737
Accumulate,127,0.0,0.0,0.3123558541307164,0.11471914264459473,68.88363703445903,17.56510782965725,137.95540232423332,35.62510081180757,1.0089622257305195,0.03154385840620274,0.19487298010570733,0.027233571601388548,0.987052623084568,0.010292084630222803,0.43887007006625217,0.03020966737269314,2.8224374421421397,0.6486669113870849,38100.0,0.0,3.0,1.5811388300841898,686.8,803.9674744664737
Accumulate,128,0.0,0.0,0.3121736915293579,0.11453963423315283,68.8956876997366,17.587142247807765,137.75407458052058,35.97060511334732,1.0067572306168184,0.038536864424637406,0.19043047767052074,0.03631533048934889,0.9870400619734674,0.010261849642858985,0.43880132488328927,0.030125921557111447,2.8244668568086744,0.6494023737285447,38400.0,0.0,3.0,1.5811388300841898,686.8,803.9674744664737
Accumulate,129,0.0,0.0,0.3122617227622938,0.11516068762027334,68.88577852733366,17.574316584581908,136.25182022720168,33.70785560066775,0.9983273089804822,0.03226784863381702,0.19748143520587433,0.05248068898284512,0.9870280148335178,0.010281345078966638,0.4387697247142276,0.03013122470357927,2.823009739229676,0.649425830756388,38700.0,0.0,3.0,1.5811388300841898,686.8,803.9674744664737
Accumulate,130,0.0,0.0,0.31227021309002323,0.11575978993028557,68.87178813234004,17.560837776054893,137.42573522768063,35.61834261363662,1.005081680000133,0.031233011767378513,0.19828791138631444,0.029748030437401707,0.987013189780571,0.010299873148440239,0.4387100996972209,0.030085084291695336,2.825007524141172,0.65181415877011,39000.0,0.0,3.0,1.5811388300841898,686.8,803.9674744664737
Accumulate,131,0.0,0.0,0.3121560538557087,0.11687204269507466,68.87983664167393,17.55090523758487,137.5791770240472,34.921840717923025,1.0070115830394066,0.028943653028565428,0.20022445385497725,0.01740100140870717,0.9870687753051322,0.010217714108503136,0.43883943394794456,0.030018463552203712,2.823515514221949,0.6492208847814526,39300.0,0.0,3.0,1.5811388300841898,686.8,803.9674744664737
Accumulate,132,0.0,0.0,0.3119014356847023,0.11741610095012558,68.86865402511906,17.52490414093406,137.70781822198796,34.3381042320798,1.008764050286834,0.02758266116476133,0.19394557856882555,0.032384314897325635,0.9870244797117405,0.010309683660422604,0.4388021225034433,0.03023779133237766,2.823804236461342,0.6508956005484045,39600.0,0.0,3.0,1.5811388300841898,686.8,803.9674744664737
Accumulate,133,0.0,0.0,0.3130531660725481,0.11783551007245784,68.8660395887366,17.530247632072502,137.15609244452267,35.022172645473404,1.0037125486384322,0.02948280818267959,0.19243378741573722,0.030288406835572122,0.9870588587450815,0.01028725771560806,0.438877395314149,0.03018387455999371,2.823869400559405,0.6525295328979925,39900.0,0.0,3.0,1.5811388300841898,686.8,803.9674744664737
Accumulate,134,0.0,0.0,0.3123356635320624,0.11600205678401003,68.8698809903462,17.54523820116371,138.2458178790012,36.03965369852977,1.0105374731657233,0.03786360986897384,0.18438184318263362,0.02636363828730267,0.987107105306565,0.010232999158174083,0.4390039424358928,0.03016118238534748,2.8243730885967735,0.6544727729726997,40200.0,0.0,3.0,1.5811388300841898,686.8,803.9674744664737
Accumulate,135,0.0,0.0,0.31257098074847867,0.11578085502543899,68.87472119517409,17.554085098903112,138.00594899625085,35.146496611938964,1.0096687672810472,0.039277945283547326,0.1985655098985084,0.04164627108322344,0.9871159189053055,0.01026207426215035,0.43908551842694665,0.030303214290434727,2.8219699289783757,0.6525540651613793,40500.0,0.0,3.0,1.5811388300841898,686.8,803.9674744664737
Accumulate,136,0.0,0.0,0.3130354356516656,0.11605914914018532,68.87445439490034,17.540245829490384,137.6263023977338,35.06748590792415,1.007213278269337,0.032083599442538906,0.19552439717901487,0.04344546778314415,0.9871095358737954,0.01028624982038074,0.4391308205448735,0.03046128578210734,2.822106499407089,0.6501129253029659,40800.0,0.0,3.0,1.5811388300841898,686.8,803.9674744664737
Accumulate,137,0.0,0.0,0.31371700751118403,0.11466693304530726,68.86853714434584,17.51873436555701,139.21929375520827,36.328100871015224,1.0175421790028338,0.040452704047983346,0.20257117600566804,0.03792377424221495,0.987063288981919,0.010378799292632924,0.43911817396169645,0.030752667715671148,2.8206461507621587,0.6498468607436219,41100.0,0.0,3.0,1.5811388300841898,686.8,803.9674744664737
Accumulate,138,0.0,0.0,0.3139433765552429,0.11415782910423826,68.86784678779209,17.515967136660183,137.84825171419098,35.00352481557277,1.0090359637265764,0.04188832195240306,0.2021308510764377,0.041570591789167256,0.9870583036326597,0.010381504799951938,0.439121746002156,0.0307963068490791,2.821615473311381,0.6533285253766098,41400.0,0.0,3.0,1.5811388300841898,686.8,803.9674744664737
Accumulate,139,0.0,0.0,0.31444120518031354,0.11461285793280443,68.87726218307235,17.535086449212407,138.18294935458488,34.881471589403354,1.0119212801294515,0.0329596701485865,0.21222141244527312,0.04798754589048204,0.98704996592017,0.010385995336551754,0.43910086078799415,0.030802860817879158,2.820717557634807,0.6540115956709559,41700.0,0.0,3.0,1.5811388300841898,686.8,803.9674744664737
Accumulate,140,0.0,0.0,0.3133513036182724,0.11337811684689149,68.88561690040727,17.553580303816624,136.80986340784102,34.362372232116115,1.0017266752657328,0.03580027295792777,0.17603180953626446,0.019175012560075994,0.9870226218195152,0.010462120218108746,0.4390862661753161,0.03095546977730528,2.8220060517214254,0.6562331158932951,42000.0,0.0,3.0,1.5811388300841898,686.8,803.9674744664737
Accumulate,141,0.0,0.0,0.311577975323983,0.11240206517594797,68.90267347361495,17.56953219893765,136.859594944801,34.3823993078155,1.0020032607606233,0.03528147729327895,0.189388692236386,0.03513663331757235,0.9870322898322088,0.010482481857853238,0.43910126637053837,0.03092454710401654,2.820731045923129,0.6566753792412093,42300.0,0.0,3.0,1.5811388300841898,686.8,803.9674744664737
Accumulate,142,0.0,0.0,0.3099071250160642,0.11082838315999473,68.89122027734899,17.554625577081094,137.1191799530473,34.47206211108312,1.003927942254189,0.03218602858212251,0.20260675891408603,0.02572427363521136,0.9870197130370653,0.010467359855274196,0.4390814666499144,0.030963752579157264,2.817825068412143,0.655454468533051,42600.0,0.0,3.0,1.5811388300841898,686.8,803.9674744664737
Accumulate,143,0.0,0.0,0.3090938247822618,0.1109870995760309,68.8884598474132,17.552668772992376,137.55842073534987,35.064258290430224,1.0064927455036863,0.0315906225060402,0.17813325079249198,0.026697001588722544,0.9869740468816595,0.010459727212071331,0.43894741614357935,0.03095146499138035,2.817787393916175,0.6562252031569477,42900.0,0.0,3.0,1.5811388300841898,686.8,803.9674744664737
Accumulate,144,0.0,0.0,0.30942437983662946,0.11019746756503616,68.89422263230824,17.55083550020852,137.99556730825446,36.042076701268954,1.0088910348586977,0.03251477985536568,0.1797997977502182,0.032264768439611846,0.9869483398928878,0.010519087466357626,0.43892839174448817,0.031081477666093083,2.8178763445601662,0.6557962072812593,43200.0,0.0,3.0,1.5811388300841898,686.8,803.9674744664737
Accumulate,145,0.0,0.0,0.30950190893202434,0.10938546190539711,68.8962167300975,17.554372623780303,137.94305365188202,34.51079525512013,1.0102671975416113,0.027827135760965186,0.18794611486443746,0.01975089209008258,0.9869147666343465,0.010552793483201404,0.4388666579745544,0.031161311485896417,2.8187430824489486,0.6555034973767314,43500.0,0.0,3.0,1.5811388300841898,686.8,803.9674744664737
Accumulate,146,0.0,0.0,0.30918935465075903,0.10949805511400491,68.89559117443305,17.56123978551271,138.44939678922108,35.05867369222578,1.0133018356830885,0.038104895509718725,0.1954499325345106,0.03234986107102016,0.9867998477931679,0.010661153026843923,0.4385915194225011,0.031275855628157816,2.819185674987833,0.6567229875063736,43800.0,0.0,3.0,1.5811388300841898,686.8,803.9674744664737
Accumulate,147,0.0,0.0,0.3094531007165579,0.10992394327390533,68.89068018640299,17.56472401018905,137.17351909176222,35.59221987858988,1.0031066670484976,0.033042257407208016,0.1811939495750396,0.027199124152033044,0.9868071169713349,0.010607182991392594,0.43854579635125707,0.031114618968010963,2.8195540244003303,0.6566425787079979,44100.0,0.0,3.0,1.5811388300841898,686.8,803.9674744664737
Accumulate,148,0.0,0.0,0.3092232549111865,0.11029257693329635,68.89881298813557,17.565647910659067,138.03933043576575,34.59210805429738,1.010970186370447,0.026845018722582385,0.198486617018884,0.041783779660500044,0.986793495741708,0.010585683070382207,0.4385146111856241,0.031132438171779422,2.819226720541193,0.6584613963989027,44400.0,0.0,3.0,1.5811388300841898,686.8,803.9674744664737
Accumulate,149,0.0,0.0,0.30914254673288377,0.10999256777242701,68.8895407536379,17.563127936198864,137.6868878679797,35.38075734890614,1.0069875372092265,0.04050458886353477,0.18852945453672101,0.027963926361728567,0.9867941399688354,0.01053792488705812,0.43847308277877345,0.031026550825986567,2.8181404173335816,0.6561877176418096,44700.0,0.0,3.0,1.5811388300841898,686.8,803.9674744664737
Accumulate,150,0.0,0.0,0.30802635234081516,0.10967478990518556,68.89940581453683,17.56038911566702,137.8475230808126,36.904349623852006,1.0065710672914494,0.03273108879954038,0.19240438449687466,0.034192572327334254,0.9867263080700802,0.010526347112311969,0.4382681154457407,0.030988581951553098,2.817847582537149,0.6549687703291551,45000.0,0.0,3.0,1.5811388300841898,686.8,803.9674744664737
Accumulate,151,0.0,0.0,0.307293264143064,0.10898881193092,68.89073162512962,17.555461226956037,138.8077219744129,36.60258021642541,1.014054758089951,0.03522622283100889,0.19049097900444445,0.03221749131926543,0.9866953858818374,0.01057540790336488,0.43823736404282404,0.03112515797765304,2.818608760270203,0.6558143002999375,45300.0,0.0,3.0,1.5811388300841898,686.8,803.9674744664737
Accumulate,152,0.0,0.0,0.307017935978446,0.10766296092049538,68.89010041192037,17.561159808139312,138.24469165605746,33.84101631294989,1.013402823262263,0.03681901407050801,0.2047539975569735,0.027867622047588678,0.9866346196537485,0.010628644963678189,0.43806572549285816,0.03111764786206143,2.8196284268286256,0.6574655561284656,45600.0,0.0,3.0,1.5811388300841898,686.8,803.9674744664737
Accumulate,153,0.0,0.0,0.30738612328185194,0.1078492323107105,68.89146863483657,17.56611220123407,138.7231852472296,35.18765733687285,1.015263283774484,0.03249706465855831,0.1933646536829817,0.028655025235203968,0.9866133053732682,0.01065049749697826,0.4379846621012155,0.031062636163851163,2.8195791005500013,0.6588260723600684,45900.0,0.0,3.0,1.5811388300841898,686.8,803.9674744664737
Accumulate,154,0.0,0.0,0.3088317760230402,0.10796346048602051,68.89997318258702,17.566713220944372,137.29473334342214,34.43292615403059,1.0058066320856742,0.028322386388828873,0.19970640677250512,0.027517780026281236,0.986629184324612,0.010625171764033447,0.43798818928464545,0.03096193084615167,2.8190807489113676,0.659863856191694,46200.0,0.0,3.0,1.5811388300841898,686.8,803.9674744664737
Accumulate,155,0.0,0.0,0.30814266129987344,0.10742269545048425,68.89616412907797,17.57396466715802,137.75458649862384,35.841301010695425,1.0068773820267154,0.04026028872641141,0.19951025781346438,0.03493943292728863,0.9866494564072154,0.010612024099148095,0.43802209199149145,0.030906151961406086,2.8202541906433756,0.6620225618887766,46500.0,0.0,3.0,1.5811388300841898,686.8,803.9674744664737
Accumulate,156,0.0,0.0,0.3077094826641287,0.10633268422276149,68.89627483152465,17.57657332987692,137.28585263534856,33.88899354698042,1.0060440541687312,0.030149734955749033,0.19170335665545163,0.039920418871595274,0.9866191518155055,0.010621961747597478,0.4379187130880564,0.03085756056737786,2.8198997757398656,0.6614030346008882,46800.0,0.0,3.0,1.5811388300841898,686.8,803.9674744664737
Accumulate,157,0.0,0.0,0.3080754395812895,0.1056232445721455,68.89585706250061,17.5627590883007,137.88904036945468,35.06725304826076,1.0090494948620237,0.03475099449213156,0.1884000374133719,0.029862562884569305,0.9865520959639973,0.01065945905863357,0.4377165591077182,0.03081506131982457,2.8205250922484213,0.6606535297151884,47100.0,0.0,3.0,1.5811388300841898,686.8,803.9674744664737
Accumulate,158,0.0,0.0,0.3077121711217297,0.10507934946855703,68.89462534216649,17.560817409357504,137.34993970561072,35.278140012986675,1.0047400523170265,0.03640832662902468,0.19418480642418048,0.03296353515463506,0.9865589805235675,0.010700349056402417,0.4377932152069882,0.0309590452227831,2.8202405149323804,0.661923623669019,47400.0,0.0,3.0,1.5811388300841898,686.8,803.9674744664737
Accumulate,159,0.0,0.0,0.307575045099094,0.10477244966717933,68.88989057944268,17.55138855500111,137.2976931461671,35.66271853253366,1.0039727619301175,0.03391763733577759,0.18441678505217754,0.03178304129803477,0.986623387999415,0.010671523941343991,0.4379710519120012,0.030958037107317267,2.819383758296172,0.6620117513938513,47700.0,0.0,3.0,1.5811388300841898,686.8,803.9674744664737
Accumulate,160,0.0,0.0,0.3079172285328966,0.10475327563205644,68.89429825165753,17.550520350382364,138.05815030094556,37.30808162758571,1.007588566444299,0.040085832093107,0.21142556460347142,0.04091254566194629,0.9866690983946533,0.010631250194594943,0.4380899292575582,0.03093874647546778,2.819041115918386,0.6610463696880318,48000.0,0.0,3.0,1.5811388300841898,686.8,803.9674744664737
Accumulate,161,0.0,0.0,0.30789374783866863,0.10483845815045675,68.90463749141206,17.549510653106694,137.52187953458568,35.58957756437001,1.0056021787237355,0.03326632696404485,0.19472371816532563,0.033801783544833174,0.9866841715445706,0.010594223132665696,0.43808982112920936,0.030834442244937896,2.8173174055783496,0.660063287585425,48300.0,0.0,3.0,1.5811388300841898,686.8,803.9674744664737
Accumulate,162,0.0,0.0,0.3082323997312159,0.10398316650497949,68.90605480921556,17.554158093313294,139.07832951990423,35.83187050101655,1.0171245062100591,0.03753175844054963,0.19578687878458692,0.0360884885226388,0.9867232977420206,0.010577862195034099,0.43825070363780594,0.030964710236729254,2.816708136228658,0.6598122357200172,48600.0,0.0,3.0,1.5811388300841898,686.8,803.9674744664737
Accumulate,163,0.0,0.0,0.30805042238099756,0.10406417663753569,68.90303495407878,17.54501286251056,136.71744580961385,33.85776748775237,1.0018148577616404,0.02543284441221488,0.21032507203310039,0.039329827598424225,0.9867343525628824,0.01056137491704097,0.43828501140366943,0.030973800725393585,2.8153252779269087,0.6595812422361181,48900.0,0.0,3.0,1.5811388300841898,686.8,803.9674744664737
Accumulate,164,0.0,0.0,0.3067487195566966,0.10348886103936554,68.91128925080355,17.550829325923868,138.17377695691556,34.98724584459376,1.0117390883184338,0.02567460353313611,0.18158058675564534,0.02140861745903967,0.9867104939123555,0.010544844748828993,0.4382067668463671,0.030945064714342455,2.8147601429840567,0.6581729721695371,49200.0,0.0,3.0,1.5811388300841898,686.8,803.9674744664737
Accumulate,165,0.0,0.0,0.3059696885939119,0.10298331499658547,68.91354479270704,17.555621653486643,137.62041780693556,35.29500558388122,1.0067534687447957,0.0323329665765611,0.18519130773121806,0.029975720319469042,0.9866875791342797,0.010610174599495611,0.43819662889959143,0.031077088661226056,2.8137623801402283,0.6594209785813109,49500.0,0.0,3.0,1.5811388300841898,686.8,803.9674744664737
Accumulate,166,0.0,0.0,0.30600871158313186,0.1032767910352929,68.91177144388166,17.55859954513777,138.30538683236304,35.237461354422685,1.012168832857599,0.034025533187194354,0.17981218538239607,0.024869607536087423,0.9866879350563238,0.010617093984237973,0.4381847503382922,0.0310448841313992,2.8126440173273615,0.6585758661854494,49800.0,0.0,3.0,1.5811388300841898,686.8,803.9674744664737
Accumulate,167,0.0,0.0,0.30730693647364327,0.10485218886713779,68.90709068380514,17.566571469485798,137.76035284747223,35.29039137961298,1.0077923734403478,0.030825422722075876,0.19214588001470895,0.04031801450568514,0.9867018064142007,0.010621559996605323,0.43823478877339034,0.031073053967407907,2.8116480375808806,0.6573203587635753,50100.0,0.0,3.0,1.5811388300841898,686.8,803.9674744664737
Accumulate,168,0.0,0.0,0.3075006939500226,0.10528965682445356,68.91953469514053,17.55272114443639,136.85635125767826,36.04713911836717,1.0000424737921318,0.035007648497772985,0.1868258765240801,0.03710020578218283,0.9866912112491126,0.010609370031383675,0.43821086397571085,0.03108733278909614,2.8102977332399255,0.6565141847478737,50400.0,0.0,3.0,1.5811388300841898,686.8,803.9674744664737
Accumulate,169,0.0,0.0,0.3070862047708113,0.1049363680821099,68.92198012736732,17.554156971410876,137.98797128182915,34.50323313767984,1.0109296048022083,0.034209659349857126,0.20414984471166756,0.03904725197502563,0.9866875999619653,0.010622501101349753,0.4382097626841642,0.03110923603317289,2.8085672554101864,0.6537118414312042,50700.0,0.0,3.0,1.5811388300841898,686.8,803.9674744664737
Accumulate,170,0.0,0.0,0.3067812127079823,0.10428474627700302,68.91895498035439,17.5550926464509,137.07784894884077,34.035458836581775,1.004337450982407,0.03621952064722517,0.20723661604021718,0.03165737434546634,0.9867311688814185,0.010589458836288711,0.4383449876839013,0.031143997116161014,2.8078217473679468,0.6522153151879532,51000.0,0.0,3.0,1.5811388300841898,686.8,803.9674744664737
Accumulate,171,0.0,0.0,0.306506526410382,0.1031963977393388,68.90545160105215,17.557457574523024,138.39497161740366,35.84958943711039,1.0119391251963084,0.034109119506466744,0.20877369326009093,0.03219843993433838,0.9867510675688862,0.010556119283073536,0.4383575240122951,0.031038200191976142,2.8086701225279698,0.6522688799107753,51300.0,0.0,3.0,1.5811388300841898,686.8,803.9674744664737
Accumulate,172,0.0,0.0,0.30652710829570984,0.10292624993950293,68.90800758054097,17.56506974368451,137.36071236911832,34.50783310002316,1.0058549351095838,0.035960953383926124,0.20516513278252485,0.05567311607994409,0.9867485037843016,0.010577125841133383,0.4383840562139397,0.031121148647045186,2.808147034813252,0.6523495578528986,51600.0,0.0,3.0,1.5811388300841898,686.8,803.9674744664737
Accumulate,173,0.0,0.0,0.30672047127303587,0.10282491196238519,68.9104976030867,17.56982275938556,137.09974474875762,34.24247880743416,1.0042690738124815,0.030808751243087698,0.19507227320700177,0.029587100320318017,0.9867407683607443,0.010608607498803761,0.4383509243524215,0.031091763535764812,2.8077470982294215,0.6543883186672361,51900.0,0.0,3.0,1.5811388300841898,686.8,803.9674744664737
Accumulate,174,0.0,0.0,0.3077258470752603,0.10389481793528023,68.91005955808913,17.55449747027606,137.4351380669018,34.97659340629401,1.0056598807315786,0.03513413333592904,0.19419883124118387,0.03267165717658634,0.9867571240949106,0.010661946258911845,0.4384766082728853,0.03128762434615574,2.807266635002117,0.6542670503135602,52200.0,0.0,3.0,1.5811388300841898,686.8,803.9674744664737
Accumulate,175,0.0,0.0,0.3083670882084821,0.10458010048493026,68.93095613783045,17.580072216303172,137.13967063007482,33.72789247994402,1.0051098923054773,0.03259016404262918,0.17606042929267088,0.03245539463512473,0.9867432214745829,0.010708492700808802,0.43848109906566846,0.031392865373561195,2.80531319453135,0.6542382621959322,52500.0,0.0,3.0,1.5811388300841898,686.8,803.9674744664737
Accumulate,176,0.0,0.0,0.30871196001725143,0.1047248831477042,68.95568938662393,17.598699966542426,137.4711310659375,35.67508565431665,1.0052342849952098,0.03163612783118335,0.17976837505532822,0.03333486431747289,0.9867485721781619,0.010704587117856532,0.43848624252988105,0.03136886911155303,2.8061701329220634,0.654484454415852,52800.0,0.0,3.0,1.5811388300841898,686.8,803.9674744664737
Accumulate,177,0.0,0.0,0.30826113487877776,0.10395210951768558,68.94414899399469,17.599920293208093,138.67080994363428,36.00497829886871,1.0139547880330704,0.03171383065191179,0.2015600117407168,0.02558241736893245,0.9867278531538458,0.010785250806205791,0.4385171776207984,0.03158390904260255,2.804954170320298,0.6539889369506077,53100.0,0.0,3.0,1.5811388300841898,686.8,803.9674744664737
Accumulate,178,0.0,0.0,0.30753479875992884,0.1040187017859477,68.94998403526276,17.60853068396876,136.79599422914302,34.83096042991769,1.001259131371794,0.03583350756521504,0.18782131095951385,0.02667597607412994,0.9866953135448424,0.0108250350427667,0.4384552929873302,0.031653865588950336,2.80543940606153,0.6540771805484137,53400.0,0.0,3.0,1.5811388300841898,686.8,803.9674744664737
Accumulate,179,0.0,0.0,0.3081436719631825,0.1043374086310972,68.93906949813604,17.609000508953585,137.5054503591504,34.05378365546449,1.0076437983409803,0.031212501929018727,0.20220601989990006,0.03704154001031295,0.9866790376082101,0.010842972657214478,0.4383950193352579,0.031617480840395125,2.804342074833472,0.6528801488676116,53700.0,0.0,3.0,1.5811388300841898,686.8,803.9674744664737
Accumulate,180,0.0,0.0,0.30757249478018867,0.10383592571818553,68.93227212251377,17.6057011874987,139.37285611417127,35.71499719619131,1.0197050395171199,0.029759961019347563,0.2044073575319869,0.022721194850398706,0.9867070844301251,0.010839105718283427,0.43842937771816465,0.031510100555013375,2.8024951310490254,0.6523344494574435,54000.0,0.0,3.0,1.5811388300841898,686.8,803.9674744664737
Accumulate,181,0.0,0.0,0.30797986077982636,0.10353140667867641,68.93012385595179,17.59673637580623,137.6219293967704,35.94839184576251,1.0061809529431671,0.032846516076766176,0.2022245382529578,0.04274866654214639,0.9867470682626115,0.010819735494055748,0.43851823698456477,0.031454298928269765,2.802616823642704,0.6516395109572828,54300.0,0.0,3.0,1.5811388300841898,686.8,803.9674744664737
Accumulate,182,0.0,0.0,0.308972301008738,0.10421914301565297,68.92923161683673,17.59295770579189,138.1887605195156,35.32138155077248,1.0109598811023548,0.04159652156353678,0.19971808262629825,0.028977286422782918,0.986816896747895,0.010773691609260023,0.4387017517422375,0.0314253435355947,2.803159634566881,0.6516951820284763,54600.0,0.0,3.0,1.5811388300841898,686.8,803.9674744664737
Accumulate,183,0.0,0.0,0.3087980495180399,0.10475674871075046,68.91831298550566,17.596362568300243,137.94628443688336,36.45214238177878,1.0083002414612146,0.030588915684516972,0.1993882539067639,0.03911200006053701,0.9868614711904662,0.010746502363893844,0.43877371772185486,0.031295824015785866,2.802573230813775,0.6510432153032879,54900.0,0.0,3.0,1.5811388300841898,686.8,803.9674744664737
Accumulate,184,0.0,0.0,0.30933228298849363,0.10560007736880957,68.9270669703982,17.60292537292296,138.0225657436535,35.42932298553852,1.0098367872402063,0.03812760117101944,0.19918306941502567,0.024531970655312655,0.9868790986646573,0.010799724799643654,0.4388786915926361,0.03142929222101178,2.8021622167137936,0.650783353075218,55200.0,0.0,3.0,1.5811388300841898,686.8,803.9674744664737
Accumulate,185,0.0,0.0,0.3100807536435376,0.10599506014299825,68.93156511197279,17.604908582694783,138.00678105807364,35.13025481568636,1.0101143406946076,0.02362030680255198,0.20125848312143885,0.039436234245211435,0.9869511631903432,0.010773639271840328,0.4390914699519328,0.03145269433994474,2.8031896175893123,0.6519632465894333,55500.0,0.0,3.0,1.5811388300841898,686.8,803.9674744664737
Accumulate,186,0.0,0.0,0.31012685724371236,0.10541359784999575,68.91547515708949,17.590501130871885,136.5601507393104,34.638591101494015,0.9996193021233604,0.033103625021640645,0.2014207772227191,0.024582826413034678,0.9869225620589992,0.010838277657986192,0.43905645351453043,0.03156171054689714,2.8035398713837054,0.6515740236421836,55800.0,0.0,3.0,1.5811388300841898,686.8,803.9674744664737
Accumulate,187,0.0,0.0,0.30931734301164215,0.104761336609087,68.9054816973471,17.585542232510242,137.60295634999838,35.12442100062463,1.0069715447578014,0.036869331112596986,0.20111064997019482,0.03126295907321095,0.9868966399556207,0.010882980776027727,0.43901542153341155,0.031638134443070495,2.8042156890486063,0.6514217647905672,56100.0,0.0,3.0,1.5811388300841898,686.8,803.9674744664737
Accumulate,188,0.0,0.0,0.3092249548146542,0.10475238059136883,68.89745848292236,17.569610759524345,136.9419943034997,34.50070339054314,1.0027586549886418,0.02998570200843266,0.19015412624706268,0.02845123852522179,0.9868901906374689,0.010902835803085754,0.4390058479153544,0.031658395491131835,2.80426760365612,0.6504797217609509,56400.0,0.0,3.0,1.5811388300841898,686.8,803.9674744664737
Accumulate,189,0.0,0.0,0.30948397595753624,0.10515132002288552,68.89770276478554,17.5703960680538,138.12471252103504,33.82000221480048,1.012727263146769,0.02985361318767087,0.1942044260193923,0.03377358464258068,0.9868799992371698,0.010927793593527559,0.43900069853479595,0.03171455905017443,2.8037998505621458,0.6485721614209439,56700.0,0.0,3.0,1.5811388300841898,686.8,803.9674744664737
Accumulate,190,0.0,0.0,0.30888597440595866,0.10535013471557741,68.89193124138177,17.57201237428776,137.13586926145445,35.068925475613966,1.0034555381835597,0.03422842221376337,0.19200046306816204,0.02470456457566533,0.9868669655812417,0.010899299853247318,0.43890411784874095,0.0315711150288243,2.802312893062428,0.6481610915856917,57000.0,0.0,3.0,1.5811388300841898,686.8,803.9674744664737
Accumulate,191,0.0,0.0,0.3091861913606828,0.10545731391301638,68.87937239368928,17.569070569878658,137.48639790885363,35.98207505795051,1.0048445013238865,0.03324446894031011,0.1908813929110729,0.02171580199830005,0.9869027042866702,0.010887092803788481,0.43900337242332643,0.03156764151670906,2.8027197484607815,0.6482739360554347,57300.0,0.0,3.0,1.5811388300841898,686.8,803.9674744664737
Accumulate,192,0.0,0.0,0.30795813523831156,0.10414263596878984,68.88845091995397,17.563832997202102,137.29865332617766,34.60709646998464,1.0052228993368906,0.030623311601492516,0.19087026516301075,0.02026739880855343,0.9868879518371096,0.010906468424489935,0.43894398936050844,0.031524186926051585,2.8038477684891356,0.6495798828340789,57600.0,0.0,3.0,1.5811388300841898,686.8,803.9674744664737
Accumulate,193,0.0,0.0,0.307595067500392,0.1030254552444949,68.89667962638077,17.567918300532327,137.17908689023224,35.673861367546124,1.0033797309389985,0.024945543532356444,0.1902853037387673,0.01849143363774193,0.9868933879270173,0.01091638159504557,0.438949424612868,0.03149993393217443,2.8052054867749217,0.6487580646619666,57900.0,0.0,3.0,1.5811388300841898,686.8,803.9674744664737
Accumulate,194,0.0,0.0,0.3085653375344878,0.10333323815639514,68.88984098217277,17.56220306696569,138.66912024397212,34.513285297835225,1.0159464701310905,0.03391732694537571,0.19204187490065316,0.024446197320162424,0.9868799784807691,0.01094437653070357,0.43894378803869055,0.031577051190440464,2.8047445853060835,0.649463771646576,58200.0,0.0,3.0,1.5811388300841898,686.8,803.9674744664737
Accumulate,195,0.0,0.0,0.3091459010398435,0.10360939729011111,68.89233569457932,17.562862688661703,137.50679736585374,34.396994982507756,1.007318338455985,0.024966648174029927,0.19144313467031798,0.02784201687640002,0.9868589899579165,0.011001445243651126,0.438968213644184,0.03177694609473498,2.804505211285038,0.6483049962418677,58500.0,0.0,3.0,1.5811388300841898,686.8,803.9674744664737
Accumulate,196,0.0,0.0,0.30929928844034205,0.10513070226428595,68.88779760222785,17.5595252060523,138.60673562269488,35.9955342011089,1.0135015215199936,0.0372816911849497,0.1956131077452555,0.03232558790652242,0.98683955289354,0.011001726843470876,0.4389374763904647,0.031834760093772015,2.805100531257639,0.6506819119312912,58800.0,0.0,3.0,1.5811388300841898,686.8,803.9674744664737
Accumulate,197,0.0,0.0,0.30867806631369804,0.10478363123339221,68.88518919503703,17.55037890582913,135.86314888181613,34.85668086121281,0.9942222884863551,0.03718710511477609,0.18989219316273448,0.02647328894718767,0.9868441898199766,0.011007744753500795,0.4389828028148677,0.03191177755507799,2.8042352618559834,0.65061654502997,59100.0,0.0,3.0,1.5811388300841898,686.8,803.9674744664737
Accumulate,198,0.0,0.0,0.30777724386143357,0.10382536442965425,68.88774379611777,17.552635419370876,137.68475115735666,35.99994451879463,1.0066105916235213,0.03414152915988277,0.18965389903653868,0.029377062565943853,0.986855891232883,0.010957574095256547,0.4389730605705083,0.03181077871167633,2.803718594559464,0.6490823692807082,59400.0,0.0,3.0,1.5811388300841898,686.8,803.9674744664737
Accumulate,199,0.0,0.0,0.3078705628926891,0.10401858128842477,68.89229719057906,17.557636251720098,137.2323504505945,36.110331123622124,1.0026171207152381,0.03913313721128033,0.18916704781162513,0.03167087660251923,0.9868339008191859,0.010959709994710977,0.4389109140011378,0.03181043957239092,2.80438574240441,0.6492597077216288,59700.0,0.0,3.0,1.5811388300841898,686.8,803.9674744664737
Accumulate,200,0.0,0.0,0.3080022660501072,0.10421938811466876,68.8995053343209,17.568637353041915,138.7416999707591,34.84204410280693,1.0162214328212387,0.03182686647722858,0.2002364899804104,0.04537093236509443,0.9868308182114914,0.010958891913295358,0.43894844732813604,0.031921204400721936,2.804776030809606,0.6494045102207381,60000.0,0.0,3.0,1.5811388300841898,686.8,803.9674744664737
Accumulate + Select,0,1.0,0.0,1.5118550063439801e-32,2.1200735109849445e-32,68.11120862765388,16.448896182970266,135.95752372775183,33.849825562716916,0.9967054590420703,0.007773248114561661,0.06785307020637536,0.007573272692466096,1.0,0.0,0.5,0.0,1.799999999999379,1.358355034952072e-13,,,3.0,1.5811388300841898,686.8,803.9674744664737
Accumulate + Select,1,1.0,0.0,2.808091056588768,2.1013529127570783,42.81145958870007,14.473091558134564,85.31667969165802,28.586758608242828,0.6334416250091939,0.19252795789736882,0.6424490891198487,0.22759665532816714,0.656751624405448,0.23713194345128052,0.19311147645573767,0.11645479454324581,2.123246665804252,0.7823246250756312,300.0,0.0,3.0,1.5811388300841898,686.8,803.9674744664737
Accumulate + Select,2,1.0,0.0,4.068960863271699,2.908058597635142,33.797515885066446,13.291384616937602,67.10451242887451,26.122473802400854,0.5027179698478559,0.2044228017542185,0.8490888670379592,0.28838033235583865,0.6017786552923503,0.22761544638213393,0.15945365523273008,0.0760587047282202,2.0363340704493007,0.8434037348828847,600.0,0.0,3.0,1.5811388300841898,686.8,803.9674744664737
Accumulate + Select,3,1.0,0.0,5.326244478105317,3.6845867715699687,29.330541306761727,12.706714910852273,58.39438432797674,24.666278267014153,0.4389309873057633,0.19947288212591996,0.9944392442614978,0.2776962434723455,0.6230156726106595,0.33134389100994605,0.1975824680726626,0.1536099346125054,1.9142211216335994,0.9113639069161985,900.0,0.0,3.0,1.5811388300841898,686.8,803.9674744664737
Accumulate + Select,4,1.0,0.0,6.595387462168633,4.48297858829756,26.610640227711677,12.894593158192139,52.98803650334462,25.441512036367232,0.3981590167076743,0.20694008244005005,1.0684576283049776,0.33569400467014365,0.6631362832371984,0.35921771032835104,0.23353326432680382,0.18140078863099404,1.703573841207201,0.7142919662467361,1200.0,0.0,3.0,1.5811388300841898,686.8,803.9674744664737
Accumulate + Select,5,1.0,0.0,7.870609083869174,5.257152654006211,24.624296329573376,13.047186651761336,49.09904326295277,25.97529248501732,0.3703702311221576,0.21692197731826468,1.1305759221419618,0.348915536920631,0.6467806541884266,0.37202477761393854,0.22051629866590727,0.1699287615916866,1.7365420673853582,0.7895910536053262,1500.0,0.0,3.0,1.5811388300841898,686.8,803.9674744664737
Accumulate + Select,6,1.0,0.0,9.095988623815078,5.93152610313667,23.115195907710156,13.214676399488276,46.396808145527224,26.776534307469657,0.35138092786207437,0.22759555258459702,1.2489424243381937,0.32333401736162437,0.6556347359085858,0.4013806841091803,0.23718625506621321,0.18666400348752468,1.7836138552032448,0.9208759522143753,1800.0,0.0,3.0,1.5811388300841898,686.8,803.9674744664737
Accumulate + Select,7,1.0,0.0,10.288084097609874,6.584657880176782,21.84755863965777,13.24970102783825,43.76494288196436,26.306987866101966,0.33225521751551523,0.2254170145385903,1.2369601350647725,0.3403607915015161,0.6440009953211215,0.40684127904040396,0.2267641697672042,0.17749060672626552,1.8921890978876903,1.0011031912882564,2100.0,0.0,3.0,1.5811388300841898,686.8,803.9674744664737
Accumulate + Select,8,1.0,0.0,11.455705882305013,7.206889339393484,20.952851369613263,13.535195164607021,41.81077867834459,27.140552919210858,0.31884247075756866,0.23542198818509227,1.2941495972364436,0.3618511274270217,0.6330721196297432,0.41210723571193336,0.21997502574864075,0.1737677148959879,1.9790005865413662,1.0546144782439355,2400.0,0.0,3.0,1.5811388300841898,686.8,803.9674744664737
Accumulate + Select,9,1.0,0.0,12.612225571423087,7.738220114014711,20.15603495445609,13.713013208960783,39.95955346271775,27.57445703913824,0.30649502247068494,0.24173222420092266,1.3735756111383446,0.29642717600881574,0.7642489681595743,0.27823729971905387,0.25826745029702847,0.12745691088270744,1.972577942716794,1.0650147732619697,2700.0,0.0,3.0,1.5811388300841898,686.8,803.9674744664737
Accumulate + Select,10,1.0,0.0,13.665638804246274,8.212003393527445,19.478026989985874,13.995981797977239,38.83587732350049,27.70793213031663,0.29845553365956695,0.24355871070827806,1.4598286452112479,0.31172337169714104,0.7609739781886254,0.28663846743998095,0.2573531473243459,0.12829351007236905,2.077695407655622,1.1837956352648351,3000.0,0.0,3.0,1.5811388300841898,686.8,803.9674744664737
Accumulate + Select,11,1.0,0.0,14.75508209096895,8.68072461609438,18.9223579402066,14.343011566805334,37.8898207922029,29.26674930818284,0.2928595868675031,0.2589191780506769,1.473384350506975,0.24578806847291404,0.7557611615428123,0.29511619404571554,0.256437777677234,0.131914292147577,2.174525918754358,1.3232820797466638,3300.0,0.0,3.0,1.5811388300841898,686.8,803.9674744664737
Accumulate + Select,12,1.0,0.0,15.809409562391753,9.151884330338905,18.443498660992848,14.7115849105198,36.8869997130889,29.87608443656146,0.285994831494423,0.264572015952949,1.562494481933448,0.22194778837950577,0.7534688649825223,0.2958265330539216,0.25640869931185023,0.13500537667572465,2.3393660651655046,1.6250540892623015,3600.0,0.0,3.0,1.5811388300841898,686.8,803.9674744664737
Accumulate + Select,13,1.0,0.0,16.834656335867507,9.660552745488713,18.01908115096809,15.035714223505375,36.55972827444207,30.78789825370187,0.28472916243489266,0.27353842087241464,1.6127609033858286,0.3134954636370578,0.7522696107103896,0.3031321877510092,0.2595429184197491,0.14199905783311237,2.4241311379611648,1.8079867052533156,3900.0,0.0,3.0,1.5811388300841898,686.8,803.9674744664737
Accumulate + Select,14,1.0,0.0,17.868249434604387,10.245520182346988,17.661282989103164,15.404826245666596,35.56675721492946,30.80601491026746,0.2782661272600404,0.2743751924037193,1.571606933464236,0.26840410029077133,0.7523880495668195,0.31213173122100696,0.2640093157430364,0.1491638863401008,2.4919759893484286,1.975385375009015,4200.0,0.0,3.0,1.5811388300841898,686.8,803.9674744664737
Accumulate + Select,15,1.0,0.0,18.841013960311592,10.878637688327636,17.372171300625276,15.837840114077425,34.96352604085011,31.447054021094374,0.274694657627516,0.28040916286660167,1.706105190176536,0.28587349106406595,0.7531100913291253,0.3202574863830719,0.2681978042994436,0.15469352366804257,2.5429677922703666,2.131457198882473,4500.0,0.0,3.0,1.5811388300841898,686.8,803.9674744664737
Accumulate + Select,16,1.0,0.0,19.821792161027563,11.597417584012293,17.14105408062049,16.30685339299562,34.28550070681364,32.61597469985673,0.27023044371729854,0.2906452150989611,1.737910692175797,0.2791968813270665,0.7536728234617189,0.32717639387765085,0.2724318427284917,0.1603589773528663,2.587230649560915,2.291696390167391,4800.0,0.0,3.0,1.5811388300841898,686.8,803.9674744664737
Accumulate + Select,17,1.0,0.0,20.723236719252252,12.335146674807627,16.846033929732968,16.582308763319716,33.39903779634646,33.03012630760481,0.2639906284975996,0.2941740105817489,1.7580678760645525,0.2414404390903239,0.7532824933603115,0.3320347138441115,0.2755186576497407,0.16520575643932375,2.6251462020563734,2.4398862339207508,5100.0,0.0,3.0,1.5811388300841898,686.8,803.9674744664737
Accumulate + Select,18,1.0,0.0,21.542320901888793,13.0538740846385,16.557154111310105,16.800776405048897,32.38846000347008,32.15553099173489,0.2567965137187823,0.28677637078462803,1.7926819226448383,0.2332648121120778,0.7503195158597489,0.3336858459990137,0.2738975782267815,0.1654778477145837,2.665689058091662,2.5693091560214323,5400.0,0.0,3.0,1.5811388300841898,686.8,803.9674744664737
Accumulate + Select,19,1.0,0.0,22.27999419113704,13.734781944884018,16.218753477478387,16.854196168052475,32.33982134564514,33.29193834470924,0.2572366024977524,0.29659505877376335,1.805962582667333,0.260139000671206,0.7463861789969719,0.3330053279604606,0.26961204327597976,0.16264448142948978,2.7046538403048785,2.682195027088567,5700.0,0.0,3.0,1.5811388300841898,686.8,803.9674744664737
Accumulate + Select,20,1.0,0.0,22.974746175678074,14.407538130986808,15.874837515613546,16.835302226167652,31.632525073890726,33.52010647358273,0.2520122044993,0.2985026257588214,1.7708569048154472,0.26365073241970616,0.7441514940191254,0.3295005149384627,0.2650644278976172,0.15768847734622962,2.755917339494397,2.817271871369733,6000.0,0.0,3.0,1.5811388300841898,686.8,803.9674744664737
Accumulate + Select,21,1.0,0.0,23.58712153298807,15.010634202301917,15.53423505100734,16.76530753399306,31.020604366462766,32.87857571291571,0.246959865092931,0.2925797776736327,1.8221527059179614,0.23873273524773136,0.8682835263672756,0.09694595169084158,0.3056521308754677,0.0854726451092804,2.472087332408151,2.2496155046459534,6300.0,0.0,3.0,1.5811388300841898,686.8,803.9674744664737
Accumulate + Select,22,1.0,0.0,24.084991677030068,15.478189696389792,15.178198196915213,16.618656085098625,30.469541357213455,33.18124251231901,0.24394563041429868,0.29542950073101404,1.835170564434454,0.21894315494697197,0.8716613759804842,0.08898809056878809,0.30545623719575404,0.07720312876767897,2.4604053601735254,2.2514237259711933,6600.0,0.0,3.0,1.5811388300841898,686.8,803.9674744664737
Accumulate + Select,23,1.0,0.0,24.511416008656177,15.871952497141011,14.835308933128369,16.45541213612923,29.724634928618116,32.70379032043576,0.23794563167581112,0.2910040021842842,1.8902107676414814,0.2798303376499222,0.8796441344995214,0.0845950089520465,0.31014244510208566,0.07085133509780793,2.424234288382638,2.204970209571538,6900.0,0.0,3.0,1.5811388300841898,686.8,803.9674744664737
Accumulate + Select,24,1.0,0.0,24.883552985908658,16.206623177719177,14.495305987917078,16.26255137917077,28.79792112466161,32.478901875879956,0.23097086437532854,0.2889331028873895,1.8175120817469612,0.29012412497793105,0.8920393316167432,0.08777976834269366,0.32297298966856425,0.07601826958305449,2.334964463085296,2.0585784270721312,7200.0,0.0,3.0,1.5811388300841898,686.8,803.9674744664737
Accumulate + Select,25,1.0,0.0,25.187261748221147,16.4509885551661,14.188643966028858,16.104326790682904,28.22236777119985,32.2003165017419,0.22646256481717592,0.2862741656875719,1.8665119626824995,0.3145861381168518,0.8960213095880526,0.08844434718801808,0.3295660511202035,0.08363331835731702,2.2518338309753,1.9261856457252338,7500.0,0.0,3.0,1.5811388300841898,686.8,803.9674744664737
Accumulate + Select,26,1.0,0.0,25.44432921943568,16.63671163151718,13.890299119247015,15.9306628791535,27.630196316634247,31.620901473121002,0.22168024399025335,0.28105066934538014,1.9099473332388182,0.25138154261651746,0.8986693831161373,0.0865777448624776,0.33319520066055247,0.08636912357858906,2.178694128816769,1.819639256901002,7800.0,0.0,3.0,1.5811388300841898,686.8,803.9674744664737
Accumulate + Select,27,1.0,0.0,25.64591471150639,16.755222930756098,13.612264519465214,15.77325589272444,27.210766755107038,31.670819709436532,0.21889933678664214,0.28143990262540114,1.9262814728963515,0.2288671529237304,0.8993805332505621,0.08729752553255724,0.33590677360610915,0.09097706431362088,2.0979119958855383,1.6989054361430909,8100.0,0.0,3.0,1.5811388300841898,686.8,803.9674744664737
Accumulate + Select,28,1.0,0.0,25.807589446485014,16.827027296370368,13.349693114360566,15.625015099517562,26.727490168868705,31.346818270979544,0.2152012683719664,0.27851012889257803,1.9854599042860301,0.3003382254237654,0.9005644857885106,0.08827389247102092,0.3382873858617394,0.09350112761182766,2.0221850862928417,1.5943191107884076,8400.0,0.0,3.0,1.5811388300841898,686.8,803.9674744664737
Accumulate + Select,29,1.0,0.0,25.93476677486226,16.860577103079457,13.09679906276357,15.471804028260221,26.127279677198498,31.340381045545886,0.21139634805833696,0.27836135966744224,1.9501729740811509,0.3176892281104552,0.8998003843528396,0.0907561552451101,0.33945318395298735,0.09741543593093112,1.9479806095337182,1.4893306489653662,8700.0,0.0,3.0,1.5811388300841898,686.8,803.9674744664737
Accumulate + Select,30,1.0,0.0,26.007920965779505,16.83069131808011,12.884261917615706,15.38509885289624,25.864290698715298,31.028542556818493,0.20894433212863883,0.2754767868669939,1.9623778738338136,0.26761945523290587,0.8977490097191986,0.09354142041625596,0.3385138943793882,0.09957130183557655,1.8859794373754066,1.4070755844404548,9000.0,0.0,3.0,1.5811388300841898,686.8,803.9674744664737
Accumulate + Select,31,1.0,0.0,26.058434183369492,16.77487031096404,12.680505337645105,15.298106445529164,25.43280919609492,31.201633121406882,0.20566869779408964,0.2768292769716108,1.9787964649287553,0.31211714320631334,0.8957316166620857,0.09653932533912443,0.33763373847349526,0.10169178800667658,1.829923116549478,1.3370923827760106,9300.0,0.0,3.0,1.5811388300841898,686.8,803.9674744664737
Accumulate + Select,32,1.0,0.0,26.088778642924545,16.69944817893745,12.511283665643074,15.269719070509128,24.755244186559583,30.479527003393105,0.20070712549075442,0.2704082868959603,1.8917755902986517,0.30057573077867983,0.8935812779520402,0.09958418570096736,0.3356999462121119,0.10191234841218477,1.7885561215668333,1.2950640056098417,9600.0,0.0,3.0,1.5811388300841898,686.8,803.9674744664737
Accumulate + Select,33,1.0,0.0,26.092142661808783,16.600879770840454,12.358306895805345,15.257394218446757,24.510262143346885,30.144913259720585,0.19838083063432227,0.26742342719866274,2.004220389293228,0.2558621743066207,0.8910893277434979,0.102641254032206,0.33363219065313,0.10248700895839619,1.7548303331572943,1.2648342655554474,9900.0,0.0,3.0,1.5811388300841898,686.8,803.9674744664737
Accumulate + Select,34,1.0,0.0,26.099799710843918,16.515981528177313,12.21496209131192,15.25035199790884,24.426234561354587,30.633901133620483,0.19792557706030428,0.2715538641445053,1.9387053916338597,0.3361772809382699,0.8879232666493964,0.10546026742935553,0.3310393471311449,0.1032804460714217,1.7314485818907053,1.2498704586996736,10200.0,0.0,3.0,1.5811388300841898,686.8,803.9674744664737
Accumulate + Select,35,1.0,0.0,26.082921192034405,16.40265768452596,12.104666815724809,15.300573897275498,24.381458323897967,31.284175107102076,0.19820270796890538,0.27708184206735675,1.9901028160406535,0.3423364512046636,0.8849169440947812,0.10811073165664595,0.3285860393226125,0.1039579274349899,1.7161256927158888,1.2492918609233008,10500.0,0.0,3.0,1.5811388300841898,686.8,803.9674744664737
Accumulate + Select,36,1.0,0.0,26.064156396372812,16.298129701203443,11.994591658232174,15.337090582825075,23.855057522472727,30.479258234203314,0.19355302462559482,0.2699819483035647,1.9373256475933158,0.31378981069861506,0.8819872670667761,0.11050283835823502,0.32620899114266744,0.10457581129523147,1.709298341951401,1.2633786232506448,10800.0,0.0,3.0,1.5811388300841898,686.8,803.9674744664737
Accumulate + Select,37,1.0,0.0,26.040305308514355,16.194780159831243,11.901676583019132,15.398104111582883,23.786075691121226,30.64071768110432,0.19303011268131137,0.27132826250064773,1.9937935922771408,0.28325063133248785,0.8790360555345872,0.11262016453856324,0.32379720165595105,0.10510359044431268,1.7104449870108815,1.2915873250740317,11100.0,0.0,3.0,1.5811388300841898,686.8,803.9674744664737
Accumulate + Select,38,1.0,0.0,26.006205588562125,16.086073902925516,11.817431371366833,15.466363042530299,23.685100367664226,30.747982167040302,0.19238190226526306,0.27223136221948135,1.997518561019715,0.34982598880402743,0.8760663062715471,0.11439260197669493,0.321321994754925,0.10548094472480088,1.7174343323205175,1.3301043284953435,11400.0,0.0,3.0,1.5811388300841898,686.8,803.9674744664737
Accumulate + Select,39,1.0,0.0,25.971647306190476,15.983728983222742,11.738774088840199,15.536090145698704,23.47505334939765,31.167933812010297,0.1915528503031155,0.2757537892479083,2.0451713059879877,0.23045816396591942,0.8731471559080107,0.11587973951751908,0.3188706738212145,0.10575364245136146,1.7303378817270474,1.3796951106464548,11700.0,0.0,3.0,1.5811388300841898,686.8,803.9674744664737
Accumulate + Select,40,1.0,0.0,25.935487475402727,15.886129510593724,11.668365350388221,15.612525485216688,23.283117237468694,31.076261404761052,0.189653879544523,0.2748340831524807,2.032556758831268,0.2516902499541833,0.8702251441532864,0.11708249037550757,0.3163954103504894,0.10592503267193679,1.748429403680498,1.4388463918997845,12000.0,0.0,3.0,1.5811388300841898,686.8,803.9674744664737
Accumulate + Select,41,1.0,0.0,25.91265566473765,15.808190231789146,11.589476429101737,15.661059694527536,23.250243580041225,31.6692115315889,0.18995574825042308,0.2799055672158496,1.9711716167571207,0.39600233491156184,0.8673932120286161,0.11794606136374589,0.3139989710425793,0.1060471867936906,1.7685874604451643,1.5024212391103362,12300.0,0.0,3.0,1.5811388300841898,686.8,803.9674744664737
Accumulate + Select,42,1.0,0.0,25.881422954155493,15.72867578937229,11.5244499439921,15.730468098947176,22.821018104109147,31.389734392266583,0.18689420052083394,0.2773410432182786,1.9934903877393446,0.3304499764956368,0.8646645744242216,0.11855229510090981,0.311723533220048,0.106188965024423,1.7922260017448104,1.5733087646782953,12600.0,0.0,3.0,1.5811388300841898,686.8,803.9674744664737
Accumulate + Select,43,1.0,0.0,25.86079715604621,15.667623673547347,11.453504892526613,15.778086443231262,23.061878518400736,32.022368907549776,0.18890109961524187,0.28280770896021795,2.005160428629829,0.2885996986265863,0.8620464430450852,0.11891346247628018,0.30952619244473234,0.10625022247289193,1.8159389896168352,1.6451363392032077,12900.0,0.0,3.0,1.5811388300841898,686.8,803.9674744664737
Accumulate + Select,44,1.0,0.0,25.848234252049224,15.618009287136172,11.380396175587993,15.812520596800963,22.988127127268083,32.047429241383995,0.18832761020436065,0.28299459969965113,2.0065801569702266,0.33725751550213634,0.8595258321408605,0.11911391890832217,0.30745824103052966,0.10637103416664138,1.8408523041010478,1.7191807809999031,13200.0,0.0,3.0,1.5811388300841898,686.8,803.9674744664737
Accumulate + Select,45,1.0,0.0,25.83438900942835,15.57171321410254,11.30758475901148,15.839968938408377,22.620079258708294,31.792157323898568,0.18583302434876778,0.28064781482141243,2.0498513281397392,0.3060850266278596,0.8571082619960437,0.11921024568042318,0.30552822828449555,0.10656501662461194,1.865783171873351,1.7937589420761284,13500.0,0.0,3.0,1.5811388300841898,686.8,803.9674744664737
Accumulate + Select,46,1.0,0.0,25.823181934552156,15.5306502576426,11.234231354098151,15.858946550167927,22.932679737285635,32.26252538962234,0.1880305998168167,0.2847590637683802,1.9478647402391573,0.3150755510417633,0.8548056413669981,0.1192995508750861,0.3037797748955408,0.10691020710004964,1.8913869136260637,1.8697939099397,13800.0,0.0,3.0,1.5811388300841898,686.8,803.9674744664737
Accumulate + Select,47,1.0,0.0,25.82071996060501,15.501963071437645,11.15858756173301,15.865846120509246,22.402714216144513,31.955861787040302,0.18405631764324115,0.28194527387638596,2.0330052152172096,0.348981780434463,0.8525259967144047,0.11944238507717111,0.3021097895324706,0.10734623486636921,1.9161391181877587,1.9442418865903155,14100.0,0.0,3.0,1.5811388300841898,686.8,803.9674744664737
Accumulate + Select,48,1.0,0.0,25.816814894701064,15.475141037766326,11.083723122555325,15.868343890836627,21.888759863163926,31.356116000227043,0.1800022933202235,0.2765706185319242,1.9872730529612472,0.3838068702242054,0.8502769961848342,0.11961455621313487,0.3004605037454932,0.10773095061809913,1.9399891881312261,2.017644633443218,14400.0,0.0,3.0,1.5811388300841898,686.8,803.9674744664737
Accumulate + Select,49,1.0,0.0,25.819097535145033,15.455763339945888,11.007378974573124,15.861081094289588,22.252210124777676,32.00582324793205,0.1831293662302407,0.28223708436262673,1.9514417437131457,0.39526352511313534,0.8480372518435695,0.11983797651051888,0.2988144480126411,0.10806329439633476,1.963093532380892,2.0891046512206373,14700.0,0.0,3.0,1.5811388300841898,686.8,803.9674744664737
Accumulate + Select,50,1.0,0.0,25.827122285700135,15.443689252994911,10.930701452536454,15.847419412088469,22.046149960976464,31.72660529374487,0.18111791836009652,0.27980590202163186,2.0298087285495567,0.3302546256707474,0.8455820965424292,0.12009841383917674,0.2969841326097571,0.10832280770207696,1.9854063050510422,2.156625169964027,15000.0,0.0,3.0,1.5811388300841898,686.8,803.9674744664737
Accumulate + Select,51,1.0,0.0,25.834883616031096,15.433777075335772,10.85248640155905,15.824368426734189,21.8012370173382,31.4953274059613,0.17944080011909191,0.2777315918267561,1.9897468270001255,0.29693159341421244,0.8433995370546293,0.12024383727836388,0.2952919493995264,0.10836992654592084,2.0049388446047787,2.2205071404070713,15300.0,0.0,3.0,1.5811388300841898,686.8,803.9674744664737
Accumulate + Select,52,1.0,0.0,25.844767486512524,15.42700930828636,10.771844447047936,15.79056451748844,21.644172154287666,31.730310092723105,0.1784801707736789,0.27963155077132856,2.030407128708654,0.3484185183184098,0.8404977081230717,0.12121051872273092,0.29321347786141316,0.1087083121695032,2.0247233848977646,2.279842135493302,15600.0,0.0,3.0,1.5811388300841898,686.8,803.9674744664737
Accumulate + Select,53,1.0,0.0,25.85829750231708,15.425401918547061,10.69263696173773,15.754903349421713,20.899681815860664,30.60824452799599,0.17220822689343682,0.26974673014647055,2.007140671785323,0.41996623067458067,0.8389915855799852,0.12082147702975504,0.29189316078585403,0.10836835338231326,2.0391585409506443,2.3351409029981074,15900.0,0.0,3.0,1.5811388300841898,686.8,803.9674744664737
Accumulate + Select,54,1.0,0.0,25.876542076937348,15.427221571242606,10.611816052816113,15.711085042468689,21.61191214230241,31.64686475575767,0.177701722556388,0.27894730601349627,2.000705913299103,0.36452703104697487,0.8360832029208382,0.12161376096264642,0.2897692688344927,0.10853157449089325,2.0554078526301405,2.386135795819652,16200.0,0.0,3.0,1.5811388300841898,686.8,803.9674744664737
Accumulate + Select,55,1.0,0.0,25.894932214076682,15.431197523344661,10.527876878723823,15.655650113183174,20.97388143297696,31.1114477662783,0.17307662358331163,0.2740618458609932,1.9788254725232324,0.26412800827816774,0.834618891664676,0.12130627338070846,0.2885200382107674,0.1082212518536017,2.0673426041650607,2.4340866930838208,16500.0,0.0,3.0,1.5811388300841898,686.8,803.9674744664737
Accumulate + Select,56,1.0,0.0,25.912609141171817,15.436033177528111,10.448683857893231,15.60659655367421,20.96049472028434,31.371658957929192,0.1731300730360227,0.27625587270934554,2.032623217280985,0.4286424299889487,0.8320180278974952,0.12209084694430648,0.28664132724715913,0.10832816083435105,2.080297414483783,2.4793359335844776,16800.0,0.0,3.0,1.5811388300841898,686.8,803.9674744664737
Accumulate + Select,57,1.0,0.0,25.932914993381182,15.44329807975158,10.365545101597265,15.544616553284364,20.88562803425274,31.319613871682876,0.17245055725925154,0.27575699006279075,2.0404800618531715,0.34969223065155774,0.8302659505788281,0.12260988863398273,0.2853221408098232,0.10824136220181678,2.089244693398873,2.5208161935458397,17100.0,0.0,3.0,1.5811388300841898,686.8,803.9674744664737
Accumulate + Select,58,1.0,0.0,25.953868388412296,15.452121081268844,10.290725524550728,15.497388154283694,20.482991975257953,30.892916373914407,0.1694464854905879,0.27194219467423336,2.041204847600442,0.37405868891578337,0.827991121087172,0.12294760260197285,0.28360644954663583,0.10811976526799595,2.0999960640480255,2.5609042229103767,17400.0,0.0,3.0,1.5811388300841898,686.8,803.9674744664737
Accumulate + Select,59,1.0,0.0,25.97854139285206,15.464286089617021,10.208881431080306,15.43087264427104,20.208849038929266,30.470572780416465,0.16689866925630387,0.2682598325946739,2.101576584601323,0.35558212440959613,0.8263808904738179,0.1233991504071282,0.2823817107785492,0.10796291727619421,2.10634247590577,2.5961168728567845,17700.0,0.0,3.0,1.5811388300841898,686.8,803.9674744664737
Accumulate + Select,60,1.0,0.0,26.00564214780208,15.479577425079162,10.12978795662755,15.36663661445121,20.277687191776895,30.762935698169795,0.16781899613457413,0.2707341635630234,2.0064200334729945,0.35547689842266805,0.8241721181040157,0.12374264026420821,0.28073516592983333,0.10782728004523437,2.1135929425194298,2.6280222464001097,18000.0,0.0,3.0,1.5811388300841898,686.8,803.9674744664737
Accumulate + Select,61,1.0,0.0,26.035771181512644,15.497897121494862,10.049732393488828,15.296613489467745,20.274498837451745,30.80452102858952,0.1677302658232778,0.271078630026418,2.1014779542125477,0.3765019481418846,0.8221865544804203,0.1240952409610472,0.2792454781035151,0.10764534065423176,2.1189207379726915,2.6564922281376124,18300.0,0.0,3.0,1.5811388300841898,686.8,803.9674744664737
Accumulate + Select,62,1.0,0.0,26.062723137028893,15.513885638585043,9.968898032175094,15.22212905205746,20.498824832498464,31.506545169672002,0.16949729503005936,0.27717022555666715,2.0619500670887723,0.3541461708933918,0.820789277845716,0.12455296481580692,0.27817257209645185,0.1074147614339197,2.120857294127654,2.682222684531924,18600.0,0.0,3.0,1.5811388300841898,686.8,803.9674744664737
Accumulate + Select,63,1.0,0.0,26.091928114155287,15.531554997945191,9.89020686133535,15.149190247967294,19.744108191674158,30.43485612999297,0.16375270589962648,0.2676553580487583,2.065877226732908,0.31528235845508945,0.8187573158146423,0.12485534761862929,0.2766794809971006,0.10726264049198596,2.124231163119413,2.7051206639696344,18900.0,0.0,3.0,1.5811388300841898,686.8,803.9674744664737
Accumulate + Select,64,1.0,0.0,26.123696790616247,15.55207921695057,9.81029603580421,15.070279612543995,19.64876373960117,30.05508874154655,0.16265831628817903,0.2644314068412094,2.045296926848624,0.3341399542267882,0.8168435442422872,0.12498817090357661,0.27498550008971145,0.10634835513638217,2.1253862185297203,2.7241113924528824,19200.0,0.0,3.0,1.5811388300841898,686.8,803.9674744664737
Accumulate + Select,65,1.0,0.0,26.155816541617263,15.573070091073534,9.729383629559049,14.986464618181587,19.39332653585672,29.86150702373506,0.160609769098142,0.2626504913227916,2.06183846156372,0.384644399878377,0.8152161650833001,0.12544631242861543,0.2740092483869815,0.10673788204050648,2.1258025172261,2.7419250097558283,19500.0,0.0,3.0,1.5811388300841898,686.8,803.9674744664737
Accumulate + Select,66,1.0,0.0,26.18653310057031,15.592409915635498,9.654292323168233,14.91290587421113,19.34885613242397,29.82763793444704,0.1602749357623225,0.26233434514365195,2.0359764468470347,0.3610999704981932,0.8136185649852686,0.12585001255767922,0.27295414182886835,0.10685322680327596,2.1260851937010736,2.7593361644901786,19800.0,0.0,3.0,1.5811388300841898,686.8,803.9674744664737
Accumulate + Select,67,1.0,0.0,26.22052776132643,15.615196026725252,9.575338299820615,14.828092628244061,19.098732767071585,29.528663503885184,0.15829069168066176,0.25965673534905714,2.0597922655025287,0.30406469057760255,0.8119248078586863,0.1260563903929629,0.27150185654765013,0.10608585495035018,2.1246977023646174,2.772959687671677,20100.0,0.0,3.0,1.5811388300841898,686.8,803.9674744664737
Accumulate + Select,68,1.0,0.0,26.252992100612925,15.637207617501932,9.500456701784422,14.74981422645569,18.81462572895564,29.236185659208346,0.15580681492756684,0.25711020581553995,2.1302062646521667,0.32862938677189796,0.8104147396493202,0.12658761935067464,0.27062384524398164,0.10646794054470309,2.1228974921117336,2.7855700316831813,20400.0,0.0,3.0,1.5811388300841898,686.8,803.9674744664737
Accumulate + Select,69,1.0,0.0,26.287293728032363,15.660721504812168,9.424041147148516,14.665848051119376,18.79958258937543,29.03619818152109,0.1558707216412436,0.2553342418951456,2.12855076649951,0.3372645523907088,0.8087633736459525,0.12685159740057816,0.26924400680969385,0.10576486364568692,2.1206427533759977,2.796959723384319,20700.0,0.0,3.0,1.5811388300841898,686.8,803.9674744664737
Accumulate + Select,70,1.0,0.0,26.321229576967085,15.683738637632533,9.347983123770677,14.580533547898236,18.663941681457413,29.3168131592438,0.15491416102616973,0.25765745189407907,2.0640954264419653,0.340781253895954,0.8073106215015953,0.1274144803254108,0.2683980632452686,0.10609744269307725,2.116960202868179,2.805169053289368,21000.0,0.0,3.0,1.5811388300841898,686.8,803.9674744664737
Accumulate + Select,71,1.0,0.0,26.35468811277388,15.706924935754888,9.272704650927295,14.494458981598473,18.214527964818664,28.497761980964857,0.1512976954397755,0.2504661953230268,2.056378429733402,0.33674951209228554,0.8056975004688971,0.12770678862453555,0.2670572104700145,0.10538335342907276,2.1135572050642537,2.8137150053896245,21300.0,0.0,3.0,1.5811388300841898,686.8,803.9674744664737
Accumulate + Select,72,1.0,0.0,26.38879352138118,15.730712221186156,9.1986271291636,14.408922645765479,18.359352060099575,28.79618100598352,0.15246192276960857,0.2530861657856331,2.0410124160813026,0.3925118771208463,0.8041157805496002,0.1280890462922061,0.2658387939894554,0.10491416367501212,2.109828113240225,2.8210531687399967,21600.0,0.0,3.0,1.5811388300841898,686.8,803.9674744664737
Accumulate + Select,73,1.0,0.0,26.423512204890596,15.754979637224602,9.125450894369983,14.323402712077934,18.422918986558894,28.923003461427573,0.15273005585440122,0.2542167971484942,2.071631627613628,0.26555678972811186,0.8025622217494235,0.12851680323267606,0.2646823810608365,0.10453928801833136,2.105709185241278,2.8270499063045795,21900.0,0.0,3.0,1.5811388300841898,686.8,803.9674744664737
Accumulate + Select,74,1.0,0.0,26.456999963556143,15.779030173727183,9.052374613075582,14.236233284568094,17.884138975750083,27.968282648492586,0.14844277355487795,0.24583705274614662,2.101889218305451,0.40017991545916964,0.8010333474961232,0.12896711027718757,0.2635527146016729,0.10417129583066125,2.100900115210368,2.8315474900888775,22200.0,0.0,3.0,1.5811388300841898,686.8,803.9674744664737
Accumulate + Select,75,1.0,0.0,26.49320279471268,15.805876950324107,8.981701281101252,14.152417934123045,17.79709417538553,28.260589355847223,0.14794155643246892,0.24825895093850045,2.140328804147076,0.41128727207026483,0.7995112554371648,0.12941817337104045,0.2624257343268084,0.10377872220244337,2.0962534880191823,2.836113718748434,22500.0,0.0,3.0,1.5811388300841898,686.8,803.9674744664737
Accumulate + Select,76,1.0,0.0,26.528258698137,15.831734171584264,8.90956932573735,14.063543343887467,17.847434026837284,28.311183785686474,0.1484477821752644,0.24870113111372527,2.1380129548269884,0.411884148192898,0.7979928568573657,0.12987207515562188,0.2613045846935743,0.1033761388695999,2.0908942145336544,2.8387827400323555,22800.0,0.0,3.0,1.5811388300841898,686.8,803.9674744664737
Accumulate + Select,77,1.0,0.0,26.563196862198605,15.857568953102163,8.838407411434709,13.975234166552196,17.62320102943754,27.57064212974232,0.14608592505153,0.2423677504744401,2.107026536655078,0.37046341903756086,0.7964695381549448,0.13033706107613247,0.2601842324412186,0.10296444349627376,2.0852846576761164,2.840733546596318,23100.0,0.0,3.0,1.5811388300841898,686.8,803.9674744664737
Accumulate + Select,78,1.0,0.0,26.600018540721994,15.885041814347577,8.767967693614354,13.886736175241204,17.50565951663163,27.842483256218397,0.1455267416803177,0.24457802704907874,2.1413869789477458,0.311263463218817,0.7949494806990842,0.13080475806206168,0.25906990989735845,0.10254423775199228,2.0795201102359475,2.841734025489132,23400.0,0.0,3.0,1.5811388300841898,686.8,803.9674744664737
Accumulate + Select,79,1.0,0.0,26.634583842712736,15.910651744375254,8.699818813563237,13.801753192100367,17.19280256751066,26.952194872873125,0.1425623536179969,0.236911302199175,2.0882035026202734,0.3799914190112099,0.7934374415919454,0.13124647517720955,0.25795892235869144,0.10210180596242202,2.0738202967413857,2.8426412263033507,23700.0,0.0,3.0,1.5811388300841898,686.8,803.9674744664737
Accumulate + Select,80,1.0,0.0,26.669387935514987,15.936805132370942,8.631390894106888,13.714571459498329,17.18895151528886,27.057820237494465,0.14264032527890763,0.2378059645321687,2.080637247750611,0.32105918529487204,0.7919191810759052,0.13167064386370922,0.25684500884086514,0.10164472410685307,2.067644394658459,2.8423951113138046,24000.0,0.0,3.0,1.5811388300841898,686.8,803.9674744664737
Accumulate + Select,81,1.0,0.0,26.703784258255318,15.962666327247407,8.564453756767907,13.629299513430675,16.837354254997685,26.762905592612018,0.1400369420671692,0.23507484525785796,2.0826489425147217,0.311529647842013,0.7904066437422121,0.13208851256671442,0.2557370272485734,0.10117509623523616,2.061511884047712,2.84194635950602,24300.0,0.0,3.0,1.5811388300841898,686.8,803.9674744664737
Accumulate + Select,82,1.0,0.0,26.73857038638813,15.988914918965746,8.497202759702912,13.54169250633,17.236157173170643,27.74517872846043,0.1433009314764053,0.2436400673888174,2.143066127529936,0.29842813741673513,0.7888920848273369,0.13248724752436875,0.25463048025161344,0.10069578696231873,2.0550425139154926,2.8402125810849985,24600.0,0.0,3.0,1.5811388300841898,686.8,803.9674744664737
Accumulate + Select,83,1.0,0.0,26.77172192890064,16.014578310883422,8.430526739294896,13.45418583612045,16.61799956510534,26.539389449503723,0.13831708501411574,0.23306885219754384,2.1490510188818717,0.3142701356786591,0.7873699690550218,0.13288522531563754,0.25352584820866164,0.1002168058320031,2.0483023383361756,2.837986355121056,24900.0,0.0,3.0,1.5811388300841898,686.8,803.9674744664737
Accumulate + Select,84,1.0,0.0,26.80705524833953,16.041217044014793,8.366581097380834,13.371198080964422,16.69710030361082,26.552530571062384,0.138706609748746,0.23326338780997963,2.0915786146778736,0.38044128032942465,0.7858356902982845,0.13329259352825065,0.25242186570874126,0.09974206020918912,2.0420256299793076,2.836084115369175,25200.0,0.0,3.0,1.5811388300841898,686.8,803.9674744664737
Accumulate + Select,85,1.0,0.0,26.841403264782663,16.06732465513703,8.303618614963574,13.289113927177555,16.58350443543563,26.672195312959104,0.1380737085530068,0.2341778277458571,2.1296665308882643,0.38569091136966105,0.7842732061611992,0.1337051798321761,0.25130826942705087,0.09927130618464218,2.0357754805315693,2.833948934501561,25500.0,0.0,3.0,1.5811388300841898,686.8,803.9674744664737
Accumulate + Select,86,1.0,0.0,26.873743178765654,16.092470543216784,8.239783533633005,13.203906725699108,16.273503840180418,25.972912817566687,0.135225228720473,0.2281356890588351,2.0721541293288976,0.4023330885448507,0.7826706351179069,0.13412223422972652,0.2501775233468261,0.09880363609949361,2.0289431466933094,2.830442871857788,25800.0,0.0,3.0,1.5811388300841898,686.8,803.9674744664737
Accumulate + Select,87,1.0,0.0,26.908128521486514,16.119436193186857,8.176988922762785,13.119629621365627,16.26273800772321,25.97005165275785,0.13529412275355981,0.2280845080476116,2.0828071511598525,0.4029583807141433,0.7810308937439436,0.13455393936889684,0.24903576547914863,0.09835076055276246,2.022318888902156,2.8265837990280125,26100.0,0.0,3.0,1.5811388300841898,686.8,803.9674744664737
Accumulate + Select,88,1.0,0.0,26.942011787874133,16.146195045766547,8.11588283656838,13.038003103923733,16.5152453435935,26.654404998546724,0.13739802707808055,0.23403427188628098,2.1499298097728685,0.28745241497928653,0.7793651427891557,0.13498606239784136,0.24788508828692896,0.09789854321887458,2.0157068716226645,2.8227449678997862,26400.0,0.0,3.0,1.5811388300841898,686.8,803.9674744664737
Accumulate + Select,89,1.0,0.0,26.974208349181673,16.17153309210907,8.054134947413367,12.95374487854378,15.970275528487946,25.673751590963374,0.13277149567303279,0.22546408032678797,2.056609981426534,0.4124293413077578,0.7776671959422451,0.13542525814584522,0.24672346313303478,0.0974513225445811,2.008766213436476,2.817802676651728,26700.0,0.0,3.0,1.5811388300841898,686.8,803.9674744664737
Accumulate + Select,90,1.0,0.0,27.008173491755542,16.198149591369656,7.993238815677188,12.870122543305891,16.071103531783162,25.69025395197106,0.13347934391789323,0.22567511050101013,2.111019219704061,0.3844075471869043,0.775942580128696,0.13586988204893283,0.24555712825501116,0.09701814060677302,2.0020313461025667,2.8126365406703933,27000.0,0.0,3.0,1.5811388300841898,686.8,803.9674744664737
Accumulate + Select,91,1.0,0.0,27.04012106522931,16.223256902101674,7.932419369767888,12.78567676367349,15.681838426399597,25.135232499113222,0.1302887658945046,0.2207624978460401,2.0589746722415483,0.43628889276635385,0.7742006728877286,0.13631000481270367,0.24439025799481023,0.09659513798167767,1.9950511531357642,2.8066891115292636,27300.0,0.0,3.0,1.5811388300841898,686.8,803.9674744664737
Accumulate + Select,92,1.0,0.0,27.073365643485737,16.249831714026648,7.872864948334763,12.703017504296627,15.749045490177815,25.280882787561126,0.1310878893087138,0.22198635018338228,2.1661743614763322,0.37216382391796005,0.7724411564329068,0.13673391365471377,0.24321764545237912,0.09616701849252082,1.9882176239811187,2.800808912669742,27600.0,0.0,3.0,1.5811388300841898,686.8,803.9674744664737
Accumulate + Select,93,1.0,0.0,27.1066160801538,16.276297878781605,7.8147300550360965,12.622468395153893,15.453949051403649,24.85647305051821,0.1287380802029978,0.21823117582728174,2.102147832648992,0.37139461270073376,0.7706784644857662,0.1371302202688503,0.24204539980026593,0.09572630549964446,1.9816190653184755,2.7951214649057095,27900.0,0.0,3.0,1.5811388300841898,686.8,803.9674744664737
Accumulate + Select,94,1.0,0.0,27.139671030609094,16.302654608875855,7.757501299802963,12.5429326826256,15.337042676968329,24.908272411533726,0.1277566936188582,0.21863451413480817,2.143141689888947,0.44597192675243086,0.7689205363125089,0.13751471697525888,0.24088501326942519,0.09529392090787259,1.9750520414563635,2.7893269389822857,28200.0,0.0,3.0,1.5811388300841898,686.8,803.9674744664737
Accumulate + Select,95,1.0,0.0,27.17200188970719,16.329044062452493,7.701483351312961,12.46520675305097,15.461126838154968,25.08684482315968,0.12878247212053356,0.22021124720565155,2.155860749875509,0.39231462024562636,0.7671699310269975,0.13788910567615562,0.23973821429737305,0.09487109762411898,1.9685283917131713,2.7836350754485752,28500.0,0.0,3.0,1.5811388300841898,686.8,803.9674744664737
Accumulate + Select,96,1.0,0.0,27.203762579198564,16.354547974172227,7.645342022148332,12.386247681766413,15.409107498295057,25.21870776151019,0.12854395383032255,0.22128325723194425,2.1441965874877824,0.3262359612266852,0.7654164780411714,0.1382413831641255,0.23859288040945237,0.09443888744531968,1.961814375609962,2.777237721702031,28800.0,0.0,3.0,1.5811388300841898,686.8,803.9674744664737
Accumulate + Select,97,1.0,0.0,27.23557016214246,16.38058054578399,7.589550925249176,12.307142469130712,15.130633746941351,24.41319439480821,0.1259705698305685,0.21434477187900025,2.1134176722893265,0.3449902624986682,0.763668678724279,0.13857681130881538,0.23745711357533256,0.09400750592896073,1.9550583439539466,2.770611128342912,29100.0,0.0,3.0,1.5811388300841898,686.8,803.9674744664737
Accumulate + Select,98,1.0,0.0,27.266575287994094,16.406132759411165,7.534172884225187,12.227992068748655,15.11491100428049,24.731803260436116,0.12600972875211308,0.21702494238966474,2.1081240060796764,0.44185510698281616,0.7619314624486148,0.13889154825725547,0.2363341623341162,0.09357930546254879,1.9481980544317714,2.7635448162621445,29400.0,0.0,3.0,1.5811388300841898,686.8,803.9674744664737
Accumulate + Select,99,1.0,0.0,27.297452775125542,16.431623158664802,7.479894896930564,12.150468500467861,14.700916097232735,23.88222527607855,0.12234889820843382,0.2096538489032468,2.1723144485640007,0.43217441544607355,0.7602123751543933,0.13918977876267052,0.2352313100028817,0.09316485998328043,1.9414359493975497,2.7565580944953245,29700.0,0.0,3.0,1.5811388300841898,686.8,803.9674744664737
Accumulate + Select,100,1.0,0.0,27.328463613078647,16.457271795274913,7.426206636374012,12.073531157571368,14.777041432621317,24.15788052989628,0.12320039251881325,0.211978580867692,2.1157389833222195,0.30821779751253553,0.7585128831429018,0.1394710630046336,0.23414480616081157,0.09274890332396925,1.9346380192417303,2.7494453565167936,30000.0,0.0,3.0,1.5811388300841898,686.8,803.9674744664737
Accumulate + Select,101,1.0,0.0,27.359387178630776,16.482818831356337,7.374062728231911,11.999143189317632,14.842192278155755,24.307481707252375,0.12359180888154733,0.21332277313898876,2.1932782861819318,0.35577181749988535,0.7568293528130716,0.13973331717363865,0.2330713368577289,0.09232808839291091,1.9281708163071045,2.7429058915265037,30300.0,0.0,3.0,1.5811388300841898,686.8,803.9674744664737
Accumulate + Select,102,1.0,0.0,27.388280244569888,16.506840794250124,7.32197501662893,11.9240935321215,14.649108569096594,23.542879338868982,0.12187476469810628,0.20673431116399335,2.1576804340266866,0.39330838344119584,0.755164078094994,0.13998027060861137,0.23201440318370423,0.09191055119581783,1.9215308932133346,2.7359359028847,30600.0,0.0,3.0,1.5811388300841898,686.8,803.9674744664737
Accumulate + Select,103,1.0,0.0,27.418675497489204,16.53214505822315,7.270332297204168,11.849293113945423,14.367153926878192,23.211297620633044,0.11965911708097358,0.20376327543861414,2.1911446498780163,0.39195926335393705,0.7535097381724416,0.14020423985008224,0.23096821141868557,0.09149219830667445,1.9148166248427905,2.728762212663803,30900.0,0.0,3.0,1.5811388300841898,686.8,803.9674744664737
Accumulate + Select,104,1.0,0.0,27.448810148563417,16.557395030111728,7.219975666242618,11.776654179042426,14.508439889692557,23.704518616796435,0.12108702265846809,0.2079782570979016,2.133119791553094,0.31333773312943436,0.7518767299465529,0.14041471271615766,0.2299399746681346,0.0910772433121435,1.9083632186560842,2.722032990812232,31200.0,0.0,3.0,1.5811388300841898,686.8,803.9674744664737
Accumulate + Select,105,1.0,0.0,27.478191703059935,16.582052206739426,7.169644613045224,11.703287051296753,14.432354365182926,23.36838068722411,0.12018777486381224,0.20513575970692383,2.1415402513657242,0.31868038069384114,0.7502653367328805,0.1406114227145154,0.2289287597733664,0.09066257755468637,1.9017792785564414,2.7149303675824266,31500.0,0.0,3.0,1.5811388300841898,686.8,803.9674744664737
Accumulate + Select,106,1.0,0.0,27.50731701971909,16.60678410324968,7.120315736126537,11.631527158645074,14.06469752350234,23.195896446089804,0.11749795667536382,0.20344536548336278,2.20966671993577,0.3510406189273151,0.7486720735491126,0.14079106570852773,0.2279321596962154,0.09024781254588271,1.8953089231382347,2.7080963790912977,31800.0,0.0,3.0,1.5811388300841898,686.8,803.9674744664737
Accumulate + Select,107,1.0,0.0,27.536575493723085,16.631748940096802,7.072131485628231,11.561570570670744,13.776552385415865,22.19684456996522,0.11456380455043229,0.19490938085737683,2.1135277370302856,0.32601977130547005,0.7470933544867752,0.14094692989945182,0.22694645371452413,0.08982804294493715,1.8890823002129185,2.7016240945500307,32100.0,0.0,3.0,1.5811388300841898,686.8,803.9674744664737
Accumulate + Select,108,1.0,0.0,27.56496292051944,16.65595561414855,7.02360753440113,11.49022846848712,14.064988543223578,23.055080055008318,0.11719197667611525,0.20231088645891906,2.125985159072946,0.2451894330701528,0.7455385161772472,0.14108612808241672,0.225978003942538,0.0894072885922833,1.882588525780795,2.6945098610811753,32400.0,0.0,3.0,1.5811388300841898,686.8,803.9674744664737
Accumulate + Select,109,1.0,0.0,27.593110641670812,16.680125863068106,6.975640641921181,11.41947152646327,13.96855247191194,22.980208376143878,0.11656892259785426,0.20160153887782997,2.142756890007261,0.3399214904368226,0.7440081647074954,0.14121588346414043,0.22502957193458437,0.08899480054305481,1.8760975657132655,2.6873901432480745,32700.0,0.0,3.0,1.5811388300841898,686.8,803.9674744664737
Accumulate + Select,110,1.0,0.0,27.62152650259307,16.70493952576967,6.929027727051825,11.35113859594264,13.948648616351633,23.159785318644204,0.11651303538174532,0.20310426173911628,2.157851041800959,0.32186295137961307,0.7424990511814487,0.14132206120801982,0.22409413952015544,0.0885731964875981,1.8697991905175524,2.680684035825008,33000.0,0.0,3.0,1.5811388300841898,686.8,803.9674744664737
Accumulate + Select,111,1.0,0.0,27.649238080019813,16.728490067091094,6.882439191564856,11.282269434394244,13.75938384917274,22.348404212632786,0.11439972410961326,0.19619434487659435,2.233142966250907,0.3577690107598089,0.7410117321215572,0.14140775067862624,0.2231724089751787,0.08814412708732658,1.863520774615607,2.6739293357702216,33300.0,0.0,3.0,1.5811388300841898,686.8,803.9674744664737
Accumulate + Select,112,1.0,0.0,27.676787142968784,16.75215744738946,6.836489453454135,11.214211907295455,13.212564858141272,21.608161130945742,0.11025311082199755,0.1895933020999504,2.0831999747965013,0.28620557022161675,0.7395281204291899,0.1414899442603465,0.22225861393138957,0.08772196894921197,1.857237874455219,2.667141224225585,33600.0,0.0,3.0,1.5811388300841898,686.8,803.9674744664737
Accumulate + Select,113,1.0,0.0,27.704030564644153,16.77567114790137,6.79128211133545,11.147220507682198,13.910099179245716,22.808364047920826,0.11608964254356176,0.20009670316805667,2.1712051129983267,0.29668006346581455,0.7380648509841161,0.14155049433861824,0.2213592841784447,0.08729982363307809,1.8510613998499554,2.660378174021067,33900.0,0.0,3.0,1.5811388300841898,686.8,803.9674744664737
Accumulate + Select,114,1.0,0.0,27.7313718622296,16.799599353430644,6.746357603038416,11.080251093913013,13.484386969569707,22.22494402652685,0.11257037463750583,0.1949447680061433,2.1551002501291494,0.31888260855981637,0.736607726619095,0.1415955663673153,0.22046663330151972,0.08687700814253184,1.844916696580516,2.653521077136571,34200.0,0.0,3.0,1.5811388300841898,686.8,803.9674744664737
Accumulate + Select,115,1.0,0.0,27.758542443878987,16.82329836402756,6.702457965252795,11.015022954050934,13.321323949471012,21.555537523497655,0.11083399711730191,0.1892373196185742,2.1519202044381345,0.38629718951519704,0.7351706071071129,0.14162174362543445,0.21958899178110597,0.08645786063124009,1.8389043214077954,2.646894067798298,34500.0,0.0,3.0,1.5811388300841898,686.8,803.9674744664737
Accumulate + Select,116,1.0,0.0,27.785226056301184,16.846635984272798,6.658497746965648,10.949107291088712,13.435014688219088,22.060124766971377,0.11203960649804767,0.19354496373540875,2.2165260402994584,0.34917732883215696,0.7337407256082973,0.14163754921107863,0.218720641975579,0.08604651964320768,1.8327767039112828,2.6398663829919733,34800.0,0.0,3.0,1.5811388300841898,686.8,803.9674744664737
Accumulate + Select,117,1.0,0.0,27.811031141477763,16.86941101751409,6.615347076796434,10.884461547120782,13.198767426725535,21.308749993150897,0.10978603515958037,0.1870879568838266,2.1658049415287204,0.3420402444049925,0.7323079915838238,0.14164494125816968,0.21785529873696619,0.08563949467706075,1.8267000398092474,2.6328374952569376,35100.0,0.0,3.0,1.5811388300841898,686.8,803.9674744664737
Accumulate + Select,118,1.0,0.0,27.83645095077468,16.89183856999068,6.572774996550114,10.82059632798966,13.081330318275729,21.685364739645166,0.10927634953207951,0.19018458036615615,2.1296939032634437,0.3584280347884342,0.7308851747145313,0.1416494619216834,0.21700143726757046,0.08524311041404789,1.8207331678616445,2.6258510597979403,35400.0,0.0,3.0,1.5811388300841898,686.8,803.9674744664737
Accumulate + Select,119,1.0,0.0,27.86246286986385,16.91497905681808,6.531158571549392,10.75845609425888,13.151859405181488,21.82429913897185,0.10982339205147866,0.19140160533665718,2.1908187131872627,0.3145019639154423,0.7294790668554767,0.14165001620804835,0.2161627166259419,0.08485842263646662,1.8148467124736478,2.619092069929147,35700.0,0.0,3.0,1.5811388300841898,686.8,803.9674744664737
Accumulate + Select,120,1.0,0.0,27.887765933265676,16.937346331277556,6.4896424455767505,10.696015328003698,12.648659205562165,20.71534668238602,0.10547443546769109,0.18176554639892525,2.1534374878876226,0.3442885601270428,0.7280810499742125,0.14163469284295246,0.21533044117961744,0.08447050494982086,1.8089029784577033,2.6120363168718193,36000.0,0.0,3.0,1.5811388300841898,686.8,803.9674744664737
Accumulate + Select,121,1.0,0.0,27.913160314565538,16.96002519655179,6.4485579487597775,10.634011769760722,13.343866715513759,22.298786563275335,0.11164300188529372,0.19547150649969902,2.1618623524645924,0.378996573473325,0.726686500110595,0.14160651636615668,0.21450312646283307,0.0840832037388736,1.8030438963996605,2.6049712629979735,36300.0,0.0,3.0,1.5811388300841898,686.8,803.9674744664737
Accumulate + Select,122,1.0,0.0,27.938223623426694,16.982408325176692,6.408072567909511,10.572910601667003,12.843199840995288,21.216355026842038,0.10724167744628683,0.18608719677310517,2.174367345363882,0.2740557913049516,0.7252927881575912,0.1415771951764881,0.21368172286417045,0.0837049492085775,1.7972236340771885,2.597929292339398,36600.0,0.0,3.0,1.5811388300841898,686.8,803.9674744664737
Accumulate + Select,123,1.0,0.0,27.963680906944735,17.005261388998658,6.36803472007216,10.512309749852212,12.851614514499616,21.32592504724007,0.10731039721445038,0.18703524657803977,2.2021431972236156,0.31316463053347926,0.7239023732378512,0.141552178729281,0.21286844540053437,0.08333926624007296,1.7914597568542816,2.5907784694215095,36900.0,0.0,3.0,1.5811388300841898,686.8,803.9674744664737
Accumulate + Select,124,1.0,0.0,27.988215584300026,17.02739203366295,6.328170496141567,10.451637920452066,12.887465479002646,21.23290448894894,0.10756532464747441,0.18625742078664434,2.1515123189157332,0.36704732233520104,0.7225139106790911,0.1415276272419425,0.21206147100988093,0.08298233590199783,1.78563229446132,2.583383450323394,37200.0,0.0,3.0,1.5811388300841898,686.8,803.9674744664737
Accumulate + Select,125,1.0,0.0,28.012302641433244,17.04926088264949,6.289435581408393,10.393093177155242,12.490382188147645,20.580992777547372,0.10425303851247744,0.18053151162526324,2.14194267282305,0.2818018509105157,0.7211398772916294,0.14150596364383497,0.21126698953926595,0.08263287515376683,1.7799605423935845,2.5763238277701244,37500.0,0.0,3.0,1.5811388300841898,686.8,803.9674744664737
Accumulate + Select,126,1.0,0.0,28.03699274639957,17.071466140824324,6.2511950696213745,10.335186930026824,12.914136313113133,21.31932389568572,0.10790738330917479,0.1869711796097045,2.2237200966989468,0.3620040075824467,0.7197775224598174,0.14148513778444008,0.2104839114629112,0.08229332631283105,1.7743629762449284,2.569264728736672,37800.0,0.0,3.0,1.5811388300841898,686.8,803.9674744664737
Accumulate + Select,127,1.0,0.0,28.06107121014953,17.09336106791856,6.213093270024749,10.277200735552622,12.400974597988897,20.475597421081744,0.10347596953587268,0.17961838205252156,2.1570614824161387,0.411301910142975,0.7184188118720496,0.14146325021156805,0.20970692512029293,0.08195935915550447,1.7687042684615908,2.562054891317495,38100.0,0.0,3.0,1.5811388300841898,686.8,803.9674744664737
Accumulate + Select,128,1.0,0.0,28.084854747985524,17.115009871119504,6.175394314928707,10.219712806297183,11.909540172085553,19.695276960654873,0.09932669444820566,0.17277326606206417,2.139493645650501,0.36473732225278244,0.717062707503471,0.14144282828502386,0.20893604888671752,0.08163334642245086,1.763046589013556,2.554718410013901,38400.0,0.0,3.0,1.5811388300841898,686.8,803.9674744664737
Accumulate + Select,129,1.0,0.0,28.108211531229745,17.13631651131519,6.137789993347497,10.162011930588616,12.160980364316405,19.988701330980792,0.10147765918190894,0.17536531079474876,2.170247375273749,0.3623582806658711,0.715710936624282,0.14143004999196404,0.20817289022468813,0.08131791637525854,1.7573361021617309,2.547074102940936,38700.0,0.0,3.0,1.5811388300841898,686.8,803.9674744664737
Accumulate + Select,130,1.0,0.0,28.131463752162016,17.15763499354329,6.101183161673387,10.106188898107158,12.217703067257657,20.311081771443707,0.10217886506090404,0.17807760956783772,2.1923748997454178,0.32158751951358117,0.7143725699140429,0.14142498089077188,0.20742231006939554,0.08101452819494437,1.7518038412553214,2.539830659077303,39000.0,0.0,3.0,1.5811388300841898,686.8,803.9674744664737
Accumulate + Select,131,1.0,0.0,28.15444509579737,17.1789897486397,6.064665939530685,10.050163302069565,12.0616796853492,19.957608998238758,0.1008224670483611,0.17500881861085696,2.1275731944253797,0.2890890238548398,0.7130464365940228,0.1414275328075732,0.206683239857164,0.08072167559748884,1.7460875608424598,2.532277738072177,39300.0,0.0,3.0,1.5811388300841898,686.8,803.9674744664737
Accumulate + Select,132,1.0,0.0,28.176879192783833,17.199741237040577,6.0285696203007575,9.994691954074437,11.819070226256096,19.582826807982617,0.09879573476862855,0.17172858264111235,2.215747592135947,0.369615294907997,0.71172478184901,0.14142796486161036,0.20594945688588395,0.08043096434504426,1.740412352648578,2.5247011191082054,39600.0,0.0,3.0,1.5811388300841898,686.8,803.9674744664737
Accumulate + Select,133,1.0,0.0,28.199288695314305,17.220679023604742,5.992832776460589,9.939638372013354,11.910917965884902,19.622939162259822,0.09924585643932989,0.172158888190084,2.168583241336736,0.288064279410243,0.710406547413772,0.14143699854564964,0.2052219123324801,0.08014775051852863,1.7347930372837628,2.5171615035140498,39900.0,0.0,3.0,1.5811388300841898,686.8,803.9674744664737
Accumulate + Select,134,1.0,0.0,28.221790606509927,17.241566483874397,5.957464280178444,9.885056945473371,11.974174397463269,19.81124283379293,0.0998690061979913,0.17378535115736024,2.228775766506131,0.31267292369681066,0.7091081776086752,0.1414525039531479,0.20450918997750542,0.07987412448623638,1.729159772004617,2.5095355503385757,40200.0,0.0,3.0,1.5811388300841898,686.8,803.9674744664737
Accumulate + Select,135,1.0,0.0,28.24352099033401,17.261849965250878,5.9226833571069815,9.831488512570983,12.009660846725362,20.12891051587969,0.1004137628075221,0.17645912686590048,2.1622989099893117,0.29470967118651825,0.7078376287609973,0.1414628366340623,0.20381376422613012,0.07960560380208564,1.723574511082155,2.5020115195285104,40500.0,0.0,3.0,1.5811388300841898,686.8,803.9674744664737
Accumulate + Select,136,1.0,0.0,28.264594912935145,17.281327264623613,5.88819625884952,9.778233717713652,12.124417409558523,20.294151243844922,0.10145034773508102,0.1778952446279209,2.2117165409200688,0.293761152301432,0.7065882734124495,0.14146839746760226,0.20313150613533265,0.07933904836291505,1.7179310986087315,2.4944093017857343,40800.0,0.0,3.0,1.5811388300841898,686.8,803.9674744664737
Accumulate + Select,137,1.0,0.0,28.286517104482584,17.301739418434376,5.854126266455845,9.725555031970957,11.916152972314887,19.972821982997388,0.09964431598125642,0.17509208274373791,2.1959210483314715,0.3315780772472675,0.7053493765958472,0.1414763157763842,0.20245803331713375,0.07907846653338128,1.7123585067571387,2.486914157518334,41100.0,0.0,3.0,1.5811388300841898,686.8,803.9674744664737
Accumulate + Select,138,1.0,0.0,28.3078124786216,17.321899237698034,5.820132525941378,9.672730880021271,11.877242251978988,19.97701936999467,0.09940562834540256,0.17508396083476382,2.219540272803547,0.3387350895791814,0.704115854420413,0.14149434858042612,0.20179148675599964,0.07882614154743296,1.7066405018050097,2.4791636911210957,41400.0,0.0,3.0,1.5811388300841898,686.8,803.9674744664737
Accumulate + Select,139,1.0,0.0,28.328572264011473,17.3413748167916,5.786422960636143,9.62021404252728,11.774940643607042,19.69775581522274,0.09864733071102857,0.172632456556555,2.21556378638094,0.38229708200391643,0.7029024025869408,0.14151688861088943,0.20113855777792633,0.07858048492764162,1.7009106400246388,2.471332640055342,41700.0,0.0,3.0,1.5811388300841898,686.8,803.9674744664737
Accumulate + Select,140,1.0,0.0,28.34886936898467,17.360591352854158,5.753366698856448,9.568853622101582,11.653541889755905,19.31698107164641,0.09719283184771206,0.16944668731108184,2.241530287923312,0.38055736712190186,0.7017205890237364,0.14153883040854673,0.2005047908082464,0.07834211011218072,1.6952409256030527,2.4636728020670184,42000.0,0.0,3.0,1.5811388300841898,686.8,803.9674744664737
Accumulate + Select,141,1.0,0.0,28.369834724684388,17.380264133567344,5.720671716859522,9.517984869077173,11.496324092320569,19.07041122827247,0.09605596125456026,0.16722753023030407,2.190947142184315,0.2575299686000806,0.7005630176174152,0.141554102204942,0.199884575204269,0.07810332382836503,1.6895976998804225,2.4560191929659823,42300.0,0.0,3.0,1.5811388300841898,686.8,803.9674744664737
Accumulate + Select,142,1.0,0.0,28.390156425639862,17.399516772334927,5.688495431285064,9.46796720111891,11.39326779650217,18.915810670623117,0.09511024768096357,0.16590158472631988,2.2414245488468354,0.41741483789383066,0.6994177439159504,0.14156595921469917,0.19927191524930082,0.07786350855864646,1.684026693492583,2.448606091195219,42600.0,0.0,3.0,1.5811388300841898,686.8,803.9674744664737
Accumulate + Select,143,1.0,0.0,28.410542715785134,17.418874261015187,5.656360131315175,9.41775043337486,11.793024648850137,19.951794842607995,0.09860837265665026,0.17486773826498303,2.230646289482306,0.31474473829290706,0.6982930812610589,0.14158398699762115,0.19867320180203601,0.07763266010499836,1.6783436043804514,2.440919810981749,42900.0,0.0,3.0,1.5811388300841898,686.8,803.9674744664737
Accumulate + Select,144,1.0,0.0,28.430472855850287,17.437902128165625,5.624741035813131,9.368418157059448,11.217365481477085,18.859298840846566,0.09395569568017106,0.16526995352824972,2.2020447062735857,0.3741790557454397,0.6971934359950244,0.14160037277138687,0.1980889987273599,0.07740486023100088,1.672687136765186,2.433362304925241,43200.0,0.0,3.0,1.5811388300841898,686.8,803.9674744664737
Accumulate + Select,145,1.0,0.0,28.450266694565972,17.45702738902103,5.593580700134331,9.319810087681699,11.179255388885299,18.574369623762315,0.09351236205817649,0.16285293565511846,2.1546001283325875,0.29606856422632344,0.6961192750599755,0.14161069410061725,0.1975186058164486,0.07717683611306857,1.6671030567166203,2.4259694059716885,43500.0,0.0,3.0,1.5811388300841898,686.8,803.9674744664737
Accumulate + Select,146,1.0,0.0,28.469679107317404,17.475537715422874,5.5625905847408665,9.271308171114846,11.113307092887094,18.610796024831348,0.0930411182631726,0.1631197199316131,2.169031351193291,0.35253419857336504,0.695064616341526,0.1416069513746296,0.1969574298423606,0.07694210827466517,1.6615280118342657,2.418545898509146,43800.0,0.0,3.0,1.5811388300841898,686.8,803.9674744664737
Accumulate + Select,147,1.0,0.0,28.489123756639465,17.49425898608721,5.531961540222891,9.223322101552014,11.17794213122502,18.709429718695315,0.09347096963929499,0.16401502894778566,2.2370035001171904,0.3745232644230018,0.6940284068609761,0.1415961381402669,0.1964060235209152,0.07670507556002859,1.6560065995783895,2.411327660935715,44100.0,0.0,3.0,1.5811388300841898,686.8,803.9674744664737
Accumulate + Select,148,1.0,0.0,28.508636117413676,17.5131798089148,5.501521249401309,9.175524610661366,10.967010033911734,18.23843602845252,0.09170144843699336,0.1599008520157478,2.230610692005772,0.30005011000579795,0.6930144032805764,0.14159080990863032,0.19586833712302615,0.0764745989198213,1.6504644626292495,2.404058119921893,44400.0,0.0,3.0,1.5811388300841898,686.8,803.9674744664737
Accumulate + Select,149,1.0,0.0,28.527716369487205,17.531471023208834,5.471546002141903,9.128485088941625,10.881922933594057,18.157190091902663,0.09093387519875759,0.1592032810260578,2.2898009749513752,0.3219343532824129,0.6920161934329776,0.1415775673630411,0.19533930301080576,0.07624360938864921,1.644974599193743,2.396894126315829,44700.0,0.0,3.0,1.5811388300841898,686.8,803.9674744664737
Accumulate + Select,150,1.0,0.0,28.546995681706996,17.550057839487348,5.442181266643588,9.082559568988808,10.850002399759385,17.99893314359008,0.0906875166330326,0.1578321604495846,2.22876943173875,0.2945629689660543,0.6910320053017672,0.14155623276555246,0.19481791686921332,0.07601168652242403,1.6396611393722107,2.3901055097867667,45000.0,0.0,3.0,1.5811388300841898,686.8,803.9674744664737
Accumulate + Select,151,1.0,0.0,28.56584479273285,17.568358823085738,5.4128844269430605,9.036542584109602,10.522384102109005,17.384215075408264,0.08784865166605296,0.15248116547732174,2.227758220585019,0.37160447764935484,0.6900570422279624,0.14152964477645813,0.19430196497451485,0.07577906627954223,1.6342913585479408,2.383197573321799,45300.0,0.0,3.0,1.5811388300841898,686.8,803.9674744664737
Accumulate + Select,152,1.0,0.0,28.584493515926262,17.58647989302678,5.3839036098722195,8.990939923679562,10.711301319400558,17.738406394454355,0.08943302437629722,0.15556709298520408,2.2189643221205997,0.35319171412997674,0.689092302815078,0.14149562802930973,0.19379092405981926,0.07554113142081573,1.6290462436853328,2.3764309109263078,45600.0,0.0,3.0,1.5811388300841898,686.8,803.9674744664737
Accumulate + Select,153,1.0,0.0,28.60296047192922,17.604555524787415,5.355337550800162,8.946060942577429,10.65104886394475,17.810773601396797,0.08900425803066683,0.15615772555750204,2.193480927588085,0.26800274847871913,0.6881405394335409,0.1414566329730054,0.19328715827397303,0.07530297627549003,1.6238603595853829,2.3698756912518593,45900.0,0.0,3.0,1.5811388300841898,686.8,803.9674744664737
Accumulate + Select,154,1.0,0.0,28.62110289832678,17.622192611409712,5.3269483748630275,8.901359160737433,11.140215940038441,18.865637430707565,0.09330559649397616,0.16529934990766312,2.185163461927002,0.32524608319890186,0.6872001593820497,0.14141205704720494,0.19278966298924907,0.07506368565708867,1.618687506690036,2.3633330046806957,46200.0,0.0,3.0,1.5811388300841898,686.8,803.9674744664737
Accumulate + Select,155,1.0,0.0,28.639108644285123,17.63989351789375,5.298567159230993,8.856422331416574,10.697330638188697,17.831846348577646,0.08947525894797045,0.15633369125041216,2.222023944574339,0.2881373909331585,0.6862708526897745,0.1413610211384929,0.19229828028388382,0.07482357432154872,1.6134429337763023,2.356645839297864,46500.0,0.0,3.0,1.5811388300841898,686.8,803.9674744664737
Accumulate + Select,156,1.0,0.0,28.657056099553916,17.657369874657252,5.270647949012568,8.812295164189946,10.834389758199766,18.260262317311387,0.09086426826774316,0.15997998861576587,2.2366374762130214,0.321625325612037,0.6853471202266121,0.14130602456383407,0.19181063157136974,0.0745836205579591,1.6083202378238883,2.3502083002681675,46800.0,0.0,3.0,1.5811388300841898,686.8,803.9674744664737
Accumulate + Select,157,1.0,0.0,28.675131593354404,17.675133257073057,5.243060627518936,8.76869091024754,10.129559152365703,16.889418030429105,0.08472172281556214,0.1480674109083755,2.206526761426852,0.37522373056943137,0.6844357677013471,0.14125132099262802,0.19133104004248386,0.07434893339757326,1.6032673096478909,2.3438376988147316,47100.0,0.0,3.0,1.5811388300841898,686.8,803.9674744664737
Accumulate + Select,158,1.0,0.0,28.69271368986865,17.692391552472294,5.2155421482776205,8.725007889899029,10.613182709442409,17.947503457714166,0.08894030100998676,0.15724887989500702,2.2777716633280116,0.3247608103099815,0.6835260851459429,0.1411872688844352,0.19085246823019525,0.07411118113513586,1.5981636067725231,2.337341105136242,47400.0,0.0,3.0,1.5811388300841898,686.8,803.9674744664737
Accumulate + Select,159,1.0,0.0,28.710191094004095,17.70966898578913,5.188630573949622,8.68246559490514,10.65485325160103,17.89657063934515,0.08905145077001901,0.1568861488599878,2.2487222154226894,0.2772205429343142,0.6826175585105451,0.14112656569210189,0.19037626050337675,0.07387647039516122,1.5932499276289411,2.331186094947325,47700.0,0.0,3.0,1.5811388300841898,686.8,803.9674744664737
Accumulate + Select,160,1.0,0.0,28.727277441622334,17.72647776877399,5.161708141179647,8.639680939697087,9.887246230635473,16.473716845661286,0.0826567731986749,0.1444367178049127,2.2694667413695493,0.26533416937780613,0.6817098029273503,0.1410665890433654,0.1899023028156033,0.07364574958017943,1.588270871778716,2.3247862798014536,48000.0,0.0,3.0,1.5811388300841898,686.8,803.9674744664737
Accumulate + Select,161,1.0,0.0,28.7441386673538,17.743192790851335,5.135038841800428,8.597243525192434,10.517339394536926,17.684051813878856,0.08787942108826953,0.15502807395360843,2.251175087295981,0.2705194338944176,0.6808001431606782,0.14100772439863643,0.1894292935425213,0.0734188311259539,1.5833569999258104,2.31843622961043,48300.0,0.0,3.0,1.5811388300841898,686.8,803.9674744664737
Accumulate + Select,162,1.0,0.0,28.761171162825075,17.76001407088626,5.108805324675733,8.555599447068223,10.099238063039776,16.799950874464468,0.08434594628291882,0.14731591975809968,2.2410696611187895,0.2811545238455505,0.6798896745112846,0.140945051589837,0.18895663569926605,0.07319066985030091,1.5785774338536303,2.312372483301472,48600.0,0.0,3.0,1.5811388300841898,686.8,803.9674744664737
Accumulate + Select,163,1.0,0.0,28.77765937004167,17.776331810184093,5.082819599704654,8.514275748097997,10.11177695003021,16.988697524047478,0.0846386593252036,0.14890116840555753,2.2131960774693256,0.32139331962473844,0.678978504608667,0.14087880674175116,0.1884845635657251,0.07296220849194303,1.5738757886098074,2.3063728466405182,48900.0,0.0,3.0,1.5811388300841898,686.8,803.9674744664737
Accumulate + Select,164,1.0,0.0,28.794360485052373,17.79297708123548,5.056890447606607,8.472911618464188,10.402363522226894,17.486388275670368,0.08707305340007028,0.1532496923419283,2.189272035888094,0.2588470157439085,0.6780739609216478,0.14080899326987173,0.18801679346560654,0.07273502588570112,1.5691436264320289,2.3002762143014386,49200.0,0.0,3.0,1.5811388300841898,686.8,803.9674744664737
Accumulate + Select,165,1.0,0.0,28.810835660583212,17.809424855648814,5.031487614722343,8.432527787343767,9.881082123711675,16.401652162099325,0.08244327874847203,0.1438531634868402,2.189901619160323,0.2801114763324505,0.6771688785395404,0.14073437827329896,0.18754981540488708,0.0725086010890713,1.5645405620331692,2.294397920650266,49500.0,0.0,3.0,1.5811388300841898,686.8,803.9674744664737
Accumulate + Select,166,1.0,0.0,28.827340777522387,17.825826893498018,5.006378115081684,8.392606418595756,10.269768138986597,17.600750245105047,0.08608969195922346,0.15415822951693767,2.2333864483393016,0.3058443159834149,0.6762647018949034,0.14065794975882795,0.1870847890375098,0.07228508221817623,1.5600221907689702,2.2886278558394997,49800.0,0.0,3.0,1.5811388300841898,686.8,803.9674744664737
Accumulate + Select,167,1.0,0.0,28.843567965108065,17.84197043075525,4.981271850544906,8.35252586394218,9.915948703507036,16.5772523459748,0.08283883411256135,0.14535361654358317,2.1946426713357097,0.41304713606234633,0.675363106860589,0.14058279245143654,0.1866226915104562,0.07206504987963254,1.5554529668251316,2.2827138094951986,50100.0,0.0,3.0,1.5811388300841898,686.8,803.9674744664737
Accumulate + Select,168,1.0,0.0,28.859718533656583,17.858014136751162,4.956668954325672,8.313370829353602,9.663420259604663,16.123524230625243,0.08085673749916293,0.1413361632028072,2.24060874324327,0.4122669995193627,0.6744564301364587,0.14050510445354622,0.18615945177096865,0.07184646875109571,1.5510629985541224,2.277044100287514,50400.0,0.0,3.0,1.5811388300841898,686.8,803.9674744664737
Accumulate + Select,169,1.0,0.0,28.875707110410712,17.874020713635563,4.9321239555176914,8.274152239145112,9.817937665837865,16.53961913160324,0.08218359094678504,0.14495300705833591,2.2765638840045668,0.2993050549706031,0.6735494680424594,0.14042686368071505,0.1856978559851965,0.07163209419567647,1.5466359920668669,2.2711769837157685,50700.0,0.0,3.0,1.5811388300841898,686.8,803.9674744664737
Accumulate + Select,170,1.0,0.0,28.891542353749156,17.89007195548279,4.90788512429244,8.23543197235066,9.875683983088066,16.641250375112765,0.08272010007104197,0.14582136567324225,2.2967555776956403,0.35770928192685714,0.6726410601894697,0.14034497620085157,0.18523671547570425,0.0714189353390937,1.5422618701644946,2.2654211233383053,51000.0,0.0,3.0,1.5811388300841898,686.8,803.9674744664737
Accumulate + Select,171,1.0,0.0,28.907331452100106,17.90584051612537,4.883849699444996,8.196971904440806,9.804868925723111,16.528025888709447,0.08209284142114874,0.14484269616237544,2.203268435990546,0.31987653049328874,0.671730599735323,0.14025842354323106,0.18477521762162694,0.07120419845718101,1.5379753770901134,2.2596986547159643,51300.0,0.0,3.0,1.5811388300841898,686.8,803.9674744664737
Accumulate + Select,172,1.0,0.0,28.923039520116266,17.921602842364763,4.860137315128841,8.159097047357797,9.667474568699003,16.120745165737784,0.08073963697606418,0.1413646917608592,2.2701394688046634,0.2642221813364509,0.6708294342756227,0.1401713980245872,0.18431970078741777,0.07099334717703973,1.5337255478951357,2.254080722254854,51600.0,0.0,3.0,1.5811388300841898,686.8,803.9674744664737
Accumulate + Select,173,1.0,0.0,28.938513523087863,17.93727416714203,4.836764841620342,8.121820160010309,9.704333326105548,16.38396488132647,0.08124021069069552,0.14357546013072756,2.2352075729778145,0.34301864579341185,0.6699353794888023,0.14007686836470076,0.18386802558454482,0.07078150126774319,1.5295644242372046,2.248633545028522,51900.0,0.0,3.0,1.5811388300841898,686.8,803.9674744664737
Accumulate + Select,174,1.0,0.0,28.953896807966345,17.95275549817205,4.8135022028490635,8.084606448517494,9.777734663087474,16.604713685163887,0.08200447113766324,0.1454451285769952,2.2859018675008094,0.28943628711115593,0.6690423736444207,0.13997192189716415,0.18341708916415814,0.07056749896361618,1.5254267333115517,2.2431171412689626,52200.0,0.0,3.0,1.5811388300841898,686.8,803.9674744664737
Accumulate + Select,175,1.0,0.0,28.969147054141484,17.968180426958195,4.790421845812948,8.04764193304385,9.656818102433537,16.37316846105202,0.08097852554595641,0.14343496952830473,2.162152872407851,0.3358812880385342,0.6681530227762604,0.13987223573763705,0.18296995251116685,0.07035901564227441,1.5212851894007022,2.237578016676223,52500.0,0.0,3.0,1.5811388300841898,686.8,803.9674744664737
Accumulate + Select,176,1.0,0.0,28.984486054062398,17.9837658503704,4.767739032919102,8.01140870342714,9.725859047331735,16.546954545404162,0.08139553811987073,0.14499017665780697,2.1743106816996915,0.3191114979300358,0.6672742988318248,0.13976044391524556,0.1825276361079103,0.0701471134751888,1.5172792163484756,2.2322992832175106,52800.0,0.0,3.0,1.5811388300841898,686.8,803.9674744664737
Accumulate + Select,177,1.0,0.0,28.999157823932467,17.99876899325973,4.745131523780803,7.975171174736891,9.324073186930786,15.748803489136314,0.07800641291393615,0.138026138566823,2.2635007830025415,0.31547141832419795,0.6663934867726666,0.13964126702903473,0.1820845761414453,0.06993234124563745,1.5132601139424067,2.2269544866699986,53100.0,0.0,3.0,1.5811388300841898,686.8,803.9674744664737
Accumulate + Select,178,1.0,0.0,29.01375409300818,18.01363092034128,4.722648475544976,7.939084035090744,9.296392981725315,15.782298769046713,0.07789306024662311,0.13826912044620035,2.240231002890285,0.3737557981009061,0.6655236084522927,0.13951778768816533,0.18164786437424513,0.06972085407088731,1.5092057150034683,2.221545769766985,53400.0,0.0,3.0,1.5811388300841898,686.8,803.9674744664737
Accumulate + Select,179,1.0,0.0,29.028711788533833,18.02886598306917,4.700518254027161,7.903615377520954,9.80872306217049,16.854624149893326,0.08229098028894587,0.14759928944986134,2.2122486537557284,0.34732297791336714,0.6646620404557262,0.13939076410136167,0.18121585011175612,0.06951002065251424,1.5052730678190633,2.216284571996619,53700.0,0.0,3.0,1.5811388300841898,686.8,803.9674744664737
Accumulate + Select,180,1.0,0.0,29.04344200976024,18.043789597410484,4.678455863559035,7.868149210146675,9.465642078268974,16.099581309846567,0.07918687915734791,0.1410833279271432,2.2504605053842335,0.36556800220717917,0.6638090947515918,0.13925656611463047,0.18078768898714387,0.06929489888477972,1.5013151259635102,2.2109825588544965,54000.0,0.0,3.0,1.5811388300841898,686.8,803.9674744664737
Accumulate + Select,181,1.0,0.0,29.05768762573906,18.058438159975495,4.65659627597221,7.832991276664983,9.46808043446732,15.91622517449137,0.07910112226310395,0.13952960650725849,2.2146636813324334,0.30112955761730176,0.6629634289384084,0.13911875515073555,0.1803636108846827,0.06907983221112142,1.4973973181006457,2.205751843907745,54300.0,0.0,3.0,1.5811388300841898,686.8,803.9674744664737
Accumulate + Select,182,1.0,0.0,29.071792743754855,18.07289270698212,4.634957628229416,7.7981740973674905,9.207234359126936,15.38228949946218,0.07697338196952629,0.13485659028540997,2.2467052811940698,0.3066518197172911,0.6621285072902487,0.13897700310777872,0.17994537013789333,0.06886613299997658,1.493504477722358,2.200578284145606,54600.0,0.0,3.0,1.5811388300841898,686.8,803.9674744664737
Accumulate + Select,183,1.0,0.0,29.085741728844475,18.08722425268448,4.613458344977854,7.763511105001492,9.298684763630384,15.597227897426166,0.07781114397444434,0.13670904160855218,2.191986978248102,0.2890854507215755,0.6612966919263743,0.13883504183290815,0.17952990172388283,0.0686555186583233,1.4896141957297175,2.1953427756307398,54900.0,0.0,3.0,1.5811388300841898,686.8,803.9674744664737
Accumulate + Select,184,1.0,0.0,29.099804885780486,18.101862572488795,4.592214965668779,7.729286474814205,9.335678292411709,15.940266590679446,0.07831024251120118,0.13961053220445344,2.323877766353563,0.39065385052784074,0.6604739528707075,0.13868874116194801,0.17911909171440876,0.0684441131369483,1.4857651884419478,2.1901997012731997,55200.0,0.0,3.0,1.5811388300841898,686.8,803.9674744664737
Accumulate + Select,185,1.0,0.0,29.11350696374517,18.11582293418867,4.57113518426619,7.6952830359854625,9.657037567334557,16.40868633686328,0.08088237875840554,0.1437606583468437,2.226345146427583,0.3332482190203687,0.6596630996491128,0.13854476885054132,0.17871521508729232,0.06823681399465323,1.481930695561417,2.185034758021528,55500.0,0.0,3.0,1.5811388300841898,686.8,803.9674744664737
Accumulate + Select,186,1.0,0.0,29.127540682777685,18.130276840280963,4.550268706124614,7.6616231225184555,9.106923010463948,15.550104297120045,0.07631900909184682,0.13622088799419077,2.252356803294898,0.47054107692539165,0.6588650829993217,0.13839650425808203,0.17831769945999737,0.06802916004361304,1.478111607845981,2.179928030921117,55800.0,0.0,3.0,1.5811388300841898,686.8,803.9674744664737
Accumulate + Select,187,1.0,0.0,29.14121707023873,18.144473216917568,4.529705705267286,7.628515119438925,9.166066058478533,15.520499777207359,0.07681034946217591,0.13598094270755892,2.372326732835038,0.3253305002805137,0.6580746017000009,0.13823984216360657,0.17792359179477807,0.06781864456119245,1.4743655584761648,2.1750326304304997,56100.0,0.0,3.0,1.5811388300841898,686.8,803.9674744664737
Accumulate + Select,188,1.0,0.0,29.155172901568456,18.158890684731116,4.50939183811984,7.595819305895162,8.884483565874442,14.884918521511638,0.0743150698956178,0.1304739387676453,2.2118192657036646,0.4075773263584639,0.6572910857549229,0.13808005232222573,0.17753330940870898,0.06760837872337834,1.4706980097915612,2.1702212330198334,56400.0,0.0,3.0,1.5811388300841898,686.8,803.9674744664737
Accumulate + Select,189,1.0,0.0,29.168721118272003,18.1730461642628,4.489145978466589,7.563168627643783,8.887147537581438,14.74957064454671,0.07420778229138829,0.12935433817959252,2.3089183612676534,0.293554495021376,0.6565186548918323,0.1379177287934649,0.17714852460869607,0.0673973347841094,1.4669732360266565,2.1653660662053813,56700.0,0.0,3.0,1.5811388300841898,686.8,803.9674744664737
Accumulate + Select,190,1.0,0.0,29.182012237057968,18.18687373387652,4.468888230893025,7.530355064691861,8.882661828817456,15.060649404011793,0.07452683076065057,0.13191857021939657,2.247798580669685,0.4365712620785089,0.6557545078653433,0.13775693361960625,0.17676846170750776,0.06718774867540302,1.4631913966322225,2.160365965178617,57000.0,0.0,3.0,1.5811388300841898,686.8,803.9674744664737
Accumulate + Select,191,1.0,0.0,29.1954671122793,18.20089548271971,4.448932499371287,7.498070270635772,8.884647160229475,15.136985420354282,0.07437814645744906,0.13262472580719373,2.2336503524012103,0.3262635953121276,0.6549993138780701,0.13759805752569365,0.17639362123165286,0.06698095778484295,1.4594872340107155,2.1554833328101375,57300.0,0.0,3.0,1.5811388300841898,686.8,803.9674744664737
Accumulate + Select,192,1.0,0.0,29.208686504655354,18.214625671550444,4.429173679549637,7.466113726531635,9.06359867361377,15.38437514068935,0.07592202171789887,0.13479008281996968,2.2805985718698887,0.3293662597845458,0.6542515911426132,0.137442182916683,0.1760234798714957,0.06677773901910221,1.455787010353529,2.1506089001101913,57600.0,0.0,3.0,1.5811388300841898,686.8,803.9674744664737
Accumulate + Select,193,1.0,0.0,29.221786876672002,18.22817420540876,4.409687791251956,7.434654295861076,8.97760517444326,15.35704186346858,0.07541632940210344,0.1344656777957723,2.2790316742631633,0.35670704860008956,0.6535149616176392,0.13728208549417642,0.17565864606608528,0.06657352573544117,1.4521632757672998,2.1459326284878877,57900.0,0.0,3.0,1.5811388300841898,686.8,803.9674744664737
Accumulate + Select,194,1.0,0.0,29.234391061424525,18.241408928303706,4.390167533166975,7.402982402961817,9.00692500059966,15.369147065247848,0.07546288328363429,0.13463250041888172,2.213419783787426,0.4316635726519769,0.6527878483959251,0.13712033906843696,0.17529867050469566,0.06636948787376198,1.4484536197601217,2.141084204169958,58200.0,0.0,3.0,1.5811388300841898,686.8,803.9674744664737
Accumulate + Select,195,1.0,0.0,29.246962678147547,18.25468677490879,4.3708532805802225,7.371671198574847,8.505973327618351,14.101267911838951,0.07118037855706076,0.12363088605756664,2.236229603569335,0.3280924440273714,0.6520713483249613,0.13695868013738427,0.1749444533684184,0.06616803283690093,1.4447670860340254,2.1363056497268937,58500.0,0.0,3.0,1.5811388300841898,686.8,803.9674744664737
Accumulate + Select,196,1.0,0.0,29.259684152143894,18.26813906637145,4.351765917476606,7.340744882600369,8.372910423147257,13.987439944307559,0.06994590422204859,0.12264215545636485,2.3311510114727367,0.33796473005849315,0.6513617678548854,0.13678749873676507,0.17459274242489461,0.06596105755773257,1.4411744231497996,2.1316684451832355,58800.0,0.0,3.0,1.5811388300841898,686.8,803.9674744664737
Accumulate + Select,197,1.0,0.0,29.272284117084126,18.281317960659504,4.3327834850140015,7.309937808623627,8.824724129295268,14.890150788023796,0.07372401958590538,0.13052522970247854,2.3333365938460418,0.33876356973146027,0.6506559419316302,0.1366191995783456,0.17424388903336246,0.0657571000165888,1.4375832298166442,2.1270293441626804,59100.0,0.0,3.0,1.5811388300841898,686.8,803.9674744664737
Accumulate + Select,198,1.0,0.0,29.284809965142806,18.294511858917616,4.314002704787192,7.279462865067868,8.584218355963426,14.500373780923386,0.07192786047486636,0.12705326959592048,2.198182526588553,0.2794430533629261,0.6499531109885426,0.13645472716118542,0.17389783160804947,0.06555781395231833,1.4340204547852295,2.122426046461586,59400.0,0.0,3.0,1.5811388300841898,686.8,803.9674744664737
Accumulate + Select,199,1.0,0.0,29.29725583018858,18.30752167067364,4.295362697628497,7.249186994383346,8.668310623399133,14.58964041665733,0.07252087829293845,0.12786807620306745,2.2465124612470833,0.27774045350884446,0.6492547563735007,0.13628216336110177,0.17355348410258994,0.06535466390951863,1.430505018164866,2.117870640721146,59700.0,0.0,3.0,1.5811388300841898,686.8,803.9674744664737
Accumulate + Select,200,1.0,0.0,29.30973601672046,18.32066561455259,4.276989037996655,7.2193873211260895,8.72260439173938,14.499338906887239,0.07288988137397473,0.12713634245581115,2.2452696680058937,0.32345282369819095,0.6485588459239405,0.13611532171346832,0.1732114133661973,0.0651541580213346,1.4270613285950522,2.1134618013534685,60000.0,0.0,3.0,1.5811388300841898,686.8,803.9674744664737
Replace,0,0.0,0.0,1.5118550063439801e-32,2.1200735109849445e-32,68.11120862765388,16.448896182970266,136.7125009794708,32.71494443357922,1.0036850347462605,0.010583834871081868,0.07432943351430436,0.010064215637795687,1.0,0.0,0.5,0.0,1.799999999999379,1.358355034952072e-13,,,3.0,1.5811388300841898,686.8,803.9674744664737
Replace,1,0.0,0.0,0.19074477430775005,0.05481730508324903,70.10323243241558,20.406364980269775,140.32380748805076,40.00140998611464,1.022053642001111,0.04445475740098703,0.16529834642663593,0.032919979869008104,0.9964993466767995,0.005997048407699135,0.47469074239433884,0.02667831720429893,2.2226880400722178,0.4895308028588262,,,3.0,1.5811388300841898,686.8,803.9674744664737
Replace,2,0.0,0.0,0.3376490417623592,0.18899477093908515,69.40472013234205,19.633944532086122,138.30616016247,39.07290283368155,1.0072083162433185,0.04325963863025267,0.18640397680303872,0.03185660039654397,0.992963199023821,0.0046266314949321196,0.454971028485761,0.02252275950154203,2.1609166816782164,0.3705748717722664,,,3.0,1.5811388300841898,686.8,803.9674744664737
Replace,3,0.0,0.0,0.7192606188074288,0.4392444910730264,71.34863932586575,20.49644153568284,143.51489830241093,42.85257080901384,1.0428197498092204,0.0757739989476561,0.25881576553062147,0.06556817673105617,0.988538777974734,0.008414537888155226,0.44183639073573266,0.026787862367836132,2.424459049131731,0.37532345135629447,,,3.0,1.5811388300841898,686.8,803.9674744664737
Replace,4,0.0,0.0,0.8270669956497484,0.5518929302698161,71.18010453082209,20.54000740882258,141.75303096604225,37.94919288986526,1.036742925023687,0.06841955220164778,0.28453353720880836,0.07999075088821049,0.9811851312865695,0.013712367368009685,0.42749017500825043,0.039092163249918835,2.4918570842511927,0.647027809615875,,,3.0,1.5811388300841898,686.8,803.9674744664737
Replace,5,0.0,0.0,1.3991016490398323,1.029954187089614,73.96822324650466,22.565993932252084,149.14207051135475,45.67759054095922,1.082115879831815,0.0788938940042256,0.35052381809571936,0.1171083057259302,0.9802865716606822,0.017565509880495312,0.4268417589562734,0.04226356997368677,2.6844955018186543,0.8886833965489479,,,3.0,1.5811388300841898,686.8,803.9674744664737
Replace,6,0.0,0.0,1.7026925130217752,1.4815445984192628,74.19902746760508,21.20982601738197,147.09498202708184,40.28060332546077,1.0749636103857048,0.08116487209979564,0.3696696185506709,0.14399099144525757,0.9726837497868528,0.020999518388930903,0.41225741391571374,0.04582521878829803,2.8809987576258775,1.0014464193080383,,,3.0,1.5811388300841898,686.8,803.9674744664737
Replace,7,0.0,0.0,1.9294763299816071,1.1981643196573137,74.07766379557205,19.71297026218944,147.8619075409085,38.78774126359984,1.0838369067843039,0.08555946820276157,0.4138681249825404,0.093156359814623,0.9732154410377897,0.017823869519152335,0.41170052393631684,0.041951339747186574,3.110538587259094,1.0971634440893483,,,3.0,1.5811388300841898,686.8,803.9674744664737
Replace,8,0.0,0.0,1.8538046292913073,1.0127737262697742,70.88938149621787,15.498844191139913,141.34384957725848,30.681914671400875,1.0445086980491851,0.07186459985844827,0.3983440836898654,0.07969904782270114,0.968988128397433,0.017291366434273148,0.40492949150844587,0.04490232669392461,3.1672365183691715,0.9360875240332805,,,3.0,1.5811388300841898,686.8,803.9674744664737
Replace,9,0.0,0.0,2.1830183171145965,1.4771215816588708,71.4000333549806,17.0950913395395,143.95021522194185,34.12461964686034,1.0599369822941695,0.07934568438974637,0.45491570656141295,0.12628882017975374,0.9817221523326317,0.007880669782597508,0.4224337567261582,0.018950662639043526,3.2353655736288105,0.943407481490267,,,3.0,1.5811388300841898,686.8,803.9674744664737
Replace,10,0.0,0.0,2.566068669127456,2.115545109648833,69.90889389202174,16.930638503091668,139.661447137121,33.66097227738381,1.0275637137203208,0.0796276894582743,0.4532657206773063,0.16100880588576472,0.9841233766169323,0.014297320887175662,0.433249876798933,0.035592596224358,3.192741972603412,0.8630119125843706,,,3.0,1.5811388300841898,686.8,803.9674744664737
Replace,11,0.0,0.0,2.8484001754714954,2.449242739736097,70.42624677752114,16.31931390549593,140.4055170210931,32.62600467858592,1.034854826125627,0.09163609011146144,0.494753132541922,0.14081239189267009,0.9764645284351822,0.015352927649493205,0.41444017880899153,0.031157531861046573,3.379810504224042,0.9403661618937208,,,3.0,1.5811388300841898,686.8,803.9674744664737
Replace,12,0.0,0.0,2.5178563473361217,1.7456647595855959,69.36326073117532,12.527310905730863,137.80686642720852,24.216407478452407,1.027997312266574,0.13266477057266116,0.49622008150896607,0.1294138845482843,0.9599299893053544,0.021815890964781388,0.38640706552211573,0.03209239500196636,3.4902192178737,1.1331350221958123,,,3.0,1.5811388300841898,686.8,803.9674744664737
Replace,13,0.0,0.0,2.7791860757233335,1.6792206801228464,67.2666053250223,13.647922885474788,134.80560830514227,26.47336107317003,1.0060821960702286,0.17436022291890169,0.5204669739811021,0.13331700644817146,0.9618517308504975,0.03316257718864809,0.39466809291736893,0.04921885116810753,3.3445867071436965,1.1031882297638242,,,3.0,1.5811388300841898,686.8,803.9674744664737
Replace,14,0.0,0.0,3.671889562211105,2.273145989921655,66.54717059289071,12.419152084623793,132.7684588128111,23.372837241826964,0.9926800266533412,0.15079196406387524,0.5762472460611229,0.1424425070479347,0.9450428015601359,0.05077065899191932,0.37696570097080195,0.06612116509877634,3.3470092324909997,0.9038643794575051,,,3.0,1.5811388300841898,686.8,803.9674744664737
Replace,15,0.0,0.0,4.879078169822662,2.789782470537536,67.79880557857868,14.82622966540413,135.35291521853898,29.30408096480227,1.0048290064795296,0.16673730989225766,0.6734596445346746,0.23168075570408028,0.9357964663569291,0.051907087229405686,0.36435679432083157,0.06465098143703996,3.4478615995479247,1.4669792864764302,,,3.0,1.5811388300841898,686.8,803.9674744664737
Replace,16,0.0,0.0,5.401641516560361,3.1541745286789316,69.421110647868,13.880943496937352,138.80239727762412,29.38376715844224,1.036014239174706,0.20515991796156066,0.6564308451926042,0.19521231414176296,0.9340458037790718,0.06776604909635905,0.3654710226459573,0.07165432941752432,3.6467139372560107,1.6854164557344822,,,3.0,1.5811388300841898,686.8,803.9674744664737
Replace,17,0.0,0.0,5.9687199440975025,4.253251842127004,70.63839954288792,14.914641397952591,141.3565518062124,29.692784628630804,1.0531211473034312,0.18953862387870754,0.6557793189010991,0.19218756832269346,0.9488708436500403,0.0617814354915487,0.3849879149347969,0.0709912400977853,4.080608673259183,1.8286034868240073,,,3.0,1.5811388300841898,686.8,803.9674744664737
Replace,18,0.0,0.0,5.650879768407441,4.107947233193604,72.11678524468995,15.136168024492068,144.56554892312008,30.31710094761708,1.0757166375761655,0.17889076154991554,0.6708458590882094,0.28283137437842854,0.960593757674979,0.04576484808405446,0.3967254813731669,0.05842000337525772,4.1083769462739115,1.860928745048433,,,3.0,1.5811388300841898,686.8,803.9674744664737
Replace,19,0.0,0.0,6.051816145202496,3.8635854805355554,72.84576845925372,14.06795940363324,145.2020191133379,27.489703242425215,1.081265572377352,0.14157472129515145,0.7287229720612549,0.22483432082190552,0.9651567578503301,0.04601860098730958,0.408143100101519,0.06521866781606088,4.165892970262515,1.9281590113688456,,,3.0,1.5811388300841898,686.8,803.9674744664737
Replace,20,0.0,0.0,5.211371099305409,2.988920541032716,72.40612712592423,13.695118387135206,144.02283427947347,28.350516738590162,1.0710472410530492,0.14271495759995578,0.6977540961072768,0.17005623188994856,0.9560900083123428,0.03540109999417818,0.3874961919677332,0.05390424482133576,4.252287028350264,1.8946767195804575,,,3.0,1.5811388300841898,686.8,803.9674744664737
Replace,21,0.0,0.0,5.757146434926459,3.1715931730406255,72.62270743495898,13.713225066241685,144.8016773543414,26.82992604857618,1.0763144559879685,0.10267045902702467,0.744666894539465,0.199418545266078,0.9631211474765017,0.02542890456922382,0.39325718341882226,0.03930672174109625,4.280207901415922,1.5304028504113771,,,3.0,1.5811388300841898,686.8,803.9674744664737
Replace,22,0.0,0.0,6.985758397093102,3.9185633643612054,73.5784011142725,17.18409211755281,146.48401795372067,35.958802775529776,1.0766315773137347,0.07032426171593104,0.7541051504840801,0.20022716885762018,0.9574327366855796,0.03954028671505231,0.3921501216367189,0.059936193943863444,4.4299277179781535,1.7033934185631359,,,3.0,1.5811388300841898,686.8,803.9674744664737
Replace,23,0.0,0.0,6.15548628964965,3.9167115589512775,70.5457254926236,16.545718812011334,140.43208744466375,31.647632322246057,1.0373254682128166,0.06646265106945529,0.7047033377948767,0.13126545355125882,0.9683901824719566,0.0346385755482544,0.41258327544662626,0.06280390326694406,4.298371437803991,1.338237793943844,,,3.0,1.5811388300841898,686.8,803.9674744664737
Replace,24,0.0,0.0,5.266949655398506,3.139410226156785,71.9272072898464,17.921151501488836,142.8637184064472,35.46605020663114,1.0537563115784543,0.09722663383825673,0.6846172234815614,0.21052606468425042,0.9724371179389688,0.03074146142926438,0.41517078939459384,0.052848840250615106,3.9781809696348356,1.2481050193816459,,,3.0,1.5811388300841898,686.8,803.9674744664737
Replace,25,0.0,0.0,5.507471258765208,3.2460248211152405,71.06966588837335,16.795350196899527,143.27083886200364,32.27952757502391,1.0631878316413563,0.12900353769035805,0.6875217782968501,0.1346472983940507,0.970862641540009,0.01882307417967426,0.40435768362817226,0.032781836796261406,4.037951428592146,1.0740906261899765,,,3.0,1.5811388300841898,686.8,803.9674744664737
Replace,26,0.0,0.0,5.858862531474273,4.1666580118588,71.008393494405,18.5013809036437,143.15451171132887,37.73381172760378,1.054631165088507,0.11332372238410654,0.7640070049749976,0.1841689496040254,0.9685047875528621,0.026856589262594713,0.40480418019155984,0.046460085368581615,4.116217608572429,1.424841166814934,,,3.0,1.5811388300841898,686.8,803.9674744664737
Replace,27,0.0,0.0,6.901788323096452,3.942928437731145,69.77061996214107,16.755560845354054,140.00901175499672,35.574374864038994,1.031947550229933,0.10075341714959805,0.7832888547133023,0.20459280173099068,0.958054868078747,0.04374510670175472,0.3988579613080086,0.07107642246065361,4.017253237986151,1.2307504136726177,,,3.0,1.5811388300841898,686.8,803.9674744664737
Replace,28,0.0,0.0,8.699850393750417,5.313472125342676,67.738315196281,17.311738022766274,136.12813583155133,36.830141940492695,1.0039144867139567,0.13666596661315605,0.8684143960924097,0.23390093938604908,0.9559798957949207,0.038742724008574966,0.3957689930722741,0.07192809065968049,4.107873708957399,1.0869873709739235,,,3.0,1.5811388300841898,686.8,803.9674744664737
Replace,29,0.0,0.0,9.272115129872368,5.865505521230415,67.51876016060332,17.752622762113656,135.59608689793288,36.895858715199665,0.9963411623108345,0.0946507581613903,0.9174582884050331,0.27027192498153507,0.963190539795972,0.028173500271884096,0.39997567549056623,0.05692201729261947,3.987533711225848,0.9130259663610522,,,3.0,1.5811388300841898,686.8,803.9674744664737
Replace,30,0.0,0.0,7.892066933476853,4.3594782809811,66.60479751139204,17.40727471138274,134.02451262658153,34.58706716039602,0.9885025904022411,0.11104013922802923,0.8448136337466201,0.18537051449251096,0.9590198200468345,0.03701618979946418,0.3988170024663701,0.06838151971238633,3.895448784662521,1.0396972306571977,,,3.0,1.5811388300841898,686.8,803.9674744664737
Replace,31,0.0,0.0,7.679551475065345,3.734324727848707,66.31934173686133,17.95581163441819,132.1956772033008,32.86340310791667,0.9749711385417749,0.08774257150969554,0.7901286006120983,0.15476855582038773,0.937668310341705,0.05963827837952062,0.3731242330414281,0.07873655846926546,4.166444630565256,1.2317214045314049,,,3.0,1.5811388300841898,686.8,803.9674744664737
Replace,32,0.0,0.0,8.127607085302742,3.749915223588153,66.45695858211539,19.23064635470668,132.3504792863361,40.270105442764255,0.9659054027614815,0.09405579811845781,0.8584816172129477,0.24091894051868268,0.9272573821122186,0.07577012105246278,0.36667598282211983,0.09104089000467869,4.593581582951004,1.129088673217181,,,3.0,1.5811388300841898,686.8,803.9674744664737
Replace,33,0.0,0.0,8.88463101303814,3.421480676215812,67.05031406657048,18.905863667535897,133.13958200657947,39.176394362600256,0.9725485103523865,0.09104746198553089,0.9027782882217,0.22777944166263842,0.9210941541044024,0.08489506782194026,0.3592598324068689,0.09055169414421971,4.611153671018174,0.7856620969626408,,,3.0,1.5811388300841898,686.8,803.9674744664737
Replace,34,0.0,0.0,9.227985967948579,3.38973026398994,65.17451664490883,17.94284097868421,130.08946492409726,34.44680707336039,0.9534850255435421,0.06441954423472947,0.925884474216595,0.18603819704851957,0.9269446073755478,0.09507836717484046,0.37038476839354156,0.0967561646730118,4.401618108361767,0.8501881820436286,,,3.0,1.5811388300841898,686.8,803.9674744664737
Replace,35,0.0,0.0,10.428345376030366,5.663160652404726,67.90183440218021,16.453061580601904,136.93379460106627,35.85064598741378,1.0038595674435933,0.06378985607054113,0.9489184873986106,0.23379159943035804,0.9171456293963995,0.1381554210535165,0.37729594971045094,0.12158206640251693,4.4685079031421315,1.0277833579460731,,,3.0,1.5811388300841898,686.8,803.9674744664737
Replace,36,0.0,0.0,10.329826132549806,6.095812010416704,67.33489616657997,16.978180204935718,133.80693844836054,33.45839296071308,0.9818338782284985,0.0497640290775298,0.8846330976810373,0.25283241045154786,0.9191470393493363,0.10001430682627695,0.366514773815403,0.10614008284120244,4.5983424511300734,1.2867036097188513,,,3.0,1.5811388300841898,686.8,803.9674744664737
Replace,37,0.0,0.0,13.381417753412256,11.073876145319415,66.76905362388398,17.57431791083573,134.36018561081795,35.2901175268083,0.9827973213608845,0.07198457369984872,1.029791832019742,0.3600620859168674,0.9059037552804983,0.08398077264688376,0.34263781377894353,0.09128322016964097,4.599306809325492,1.5984536821219084,,,3.0,1.5811388300841898,686.8,803.9674744664737
Replace,38,0.0,0.0,13.265133637178815,9.493802839181138,67.85855865758722,21.335224704805814,137.3189692512378,47.33317214677856,0.9907468486424242,0.1131283779369087,1.060913639290665,0.32299040407644036,0.908424450974502,0.06970903145262296,0.3406045562520685,0.08164816864889683,4.7050599798509545,1.7788197752600736,,,3.0,1.5811388300841898,686.8,803.9674744664737
Replace,39,0.0,0.0,14.867552567107651,12.535913070920452,66.5598680937033,19.467258632037847,132.553007292809,39.471444527019145,0.9627762325688167,0.06281592575926725,1.103114906215543,0.3908610652887922,0.907645544762223,0.09224089133325937,0.34933092002540467,0.10034176936458077,5.103411225979327,1.5464890471792911,,,3.0,1.5811388300841898,686.8,803.9674744664737
Replace,40,0.0,0.0,13.190548698094068,11.505250869873512,66.03451379460446,20.25626917091985,132.35437569474107,39.14771895075689,0.9630349135110858,0.05428232840711495,0.9789990033333609,0.321022717672988,0.8904235798816043,0.11947267075233436,0.33666757603041897,0.10824460268547388,5.480520109083028,1.4243960260708775,,,3.0,1.5811388300841898,686.8,803.9674744664737
Replace,41,0.0,0.0,12.388871057644565,10.060175512784456,62.08876373276826,17.77538892082837,126.08554780288307,37.08338637424198,0.9168615054267473,0.06770896669925842,0.998286768935348,0.3121150848964386,0.8945130711367069,0.10472504980177107,0.33389284544563336,0.0957632987975444,5.455510784784364,1.9924015041650114,,,3.0,1.5811388300841898,686.8,803.9674744664737
Replace,42,0.0,0.0,12.267957398659219,9.441250804881077,64.84745272476597,20.980324099694716,129.71544151923703,40.895683326004196,0.9388141091631367,0.0741679630698451,1.0114426574496018,0.3132916247699039,0.8945513315751283,0.09876856176961225,0.33466356597962604,0.09785442464230729,5.2490646354008765,2.172303066136998,,,3.0,1.5811388300841898,686.8,803.9674744664737
Replace,43,0.0,0.0,11.150023949017294,8.39627537095046,65.44273247953493,23.58761877421907,130.68310551468534,46.38121123108252,0.9405803956388565,0.09960781621398837,0.951513606822503,0.310011587588323,0.8794298195359851,0.10946089833951711,0.3240011386173757,0.10507713407159276,5.765708310729448,2.254935452276136,,,3.0,1.5811388300841898,686.8,803.9674744664737
Replace,44,0.0,0.0,9.4565725231919,7.279495630297644,64.54946451710204,20.57240328871346,129.67187096674547,41.24735563084674,0.9400761468044303,0.06956085035836077,0.9343899950181929,0.3438118512739005,0.8842524538174793,0.10516018284257715,0.32469158954631344,0.09721849741284144,5.643569756208132,2.1713945219235606,,,3.0,1.5811388300841898,686.8,803.9674744664737
Replace,45,0.0,0.0,9.133959417433616,7.6635127220026975,62.82798088791401,20.94312965916793,124.2871416801645,41.07130018559164,0.896697225337191,0.0838370427176262,0.8761487107508039,0.3004743975231201,0.8932242327186994,0.08376711289641707,0.32399948212864804,0.07617204166054695,5.514295489207862,2.317154409241744,,,3.0,1.5811388300841898,686.8,803.9674744664737
Replace,46,0.0,0.0,9.097249186346634,7.6258067282066255,58.63590180843007,19.209011767007336,117.8201183716296,38.35071142150834,0.8517278924105508,0.09583598182598324,0.9166354703745355,0.3714628545633842,0.8979275694794339,0.06184499300590213,0.322006122688994,0.056990353736349635,5.502839062622068,2.2560904014253604,,,3.0,1.5811388300841898,686.8,803.9674744664737
Replace,47,0.0,0.0,10.213897721630422,9.089296662968465,59.10164143816089,21.224183619339936,119.24108231850478,43.03774328803519,0.8555251330210139,0.10983104487359509,0.9184062522766997,0.3934636822155962,0.9071467415487046,0.05992533658732678,0.33266388316494255,0.06370174528561875,5.584453648445637,2.2915071771360065,,,3.0,1.5811388300841898,686.8,803.9674744664737
Replace,48,0.0,0.0,10.617419340459277,9.70478806335168,61.21675027130491,23.17530597934312,121.65210582941029,45.957995363989326,0.8694142443136906,0.1261059425873702,0.943331532034415,0.3261756057908282,0.8925384415962275,0.076265977352464,0.32133629628036076,0.07073400037827132,5.68289832647041,2.371168958063836,,,3.0,1.5811388300841898,686.8,803.9674744664737
Replace,49,0.0,0.0,10.966174700454268,10.172815788666131,61.46465288935959,24.030697710418313,123.10695795818397,49.41371643574959,0.876831638385074,0.13901622331631727,0.9375340012568945,0.3829057073784344,0.8811029799102116,0.10771065025273839,0.3186637234919302,0.08946047399452701,5.580934398599072,2.2757544204258475,,,3.0,1.5811388300841898,686.8,803.9674744664737
Replace,50,0.0,0.0,9.79410079201303,8.569397132967264,60.420426058551314,20.350882553129697,121.67904630450047,42.45179201772011,0.8757859849377747,0.10014784735716471,0.9090530216620538,0.282286060907945,0.8832113342480211,0.10955331215911022,0.3199936125405379,0.08778038546889161,5.550006948655386,2.334302944993048,,,3.0,1.5811388300841898,686.8,803.9674744664737
Replace,51,0.0,0.0,11.159797469848455,10.77864438095691,59.89325918956223,21.259288912373616,118.9161820110501,41.80140656242013,0.8536852671984521,0.10878675691750149,0.947103230281796,0.3806072098497857,0.8693485277526062,0.1127338249467111,0.31533231841800413,0.10574123710616969,5.564728971801586,2.1037183187480974,,,3.0,1.5811388300841898,686.8,803.9674744664737
Replace,52,0.0,0.0,10.968651076606847,9.343926178403152,62.1089837958511,20.40054246530394,123.84211383457507,40.81980463008238,0.8930718506899412,0.09516222572444627,0.9740744832258059,0.32336498243229883,0.8588075635904907,0.13461140973131713,0.3132812947251768,0.11845911329910061,5.647610795426351,2.244353892650656,,,3.0,1.5811388300841898,686.8,803.9674744664737
Replace,53,0.0,0.0,11.049726430167713,9.683216830770437,61.05211008596416,20.759543906552295,121.40407992484502,41.71198353155977,0.8737937549028978,0.1132638554753786,0.9663828227455499,0.35970815917443677,0.8459201787568794,0.12974497749241812,0.30533331835173644,0.12471301017296524,5.520913956278913,2.41085799808454,,,3.0,1.5811388300841898,686.8,803.9674744664737
Replace,54,0.0,0.0,12.616913150442855,12.520797443759994,63.70533540089112,24.42427294595947,126.34544304933777,48.492130735310695,0.9034940602465961,0.17464348391630974,0.9910054913749837,0.3446180340165495,0.8282449151693829,0.14598067282672825,0.29533332903448883,0.13128848895842946,5.876442434808257,2.454110773462571,,,3.0,1.5811388300841898,686.8,803.9674744664737
Replace,55,0.0,0.0,13.009369659068435,13.21433918807888,63.44880015905454,25.598770198720423,126.2559425235814,50.6676877067166,0.9000308839257117,0.1814373024285341,1.0494761996399207,0.39738122437251594,0.8155664067497426,0.15019389887550175,0.28599999704815604,0.13139000645326465,6.261521259455537,2.356995797392445,,,3.0,1.5811388300841898,686.8,803.9674744664737
Replace,56,0.0,0.0,11.788815076495034,9.606244481261392,60.54055568073852,21.438787163237365,121.64278654512209,42.74622313024534,0.8774077627769298,0.16255711486032634,1.1086593618412757,0.36382287528439194,0.8175593188909307,0.12172495559856988,0.27466666195777967,0.10452538561681697,6.043059086386423,2.6645242833841465,,,3.0,1.5811388300841898,686.8,803.9674744664737
Replace,57,0.0,0.0,11.60158471219561,8.935468083486784,62.43738638471007,23.386051503564275,125.81790849303101,48.67289882666034,0.9005073047979248,0.18210216607124277,1.0498898117018758,0.3349792331576759,0.8348949406758596,0.10919309874178386,0.28133333280324907,0.08933706485581307,6.074247632337871,2.654081778927046,,,3.0,1.5811388300841898,686.8,803.9674744664737
Replace,58,0.0,0.0,11.420438430560264,7.701448131326891,64.544275358301,24.771584929575585,129.2096750145093,49.967047929129116,0.9253708556766871,0.20269302876880319,1.0395308251093562,0.29945410411539414,0.8413486908299737,0.11472682379351153,0.2846665957293861,0.08424832216544466,5.9479131226933575,2.7987670897680967,,,3.0,1.5811388300841898,686.8,803.9674744664737
Replace,59,0.0,0.0,11.731398923725044,8.352145222293379,62.638949867215636,23.50209166048241,128.2109031421038,50.02539885268716,0.9189935199919346,0.21998207729729827,1.006249119520526,0.2650572436203022,0.8561827163057867,0.12405683144745253,0.3026666631163391,0.10117092245125772,5.965851137852917,2.661309077885763,,,3.0,1.5811388300841898,686.8,803.9674744664737
Replace,60,0.0,0.0,13.036019499645306,10.764003195541639,63.27291568597376,22.79822480300179,126.64048608870726,44.99874775888069,0.9148200721507056,0.18245958915407576,1.1224123027493556,0.2672455022498217,0.8695100315465375,0.1140472916531675,0.3099999899992841,0.09267625804676237,6.187621295600886,2.1847399255971083,,,3.0,1.5811388300841898,686.8,803.9674744664737
Replace,61,0.0,0.0,12.535700884874831,7.94617144117725,63.17776568048347,21.743292849045694,126.38788759756581,43.786952031884084,0.9172945171700025,0.18764193963363415,1.089855037235131,0.33029717711416723,0.8902629840404295,0.10413622495974692,0.3299999998454481,0.09640769909987676,6.2866811410072305,2.0055154600391734,,,3.0,1.5811388300841898,686.8,803.9674744664737
Replace,62,0.0,0.0,13.728366318470773,10.772820077489728,61.66525660695875,21.91393912460165,122.64362451009966,43.15629125130268,0.8897607047119991,0.19001230119077084,1.079453597132376,0.2959792846683502,0.8882623319360983,0.09119495764363619,0.3219999871280959,0.08275130050260394,6.306083337927023,1.7985891563573304,,,3.0,1.5811388300841898,686.8,803.9674744664737
Replace,63,0.0,0.0,15.050766935056703,13.470896926742952,61.852680813119626,20.926863451774224,124.72864877377546,43.43019370529816,0.9036944117109836,0.18416595572368882,1.1692838748468843,0.4265639264592723,0.8998998709850692,0.10276527576397042,0.3413333304974217,0.10004443379275925,6.749628385678122,1.5466348067922981,,,3.0,1.5811388300841898,686.8,803.9674744664737
Replace,64,0.0,0.0,13.168670871637124,9.518007915503652,60.716784398456454,23.02008101387539,121.15874364534052,45.91147967990014,0.8722554070219253,0.18914434147747639,1.0932110372256483,0.3641421789434464,0.8905277686749763,0.12706447755666878,0.3379999991568776,0.10981297181700794,6.584457251049881,1.794201729750813,,,3.0,1.5811388300841898,686.8,803.9674744664737
Replace,65,0.0,0.0,12.593853827295934,9.530170167220346,58.786904989100854,23.328068126631976,118.04247982098875,46.8487003177305,0.8501976616603054,0.22085298532312228,1.0783920024477727,0.2279043010909737,0.896191058220398,0.11677849489164886,0.33866666611908464,0.10103904598744329,6.540598483978853,1.5429089241429181,,,3.0,1.5811388300841898,686.8,803.9674744664737
Replace,66,0.0,0.0,13.42761718963079,10.569947165471651,56.21218434178685,23.425994230186788,112.77865215002198,47.19173070573091,0.807022641276823,0.2248834758921033,1.110383905325018,0.3221186557833418,0.882032114496287,0.1218362600470826,0.32599999969439664,0.10299406632578835,6.489336588876995,1.4266073019297663,,,3.0,1.5811388300841898,686.8,803.9674744664737
Replace,67,0.0,0.0,14.18657908372497,12.596452136188585,55.86527269575133,24.437008774033377,112.04937647355999,47.82792744298699,0.7989432680389499,0.2050742349652666,1.064403319694069,0.34515323971892586,0.8893720697119811,0.11904186711974632,0.3299999996735416,0.09681023773199653,6.601252924517034,1.2438236891255638,,,3.0,1.5811388300841898,686.8,803.9674744664737
Replace,68,0.0,0.0,14.786459010633326,12.44800176677687,58.198758016334764,27.593210650334974,115.4253906602215,54.35591776353384,0.8180844176555746,0.2500855258912736,1.2031423692653873,0.3829895877785079,0.8872344288573404,0.15104567205884273,0.33199999941061764,0.10172402699342836,6.735897945032983,1.2454427237717474,,,3.0,1.5811388300841898,686.8,803.9674744664737
Replace,69,0.0,0.0,15.11501357862544,13.46079157756322,61.5870122478063,33.56257332581212,123.93132009525971,67.41552285371304,0.8641142111692286,0.3000333386787636,1.1774375097454857,0.41137243028720927,0.875573720678986,0.1830120540834124,0.328666666279697,0.1129798406565673,7.086924592710791,1.4340684826916497,,,3.0,1.5811388300841898,686.8,803.9674744664737
Replace,70,0.0,0.0,15.927532513773631,16.212460849522145,59.99953658548468,33.73969264999085,118.55214667084968,65.17272086499618,0.8243171069871138,0.2912841436721087,1.1256734738368332,0.432862543677787,0.882921678593419,0.20339427501643637,0.3499999670842272,0.1328532901678695,7.237579974583847,1.395068014912018,,,3.0,1.5811388300841898,686.8,803.9674744664737
Replace,71,0.0,0.0,18.787472815681525,19.94861871271223,60.291423813957465,36.11246142627887,120.87900030955984,73.58191030274673,0.8332296842631269,0.33471472594166424,1.263090290934193,0.5859018118150519,0.8593892744595175,0.2442530376830143,0.3479999999358389,0.1574907404590478,7.293222441071057,1.570601008784058,,,3.0,1.5811388300841898,686.8,803.9674744664737
Replace,72,0.0,0.0,24.01787078820737,29.019665208901067,58.14208995929441,35.59020564853746,116.83404589669183,72.19556933105204,0.803908260520361,0.32733802946289325,1.3533851413067421,0.6305641481628015,0.8256943783245246,0.29667026734223684,0.33666666249711386,0.1764464036700088,7.708542385422296,1.8623191336959628,,,3.0,1.5811388300841898,686.8,803.9674744664737
Replace,73,0.0,0.0,21.446887527777932,23.18356503933194,58.51256990359686,34.977398111268336,114.73822490567109,67.44769953196305,0.7939195319252588,0.30811118155831385,1.2465896523672295,0.3950281547037232,0.8327833723198103,0.29213362216731475,0.339333333296023,0.17223046574873874,7.512807082662955,1.5350080415980212,,,3.0,1.5811388300841898,686.8,803.9674744664737
Replace,74,0.0,0.0,24.730013385366455,27.84309133480068,59.20331813762012,37.03186489539934,118.29719204817668,74.07873088756588,0.813603626826423,0.32534646417087093,1.428907921895663,0.5849804169070587,0.8223602788937316,0.28154778586166557,0.3186666666665542,0.1597671917371165,7.741027700137728,1.4850163345279799,,,3.0,1.5811388300841898,686.8,803.9674744664737
Replace,75,0.0,0.0,24.028080091137276,26.35577117406103,61.19387905137586,38.59301706802686,122.86234395697436,77.46355804148031,0.8437241810321858,0.3357301052945564,1.3083440030209759,0.5004107713878188,0.8391473729323156,0.2557412234282091,0.3319999999980029,0.1612210352975544,7.929302989602024,1.5279976267551805,,,3.0,1.5811388300841898,686.8,803.9674744664737
Replace,76,0.0,0.0,27.010657359170672,31.29550128303269,60.953010178169464,36.457318441851996,122.05266889022714,71.97459498510607,0.8428892072150729,0.3077126384038633,1.3622889382686139,0.49079819903228267,0.8256436127790483,0.30435767526420915,0.33066666666614397,0.16798478767114675,7.720888356429819,2.007793937281385,,,3.0,1.5811388300841898,686.8,803.9674744664737
Replace,77,0.0,0.0,22.457305547843553,20.571048093754534,64.27515471458426,40.66704358912219,128.2626676852331,80.58561822494872,0.8808910463058032,0.3507906400589316,1.3305434824174467,0.36691470285812966,0.8260209959631986,0.32864570393929543,0.34666666662401235,0.18178130940030127,7.65379646846155,2.1986238200585486,,,3.0,1.5811388300841898,686.8,803.9674744664737
Replace,78,0.0,0.0,23.485624620397807,23.187475951481762,64.04797418739668,37.76578362653355,127.01380672305599,73.66986468180906,0.8791398107391609,0.32311284759722353,1.3052309321444482,0.4816813427735529,0.8184701518686784,0.3266286021041163,0.3399999999845889,0.18313625771762201,7.452557451278056,2.1353011373205524,,,3.0,1.5811388300841898,686.8,803.9674744664737
Replace,79,0.0,0.0,23.98321796039651,26.57829144239455,64.60531322890128,40.82455451177996,129.51997267921007,82.04926934981002,0.8908580938968687,0.3507324604056339,1.3897933868836985,0.6523111189282634,0.8073594778564853,0.31274279203275007,0.3286666666666631,0.18468591957398844,6.948169361496474,2.0453709780344664,,,3.0,1.5811388300841898,686.8,803.9674744664737
Replace,80,0.0,0.0,24.209871531068806,26.422756378235306,64.67268488410248,42.02999687566404,127.54448471867249,83.99291981998046,0.8729587726917799,0.3611724067783023,1.427330555808457,0.6260039698187584,0.8224915536800499,0.27915747108105565,0.32066666666666643,0.16288032416470702,7.215130713548257,2.236347512326591,,,3.0,1.5811388300841898,686.8,803.9674744664737
Replace,81,0.0,0.0,22.93152261844763,23.93161255562826,60.409966821596825,33.95467453699577,120.74167998217824,68.0252316297178,0.8360978773712286,0.28888465164715493,1.2226767178041376,0.40524405805612085,0.832180330435564,0.2668180155110232,0.3226666666665512,0.15557063418986086,7.227268989932526,2.306809806702589,,,3.0,1.5811388300841898,686.8,803.9674744664737
Replace,82,0.0,0.0,22.386532046435725,23.188892826810342,58.15603777280065,31.16921199194574,116.99941762561248,64.01083570576111,0.8125631403513246,0.2778766179244435,1.2830050347708342,0.524733446569599,0.823655169036946,0.2563882573248281,0.3206666666666666,0.16498148044216632,6.931925385482944,2.2497548726944223,,,3.0,1.5811388300841898,686.8,803.9674744664737
Replace,83,0.0,0.0,23.14790214782078,22.732103940001416,59.41508323164079,33.84603116600137,118.9884087050115,67.47667994280312,0.8232288731963365,0.31509490157643416,1.4158008529187431,0.6000491487610612,0.8112255342687936,0.27135956359203295,0.3126666666666604,0.16647322106974044,6.714682296033058,2.361776914752152,,,3.0,1.5811388300841898,686.8,803.9674744664737
Replace,84,0.0,0.0,27.038390255117303,27.581550591592965,60.41782096866949,34.77357898276001,121.9087228585378,72.1762486487457,0.8428921050747782,0.33296983393810003,1.4291696959393005,0.4260181620645241,0.7904438343597644,0.27594387844271223,0.29266666666665414,0.16044036621472235,7.116664257764107,2.475301009076726,,,3.0,1.5811388300841898,686.8,803.9674744664737
Replace,85,0.0,0.0,26.607705424021184,28.103210311155145,60.30146544935982,31.80789294189224,120.234981113258,64.2610855764705,0.8367038024049821,0.2943080670161579,1.4538414780170377,0.5958496223595028,0.8063092845243401,0.24252918758634995,0.2966666666666257,0.1524795068198082,7.084829599014975,2.4306411849188496,,,3.0,1.5811388300841898,686.8,803.9674744664737
Replace,86,0.0,0.0,28.55061960398645,32.09470943036975,59.13732165734494,32.783107608577794,116.73845898200602,64.28469643513684,0.8114731895942426,0.2788818284443543,1.4546063925353434,0.6518064220967025,0.8194638459824611,0.2372481264449462,0.308,0.15458906099002534,7.170512409297179,2.613910881114917,,,3.0,1.5811388300841898,686.8,803.9674744664737
Replace,87,0.0,0.0,32.474694765007946,41.72638820790061,61.57145207946022,42.612368010939804,121.8759991117277,84.33122722506431,0.8282526008744615,0.3828753222169776,1.496909443989097,0.7523252218529317,0.8053263893586837,0.24467277296419404,0.30066666666666664,0.15995485474206642,7.131776912835508,2.856990055175119,,,3.0,1.5811388300841898,686.8,803.9674744664737
Replace,88,0.0,0.0,32.784724974532196,41.858116889058316,62.371615432135194,41.32600681729094,124.80718889157149,83.01252779728198,0.8522403013303912,0.37339269151283827,1.5097460572129393,0.7403899645130736,0.8115389283481896,0.23934438681512668,0.30533333333333335,0.16011454233350156,7.286191779233738,3.0154881346651514,,,3.0,1.5811388300841898,686.8,803.9674744664737
Replace,89,0.0,0.0,35.52363583284511,50.15895147815209,61.32386724250216,42.04225610133791,121.53917858984668,82.50019043488433,0.8253839611173215,0.37886646854010636,1.5381885706472354,0.8485157787239274,0.8100469708985397,0.25273735820545085,0.31466666666666665,0.17348711127279104,7.216278087630296,3.2492305459154065,,,3.0,1.5811388300841898,686.8,803.9674744664737
Replace,90,0.0,0.0,38.43460766745794,57.31095746770069,61.28085469359782,40.21434869800537,123.1369454647058,80.33372220523033,0.8398726248104094,0.3875259044515939,1.640881320489743,1.0340086578224725,0.8122154018285273,0.23680700184311013,0.316,0.17490314780217966,7.180291708527797,2.9355363349947665,,,3.0,1.5811388300841898,686.8,803.9674744664737
Replace,91,0.0,0.0,33.64000585833776,45.98683617569587,60.50153567748972,36.868980737401124,123.02974314640035,77.6783879505797,0.842646748265992,0.36094823536841714,1.6024312295469272,0.9975778307877268,0.7831650248777327,0.27378770121585433,0.3,0.18044697589904662,6.837603394737438,2.416851135175182,,,3.0,1.5811388300841898,686.8,803.9674744664737
Replace,92,0.0,0.0,34.31981084386017,48.3399714903948,61.14018900036518,37.25936652862572,122.83179643450308,75.45742903294567,0.8414434791484535,0.33922188908095696,1.4799621912650547,0.6860130460717782,0.7630404843097753,0.30446923666351017,0.2986666666666667,0.19485892332659543,7.118821599021823,2.8544927653293515,,,3.0,1.5811388300841898,686.8,803.9674744664737
Replace,93,0.0,0.0,31.734751413319266,45.68128223812699,58.32684972406535,32.89461111487797,116.53132821784644,65.27508818907013,0.8064401789544376,0.28594055162209564,1.5361525696104397,0.9860276227112795,0.7598643187202876,0.3133078438521919,0.30133333333333334,0.20013328891849383,6.7891264298985785,2.5277913760260518,,,3.0,1.5811388300841898,686.8,803.9674744664737
Replace,94,0.0,0.0,31.602984112487853,46.03961580237363,58.28886285180986,30.55016855734608,114.57765760147984,59.51597528991057,0.7985928141450475,0.2501179663517581,1.4658589665183377,0.8754651846246014,0.7645252109437817,0.3090116085306274,0.29933333333333334,0.19362621493772766,6.61793468656875,2.3505108163096633,,,3.0,1.5811388300841898,686.8,803.9674744664737
Replace,95,0.0,0.0,27.040167194483615,34.2771864070525,58.033353233485784,33.02220343772747,114.58734002699354,63.46276171040248,0.7936389696319661,0.27418978086449275,1.4638953783632682,0.7320563569970451,0.7738840166805343,0.2963216458812711,0.2966666666666667,0.1823458252881047,6.7170609519251006,2.5608533960515416,,,3.0,1.5811388300841898,686.8,803.9674744664737
Replace,96,0.0,0.0,25.63954898791505,30.831519891538218,55.853914786120754,27.95109450531295,113.50844257620187,57.83097223489763,0.7923704443433646,0.23336403050934873,1.3378917379499273,0.5810355285419734,0.7511071734006945,0.3115119688558151,0.2853333333333333,0.1876107080573435,6.634279765475372,2.462700989958643,,,3.0,1.5811388300841898,686.8,803.9674744664737
Replace,97,0.0,0.0,27.152526660056953,33.76599453227543,56.43867319236824,30.92992860245931,111.03676734785407,60.93247109119493,0.7689791380551583,0.28404266677358,1.441243425660335,0.7215572300544439,0.756930131690003,0.27673281989462667,0.2746666666666667,0.1702710257860163,6.580420414127214,2.4515100656472626,,,3.0,1.5811388300841898,686.8,803.9674744664737
Replace,98,0.0,0.0,29.61385645179272,39.01156192745047,55.44223014380576,29.583014613943263,112.21765977823797,60.95646494901801,0.7760891034556673,0.2905011331503158,1.4736597713734916,0.7428155845659953,0.7011361625394325,0.3398515263459768,0.2573333333333333,0.18984496598833245,6.88828998030295,2.838964871786802,,,3.0,1.5811388300841898,686.8,803.9674744664737
Replace,99,0.0,0.0,30.79629892122108,41.46425701974511,53.725959603388524,26.885923130151106,108.8216812417027,55.53389480079833,0.7569180558242065,0.253537830312633,1.459599949234342,0.7796882526323217,0.704617046461117,0.3321473660904949,0.2613333333333333,0.19414484855957992,7.0298602878902425,2.982736055323428,,,3.0,1.5811388300841898,686.8,803.9674744664737
Replace,100,0.0,0.0,31.576706153638906,44.31487102960698,51.563442623730566,25.37173684964401,102.446274002677,50.281036163793786,0.7160690885202943,0.24202181817467744,1.4530516428809455,0.7220231372293593,0.730006836699131,0.3046021982740067,0.2706666666666667,0.18814001878033992,7.106771308803397,2.866742080301483,,,3.0,1.5811388300841898,686.8,803.9674744664737
Replace,101,0.0,0.0,31.05857257315127,40.10703513745349,50.88471943649681,23.537406388167206,101.79274158215962,47.930575914978796,0.7156842540982835,0.24369068967131144,1.481082450951194,0.6552195301725142,0.7008006699946489,0.3386821095570286,0.25666666666666665,0.1891501461214814,7.1665180461584495,2.863834606974381,,,3.0,1.5811388300841898,686.8,803.9674744664737
Replace,102,0.0,0.0,35.83762481218806,48.38234592309171,49.87011893209326,23.3894288502546,99.60760493523303,47.320760511973695,0.6995925716485643,0.237598113640024,1.6236506685048577,0.8911022731249857,0.691791424990562,0.35332634846240313,0.256,0.19394157195746695,7.325036378636756,2.9115338976711764,,,3.0,1.5811388300841898,686.8,803.9674744664737
Replace,103,0.0,0.0,32.85305528401084,43.348953698369826,50.72740816557765,22.860994462493856,102.42007313125961,46.5728269202514,0.7241224493374745,0.23880640531868688,1.5318344741196257,0.8334291484653583,0.7076401121577194,0.3615623575978728,0.2693333333333333,0.19722237871668283,7.107657496143581,2.7361452735928804,,,3.0,1.5811388300841898,686.8,803.9674744664737
Replace,104,0.0,0.0,35.46950640030759,47.03562602296774,48.5910673824984,22.731815287185405,98.27206934445569,47.01826094282751,0.6908440325259996,0.2367739608916374,1.6164352573162142,0.8820463565068596,0.6824336550505815,0.4084440631837302,0.2666666666666667,0.20591260281974,6.94307340430168,2.440827239774677,,,3.0,1.5811388300841898,686.8,803.9674744664737
Replace,105,0.0,0.0,35.5443326593756,46.30362245338871,49.609999042773644,24.094078172771788,97.35309309604769,46.642334502765436,0.6834000775580368,0.2313360287019088,1.5812611925173092,0.7781948217393185,0.689434282647666,0.4172567523779003,0.2713333333333333,0.20325954945449534,6.9033011495294705,2.525966496595038,,,3.0,1.5811388300841898,686.8,803.9674744664737
Replace,106,0.0,0.0,35.697289817898294,46.27058884086449,49.26072542166504,24.040749025129017,97.85681433742653,46.403429455189624,0.690854142078687,0.24850814530064044,1.6252409406546655,0.7630245681771308,0.6950702631002663,0.41750977786073806,0.27066666666666667,0.19708148343035964,6.990187773916266,2.6724751302703695,,,3.0,1.5811388300841898,686.8,803.9674744664737
Replace,107,0.0,0.0,37.474906135529714,50.270702225703545,50.24925581063444,23.994211031544793,100.094342239151,46.88989283633405,0.7054711044311809,0.2461493369778713,1.6660708557940087,0.9943133472605545,0.6869332460789505,0.4296185101393237,0.27599999999999997,0.20963460274169116,6.91563801723412,2.7670044446103574,,,3.0,1.5811388300841898,686.8,803.9674744664737
Replace,108,0.0,0.0,35.862485023037394,46.36637252409195,48.87423721838932,23.209358709024787,96.95926381416662,45.22850727097241,0.684987003371254,0.23304191516007905,1.5121165281871458,0.7307103704038642,0.6914961186952276,0.43514677685445496,0.2833333333333333,0.21422988690760317,6.80084360034013,2.1335273695666888,,,3.0,1.5811388300841898,686.8,803.9674744664737
Replace,109,0.0,0.0,39.23238672303049,51.483034247502495,48.802245788107854,22.42622959642351,96.4059696082189,45.116497643452405,0.6867573936301652,0.26473558446320894,1.6436091365212373,0.8704952375079243,0.6854743106368845,0.4310867367644031,0.2786666666666667,0.21413391448655053,7.1619043962747755,2.2851063292497944,,,3.0,1.5811388300841898,686.8,803.9674744664737
Replace,110,0.0,0.0,39.27728591949459,51.978523261652775,51.01670904637744,27.05494050203715,102.72082643105469,54.914221165300454,0.7264069941784224,0.33835275725660785,1.6661867174553389,0.9102558174622472,0.6821690154041988,0.4416358415481729,0.288,0.22647786254338906,6.997377206911764,2.522097698889418,,,3.0,1.5811388300841898,686.8,803.9674744664737
Replace,111,0.0,0.0,37.09583033464916,42.04508012874447,48.75898972266108,24.350020789998414,96.12283451278668,47.735312133340784,0.6855659763350901,0.2914340775671418,1.6133322135469068,0.6390462122116891,0.7107813397546877,0.43458756761151895,0.3026666666666667,0.22098768190909543,7.00909119647609,2.4204786842633093,,,3.0,1.5811388300841898,686.8,803.9674744664737
Replace,112,0.0,0.0,35.13611386212385,38.85920101643979,46.73594540898332,21.484036879967654,93.58622625780572,43.91584516132694,0.6713292988028388,0.2712809855150496,1.6134269745135583,0.7618634064429864,0.711539676338901,0.4332031479308228,0.29866666666666664,0.21601954644069699,7.231565610798425,2.5007567845630088,,,3.0,1.5811388300841898,686.8,803.9674744664737
Replace,113,0.0,0.0,37.8112349340396,42.0041635787742,46.246464505489584,20.82279252250883,92.72202836663747,43.93732472390362,0.6676664490012749,0.27909192752177236,1.608429440018853,0.7340309823731206,0.7087798926755305,0.43491401128502555,0.292,0.21011372581956128,7.338251424043681,2.6957500839898776,,,3.0,1.5811388300841898,686.8,803.9674744664737
Replace,114,0.0,0.0,39.58829210321481,44.84556034583856,46.84654279566895,23.46167457770323,94.25294978652778,47.4939800045093,0.6848749255984931,0.31707603741915996,1.7489543317935834,0.9645718642104519,0.7124413248664427,0.4337678389949891,0.29333333333333333,0.20872629605937693,7.406804662257057,2.77172290891436,,,3.0,1.5811388300841898,686.8,803.9674744664737
Replace,115,0.0,0.0,40.26809516533954,47.669284793071334,42.75244616824765,18.651668150323825,84.4486996893374,37.195012884650055,0.6118483868208704,0.23184556876944032,1.7157870672091622,0.8347004148809521,0.6887904998218028,0.4380550487832069,0.2826666666666667,0.21516660211721209,7.211929637119849,2.567742307302033,,,3.0,1.5811388300841898,686.8,803.9674744664737
Replace,116,0.0,0.0,42.07927175600903,49.83515420185558,44.30086316972956,17.97667612406449,88.1723818529542,36.86850711576757,0.6428167103882874,0.22888829219188325,1.8564783487032845,1.016757666303062,0.696463685018611,0.44157371920661054,0.2926666666666667,0.22028264671654108,7.430433240932956,2.7295887131191865,,,3.0,1.5811388300841898,686.8,803.9674744664737
Replace,117,0.0,0.0,43.47898227829073,52.412704432407416,44.69930459618019,19.112545125143043,88.72860307259434,38.678306028752516,0.650733141102849,0.2530139994637154,1.7895785307636782,0.9355521144707897,0.6695003327953085,0.4585580561039958,0.2866666666666667,0.2318883831118373,7.409342710674767,2.763761364316517,,,3.0,1.5811388300841898,686.8,803.9674744664737
Replace,118,0.0,0.0,42.73345305528211,50.75538922127461,44.00070311964338,20.81966595404444,88.19401649419261,41.09030967539054,0.6440999284309126,0.2720233660130493,1.768269214375953,0.9508424105698259,0.6776718976180538,0.4437149865120975,0.2733333333333333,0.2114500203620494,7.475085640736796,2.5126293098222994,,,3.0,1.5811388300841898,686.8,803.9674744664737
Replace,119,0.0,0.0,45.542978443542324,56.05411020881058,44.95464611338235,23.25575771190859,89.42272950810874,46.95906031755736,0.6505876651904249,0.3168445340762486,1.8033822509537927,1.0503998463394468,0.6479747330189857,0.4620886371253981,0.2613333333333333,0.21632794035393987,7.399251409093537,2.4479951758072915,,,3.0,1.5811388300841898,686.8,803.9674744664737
Replace,120,0.0,0.0,47.20554320617475,58.49000878800376,44.55310740958765,20.804025925084332,89.57154907997099,40.926888756246754,0.6543023154949941,0.26934212443550487,1.7971826858992372,0.9661722053591595,0.6136408011837206,0.4845308264160161,0.2533333333333333,0.2274618405115216,7.4629048684740935,2.4268521727100683,,,3.0,1.5811388300841898,686.8,803.9674744664737
Replace,121,0.0,0.0,47.73866422393822,59.18031957352716,44.49350575120199,25.145916622400666,88.56612402135138,49.96345260492835,0.6532244180045887,0.352838412365719,1.8248490796665489,0.9420733258558686,0.6077155569719105,0.4863992215783543,0.248,0.22411058778102289,7.400105060923442,2.2406595074021936,,,3.0,1.5811388300841898,686.8,803.9674744664737
Replace,122,0.0,0.0,47.637481328698364,61.043124486066915,43.6348153474974,22.990625830673157,88.34164507729217,46.4050699658515,0.6571421946173378,0.33183465255946054,1.77731231876466,0.9294867228373984,0.6198127822292752,0.4762616067485494,0.2506666666666667,0.22084937048686476,7.7087013769168875,2.6828120471824954,,,3.0,1.5811388300841898,686.8,803.9674744664737
Replace,123,0.0,0.0,47.77703517138287,60.00965642141298,44.75996938328904,23.57464980028994,88.99446394060524,47.242663066787415,0.6606856060769213,0.3362952276256477,1.848316487629699,0.9145661427312519,0.6260746765380164,0.4878411914884297,0.2593333333333333,0.2254550953072474,7.856789561559424,2.7810257365094997,,,3.0,1.5811388300841898,686.8,803.9674744664737
Replace,124,0.0,0.0,50.54536557746779,64.34413311771529,43.92627292673175,26.351704046788477,88.15909058295858,51.598175802489834,0.6611514328221826,0.3756418898103506,1.8293910127105235,0.972801371894606,0.6101069707418205,0.5032597354311582,0.254,0.22675733480725355,7.9735858730762885,2.6806480564284634,,,3.0,1.5811388300841898,686.8,803.9674744664737
Replace,125,0.0,0.0,49.57554277313363,61.9803964113555,43.905548277958715,26.0705371962004,88.59609765634693,53.05133520405479,0.665889275227717,0.38797760007365056,1.7357637579946936,0.7699442038653577,0.5948055197160447,0.5173256531966186,0.248,0.22615874464140842,7.755184486017795,2.675134822315252,,,3.0,1.5811388300841898,686.8,803.9674744664737
Replace,126,0.0,0.0,48.940281770689445,62.38399645596958,42.13250829865382,24.557766726001564,84.39848596364425,48.79106288795677,0.6327718289433248,0.35619671293573285,1.7910774016655964,0.9224900691875062,0.5934616981831138,0.5158257713838609,0.24066666666666667,0.21692804746684505,7.660685465349319,2.5384425263237853,,,3.0,1.5811388300841898,686.8,803.9674744664737
Replace,127,0.0,0.0,49.05388329962527,60.16888276024767,39.60722817985361,20.137267846195705,78.96046148477356,40.97108846336085,0.5953995038584695,0.30358032614231795,1.8424895529876721,1.0801972739765286,0.5840104125772271,0.5331362416533226,0.24266666666666667,0.22160274767650734,8.451339150592343,3.6079888046327953,,,3.0,1.5811388300841898,686.8,803.9674744664737
Replace,128,0.0,0.0,51.831301383174775,65.81215819521299,42.31048999245182,23.459767448509886,84.11727612552718,47.63937433008144,0.6257818364338037,0.3455847757912328,1.8673293725540012,0.9934124582678109,0.5740504353906355,0.5241790973765729,0.22800000000000004,0.20889391246914465,8.32512294632448,4.010475332582225,,,3.0,1.5811388300841898,686.8,803.9674744664737
Replace,129,0.0,0.0,56.22197772747364,67.97737748972467,42.42583009920946,22.56050532201296,84.22954632412143,45.77131766958814,0.6246109714373027,0.32828404518397036,1.9144661144086883,1.024841088465181,0.5821736962998519,0.5314500598318547,0.23933333333333334,0.21848468036811083,8.700914667902413,4.062107102260484,,,3.0,1.5811388300841898,686.8,803.9674744664737
Replace,130,0.0,0.0,58.82320117887184,70.34608951617099,43.760334836915575,26.416757345866696,87.00377747879517,52.58444087412227,0.6458695074491511,0.3809144245812981,1.9481383758154647,1.0140223905352048,0.5838583955731873,0.533107653582413,0.244,0.22364903060127242,8.869685355697225,4.095389481183856,,,3.0,1.5811388300841898,686.8,803.9674744664737
Replace,131,0.0,0.0,58.37347396540555,69.62446173151092,42.5679537794277,24.524324459473984,84.31099249833633,48.78690978777249,0.6182635459300883,0.34121623538518797,1.9900386116904358,1.0594954694422332,0.5798176360781561,0.529495539346594,0.238,0.21875404758160094,9.012680936137283,4.0003996126752535,,,3.0,1.5811388300841898,686.8,803.9674744664737
Replace,132,0.0,0.0,60.35566892602187,70.7952054888928,42.87856772652477,27.43980524298224,85.97845289912718,57.22749001000467,0.6264682397188202,0.40365725235893035,1.9798647064721457,0.9697049660901654,0.5768641575245324,0.5272189800393984,0.23666666666666666,0.2195449840010015,9.13649826741994,4.042325946944892,,,3.0,1.5811388300841898,686.8,803.9674744664737
Replace,133,0.0,0.0,59.83394743838662,74.99578736398654,42.25216104295852,29.784148909200866,84.75918800238169,60.88977364668371,0.6208741947925888,0.43672831018603403,2.0108514618698363,1.0095700192240253,0.5897709108298457,0.538481466026592,0.26,0.23959456495412318,9.150771414564872,4.138255618994245,,,3.0,1.5811388300841898,686.8,803.9674744664737
Replace,134,0.0,0.0,62.01231587069632,76.86979934523389,43.22395561450806,31.969421542894093,85.17941779906698,63.14389352850525,0.6265296744377291,0.45580961952709553,2.017983462711144,1.0548805340934266,0.5873730014418482,0.5363466016933695,0.2553333333333333,0.2358035905861769,9.223405903689176,4.198670048567159,,,3.0,1.5811388300841898,686.8,803.9674744664737
Replace,135,0.0,0.0,62.031459820264786,73.007919257025,44.1969377063085,32.107568836173684,88.12517659075527,63.78533667584456,0.650072199200544,0.4604850312171627,2.0350245999076013,1.034277769996118,0.5800839107586915,0.529839343337042,0.23933333333333334,0.22045911689522443,9.319109755842597,4.0201922331529225,,,3.0,1.5811388300841898,686.8,803.9674744664737
Replace,136,0.0,0.0,59.65576715800513,67.11512281362256,43.607914649670334,27.982624749295482,86.82836341843105,53.40875145761249,0.6396209353510095,0.38023568742337344,2.027715898632726,1.1019365103742207,0.5738320924134088,0.5246757460749576,0.23199999999999998,0.21533694527414474,9.328010805976843,3.8318229171012317,,,3.0,1.5811388300841898,686.8,803.9674744664737
Replace,137,0.0,0.0,60.59428458174606,69.16944806678545,43.97082940338724,29.70358954324895,90.07111644320484,61.840500803725725,0.6652352751130202,0.4454351973496252,1.9810891959704982,0.8502210553914418,0.5591642302696965,0.5121698962458677,0.21733333333333332,0.20589101755810307,9.3532185891086,3.9314457188988805,,,3.0,1.5811388300841898,686.8,803.9674744664737
Replace,138,0.0,0.0,59.30503827974981,65.8138074891902,45.08880720684395,31.987535468815043,90.39645135130566,64.43247194667946,0.6687724049402576,0.46581851345188025,2.0427794436354083,0.8973105976126138,0.5673747013291482,0.5184313446914188,0.22066666666666665,0.20342074623793907,9.422853801802884,3.9145756321914904,,,3.0,1.5811388300841898,686.8,803.9674744664737
Replace,139,0.0,0.0,62.33902189334651,66.54296938311522,45.67057818051338,35.223747265130896,91.42463350359908,69.9671219412889,0.6755629631696733,0.5071850926665747,2.084878413960291,0.8767622973125276,0.5377494866118336,0.49190010387828065,0.18933333333333333,0.17490314780217966,9.626151097271565,4.051816836061925,,,3.0,1.5811388300841898,686.8,803.9674744664737
Replace,140,0.0,0.0,60.55370137773681,59.53232935883334,47.741575908300824,37.887176695504685,96.0762166070863,75.49525302516716,0.705874080579737,0.5464771176350587,2.0877457470160588,0.9090673357500337,0.5260587276911416,0.48193527855382107,0.18,0.167248982724028,9.617217822560558,3.862157512069826,,,3.0,1.5811388300841898,686.8,803.9674744664737
Replace,141,0.0,0.0,58.39133508723408,52.82836457880921,49.26336538147932,41.28034344981495,98.37435606593354,79.64269615066749,0.7235539046632692,0.5778477699137569,1.923601721799794,0.607287248567922,0.539284304301796,0.49323607631841315,0.19066666666666668,0.17605870233154244,9.527059294516146,3.9022654858872943,,,3.0,1.5811388300841898,686.8,803.9674744664737
Replace,142,0.0,0.0,56.92427450991636,50.82499958055372,46.55198609662314,38.07259170740531,92.49445726348836,73.69929482577311,0.6804289799694603,0.5345039461516018,2.1025548300678985,0.8683489899619841,0.5396938544526264,0.49419062570156774,0.192,0.17835046646669836,9.38070199635153,4.009447830598008,,,3.0,1.5811388300841898,686.8,803.9674744664737
Replace,143,0.0,0.0,57.988185206532854,51.165743085276866,45.47120910507987,39.49902256763252,92.58864668477774,82.92257071014063,0.6863647088694451,0.6050487231849542,2.0224213159971276,0.6792253932383593,0.5337478399672951,0.48920156983418256,0.18733333333333332,0.1749349085294934,9.482536532050023,4.1276778036638895,,,3.0,1.5811388300841898,686.8,803.9674744664737
Replace,144,0.0,0.0,54.50792999462753,49.05333652109241,46.26486015340884,39.39761450098154,92.71351943371333,80.83210215002879,0.6844313616486926,0.588651433104282,2.058367792957998,0.8228718545232592,0.5445028943874466,0.5000839950213317,0.2006666666666667,0.19045851108428954,9.28928742412469,3.984178003318202,,,3.0,1.5811388300841898,686.8,803.9674744664737
Replace,145,0.0,0.0,53.728706969438235,45.91288961758247,46.809904773097784,39.52017229185117,92.79690123572036,77.34150042433426,0.6908056366423277,0.5641753076014973,2.0334077794391967,0.6083068853234396,0.553379960005976,0.5059771617965407,0.2046666666666667,0.18904144166469602,9.404426861456752,4.012260984021804,,,3.0,1.5811388300841898,686.8,803.9674744664737
Replace,146,0.0,0.0,57.61290346922029,46.632086211684644,46.62532065489326,42.20986637833899,93.33999630452104,84.0921718064535,0.693122023657925,0.6152123526669692,2.0653782140012273,0.678322744554908,0.5314393563700037,0.4885006026830471,0.18733333333333332,0.1773007488860539,9.692271367895813,4.132991908312888,,,3.0,1.5811388300841898,686.8,803.9674744664737
Replace,147,0.0,0.0,57.815174446043045,44.128122375323905,49.466529307870395,47.188577978523206,98.56415185510397,93.13539531002218,0.7317815396637066,0.6817433940019232,2.1472460937051965,0.6498430628030888,0.5396220117401845,0.4943600757969431,0.1933333333333333,0.18123036292090913,9.784182820435394,4.104206513606462,,,3.0,1.5811388300841898,686.8,803.9674744664737
Replace,148,0.0,0.0,61.38144987973885,44.915289196620364,50.410554525476115,49.513654104973575,100.113676275617,97.19425634426403,0.7412094396154016,0.7132928922352648,2.2035276014990304,0.8515181940485362,0.5435140455124193,0.49897466935675905,0.2006666666666667,0.19157824047167313,10.12895404357333,4.436191578985384,,,3.0,1.5811388300841898,686.8,803.9674744664737
Replace,149,0.0,0.0,60.866850018866174,44.72671031286354,48.11704347389815,43.59455792796398,96.4785372571807,90.54460003710825,0.7107082642985982,0.6653425180913571,2.1805685930950016,0.6610067880074894,0.5298150441914535,0.4912223915788088,0.194,0.19212842926889642,10.202124407350947,4.451456867231983,,,3.0,1.5811388300841898,686.8,803.9674744664737
Replace,150,0.0,0.0,58.37909746022128,46.344704078936154,48.71620494183656,44.75257515788045,97.16730137009101,89.12224995898436,0.7125633988983606,0.6541579141391062,2.1234836206642136,0.7176735611260084,0.5334666809364463,0.49631610980574126,0.2013333333333333,0.20201210084766924,10.01499960135678,4.467546742653462,,,3.0,1.5811388300841898,686.8,803.9674744664737
Replace,151,0.0,0.0,64.36446189546777,48.78326449429408,51.25424960290525,49.90262588730643,102.88916025280328,100.83075028032258,0.7529164331690705,0.7411837646237461,2.0728528463010347,0.6068606112188882,0.5259539332676393,0.48972410592841636,0.192,0.19181298762654792,10.349257981294494,4.9741348008410835,,,3.0,1.5811388300841898,686.8,803.9674744664737
Replace,152,0.0,0.0,62.47850232952393,47.295566943783335,51.765338899545284,52.500739506506704,102.26286133713297,102.82055838607423,0.7483774891729486,0.754573936333001,2.2249313225885663,0.6805919568949927,0.5253875907091656,0.4897517229296884,0.19133333333333333,0.19095665593124647,10.215326577841601,4.926417362746197,,,3.0,1.5811388300841898,686.8,803.9674744664737
Replace,153,0.0,0.0,66.76409037202072,49.887350073285944,51.62892075282584,53.46196908113333,102.18898695687491,106.6135367685101,0.7519102321726641,0.7837476408516991,2.320987579072167,0.9846319096684145,0.5211097196990144,0.48671101187385857,0.19266666666666668,0.19791131571713855,10.467070340408915,5.057552672382492,,,3.0,1.5811388300841898,686.8,803.9674744664737
Replace,154,0.0,0.0,65.33585023976465,52.28402497107905,52.272154080203265,51.9083176937186,103.67866010004843,103.22901187059618,0.7563251025890763,0.7603749203271382,2.2314170138674383,0.9058708765337621,0.5136289301016645,0.4874451885982572,0.196,0.21007141642784244,10.410678804914014,5.01338027413761,,,3.0,1.5811388300841898,686.8,803.9674744664737
Replace,155,0.0,0.0,63.30449007352864,53.31004815179184,48.41352419889826,47.32610204847899,96.39056585614621,94.38412484172105,0.7007979543169662,0.694114643957718,2.245706266928285,0.9396215633965822,0.5256191132014134,0.49595512486063414,0.20866666666666664,0.22106560112328646,10.322981329979878,4.991788592717145,,,3.0,1.5811388300841898,686.8,803.9674744664737
Replace,156,0.0,0.0,61.558584332463376,53.70256094106323,47.900441962630445,43.39100487264384,94.85309302789281,85.66939314865577,0.6858048278589722,0.6299046334653031,2.260668083200181,0.9833530829206807,0.5177462761740226,0.4918989413443191,0.2013333333333333,0.2154401180013705,10.12675288256759,4.636843076757928,,,3.0,1.5811388300841898,686.8,803.9674744664737
Replace,157,0.0,0.0,64.46527382297538,61.28830107836133,48.651233582877865,44.35817563813881,95.9552040083285,86.48263399924788,0.6920513593736557,0.6347170758133721,2.202245392940179,0.9542659167849203,0.5329462226219437,0.5018841521978731,0.21600000000000003,0.22626680416416955,10.419986544172351,4.840870657068975,,,3.0,1.5811388300841898,686.8,803.9674744664737
Replace,158,0.0,0.0,64.97809325152994,59.73677517741181,48.704639953364584,45.49284386914338,98.27428056383039,91.95581422318314,0.7103404594190289,0.6759552266186831,2.2718943851274043,0.8761022859607088,0.5300451989052629,0.49972683331720014,0.2126666666666667,0.2235372203658462,10.409297245728018,4.8459174495043245,,,3.0,1.5811388300841898,686.8,803.9674744664737
Replace,159,0.0,0.0,65.64746545382665,54.686718020997105,49.37628779812293,45.23260767365493,99.69719849017447,92.75992569851877,0.7193467700127443,0.6813809863159223,2.232479215132168,0.6849826559757146,0.5245810573634959,0.49575867601240314,0.202,0.21052315787105227,10.532939445724518,5.058218713075023,,,3.0,1.5811388300841898,686.8,803.9674744664737
Replace,160,0.0,0.0,67.1835115402447,58.34703012594883,49.729303708123496,45.37388888360556,100.0821318751371,90.72134248344425,0.7250143005159355,0.6657072368086927,2.30861552466762,0.9189147961506736,0.527017573981512,0.49516132652238815,0.19933333333333333,0.20387087416630492,10.611541990192956,4.973060062990278,,,3.0,1.5811388300841898,686.8,803.9674744664737
Replace,161,0.0,0.0,67.05823624774379,58.44703257583445,47.90011215629502,42.73266690190104,96.07510423127405,85.08207982359197,0.6915302686351028,0.6227765870129371,2.1009382932636806,0.8440369687786526,0.5297247427498802,0.495282029169694,0.19866666666666669,0.20036910385031367,10.553932538362677,5.001874283571831,,,3.0,1.5811388300841898,686.8,803.9674744664737
Replace,162,0.0,0.0,71.04547708045034,58.06715213455616,46.05322967270369,41.39912659453645,91.342213195516,81.07917426274895,0.6634729057435721,0.5944078264224858,2.420057872071196,0.9116085742765321,0.5205289070135315,0.4844305796514459,0.18466666666666667,0.18253766734567417,10.639461621730891,5.153551236512458,,,3.0,1.5811388300841898,686.8,803.9674744664737
Replace,163,0.0,0.0,69.93769323212007,57.6283910878219,43.88664219482141,40.64726788865212,88.20411754466377,81.64384810370646,0.6423371514544123,0.599634672886967,2.1040524985251046,0.5354095082098104,0.5121430742640475,0.48387910014864444,0.184,0.18871495259606041,10.71266732196107,5.0937969518546975,,,3.0,1.5811388300841898,686.8,803.9674744664737
Replace,164,0.0,0.0,70.15394699698419,61.399706051292696,43.86413702410946,40.329248175801396,88.63629997262636,83.30957896586183,0.6459066348406458,0.6130690009639524,2.3000538789142766,0.9184994892088814,0.5140439131042672,0.486670139618211,0.19333333333333333,0.20499322482029064,10.725717556344238,5.091364114710998,,,3.0,1.5811388300841898,686.8,803.9674744664737
Replace,165,0.0,0.0,72.20209732632377,61.38353044591233,43.839690389146845,40.18180904608808,88.75252521147044,82.76907872771751,0.6468214896474983,0.608570755432845,2.26533822873083,0.8165403981537779,0.5057055748258427,0.4837002752413797,0.18733333333333335,0.2009062799748513,10.810730056601724,5.177540170973782,,,3.0,1.5811388300841898,686.8,803.9674744664737
Replace,166,0.0,0.0,71.97603519430751,62.794056527387546,43.72872971251967,42.07011832470854,87.76574192863379,83.92140838311059,0.6432156113162053,0.6184980016117942,2.311189247304841,0.8953512571213846,0.5093826421674572,0.4925274195395624,0.198,0.2158909189588318,10.995429823752406,5.146135822676236,,,3.0,1.5811388300841898,686.8,803.9674744664737
Replace,167,0.0,0.0,73.13539424575819,61.560595112272026,45.339311503455086,44.09815811549103,92.07606914905136,89.62922839643004,0.6713551097521815,0.6597915526594141,2.2460787400170945,0.7976602782596122,0.5147267584595966,0.4923686162920647,0.19733333333333333,0.21062605093704181,11.083539461627321,5.287814859275367,,,3.0,1.5811388300841898,686.8,803.9674744664737
Replace,168,0.0,0.0,73.36721575538544,57.07067182323704,45.761026197086196,44.17987126654592,91.35354772567453,88.31864147963311,0.6677938631332602,0.6511220963754885,2.2275308072429523,0.5960308506829611,0.5208571465133287,0.4915648894078458,0.19533333333333333,0.20220451692943625,11.10635043328782,5.224885390156368,,,3.0,1.5811388300841898,686.8,803.9674744664737
Replace,169,0.0,0.0,72.53241239015613,62.499782331657165,43.4539158485858,40.071430255359466,86.16090156643025,78.6507058767662,0.6281772266089917,0.5787930238457442,2.447051245714269,1.051318804364134,0.5375374038917842,0.5022297887464598,0.2126666666666667,0.2173629836625056,11.024983908627222,5.04162506931368,,,3.0,1.5811388300841898,686.8,803.9674744664737
Replace,170,0.0,0.0,71.29318290722043,59.55247970185853,44.00525957737878,40.73925626946154,87.37387670929131,81.91072119502185,0.6374572447507033,0.6038894432702789,2.3783303811176437,0.7884420809831314,0.522746655745305,0.49744320197815134,0.20733333333333331,0.22073614213455042,11.037983404131825,5.150195645743733,,,3.0,1.5811388300841898,686.8,803.9674744664737
Replace,171,0.0,0.0,71.6394194508902,60.303390842759484,42.7263090539892,38.77622768095555,85.51861428128572,77.18224216297808,0.6219140861159895,0.5680770934006354,2.3894517886401525,0.8690241944170064,0.5279289750663955,0.4984519479914437,0.20933333333333332,0.21994191152312112,10.971052371982399,5.111260619705481,,,3.0,1.5811388300841898,686.8,803.9674744664737
Replace,172,0.0,0.0,71.84411119472468,62.7327173301254,42.394412070439884,40.67170010587126,85.7074802601679,83.30541919305995,0.6239109494080247,0.614180984393831,2.3642863467023436,1.0270715573821507,0.5222418031609154,0.49686265775303795,0.20600000000000002,0.2190053271802614,10.924002507090117,5.119718293765774,,,3.0,1.5811388300841898,686.8,803.9674744664737
Replace,173,0.0,0.0,70.96451886538568,61.335909755023756,42.09483048823264,41.61947798294132,83.70730836585085,82.9624718922326,0.6112290218700009,0.6133989640310175,2.2799122585259135,0.8524057088465281,0.5093901462140584,0.4943199356256156,0.202,0.22238105434891106,10.900687497292086,5.067760609913723,,,3.0,1.5811388300841898,686.8,803.9674744664737
Replace,174,0.0,0.0,65.83650575422755,54.16136735038491,42.18868198565277,40.15965895475921,85.08971231896193,82.12011037066293,0.6238855910703218,0.6088013634109715,2.1989843992369624,0.7486531610971352,0.5007178428777105,0.49383296755704,0.198,0.22208106627986096,10.609316244961713,4.774580787214807,,,3.0,1.5811388300841898,686.8,803.9674744664737
Replace,175,0.0,0.0,65.5853664185455,54.643968139498625,44.19193734029994,44.23209691603437,87.90365889007954,86.9429735086144,0.6407235100861086,0.6429942463542991,2.2713779005603594,0.6822837267702797,0.509868830446795,0.49489028520385536,0.2033333333333333,0.22414033302573833,10.702376475995209,4.970102534193659,,,3.0,1.5811388300841898,686.8,803.9674744664737
Replace,176,0.0,0.0,68.45399057408704,61.862422336634594,42.456146725990905,38.940570608703695,84.82701100793001,78.39089378485743,0.6152389827589143,0.579247979236785,2.2601619559944157,0.799966527558136,0.5125330970027819,0.4885885651176248,0.194,0.20704803522103,10.639973699275044,4.898406382684227,,,3.0,1.5811388300841898,686.8,803.9674744664737
Replace,177,0.0,0.0,68.1471068179339,62.794781620074076,40.578214147997436,36.564495865458,81.0639057214694,72.16056268259737,0.5893464624609097,0.5337135228716574,2.302498958432298,0.8042346887675834,0.5269718750994243,0.4961695536507916,0.2013333333333333,0.20734565879762762,10.511270428192631,4.75737385713886,,,3.0,1.5811388300841898,686.8,803.9674744664737
Replace,178,0.0,0.0,70.30784133911223,67.831862360459,43.10179397187945,38.942717573115324,85.49611076623614,75.70604631660345,0.6181475638052779,0.5584437739052082,2.242555493663275,0.8291028171729536,0.5204481874261271,0.49486309054139566,0.20400000000000001,0.21737576272947776,10.7025489787649,5.011340937393236,,,3.0,1.5811388300841898,686.8,803.9674744664737
Replace,179,0.0,0.0,72.57853112645299,72.18432665675232,44.517965595315715,38.569780327997606,89.45812123356711,78.0630492203001,0.643618765213444,0.5745164114223011,2.324985618421004,0.7496370535587101,0.5036124602143809,0.49117005619662024,0.1953333333333333,0.21583944650287318,10.738193056048772,4.98674273196858,,,3.0,1.5811388300841898,686.8,803.9674744664737
Replace,180,0.0,0.0,70.54997260502086,68.52886174856562,44.16168916397574,40.81245159251643,88.39642291171461,82.32330677331517,0.6380465424359125,0.6079295948013672,2.554556106040396,1.1131050528930413,0.4982665721883743,0.4930531605604836,0.19533333333333333,0.21945133603805853,10.594616663173031,4.898136984111751,,,3.0,1.5811388300841898,686.8,803.9674744664737
Replace,181,0.0,0.0,70.12974083186563,62.81753440349052,46.441121880119184,41.135210790548406,93.7185366219305,85.11604404535278,0.6746630425875415,0.6288631711276126,2.4147612443167437,0.8395322528174194,0.4955016057671903,0.49440866956682766,0.1973333333333333,0.22461572122677037,10.83131500631929,5.029673089760737,,,3.0,1.5811388300841898,686.8,803.9674744664737
Replace,182,0.0,0.0,72.58059262905849,68.85896104047816,46.75185440802705,42.90562161158504,93.67398802536589,88.14839365194204,0.6744037395157225,0.6510196024069984,2.4201919162037235,0.8346101025680959,0.5044906933103017,0.49417844595535376,0.19933333333333333,0.22151498569823416,10.899171184933177,5.09881517365474,,,3.0,1.5811388300841898,686.8,803.9674744664737
Replace,183,0.0,0.0,73.68784457918424,71.4947322725694,46.45214454558099,42.86810006399924,93.69662867198704,85.98593764162793,0.677318063947174,0.6361211233328194,2.3950442191972705,0.9085863069422743,0.5107329957731269,0.4977680123890775,0.20800000000000002,0.23052596865043692,11.05038800886928,5.14227767986177,,,3.0,1.5811388300841898,686.8,803.9674744664737
Replace,184,0.0,0.0,79.88623600510445,78.14881900865637,46.845683619579034,44.29642639702418,94.91526423456271,90.42828771602755,0.688783617137181,0.6702482867035919,2.4659495496687533,1.0245449865820255,0.5079457248728776,0.4926717216625094,0.2026666666666667,0.22486292120608353,11.233636146312971,5.359345960618702,,,3.0,1.5811388300841898,686.8,803.9674744664737
Replace,185,0.0,0.0,79.1096550386681,73.700564486451,43.765186833619495,40.078762638984884,85.98089394876244,77.46253931555825,0.6248805147338713,0.5750728393265898,2.431388298590485,0.9978417905688259,0.49432866151720944,0.4882163557787497,0.18733333333333335,0.20898431626427005,11.1821024978729,5.3426344685349925,,,3.0,1.5811388300841898,686.8,803.9674744664737
Replace,186,0.0,0.0,76.03242695883256,78.75149777982118,42.0572372935717,37.408551418077494,83.11181591790793,72.92020015232309,0.60663739393647,0.5427209784976131,2.205815472462665,0.8930381324620839,0.5177402588262643,0.4930320702728241,0.19866666666666669,0.21052315787105227,10.955919569745927,5.284918316262119,,,3.0,1.5811388300841898,686.8,803.9674744664737
Replace,187,0.0,0.0,80.81097535941119,84.31244139804116,41.53251325221704,37.174069679952225,82.80332638437368,75.07460064497607,0.608310708051425,0.5606252162285043,2.434256703514309,1.1517177406131969,0.5234797389508594,0.4933031371727434,0.19666666666666668,0.20219627428153403,11.103116651532533,5.309793878969821,,,3.0,1.5811388300841898,686.8,803.9674744664737
Replace,188,0.0,0.0,76.70759929430666,86.15440547209816,40.62821470723585,35.01526174233487,80.57947180894195,69.25640413086589,0.589732287702629,0.5167192673433212,2.3233921835143163,0.9289361542673411,0.5168604250630419,0.4883960881832197,0.19266666666666668,0.20108594072076633,10.7142273393207,5.209032565892379,,,3.0,1.5811388300841898,686.8,803.9674744664737
Replace,189,0.0,0.0,75.87582976659097,87.51068558769707,41.42014964787649,35.325818847763244,82.93868346327005,70.01138749755646,0.6067541629154597,0.5220387260747916,2.303878217567481,0.9388587331984137,0.5093652403077412,0.49072648060820506,0.19333333333333333,0.20788618681063603,10.645892717395757,5.256361301472634,,,3.0,1.5811388300841898,686.8,803.9674744664737
Replace,190,0.0,0.0,72.22871777976314,82.5650402943078,40.81914952724937,35.22785615111653,81.87053011283648,70.9754794843227,0.5987094194892988,0.5260414065295678,2.2814447601702867,0.8326505252308665,0.5134137986569944,0.4896019859607632,0.196,0.2098067894251492,10.49920048258914,5.16278517705382,,,3.0,1.5811388300841898,686.8,803.9674744664737
Replace,191,0.0,0.0,72.13128076339328,81.97836561511401,41.97423482316147,35.690386178851725,82.2167996464668,68.56097132844356,0.6000990116245701,0.5073415093552691,2.4660749883817976,1.1207145854095404,0.519209571709142,0.4922873165928741,0.2013333333333333,0.21423766657097854,10.584575877849028,5.069818581490953,,,3.0,1.5811388300841898,686.8,803.9674744664737
Replace,192,0.0,0.0,71.5867884129552,83.96075430892556,40.83366340948753,33.33988773058484,80.97567081267312,65.71997700082174,0.589632032415618,0.4871663975056301,2.282595367661617,0.8214490132325764,0.5107115618321073,0.48805406400402296,0.19666666666666668,0.21341144403345488,10.486444060796135,4.95723682892803,,,3.0,1.5811388300841898,686.8,803.9674744664737
Replace,193,0.0,0.0,70.92587560450104,80.52053170157656,40.18842361127794,32.804854459506956,79.92819261059299,64.72020152220274,0.5849854461030878,0.4824888066572754,2.2962723901043347,0.9379785935158743,0.504089398251086,0.48661821423430723,0.19533333333333333,0.21637929660667632,10.568021439277047,4.835823494435669,,,3.0,1.5811388300841898,686.8,803.9674744664737
Replace,194,0.0,0.0,69.32686109915218,76.02172980215583,41.01086628221397,34.862183018115964,82.25780179220001,68.96873932432939,0.602580473117451,0.5134504069761442,2.4141594763354406,1.0239273736115595,0.49159347720335056,0.48747270675164533,0.196,0.22649993868039395,10.716877455672975,4.935399380287929,,,3.0,1.5811388300841898,686.8,803.9674744664737
Replace,195,0.0,0.0,65.34676667558843,70.37983551168357,40.563491815881875,33.89609493010151,81.91467031263747,67.6287806550689,0.5973042179951855,0.5010749410182608,2.2202750818906467,0.798428043985045,0.5077476164747968,0.4907298758458044,0.1993333333333333,0.21977766543082175,10.64113159111172,4.833460606751875,,,3.0,1.5811388300841898,686.8,803.9674744664737
Replace,196,0.0,0.0,65.84016136628044,63.156698998646426,40.95253626640861,35.431207717724604,81.59553209250619,70.4181422209638,0.5973331402258759,0.5239675750926517,2.484123117502915,1.1460064568069288,0.502101422858324,0.489524390459164,0.19933333333333333,0.22415768259568233,10.800417458805988,4.861149985894744,,,3.0,1.5811388300841898,686.8,803.9674744664737
Replace,197,0.0,0.0,65.28013916641564,59.70408763818851,40.90563820966969,32.54111420433353,83.2907161750577,67.31386574822557,0.611312470968324,0.5049418334963043,2.2200562673634807,0.9031381705155028,0.5082857186398377,0.4912661659250133,0.19666666666666668,0.2146314670934033,10.747375651039395,4.490740797165534,,,3.0,1.5811388300841898,686.8,803.9674744664737
Replace,198,0.0,0.0,70.96872619233963,60.85302305390577,43.28256165706618,36.33789598973078,86.72081808658007,72.4455226212529,0.6390516950103864,0.5476484556623659,2.3278044858663867,0.8513930335687896,0.5056348282894023,0.4897857942819755,0.192,0.20854788951754516,11.099794806309117,4.676570673830837,,,3.0,1.5811388300841898,686.8,803.9674744664737
Replace,199,0.0,0.0,68.42526656565158,63.9282248885319,40.97500622770137,31.892563870912156,80.59814549646896,61.54627247428133,0.5956012222897903,0.47039275343297765,2.294546561658179,0.7118581347920815,0.5212856294936553,0.4971263020201437,0.20733333333333331,0.22189086406509745,10.971962732074283,4.412708417118372,,,3.0,1.5811388300841898,686.8,803.9674744664737
Replace,200,0.0,0.0,67.0544621298126,68.06707445066498,39.370845570314415,30.277117795822587,78.9220730637169,60.58802013055192,0.5797631209544166,0.45952844624403927,2.388896252278282,0.8314581855108453,0.5267746865236541,0.5020856135504972,0.22066666666666665,0.23774870019506827,10.879299050919522,4.427479832423704,,,3.0,1.5811388300841898,686.8,803.9674744664737
Replace + Select,0,1.0,0.0,1.5118550063439801e-32,2.1200735109849445e-32,68.11120862765388,16.448896182970266,136.88457741933934,32.496252974271705,1.0054990791473404,0.012915776519672349,0.07236084839554878,0.013984856000806288,1.0,0.0,0.5,0.0,1.799999999999379,1.358355034952072e-13,,,3.0,1.5811388300841898,686.8,803.9674744664737
Replace + Select,1,1.0,0.0,3.204533671177265,2.1635459888639077,43.269591332880246,15.4138671183357,86.18789305388925,30.569029692630856,0.6403808019707833,0.21064082746812438,0.6857768039380675,0.21260598358787264,0.637806021867231,0.2318666149742188,0.19417968577962968,0.1465847105326786,2.2013003653118988,0.9247320953723458,,,3.0,1.5811388300841898,686.8,803.9674744664737
Replace + Select,2,1.0,0.0,6.199310979463084,4.200563023257775,26.002058322490296,15.474013353959483,52.12659074511794,31.302998472688184,0.3978952008925311,0.2718206328578289,1.0655096662468313,0.3846980937601024,0.4235707214773563,0.33754405233804385,0.11080308276317612,0.1100090463655583,2.939480120969992,1.3305677658769495,,,3.0,1.5811388300841898,686.8,803.9674744664737
Replace + Select,3,1.0,0.0,8.866427303304366,6.373263744945182,14.009999544134374,9.485000134380135,28.09027397091445,19.166334078364336,0.21313410458614826,0.1597673220339201,1.386214466653907,0.3714268472496644,0.3905457089650305,0.46620508704725633,0.14686891088619033,0.20875432173113687,3.292605691205929,1.8261520986970108,,,3.0,1.5811388300841898,686.8,803.9674744664737
Replace + Select,4,1.0,0.0,10.684620004132608,8.551404135308957,7.554391076965709,5.442638777124649,15.234135680092312,11.014536908571577,0.11635109676776065,0.09290954531338623,1.6185381596878419,0.37458929335757835,0.33566923496377904,0.4597192500567014,0.10743999278589951,0.14724566484958557,3.899935559236109,1.1705053067439086,,,3.0,1.5811388300841898,686.8,803.9674744664737
Replace + Select,5,1.0,0.0,12.007094773655943,10.011844411239908,4.104074457133257,3.2010802959048545,8.149949801668699,6.329813595730739,0.06308156630659953,0.054492144016162716,1.8008669631243677,0.3587728498607955,0.26515232953372087,0.37201649645058293,0.07127890179665307,0.10418244170947125,3.8995468317190016,1.192283834059045,,,3.0,1.5811388300841898,686.8,803.9674744664737
Replace + Select,6,1.0,0.0,13.20041988622069,11.575401143815942,1.9607581865068398,1.5998581554981368,3.935782248486052,3.171089987866974,0.031185411800083163,0.028327978344962448,1.922909886238744,0.37852695472220294,0.11742776511541753,0.23163269322312877,0.02533333333333334,0.05299895177160477,3.966356704276092,1.2116777141900459,,,3.0,1.5811388300841898,686.8,803.9674744664737
Replace + Select,7,1.0,0.0,13.477464965777566,11.489606610268845,1.0499128520813403,0.925321199913028,2.1055224517935773,1.8353857864515648,0.016924348688038972,0.016537707598099173,2.0120227334469245,0.35836092424356975,0.08276337009261728,0.18506452148492858,0.016666666666666673,0.037267799624996496,4.532035922692834,2.038157280091751,,,3.0,1.5811388300841898,686.8,803.9674744664737
Replace + Select,8,1.0,0.0,13.396046946133833,11.349739746956095,0.5728084894700227,0.5268791848573431,1.1473455692606949,1.0554662365518728,0.009280071069932384,0.009505442055249646,2.0922903159712405,0.3622378310765012,0.05727939145508175,0.1280806129142467,0.010000000000000005,0.022360679774997894,4.536190222936619,2.016105083380598,,,3.0,1.5811388300841898,686.8,803.9674744664737
Replace + Select,9,1.0,0.0,13.548316300613095,11.468194911928252,0.3182280975061768,0.3190873353959939,0.637579070572252,0.6299901001679641,0.0051208715827108595,0.005609809371733703,2.134417719853155,0.29994423126131814,0.011555592065917275,0.025839089290511572,0.0013333333333333407,0.00298142396999972,4.556864240877287,2.017523539478206,,,3.0,1.5811388300841898,686.8,803.9674744664737
Replace + Select,10,1.0,0.0,13.605000549350288,11.522350741435446,0.1946316490294029,0.2202758648309883,0.392606082408644,0.44155249200780233,0.0031701813776922457,0.003913296736919739,2.101401189548623,0.4118806489336346,3.9863137138648344e-11,0.0,7.401486830834377e-18,0.0,5.348954621701466,1.2973824068661626,,,3.0,1.5811388300841898,686.8,803.9674744664737
Replace + Select,11,1.0,0.0,13.617385373425899,11.616651697502506,0.1222547346929617,0.1483241159133554,0.2426152181814115,0.2950092877799284,0.001969858606823932,0.0026089529047904026,2.154748820953201,0.3144343040134745,3.9863137138648344e-11,0.0,7.401486830834377e-18,0.0,5.34756079648613,1.3056994270604387,,,3.0,1.5811388300841898,686.8,803.9674744664737
Replace + Select,12,1.0,0.0,13.617158085147372,11.654634724727574,0.0881666974464277,0.11783334214284025,0.1775601307138702,0.23876080123359242,0.0014609940267443966,0.0021063285378102553,2.1828149676345143,0.37970592419306354,3.9863137138648344e-11,0.0,7.401486830834377e-18,0.0,5.342629023259957,1.3061082550548724,,,3.0,1.5811388300841898,686.8,803.9674744664737
Replace + Select,13,1.0,0.0,13.640576142184077,11.68400695617117,0.06660372615075186,0.09737725907218617,0.13209956034643483,0.19193682600033904,0.0010957862547241732,0.0016888074078944572,2.201339174352172,0.3327700064105147,3.9863137138648344e-11,0.0,7.401486830834377e-18,0.0,5.345950065859645,1.3061290006206498,,,3.0,1.5811388300841898,686.8,803.9674744664737
Replace + Select,14,1.0,0.0,13.661791134933338,11.70174302264658,0.05298378273360316,0.07936255005876307,0.10589330027509247,0.1596607006707923,0.0008841749320783454,0.001402785838637602,2.1755381936766867,0.32072277901024854,3.9863137138648344e-11,0.0,7.401486830834377e-18,0.0,5.3490943860487805,1.3079124867570875,,,3.0,1.5811388300841898,686.8,803.9674744664737
Replace + Select,15,1.0,0.0,13.704801051998004,11.724714385554927,0.04481332101696478,0.06805996941245354,0.08903576767918205,0.13481682097961778,0.0007432762585226225,0.0011842341047024838,2.2029374115746,0.3840596387707058,3.9863137138648344e-11,0.0,7.401486830834377e-18,0.0,5.354838302858552,1.3083511391437759,,,3.0,1.5811388300841898,686.8,803.9674744664737
Replace + Select,16,1.0,0.0,13.733672946769513,11.723278318464667,0.03651780119138149,0.05515523167461296,0.07302987093282154,0.11023012934018507,0.0006097680442750268,0.0009684383341161835,2.1578026401062926,0.3375568269365289,3.9863137138648344e-11,0.0,7.401486830834377e-18,0.0,5.357611519251369,1.3087535144159599,,,3.0,1.5811388300841898,686.8,803.9674744664737
Replace + Select,17,1.0,0.0,13.758886495071266,11.731323420859221,0.03129686694477778,0.04886140031623023,0.06291931018540174,0.09877480213063186,0.0005280442049692568,0.0008664269634432546,2.159066858870145,0.278199963053754,3.9863137138648344e-11,0.0,7.401486830834377e-18,0.0,5.362279237927698,1.3085521191842922,,,3.0,1.5811388300841898,686.8,803.9674744664737
Replace + Select,18,1.0,0.0,13.771002897074876,11.735268692108622,0.025990213604531975,0.04028741395809144,0.05171541013550627,0.0798928745880406,0.0004333993352737883,0.000701250525026937,2.1666338258863944,0.3744761489362193,3.9863137138648344e-11,0.0,7.401486830834377e-18,0.0,5.36365203270134,1.3084203946931647,,,3.0,1.5811388300841898,686.8,803.9674744664737
Replace + Select,19,1.0,0.0,13.788304160665211,11.729976538918274,0.02298883501756051,0.036131313476512855,0.046423301339139245,0.07332287159733832,0.0003896737640824482,0.0006430240221749093,2.2174970874913558,0.30054768669344983,3.9863137138648344e-11,0.0,7.401486830834377e-18,0.0,5.363465898874049,1.3086555658555339,,,3.0,1.5811388300841898,686.8,803.9674744664737
Replace + Select,20,1.0,0.0,13.779810649997367,11.727597938699237,0.020026317048800424,0.03089475577964352,0.04021742412998877,0.06185858776291855,0.0003374318258887449,0.0005429857250581369,2.1855300969736158,0.33246497454142854,3.9863137138648344e-11,0.0,7.401486830834377e-18,0.0,5.362900705645172,1.3085008599037389,,,3.0,1.5811388300841898,686.8,803.9674744664737
Replace + Select,21,1.0,0.0,13.795536090370405,11.747703887301675,0.01912162506557218,0.030088061543424676,0.0382501218946849,0.060029792832119434,0.0003210903259708446,0.0005265692410152673,2.2334637413888525,0.3515537393127295,3.9863137138648344e-11,0.0,7.401486830834377e-18,0.0,5.365317257661426,1.3091180732994574,,,3.0,1.5811388300841898,686.8,803.9674744664737
Replace + Select,22,1.0,0.0,13.80967962741111,11.755372493041744,0.017830846160793522,0.028514579885534873,0.035151507477257496,0.056183930476018155,0.0002957500330224322,0.000492423509596424,2.1918867818654966,0.37986912847311444,3.9863137138648344e-11,0.0,7.401486830834377e-18,0.0,5.365931296776422,1.3096464465817441,,,3.0,1.5811388300841898,686.8,803.9674744664737
Replace + Select,23,1.0,0.0,13.826233460613523,11.764519548924522,0.015877113175160648,0.02545827650006945,0.03141294924328753,0.05037873393900628,0.00026399281134417544,0.00044154203135527407,2.2051551972183185,0.4026405225870257,3.9863137138648344e-11,0.0,7.401486830834377e-18,0.0,5.369283290375,1.3099527163664175,,,3.0,1.5811388300841898,686.8,803.9674744664737
Replace + Select,24,1.0,0.0,13.822882730767617,11.752467012497249,0.014491032577034787,0.023052501438467987,0.028917504196106957,0.04596669318240778,0.000243467433768412,0.0004029037898278474,2.1544106772600236,0.34402102935019735,3.9863137138648344e-11,0.0,7.401486830834377e-18,0.0,5.368599425457441,1.3089643651715719,,,3.0,1.5811388300841898,686.8,803.9674744664737
Replace + Select,25,1.0,0.0,13.841835303405281,11.757714409276208,0.01316681785541691,0.020970775126361717,0.02616311270687029,0.04170944694742294,0.0002208223111630035,0.0003654813416753826,2.171408867525294,0.3602611929753394,3.9863137138648344e-11,0.0,7.401486830834377e-18,0.0,5.369309459901498,1.3098591696615283,,,3.0,1.5811388300841898,686.8,803.9674744664737
Replace + Select,26,1.0,0.0,13.84150693420088,11.756216593403373,0.01186351240142276,0.018562764219082387,0.02349224624304942,0.03643742491685737,0.00019775585989969453,0.0003196716481501266,2.18305332300843,0.30176944804418265,3.9863137138648344e-11,0.0,7.401486830834377e-18,0.0,5.369066403418237,1.3095509602227382,,,3.0,1.5811388300841898,686.8,803.9674744664737
Replace + Select,27,1.0,0.0,13.848810145057996,11.756713732956445,0.011601582140065358,0.018601478723489242,0.023045949415714848,0.03692864426690981,0.00019449932436154847,0.00032353245819864127,2.200495622463481,0.35337458101060637,3.9863137138648344e-11,0.0,7.401486830834377e-18,0.0,5.369505802538049,1.3095550407104235,,,3.0,1.5811388300841898,686.8,803.9674744664737
Replace + Select,28,1.0,0.0,13.859688296377465,11.76062713122847,0.010850426226208899,0.01766219655099402,0.021567109280547305,0.0349860034771207,0.00018177715739451514,0.0003064359284878707,2.1906470332405235,0.3060255947671235,3.9863137138648344e-11,0.0,7.401486830834377e-18,0.0,5.37182904262334,1.3091027237224928,,,3.0,1.5811388300841898,686.8,803.9674744664737
Replace + Select,29,1.0,0.0,13.879621200995953,11.75548674232062,0.010922159676931241,0.01817815931915273,0.02196705820051835,0.03662864115968566,0.00018546312641883766,0.00032049739762729545,2.2035024747453504,0.30847968986663493,3.9863137138648344e-11,0.0,7.401486830834377e-18,0.0,5.374573937580761,1.3089397734570827,,,3.0,1.5811388300841898,686.8,803.9674744664737
Replace + Select,30,1.0,0.0,13.882655451865839,11.738902593608579,0.009791499166380047,0.016037568332886068,0.019793743768363837,0.03257043797715164,0.0001669851571553522,0.00028511643890153905,2.2118207735954996,0.2867761811724746,3.9863137138648344e-11,0.0,7.401486830834377e-18,0.0,5.374614452660078,1.3075733400788576,,,3.0,1.5811388300841898,686.8,803.9674744664737
Replace + Select,31,1.0,0.0,13.881229885800703,11.740792287416324,0.009248731121466881,0.015069948551846015,0.018736689993661803,0.030780619653973763,0.00015809393899387828,0.00026945772405659725,2.223422104592811,0.362194887554921,3.9863137138648344e-11,0.0,7.401486830834377e-18,0.0,5.374312701494942,1.308088890509605,,,3.0,1.5811388300841898,686.8,803.9674744664737
Replace + Select,32,1.0,0.0,13.885167211702177,11.74242160789117,0.008602165333309635,0.013958556577570854,0.01698920005024798,0.027413964359042274,0.00014271819039408256,0.00024021703090914298,2.211590825976777,0.32363503682656775,3.9863137138648344e-11,0.0,7.401486830834377e-18,0.0,5.374898821232712,1.3080238070321835,,,3.0,1.5811388300841898,686.8,803.9674744664737
Replace + Select,33,1.0,0.0,13.883905478046287,11.746895136071293,0.008017321546238042,0.012711602355174934,0.015899946965199994,0.02518830879858446,0.00013360299907172002,0.00022084913628942063,2.1608328304919433,0.3174139439673436,3.9863137138648344e-11,0.0,7.401486830834377e-18,0.0,5.3743920297608,1.3083619490864182,,,3.0,1.5811388300841898,686.8,803.9674744664737
Replace + Select,34,1.0,0.0,13.885095231985943,11.74156962528735,0.007574279546672749,0.011891813380462659,0.015044711154526741,0.023647273744847076,0.0001262511362864615,0.00020739989131952146,2.2314791505098865,0.4001329398031752,3.9863137138648344e-11,0.0,7.401486830834377e-18,0.0,5.374477320106902,1.3080835579132508,,,3.0,1.5811388300841898,686.8,803.9674744664737
Replace + Select,35,1.0,0.0,13.909223462266464,11.749673062451969,0.007161505849418706,0.011387231884519676,0.01458389981029303,0.02338662492958181,0.00012249415121037737,0.00020498010139712546,2.191098662490041,0.3741506722961387,3.9863137138648344e-11,0.0,7.401486830834377e-18,0.0,5.376876705979539,1.3089994110379675,,,3.0,1.5811388300841898,686.8,803.9674744664737
Replace + Select,36,1.0,0.0,13.911822873853325,11.75770593417881,0.006735310600240687,0.010665626153437616,0.013716568588770583,0.021976256963678126,0.00011517256654697977,0.00019264045011428883,2.2343420688966256,0.33044645698780784,3.9863137138648344e-11,0.0,7.401486830834377e-18,0.0,5.377001100779483,1.3088794258990497,,,3.0,1.5811388300841898,686.8,803.9674744664737
Replace + Select,37,1.0,0.0,13.92409381793064,11.76211697695893,0.006265364635962276,0.009834111424243931,0.012537213602622716,0.01972890053234718,0.00010516576384935097,0.00017305236186110617,2.199921183836732,0.3874128897656644,3.9863137138648344e-11,0.0,7.401486830834377e-18,0.0,5.3781817678978925,1.3093828806019019,,,3.0,1.5811388300841898,686.8,803.9674744664737
Replace + Select,38,1.0,0.0,13.91929963925933,11.763143420070856,0.00581338359528119,0.009009493783294294,0.01178130618362721,0.018333702191809204,9.862176237673659e-05,0.00016089168629638585,2.2112274461060357,0.29032551971886594,3.9863137138648344e-11,0.0,7.401486830834377e-18,0.0,5.376651273096156,1.3099848121117554,,,3.0,1.5811388300841898,686.8,803.9674744664737
Replace + Select,39,1.0,0.0,13.932748263144854,11.767236735927263,0.005549660691245087,0.008628198925504184,0.011003648172737756,0.017041925969418836,9.224191824957304e-05,0.000149558823769261,2.1579614069534925,0.3527370021482958,3.9863137138648344e-11,0.0,7.401486830834377e-18,0.0,5.377420001938466,1.3103300068022403,,,3.0,1.5811388300841898,686.8,803.9674744664737
Replace + Select,40,1.0,0.0,13.9398183881297,11.7742118429595,0.005603097640173473,0.008815203346905675,0.011040081430323147,0.017206715076997465,9.275353250611529e-05,0.00015095943409188596,2.206305815691234,0.3773034858126772,3.9863137138648344e-11,0.0,7.401486830834377e-18,0.0,5.377712093904398,1.3103144540743856,,,3.0,1.5811388300841898,686.8,803.9674744664737
Replace + Select,41,1.0,0.0,13.944123083579328,11.779300108173098,0.005487964344102103,0.00871499438734764,0.010944532766950656,0.017350988934719862,9.202953861295579e-05,0.00015213565968495162,2.209313162390167,0.3424188573009911,3.9863137138648344e-11,0.0,7.401486830834377e-18,0.0,5.377582637571495,1.310797201789477,,,3.0,1.5811388300841898,686.8,803.9674744664737
Replace + Select,42,1.0,0.0,13.947360533155953,11.782405527748244,0.005383831418185533,0.008499901255119055,0.010718019003868791,0.016929022809123763,9.016537906466924e-05,0.0001484459349344597,2.1995263273625048,0.27643439573123724,3.9863137138648344e-11,0.0,7.401486830834377e-18,0.0,5.378901243435715,1.310692542061577,,,3.0,1.5811388300841898,686.8,803.9674744664737
Replace + Select,43,1.0,0.0,13.960270754015259,11.800055270890235,0.005355980328527613,0.00854367430048431,0.010589251904347919,0.016890620741783283,8.887544308354073e-05,0.00014809474033473702,2.2276190066010257,0.36457640905933175,3.9863137138648344e-11,0.0,7.401486830834377e-18,0.0,5.379583312244182,1.3122752987459727,,,3.0,1.5811388300841898,686.8,803.9674744664737
Replace + Select,44,1.0,0.0,13.966411434169917,11.80744853872937,0.005008490739622447,0.007963321528430427,0.010001078376571375,0.015895987108905663,8.381736372616903e-05,0.00013940571634935768,2.225817721935647,0.406551422616185,3.9863137138648344e-11,0.0,7.401486830834377e-18,0.0,5.380428249455671,1.3127698624677497,,,3.0,1.5811388300841898,686.8,803.9674744664737
Replace + Select,45,1.0,0.0,13.971145398882404,11.803592852035047,0.005129938899917288,0.008377820487010615,0.010194152279749437,0.016570916126740363,8.573772334218629e-05,0.00014517297998159267,2.20051788953817,0.347729050458825,3.9863137138648344e-11,0.0,7.401486830834377e-18,0.0,5.380697706691832,1.3125346232321986,,,3.0,1.5811388300841898,686.8,803.9674744664737
Replace + Select,46,1.0,0.0,13.974728871228058,11.817949108966003,0.0050795877217089305,0.008326940913702906,0.010206301853541915,0.016710837434346388,8.598810499463682e-05,0.00014633699741142098,2.2009192267427844,0.3755772439427228,3.9863137138648344e-11,0.0,7.401486830834377e-18,0.0,5.381829002757675,1.31311330437136,,,3.0,1.5811388300841898,686.8,803.9674744664737
Replace + Select,47,1.0,0.0,13.981867783156085,11.830055708000295,0.005292640269611689,0.008950993415046052,0.010601780266009667,0.017978858468236405,8.928600630052877e-05,0.00015730742229438658,2.2272159137133114,0.3820475657867093,3.9863137138648344e-11,0.0,7.401486830834377e-18,0.0,5.3836713725864085,1.3134145077326267,,,3.0,1.5811388300841898,686.8,803.9674744664737
Replace + Select,48,1.0,0.0,13.983738078147445,11.837615850613478,0.005226133125378932,0.008888955744464461,0.010408293039266046,0.017675961488759398,8.772044920828912e-05,0.0001546319726448027,2.231730930897958,0.4166608726483478,3.9863137138648344e-11,0.0,7.401486830834377e-18,0.0,5.38491534787366,1.3134833199703502,,,3.0,1.5811388300841898,686.8,803.9674744664737
Replace + Select,49,1.0,0.0,13.993705349646339,11.83555057514611,0.004892549252732869,0.008318903468731039,0.0097702848134591,0.016587866561587287,8.2272594059864e-05,0.00014512972958080443,2.1788437348368497,0.3403173957701621,3.9863137138648344e-11,0.0,7.401486830834377e-18,0.0,5.385899479894731,1.313459131086441,,,3.0,1.5811388300841898,686.8,803.9674744664737
Replace + Select,50,1.0,0.0,14.002914481244304,11.838304379845779,0.004917861356675915,0.008323317246236537,0.009735332994538881,0.01641868264403573,8.183153726912677e-05,0.00014370006603397025,2.191698789446921,0.3915787271030621,3.9863137138648344e-11,0.0,7.401486830834377e-18,0.0,5.3870832462044,1.3133424052175229,,,3.0,1.5811388300841898,686.8,803.9674744664737
Replace + Select,51,1.0,0.0,14.00904886445539,11.835690287963443,0.004561545954681688,0.007706147448260182,0.009048367018230192,0.015230974037895778,7.601291154346606e-05,0.00013332192826719054,2.195006572771619,0.3206673861583687,3.9863137138648344e-11,0.0,7.401486830834377e-18,0.0,5.387443565176634,1.3129623797603924,,,3.0,1.5811388300841898,686.8,803.9674744664737
Replace + Select,52,1.0,0.0,14.016630333340952,11.841890522058254,0.004444626270385088,0.007493984153083223,0.009090606045753256,0.015412780913769599,7.658484600601474e-05,0.00013484863042021722,2.2082782830031573,0.321534779738189,3.9863137138648344e-11,0.0,7.401486830834377e-18,0.0,5.3876391461552355,1.3134130973010452,,,3.0,1.5811388300841898,686.8,803.9674744664737
Replace + Select,53,1.0,0.0,14.02162979269318,11.841105437827991,0.00447123021971679,0.007584751619358292,0.008840821651986805,0.014960311308874761,7.464416027738407e-05,0.00013086681435551484,2.1943510135514948,0.3864207340575545,3.9863137138648344e-11,0.0,7.401486830834377e-18,0.0,5.386898536771298,1.3136816428896252,,,3.0,1.5811388300841898,686.8,803.9674744664737
Replace + Select,54,1.0,0.0,14.031175225451667,11.845396930847885,0.004696981695533889,0.008115260028266699,0.00938707900708374,0.016238486381938914,7.934091515883142e-05,0.00014195008669659357,2.189888833632925,0.33117907984308176,3.9863137138648344e-11,0.0,7.401486830834377e-18,0.0,5.387234740316423,1.314105665870197,,,3.0,1.5811388300841898,686.8,803.9674744664737
Replace + Select,55,1.0,0.0,14.045146060667497,11.852403629634255,0.004861438923654324,0.008539858630648916,0.009690143312601988,0.01699665873701163,8.202056497326178e-05,0.00014849942516266475,2.2148460908687593,0.3182926562657597,3.9863137138648344e-11,0.0,7.401486830834377e-18,0.0,5.387175783789343,1.3150257039557993,,,3.0,1.5811388300841898,686.8,803.9674744664737
Replace + Select,56,1.0,0.0,14.058790154914519,11.859468299638381,0.004586427735513534,0.008054315932369072,0.009137268458424212,0.016021898670389473,7.723656083912493e-05,0.00014001685731586164,2.257148801261172,0.376322721724378,3.9863137138648344e-11,0.0,7.401486830834377e-18,0.0,5.387857900066773,1.3159207643004234,,,3.0,1.5811388300841898,686.8,803.9674744664737
Replace + Select,57,1.0,0.0,14.075828166753993,11.868437321160712,0.0048276920479800155,0.00869534371398303,0.009563144027146739,0.017216920116027056,8.109281695274978e-05,0.00015031156386551854,2.216336365678994,0.3656937088114741,3.9863137138648344e-11,0.0,7.401486830834377e-18,0.0,5.389031639764182,1.3164747575637792,,,3.0,1.5811388300841898,686.8,803.9674744664737
Replace + Select,58,1.0,0.0,14.081164062762838,11.870120597700609,0.004768395574415292,0.008656248671458413,0.009320396779691528,0.016818555134789817,7.914765348358611e-05,0.00014678740112859993,2.1472328784669252,0.24151942024495882,3.9863137138648344e-11,0.0,7.401486830834377e-18,0.0,5.389275357436743,1.3167947419377346,,,3.0,1.5811388300841898,686.8,803.9674744664737
Replace + Select,59,1.0,0.0,14.090967002454509,11.872470832702293,0.004886227480223234,0.008948529821302285,0.009898049800933707,0.018164924649021693,8.423865702492389e-05,0.00015843565932463881,2.174110772372731,0.3429816922477707,3.9863137138648344e-11,0.0,7.401486830834377e-18,0.0,5.38906455346906,1.317364190709992,,,3.0,1.5811388300841898,686.8,803.9674744664737
Replace + Select,60,1.0,0.0,14.08875135121436,11.879323695443633,0.005037826887394264,0.009265132324597171,0.010217821208206383,0.018865780172581566,8.681413211239778e-05,0.00016458279185422981,2.192157642396179,0.3375866117956556,3.9863137138648344e-11,0.0,7.401486830834377e-18,0.0,5.389217618084608,1.3171916091209575,,,3.0,1.5811388300841898,686.8,803.9674744664737
Replace + Select,61,1.0,0.0,14.093312460521801,11.878934159762224,0.004657854784790761,0.008441274409563585,0.00950314564454453,0.01729236843839109,8.053174427248034e-05,0.00015095627452405152,2.215257732334365,0.30115785264235606,3.9863137138648344e-11,0.0,7.401486830834377e-18,0.0,5.389949318992686,1.316737403626118,,,3.0,1.5811388300841898,686.8,803.9674744664737
Replace + Select,62,1.0,0.0,14.105889851009405,11.87214571858396,0.004553124446956562,0.008222846936476638,0.009150704708818512,0.016565129562388117,7.759272630963331e-05,0.00014460728137685714,2.180551542451438,0.26551115876026643,3.9863137138648344e-11,0.0,7.401486830834377e-18,0.0,5.391550295522943,1.3166253257748395,,,3.0,1.5811388300841898,686.8,803.9674744664737
Replace + Select,63,1.0,0.0,14.107543909011715,11.875664833719052,0.004389042036513979,0.007875234290512489,0.008702666917002475,0.015541669572938953,7.378420098628984e-05,0.00013570778342335925,2.175567044777265,0.41511835475180536,3.9863137138648344e-11,0.0,7.401486830834377e-18,0.0,5.391870727763443,1.3167340749278003,,,3.0,1.5811388300841898,686.8,803.9674744664737
Replace + Select,64,1.0,0.0,14.113521387308367,11.879321411446888,0.004401070570777732,0.007991743488568084,0.008942018805340415,0.01629158713431503,7.590012788973093e-05,0.00014217796168237564,2.2095651159887852,0.34785232982677766,3.9863137138648344e-11,0.0,7.401486830834377e-18,0.0,5.391904967330659,1.3171437660263368,,,3.0,1.5811388300841898,686.8,803.9674744664737
Replace + Select,65,1.0,0.0,14.115635852564898,11.889474578945105,0.004217176505623496,0.007583075273610835,0.008395053056730861,0.015090723122342333,7.107762176879876e-05,0.0001317818421958773,2.2388319625715742,0.4015295017239005,3.9863137138648344e-11,0.0,7.401486830834377e-18,0.0,5.391635916507151,1.317844881168365,,,3.0,1.5811388300841898,686.8,803.9674744664737
Replace + Select,66,1.0,0.0,14.123909267243505,11.893144246306043,0.0042368715980382055,0.007676306301863221,0.00847448126394828,0.015320032607301444,7.172040122353414e-05,0.00013378049974133768,2.2202891824567943,0.3042384957743248,3.9863137138648344e-11,0.0,7.401486830834377e-18,0.0,5.39161951117074,1.3183332618895989,,,3.0,1.5811388300841898,686.8,803.9674744664737
Replace + Select,67,1.0,0.0,14.133913488305046,11.898323853217091,0.00423285042203943,0.007626685008079443,0.00855275920689353,0.015408967927506208,7.2300765925084e-05,0.00013458709621614524,2.2444199653791204,0.35034235194829383,3.9863137138648344e-11,0.0,7.401486830834377e-18,0.0,5.392619416244195,1.318576411444751,,,3.0,1.5811388300841898,686.8,803.9674744664737
Replace + Select,68,1.0,0.0,14.143945634585364,11.908091249045386,0.004110311274039834,0.007391804555721434,0.008150194958513171,0.014672510034356425,6.887855505737485e-05,0.00012816595498049094,2.201328413327942,0.30811629539764296,3.9863137138648344e-11,0.0,7.401486830834377e-18,0.0,5.393114316842045,1.3190119362648538,,,3.0,1.5811388300841898,686.8,803.9674744664737
Replace + Select,69,1.0,0.0,14.152247467335858,11.91159493468946,0.003674993770030735,0.006422278968625376,0.0074199704546207,0.01299734999683211,6.256193144245332e-05,0.00011362487451674555,2.229133751480112,0.3436757875711429,3.9863137138648344e-11,0.0,7.401486830834377e-18,0.0,5.394027934159501,1.3189787324288422,,,3.0,1.5811388300841898,686.8,803.9674744664737
Replace + Select,70,1.0,0.0,14.16334944827762,11.91406211050318,0.0033939034481094916,0.005843617159652054,0.006714370233698143,0.011526551878744698,5.6408899596642614e-05,0.00010085781407529284,2.2132003592561453,0.3154479852695653,3.9863137138648344e-11,0.0,7.401486830834377e-18,0.0,5.395488932605876,1.3191609911407647,,,3.0,1.5811388300841898,686.8,803.9674744664737
Replace + Select,71,1.0,0.0,14.167553221779292,11.91095428532504,0.0033313308095565563,0.005757231310023875,0.006587169155784558,0.011370872028741662,5.5448536442558236e-05,9.945823832214183e-05,2.229716369895173,0.37423601341542584,3.9863137138648344e-11,0.0,7.401486830834377e-18,0.0,5.39566840348234,1.3191260667939522,,,3.0,1.5811388300841898,686.8,803.9674744664737
Replace + Select,72,1.0,0.0,14.178209664002281,11.916992578215217,0.003152366543773441,0.005394219919877193,0.0063037509532174645,0.010803451982630816,5.28929489795781e-05,9.455057189925437e-05,2.1909413379597793,0.30626571409305553,3.9863137138648344e-11,0.0,7.401486830834377e-18,0.0,5.396353498164627,1.3195562636489313,,,3.0,1.5811388300841898,686.8,803.9674744664737
Replace + Select,73,1.0,0.0,14.184827516737528,11.926336337866145,0.0030643454245549593,0.005226189006504882,0.006124736428865916,0.010423779056009606,5.146955106117957e-05,9.122375839050323e-05,2.1640382164097836,0.30451723723152707,3.9863137138648344e-11,0.0,7.401486830834377e-18,0.0,5.397334055498994,1.3198501804539515,,,3.0,1.5811388300841898,686.8,803.9674744664737
Replace + Select,74,1.0,0.0,14.197232098335926,11.933261676964975,0.0031433274082577505,0.005423267005001251,0.006212920816841701,0.010717111343148773,5.2219379737640756e-05,9.376285529278661e-05,2.1808446440081353,0.24991086557716966,3.9863137138648344e-11,0.0,7.401486830834377e-18,0.0,5.398790003402317,1.320115596137926,,,3.0,1.5811388300841898,686.8,803.9674744664737
Replace + Select,75,1.0,0.0,14.20831782501298,11.949524643154428,0.003070959695507069,0.0053769671819061836,0.006186837739612319,0.010837381218790255,5.208048462526913e-05,9.477152602307985e-05,2.221355375857898,0.3643856693180604,3.9863137138648344e-11,0.0,7.401486830834377e-18,0.0,5.39854637043401,1.3217986033074798,,,3.0,1.5811388300841898,686.8,803.9674744664737
Replace + Select,76,1.0,0.0,14.21851359149969,11.954085579202234,0.003128035416336282,0.005520476369502545,0.006325534840641528,0.01116735499075606,5.3296878490112855e-05,9.762798959228684e-05,2.238155263674665,0.3473126440102698,3.9863137138648344e-11,0.0,7.401486830834377e-18,0.0,5.3994218028288214,1.3222428474072727,,,3.0,1.5811388300841898,686.8,803.9674744664737
Replace + Select,77,1.0,0.0,14.223055030399781,11.955572285775213,0.0030190178397969734,0.005299386789493861,0.006003170073925194,0.01053754987112421,5.05398469733605e-05,9.214478221079179e-05,2.21266717926079,0.35137436956320267,3.9863137138648344e-11,0.0,7.401486830834377e-18,0.0,5.399993280069622,1.3222347314200829,,,3.0,1.5811388300841898,686.8,803.9674744664737
Replace + Select,78,1.0,0.0,14.229299413430763,11.957782576557738,0.0029683084966893114,0.005179418242985188,0.005932935498381268,0.010348478201633851,4.9868217449677104e-05,9.052320126265204e-05,2.240801849958491,0.2778001133342585,3.9863137138648344e-11,0.0,7.401486830834377e-18,0.0,5.4002669191708135,1.3226314125262328,,,3.0,1.5811388300841898,686.8,803.9674744664737
Replace + Select,79,1.0,0.0,14.235578124280547,11.969247861061554,0.0029017273991520033,0.005026634766249566,0.0057821218802353415,0.010019411990226459,4.852976479110512e-05,8.767328480404786e-05,2.225878856326832,0.359572127361016,3.9863137138648344e-11,0.0,7.401486830834377e-18,0.0,5.401303337303776,1.323075169939572,,,3.0,1.5811388300841898,686.8,803.9674744664737
Replace + Select,80,1.0,0.0,14.243690589752205,11.974766251729784,0.002925389698980836,0.0050952365255447565,0.005866668904648336,0.01021292727316873,4.922366279467369e-05,8.935923986831573e-05,2.2282083157040073,0.3366152172349046,3.9863137138648344e-11,0.0,7.401486830834377e-18,0.0,5.401669976922838,1.323573121744907,,,3.0,1.5811388300841898,686.8,803.9674744664737
Replace + Select,81,1.0,0.0,14.257203247378072,11.976797990007158,0.0028697056759750287,0.0049855956148705145,0.00576635418571149,0.01005923678545973,4.838138689968921e-05,8.801203994363044e-05,2.182142694867924,0.3974511666007978,3.9863137138648344e-11,0.0,7.401486830834377e-18,0.0,5.403038845486153,1.3238043172769676,,,3.0,1.5811388300841898,686.8,803.9674744664737
Replace + Select,82,1.0,0.0,14.264579602584353,11.982673833877346,0.0029054197579402503,0.005076594298706551,0.005806172134964855,0.010169869836587169,4.876188438443236e-05,8.89562001372218e-05,2.239497347166771,0.36464926640564915,3.9863137138648344e-11,0.0,7.401486830834377e-18,0.0,5.403443572413127,1.3242508997466529,,,3.0,1.5811388300841898,686.8,803.9674744664737
Replace + Select,83,1.0,0.0,14.278261300276949,11.979519176142514,0.002869613627090611,0.004978602715360898,0.0057315971652776845,0.009953719895942435,4.809601405315925e-05,8.707988639996699e-05,2.226760604635953,0.3454651831738088,3.9863137138648344e-11,0.0,7.401486830834377e-18,0.0,5.404232963138349,1.324409111319596,,,3.0,1.5811388300841898,686.8,803.9674744664737
Replace + Select,84,1.0,0.0,14.287840485129252,11.989527599639949,0.0027237241006641847,0.004658894511047146,0.005442567629545341,0.009320934658765047,4.5583383110254946e-05,8.157900142780308e-05,2.1950540177637192,0.29838695755616645,3.9863137138648344e-11,0.0,7.401486830834377e-18,0.0,5.405165821019915,1.3250205368260697,,,3.0,1.5811388300841898,686.8,803.9674744664737
Replace + Select,85,1.0,0.0,14.303661242132529,11.991243980770145,0.002631599562354059,0.00448628091121138,0.00529578122077579,0.009020599926507156,4.426539254499234e-05,7.89778307731494e-05,2.2245470864807286,0.3114769976795558,3.9863137138648344e-11,0.0,7.401486830834377e-18,0.0,5.407053330369843,1.3251545534506644,,,3.0,1.5811388300841898,686.8,803.9674744664737
Replace + Select,86,1.0,0.0,14.304412271195352,12.000534388830397,0.002640722138036531,0.004543629076013857,0.005271547041211502,0.009072978807824506,4.410371246822588e-05,7.942212925239034e-05,2.186069669774619,0.331427168389288,3.9863137138648344e-11,0.0,7.401486830834377e-18,0.0,5.40614167280366,1.3257379569998953,,,3.0,1.5811388300841898,686.8,803.9674744664737
Replace + Select,87,1.0,0.0,14.313803714392957,12.001107893764923,0.00247373122028189,0.0041610510616196545,0.004989154493606566,0.008401093803685145,4.168549337594568e-05,7.357912578636198e-05,2.1914229679921697,0.34374910811417725,3.9863137138648344e-11,0.0,7.401486830834377e-18,0.0,5.407087062582135,1.3259660389826537,,,3.0,1.5811388300841898,686.8,803.9674744664737
Replace + Select,88,1.0,0.0,14.324398583971032,12.011811455904704,0.0025092971123158135,0.004259397484472021,0.0050384642207455975,0.00857992631989255,4.215911714968179e-05,7.511941380166635e-05,2.166294514867179,0.3362293698363169,3.9863137138648344e-11,0.0,7.401486830834377e-18,0.0,5.407252587845735,1.3271015505580261,,,3.0,1.5811388300841898,686.8,803.9674744664737
Replace + Select,89,1.0,0.0,14.335045082451142,12.017277104820534,0.0025993048933012726,0.004468855309743107,0.005234068186505326,0.00905252764694607,4.3937175059630044e-05,7.920897100002655e-05,2.221975165329763,0.35536753169174534,3.9863137138648344e-11,0.0,7.401486830834377e-18,0.0,5.408000182573632,1.3272555823517798,,,3.0,1.5811388300841898,686.8,803.9674744664737
Replace + Select,90,1.0,0.0,14.342305931908133,12.028981675725928,0.0025636562011171152,0.004443597532334859,0.005113278930102361,0.00887592370420381,4.298747104499576e-05,7.764424743522435e-05,2.198838254556814,0.35032291456537745,3.9863137138648344e-11,0.0,7.401486830834377e-18,0.0,5.407277394068248,1.3283795529816969,,,3.0,1.5811388300841898,686.8,803.9674744664737
Replace + Select,91,1.0,0.0,14.348638748226588,12.033800334460754,0.00259098700215201,0.004535030491610421,0.005239627070678562,0.00919067400833954,4.40848408231235e-05,8.037731133384601e-05,2.2670610733320813,0.3122370034836193,3.9863137138648344e-11,0.0,7.401486830834377e-18,0.0,5.407797798671366,1.3288403157952915,,,3.0,1.5811388300841898,686.8,803.9674744664737
Replace + Select,92,1.0,0.0,14.35259089557078,12.038333360376484,0.0025591163386446624,0.00446125061272217,0.005018436309916666,0.008693242426426577,4.2166388960037534e-05,7.605957018632586e-05,2.2804870523900207,0.3217385373125623,3.9863137138648344e-11,0.0,7.401486830834377e-18,0.0,5.407899454294199,1.328931871376161,,,3.0,1.5811388300841898,686.8,803.9674744664737
Replace + Select,93,1.0,0.0,14.365366589187664,12.0430023914014,0.0026827666711906235,0.004718956408670836,0.005291235301942556,0.009294404074843396,4.4541468581887904e-05,8.127905615294641e-05,2.221991189006647,0.3830679258861634,3.9863137138648344e-11,0.0,7.401486830834377e-18,0.0,5.40925326500267,1.3295144494164264,,,3.0,1.5811388300841898,686.8,803.9674744664737
Replace + Select,94,1.0,0.0,14.370276733864472,12.04753848371239,0.002584407103767114,0.004543179393191434,0.005217810154865712,0.009187262069881831,4.392556461109262e-05,8.033357320806241e-05,2.2160322614539134,0.30828946118308875,3.9863137138648344e-11,0.0,7.401486830834377e-18,0.0,5.409334658880816,1.3297034139898418,,,3.0,1.5811388300841898,686.8,803.9674744664737
Replace + Select,95,1.0,0.0,14.3846438962829,12.050903631080523,0.002688305204292111,0.004768804023205773,0.005419995767135713,0.009642971078549499,4.5650511427809456e-05,8.429195626476514e-05,2.2225883014540972,0.3325753330325228,3.9863137138648344e-11,0.0,7.401486830834377e-18,0.0,5.410964414935871,1.3300222787954035,,,3.0,1.5811388300841898,686.8,803.9674744664737
Replace + Select,96,1.0,0.0,14.389722868012274,12.054338243949475,0.002657009647174161,0.004688461228444426,0.00529442486287531,0.009349561462549961,4.456070600381544e-05,8.174521695235724e-05,2.2621521984800013,0.3400425723652707,3.9863137138648344e-11,0.0,7.401486830834377e-18,0.0,5.411038474045178,1.3301499479731445,,,3.0,1.5811388300841898,686.8,803.9674744664737
Replace + Select,97,1.0,0.0,14.398153083129538,12.065612130133863,0.002562217264645891,0.004486416751118914,0.005105878164272217,0.00893141519429472,4.291420607204788e-05,7.811767946204722e-05,2.256945455148558,0.3717604573550809,3.9863137138648344e-11,0.0,7.401486830834377e-18,0.0,5.412558993121343,1.330827046618099,,,3.0,1.5811388300841898,686.8,803.9674744664737
Replace + Select,98,1.0,0.0,14.406529470975201,12.069728864007669,0.002431945923988115,0.004218086381357595,0.004814289492640565,0.008370303364786707,4.038523155538124e-05,7.323936276521329e-05,2.2681704322861593,0.4091669580152507,3.9863137138648344e-11,0.0,7.401486830834377e-18,0.0,5.413338798122991,1.3308276597054227,,,3.0,1.5811388300841898,686.8,803.9674744664737
Replace + Select,99,1.0,0.0,14.413059715785476,12.073691063245448,0.002200538360923782,0.0037532032795238907,0.0043599141964679655,0.007403953534455306,3.65320304654491e-05,6.482576690614078e-05,2.185611580477972,0.3414276051933433,3.9863137138648344e-11,0.0,7.401486830834377e-18,0.0,5.413795811104784,1.3311034983798735,,,3.0,1.5811388300841898,686.8,803.9674744664737
Replace + Select,100,1.0,0.0,14.420982669061441,12.072256541924444,0.002074672782461695,0.0035123888873891296,0.0041201868203366195,0.006974187946026799,3.4525724887459275e-05,6.106692503516384e-05,2.189988879394213,0.36450710778490797,3.9863137138648344e-11,0.0,7.401486830834377e-18,0.0,5.414632870858432,1.3310864023136006,,,3.0,1.5811388300841898,686.8,803.9674744664737
Replace + Select,101,1.0,0.0,14.429858710067354,12.079282353854758,0.002028313533589129,0.003381725509657773,0.004098766933548907,0.006813405529822907,3.4214187608403166e-05,5.970675960314375e-05,2.2295763715516896,0.2966015196206208,3.9863137138648344e-11,0.0,7.401486830834377e-18,0.0,5.415508262429677,1.3313420364194035,,,3.0,1.5811388300841898,686.8,803.9674744664737
Replace + Select,102,1.0,0.0,14.441180511973604,12.082829176752107,0.0019321814595428682,0.0031557961725720346,0.003836703904140693,0.006250708212235221,3.1995614273078754e-05,5.4799331577059695e-05,2.2140299072903917,0.2886635946611022,3.9863137138648344e-11,0.0,7.401486830834377e-18,0.0,5.416160978332698,1.331458887980035,,,3.0,1.5811388300841898,686.8,803.9674744664737
Replace + Select,103,1.0,0.0,14.446955571536051,12.088795516783268,0.001830260904461905,0.0029041019232742926,0.003674675181392586,0.005825853349372707,3.044331166530284e-05,5.11291684175998e-05,2.219860791600482,0.35136710615991257,3.9863137138648344e-11,0.0,7.401486830834377e-18,0.0,5.415899362910879,1.3318751457068136,,,3.0,1.5811388300841898,686.8,803.9674744664737
Replace + Select,104,1.0,0.0,14.452822241233909,12.091036561775537,0.0016792226631892984,0.0026152525717872475,0.0033578194879196775,0.005249509427092626,2.781483369547655e-05,4.609288534516376e-05,2.1784269011752797,0.3105281873825747,3.9863137138648344e-11,0.0,7.401486830834377e-18,0.0,5.417126060722138,1.3317202358988318,,,3.0,1.5811388300841898,686.8,803.9674744664737
Replace + Select,105,1.0,0.0,14.458236431549087,12.089709842925677,0.001609808627565387,0.0025043600293379264,0.0031986687542058757,0.00497038536386013,2.644336906555799e-05,4.364964635737552e-05,2.2211640997016597,0.3641011801589892,3.9863137138648344e-11,0.0,7.401486830834377e-18,0.0,5.417836430554085,1.331290448482228,,,3.0,1.5811388300841898,686.8,803.9674744664737
Replace + Select,106,1.0,0.0,14.465669463829727,12.094072104259276,0.0015350918097082735,0.002337807244683861,0.003066750419837252,0.004657649004024482,2.5315563611398682e-05,4.092933221320421e-05,2.202799896729303,0.32144454250782123,3.9863137138648344e-11,0.0,7.401486830834377e-18,0.0,5.418020995634636,1.3314543253621225,,,3.0,1.5811388300841898,686.8,803.9674744664737
Replace + Select,107,1.0,0.0,14.470602574363307,12.102386475783328,0.0015707377298352534,0.002431546215155322,0.0031276046860275485,0.004844911225447794,2.5835678219785758e-05,4.255354779898236e-05,2.213676050439534,0.42842600663174285,3.9863137138648344e-11,0.0,7.401486830834377e-18,0.0,5.418207897898847,1.3319709667247228,,,3.0,1.5811388300841898,686.8,803.9674744664737
Replace + Select,108,1.0,0.0,14.475681789524852,12.104466354634718,0.0017175086126172579,0.0028001940875417098,0.003510861790782545,0.005759212007756139,2.916262089281709e-05,5.051092058468461e-05,2.250896814967111,0.42433240759375823,3.9863137138648344e-11,0.0,7.401486830834377e-18,0.0,5.418549942040206,1.331888170544575,,,3.0,1.5811388300841898,686.8,803.9674744664737
Replace + Select,109,1.0,0.0,14.482122074230194,12.10789559237574,0.0017315532731240226,0.0028587013179410614,0.0033910194648759683,0.0055557224939182795,2.8203777137885613e-05,4.872506686817295e-05,2.239795950294809,0.2350222623510444,3.9863137138648344e-11,0.0,7.401486830834377e-18,0.0,5.418749852930828,1.3321512291648525,,,3.0,1.5811388300841898,686.8,803.9674744664737
Replace + Select,110,1.0,0.0,14.49251095266482,12.118195428196385,0.0017522868290914162,0.0029291024913604053,0.003512563949939393,0.0059111042769231775,2.9339077559446148e-05,5.1789849056231296e-05,2.2620662208456883,0.3912034336425046,3.9863137138648344e-11,0.0,7.401486830834377e-18,0.0,5.419654628645434,1.332967006192993,,,3.0,1.5811388300841898,686.8,803.9674744664737
Replace + Select,111,1.0,0.0,14.504724799830925,12.134174474219446,0.0017503950709679792,0.002954767692341551,0.0034874472776001463,0.005886212222036745,2.9160209362193118e-05,5.1560384926220124e-05,2.283730590612921,0.3749303380399394,3.9863137138648344e-11,0.0,7.401486830834377e-18,0.0,5.42035022606583,1.3343298698129444,,,3.0,1.5811388300841898,686.8,803.9674744664737
Replace + Select,112,1.0,0.0,14.512776482265147,12.142648967567876,0.001672918704470756,0.002772100490444588,0.003364990925607862,0.00555689731114887,2.8069370278952995e-05,4.8711216745113334e-05,2.273908079866788,0.36076315080266125,3.9863137138648344e-11,0.0,7.401486830834377e-18,0.0,5.4209049165629075,1.3348987352466208,,,3.0,1.5811388300841898,686.8,803.9674744664737
Replace + Select,113,1.0,0.0,14.520724726402921,12.14682038472727,0.0016282561746977734,0.002669193965571834,0.003265035706623943,0.0053505663183479445,2.718716476990978e-05,4.691550801338258e-05,2.1952964394033265,0.3715615224781425,3.9863137138648344e-11,0.0,7.401486830834377e-18,0.0,5.421946284527178,1.3348768111862857,,,3.0,1.5811388300841898,686.8,803.9674744664737
Replace + Select,114,1.0,0.0,14.527489021820042,12.14634901248164,0.0016273180447718982,0.002668097718572896,0.003242527079355943,0.005305357191307339,2.697733720555008e-05,4.652095140812303e-05,2.2130293773579974,0.3012550006606839,3.9863137138648344e-11,0.0,7.401486830834377e-18,0.0,5.421775032273241,1.3351784449572885,,,3.0,1.5811388300841898,686.8,803.9674744664737
Replace + Select,115,1.0,0.0,14.534073903485648,12.151415287392568,0.0015339649875775816,0.0024887503067296665,0.00306394224646354,0.004987093455756073,2.5549690887479577e-05,4.372967127575898e-05,2.2308008997747883,0.3351195330872829,3.9863137138648344e-11,0.0,7.401486830834377e-18,0.0,5.4222006587937885,1.3357260340884125,,,3.0,1.5811388300841898,686.8,803.9674744664737
Replace + Select,116,1.0,0.0,14.543374813972367,12.156588912424471,0.0015269948213960465,0.0025051175329889575,0.0030693221063629616,0.005041021826297107,2.562459875983101e-05,4.418675802828746e-05,2.257520395926705,0.35330741695917384,3.9863137138648344e-11,0.0,7.401486830834377e-18,0.0,5.423558045823651,1.3357858411490606,,,3.0,1.5811388300841898,686.8,803.9674744664737
Replace + Select,117,1.0,0.0,14.551735840945799,12.159249340947904,0.0016181419091484434,0.002696226098006362,0.003185476744469933,0.0052509663471068104,2.6571855400588632e-05,4.602336588391443e-05,2.248977277832718,0.3313962921563,3.9863137138648344e-11,0.0,7.401486830834377e-18,0.0,5.4240784311079135,1.3361863858892618,,,3.0,1.5811388300841898,686.8,803.9674744664737
Replace + Select,118,1.0,0.0,14.55961059570465,12.16469641504725,0.0015580852140360771,0.0025863762499723593,0.0030688552288912927,0.005065085604861572,2.5634647336929224e-05,4.438506302553605e-05,2.2206414168675663,0.37740030960798554,3.9863137138648344e-11,0.0,7.401486830834377e-18,0.0,5.424928014523532,1.3365718658727095,,,3.0,1.5811388300841898,686.8,803.9674744664737
Replace + Select,119,1.0,0.0,14.567474949204675,12.171782078427025,0.00148895756269161,0.0024565075512925235,0.0029851582563410655,0.004932680535833828,2.4950695526639663e-05,4.3224032804917425e-05,2.2130837870528692,0.3394252130336072,3.9863137138648344e-11,0.0,7.401486830834377e-18,0.0,5.425863408170919,1.336898597079358,,,3.0,1.5811388300841898,686.8,803.9674744664737
Replace + Select,120,1.0,0.0,14.571535280583603,12.176181215805133,0.0014702962081784927,0.0024373572811864836,0.0029496838917479826,0.004889155754082996,2.4688325016825436e-05,4.283779083222938e-05,2.204710373212794,0.35323291766617804,3.9863137138648344e-11,0.0,7.401486830834377e-18,0.0,5.425508077059364,1.3373611833032468,,,3.0,1.5811388300841898,686.8,803.9674744664737
Replace + Select,121,1.0,0.0,14.582124803938095,12.181490723704893,0.0013740675280977874,0.0022186383717060546,0.0027579205440973137,0.004459464127302019,2.3039872520010138e-05,3.910312957808301e-05,2.1667296169620394,0.3253168618315864,3.9863137138648344e-11,0.0,7.401486830834377e-18,0.0,5.4271496068428435,1.337500386033134,,,3.0,1.5811388300841898,686.8,803.9674744664737
Replace + Select,122,1.0,0.0,14.59249803930374,12.183152449657726,0.0013657277782365607,0.002194454701379336,0.0027342453722754506,0.004405653635540931,2.2863233032639265e-05,3.8630942513449165e-05,2.2215109394296455,0.35136045040919456,3.9863137138648344e-11,0.0,7.401486830834377e-18,0.0,5.428444437209775,1.337718973718796,,,3.0,1.5811388300841898,686.8,803.9674744664737
Replace + Select,123,1.0,0.0,14.60008873715378,12.187609449548853,0.001373595281502599,0.0022076490114161028,0.0027475072004082214,0.004419536504415761,2.296259977068785e-05,3.875275558480377e-05,2.25021685937286,0.37182614191192154,3.9863137138648344e-11,0.0,7.401486830834377e-18,0.0,5.428859668681867,1.3381321634940144,,,3.0,1.5811388300841898,686.8,803.9674744664737
Replace + Select,124,1.0,0.0,14.60975107781518,12.190850840294576,0.0013627838420104984,0.0021640431561088668,0.0027687429362320787,0.004426644649580881,2.3128606785265425e-05,3.881965820427392e-05,2.262938587946634,0.37540974504055946,3.9863137138648344e-11,0.0,7.401486830834377e-18,0.0,5.429509614869501,1.3384808028275712,,,3.0,1.5811388300841898,686.8,803.9674744664737
Replace + Select,125,1.0,0.0,14.619142565083592,12.195533284279636,0.0013084958579574514,0.002046013826892295,0.0026266963299953917,0.004120911367436679,2.1901615797876185e-05,3.6158088644864034e-05,2.223363867456035,0.3175607447512864,3.9863137138648344e-11,0.0,7.401486830834377e-18,0.0,5.430541414879174,1.3387920640288369,,,3.0,1.5811388300841898,686.8,803.9674744664737
Replace + Select,126,1.0,0.0,14.629758302826833,12.197769428827398,0.0013321581026719208,0.002144162686298736,0.0026301293950078885,0.004212530759564806,2.1963343997936845e-05,3.6942093606484136e-05,2.251950984066128,0.37035373072810296,3.9863137138648344e-11,0.0,7.401486830834377e-18,0.0,5.43129487130024,1.3391166920560384,,,3.0,1.5811388300841898,686.8,803.9674744664737
Replace + Select,127,1.0,0.0,14.639705276628266,12.201650947798866,0.001350715311016264,0.002186137159331637,0.002696188774063272,0.004357878855262846,2.2528408841806633e-05,3.820459134176958e-05,2.2513095492956547,0.36824923129370624,3.9863137138648344e-11,0.0,7.401486830834377e-18,0.0,5.43206361404844,1.3392967488409495,,,3.0,1.5811388300841898,686.8,803.9674744664737
Replace + Select,128,1.0,0.0,14.648410532187327,12.205995360756736,0.001371143615106443,0.0022279381426850734,0.0027871631051448746,0.004551611631195228,2.333533272405953e-05,3.988533758787623e-05,2.224339910590772,0.32692609891957086,3.9863137138648344e-11,0.0,7.401486830834377e-18,0.0,5.432925263465987,1.3396853129534652,,,3.0,1.5811388300841898,686.8,803.9674744664737
Replace + Select,129,1.0,0.0,14.656657164459977,12.211392878886558,0.0013183562453407903,0.0020902225728694876,0.0026538595989520526,0.004207783895812179,2.220366261618175e-05,3.690845477456773e-05,2.213749497571277,0.3185740398678663,3.9863137138648344e-11,0.0,7.401486830834377e-18,0.0,5.434141145625638,1.3398660618042892,,,3.0,1.5811388300841898,686.8,803.9674744664737
Replace + Select,130,1.0,0.0,14.663930971692768,12.215963607633439,0.001321890520788713,0.0021532642205185173,0.00261695875777858,0.004233749313583807,2.1970238360549897e-05,3.7103393281652545e-05,2.18934883374144,0.3527439431234033,3.9863137138648344e-11,0.0,7.401486830834377e-18,0.0,5.434984127340225,1.3400798913423457,,,3.0,1.5811388300841898,686.8,803.9674744664737
Replace + Select,131,1.0,0.0,14.67264045804894,12.22108554953403,0.0012709438134177338,0.002023910673022784,0.002522046020042255,0.003994133472463142,2.1099973728968126e-05,3.5031942485486245e-05,2.2709884638326785,0.37082814412609855,3.9863137138648344e-11,0.0,7.401486830834377e-18,0.0,5.435400081220754,1.3405040558690595,,,3.0,1.5811388300841898,686.8,803.9674744664737
Replace + Select,132,1.0,0.0,14.685103771596747,12.226170029772005,0.0012858752157692238,0.002051053888783978,0.0026072280767812555,0.004199768390457466,2.1834286583165196e-05,3.681908075207696e-05,2.1951315300003578,0.32797404837152117,3.9863137138648344e-11,0.0,7.401486830834377e-18,0.0,5.436922046738275,1.3405827210988694,,,3.0,1.5811388300841898,686.8,803.9674744664737
Replace + Select,133,1.0,0.0,14.688757849482958,12.232267757877844,0.0013365747822927823,0.002174286187815269,0.0026997182054766793,0.004418279530139602,2.2669779803499195e-05,3.8708463469020096e-05,2.196937542340828,0.31401548271790547,3.9863137138648344e-11,0.0,7.401486830834377e-18,0.0,5.43671049419156,1.3410423852073514,,,3.0,1.5811388300841898,686.8,803.9674744664737
Replace + Select,134,1.0,0.0,14.69821348263072,12.243369908073113,0.001162793145767194,0.0018078090070445787,0.0023662543914617696,0.0036914691497359846,1.9759935141385448e-05,3.239953664086433e-05,2.301221091047442,0.37180784607827755,3.9863137138648344e-11,0.0,7.401486830834377e-18,0.0,5.437937459554472,1.3416079134727634,,,3.0,1.5811388300841898,686.8,803.9674744664737
Replace + Select,135,1.0,0.0,14.706926103293878,12.252444183368347,0.0012241747681265313,0.0019405421761013338,0.002443925675528217,0.0038759789978128167,2.046891988888627e-05,3.399446065701427e-05,2.1828604657209634,0.3780512419317205,3.9863137138648344e-11,0.0,7.401486830834377e-18,0.0,5.4389214912544475,1.3420667682896104,,,3.0,1.5811388300841898,686.8,803.9674744664737
Replace + Select,136,1.0,0.0,14.720556563709735,12.262375426355991,0.0012008583995916221,0.001891082199768232,0.0024192316357780296,0.003798133866149247,2.0247753644731434e-05,3.332291398375304e-05,2.2389559027585064,0.33589771633599375,3.9863137138648344e-11,0.0,7.401486830834377e-18,0.0,5.439934981630005,1.3428525800397577,,,3.0,1.5811388300841898,686.8,803.9674744664737
Replace + Select,137,1.0,0.0,14.731986030702412,12.266104608712931,0.001141686277948319,0.001748714770352809,0.0022892176246647766,0.003526348400341123,1.917444082784183e-05,3.095651261010322e-05,2.2778681054827445,0.397449417888347,3.9863137138648344e-11,0.0,7.401486830834377e-18,0.0,5.441177479758326,1.3431200072726217,,,3.0,1.5811388300841898,686.8,803.9674744664737
Replace + Select,138,1.0,0.0,14.74221303805616,12.273946156568517,0.0009680611758289481,0.001380040033959356,0.0019008836995554443,0.0026883726059072047,1.584648960560094e-05,2.3683817720086227e-05,2.25256090413892,0.41057319018193783,3.9863137138648344e-11,0.0,7.401486830834377e-18,0.0,5.44183897527771,1.3439432134542195,,,3.0,1.5811388300841898,686.8,803.9674744664737
Replace + Select,139,1.0,0.0,14.754732977956916,12.280577514641934,0.0009647103645450475,0.001402850012579772,0.0019339578853018336,0.0028229764556192355,1.6171793414066226e-05,2.4837259700018963e-05,2.2622681431742895,0.378132655271286,3.9863137138648344e-11,0.0,7.401486830834377e-18,0.0,5.442919215791208,1.3444674567227175,,,3.0,1.5811388300841898,686.8,803.9674744664737
Replace + Select,140,1.0,0.0,14.76425093763542,12.285769728343473,0.0009370405298536475,0.001338849257270283,0.0018523345207824484,0.0026301328944798503,1.545966123559002e-05,2.3164838210997875e-05,2.2124398605592512,0.338813045575916,3.9863137138648344e-11,0.0,7.401486830834377e-18,0.0,5.443932521488441,1.3446752288820303,,,3.0,1.5811388300841898,686.8,803.9674744664737
Replace + Select,141,1.0,0.0,14.77388709599534,12.289952445702944,0.0009066063490990458,0.0012789748288240916,0.0017951179126392599,0.002515460629655302,1.4955989772572358e-05,2.2167828459712653e-05,2.2139839326576842,0.3413699216664983,3.9863137138648344e-11,0.0,7.401486830834377e-18,0.0,5.444919965430837,1.3448334606797385,,,3.0,1.5811388300841898,686.8,803.9674744664737
Replace + Select,142,1.0,0.0,14.788234239433521,12.295761873040142,0.0008403419344003365,0.0011400284980599502,0.0016854377017099184,0.002283045926936916,1.3968043123697343e-05,2.0145493217088618e-05,2.2298274043160995,0.36286899496140246,3.9863137138648344e-11,0.0,7.401486830834377e-18,0.0,5.446615199211104,1.3450122631526749,,,3.0,1.5811388300841898,686.8,803.9674744664737
Replace + Select,143,1.0,0.0,14.797627687604598,12.29998683129759,0.0008525344691850461,0.0011827631851125892,0.0017083134846711892,0.0023775231923571314,1.4194463831102277e-05,2.09570409812721e-05,2.230063169513813,0.3560790736350027,3.9863137138648344e-11,0.0,7.401486830834377e-18,0.0,5.4477316834012,1.345363122629715,,,3.0,1.5811388300841898,686.8,803.9674744664737
Replace + Select,144,1.0,0.0,14.807231632648586,12.30551923461968,0.0008362564250219643,0.0011437435068319594,0.0016810490290075572,0.0023121848332115103,1.3989971591510196e-05,2.0394577869704333e-05,2.2097135379540243,0.35468190094571855,3.9863137138648344e-11,0.0,7.401486830834377e-18,0.0,5.448525310734787,1.3459982457690143,,,3.0,1.5811388300841898,686.8,803.9674744664737
Replace + Select,145,1.0,0.0,14.816277123587321,12.31173540499774,0.0008090226598579055,0.0010938784046845757,0.001611713723069852,0.0021637088183456663,1.3374541201598549e-05,1.9102103996682405e-05,2.1952135429814184,0.3159696643297597,3.9863137138648344e-11,0.0,7.401486830834377e-18,0.0,5.4493486920329905,1.3466177839172409,,,3.0,1.5811388300841898,686.8,803.9674744664737
Replace + Select,146,1.0,0.0,14.827136654448045,12.317390492816244,0.0008161396959445519,0.001108267145130323,0.0016402043334986897,0.0022310149846433143,1.3673584981122502e-05,1.9690573573516925e-05,2.2230605778488615,0.3114640243318639,3.9863137138648344e-11,0.0,7.401486830834377e-18,0.0,5.450762536024461,1.3468314668132593,,,3.0,1.5811388300841898,686.8,803.9674744664737
Replace + Select,147,1.0,0.0,14.837039978651053,12.322838690221054,0.0008553161991978305,0.001164391533071003,0.001682572062574128,0.0022688517432874465,1.4010371973841328e-05,2.0030263445312663e-05,2.3168408524926436,0.392032720603039,3.9863137138648344e-11,0.0,7.401486830834377e-18,0.0,5.451288758174288,1.3474039360135805,,,3.0,1.5811388300841898,686.8,803.9674744664737
Replace + Select,148,1.0,0.0,14.847093627530873,12.325009915726152,0.0008438881365476437,0.0011406288726732898,0.0017032355333751793,0.002319997634595824,1.4275497687655957e-05,2.048331871468135e-05,2.1918640910642875,0.3755442238938447,3.9863137138648344e-11,0.0,7.401486830834377e-18,0.0,5.452650177902443,1.3475214640168647,,,3.0,1.5811388300841898,686.8,803.9674744664737
Replace + Select,149,1.0,0.0,14.8571100498359,12.33212938104676,0.000853780795609318,0.0011576244792586533,0.0017285433844461712,0.002362539900288554,1.4475138517772281e-05,2.0852597260392547e-05,2.1811062858209724,0.3061244363080437,3.9863137138648344e-11,0.0,7.401486830834377e-18,0.0,5.45330643331504,1.3482313515220687,,,3.0,1.5811388300841898,686.8,803.9674744664737
Replace + Select,150,1.0,0.0,14.863933944110835,12.335642242401061,0.0008742888041169041,0.001183197598898099,0.0017412822028142073,0.0023455092319544534,1.4609883467278655e-05,2.0725424063066362e-05,2.2179210892325307,0.3203893872787306,3.9863137138648344e-11,0.0,7.401486830834377e-18,0.0,5.4535439800652785,1.3486189803620845,,,3.0,1.5811388300841898,686.8,803.9674744664737
Replace + Select,151,1.0,0.0,14.872325688032376,12.339044399477903,0.0008537900422623534,0.0011523893856375384,0.0017054186010510674,0.0023138323007119046,1.4296772561854066e-05,2.04353235135527e-05,2.240724403571812,0.327819184846741,3.9863137138648344e-11,0.0,7.401486830834377e-18,0.0,5.454204826307749,1.3489615781578606,,,3.0,1.5811388300841898,686.8,803.9674744664737
Replace + Select,152,1.0,0.0,14.88057337369801,12.345118361146879,0.0008210937778584497,0.0010857792365583719,0.001644895284165036,0.002171148608942513,1.3732072979340717e-05,1.9201028453944785e-05,2.2665384013467262,0.2930793134621837,3.9863137138648344e-11,0.0,7.401486830834377e-18,0.0,5.454823171553704,1.3492265534488488,,,3.0,1.5811388300841898,686.8,803.9674744664737
Replace + Select,153,1.0,0.0,14.89086082711862,12.35292099326361,0.0008074885211854218,0.0010853624864466621,0.001597213874610897,0.0021409858171734476,1.3291976470206006e-05,1.8909706549066302e-05,2.252359112751713,0.4031295164623971,3.9863137138648344e-11,0.0,7.401486830834377e-18,0.0,5.455911252156075,1.3498709046433615,,,3.0,1.5811388300841898,686.8,803.9674744664737
Replace + Select,154,1.0,0.0,14.901155946997596,12.357442157654154,0.0008358833227182892,0.0011425956475772227,0.0016808367325233658,0.002295817469941165,1.4022081973285e-05,2.025694742526315e-05,2.2536441908896028,0.4078975409220899,3.9863137138648344e-11,0.0,7.401486830834377e-18,0.0,5.456735120593641,1.3504126356139643,,,3.0,1.5811388300841898,686.8,803.9674744664737
Replace + Select,155,1.0,0.0,14.908498272108863,12.363025174388886,0.0008881671773099577,0.001255011534872251,0.0017779347809063865,0.002512932350982332,1.48768978523371e-05,2.2138355819210542e-05,2.2153756944868506,0.28916341811655716,3.9863137138648344e-11,0.0,7.401486830834377e-18,0.0,5.457215397972178,1.3508045693684638,,,3.0,1.5811388300841898,686.8,803.9674744664737
Replace + Select,156,1.0,0.0,14.916292687867315,12.368159281754487,0.0008802566740724131,0.0012417152015312554,0.001723421777815571,0.0024137501073214357,1.4421385481701951e-05,2.1275039938242955e-05,2.2613582012090285,0.32004631039675296,3.9863137138648344e-11,0.0,7.401486830834377e-18,0.0,5.458347977759567,1.3510162396893954,,,3.0,1.5811388300841898,686.8,803.9674744664737
Replace + Select,157,1.0,0.0,14.927501704027673,12.371780625212118,0.0008386070199101024,0.0011404506601253755,0.0016784122137784873,0.0022710261441682505,1.4012857802407018e-05,2.0048161791302732e-05,2.2607185189364367,0.36786099182084536,3.9863137138648344e-11,0.0,7.401486830834377e-18,0.0,5.460172196129553,1.3509740523645863,,,3.0,1.5811388300841898,686.8,803.9674744664737
Replace + Select,158,1.0,0.0,14.940397254339894,12.377480321239355,0.0007964387400930572,0.0010502997477392683,0.0015783187815327751,0.0020710652508197404,1.315632978425961e-05,1.8316517409109212e-05,2.2461683311185876,0.37732942068813413,3.9863137138648344e-11,0.0,7.401486830834377e-18,0.0,5.461639358500028,1.3512437490473446,,,3.0,1.5811388300841898,686.8,803.9674744664737
Replace + Select,159,1.0,0.0,14.952225873002863,12.385537461597934,0.0008137528004018455,0.0011099325688370325,0.0016189589697958528,0.00220651011392851,1.3554954436208484e-05,1.9478685064511282e-05,2.1916330024735933,0.3897210521736884,3.9863137138648344e-11,0.0,7.401486830834377e-18,0.0,5.462660405600378,1.3518930374485374,,,3.0,1.5811388300841898,686.8,803.9674744664737
Replace + Select,160,1.0,0.0,14.961496986361215,12.393303703146659,0.0008540857937175883,0.0012181230681333156,0.0017462166939299743,0.002519150615765511,1.4651894772067694e-05,2.217034908478942e-05,2.236669134611098,0.3278309418828369,3.9863137138648344e-11,0.0,7.401486830834377e-18,0.0,5.4632404805531944,1.3524331486415377,,,3.0,1.5811388300841898,686.8,803.9674744664737
Replace + Select,161,1.0,0.0,14.970938066901407,12.398961213667237,0.0008986052025385334,0.001307746693924578,0.0017829574393980487,0.0025823218685004173,1.498279654171278e-05,2.2721577232149752e-05,2.215926419642816,0.3782097091169776,3.9863137138648344e-11,0.0,7.401486830834377e-18,0.0,5.463962285449901,1.3527486368560202,,,3.0,1.5811388300841898,686.8,803.9674744664737
Replace + Select,162,1.0,0.0,14.977613223662441,12.400982950074974,0.000919107002051185,0.0013558120028800181,0.0018413652871239392,0.002726726021846102,1.5506555791814526e-05,2.3967439565115873e-05,2.2567670281973577,0.2921404649835105,3.9863137138648344e-11,0.0,7.401486830834377e-18,0.0,5.46439383049199,1.352897300472402,,,3.0,1.5811388300841898,686.8,803.9674744664737
Replace + Select,163,1.0,0.0,14.985938054647912,12.407592323669675,0.0009495864804323526,0.001406741882116609,0.001915523748697083,0.0028563782740244443,1.6147312871540924e-05,2.5098321615196822e-05,2.2298997693611335,0.3219982412588852,3.9863137138648344e-11,0.0,7.401486830834377e-18,0.0,5.465159542620503,1.3534529134225453,,,3.0,1.5811388300841898,686.8,803.9674744664737
Replace + Select,164,1.0,0.0,14.994286901738741,12.412002673596922,0.0009169180811189239,0.0013281629093717978,0.0017968482237371518,0.002574502653046367,1.512748947047171e-05,2.2667250440400113e-05,2.197995706019226,0.30399209689289,3.9863137138648344e-11,0.0,7.401486830834377e-18,0.0,5.465973734280593,1.3535710766039497,,,3.0,1.5811388300841898,686.8,803.9674744664737
Replace + Select,165,1.0,0.0,15.002723560129406,12.417436746122313,0.0009092980388127924,0.0012900825857088969,0.00184826822597439,0.0026593372015561367,1.5566580887407057e-05,2.340928630549459e-05,2.2424215546143174,0.35636814945682344,3.9863137138648344e-11,0.0,7.401486830834377e-18,0.0,5.466847433807454,1.3540851154282365,,,3.0,1.5811388300841898,686.8,803.9674744664737
Replace + Select,166,1.0,0.0,15.013236296946488,12.423527977826733,0.0009025643098606315,0.001285186715331176,0.0018454270653334693,0.0026562917083394724,1.553521632648251e-05,2.338227302487379e-05,2.224364475744778,0.37742818281951696,3.9863137138648344e-11,0.0,7.401486830834377e-18,0.0,5.467948982046673,1.3544704362218776,,,3.0,1.5811388300841898,686.8,803.9674744664737
Replace + Select,167,1.0,0.0,15.022925081254797,12.428186061991045,0.000914808157773888,0.001291270844888621,0.001888151716831894,0.0027109715272713784,1.582730635793668e-05,2.3862006922265474e-05,2.284446462470532,0.3740940076457358,3.9863137138648344e-11,0.0,7.401486830834377e-18,0.0,5.468886874270922,1.354879793631843,,,3.0,1.5811388300841898,686.8,803.9674744664737
Replace + Select,168,1.0,0.0,15.034346007299678,12.438173154239434,0.0009164673043788145,0.0012731770939944304,0.0018164455124085137,0.0025145115439218347,1.5208501376779624e-05,2.2171640149625523e-05,2.251959825413106,0.3292775979342682,3.9863137138648344e-11,0.0,7.401486830834377e-18,0.0,5.469978919927096,1.3554888725087741,,,3.0,1.5811388300841898,686.8,803.9674744664737
Replace + Select,169,1.0,0.0,15.042023970798107,12.44333187072138,0.0008952780019549876,0.0012456883745625602,0.001798333661599407,0.00251384037617197,1.505073525290164e-05,2.215609100724166e-05,2.278165528175668,0.37714017995413873,3.9863137138648344e-11,0.0,7.401486830834377e-18,0.0,5.470459010404236,1.355770114431193,,,3.0,1.5811388300841898,686.8,803.9674744664737
Replace + Select,170,1.0,0.0,15.049185621766583,12.444758430879283,0.0008905868189912406,0.0012295860640681095,0.0017906454617534421,0.002479883922790206,1.4988842893786135e-05,2.1868504704073322e-05,2.2160076357993543,0.3383324233210461,3.9863137138648344e-11,0.0,7.401486830834377e-18,0.0,5.471128368704887,1.3558214731300355,,,3.0,1.5811388300841898,686.8,803.9674744664737
Replace + Select,171,1.0,0.0,15.059341448458392,12.449116820695114,0.0008632399924274478,0.001167899334712475,0.001713104646912179,0.002302647131994658,1.4291060536288716e-05,2.0333760302793356e-05,2.2420800315068297,0.3496902003687913,3.9863137138648344e-11,0.0,7.401486830834377e-18,0.0,5.471815054114812,1.3562236534690497,,,3.0,1.5811388300841898,686.8,803.9674744664737
Replace + Select,172,1.0,0.0,15.070767619870804,12.451968524002252,0.0008202749548463445,0.001079886304243187,0.0016432461527328944,0.0021594854784627855,1.3676020362864263e-05,1.9089736355338215e-05,2.261756100097929,0.39516908718599975,3.9863137138648344e-11,0.0,7.401486830834377e-18,0.0,5.473420922792316,1.3563097022520278,,,3.0,1.5811388300841898,686.8,803.9674744664737
Replace + Select,173,1.0,0.0,15.082310098658144,12.459725561363765,0.0008393852815399236,0.001117408138659381,0.0016910337966929898,0.0022610975758623132,1.4061268940290073e-05,1.9965512896425224e-05,2.248371632235411,0.304226059000597,3.9863137138648344e-11,0.0,7.401486830834377e-18,0.0,5.474527071866407,1.3567452210625235,,,3.0,1.5811388300841898,686.8,803.9674744664737
Replace + Select,174,1.0,0.0,15.091941105699442,12.463519186155107,0.0008444300735521581,0.0011152669124917904,0.001691190048600791,0.0022413918257706594,1.404161014422036e-05,1.9795310950603207e-05,2.2134605609985014,0.36307108700088986,3.9863137138648344e-11,0.0,7.401486830834377e-18,0.0,5.475571891428747,1.3570977682245609,,,3.0,1.5811388300841898,686.8,803.9674744664737
Replace + Select,175,1.0,0.0,15.098984381510721,12.470428920519103,0.0008035666417188283,0.0010432140891897341,0.0015784792297958837,0.002033866157667821,1.3078780850238418e-05,1.7984359022119318e-05,2.2690777895836787,0.435234839182748,3.9863137138648344e-11,0.0,7.401486830834377e-18,0.0,5.476324987521297,1.3573058605143942,,,3.0,1.5811388300841898,686.8,803.9674744664737
Replace + Select,176,1.0,0.0,15.107375839619314,12.474691517725567,0.0007840233129283777,0.0009972408570583368,0.0015480408013183666,0.0019521674297626136,1.2812421205163533e-05,1.7281267629898653e-05,2.2473516247174126,0.33334150678245966,3.9863137138648344e-11,0.0,7.401486830834377e-18,0.0,5.476938471461931,1.3575112895268366,,,3.0,1.5811388300841898,686.8,803.9674744664737
Replace + Select,177,1.0,0.0,15.114934432488363,12.478488058557303,0.0007979106186567157,0.001009907300210247,0.0016138459431421482,0.0020539571952054724,1.3399789105371219e-05,1.8183256387103017e-05,2.2270851304890256,0.31698238873197404,3.9863137138648344e-11,0.0,7.401486830834377e-18,0.0,5.477891352377983,1.3575574663567291,,,3.0,1.5811388300841898,686.8,803.9674744664737
Replace + Select,178,1.0,0.0,15.124586486566605,12.486762396815122,0.0007975185807820994,0.001029622093555184,0.0016076463677053552,0.0020898199652701044,1.3358273163820392e-05,1.8481080980704833e-05,2.3076988278696176,0.4081656815472044,3.9863137138648344e-11,0.0,7.401486830834377e-18,0.0,5.478267170982836,1.358362166383217,,,3.0,1.5811388300841898,686.8,803.9674744664737
Replace + Select,179,1.0,0.0,15.136889713773012,12.490997939136047,0.000779846145254308,0.00100077850647429,0.0015768276098973404,0.0020465756809515028,1.3119757308647039e-05,1.810570256016659e-05,2.2667371217784344,0.34841111165823524,3.9863137138648344e-11,0.0,7.401486830834377e-18,0.0,5.479162677119342,1.3587369696711518,,,3.0,1.5811388300841898,686.8,803.9674744664737
Replace + Select,180,1.0,0.0,15.148032531933183,12.497206159175272,0.0007848840464002025,0.000999287549610708,0.0015744043432565796,0.002009483858967526,1.3060254940522284e-05,1.778469223227833e-05,2.290968154262652,0.3993480325953513,3.9863137138648344e-11,0.0,7.401486830834377e-18,0.0,5.480256658198225,1.3593254403453516,,,3.0,1.5811388300841898,686.8,803.9674744664737
Replace + Select,181,1.0,0.0,15.159370818654079,12.505816892132241,0.0007984374401045219,0.0010268890269850006,0.0016007012120648207,0.0020663840086275784,1.329888175375103e-05,1.8280339037748113e-05,2.2543047410983243,0.34636529141511135,3.9863137138648344e-11,0.0,7.401486830834377e-18,0.0,5.48153250052692,1.3597978144732437,,,3.0,1.5811388300841898,686.8,803.9674744664737
Replace + Select,182,1.0,0.0,15.167908024464756,12.509929924234392,0.0007646256687924345,0.0009603060318688335,0.0015452503480525136,0.001942387606429438,1.2823634945236326e-05,1.72092397209712e-05,2.2527429474297564,0.3852502931013347,3.9863137138648344e-11,0.0,7.401486830834377e-18,0.0,5.482253868388682,1.3601784347365806,,,3.0,1.5811388300841898,686.8,803.9674744664737
Replace + Select,183,1.0,0.0,15.178417867468491,12.516834395231172,0.0007405134280449807,0.0009295870316084329,0.0014830299905471721,0.0018644652426954877,1.2305330671770856e-05,1.6520129487514553e-05,2.1978001573597297,0.3441511814502734,3.9863137138648344e-11,0.0,7.401486830834377e-18,0.0,5.483432261804638,1.360749058568197,,,3.0,1.5811388300841898,686.8,803.9674744664737
Replace + Select,184,1.0,0.0,15.188639936011887,12.520782791446189,0.0007579574631772545,0.0009762259561569669,0.0014959110522307995,0.0018969754578234555,1.2409650618732483e-05,1.6797179938879083e-05,2.2764435453835867,0.37199911231818694,3.9863137138648344e-11,0.0,7.401486830834377e-18,0.0,5.48457072042982,1.3613067524506899,,,3.0,1.5811388300841898,686.8,803.9674744664737
Replace + Select,185,1.0,0.0,15.194991049420063,12.525565313022803,0.0007696163459447732,0.0009777584739383523,0.0015270950301318812,0.001949385692102063,1.2724964719827026e-05,1.726667599156177e-05,2.2726613681133636,0.38568762882280216,3.9863137138648344e-11,0.0,7.401486830834377e-18,0.0,5.485301823393771,1.3615269594041064,,,3.0,1.5811388300841898,686.8,803.9674744664737
Replace + Select,186,1.0,0.0,15.203733724167964,12.530822991041347,0.0007451501369199582,0.000922439213905385,0.0014805254853639059,0.0018199900721866274,1.2307417810332395e-05,1.615679532386053e-05,2.2004266508648938,0.33777563130838045,3.9863137138648344e-11,0.0,7.401486830834377e-18,0.0,5.486380825683472,1.3617962909811068,,,3.0,1.5811388300841898,686.8,803.9674744664737
Replace + Select,187,1.0,0.0,15.213504690353428,12.5341191814061,0.0007560394435367796,0.0009215428810364848,0.001516128054817699,0.0018371088766131712,1.2584014181658177e-05,1.631919363401501e-05,2.2267334972811406,0.3856936286915707,3.9863137138648344e-11,0.0,7.401486830834377e-18,0.0,5.487151115707306,1.362031760207551,,,3.0,1.5811388300841898,686.8,803.9674744664737
Replace + Select,188,1.0,0.0,15.224175962502224,12.542596260719552,0.0007256383424443499,0.0008334649614065293,0.0014731298152535805,0.0017156876975817001,1.226367603637104e-05,1.5311584002885598e-05,2.2873797757144323,0.3452368348024122,3.9863137138648344e-11,0.0,7.401486830834377e-18,0.0,5.488082311178839,1.3626257783951434,,,3.0,1.5811388300841898,686.8,803.9674744664737
Replace + Select,189,1.0,0.0,15.235618556275133,12.548011791557958,0.0007273529004649445,0.0008746359264783887,0.0014647354255791646,0.0017810425561092863,1.21839157440772e-05,1.5832012194047428e-05,2.246965121356827,0.35637756724887026,3.9863137138648344e-11,0.0,7.401486830834377e-18,0.0,5.48928297947156,1.3627712524891242,,,3.0,1.5811388300841898,686.8,803.9674744664737
Replace + Select,190,1.0,0.0,15.245963863762977,12.551780587656893,0.000764617016495736,0.0009428120756076572,0.0015284712001160533,0.0018869836839985042,1.277833009923517e-05,1.677413836397286e-05,2.2523940977061554,0.3166594898131805,3.9863137138648344e-11,0.0,7.401486830834377e-18,0.0,5.49088038943829,1.3629682198341473,,,3.0,1.5811388300841898,686.8,803.9674744664737
Replace + Select,191,1.0,0.0,15.256898953394032,12.556082410752152,0.0007738517005666561,0.0009659626395715102,0.001530334155168055,0.0019018389178257532,1.2746315010585826e-05,1.6882689903743633e-05,2.220563912410767,0.34749682884622324,3.9863137138648344e-11,0.0,7.401486830834377e-18,0.0,5.492034977778838,1.3631848686238897,,,3.0,1.5811388300841898,686.8,803.9674744664737
Replace + Select,192,1.0,0.0,15.267805205853424,12.560745281169227,0.0007688231344203596,0.0009517870464831335,0.0015374412437035017,0.0019093328345845353,1.2841903479006437e-05,1.6961716709325913e-05,2.3180322356961867,0.3992928594844345,3.9863137138648344e-11,0.0,7.401486830834377e-18,0.0,5.49320532902729,1.3635358000748607,,,3.0,1.5811388300841898,686.8,803.9674744664737
Replace + Select,193,1.0,0.0,15.279356166830345,12.56694039364452,0.0007498251117025622,0.0009052932176362758,0.0015082516647231072,0.0018296901622720553,1.2602769936355203e-05,1.6288823376301158e-05,2.2362562675671533,0.3410395477747152,3.9863137138648344e-11,0.0,7.401486830834377e-18,0.0,5.494666514552878,1.3639861734054992,,,3.0,1.5811388300841898,686.8,803.9674744664737
Replace + Select,194,1.0,0.0,15.288577989838064,12.571764124910796,0.0007531099967299604,0.0008708885901523745,0.0015194222887408531,0.0017686651256685379,1.2684015846097283e-05,1.5803465313777887e-05,2.2309293061054083,0.3566109997293251,3.9863137138648344e-11,0.0,7.401486830834377e-18,0.0,5.495608122497309,1.3642439405829334,,,3.0,1.5811388300841898,686.8,803.9674744664737
Replace + Select,195,1.0,0.0,15.300317338272086,12.576441513634784,0.0007207096069496221,0.0008428537204038559,0.001435564259304022,0.001672766584320853,1.195869548160056e-05,1.4936538102437741e-05,2.251229471368771,0.3962557710345086,3.9863137138648344e-11,0.0,7.401486830834377e-18,0.0,5.49701843037346,1.3643919605001458,,,3.0,1.5811388300841898,686.8,803.9674744664737
Replace + Select,196,1.0,0.0,15.31107412161559,12.583945526465374,0.000719983786417079,0.0008359128802373602,0.0014290374475737775,0.0016550493405960431,1.1940370752300069e-05,1.4801689084824953e-05,2.2563847666786083,0.37588672709984255,3.9863137138648344e-11,0.0,7.401486830834377e-18,0.0,5.4979245203414076,1.3648420611416827,,,3.0,1.5811388300841898,686.8,803.9674744664737
Replace + Select,197,1.0,0.0,15.321382184201614,12.59176675392857,0.0007292505761874461,0.0008595140473752894,0.0014696452159965157,0.0017357638742487751,1.231483863715909e-05,1.5505116264515493e-05,2.2930946767098987,0.43682277590041,3.9863137138648344e-11,0.0,7.401486830834377e-18,0.0,5.4987064176081155,1.3654761426293747,,,3.0,1.5811388300841898,686.8,803.9674744664737
Replace + Select,198,1.0,0.0,15.332012916421126,12.597614066966372,0.0007386062103293992,0.0008921855238732912,0.0014923781012323174,0.0018044101561429245,1.2542738670447923e-05,1.6093773835154484e-05,2.2688777005298517,0.3989198705334569,3.9863137138648344e-11,0.0,7.401486830834377e-18,0.0,5.499694318123952,1.3657349888530856,,,3.0,1.5811388300841898,686.8,803.9674744664737
Replace + Select,199,1.0,0.0,15.341606606441198,12.602502426530732,0.0006963446782049002,0.0008156200982964176,0.0014071017607478688,0.0016505752421847122,1.180122766412922e-05,1.4761058136663735e-05,2.2518100605770885,0.34834218865345196,3.9863137138648344e-11,0.0,7.401486830834377e-18,0.0,5.500660960719034,1.3660010823993338,,,3.0,1.5811388300841898,686.8,803.9674744664737
Replace + Select,200,1.0,0.0,15.350812210863888,12.610741066248366,0.0006778006667515859,0.0007830538354538056,0.0013325489785961527,0.0015072949026488074,1.115984847234173e-05,1.3530840418274111e-05,2.2746056143583275,0.3666444707919523,3.9863137138648344e-11,0.0,7.401486830834377e-18,0.0,5.501525928060294,1.3663929937652972,,,3.0,1.5811388300841898,686.8,803.9674744664737
