iteration,use_selection,setting,mean_error,variance,dispersion,dispersion_ratio,swd_to_truth,component_weight_entropy,smallest_component_weight,component_mean_distance,num_samples,run,seed
0,False,Replace,3.9000081373841526e-33,48.91111311893317,97.98365665591267,0.9952602102978209,0.07885494428076831,1.0,0.5,1.7999999999993865,,1,42
1,False,Replace,0.16679382782731783,49.542931908788105,100.55463834846026,1.0213747264051594,0.147878250211918,0.995347972545613,0.4598685140104734,1.8845875702025927,,1,42
2,False,Replace,1.6120490131189698,53.87438198092142,106.77521722334413,1.0845596987820554,0.3495816898080558,0.9771206528070862,0.4111891260312416,4.0187976819327105,,1,42
3,False,Replace,1.6083580664159582,53.19601624827543,106.65261296800799,1.0833143570473847,0.3897194700232747,0.9912985159985829,0.44513984437548815,3.4575007538080125,,1,42
4,False,Replace,1.6067826550857924,55.32063133892261,110.0028307442661,1.1173438938328026,0.3704219547818598,0.9713057313853037,0.40060901600686294,3.7033470369496517,,1,42
5,False,Replace,2.174777698964728,55.33379836903446,109.89521307303546,1.11625077698295,0.503856215220187,0.9988313704250025,0.47987770448041545,4.445679248708915,,1,42
6,False,Replace,1.9538305776596165,52.89993480132667,104.59626596711225,1.0624271966942678,0.39317416447122444,0.9814785257917481,0.420052911693695,4.0061397587764755,,1,42
7,False,Replace,0.7224031335601624,62.33603601793203,122.71259500836717,1.2464421851809817,0.46016027707128476,0.9506717675383004,0.3699995765343004,6.153288638846094,,1,42
8,False,Replace,1.0578547156849674,61.802178548421765,124.40953449236986,1.2636786958946211,0.5360799899983113,0.8554508850414049,0.28000005466235184,7.932555507798514,,1,42
9,False,Replace,1.184070268772632,62.76429971270881,125.85331759791165,1.278343793384216,0.5112590503144336,0.8931734582236607,0.30999999986641913,8.232378114606059,,1,42
10,False,Replace,1.3502915966855413,62.249709522008764,125.90401248262692,1.2788587221319758,0.5710295457475003,0.9043814577244939,0.32,9.406317848305417,,1,42
11,False,Replace,1.9440832422214587,55.74005366823486,110.73434613733193,1.1247741958728201,0.5419451859126936,0.94268318925549,0.3599999999999972,9.304817569080654,,1,42
12,False,Replace,3.435851225593637,51.309471772624846,101.11428132368411,1.027059249765713,0.5733878508725172,0.9709505944546688,0.4,9.06320479695347,,1,42
13,False,Replace,7.935436235193974,47.49811507024059,94.74090707045356,0.9623222720281691,0.8316380138556123,0.9988455359952018,0.48,8.850402643944568,,1,42
14,False,Replace,8.90005579878051,47.57426047927768,95.101695905863,0.9659869522866705,0.9071363326508738,0.9988455359952018,0.48,8.75441191297698,,1,42
15,False,Replace,5.455912449880625,43.29796094825653,86.14584191437571,0.8750186680730567,0.7757910098010401,0.9953784388202258,0.46,8.493453175874532,,1,42
16,False,Replace,3.5862541998348823,39.776903563120264,78.59237923028164,0.7982950478692523,0.7314702313597621,0.9709505944546688,0.4,8.680068306205248,,1,42
17,False,Replace,3.117077971536534,43.46133765470873,85.36675654137156,0.8671051782254692,0.704305421848195,0.9765004687578241,0.41,8.835418479179229,,1,42
18,False,Replace,2.025101362080946,44.69954763631714,88.87491219217478,0.9027389548157533,0.6755758001709272,0.950672092687066,0.37,8.961771229517433,,1,42
19,False,Replace,1.5295840554040425,44.096406775741926,90.86430970372682,0.9229460817314824,0.5390464943149005,0.9647995485050873,0.39,8.229613961667749,,1,42
20,False,Replace,2.235961705949561,42.95766712292965,85.59664574936545,0.8694402572509098,0.7049717195498639,0.9709505944546688,0.4,8.825538302555017,,1,42
21,False,Replace,4.2613239363481,47.20270328757701,92.29465233224168,0.9374746587803339,0.8397251717271096,0.9988455359952018,0.48,9.604173363768313,,1,42
22,False,Replace,12.756024733990976,42.10051924138243,84.622304561118,0.8595434739605868,1.249899198153902,0.9765004687578241,0.41,9.169256876640121,,1,42
23,False,Replace,13.61121374270812,43.89061606822834,85.11060931361811,0.8645033857178029,1.3049146775644975,0.9765004687578241,0.41,10.34604883206646,,1,42
24,False,Replace,21.47662874098223,32.32608721355566,62.95240849896406,0.6394334469620199,1.4697859206623918,0.92481870497303,0.34,9.132488949153183,,1,42
25,False,Replace,30.756016652519357,30.35426222822351,59.11863827284602,0.6004922695075089,1.7783742619257126,0.8414646362081756,0.27,9.572181873089692,,1,42
26,False,Replace,29.379552388359524,26.92598185466514,53.74413062390265,0.5459011897755214,1.6036117621663246,0.8687212463394046,0.29000000000000004,9.516451495190516,,1,42
27,False,Replace,20.79633337081003,33.096395492620175,66.05965833777685,0.6709950586998288,1.524828511827845,0.9580420222262997,0.38,10.123453358578223,,1,42
28,False,Replace,14.787229168243272,34.30913925651792,68.0608768828619,0.691322256704161,1.305239042635539,0.9927744539878083,0.45,10.202407471768458,,1,42
29,False,Replace,18.532966574684295,30.655903361313722,61.88813809927474,0.6286232157667482,1.3548880135572343,0.9814538950336537,0.42,9.85437790277122,,1,42
30,False,Replace,17.658631273592405,31.034735903511283,61.81084577578687,0.6278381259185597,1.3591744140453998,0.9765004687578241,0.41,10.21276946551985,,1,42
31,False,Replace,16.874166815033487,29.599015864898576,58.894461239524,0.5982152113843209,1.370497632295236,0.9814538950336537,0.42,9.868354212185595,,1,42
32,False,Replace,17.496485544926426,30.173845435108504,59.438902750723784,0.6037453272365431,1.51707892471953,0.9647995485050873,0.39,9.936228474394046,,1,42
33,False,Replace,17.988184492162087,31.387999727547378,62.170468130974896,0.6314909577587626,1.4171789166581092,0.9765004687578241,0.41,10.143773057478496,,1,42
34,False,Replace,19.83798282125626,28.212379967605163,56.09474899497583,0.5697773851959445,1.5383537760317298,0.9647995485050873,0.39,9.673340535686162,,1,42
35,False,Replace,19.9976935521798,27.05850241827028,53.50280537286209,0.5434499501678361,1.6102306225876433,0.9709505944546688,0.4,9.244825826177431,,1,42
36,False,Replace,14.523969519025407,28.82278354246022,57.644821776191705,0.5855221105395536,1.4442471349621266,0.9974015885677396,0.47,9.507878668910761,,1,42
37,False,Replace,17.06959987486937,27.1447758827264,53.67137609235574,0.545162192142255,1.3691827256646016,0.9814538950336537,0.42,9.383031011658217,,1,42
38,False,Replace,14.271643588591608,27.54218718192491,55.157874097685216,0.5602611623979464,1.2922731152092093,0.9953784388202258,0.46,9.376202069170967,,1,42
39,False,Replace,11.85436995482621,28.363261984119458,57.48453445823696,0.5838940064738324,1.246629079283886,0.9953784388202258,0.46,9.259861047268684,,1,42
40,False,Replace,10.48438706007457,27.035897219454533,54.513233150924904,0.553713279759801,1.1559076709506375,0.9765004687578241,0.41,9.159493780217554,,1,42
41,False,Replace,9.73938668434814,27.414698685839838,54.259849153483216,0.5511395545163607,1.1807379574903076,0.9647995485050873,0.39,9.17019076272458,,1,42
42,False,Replace,5.415478053765441,28.059617095842153,55.857035092586955,0.5673628275385069,1.0436749994928092,0.9149263727797277,0.33,9.697815907344943,,1,42
43,False,Replace,7.005333738889571,28.272101676043064,56.513305714448805,0.5740288375591391,1.0324497604444822,0.9426831892554923,0.36,9.848323347570599,,1,42
44,False,Replace,7.823075145128327,28.049769526086028,56.72683089726839,0.5761977004655643,1.2087074936617106,0.9580420222262997,0.38,9.591305472235947,,1,42
45,False,Replace,7.880547907853102,29.26950396475363,58.96326703494494,0.5989141000843092,1.1110515702207575,0.9709505944546688,0.4,9.850547370440802,,1,42
46,False,Replace,9.702173875990244,28.77775898969478,57.427489156021,0.5833145739294915,1.1366683605569605,0.9858150371789199,0.43,9.808151585159067,,1,42
47,False,Replace,12.614180493565735,28.381847055658437,57.02328587920015,0.57920891537355,1.2923808526187968,0.99971144175281,0.49,9.709716791718636,,1,42
48,False,Replace,11.613940651672106,28.52077741594654,56.94110268967819,0.5783741469919841,1.2138041086043039,0.9988455359952018,0.48,9.761016854034091,,1,42
49,False,Replace,8.5953658453912,26.171586411125286,52.229024332522734,0.5305116334184068,1.2885779032893907,0.9858150371789199,0.43,9.7107750917658,,1,42
50,False,Replace,13.883698509334922,25.39046666106646,50.87807437370881,0.516789480296151,1.3053458221498766,0.99971144175281,0.49,9.487497493578864,,1,42
51,False,Replace,15.526460010713988,25.125194458909977,50.28894576283877,0.5108054592342917,1.461236626888394,0.9988455359952018,0.48,9.369070903684952,,1,42
52,False,Replace,10.316165491698445,25.781210794556237,51.56985784113896,0.5238162088626598,1.3073905669102754,0.9814538950336537,0.42,9.497564960107894,,1,42
53,False,Replace,7.257213389588791,25.420676383370925,50.63249967599539,0.5142950773147602,1.152599511682923,0.9426831892554923,0.36,9.581520310641823,,1,42
54,False,Replace,8.570853358776096,24.83667480703022,49.43477722249451,0.5021293188440819,1.2380813293328807,0.9580420222262997,0.38,9.399284553025359,,1,42
55,False,Replace,9.988836089390098,24.207407202050177,48.539774822618455,0.4930384121855789,1.2046778877718238,0.9858150371789199,0.43,9.201970719888012,,1,42
56,False,Replace,7.212633859548635,23.184197982112103,47.02531647955213,0.47765543730538473,1.195963004239692,0.950672092687066,0.37,9.403943583659359,,1,42
57,False,Replace,9.45708604640088,23.476903992433073,46.94054842656508,0.476794413404851,1.3353888462015817,0.9765004687578241,0.41,9.2518002574228,,1,42
58,False,Replace,8.021243217612865,20.385070587012756,40.47347845033255,0.4111057297587757,1.3149666254654218,0.9149263727797277,0.33,8.96680446573272,,1,42
59,False,Replace,7.954740122498619,20.135888814912715,40.14621064134707,0.407781536321717,1.2805710527520393,0.92481870497303,0.34,9.007022853175817,,1,42
60,False,Replace,5.767080108418747,16.265909806541526,32.905234074422566,0.3342319658452206,1.2686855820753042,0.8112781244591328,0.25000000000000006,8.756268372175564,,1,42
61,False,Replace,5.401033581383599,13.40780926173385,26.4220574422575,0.2683796802851352,1.2925661051146649,0.7014714598838974,0.19000000000000003,8.734906015614563,,1,42
62,False,Replace,5.759373041789957,14.531893262900429,28.87186379578542,0.29326336874721515,1.4032470529025804,0.7414827399312738,0.21000000000000005,8.824894677121279,,1,42
63,False,Replace,5.526459673309811,11.124382918138052,21.843028288554986,0.2218686020705541,1.3787575767379319,0.6098403047164005,0.15000000000000002,8.726240474989087,,1,42
64,False,Replace,5.208242774231043,11.560266634003186,22.610538547229513,0.22966451873180527,1.3727794849492434,0.6343095546405662,0.16000000000000003,8.708452374913648,,1,42
65,False,Replace,5.164598595927107,11.305233691484922,21.92750410475996,0.22272665760216676,1.381835759769197,0.6343095546405662,0.16000000000000003,8.631108446575407,,1,42
66,False,Replace,4.873681691871444,10.330593262766232,20.371385508526103,0.20692052243439332,1.376994012481648,0.584238811642856,0.14,8.622012678140969,,1,42
67,False,Replace,5.780223639005517,8.751611308700197,17.473124948284045,0.17748170056215073,1.3987949016169319,0.5293608652873645,0.12000000000000002,8.443740094815295,,1,42
68,False,Replace,5.552810593338732,7.579772490901551,14.713943731607099,0.1494555646566177,1.3873518646612115,0.4689955935892813,0.10000000000000002,8.380553834905617,,1,42
69,False,Replace,6.155937696296839,5.76829726609693,11.110371168278615,0.11285259932948788,1.5030547682579047,0.3659236509002232,0.07000000000000002,8.310944060664347,,1,42
70,False,Replace,6.654397031631515,5.138601120209081,10.40513998351706,0.10568927677949186,1.4895557728869542,0.3274449191544763,0.06000000000000002,8.39357675453351,,1,42
71,False,Replace,6.652178367994847,5.069579777332522,10.012169887105351,0.10169771824673657,1.5309169772733529,0.3274449191544763,0.06000000000000002,8.329763973274158,,1,42
72,False,Replace,6.410742210215249,5.802040595036652,11.69791175354322,0.11882049016359332,1.5306870320721346,0.3659236509002232,0.07000000000000002,8.414708894535357,,1,42
73,False,Replace,6.5702828552150505,4.510428960667427,9.777264970216068,0.09931169260774433,1.5262141251973236,0.28639695711595625,0.05000000000000002,8.40300767477034,,1,42
74,False,Replace,7.233819397568922,3.042490221813275,5.911089480817436,0.06004136159591462,1.6249368808730222,0.19439185783157625,0.030000000000000023,8.368388012224786,,1,42
75,False,Replace,7.8796070924000015,1.685825265408253,3.7486598855391025,0.038076676798441546,1.6087311264640536,0.0807931358959113,0.010000000000000023,8.372179864711807,,1,42
76,False,Replace,8.08729631268618,1.6145383501328885,3.4631532992126606,0.035176669237522246,1.5781411948135535,0.0807931358959113,0.010000000000000023,8.335795367888865,,1,42
77,False,Replace,8.12059896540548,1.5792465427319577,3.0958386935957796,0.03144570405303749,1.582311518465303,0.0807931358959113,0.010000000000000023,8.296029242041286,,1,42
78,False,Replace,8.63530240101745,1.421850540108855,2.6864791131213215,0.02728767080488914,1.7480880027778571,0.0807931358959113,0.010000000000000023,8.250739877832155,,1,42
79,False,Replace,8.871922266708829,1.9652256688881984,4.128813857450097,0.04193805669527822,1.6696712778043148,0.14144054254182079,0.02000000000000002,8.226919719070299,,1,42
80,False,Replace,9.059356797198086,3.0814532000109995,5.919895485975321,0.060130807804031725,1.7301166779097994,0.2422921890824149,0.040000000000000015,8.220174435748168,,1,42
81,False,Replace,9.102848590321654,4.30770635999712,8.805646085864884,0.08944256087525004,1.6630940399920138,0.3274449191544763,0.06000000000000002,8.23301299099554,,1,42
82,False,Replace,8.951641334079754,4.835048517612163,9.326036269831457,0.09472837752679915,1.7091440035079066,0.3659236509002232,0.07000000000000002,8.197811094588909,,1,42
83,False,Replace,9.019056127778551,5.352750764508765,10.604899978843719,0.10771832102771858,1.5563907395078407,0.4021791902022729,0.08000000000000002,8.202840891131945,,1,42
84,False,Replace,8.890103878944966,4.730791803156959,8.80091376770632,0.08939449277770772,1.6910656716559833,0.3659236509002232,0.07000000000000002,8.20827218486443,,1,42
85,False,Replace,9.20546808109863,3.469935502694856,7.860491070601562,0.07984223352108356,1.599700814437249,0.28639695711595625,0.05000000000000002,8.141083808811052,,1,42
86,False,Replace,9.363357632685782,3.4536349398293043,6.934794055517964,0.07043954905974006,1.7034966359407013,0.28639695711595625,0.05000000000000002,8.139073735110939,,1,42
87,False,Replace,9.14264060424145,4.6477132457234696,9.06177832071448,0.09204420109383925,1.7186623408000214,0.3659236509002232,0.07000000000000002,8.165212757780534,,1,42
88,False,Replace,9.969453881386261,1.5838828627005281,2.858496282169942,0.02903491978176058,1.7211515555066996,0.14144054254182079,0.02000000000000002,8.184757158538737,,1,42
89,False,Replace,9.728158961108514,2.8062465141657165,5.4146403079080505,0.054998723618368196,1.6858816443754718,0.2422921890824149,0.040000000000000015,8.17196852106225,,1,42
90,False,Replace,9.241942857060488,3.4095271526548494,6.981876468961394,0.0709177844543385,1.6614604677804423,0.28639695711595625,0.05000000000000002,8.176664681456398,,1,42
91,False,Replace,9.426685423663598,2.8213934645273673,6.380687549515413,0.06481126188907331,1.703717125492488,0.2422921890824149,0.040000000000000015,8.190575738845311,,1,42
92,False,Replace,9.436150400993904,2.224043509316938,4.36318307532647,0.044318641019561025,1.7487615514749781,0.19439185783157625,0.030000000000000023,8.216276705963235,,1,42
93,False,Replace,9.151448827610857,4.066603904876585,8.057580109483263,0.081844147768616,1.6736293212905933,0.3274449191544763,0.06000000000000002,8.202091096908537,,1,42
94,False,Replace,9.189962565932625,2.8918029975339667,5.7233367652952625,0.05813428021610055,1.7890728111870697,0.2422921890824149,0.040000000000000015,8.22813025632339,,1,42
95,False,Replace,9.337036674451587,3.4021861691514115,7.218540523114818,0.0733216783724214,1.7024522128569795,0.28639695711595625,0.05000000000000002,8.187232060669265,,1,42
96,False,Replace,9.084712667225734,3.9993535513177108,8.257565100621632,0.083875477391634,1.7101499932667523,0.3274449191544763,0.06000000000000002,8.18874591614418,,1,42
97,False,Replace,8.54812159261732,6.295915546906385,12.271849565365747,0.12465021204566486,1.6422844871466242,0.4689955935892813,0.10000000000000002,8.235197272364648,,1,42
98,False,Replace,8.719470806305761,4.671521788273047,10.01109376544861,0.10168678763746002,1.7498918095461367,0.3659236509002232,0.07000000000000002,8.243343461291758,,1,42
99,False,Replace,8.749519473807753,4.11656630863353,8.327979885892354,0.08459070926180923,1.6850573904088852,0.3274449191544763,0.06000000000000002,8.241794716360106,,1,42
100,False,Replace,9.237074686077822,2.9059806353191338,5.6875241801351955,0.057770517092186086,1.7562835908992422,0.2422921890824149,0.040000000000000015,8.228481497142146,,1,42
101,False,Replace,9.766627531732377,1.0340658302029044,2.007506622291821,0.02039106858496549,1.709863471058655,0.0807931358959113,0.010000000000000023,8.225127303726667,,1,42
102,False,Replace,9.15959930096756,2.3948098473929416,4.697131646045203,0.047710693695134726,1.6748774218613511,0.19439185783157625,0.030000000000000023,8.235617266185155,,1,42
103,False,Replace,9.266604220073383,2.468321075599318,4.750245762316032,0.048250195570586504,1.7737761137321009,0.19439185783157625,0.030000000000000023,8.230805907082779,,1,42
104,False,Replace,9.332544979758072,1.8150494697789628,3.8839539114471457,0.03945091374032396,1.6856337438875506,0.14144054254182079,0.02000000000000002,8.23975362476709,,1,42
105,False,Replace,9.116005591376924,1.1331490813121106,2.342539570700529,0.023794135729733337,1.7362760134333757,0.0807931358959113,0.010000000000000023,8.260543146004933,,1,42
106,False,Replace,9.120062355157696,0.4287329258362642,0.8786009676988369,0.008924310581208003,1.7296187290358365,3.9863137138648344e-11,2.2204460492503132e-17,4.615621394167958,,1,42
107,False,Replace,9.137921469545212,0.5102226897921929,1.037835477462285,0.010541720842088246,1.773491995815745,3.9863137138648344e-11,2.2204460492503132e-17,4.616854569330352,,1,42
108,False,Replace,9.09161473721788,0.5609997547771505,1.143189943401555,0.011611849387042943,1.7518317885651484,3.9863137138648344e-11,2.2204460492503132e-17,4.6154740252747075,,1,42
109,False,Replace,9.36948850001353,0.6906026000953416,1.3699077575416372,0.013914715263662626,1.7400621675649957,3.9863137138648344e-11,2.2204460492503132e-17,4.650651887520517,,1,42
110,False,Replace,9.270707869272215,0.6279780370741954,1.2554384663383718,0.01275200369804226,1.7600147427420456,3.9863137138648344e-11,2.2204460492503132e-17,4.632092198330803,,1,42
111,False,Replace,9.43585777710627,0.5896913609702956,1.1457453847607502,0.01163780605360712,1.776332763264591,3.9863137138648344e-11,2.2204460492503132e-17,4.657218551830401,,1,42
112,False,Replace,9.397430632342463,0.4710962186130661,0.9555207175968623,0.009705616046551084,1.778331647502648,3.9863137138648344e-11,2.2204460492503132e-17,4.650875122367846,,1,42
113,False,Replace,9.745897855760257,0.45655882267892556,0.9180452440052254,0.009324962282436103,1.7649253902315827,3.9863137138648344e-11,2.2204460492503132e-17,4.6951694537238495,,1,42
114,False,Replace,9.690052467708258,0.5000564080150472,1.0289191144459768,0.010451153683915472,1.6787955033994142,3.9863137138648344e-11,2.2204460492503132e-17,4.6894059529598575,,1,42
115,False,Replace,9.700406991442097,0.5313239291457044,1.0916489274136736,0.011088326136719676,1.7290789590100526,3.9863137138648344e-11,2.2204460492503132e-17,4.6939963001826115,,1,42
116,False,Replace,9.700880114396004,0.36202901736893467,0.7238126676891727,0.007352062297392149,1.7733509814959327,3.9863137138648344e-11,2.2204460492503132e-17,4.691187030565113,,1,42
117,False,Replace,9.900480343322204,0.325495211718283,0.6336187822344453,0.006435925989880372,1.826293673101469,3.9863137138648344e-11,2.2204460492503132e-17,4.714747800428499,,1,42
118,False,Replace,10.083988072881516,0.27355441834406036,0.5522412825473296,0.005609341330598601,1.8086916354847036,3.9863137138648344e-11,2.2204460492503132e-17,4.736527744693008,,1,42
119,False,Replace,10.164924245238945,0.25883421710319626,0.5302865860596923,0.005386338468804585,1.793038886848953,3.9863137138648344e-11,2.2204460492503132e-17,4.746933440927141,,1,42
120,False,Replace,10.027048144906603,0.23916411587914752,0.48692821177992374,0.004945929668228861,1.8376499661971168,3.9863137138648344e-11,2.2204460492503132e-17,4.727733886709024,,1,42
121,False,Replace,10.012179687919645,0.2992536419613958,0.6039856760128086,0.006134930369422027,1.8623112979951137,3.9863137138648344e-11,2.2204460492503132e-17,4.733168811522192,,1,42
122,False,Replace,10.09042760792,0.2932570704384677,0.594909967795815,0.006042744676655256,1.7001272180864082,3.9863137138648344e-11,2.2204460492503132e-17,4.741195421858326,,1,42
123,False,Replace,9.983290347615899,0.3061885113347963,0.6287954721079683,0.006386933649579511,1.8424037430161668,3.9863137138648344e-11,2.2204460492503132e-17,4.73406548422264,,1,42
124,False,Replace,9.90940743822945,0.24198082755867278,0.47093480606759075,0.004783478083180015,1.8360494376022698,3.9863137138648344e-11,2.2204460492503132e-17,4.717312117886807,,1,42
125,False,Replace,9.714181525873375,0.29227471115020376,0.5802578447490077,0.005893917050063561,1.8510231829575503,3.9863137138648344e-11,2.2204460492503132e-17,4.696500840451832,,1,42
126,False,Replace,9.584204294200225,0.3687440605195135,0.729417268102148,0.007408990523751788,1.805352347486758,3.9863137138648344e-11,2.2204460492503132e-17,4.681746714730763,,1,42
127,False,Replace,9.462970367435744,0.3194903736066257,0.6543972389520089,0.006646981301635146,1.866961942991357,3.9863137138648344e-11,2.2204460492503132e-17,4.664367756620769,,1,42
128,False,Replace,9.350731303054463,0.3178049549700872,0.6430131148896445,0.006531348081820202,1.788520426145298,3.9863137138648344e-11,2.2204460492503132e-17,4.65340436815948,,1,42
129,False,Replace,9.310888744161272,0.29785579023774206,0.6015141789480207,0.006109826359504443,1.861150984478408,3.9863137138648344e-11,2.2204460492503132e-17,4.646844483031888,,1,42
130,False,Replace,9.4814260349615,0.28334798800354616,0.5827443618313403,0.005919173624463127,1.7585045771331886,3.9863137138648344e-11,2.2204460492503132e-17,4.669373543610223,,1,42
131,False,Replace,9.224093395787426,0.21901783281920081,0.4319036138612272,0.004387022246673571,1.8382599931254875,3.9863137138648344e-11,2.2204460492503132e-17,4.641433012423243,,1,42
132,False,Replace,9.123498258532543,0.19387435183438814,0.4017158541932633,0.0040803927835472344,1.7059732987287397,3.9863137138648344e-11,2.2204460492503132e-17,4.62629279880079,,1,42
133,False,Replace,8.8964833274622,0.20116509403339716,0.40896920612279986,0.00415406805566027,1.7772963954433303,3.9863137138648344e-11,2.2204460492503132e-17,4.5921210899648806,,1,42
134,False,Replace,9.013354615480338,0.1806294710511662,0.3545959822307948,0.003601776907399047,1.8525933621628994,3.9863137138648344e-11,2.2204460492503132e-17,4.61063690244484,,1,42
135,False,Replace,9.251381596679302,0.19655835289316947,0.378891057052791,0.0038485519523583653,1.8354909324401185,3.9863137138648344e-11,2.2204460492503132e-17,4.643147216168268,,1,42
136,False,Replace,9.228901744677264,0.20983639739864085,0.41946600799954203,0.0042606883799046254,1.8237224798533191,3.9863137138648344e-11,2.2204460492503132e-17,4.638677674267704,,1,42
137,False,Replace,9.146531895001267,0.18469655921440875,0.37188024085153315,0.003777340215167067,1.7865852303955743,3.9863137138648344e-11,2.2204460492503132e-17,4.628940191673038,,1,42
138,False,Replace,8.990306264069975,0.18108834871399643,0.35704239339244825,0.00362662610950397,1.8055915526253807,3.9863137138648344e-11,2.2204460492503132e-17,4.608492185057995,,1,42
139,False,Replace,9.129393426753376,0.17321359568064207,0.3399320466693909,0.0034528292962490827,1.8534178798621377,3.9863137138648344e-11,2.2204460492503132e-17,4.631689312562548,,1,42
140,False,Replace,9.03469385945422,0.1568143800245207,0.32316178935417955,0.003282486910672491,1.787346111190569,3.9863137138648344e-11,2.2204460492503132e-17,4.615805863341138,,1,42
141,False,Replace,8.961115088559788,0.16542942603371585,0.33679497227025357,0.0034209647442129247,1.859239744032804,3.9863137138648344e-11,2.2204460492503132e-17,4.5990063231113485,,1,42
142,False,Replace,8.90902517528536,0.13957014453637775,0.2749929321081317,0.0027932160605259283,1.7790515148752375,3.9863137138648344e-11,2.2204460492503132e-17,4.588091690434643,,1,42
143,False,Replace,8.95702228577069,0.16494738342842274,0.3349986119269789,0.00340271837503223,1.817417104590406,3.9863137138648344e-11,2.2204460492503132e-17,4.590081715282069,,1,42
144,False,Replace,8.893033632062176,0.14636103316977073,0.2814169534915234,0.0028584674819486285,1.870951576847654,3.9863137138648344e-11,2.2204460492503132e-17,4.578451662919792,,1,42
145,False,Replace,8.80685308364234,0.12299735514278143,0.2573350116597952,0.002613857316235045,1.8410454154649636,3.9863137138648344e-11,2.2204460492503132e-17,4.568250344965159,,1,42
146,False,Replace,8.947154163212337,0.10883131667020787,0.22281892244778942,0.00226326323370928,1.9185985610514351,3.9863137138648344e-11,2.2204460492503132e-17,4.585854361123085,,1,42
147,False,Replace,8.915702140681876,0.10106150725367835,0.20150497957825794,0.0020467687693610202,1.7959169200602676,3.9863137138648344e-11,2.2204460492503132e-17,4.581663255126273,,1,42
148,False,Replace,8.921952001365682,0.08308894493941496,0.16339555131961458,0.001659675667536693,1.8523037936153413,3.9863137138648344e-11,2.2204460492503132e-17,4.580301909203571,,1,42
149,False,Replace,8.969132980525037,0.08086986826401524,0.1600882728160673,0.001626082282565228,1.7889238577564432,3.9863137138648344e-11,2.2204460492503132e-17,4.590619378592972,,1,42
150,False,Replace,8.917589575065394,0.0810288261515424,0.16123675042893787,0.0016377478409809734,1.8663168588188412,3.9863137138648344e-11,2.2204460492503132e-17,4.580633976875101,,1,42
151,False,Replace,8.976098083727564,0.07503170920328223,0.14764481211058011,0.0014996889457451275,1.8398653407637768,3.9863137138648344e-11,2.2204460492503132e-17,4.588583325588808,,1,42
152,False,Replace,8.82868956551646,0.0806723349570061,0.16187763309199266,0.0016442575491892315,1.8186572232742404,3.9863137138648344e-11,2.2204460492503132e-17,4.573604608903945,,1,42
153,False,Replace,8.578610669957978,0.06008626073213225,0.12181313986378575,0.0012373060501672296,1.8502247251182213,3.9863137138648344e-11,2.2204460492503132e-17,4.537564581744109,,1,42
154,False,Replace,8.539448688831829,0.06470626624671344,0.12867903218989277,0.0013070457360860762,1.814267414902917,3.9863137138648344e-11,2.2204460492503132e-17,4.531180240773921,,1,42
155,False,Replace,8.478795365635191,0.07924250373611239,0.15889191037215794,0.001613930338270079,1.7702934705441074,3.9863137138648344e-11,2.2204460492503132e-17,4.523173194532204,,1,42
156,False,Replace,8.592287448180638,0.07499616110549201,0.14879608037117578,0.0015113828499150176,1.8031228509656045,3.9863137138648344e-11,2.2204460492503132e-17,4.541938496143427,,1,42
157,False,Replace,8.403162190458792,0.07126848826083237,0.13984052322540608,0.0014204175808851742,1.8700388473829146,3.9863137138648344e-11,2.2204460492503132e-17,4.508995244554593,,1,42
158,False,Replace,8.311854179980928,0.06186834798666416,0.12620767384709225,0.0012819431352246449,1.8363616240501028,3.9863137138648344e-11,2.2204460492503132e-17,4.497018130906452,,1,42
159,False,Replace,8.49711746842527,0.060804130217846045,0.12114377466615658,0.0012305070331668955,1.9156559438713123,3.9863137138648344e-11,2.2204460492503132e-17,4.523010820788029,,1,42
160,False,Replace,8.467614772743868,0.05572182606793834,0.10853770825897889,0.0011024620435060725,1.8612092178123854,3.9863137138648344e-11,2.2204460492503132e-17,4.523598238628742,,1,42
161,False,Replace,8.337702211105158,0.046646431769459276,0.09536170636740449,0.0009686279852452808,1.8676272207717672,3.9863137138648344e-11,2.2204460492503132e-17,4.503859381751024,,1,42
162,False,Replace,8.359020156905611,0.05400866915185765,0.10791738878610244,0.001096161204058991,1.8327224160925106,3.9863137138648344e-11,2.2204460492503132e-17,4.506006610099692,,1,42
163,False,Replace,8.32588339915158,0.062289190288123984,0.12496700929689376,0.001269341196255621,1.8201938685846937,3.9863137138648344e-11,2.2204460492503132e-17,4.500240522877496,,1,42
164,False,Replace,8.44130693325837,0.058907996486430705,0.1198615099166308,0.001217482543901792,1.7665198148081052,3.9863137138648344e-11,2.2204460492503132e-17,4.520069733286213,,1,42
165,False,Replace,8.440168532001023,0.05601572781125723,0.11012904196255048,0.0011186258729703315,1.9029117795785784,3.9863137138648344e-11,2.2204460492503132e-17,4.517970048823332,,1,42
166,False,Replace,8.528226524181779,0.05794517331369466,0.11760336411948709,0.0011945456303628262,1.8545205217182055,3.9863137138648344e-11,2.2204460492503132e-17,4.532456723668808,,1,42
167,False,Replace,8.37077051389172,0.05561497911252081,0.11194916018253914,0.0011371135606543519,1.8260212373482738,3.9863137138648344e-11,2.2204460492503132e-17,4.506181453540471,,1,42
168,False,Replace,8.355421486525957,0.05196069376878625,0.10215259028685644,0.0010376057799964629,1.7670132975541444,3.9863137138648344e-11,2.2204460492503132e-17,4.504781795835401,,1,42
169,False,Replace,8.362894374154774,0.050011367543337355,0.10116531077413768,0.0010275775768349726,1.8907787982774964,3.9863137138648344e-11,2.2204460492503132e-17,4.506771934131401,,1,42
170,False,Replace,8.392857346869846,0.049930254587543466,0.09953335763476029,0.0010110011590921987,1.7842254887503857,3.9863137138648344e-11,2.2204460492503132e-17,4.513948442369624,,1,42
171,False,Replace,8.264292677403455,0.04765069982079401,0.09695974135168019,0.000984859882367662,1.833658980183087,3.9863137138648344e-11,2.2204460492503132e-17,4.493201607003065,,1,42
172,False,Replace,8.323319032847063,0.03670372940364207,0.07274227818812999,0.0007388731708727482,1.8484345055757938,3.9863137138648344e-11,2.2204460492503132e-17,4.503458361197682,,1,42
173,False,Replace,8.33603765693375,0.033202627033024915,0.06786957545752163,0.0006893791296224372,1.8458076367734764,3.9863137138648344e-11,2.2204460492503132e-17,4.5057357362968355,,1,42
174,False,Replace,8.29039955826876,0.03381847582656139,0.06798837566407051,0.0006905858320725047,1.859315996215484,3.9863137138648344e-11,2.2204460492503132e-17,4.499267369074483,,1,42
175,False,Replace,8.286486530530619,0.03179720158350539,0.06333251416527969,0.0006432943361991011,1.9700496214414613,3.9863137138648344e-11,2.2204460492503132e-17,4.500030886535818,,1,42
176,False,Replace,8.226185643967606,0.031303524674135275,0.06334000112833174,0.0006433703843552528,1.7364757855659567,3.9863137138648344e-11,2.2204460492503132e-17,4.490693084276384,,1,42
177,False,Replace,8.193605923959986,0.0320054417841175,0.06387840265919627,0.0006488391496485775,1.7248277138202563,3.9863137138648344e-11,2.2204460492503132e-17,4.485122299008322,,1,42
178,False,Replace,8.151144777149531,0.03847900464980377,0.0776034924596838,0.0007882505191299123,1.7968316544189196,3.9863137138648344e-11,2.2204460492503132e-17,4.477343765523961,,1,42
179,False,Replace,8.19865484205379,0.03559225454523907,0.071859768525037,0.0007299091580684068,1.7988045918260949,3.9863137138648344e-11,2.2204460492503132e-17,4.485697339896875,,1,42
180,False,Replace,8.155723109582894,0.02896999564146152,0.0575294295064368,0.0005843500239020206,1.8873726937536415,3.9863137138648344e-11,2.2204460492503132e-17,4.479640366901883,,1,42
181,False,Replace,8.199880823542365,0.02733294650210765,0.053597147498540304,0.000544408221853615,1.8631995529245235,3.9863137138648344e-11,2.2204460492503132e-17,4.488005220969046,,1,42
182,False,Replace,8.209228698585411,0.025005444350408967,0.05092188611991055,0.0005172344941813888,1.7807944773954447,3.9863137138648344e-11,2.2204460492503132e-17,4.489044383424969,,1,42
183,False,Replace,8.228558129414695,0.027383450438510024,0.05441752289247838,0.0005527411113880525,1.8847984556527475,3.9863137138648344e-11,2.2204460492503132e-17,4.49169637365801,,1,42
184,False,Replace,8.213425201562414,0.028158637920228425,0.05838509831956824,0.0005930414031785981,1.839881910207751,3.9863137138648344e-11,2.2204460492503132e-17,4.49045563649986,,1,42
185,False,Replace,8.153919627666399,0.030407013981757058,0.06144033151020185,0.0006240746604747311,1.8785705529442893,3.9863137138648344e-11,2.2204460492503132e-17,4.479782272866555,,1,42
186,False,Replace,8.219294799778945,0.028086999938955103,0.056669459165703276,0.0005756149522443669,1.8502696231714506,3.9863137138648344e-11,2.2204460492503132e-17,4.4901588168173525,,1,42
187,False,Replace,8.234563183117494,0.02485157293456603,0.05012023507572282,0.0005090917955512944,1.8401389882157586,3.9863137138648344e-11,2.2204460492503132e-17,4.49438073823874,,1,42
188,False,Replace,8.202970293542574,0.026931033673029126,0.05314284841273398,0.0005397937196079446,1.8627454441935611,3.9863137138648344e-11,2.2204460492503132e-17,4.489928141313535,,1,42
189,False,Replace,8.153831194507555,0.023022614604098532,0.045844142834946276,0.0004656577718778031,1.8140106270747123,3.9863137138648344e-11,2.2204460492503132e-17,4.482356565532379,,1,42
190,False,Replace,8.206189446077238,0.02188842118066834,0.04465277159001818,0.0004535565252389499,1.8219773106227461,3.9863137138648344e-11,2.2204460492503132e-17,4.491673023806788,,1,42
191,False,Replace,8.220741273810095,0.019687241361509466,0.03984269451218556,0.0004046985984436292,1.8887116254893936,3.9863137138648344e-11,2.2204460492503132e-17,4.49376005912635,,1,42
192,False,Replace,8.232012071365407,0.027306435045751892,0.05302781486476646,0.0005386252766548151,1.8298376219008272,3.9863137138648344e-11,2.2204460492503132e-17,4.495441749900643,,1,42
193,False,Replace,8.277787933906296,0.02192235902255155,0.043991393068947844,0.0004468386321899237,1.8225971668840624,3.9863137138648344e-11,2.2204460492503132e-17,4.502556506214858,,1,42
194,False,Replace,8.219026078800875,0.022820025149945977,0.04616159123568059,0.00046888222555565505,1.8202392391597255,3.9863137138648344e-11,2.2204460492503132e-17,4.4938865714141984,,1,42
195,False,Replace,8.308686136949648,0.024897966600668266,0.05076995757553763,0.0005156912936091359,1.9344493878894522,3.9863137138648344e-11,2.2204460492503132e-17,4.508282608088221,,1,42
196,False,Replace,8.253597536786705,0.028826398668559045,0.057264691723747055,0.0005816609736025524,1.8445704683453759,3.9863137138648344e-11,2.2204460492503132e-17,4.4987547788835025,,1,42
197,False,Replace,8.283141872450276,0.024448478086363537,0.047349618756788024,0.0004809495086194948,1.9336093589213332,3.9863137138648344e-11,2.2204460492503132e-17,4.503701299533624,,1,42
198,False,Replace,8.284482377509725,0.025214040659281324,0.05093242163924662,0.0005173415077747561,1.867492226381814,3.9863137138648344e-11,2.2204460492503132e-17,4.5043890109011056,,1,42
199,False,Replace,8.243525101710294,0.01988809221252328,0.041753536756061214,0.00042410780726877137,1.789096819891089,3.9863137138648344e-11,2.2204460492503132e-17,4.497689063576399,,1,42
200,False,Replace,8.245018479869545,0.018565678265893573,0.03749089955098784,0.00038081045191447273,1.7929049103369343,3.9863137138648344e-11,2.2204460492503132e-17,4.497767028657904,,1,42
0,True,Replace + Select,3.9000081373841526e-33,48.91111311893317,96.5092607494051,0.980284166026213,0.060740747805361324,1.0,0.5,1.7999999999993865,,1,42
1,True,Replace + Select,2.5685597686033117,31.569679603893768,62.13616646388237,0.631142541649697,0.538220621165286,0.5880048642986879,0.14144277144312462,2.1148800229515894,,1,42
2,True,Replace + Select,3.5515506765112494,16.323638778195004,32.730702906259204,0.3324591811476686,0.9020872029972042,0.875007764550645,0.2949323686893622,2.3726673682506587,,1,42
3,True,Replace + Select,3.3002688143849395,8.69557151610023,17.299860392535955,0.17572178136668154,1.1126073547380497,0.19439185783157625,0.030000000000000023,2.816144722881436,,1,42
4,True,Replace + Select,3.873053408368491,4.39128922714771,8.610141353871354,0.08745673908293425,1.3332629211205667,3.9863137138648344e-11,2.2204460492503132e-17,3.8229083350116433,,1,42
5,True,Replace + Select,4.4844091443002725,2.164123510858852,4.388712154758612,0.04457795035574521,1.487730888652374,3.9863137138648344e-11,2.2204460492503132e-17,3.9820528169515392,,1,42
6,True,Replace + Select,4.617198406049157,1.1242487412022875,2.225637240958725,0.022606710793228763,1.594578337438025,3.9863137138648344e-11,2.2204460492503132e-17,4.035596045614533,,1,42
7,True,Replace + Select,4.829455126211763,0.5737514856035175,1.1369396434270949,0.011548362525260975,1.629825946024018,3.9863137138648344e-11,2.2204460492503132e-17,4.091400208627085,,1,42
8,True,Replace + Select,4.669216675551091,0.273620596930301,0.540839631393809,0.005493530080926173,1.7683656703890973,3.9863137138648344e-11,2.2204460492503132e-17,4.073213578795049,,1,42
9,True,Replace + Select,4.801203956862019,0.14709800134972836,0.2980203892532336,0.0030271153925475938,1.7849701289014248,3.9863137138648344e-11,2.2204460492503132e-17,4.123212920248422,,1,42
10,True,Replace + Select,4.818192179929951,0.08601337600400231,0.16905150347917036,0.0017171254946596148,1.775852469153242,3.9863137138648344e-11,2.2204460492503132e-17,4.117393800057993,,1,42
11,True,Replace + Select,4.830302217671002,0.05122995171515976,0.10361365421282864,0.0010524464058707158,1.8169058011468275,3.9863137138648344e-11,2.2204460492503132e-17,4.115157169648531,,1,42
12,True,Replace + Select,4.860849783464956,0.03747733671059765,0.07384651034805773,0.0007500893100659059,1.8427604711043277,3.9863137138648344e-11,2.2204460492503132e-17,4.1252468082898925,,1,42
13,True,Replace + Select,4.906453895257496,0.029549329370508325,0.0595160587851532,0.0006045290327408358,1.8036562918719727,3.9863137138648344e-11,2.2204460492503132e-17,4.139297538672969,,1,42
14,True,Replace + Select,4.955895868619836,0.02486641336514564,0.049780523020773945,0.0005056412008012288,1.7429248429008042,3.9863137138648344e-11,2.2204460492503132e-17,4.1568365799132305,,1,42
15,True,Replace + Select,4.919675379876654,0.021997864497973224,0.04312024376065893,0.00043799001117128663,1.7376586932242883,3.9863137138648344e-11,2.2204460492503132e-17,4.151409883304821,,1,42
16,True,Replace + Select,4.89973871323367,0.019044719555820815,0.03808958407071151,0.00038689153626402553,1.8168470297247845,3.9863137138648344e-11,2.2204460492503132e-17,4.151221070347657,,1,42
17,True,Replace + Select,4.924306373307751,0.01752513831631676,0.03572693793191558,0.0003628931698709963,1.7609015000822072,3.9863137138648344e-11,2.2204460492503132e-17,4.15107998811852,,1,42
18,True,Replace + Select,4.926976806891497,0.014513497197073427,0.02962679442956402,0.0003009315089960861,1.842959411409832,3.9863137138648344e-11,2.2204460492503132e-17,4.150936047619869,,1,42
19,True,Replace + Select,4.942572934793394,0.01211308893116895,0.024076966655850664,0.00024455963081052815,1.8385579402601353,3.9863137138648344e-11,2.2204460492503132e-17,4.155721987993023,,1,42
20,True,Replace + Select,4.944740720320472,0.010876166939069851,0.02161657065931448,0.0002195683789987317,1.8446670912011627,3.9863137138648344e-11,2.2204460492503132e-17,4.156839221442156,,1,42
21,True,Replace + Select,4.964043960723479,0.008904924065758473,0.017948308138985486,0.0001823083312314703,1.7909595934918539,3.9863137138648344e-11,2.2204460492503132e-17,4.1589390195444516,,1,42
22,True,Replace + Select,4.987206519020929,0.008583460350338324,0.017347305793412517,0.00017620370377359777,1.8186226296535715,3.9863137138648344e-11,2.2204460492503132e-17,4.1636551903323396,,1,42
23,True,Replace + Select,5.001948384732431,0.008599274294998486,0.01712403974161348,0.00017393589886357898,1.7458792091487876,3.9863137138648344e-11,2.2204460492503132e-17,4.162737631499485,,1,42
24,True,Replace + Select,5.008022149964584,0.008048349776781736,0.015981828658454565,0.00016233399216171633,1.7435464950136508,3.9863137138648344e-11,2.2204460492503132e-17,4.166139283915951,,1,42
25,True,Replace + Select,5.016635328850871,0.007024306582380126,0.013926691372550305,0.00014145911938019985,1.7909883749688276,3.9863137138648344e-11,2.2204460492503132e-17,4.16660365136714,,1,42
26,True,Replace + Select,5.017894917829306,0.006580950995962019,0.01310427331261118,0.000133105481648939,1.840387029643994,3.9863137138648344e-11,2.2204460492503132e-17,4.165706747504836,,1,42
27,True,Replace + Select,5.028633402387911,0.006878278689618908,0.013468543954809733,0.00013680552804782973,1.8114766878355266,3.9863137138648344e-11,2.2204460492503132e-17,4.168635557100381,,1,42
28,True,Replace + Select,5.047040103270693,0.005692557824769033,0.011461840238678866,0.00011642261491023039,1.7625726207637422,3.9863137138648344e-11,2.2204460492503132e-17,4.1722902731819875,,1,42
29,True,Replace + Select,5.05783479368251,0.004888814798302522,0.010146235910034045,0.00010305948185842102,1.779815818339574,3.9863137138648344e-11,2.2204460492503132e-17,4.173567124533283,,1,42
30,True,Replace + Select,5.061702057394047,0.00495540626260025,0.009747195212313133,9.900626173696989e-05,1.8102847112996323,3.9863137138648344e-11,2.2204460492503132e-17,4.172746411075714,,1,42
31,True,Replace + Select,5.085602306768536,0.004871157512139865,0.009952044167665621,0.0001010869966405402,1.8603751525215628,3.9863137138648344e-11,2.2204460492503132e-17,4.176505040998018,,1,42
32,True,Replace + Select,5.103077733921451,0.004493923040382306,0.008897844060414401,9.037905353811749e-05,1.7670896138103998,3.9863137138648344e-11,2.2204460492503132e-17,4.178389321483731,,1,42
33,True,Replace + Select,5.118122313302841,0.003962988819874474,0.007846780105819575,7.970296562521164e-05,1.7478543057246942,3.9863137138648344e-11,2.2204460492503132e-17,4.179675617303879,,1,42
34,True,Replace + Select,5.125189338218375,0.003544100400864742,0.007025129176664113,7.135711995612864e-05,1.7861831729999715,3.9863137138648344e-11,2.2204460492503132e-17,4.182197763605463,,1,42
35,True,Replace + Select,5.1330172172271675,0.003365196324165266,0.006696556449671895,6.801967193137511e-05,1.8591304272560063,3.9863137138648344e-11,2.2204460492503132e-17,4.183537703683297,,1,42
36,True,Replace + Select,5.140354768141795,0.0030130928461739094,0.006102042440938365,6.198094917340556e-05,1.8230072261184693,3.9863137138648344e-11,2.2204460492503132e-17,4.183182899498211,,1,42
37,True,Replace + Select,5.145205997630517,0.0027036546478602813,0.005431845038733988,5.517347912968852e-05,1.8565733193976883,3.9863137138648344e-11,2.2204460492503132e-17,4.184376294334553,,1,42
38,True,Replace + Select,5.160757690516918,0.0023956467596999904,0.0047502849410325934,4.8250593524888424e-05,1.813931410552076,3.9863137138648344e-11,2.2204460492503132e-17,4.18652565845004,,1,42
39,True,Replace + Select,5.162668138332441,0.0023970399565380923,0.004740252630783789,4.8148691232722896e-05,1.8220261284067196,3.9863137138648344e-11,2.2204460492503132e-17,4.185663135621717,,1,42
40,True,Replace + Select,5.160016292291881,0.002303353132208623,0.004649446512015315,4.7226336220200645e-05,1.8621434179056462,3.9863137138648344e-11,2.2204460492503132e-17,4.18346842678218,,1,42
41,True,Replace + Select,5.1617667920859125,0.0022434135860884613,0.004442956897415319,4.5128936467374545e-05,1.844834167260327,3.9863137138648344e-11,2.2204460492503132e-17,4.182283744608498,,1,42
42,True,Replace + Select,5.16879734379852,0.0021503786089030704,0.004259276139493025,4.326321563191546e-05,1.7177790195196192,3.9863137138648344e-11,2.2204460492503132e-17,4.183224919128922,,1,42
43,True,Replace + Select,5.163875741828131,0.0020707649040646353,0.0041464808980769185,4.211750807696463e-05,1.7532983398183273,3.9863137138648344e-11,2.2204460492503132e-17,4.181824122932625,,1,42
44,True,Replace + Select,5.17353285757965,0.0019447735300819708,0.003922437023032232,3.9841802497043745e-05,1.8349365926901555,3.9863137138648344e-11,2.2204460492503132e-17,4.183258574427432,,1,42
45,True,Replace + Select,5.1817804170190795,0.0017306839810806508,0.003462649456719225,3.517155150255411e-05,1.7540294242674608,3.9863137138648344e-11,2.2204460492503132e-17,4.184890352343656,,1,42
46,True,Replace + Select,5.1892953467841565,0.001684574437074198,0.0033673178206591694,3.420322895376055e-05,1.7997801484763305,3.9863137138648344e-11,2.2204460492503132e-17,4.186299881111399,,1,42
47,True,Replace + Select,5.18613135984989,0.0016194471643278133,0.003232863550025901,3.283752175081517e-05,1.893489458452988,3.9863137138648344e-11,2.2204460492503132e-17,4.184408383808929,,1,42
48,True,Replace + Select,5.193588685374072,0.001800887405485702,0.003495857230166819,3.550885648496599e-05,1.8131012256120123,3.9863137138648344e-11,2.2204460492503132e-17,4.186698499170194,,1,42
49,True,Replace + Select,5.199816472441232,0.001617294657196546,0.003223323312584332,3.27406176440851e-05,1.8675540019574393,3.9863137138648344e-11,2.2204460492503132e-17,4.187785612901244,,1,42
50,True,Replace + Select,5.205841337685923,0.0017405484339640326,0.0034779816006319146,3.532728638014136e-05,1.8909398233422445,3.9863137138648344e-11,2.2204460492503132e-17,4.187857296051192,,1,42
51,True,Replace + Select,5.208858352119586,0.001761796730623316,0.0035383863864609506,3.5940842578174656e-05,1.892265367359141,3.9863137138648344e-11,2.2204460492503132e-17,4.186705204700838,,1,42
52,True,Replace + Select,5.2146757742899155,0.0016634202281846215,0.0033761471633921474,3.4292912211204946e-05,1.8286035231229056,3.9863137138648344e-11,2.2204460492503132e-17,4.18805115436316,,1,42
53,True,Replace + Select,5.220212711656585,0.0018239192614878314,0.003633402678406493,3.6905962047389045e-05,1.8044005154524507,3.9863137138648344e-11,2.2204460492503132e-17,4.189126695480567,,1,42
54,True,Replace + Select,5.215128640341294,0.0018245632472818167,0.0036788415657399145,3.7367503472832784e-05,1.7821391701468972,3.9863137138648344e-11,2.2204460492503132e-17,4.185503595403886,,1,42
55,True,Replace + Select,5.228483953872226,0.0015712339550172695,0.0031573996936124942,3.207100439305172e-05,1.750361194611117,3.9863137138648344e-11,2.2204460492503132e-17,4.187301496276181,,1,42
56,True,Replace + Select,5.239334446689401,0.0014670830486223255,0.002940758139118051,2.987048722065677e-05,1.8998946999586712,3.9863137138648344e-11,2.2204460492503132e-17,4.188459405628192,,1,42
57,True,Replace + Select,5.257736138246139,0.0014498466636716754,0.0029521659734270413,2.998636127517669e-05,1.8167284067640899,3.9863137138648344e-11,2.2204460492503132e-17,4.191178073074471,,1,42
58,True,Replace + Select,5.27002402433292,0.0012369861250477398,0.0024725263136182027,2.5114464420327947e-05,1.877136644237854,3.9863137138648344e-11,2.2204460492503132e-17,4.193517579988777,,1,42
59,True,Replace + Select,5.281107387858059,0.0012486582599245866,0.002464337691177157,2.5031289221821688e-05,1.8211386066651707,3.9863137138648344e-11,2.2204460492503132e-17,4.195033685931762,,1,42
60,True,Replace + Select,5.2887566249004445,0.0012571487142946979,0.0024772443133057823,2.5162387079284584e-05,1.804256515861816,3.9863137138648344e-11,2.2204460492503132e-17,4.1960344310639845,,1,42
61,True,Replace + Select,5.291397270274037,0.001259168725901988,0.002452039437260132,2.490637080994064e-05,1.8314474643755498,3.9863137138648344e-11,2.2204460492503132e-17,4.196066783566037,,1,42
62,True,Replace + Select,5.293313955156697,0.001174240742281991,0.002338281955183426,2.375088938172451e-05,1.7745564794260509,3.9863137138648344e-11,2.2204460492503132e-17,4.195033662764019,,1,42
63,True,Replace + Select,5.29455642934699,0.001185566620520961,0.002392172044551679,2.429827313436362e-05,1.8055863180321803,3.9863137138648344e-11,2.2204460492503132e-17,4.1944997043111,,1,42
64,True,Replace + Select,5.31345206548079,0.0011423644382872993,0.00227116938964132,2.3069199512467808e-05,1.796111763194185,3.9863137138648344e-11,2.2204460492503132e-17,4.197138820138072,,1,42
65,True,Replace + Select,5.319811626721827,0.0009390922351891618,0.0018810611433035082,1.9106709965333156e-05,1.8369308369455224,3.9863137138648344e-11,2.2204460492503132e-17,4.19796153080905,,1,42
66,True,Replace + Select,5.328299010569399,0.0009230759992031374,0.0018176135478874663,1.8462246701644065e-05,1.7701356854686627,3.9863137138648344e-11,2.2204460492503132e-17,4.19803923924671,,1,42
67,True,Replace + Select,5.330861612461491,0.0009099805795956108,0.001780982993773206,1.8090175131391185e-05,1.8365536903357027,3.9863137138648344e-11,2.2204460492503132e-17,4.198445335411056,,1,42
68,True,Replace + Select,5.331930269995268,0.0008668282297171926,0.0017224292152660718,1.7495420374326035e-05,1.7107300307110593,3.9863137138648344e-11,2.2204460492503132e-17,4.197662483264113,,1,42
69,True,Replace + Select,5.340276073652244,0.0008003755414358846,0.0015816304144090567,1.606526917428733e-05,1.8503477305008218,3.9863137138648344e-11,2.2204460492503132e-17,4.197397084430372,,1,42
70,True,Replace + Select,5.356799809797489,0.0007620414096318134,0.001530526751683745,1.5546188300529046e-05,1.858338868924973,3.9863137138648344e-11,2.2204460492503132e-17,4.199714570004187,,1,42
71,True,Replace + Select,5.376039390948075,0.0007338961546114477,0.0014857300373691596,1.5091169689966761e-05,1.8851386827521197,3.9863137138648344e-11,2.2204460492503132e-17,4.201971422878588,,1,42
72,True,Replace + Select,5.380473848364752,0.0007836665505655346,0.0015870707010501972,1.612052839823685e-05,1.8120054999760353,3.9863137138648344e-11,2.2204460492503132e-17,4.201939470767134,,1,42
73,True,Replace + Select,5.3787214022529115,0.0008863705811593262,0.001755057850877251,1.7826842816072126e-05,1.796153514747619,3.9863137138648344e-11,2.2204460492503132e-17,4.200457268184806,,1,42
74,True,Replace + Select,5.378721624078632,0.0008822884147046046,0.0017642755804884002,1.7920471078420783e-05,1.7169150431450917,3.9863137138648344e-11,2.2204460492503132e-17,4.199635759489305,,1,42
75,True,Replace + Select,5.384810962918792,0.0008533203248806705,0.0017018535491965274,1.7286424890402576e-05,1.8096658068117653,3.9863137138648344e-11,2.2204460492503132e-17,4.201610939851534,,1,42
76,True,Replace + Select,5.38256921352361,0.0007308674763243892,0.0014393780575603708,1.462035360954411e-05,1.9048443896863816,3.9863137138648344e-11,2.2204460492503132e-17,4.200664689698502,,1,42
77,True,Replace + Select,5.390713645559242,0.0007110483949679916,0.001407060288459328,1.4292088766512051e-05,1.802580411172836,3.9863137138648344e-11,2.2204460492503132e-17,4.200129426050832,,1,42
78,True,Replace + Select,5.397034372202991,0.000645130400275118,0.0012948493472823004,1.3152316188869372e-05,1.8305159982041919,3.9863137138648344e-11,2.2204460492503132e-17,4.2005477705593,,1,42
79,True,Replace + Select,5.402532058668812,0.0006534327861806135,0.0013000891645903428,1.3205539163535829e-05,1.8346093869684892,3.9863137138648344e-11,2.2204460492503132e-17,4.200654579246637,,1,42
80,True,Replace + Select,5.406724869267963,0.0006246866068760934,0.0012304065799677427,1.2497744555817444e-05,1.7126361712413023,3.9863137138648344e-11,2.2204460492503132e-17,4.201459258836797,,1,42
81,True,Replace + Select,5.415641611460952,0.0005613359115306633,0.001125960120540911,1.1436839005629054e-05,1.8841470667793643,3.9863137138648344e-11,2.2204460492503132e-17,4.2027944706711615,,1,42
82,True,Replace + Select,5.42464698722166,0.0006028689841166254,0.0012348747633480544,1.2543129728023811e-05,1.8190655248800893,3.9863137138648344e-11,2.2204460492503132e-17,4.2032380955571815,,1,42
83,True,Replace + Select,5.437734711161782,0.0006122806132546508,0.001233652733330416,1.253071706764907e-05,1.8524658730849155,3.9863137138648344e-11,2.2204460492503132e-17,4.205065330127201,,1,42
84,True,Replace + Select,5.44314725410657,0.0007125307870608226,0.0014148524135886716,1.4371236579112385e-05,1.7962047281614288,3.9863137138648344e-11,2.2204460492503132e-17,4.204657950065215,,1,42
85,True,Replace + Select,5.445613093878593,0.0006527215907703794,0.001300475303631214,1.3209461336234193e-05,1.8342187706745798,3.9863137138648344e-11,2.2204460492503132e-17,4.203789608434941,,1,42
86,True,Replace + Select,5.447051271539617,0.0006069919489914842,0.0012019241035350484,1.2208436354310397e-05,1.8058900775042686,3.9863137138648344e-11,2.2204460492503132e-17,4.203199276614206,,1,42
87,True,Replace + Select,5.44965069700664,0.000585931841549237,0.001170911987120927,1.1893433561421299e-05,1.7559967806238488,3.9863137138648344e-11,2.2204460492503132e-17,4.202439350157293,,1,42
88,True,Replace + Select,5.4564992245631325,0.0006229406544434827,0.0012452258290893742,1.264826975053481e-05,1.856072996880907,3.9863137138648344e-11,2.2204460492503132e-17,4.202706004923993,,1,42
89,True,Replace + Select,5.461826452959195,0.0006012856864011583,0.0012020396501554232,1.2209610008750518e-05,1.826068447267229,3.9863137138648344e-11,2.2204460492503132e-17,4.203519994207482,,1,42
90,True,Replace + Select,5.474103387827885,0.0006947877092663934,0.0013745060197722062,1.3961421700131636e-05,1.8086724915333474,3.9863137138648344e-11,2.2204460492503132e-17,4.205395749979053,,1,42
91,True,Replace + Select,5.4902230996888415,0.0005859869369456502,0.0011715184457418214,1.1899593610506708e-05,1.7702652055669104,3.9863137138648344e-11,2.2204460492503132e-17,4.208150412349861,,1,42
92,True,Replace + Select,5.49763924355229,0.0005686157011306643,0.0011355427234226159,1.1534173435520128e-05,1.8625781507346302,3.9863137138648344e-11,2.2204460492503132e-17,4.208108988452454,,1,42
93,True,Replace + Select,5.511788428876881,0.0005226964058722886,0.0010407216901010081,1.0571037288277503e-05,1.8463050865986474,3.9863137138648344e-11,2.2204460492503132e-17,4.2104827768322215,,1,42
94,True,Replace + Select,5.521476210038353,0.00048335729371245476,0.000955656710216007,9.706997379391153e-06,1.8090796906840754,3.9863137138648344e-11,2.2204460492503132e-17,4.210889576891515,,1,42
95,True,Replace + Select,5.526003066140687,0.0005447560324201178,0.001082622242311954,1.0996638391852406e-05,1.797692340603453,3.9863137138648344e-11,2.2204460492503132e-17,4.2102566316769225,,1,42
96,True,Replace + Select,5.528640444618445,0.000600166149318966,0.0011870170674588552,1.2057019471470334e-05,1.9025949526101258,3.9863137138648344e-11,2.2204460492503132e-17,4.209861464485938,,1,42
97,True,Replace + Select,5.534396160962169,0.000680135813294976,0.0013772287021164265,1.398907710201155e-05,1.7460403260797368,3.9863137138648344e-11,2.2204460492503132e-17,4.210775067429574,,1,42
98,True,Replace + Select,5.5382461878388956,0.0006421453693307838,0.0012804988148324475,1.3006551941734955e-05,1.7385308961874164,3.9863137138648344e-11,2.2204460492503132e-17,4.210610612304456,,1,42
99,True,Replace + Select,5.545549830487408,0.0005840735694675283,0.0011768653546774396,1.1953904358781742e-05,1.8435471941000083,3.9863137138648344e-11,2.2204460492503132e-17,4.211998005539386,,1,42
100,True,Replace + Select,5.552637105584559,0.0005715369798804651,0.0011665507367237698,1.1849134551407018e-05,1.7841045464958096,3.9863137138648344e-11,2.2204460492503132e-17,4.212865064279963,,1,42
101,True,Replace + Select,5.565476598051104,0.000552478091462272,0.0010963657893332767,1.1136237238900069e-05,1.826549545178899,3.9863137138648344e-11,2.2204460492503132e-17,4.214579258219884,,1,42
102,True,Replace + Select,5.571880163643815,0.0005319581193313202,0.00106747458889023,1.0842777459891425e-05,1.8987611914653486,3.9863137138648344e-11,2.2204460492503132e-17,4.214849530952407,,1,42
103,True,Replace + Select,5.578743505673346,0.0004890430298155642,0.0009921244660959074,1.0077415341169977e-05,1.7977575015604204,3.9863137138648344e-11,2.2204460492503132e-17,4.215278764897033,,1,42
104,True,Replace + Select,5.5970027397599,0.0005619720431108256,0.0011158566690991263,1.1334214103172142e-05,1.9006792200421625,3.9863137138648344e-11,2.2204460492503132e-17,4.21857106528834,,1,42
105,True,Replace + Select,5.592204679075804,0.000497880536880249,0.0009858358391286017,1.0013539176393393e-05,1.8983167833648829,3.9863137138648344e-11,2.2204460492503132e-17,4.216205625931826,,1,42
106,True,Replace + Select,5.609084149021273,0.00045411708901103615,0.0008825262254560472,8.96418103505964e-06,1.905759093733731,3.9863137138648344e-11,2.2204460492503132e-17,4.218351009111986,,1,42
107,True,Replace + Select,5.614439375831013,0.0004563677314165834,0.0008802153480115237,8.940708504538703e-06,1.8111584032092032,3.9863137138648344e-11,2.2204460492503132e-17,4.218270686930424,,1,42
108,True,Replace + Select,5.621862297001191,0.0004393229045022449,0.000862777035905671,8.763580412303306e-06,1.8209771379685895,3.9863137138648344e-11,2.2204460492503132e-17,4.218618432028495,,1,42
109,True,Replace + Select,5.627650806298141,0.0004045727107760984,0.0008194718024844423,8.323711385235234e-06,1.8311918222308448,3.9863137138648344e-11,2.2204460492503132e-17,4.218499919799117,,1,42
110,True,Replace + Select,5.6421872243454585,0.00041139906449317464,0.0008178007431763096,8.306737750088377e-06,1.8311887326933336,3.9863137138648344e-11,2.2204460492503132e-17,4.220706444734378,,1,42
111,True,Replace + Select,5.646644358438886,0.0004441526765944181,0.0009082527540412383,9.225495943318733e-06,1.8434488507483158,3.9863137138648344e-11,2.2204460492503132e-17,4.22032145399493,,1,42
112,True,Replace + Select,5.6576253712368025,0.0004632092397211889,0.0009107297145997534,9.250655448184163e-06,1.876188177320481,3.9863137138648344e-11,2.2204460492503132e-17,4.221496469631943,,1,42
113,True,Replace + Select,5.671365509043549,0.0004514178824419743,0.0009011984435957364,9.153842417239873e-06,1.83949411690147,3.9863137138648344e-11,2.2204460492503132e-17,4.223766532104997,,1,42
114,True,Replace + Select,5.676374774300588,0.0004221079290796506,0.0008609804853047712,8.745332110597836e-06,1.875176869564046,3.9863137138648344e-11,2.2204460492503132e-17,4.223709003709342,,1,42
115,True,Replace + Select,5.68599361686483,0.00044136015654137325,0.0008868202162543803,9.007796861727281e-06,1.9677986184127596,3.9863137138648344e-11,2.2204460492503132e-17,4.225115377692202,,1,42
116,True,Replace + Select,5.693258212350396,0.00044494301594025205,0.0009076413435466545,9.219285596020155e-06,1.8635459887531527,3.9863137138648344e-11,2.2204460492503132e-17,4.225631431690029,,1,42
117,True,Replace + Select,5.695859911740791,0.00044487442770094665,0.0008718847303043937,8.856091001844098e-06,1.847251301994701,3.9863137138648344e-11,2.2204460492503132e-17,4.225456901582127,,1,42
118,True,Replace + Select,5.7089694370897925,0.0004010231193072814,0.0008329794283925493,8.4609138847208e-06,1.8230938591777868,3.9863137138648344e-11,2.2204460492503132e-17,4.2275153744684735,,1,42
119,True,Replace + Select,5.719629118730287,0.00037003666572303813,0.0007336300153199982,7.451781126032461e-06,1.8644828075277253,3.9863137138648344e-11,2.2204460492503132e-17,4.228792751949759,,1,42
120,True,Replace + Select,5.725378525992015,0.0004112952848758832,0.0008147017315875516,8.275259817637114e-06,1.84297391944324,3.9863137138648344e-11,2.2204460492503132e-17,4.229046446993162,,1,42
121,True,Replace + Select,5.733136435986819,0.00036731317632766023,0.0007365483104748633,7.481423447503905e-06,1.8035883796958112,3.9863137138648344e-11,2.2204460492503132e-17,4.229456026316067,,1,42
122,True,Replace + Select,5.752825996702991,0.0003813085197613103,0.0007758907287371481,7.881040534778465e-06,1.7649571525434589,3.9863137138648344e-11,2.2204460492503132e-17,4.233202828817985,,1,42
123,True,Replace + Select,5.758115378647545,0.00039990235910276325,0.0007922077116714294,8.046778826457323e-06,1.8618280156995402,3.9863137138648344e-11,2.2204460492503132e-17,4.233520200225449,,1,42
124,True,Replace + Select,5.7656127106894,0.0003424952114405697,0.0006970640280470124,7.080365387682761e-06,1.8154881280505217,3.9863137138648344e-11,2.2204460492503132e-17,4.234527602841389,,1,42
125,True,Replace + Select,5.767706488164709,0.0003197388934700101,0.0006411152079274164,6.512070261959018e-06,1.7569416443913264,3.9863137138648344e-11,2.2204460492503132e-17,4.234276097387961,,1,42
126,True,Replace + Select,5.773330925855813,0.0003147469311741482,0.0006377332236620717,6.4777180599079035e-06,1.7915157987608872,3.9863137138648344e-11,2.2204460492503132e-17,4.2341412036546355,,1,42
127,True,Replace + Select,5.780913888183368,0.00031386562374908036,0.0006311320659020453,6.410667391616106e-06,1.8138561235540074,3.9863137138648344e-11,2.2204460492503132e-17,4.234210507633964,,1,42
128,True,Replace + Select,5.7933581130397815,0.00032024722391516545,0.0006430240739250114,6.531459397239693e-06,1.9169669913770022,3.9863137138648344e-11,2.2204460492503132e-17,4.235783061667171,,1,42
129,True,Replace + Select,5.802292357362082,0.00029575171460513187,0.0005881141091507646,5.973716351574689e-06,1.8587703180337187,3.9863137138648344e-11,2.2204460492503132e-17,4.237210870883626,,1,42
130,True,Replace + Select,5.805738134047094,0.00029720859376376453,0.0005919857131560036,6.013041822249614e-06,1.8566961152596795,3.9863137138648344e-11,2.2204460492503132e-17,4.236211597090692,,1,42
131,True,Replace + Select,5.808570578245404,0.0002816876997957991,0.0005751303005704475,5.841834479646884e-06,1.856330324388753,3.9863137138648344e-11,2.2204460492503132e-17,4.235477922347814,,1,42
132,True,Replace + Select,5.814434540251224,0.00027433569718028026,0.0005541029110863862,5.628250655628023e-06,1.8971828451218327,3.9863137138648344e-11,2.2204460492503132e-17,4.236034425392299,,1,42
133,True,Replace + Select,5.82322422557139,0.00025751819243876787,0.0005088016263472664,5.168106916202707e-06,1.8555091374179251,3.9863137138648344e-11,2.2204460492503132e-17,4.236860199300067,,1,42
134,True,Replace + Select,5.829263394290776,0.0002712283453940188,0.0005397969865937045,5.482939509820401e-06,1.8582275368814185,3.9863137138648344e-11,2.2204460492503132e-17,4.236873300911552,,1,42
135,True,Replace + Select,5.833554890740171,0.0002686077589842612,0.0005297462093776634,5.38084964109034e-06,1.8395347065470755,3.9863137138648344e-11,2.2204460492503132e-17,4.236354998000989,,1,42
136,True,Replace + Select,5.8406580478606145,0.0002652083700213315,0.000530379533370274,5.387282572781038e-06,1.7686502554566168,3.9863137138648344e-11,2.2204460492503132e-17,4.2364092726260445,,1,42
137,True,Replace + Select,5.8469678682153585,0.0002707256633423567,0.0005429768178797028,5.515238361102589e-06,1.7728860453520014,3.9863137138648344e-11,2.2204460492503132e-17,4.236975523886318,,1,42
138,True,Replace + Select,5.854056937696788,0.0003155136037247039,0.0006366068178459867,6.466276693789733e-06,1.8719122210821375,3.9863137138648344e-11,2.2204460492503132e-17,4.237945507436373,,1,42
139,True,Replace + Select,5.857460744845401,0.0002904738663128231,0.0005809796620611337,5.901248844715663e-06,1.8887570241586065,3.9863137138648344e-11,2.2204460492503132e-17,4.237563829532725,,1,42
140,True,Replace + Select,5.862484305194991,0.00027108410452890365,0.0005460593926728796,5.546549338275952e-06,1.8342639118084287,3.9863137138648344e-11,2.2204460492503132e-17,4.237135125907624,,1,42
141,True,Replace + Select,5.870509711334733,0.00029293980613919547,0.0005978804369003273,6.072916950343939e-06,1.8083822453153036,3.9863137138648344e-11,2.2204460492503132e-17,4.238088716769686,,1,42
142,True,Replace + Select,5.879098801135045,0.00031002365011404537,0.0006152397772578755,6.249242894124098e-06,1.8351790707742168,3.9863137138648344e-11,2.2204460492503132e-17,4.239416614749272,,1,42
143,True,Replace + Select,5.890646428152996,0.0003556344725988731,0.0007134216755970255,7.246516726551183e-06,1.8890834541653312,3.9863137138648344e-11,2.2204460492503132e-17,4.2409512853092375,,1,42
144,True,Replace + Select,5.898295387955322,0.0003470228828586651,0.0006996453766118858,7.106585204366576e-06,1.897009597305721,3.9863137138648344e-11,2.2204460492503132e-17,4.241112921821052,,1,42
145,True,Replace + Select,5.9114422140877005,0.00035025600042076153,0.0007072512036600775,7.183840710905333e-06,1.8525445711229813,3.9863137138648344e-11,2.2204460492503132e-17,4.2429161204893235,,1,42
146,True,Replace + Select,5.918597694479853,0.00040513099337983875,0.0008075934974106376,8.203058566089572e-06,1.8205804708298141,3.9863137138648344e-11,2.2204460492503132e-17,4.243649671883736,,1,42
147,True,Replace + Select,5.936654318463759,0.0004515162790629736,0.0009184325539566798,9.328896348553769e-06,1.8300228214991758,3.9863137138648344e-11,2.2204460492503132e-17,4.2475446705232205,,1,42
148,True,Replace + Select,5.942693917747588,0.0004857742624987684,0.0009928889548984979,1.0085180567661866e-05,1.7792495056450537,3.9863137138648344e-11,2.2204460492503132e-17,4.2477188434427955,,1,42
149,True,Replace + Select,5.954314128608068,0.0004441122828499891,0.0008867704733372623,9.007291602505067e-06,1.7807264411810957,3.9863137138648344e-11,2.2204460492503132e-17,4.248960575787923,,1,42
150,True,Replace + Select,5.954105256645552,0.0003749009800770121,0.0007412366408395451,7.529044742972441e-06,1.770294329748157,3.9863137138648344e-11,2.2204460492503132e-17,4.246506741345084,,1,42
151,True,Replace + Select,5.96350412856554,0.0003844245447687778,0.0007673036975623033,7.793818535267649e-06,1.8506214115233877,3.9863137138648344e-11,2.2204460492503132e-17,4.247481729217048,,1,42
152,True,Replace + Select,5.967549880635072,0.00038021742322659724,0.0007534156326279907,7.652751760471798e-06,1.8418857257333243,3.9863137138648344e-11,2.2204460492503132e-17,4.246266577331342,,1,42
153,True,Replace + Select,5.971133288044167,0.00035525858173565114,0.0007092548751295579,7.204192824269357e-06,1.7751799645931534,3.9863137138648344e-11,2.2204460492503132e-17,4.246229860533326,,1,42
154,True,Replace + Select,5.971226477456108,0.00038040653789866996,0.0007879571591774743,8.003604220473067e-06,1.8415272411999075,3.9863137138648344e-11,2.2204460492503132e-17,4.244625039662338,,1,42
155,True,Replace + Select,5.976853345629452,0.00040705526101487977,0.0008087534846678194,8.214841032685809e-06,1.8701259738000224,3.9863137138648344e-11,2.2204460492503132e-17,4.244458322583243,,1,42
156,True,Replace + Select,5.993146022204173,0.00041368673947942504,0.00081368919947603,8.264975113466651e-06,1.8378979275384895,3.9863137138648344e-11,2.2204460492503132e-17,4.247799492882863,,1,42
157,True,Replace + Select,6.000678535535559,0.00037405224668197274,0.0007271328675558632,7.385786929951611e-06,1.9076662406295366,3.9863137138648344e-11,2.2204460492503132e-17,4.2481678637875575,,1,42
158,True,Replace + Select,6.008068509740004,0.0003418963274319941,0.0006798827570308854,6.905848167277897e-06,1.8550050416103083,3.9863137138648344e-11,2.2204460492503132e-17,4.248725103383675,,1,42
159,True,Replace + Select,6.020279691721583,0.0003389765239565472,0.0006965469514599607,7.07511322859488e-06,1.8138944355997868,3.9863137138648344e-11,2.2204460492503132e-17,4.250059325616629,,1,42
160,True,Replace + Select,6.024182052979453,0.0003353624942418154,0.0006693872800648591,6.799241300695388e-06,1.7601914235141183,3.9863137138648344e-11,2.2204460492503132e-17,4.249055701031079,,1,42
161,True,Replace + Select,6.036560748506217,0.00030175585516263896,0.0006123272039807443,6.21965869211289e-06,1.732249238452003,3.9863137138648344e-11,2.2204460492503132e-17,4.2508291244516805,,1,42
162,True,Replace + Select,6.036010474545761,0.00028817327539677,0.0005649520707398383,5.738450022407806e-06,1.8863044832871079,3.9863137138648344e-11,2.2204460492503132e-17,4.248903225792993,,1,42
163,True,Replace + Select,6.0483654836545755,0.0002988682197444331,0.0005961169196958866,6.05500418240225e-06,1.7758576074135892,3.9863137138648344e-11,2.2204460492503132e-17,4.250537953890983,,1,42
164,True,Replace + Select,6.061946808294385,0.00028614047445323716,0.0005693052924912025,5.782667482172044e-06,1.8833505938146995,3.9863137138648344e-11,2.2204460492503132e-17,4.253287440178096,,1,42
165,True,Replace + Select,6.0687757235317425,0.0002662572177880866,0.0005276829678621758,5.359892450323205e-06,1.8086431466612471,3.9863137138648344e-11,2.2204460492503132e-17,4.25324560990966,,1,42
166,True,Replace + Select,6.0730339963806825,0.0002723422387447344,0.0005370266581194623,5.454800146645267e-06,1.9448478753518974,3.9863137138648344e-11,2.2204460492503132e-17,4.2529483167728,,1,42
167,True,Replace + Select,6.079084237738282,0.00026860188424928934,0.0005259844436846166,5.342639843226799e-06,1.795179831834524,3.9863137138648344e-11,2.2204460492503132e-17,4.253131041907823,,1,42
168,True,Replace + Select,6.089574423303304,0.00029234791151031524,0.0005840801866387057,5.932742145215198e-06,1.8280455122717454,3.9863137138648344e-11,2.2204460492503132e-17,4.254648987842497,,1,42
169,True,Replace + Select,6.103490073300356,0.00028614750014208275,0.0005742974497305602,5.83337487188838e-06,1.95362699192259,3.9863137138648344e-11,2.2204460492503132e-17,4.2571153111015825,,1,42
170,True,Replace + Select,6.116338367560697,0.0003041987739516391,0.0006120303426181177,6.21664334942942e-06,1.8583799492523423,3.9863137138648344e-11,2.2204460492503132e-17,4.259758872811457,,1,42
171,True,Replace + Select,6.12372244493913,0.000319637880462147,0.0006394284637091834,6.494937308743641e-06,1.8742714218640237,3.9863137138648344e-11,2.2204460492503132e-17,4.26047246180412,,1,42
172,True,Replace + Select,6.1304864222170155,0.0002795292938239544,0.0005564154811801365,5.6517403790817705e-06,1.8010950401850727,3.9863137138648344e-11,2.2204460492503132e-17,4.260707790817677,,1,42
173,True,Replace + Select,6.138040965972894,0.0002908930829870248,0.0005887332219099139,5.9800049339352425e-06,1.817611911301737,3.9863137138648344e-11,2.2204460492503132e-17,4.261908231970531,,1,42
174,True,Replace + Select,6.143529508757772,0.00028048197600386785,0.0005535554648344366,5.622690019390946e-06,1.796065876819829,3.9863137138648344e-11,2.2204460492503132e-17,4.261526705281445,,1,42
175,True,Replace + Select,6.154147414150175,0.0003020255970041612,0.0006040112636455919,6.135190273508628e-06,1.8676974907442991,3.9863137138648344e-11,2.2204460492503132e-17,4.262365008833613,,1,42
176,True,Replace + Select,6.15890099594844,0.0003029191527903205,0.0006175205729180826,6.272409871617044e-06,1.8513616170760647,3.9863137138648344e-11,2.2204460492503132e-17,4.262065868999086,,1,42
177,True,Replace + Select,6.164917838389122,0.00029413935830811377,0.0005835055791945032,5.926905621602245e-06,1.8751554948639177,3.9863137138648344e-11,2.2204460492503132e-17,4.262545948155135,,1,42
178,True,Replace + Select,6.170869490449115,0.00030092117495204737,0.0005945777034478082,6.039369731320924e-06,1.8515853072006148,3.9863137138648344e-11,2.2204460492503132e-17,4.262525092860337,,1,42
179,True,Replace + Select,6.17861743532031,0.00026373636131982994,0.0005295532988841694,5.378890170043063e-06,1.8423095199245834,3.9863137138648344e-11,2.2204460492503132e-17,4.263177376833151,,1,42
180,True,Replace + Select,6.186808755099893,0.00023115455987660782,0.00046298088516137973,4.702686844477758e-06,1.8541336148575125,3.9863137138648344e-11,2.2204460492503132e-17,4.26356311779321,,1,42
181,True,Replace + Select,6.196089791526986,0.00023594289847674816,0.0004803665113764578,4.8792797844998e-06,1.8571187124585125,3.9863137138648344e-11,2.2204460492503132e-17,4.264697022961333,,1,42
182,True,Replace + Select,6.204148981237699,0.0002277986954465417,0.00045245407796825184,4.595761743921564e-06,1.8404592132109254,3.9863137138648344e-11,2.2204460492503132e-17,4.264947457528423,,1,42
183,True,Replace + Select,6.211619791604556,0.0002473203189094506,0.0004910955794231653,4.9882593315477755e-06,1.7632067257697517,3.9863137138648344e-11,2.2204460492503132e-17,4.265726775933004,,1,42
184,True,Replace + Select,6.223083153059089,0.00023108090261174594,0.00045813406464889297,4.653455699538218e-06,1.8520343027272614,3.9863137138648344e-11,2.2204460492503132e-17,4.2675071964578155,,1,42
185,True,Replace + Select,6.232474418110446,0.0002534136562774846,0.0005077756209997737,5.15768535884546e-06,1.8102084117090167,3.9863137138648344e-11,2.2204460492503132e-17,4.268479042656767,,1,42
186,True,Replace + Select,6.237922755779696,0.000246542649525338,0.0004872664252380016,4.949365041115527e-06,1.818920030727532,3.9863137138648344e-11,2.2204460492503132e-17,4.268644618656191,,1,42
187,True,Replace + Select,6.244339036207344,0.00023697761123157661,0.0004679045853097049,4.752698887427676e-06,1.9069707106637002,3.9863137138648344e-11,2.2204460492503132e-17,4.268650855685165,,1,42
188,True,Replace + Select,6.255645815079957,0.0002242773725725707,0.00044209920664363075,4.4905830665392746e-06,1.9070076619691518,3.9863137138648344e-11,2.2204460492503132e-17,4.270603615060201,,1,42
189,True,Replace + Select,6.2639751994148085,0.00020386558988485414,0.0004080066066345461,4.144290537635235e-06,1.8336933971385012,3.9863137138648344e-11,2.2204460492503132e-17,4.271956735683875,,1,42
190,True,Replace + Select,6.272629315021123,0.00022742489528316498,0.00045903924924970487,4.662650030990106e-06,1.785484185996456,3.9863137138648344e-11,2.2204460492503132e-17,4.272525857798462,,1,42
191,True,Replace + Select,6.2799632518051105,0.00023892703215389256,0.00047684472316810193,4.843507536428049e-06,1.7900321255134868,3.9863137138648344e-11,2.2204460492503132e-17,4.273220849708661,,1,42
192,True,Replace + Select,6.2873515841680785,0.0002459056646079607,0.0004892762896728751,4.969780058970462e-06,1.812610367979731,3.9863137138648344e-11,2.2204460492503132e-17,4.273630627251371,,1,42
193,True,Replace + Select,6.294429569199989,0.00025883911466974323,0.0005200790832510863,5.282656673915215e-06,1.8782401954227976,3.9863137138648344e-11,2.2204460492503132e-17,4.274331200194319,,1,42
194,True,Replace + Select,6.302295144240089,0.0002586051757642516,0.0005156456506353263,5.2376244794851026e-06,1.8299772789031001,3.9863137138648344e-11,2.2204460492503132e-17,4.275639948096548,,1,42
195,True,Replace + Select,6.313417095692381,0.0003105853166958185,0.0006157614489695639,6.25454172777862e-06,1.8052008796252763,3.9863137138648344e-11,2.2204460492503132e-17,4.2771692802493755,,1,42
196,True,Replace + Select,6.32289017688837,0.00030809925573095263,0.0006064370904843747,6.159830392198946e-06,1.792220609436158,3.9863137138648344e-11,2.2204460492503132e-17,4.278656133378827,,1,42
197,True,Replace + Select,6.336215135844757,0.000291654860866139,0.0005873847226344493,5.966307673409455e-06,1.9275414721232438,3.9863137138648344e-11,2.2204460492503132e-17,4.2811085894251795,,1,42
198,True,Replace + Select,6.34496040358848,0.0002779709869877128,0.0005488979142320845,5.575381366599511e-06,1.7856968976915275,3.9863137138648344e-11,2.2204460492503132e-17,4.282725907882905,,1,42
199,True,Replace + Select,6.3565023525210975,0.00029178044498292047,0.0005846398600265941,5.938426977489665e-06,1.8215412555503576,3.9863137138648344e-11,2.2204460492503132e-17,4.284505681649303,,1,42
200,True,Replace + Select,6.369161774234224,0.000263972656279946,0.0005267519545201647,5.350435765747593e-06,1.8344389804139278,3.9863137138648344e-11,2.2204460492503132e-17,4.28586452878465,,1,42
0,False,Accumulate,3.9000081373841526e-33,48.91111311893317,96.3031056189057,0.9781901637656593,0.06281945722125008,1.0,0.5,1.7999999999993865,,1,42
1,False,Accumulate,0.5786870172940947,47.05327633511592,94.25039052879237,0.9573398942207899,0.19753336919553033,0.9973486766943933,0.4696962773413603,2.4366291071202815,100.0,1,42
2,False,Accumulate,0.6704022483583253,48.2707261549606,95.31399574087955,0.9681433688326131,0.27863873981622844,0.9995469985326138,0.48747075772658943,2.4178223741286966,200.0,1,42
3,False,Accumulate,0.8423589861732111,47.84993416419603,94.44730210856063,0.9593400059432832,0.2635480563397753,0.9999236586281794,0.49485632071032387,2.4472113362497123,300.0,1,42
4,False,Accumulate,0.858308407046944,49.84965016080749,98.49764452263211,1.0004809959857661,0.28505173807899187,0.9995117704606896,0.4869927567865395,2.4611505518394883,400.0,1,42
5,False,Accumulate,0.7244452121465697,48.839454791687196,97.43400397039713,0.9896771624095592,0.23679040384182135,0.9966461223187782,0.46591973561087474,2.397985962860583,500.0,1,42
6,False,Accumulate,0.6642535808020426,48.35748668812924,96.10832522397932,0.9762116993621814,0.2557827362725983,0.9973718322605694,0.4698288168602349,2.480688776137528,600.0,1,42
7,False,Accumulate,0.7797939228679261,48.39866774485586,95.64502484796267,0.9715057673179769,0.2833889200735583,0.9975512072366745,0.4708760131263104,2.5489834271906764,700.0,1,42
8,False,Accumulate,0.7101541716060128,48.64243562135069,97.32139284683866,0.9885333250152449,0.29566786260082634,0.9950900753892543,0.45877235255721505,2.5304328794641657,800.0,1,42
9,False,Accumulate,0.8136398828801739,48.97343399458719,98.22348629941777,0.9976962584060146,0.3119757874856428,0.9942761918233958,0.4554904962197023,2.482940034010014,900.0,1,42
10,False,Accumulate,0.8799973204188102,49.00619105861889,99.75812138555014,1.0132841767454794,0.2946404848508815,0.9930435519511015,0.4509383688597117,2.4186857761266327,1000.0,1,42
11,False,Accumulate,0.9112871172857145,48.62445885508526,96.98226325816543,0.9850886466141683,0.2578373774454066,0.9948565594998092,0.45780448796870266,2.376461907623846,1100.0,1,42
12,False,Accumulate,0.8638129485766628,48.66640019603683,97.0315756070485,0.9855895323781277,0.2711681038780863,0.9955411193344391,0.4607095737720307,2.393702432302202,1200.0,1,42
13,False,Accumulate,0.9134046391886872,48.713157736162955,96.35432864725982,0.9787104570850935,0.29442768884188414,0.995674301262488,0.4613002067769141,2.3722965311194137,1300.0,1,42
14,False,Accumulate,0.9580926500889885,48.96996355674185,96.63686411356309,0.9815802857606762,0.2878315171332145,0.9950016846267168,0.4584033337944755,2.3632621633101825,1400.0,1,42
15,False,Accumulate,0.9703491948771851,49.112032085543795,97.35986397386297,0.9889240920398628,0.3192467207718771,0.9946678228308188,0.4570382269297855,2.351667913009774,1500.0,1,42
16,False,Accumulate,0.9395165361147463,49.37709388831236,99.59320931228811,1.011609097142237,0.2680198771305389,0.9935873453421145,0.452892018560648,2.3795041386027385,1600.0,1,42
17,False,Accumulate,0.9875195270112086,49.14451734810955,97.86308418946089,0.9940355062766357,0.29298352736373884,0.9945651366256609,0.4566270398490258,2.4217175144448233,1700.0,1,42
18,False,Accumulate,1.0204633375692567,49.0734687113032,98.06409557902018,0.9960772614496191,0.34224536762879865,0.9942636209251937,0.4554417109525796,2.4022457258633367,1800.0,1,42
19,False,Accumulate,1.0429408071516018,49.16395048938811,99.11419631582575,1.0067435655641628,0.28851343644984806,0.9950917618214252,0.45877942543362,2.3982493641362743,1900.0,1,42
20,False,Accumulate,1.0114998566536955,48.92319054933084,97.12000343627717,0.9864877301278134,0.275196747137346,0.9953030457480362,0.4596754050967047,2.410356198379487,2000.0,1,42
21,False,Accumulate,1.0179700833676437,48.82174738329403,99.41844867077548,1.0098339815897073,0.29555050105268915,0.9952069990969995,0.45926565145274084,2.401361356595407,2100.0,1,42
22,False,Accumulate,0.991124954548146,48.84824956815854,98.08721786529298,0.9963121240000059,0.30967144753836073,0.9947357312653204,0.4573123397314571,2.3902841029392516,2200.0,1,42
23,False,Accumulate,0.9678500068200159,48.847141193957185,98.25599223865355,0.9980264345703247,0.27198089464846503,0.9946888542168095,0.4571229320025836,2.396794210681395,2300.0,1,42
24,False,Accumulate,0.9432640262428137,48.90587073731406,97.36057081301283,0.9889312716951741,0.27676971563912517,0.993419511769598,0.45228046708365155,2.405662978608084,2400.0,1,42
25,False,Accumulate,0.9495290193537937,48.971783217416366,98.67656763107342,1.0022983914230459,0.2738584767907819,0.9933411409822559,0.4519975843755041,2.3943262705565025,2500.0,1,42
26,False,Accumulate,0.9353164246963022,48.98967132388948,99.37739936882438,1.00941702698435,0.289035761053952,0.993011445522182,0.45082546386637806,2.3749617862891386,2600.0,1,42
27,False,Accumulate,0.915674835740193,48.952737313337494,96.9987827999269,0.9852564423789791,0.2556197552512791,0.9923664749507339,0.4486102264588109,2.3772082503859497,2700.0,1,42
28,False,Accumulate,0.9163386833860512,49.17383877265203,98.46416581097904,1.000140938972816,0.2667388853965105,0.9920082084545054,0.44742029119567167,2.3781238860160228,2800.0,1,42
29,False,Accumulate,0.9088717011345518,49.26285464639516,98.53464340476333,1.0008568088148382,0.2522573535062667,0.9916117815296988,0.44613446074735114,2.3666241161532455,2900.0,1,42
30,False,Accumulate,0.8817271898724677,49.36848180363698,100.45907864919663,1.0204040873248166,0.269545424666785,0.9911480874484169,0.4446686387533026,2.3741781367741823,3000.0,1,42
31,False,Accumulate,0.9113016580526845,49.45314470649447,97.1988956785271,0.9872890710074282,0.2745810629229284,0.990963879063442,0.44409707421689,2.3581974951063556,3100.0,1,42
32,False,Accumulate,0.9373979592575914,49.36919405389523,100.16600121549418,1.0174271795602436,0.28720101339612847,0.991608559818485,0.44612413763916137,2.358887526126016,3200.0,1,42
33,False,Accumulate,0.9397914759314121,49.32030140599556,98.4400928385254,0.9998964199127564,0.3138990037485277,0.990731530102353,0.44338443566375196,2.3544131617546347,3300.0,1,42
34,False,Accumulate,0.939880617058288,49.17220026661989,98.97837123847451,1.0053639345148437,0.2896356347035254,0.9910969433332381,0.44450935273788333,2.357187021038721,3400.0,1,42
35,False,Accumulate,0.9298716665597122,49.00949135095751,98.23892033261392,0.9978530282148663,0.29612188684219354,0.9916548022557742,0.446272500675103,2.347982497412368,3500.0,1,42
36,False,Accumulate,0.8966018064565925,49.01055903173075,97.08072269629339,0.9860887395321246,0.2844683865253056,0.9917079580175638,0.44644355595706003,2.3567757218270544,3600.0,1,42
37,False,Accumulate,0.9043521078968488,49.00378306117535,96.91244533187287,0.9843794772855678,0.26050633693146685,0.9918497206182744,0.4469024634543965,2.3774195260111295,3700.0,1,42
38,False,Accumulate,0.9104317523090661,49.069966287545,97.54487880747763,0.9908033636295951,0.3106018562186954,0.9916381158542406,0.4462189168918171,2.35900678988019,3800.0,1,42
39,False,Accumulate,0.8909416946778166,48.89820390598941,98.01487707475201,0.9955773289039241,0.27984032772765044,0.9911575076385297,0.4446980279545826,2.3588523578574825,3900.0,1,42
40,False,Accumulate,0.9053366800025582,48.867062150537734,97.10988427931811,0.9863849456979724,0.2937851198712907,0.9902300222096144,0.44187628757449315,2.3679650331623323,4000.0,1,42
41,False,Accumulate,0.8957909721832349,48.96863942222464,99.20710111811688,1.0076872377664634,0.2957519991918434,0.990602525670546,0.44299264448806,2.3577445685541685,4100.0,1,42
42,False,Accumulate,0.8976857252995565,48.91426348953875,100.16880040218537,1.0174556120481708,0.2845996866718262,0.990180075529302,0.4417282427796,2.3530368107430135,4200.0,1,42
43,False,Accumulate,0.9098420148739769,48.931841011987096,97.26902382133696,0.9880013913324988,0.24366018810376186,0.9901446170593413,0.4416233718256059,2.3400911807471205,4300.0,1,42
44,False,Accumulate,0.9327697064498929,48.936332620492415,99.7243881914049,1.012941534849424,0.3008199983463692,0.9898324584151315,0.4407082175820413,2.3418918513364915,4400.0,1,42
45,False,Accumulate,0.9457867478940712,48.95694877943033,97.94762941723195,0.9948942668500096,0.2896926829783394,0.9893845972882254,0.4394195915468185,2.345393016321787,4500.0,1,42
46,False,Accumulate,0.9686832414844577,49.09181962181282,97.7793926139147,0.9931854165992238,0.32003518658830415,0.9893701376164353,0.4393784477836171,2.3655487443455354,4600.0,1,42
47,False,Accumulate,0.9659955051348279,49.170956722621696,98.86907372623274,1.004253754830483,0.2921862975086351,0.9890766101273629,0.4385492545852048,2.3637154728052914,4700.0,1,42
48,False,Accumulate,0.96202461614098,49.12996085197388,100.04140012678576,1.0161615551695684,0.2654831770281556,0.9886448547927149,0.43734971927268307,2.3580347512292166,4800.0,1,42
49,False,Accumulate,0.984392346474885,49.24044221949557,99.25554696006543,1.0081793220638997,0.2837264537604599,0.9884500386037238,0.43681599940967714,2.3560119099367642,4900.0,1,42
50,False,Accumulate,0.9908736834706129,49.29604536948936,97.88516768824655,0.9942598174362275,0.307619993389493,0.9890025580156734,0.4383418421109378,2.347197023329684,5000.0,1,42
51,False,Accumulate,1.0014906065612312,49.35789286316158,98.26314947194582,0.9980991335259948,0.30959508937066527,0.9892746009721025,0.4391073119590509,2.3487656232292005,5100.0,1,42
52,False,Accumulate,1.0211791780273747,49.36499861927156,98.63059625250702,1.0018314412656297,0.3175377332246471,0.9893442642185821,0.4393048975285508,2.340863041484498,5200.0,1,42
53,False,Accumulate,0.9980035622842198,49.33868993471876,96.85858643042172,0.9838324103214013,0.3253147131131138,0.9891779944294067,0.43883437406543147,2.3346625189523773,5300.0,1,42
54,False,Accumulate,0.9952445023878225,49.32985265634496,97.5965036478177,0.9913277383182626,0.2750737210990763,0.9889127308374612,0.4380911875182334,2.3349699922787224,5400.0,1,42
55,False,Accumulate,1.0045384385019456,49.34452103104541,100.00845263897881,1.0158268940152222,0.3226350888993307,0.9883427332310852,0.43652396194489945,2.3302743425856773,5500.0,1,42
56,False,Accumulate,1.0030071510175973,49.22151234352582,98.41200822665891,0.9996111529849203,0.29509623947840213,0.9879424536698408,0.43544636065326464,2.3343544150501363,5600.0,1,42
57,False,Accumulate,1.0009115815503598,49.123513803290365,96.95185069236175,0.9847797337028675,0.2972518088905633,0.9888543083963842,0.4379287138331516,2.3280195697638013,5700.0,1,42
58,False,Accumulate,1.0210249386841699,49.20282271702639,97.32342698833712,0.9885539866251973,0.2949146854315391,0.9891911280056872,0.438871407440485,2.3341865441585594,5800.0,1,42
59,False,Accumulate,1.0056156219486776,49.28552155795974,98.19585867851147,0.997415633322897,0.3292344538907404,0.9892425692957472,0.43901667764913177,2.3337118445923517,5900.0,1,42
60,False,Accumulate,0.9943394082832021,49.34708236488323,99.11950129300521,1.006797450394383,0.2838042196327902,0.9888885916480846,0.43802400389750823,2.3293988064038627,6000.0,1,42
61,False,Accumulate,1.0003178504578742,49.301323305071044,99.60547618011614,1.0117336967527322,0.32472426392285114,0.9889424492776377,0.4381740004833828,2.3217845186596144,6100.0,1,42
62,False,Accumulate,1.004215855385789,49.25460553370142,97.27198830698374,0.9880315028297518,0.2877881859629793,0.988991047827698,0.43830966649974135,2.3211191969716842,6200.0,1,42
63,False,Accumulate,0.9865809174379636,49.220469746666375,98.50943511664732,1.0006007578876954,0.28122651012514316,0.9893535282421809,0.43933122200007885,2.3209249962539227,6300.0,1,42
64,False,Accumulate,0.9777164244306621,49.34477889623034,99.22751949667733,1.0078946356166107,0.2961395935084999,0.9896304163490117,0.44012341719413084,2.3281156628857205,6400.0,1,42
65,False,Accumulate,0.9767771801187416,49.38142961771011,100.421174778424,1.0200190821547326,0.3270258033972051,0.9897713685278807,0.44053078369500215,2.3233594614105098,6500.0,1,42
66,False,Accumulate,0.9837504430844993,49.366857168248,96.98649616231732,0.9851316419586998,0.3085121463427747,0.9899872409469531,0.4411601971719917,2.3175738368656917,6600.0,1,42
67,False,Accumulate,0.9787861092803449,49.333114094258455,97.22342872121921,0.9875382631896994,0.3294786371255961,0.9902393064759181,0.44190384862741044,2.3168934138591726,6700.0,1,42
68,False,Accumulate,0.9800019708643114,49.430385579618516,99.87196525543888,1.0144405356501534,0.2688046707587757,0.9900272983046012,0.4412777404257781,2.314768515237309,6800.0,1,42
69,False,Accumulate,0.9588315032213122,49.46214484428621,100.73000588778442,1.023156006467814,0.2841639930119625,0.9896483593389277,0.44017511874471804,2.314190746241592,6900.0,1,42
70,False,Accumulate,0.9622120590276355,49.566498178659344,97.57140097015056,0.9910727601197885,0.2849851227554523,0.9893256886683454,0.43925214831233184,2.318582267329868,7000.0,1,42
71,False,Accumulate,0.9642183142581785,49.54749761268053,100.34557156861257,1.0192511493273189,0.29920126743490644,0.9893574310030572,0.4393423154646793,2.320737613689768,7100.0,1,42
72,False,Accumulate,0.9674529262503309,49.55503390916623,98.5201615762957,1.0007097109401712,0.2766721909526654,0.9890530624674039,0.43848322336379303,2.3158892041140886,7200.0,1,42
73,False,Accumulate,0.9618892656602306,49.57416218988829,100.247532390991,1.0182553251677886,0.2596442286575311,0.9888571728858263,0.4379366700023099,2.320608549192487,7300.0,1,42
74,False,Accumulate,0.963917510526048,49.63284456605685,98.86886250439694,1.0042516093636176,0.27381214216533056,0.9887436804974422,0.4376222274014903,2.322148129697887,7400.0,1,42
75,False,Accumulate,0.9621823947871945,49.58332516253937,97.37883022689262,0.9891167400550837,0.3361216704610651,0.988932381847767,0.43814593418603803,2.320350741076436,7500.0,1,42
76,False,Accumulate,0.966541432064477,49.59614829152474,97.9071932357708,0.9944835399610756,0.3022046424736135,0.9892093784209554,0.4389229066699583,2.3293304480386667,7600.0,1,42
77,False,Accumulate,0.9669376313188649,49.60495477665073,100.6775259920184,1.0226229466302954,0.2728912762377559,0.9890280525528389,0.4384131700771147,2.3338210090158094,7700.0,1,42
78,False,Accumulate,0.9888340196538457,49.554161037117254,98.6898161411598,1.0024329619767964,0.28331857225218615,0.9891883029009825,0.4388634394443679,2.334201101464763,7800.0,1,42
79,False,Accumulate,0.9889664657393141,49.43740678370342,98.28082192267057,0.998278639860266,0.30367829479656205,0.9892586529384318,0.4390621696393258,2.3357922990438533,7900.0,1,42
80,False,Accumulate,0.9931441879712287,49.486702905220724,98.30975469815672,0.9985725219340487,0.3443759153797249,0.9891233101977942,0.4386804211774531,2.339455447761819,8000.0,1,42
81,False,Accumulate,0.9995567621395731,49.49728723026401,98.16829343098759,0.9971356417918208,0.2778428935458144,0.9892096339413775,0.43892362801174256,2.3282329996256728,8100.0,1,42
82,False,Accumulate,1.0004834036555992,49.50612773305658,100.89613124637599,1.0248434099080455,0.36146240028247756,0.9893150248982144,0.43922188716515126,2.3257536130792063,8200.0,1,42
83,False,Accumulate,1.003588165924656,49.52670196352814,100.97743494115727,1.0256692449006113,0.29306918557145856,0.989688154021815,0.44028994580664693,2.332444957249359,8300.0,1,42
84,False,Accumulate,1.002365036496165,49.58987953171198,99.10854138368332,1.0066861260977724,0.3210117294928623,0.9896532303964768,0.44018916216588383,2.344283424505609,8400.0,1,42
85,False,Accumulate,0.9975360475373971,49.63770918878752,100.15229941277116,1.0172880047271644,0.3116496738960085,0.9903685061816508,0.4422887662936001,2.345686952502029,8500.0,1,42
86,False,Accumulate,0.9953926560038404,49.62401861252793,100.11498991357243,1.0169090368330693,0.3212043121259025,0.9907634197995426,0.44348170815234206,2.341929380096081,8600.0,1,42
87,False,Accumulate,0.9931491684125268,49.62012000110797,97.85020651058797,0.9939047024076985,0.2522540948447608,0.9905677423350765,0.4428874702644864,2.335143346616385,8700.0,1,42
88,False,Accumulate,0.9943012095498837,49.66027803706213,99.45301004168441,1.010185035617011,0.2923751969727505,0.990723011156789,0.44335847901612496,2.3342434775037,8800.0,1,42
89,False,Accumulate,0.9853553035683401,49.7053366803512,98.98836335283104,1.0054654285208364,0.3105296307783981,0.9906147356311965,0.4430296101397099,2.3322266056738066,8900.0,1,42
90,False,Accumulate,0.9898582019854119,49.708020733229,99.8968327678353,1.0146931251784679,0.28656850784341314,0.9903387136560696,0.4421997775891652,2.332215488194319,9000.0,1,42
91,False,Accumulate,0.9888962499554861,49.71671273106873,100.30833413372966,1.0188729134200525,0.3063716477710081,0.990296470395826,0.4420738356499097,2.334252810716213,9100.0,1,42
92,False,Accumulate,0.9939048478867702,49.6749197740448,99.09967096495127,1.0065960256145492,0.35737995438968523,0.9901786780784236,0.44172410611387997,2.3428996464438416,9200.0,1,42
93,False,Accumulate,0.9918156171076548,49.696795262900025,99.10811167593405,1.0066817613798236,0.2916612546615779,0.9900512675267767,0.4413481887802147,2.345454449016701,9300.0,1,42
94,False,Accumulate,0.990773893870862,49.7106761671988,99.73601886838242,1.0130596724083765,0.28468781011571975,0.9897064852054519,0.440342915280221,2.347392880350844,9400.0,1,42
95,False,Accumulate,0.9898157811243726,49.61472391224058,100.63099231381884,1.022150284964754,0.3045199561414281,0.9897250149779472,0.44039650689441956,2.3515481396027162,9500.0,1,42
96,False,Accumulate,0.9750003792844624,49.62797296187719,95.99500022539304,0.9750606108462562,0.28061245771884025,0.9900131499765981,0.4412361968384189,2.3487439554288208,9600.0,1,42
97,False,Accumulate,0.9710106043594753,49.62927236806709,99.72838807686608,1.01298216332749,0.29764292142952475,0.9899479877092736,0.4410452429730652,2.3478678355867357,9700.0,1,42
98,False,Accumulate,0.972640103617243,49.65086546853169,100.2307939801658,1.0180853062600799,0.2756524982600126,0.9899157546910877,0.4409510165811128,2.3467385410670754,9800.0,1,42
99,False,Accumulate,0.9715250699363851,49.708680800669384,100.85125764675173,1.0243876103418414,0.29709482414972876,0.9900625762932682,0.44138145624013714,2.3454549070116273,9900.0,1,42
100,False,Accumulate,0.9716916119888874,49.693585358567276,98.95618785906298,1.005138608826747,0.2893732911687472,0.9900210774138634,0.4412594704365176,2.3467938938898265,10000.0,1,42
101,False,Accumulate,0.9792051462319076,49.69942480943503,97.98944909113756,0.9953190464394471,0.29096332615880094,0.9896809551372654,0.4402691570027026,2.3458185175207764,10100.0,1,42
102,False,Accumulate,0.9700222183050593,49.70970234177856,99.40891384217711,1.0097371324228173,0.3469748240715216,0.9896001848913661,0.44003640903029567,2.348843010442041,10200.0,1,42
103,False,Accumulate,0.9629058034014208,49.6923107533523,101.18615142814222,1.0277892639100952,0.2818942799106644,0.9894711512344386,0.4396664658738324,2.346984571179764,10300.0,1,42
104,False,Accumulate,0.9548787897339882,49.664407082752035,99.83632699714387,1.014078543235746,0.2789606259589914,0.9895326106079441,0.43984238513405627,2.344163280399964,10400.0,1,42
105,False,Accumulate,0.9399252081122877,49.68332309626032,98.83164742167708,1.003873600496444,0.32200123586080287,0.9895476137944196,0.4398854086966183,2.354149821198432,10500.0,1,42
106,False,Accumulate,0.9430238831254395,49.64628066591132,99.50401331516744,1.0107030967960386,0.3168959742946534,0.9898382543136532,0.4407250794574651,2.3490752377712796,10600.0,1,42
107,False,Accumulate,0.9357774760243405,49.633513560457516,99.20972842467808,1.0077139243973756,0.2453523773716742,0.9899694533334228,0.4411080775885566,2.3470370973701176,10700.0,1,42
108,False,Accumulate,0.9397159095161147,49.59902194899287,97.49455461912434,0.9902922001969071,0.3012383189495205,0.9901190244323704,0.44154779778798803,2.347343410500118,10800.0,1,42
109,False,Accumulate,0.9428134785308617,49.60598742164868,99.43571582911802,1.0100093712029323,0.322607388076423,0.9902298375153723,0.44187573942932684,2.34598985123233,10900.0,1,42
110,False,Accumulate,0.9333242006060993,49.63848792665526,100.6734089101495,1.0225811277402221,0.2941494760291118,0.9903200392259733,0.442144068464562,2.3427399601557064,11000.0,1,42
111,False,Accumulate,0.9407655106461001,49.657927450544854,100.336025874977,1.0191541897997871,0.2971053378194175,0.9904818739435954,0.44262866311925975,2.340556379756624,11100.0,1,42
112,False,Accumulate,0.945236170820334,49.63037822307243,99.1961503687991,1.0075760065117736,0.2964802887835144,0.9906439058614499,0.4431180211048887,2.338646631537666,11200.0,1,42
113,False,Accumulate,0.9412618806227637,49.630795055235666,98.30942083500284,0.9985691307489869,0.2539997746735445,0.9907913220883167,0.44356695664780055,2.3395379504159006,11300.0,1,42
114,False,Accumulate,0.9377919222222646,49.69066821451999,100.11345816016161,1.0168934781850887,0.29224848640195633,0.9906127628650078,0.44302363595209976,2.339827370261596,11400.0,1,42
115,False,Accumulate,0.9452992407127727,49.68480796646415,100.68807956203499,1.0227301435718321,0.31731483958964657,0.9905548119032027,0.4428484223545198,2.3363997564331207,11500.0,1,42
116,False,Accumulate,0.9417190946369423,49.636758857983104,98.32053739316294,0.9986820461921313,0.31318728660030243,0.9908356733761633,0.44370272891794027,2.332151276000821,11600.0,1,42
117,False,Accumulate,0.9398801753738555,49.62333800639483,99.32006053328618,1.0088346129015977,0.2909661411447777,0.990724992759184,0.4433645157528848,2.3302517572923813,11700.0,1,42
118,False,Accumulate,0.9361133533180155,49.63304771932829,98.58343910212342,1.00135244673726,0.262389304523746,0.9908285717747469,0.44368096664023665,2.334889428129791,11800.0,1,42
119,False,Accumulate,0.9382118385043774,49.57886573737538,98.6280176928049,1.0018052497765695,0.26371482237985117,0.9907972138426523,0.4435849740500291,2.331862930528386,11900.0,1,42
120,False,Accumulate,0.9397589628868942,49.54866807116105,99.73194580941818,1.0130183006770117,0.26951196151493845,0.9908618922975937,0.44378314825262044,2.329479164182017,12000.0,1,42
121,False,Accumulate,0.9378801284704797,49.53669996952053,99.59066464866646,1.011583249949576,0.276720141480726,0.9909376711913788,0.4440162341568607,2.3283569578479772,12100.0,1,42
122,False,Accumulate,0.9362623278676946,49.535342184255946,98.50707949115281,1.0005768308328675,0.3169616995862173,0.9908937246233483,0.4438809413762968,2.3256918015017334,12200.0,1,42
123,False,Accumulate,0.9341048219530785,49.53249901052453,100.43359771241047,1.020145266993244,0.30838675497856427,0.9909751836461175,0.4441319804270713,2.32555144834006,12300.0,1,42
124,False,Accumulate,0.9338130596626814,49.52231305774043,101.58810556607406,1.03187207703936,0.2924651349912786,0.9910296058384483,0.444300333611721,2.3211166420546228,12400.0,1,42
125,False,Accumulate,0.9292317050381983,49.53863809393763,98.1861704671492,0.9973172261843302,0.2821127798229148,0.9910642913418237,0.44440790027502686,2.3193616712108427,12500.0,1,42
126,False,Accumulate,0.9256718087295922,49.53027470686226,100.07909905083305,1.0165444786116589,0.25903093983919334,0.9908472357359024,0.44373817898880885,2.3202918555155074,12600.0,1,42
127,False,Accumulate,0.9271143600098544,49.562102754442435,98.04881499918882,0.9959220503295663,0.28899828472437705,0.9906804334922872,0.4432289271930177,2.3177785165423836,12700.0,1,42
128,False,Accumulate,0.9214234675622642,49.5610028147031,99.04291192190733,1.006019500722091,0.27487785269069415,0.9905784872372214,0.44291993871205754,2.313957017857154,12800.0,1,42
129,False,Accumulate,0.922428202782758,49.588567855797805,99.73216424324389,1.0130205193990183,0.30937047711642823,0.9903210940052759,0.44214721361526726,2.310725310015847,12900.0,1,42
130,False,Accumulate,0.9269534953287066,49.61050876522837,99.88031944529963,1.0145253925848856,0.30447177525860675,0.9904429316551261,0.4425116785553298,2.3141416510133395,13000.0,1,42
131,False,Accumulate,0.9212801161208913,49.58486758507486,99.30032991658246,1.0086342009308664,0.2979351859907132,0.9904324489613815,0.4424802290286149,2.3179128914974276,13100.0,1,42
132,False,Accumulate,0.9228721135833173,49.56697572207621,98.20073821910293,0.9974651968191061,0.32142566062124944,0.9904084238214416,0.4424082156589385,2.319960436463645,13200.0,1,42
133,False,Accumulate,0.9176609791588998,49.530664011450874,97.78023801104136,0.9931940036447657,0.3219907659826191,0.990499863025231,0.4426827845521342,2.317076459729676,13300.0,1,42
134,False,Accumulate,0.9313708576917242,49.55238464005437,99.91046166364613,1.014831559466121,0.2854952680264901,0.9905926554338147,0.4429627800141249,2.3158504063315686,13400.0,1,42
135,False,Accumulate,0.9330973504390907,49.55392975921703,98.99283160784661,1.0055108144206715,0.3097180993533432,0.9908772315122135,0.4438302509175394,2.3171021972420727,13500.0,1,42
136,False,Accumulate,0.9403605633323808,49.596930308021676,99.8286938108894,1.0140010098305217,0.24234258408339956,0.9910899479240092,0.44448760168149387,2.317607517886493,13600.0,1,42
137,False,Accumulate,0.9439829128662812,49.59261131134411,101.28089633695919,1.028751626829505,0.27842240250414063,0.9911182665627679,0.4445757068611718,2.317161019661048,13700.0,1,42
138,False,Accumulate,0.9408639361938602,49.64665395179703,101.01543932952224,1.0260552710691304,0.30800681715483663,0.9910060587835628,0.4442274287107277,2.3196054902378895,13800.0,1,42
139,False,Accumulate,0.9401883616974783,49.6855592797651,99.37633217388078,1.009406187047362,0.29058403716168957,0.990937591572853,0.44401598874716336,2.319119502617236,13900.0,1,42
140,False,Accumulate,0.943365831857506,49.67267399766978,99.33298126805411,1.0089658541069293,0.309992049937849,0.9909245945890588,0.4439759424292179,2.3213889619854746,14000.0,1,42
141,False,Accumulate,0.9448831485207559,49.694381663981744,97.90976455370618,0.9945096578925393,0.2799244656552844,0.9910704801311967,0.44442711501662563,2.326984722191017,14100.0,1,42
142,False,Accumulate,0.9473939375931851,49.699889786927045,98.89211783333037,1.0044878232829053,0.29691807914558704,0.9911645922515411,0.44472014097850626,2.323021699704256,14200.0,1,42
143,False,Accumulate,0.9431902513353615,49.71543266404565,98.35420876135419,0.9990240600966003,0.2771114993752982,0.9911430564669945,0.4446529494937094,2.320574669726444,14300.0,1,42
144,False,Accumulate,0.9473982684267207,49.701732796468846,98.50712808321595,1.0005773244023937,0.3079085635293758,0.9910116758186667,0.44424481108889147,2.3184082366567385,14400.0,1,42
145,False,Accumulate,0.9515461951831998,49.674565323736985,98.84198377900756,1.0039785911195902,0.31906568798378165,0.9908634481940184,0.4437879241843851,2.317016420045036,14500.0,1,42
146,False,Accumulate,0.9572622924601709,49.62291394897022,99.5773660812577,1.0114481709430596,0.28325136865117156,0.9907378094519351,0.4434035761020449,2.320602076892249,14600.0,1,42
147,False,Accumulate,0.9625247516904412,49.6105511261517,96.72005404264996,0.9824252800091396,0.28859553899646306,0.9908471160116479,0.4437378118001061,2.3188163259118113,14700.0,1,42
148,False,Accumulate,0.9637550729107494,49.60019841563687,96.63315980624301,0.9815426595910862,0.33744061883491994,0.9907826384222324,0.4435404119537826,2.320983998340202,14800.0,1,42
149,False,Accumulate,0.9595404174588936,49.6091990710656,98.68452199879789,1.0023791872002643,0.29579554702975175,0.9906997378165499,0.4432876278170029,2.319160607817273,14900.0,1,42
150,False,Accumulate,0.952468564457614,49.62346808668176,97.42544838228157,0.9895902597901048,0.3004343823052648,0.9907444401551733,0.44342379461097076,2.3189310764470306,15000.0,1,42
151,False,Accumulate,0.9482111706898753,49.62170483151037,98.20524598205789,0.9975109840172944,0.30305216227253473,0.9906933676753024,0.443268250707311,2.3166126680059964,15100.0,1,42
152,False,Accumulate,0.9514323418554375,49.615194486080014,97.63329933089562,0.9917014871711636,0.32099230307727056,0.9906935626303545,0.443268843635231,2.318284209557214,15200.0,1,42
153,False,Accumulate,0.9551403983254135,49.64143931945306,99.31116322804,1.0087442393210169,0.26516686188019845,0.9908012935350204,0.44359745343981616,2.322980952061249,15300.0,1,42
154,False,Accumulate,0.9579954948107885,49.673911271000186,99.66039618601785,1.0122915417902494,0.29686729492856256,0.9907965177716628,0.44358284511330587,2.323913195247252,15400.0,1,42
155,False,Accumulate,0.9561191290963261,49.66556052539064,98.98662311288517,1.0054477521895622,0.29118303456558925,0.9906998818178964,0.4432880659268464,2.3244862550634426,15500.0,1,42
156,False,Accumulate,0.9536848078478297,49.66586395139728,97.91303322793873,0.9945428591580882,0.3007507680687342,0.9905071368429271,0.4427046829942981,2.3259841519429623,15600.0,1,42
157,False,Accumulate,0.9574120907211687,49.66202914605533,97.36502498627894,0.9889765145609012,0.3136083470669603,0.9904964648588518,0.44267255697761143,2.321874413359104,15700.0,1,42
158,False,Accumulate,0.963123361502243,49.65607023685585,99.5662001634519,1.0113347541337383,0.29550378321792337,0.9904876327479409,0.44264598328514276,2.321312365881662,15800.0,1,42
159,False,Accumulate,0.9610568798048732,49.668880884921265,101.52879049787762,1.0312695895505093,0.2849704307398394,0.9904690504317323,0.44259011409574944,2.319479651131448,15900.0,1,42
160,False,Accumulate,0.9501685614864601,49.68840289176995,99.67335952128886,1.0124232157063728,0.3315319239338576,0.9904478809868553,0.4425265332670753,2.3188908827321146,16000.0,1,42
161,False,Accumulate,0.948537024991868,49.72305336808511,97.88108365466528,0.9942183342311738,0.3305785037776168,0.9903596444668901,0.4422622823587129,2.315809949916693,16100.0,1,42
162,False,Accumulate,0.9581147552698847,49.72644807833005,98.48284875523363,1.000330709304547,0.3382226874239909,0.9902728037874793,0.44200339782016923,2.3146898055130807,16200.0,1,42
163,False,Accumulate,0.9599394487915935,49.735698499197035,101.41229547938866,1.0300863018415485,0.3172293724417323,0.9901296912348915,0.4415792844518196,2.3102015472427495,16300.0,1,42
164,False,Accumulate,0.9601911793350327,49.72250310601629,99.98497685420881,1.0155884408355338,0.3377238754580911,0.9900925123933081,0.4414696126115036,2.310489853564582,16400.0,1,42
165,False,Accumulate,0.9593612081500148,49.748443848990526,98.94991810523817,1.0050749243642236,0.3424522900394206,0.9900305804334919,0.44128738194608824,2.308628129600071,16500.0,1,42
166,False,Accumulate,0.9614113966418832,49.75118039954636,98.16569541797487,0.9971092527075017,0.27214309073422027,0.9900954842842251,0.441478371603081,2.313367895434642,16600.0,1,42
167,False,Accumulate,0.9515732937239526,49.709779325136736,100.41769850714813,1.019983772240823,0.3083352711745905,0.9899298810162903,0.44099229320120964,2.3130354028684574,16700.0,1,42
168,False,Accumulate,0.9582875224712496,49.70182452960136,100.04282584075435,1.0161760367314188,0.3109285088348337,0.9899216368600651,0.4409682005299367,2.3129887531475744,16800.0,1,42
169,False,Accumulate,0.9565060409033225,49.685770457753165,99.56070395887657,1.0112789269283842,0.2557678454951658,0.9899664035036689,0.4410991459407189,2.3134265796987408,16900.0,1,42
170,False,Accumulate,0.9610671808914353,49.72262470502979,98.60474119057888,1.00156882079146,0.3292970528985262,0.989943352029185,0.4410316821885592,2.313022835527413,17000.0,1,42
171,False,Accumulate,0.9675539662210522,49.71137707344985,100.89215940388235,1.024803066273909,0.2725738481404101,0.9899979016587869,0.44119145652697145,2.3130751100731644,17100.0,1,42
172,False,Accumulate,0.963081901613894,49.705326724983,99.76643655663766,1.0133686373505197,0.3199293427929039,0.9900197330412579,0.4412555229334966,2.312537733873585,17200.0,1,42
173,False,Accumulate,0.9558282716493891,49.712333765055874,97.8701370388982,0.9941071449626548,0.34529701462439855,0.9900987066687315,0.4414878703644518,2.3117786127163473,17300.0,1,42
174,False,Accumulate,0.9509535979658617,49.71832284271409,98.71326766809668,1.002671168759719,0.3095738945331019,0.9900639643924546,0.44138554098127813,2.3129888246650068,17400.0,1,42
175,False,Accumulate,0.9535993490283042,49.706491900178776,99.41196796586112,1.0097681544103994,0.2920994582434951,0.9899788055327327,0.4411354747118466,2.3154577048888094,17500.0,1,42
176,False,Accumulate,0.9556699427743695,49.705954845430995,98.92897997518334,1.004862247184857,0.2715339745394816,0.9898185123026273,0.4406676642990418,2.3131872920125427,17600.0,1,42
177,False,Accumulate,0.9559771955847807,49.68537277107511,97.80078628301452,0.9934027208756104,0.3159292944318515,0.9897959409878937,0.440602089397597,2.312639160027253,17700.0,1,42
178,False,Accumulate,0.9690232462614496,49.70207061278999,98.60482435091605,1.0015696654851312,0.2912792025387049,0.9897455163267858,0.44045585742605037,2.310068466081417,17800.0,1,42
179,False,Accumulate,0.9687601665883929,49.70273596976796,99.18881262831333,1.0075014740704642,0.29943618696211965,0.9897213110387396,0.4403857905105732,2.3093477686417763,17900.0,1,42
180,False,Accumulate,0.9677458684269117,49.69548382075193,100.81591542304754,1.024028624872257,0.31036892233883573,0.9896059620638787,0.4400530262652785,2.3089904200289357,18000.0,1,42
181,False,Accumulate,0.9615535647548848,49.663113471655706,98.02274137361724,0.9956572098147779,0.31582809081394286,0.989598358658018,0.44003115709065566,2.306910944131212,18100.0,1,42
182,False,Accumulate,0.959090749965019,49.70367409901087,100.0626618228675,1.0163775189418525,0.29715469447238607,0.9896165567624599,0.44008351253727385,2.3068321505699587,18200.0,1,42
183,False,Accumulate,0.9569571649040746,49.69287379957659,100.63456875495862,1.022186612345078,0.34283641122394665,0.9896420135423519,0.44015682859281874,2.30849256931468,18300.0,1,42
184,False,Accumulate,0.9553952489626705,49.66529217651233,98.968221093179,1.0052608353237529,0.3410253756051205,0.9897894932171328,0.44058337054510355,2.306794652635243,18400.0,1,42
185,False,Accumulate,0.9574025061074912,49.67479301007207,96.92023169147434,0.9844585665353356,0.30084000382819887,0.9898047736442852,0.44062774160431456,2.3066734624175607,18500.0,1,42
186,False,Accumulate,0.9561261310334431,49.680484083593534,100.64654549336508,1.0223082649919777,0.2982548636587714,0.9898589950257417,0.4407854596466064,2.3050893971999873,18600.0,1,42
187,False,Accumulate,0.9553467660476287,49.69546876659494,99.43542867412154,1.0100064544517928,0.28774482707407006,0.9896806774193034,0.4402683551603156,2.3060218830582624,18700.0,1,42
188,False,Accumulate,0.9485248350853235,49.674674244149315,99.70936794899995,1.0127889680834463,0.33234696083197757,0.9897834671887347,0.4405658814548845,2.3051063469352724,18800.0,1,42
189,False,Accumulate,0.9476327420658949,49.66630338781975,98.93561237518617,1.00492961519343,0.29367373492648763,0.9899476836106424,0.4410443532949068,2.307114897431467,18900.0,1,42
190,False,Accumulate,0.9493112207171732,49.68175313595579,98.66035495594359,1.0021337126285417,0.2791987166540983,0.9900409471406776,0.4413178454911329,2.311473131268227,19000.0,1,42
191,False,Accumulate,0.9501605700949509,49.67232923114202,99.15828792690864,1.007191422151847,0.2841813175308494,0.990017034419307,0.44124759973424077,2.3128475300669744,19100.0,1,42
192,False,Accumulate,0.954398850543422,49.66705134104197,98.81110427993298,1.0036649353754412,0.31541440932858644,0.9898287973028729,0.44069756888584644,2.3175833218274673,19200.0,1,42
193,False,Accumulate,0.9515603713991128,49.65251399133954,100.12783939157096,1.0170395542541526,0.2928187383483005,0.989912929876584,0.44094276606737093,2.3187759704302615,19300.0,1,42
194,False,Accumulate,0.9474451687239023,49.63003207872624,100.0164974990068,1.015908608959903,0.2860774796692888,0.9898518529397091,0.4407646606512496,2.3179049183438405,19400.0,1,42
195,False,Accumulate,0.9505713802755742,49.64202104178799,99.32783167753493,1.0089135476027837,0.3246792151359632,0.9897163609168689,0.44037147165736934,2.3173367609014086,19500.0,1,42
196,False,Accumulate,0.956480082293652,49.63380231478714,99.31441571798241,1.0087772761960891,0.28283183106459575,0.9898003357723436,0.44061485153436364,2.3154389772462323,19600.0,1,42
197,False,Accumulate,0.9576366886586154,49.63142483255942,100.16301188200437,1.017396815673252,0.29285477277993455,0.989922837898802,0.44097170982043465,2.316150242341907,19700.0,1,42
198,False,Accumulate,0.9558180967758919,49.656747736010814,99.3033215580532,1.0086645882609675,0.2545593272990958,0.9898602528897533,0.4407891235289902,2.314949315310931,19800.0,1,42
199,False,Accumulate,0.9575751042561915,49.64809978873961,99.36256887914308,1.0092663876146553,0.2914322569442269,0.9897801687151401,0.4405563106327731,2.3167466544182567,19900.0,1,42
200,False,Accumulate,0.9627560016664851,49.62937768451478,98.83006901834185,1.0038575680060373,0.29583397286961033,0.9898365781764719,0.44072020261213823,2.317587390466192,20000.0,1,42
0,True,Accumulate + Select,3.9000081373841526e-33,48.91111311893317,97.47498757484628,0.9900934496984288,0.06633378659981172,1.0,0.5,1.7999999999993865,,1,42
1,True,Accumulate + Select,2.036154432491281,29.579811972357074,58.98166363245228,0.59910096187462,0.5462496342065862,0.6082087879510656,0.14934900459289038,2.603189959166957,100.0,1,42
2,True,Accumulate + Select,3.2055832715090196,23.262687213993317,46.75147550132043,0.47487392211311,0.7113314083481626,0.44775416891890224,0.09341106412150486,2.2877160129274774,200.0,1,42
3,True,Accumulate + Select,4.306862224058938,20.31853696012186,40.444680268334636,0.4108132148062863,0.795926514525614,0.3344324515239424,0.06177025466570711,2.180901131141499,300.0,1,42
4,True,Accumulate + Select,5.819317129397464,18.59554634595856,36.09090540243336,0.36659013683071257,0.9231364134289373,0.2706622904547614,0.046344826916683964,2.0892655476262627,400.0,1,42
5,True,Accumulate + Select,7.082069076943123,17.359931799303915,35.355550442584054,0.3591208347352288,0.9436625529290763,0.22957116758917637,0.03725701656465372,2.038498479843141,500.0,1,42
6,True,Accumulate + Select,8.467263466089955,16.20499029292953,32.15175209987463,0.3265785402226431,1.0537876517201559,0.20741057716789857,0.032629224305964794,1.9576069162759229,600.0,1,42
7,True,Accumulate + Select,9.889121291333554,15.31942925793932,30.83839529885519,0.31323823623124475,1.1047428653481228,0.18500984471700285,0.02814652186575402,2.0203270441324577,700.0,1,42
8,True,Accumulate + Select,11.043434257468807,14.597937637005053,29.625240177006066,0.3009157218150349,1.2185171034406594,0.16895644143324476,0.025055928087387075,2.0711070493206174,800.0,1,42
9,True,Accumulate + Select,12.10622670915114,13.914555176315874,27.939463869618784,0.28379260006732143,1.200825122648709,0.15660512554010558,0.022748295841574374,2.1399210847310433,900.0,1,42
10,True,Accumulate + Select,13.070355870471392,13.240781305097117,26.334456454836094,0.26748988110699784,1.221222229062457,0.14486632645193614,0.02061257992042175,2.2012742277232933,1000.0,1,42
11,True,Accumulate + Select,14.010344949002437,12.676705191863325,25.300941653794396,0.25699204714839347,1.2432934548053756,0.13474484202205259,0.018816830406159283,2.2687202450144444,1100.0,1,42
12,True,Accumulate + Select,14.822260400096265,12.18074120074335,24.503164782430286,0.2488887000815164,1.3292468485662048,0.12601179028629556,0.017302051918218396,2.330039194584283,1200.0,1,42
13,True,Accumulate + Select,15.445214470840563,11.709008264829357,23.777168580192992,0.24151445872765986,1.4522886567574838,0.11852266902916767,0.01602906114789021,2.386790229101805,1300.0,1,42
14,True,Accumulate + Select,16.042859271063662,11.2607601788987,22.46758739990077,0.2282125052653928,1.4162746106269206,0.11318646668317396,0.015136931762989875,2.4774003404799068,1400.0,1,42
15,True,Accumulate + Select,16.618659990970627,10.85075677479501,21.492480103264683,0.21830794029777778,1.4158487646045699,0.11792610042933031,0.015928703961521653,2.682256441205426,1500.0,1,42
16,True,Accumulate + Select,17.08462521343173,10.487967340262372,21.399190187082212,0.21736035633564332,1.3443759926515073,0.1157049472945201,0.01555642246360209,2.620485814207755,1600.0,1,42
17,True,Accumulate + Select,17.552051815904218,10.139013561406433,20.2498115739768,0.2056856460907682,1.588787755068671,0.11032257207147915,0.014663320758188806,2.651248894401464,1700.0,1,42
18,True,Accumulate + Select,17.938237972494694,9.788333586010483,19.482394575404353,0.19789067671064509,1.4271427349224366,0.1056600264839119,0.0139001083317887,2.6673735811100836,1800.0,1,42
19,True,Accumulate + Select,18.274844796476497,9.48910252251919,18.78851328820594,0.19084263972786586,1.4051841942107397,0.10538972036187018,0.013856162411440208,2.5834723222220255,1900.0,1,42
20,True,Accumulate + Select,18.62446117621657,9.200506499221127,18.65547098473649,0.18949127445483363,1.5209767306199793,0.8396528304824098,0.26874140633430826,2.31735120522387,2000.0,1,42
21,True,Accumulate + Select,18.880224524355313,8.866608735284508,17.997993035986696,0.18281300111954865,1.6020281968781056,0.834584354478428,0.26526262170730086,2.2863357876388934,2100.0,1,42
22,True,Accumulate + Select,19.169224122482774,8.572129272015214,17.509799796791995,0.17785422204873744,1.592715554422228,0.8292334740739594,0.26165495930033217,2.262022224650042,2200.0,1,42
23,True,Accumulate + Select,19.43021706881981,8.292249622797966,16.28325558898185,0.16539570919192995,1.5849101967870258,0.8243412773705903,0.25841245078786496,2.233693882262407,2300.0,1,42
24,True,Accumulate + Select,19.68221210175049,8.029648588468758,16.208802833236984,0.16463946199858318,1.5783463525238903,0.8198254776797402,0.2554649241626174,2.2075135003490356,2400.0,1,42
25,True,Accumulate + Select,19.891536707142496,7.782927789169837,15.661374997117605,0.15907901281865172,1.6015165240782332,0.8157249732029108,0.2528249718805244,2.1773281430729314,2500.0,1,42
26,True,Accumulate + Select,20.095082565538753,7.552069596165171,15.082045657043835,0.15319452697160588,1.539467552772395,0.8115994150145264,0.25020281159415897,2.1509641591834994,2600.0,1,42
27,True,Accumulate + Select,20.306049261993003,7.341027515378233,14.779268379450253,0.1501190939120967,1.682332999541702,0.8076306649946369,0.24771144823233382,2.1273383670478525,2700.0,1,42
28,True,Accumulate + Select,20.502278137547425,7.140413511571728,14.204825745802106,0.14428424434757814,1.665543425750806,0.8038778437858783,0.24538290171421387,2.103176574280184,2800.0,1,42
29,True,Accumulate + Select,20.703092008263134,6.95327578783548,13.88065773179179,0.14099153680014792,1.6597465915135312,0.8008431364882842,0.24351881286943014,2.0795483528965595,2900.0,1,42
30,True,Accumulate + Select,20.86240672061638,6.770421128019336,13.604594640601732,0.1381874506946647,1.6959369056572147,0.798516366529525,0.24210076923039883,2.0494199495566408,3000.0,1,42
31,True,Accumulate + Select,21.005773314605726,6.597856257019349,13.062409380557847,0.13268025251133284,1.6597584132748664,0.7969294219101223,0.2411390909484886,2.0140409382639963,3100.0,1,42
32,True,Accumulate + Select,21.14868389529327,6.431421037297537,13.032327587723202,0.13237469939681823,1.7336698462153532,0.7963931370330792,0.24081510019799918,1.9776646645417184,3200.0,1,42
33,True,Accumulate + Select,21.277597733069115,6.27479609282372,12.79348019832485,0.1299486284466753,1.6063543560418188,0.7967132566426596,0.2410084368398574,1.9356367754053259,3300.0,1,42
34,True,Accumulate + Select,21.413220163945173,6.12859287342137,12.340356923924592,0.12534606939997509,1.7449059434691176,0.7979846045664214,0.24177803302858178,1.89299378447898,3400.0,1,42
35,True,Accumulate + Select,21.536724034270943,5.985619859478359,11.860315784899727,0.12047009455597377,1.8361303954290165,0.8008566120365386,0.24352705359184598,1.845383438303878,3500.0,1,42
36,True,Accumulate + Select,21.65998554362517,5.850319442275823,11.310792019744197,0.11488835616471378,1.78796290935931,0.8054652711387535,0.24636468058947775,1.7922039627860342,3600.0,1,42
37,True,Accumulate + Select,21.77156561100484,5.719136667834097,11.312534811762776,0.11490605841843766,1.7430643733101459,0.811981626509598,0.2504443394272654,1.7328344692950644,3700.0,1,42
38,True,Accumulate + Select,21.88479757609541,5.59646391737366,11.06437877506626,0.11238543571768908,1.823386074169309,0.8203120414493034,0.2557804611368028,1.6708414876836097,3800.0,1,42
39,True,Accumulate + Select,21.97575791275499,5.475230741411419,10.42848333266133,0.10592638475618196,1.7633335693223302,0.837092167844621,0.2669762250497893,1.579771695080155,3900.0,1,42
40,True,Accumulate + Select,22.07164155831902,5.361694441763951,10.840380837594713,0.11011019674455001,1.7885308067509254,0.8548392815581078,0.27955172233374925,1.4914653681951255,4000.0,1,42
41,True,Accumulate + Select,22.173302277296152,5.253121058178268,10.242638808274958,0.1040386856568004,1.6896137049970252,0.8965525582593713,0.3129527579874377,1.3299504612424655,4100.0,1,42
42,True,Accumulate + Select,22.276554563414564,5.148586830631408,10.030978393230297,0.10188876396191168,1.8732086061630773,0.9519557368178002,0.3716832006112945,1.1272456779981859,4200.0,1,42
43,True,Accumulate + Select,22.37208689096661,5.046328818617443,10.142892285665551,0.10302551929358401,1.8177324087477844,0.963016960913191,0.38727271145597714,1.073594521960484,4300.0,1,42
44,True,Accumulate + Select,22.456692843881612,4.948446014322467,9.656101126159461,0.09808098172154274,1.6886802639200629,0.9644520006989955,0.3894628021478879,1.0515493057066094,4400.0,1,42
45,True,Accumulate + Select,22.542031143156287,4.853275124628852,9.607667904847922,0.09758902561709566,1.8112822079104696,0.9649916007973651,0.39029801813266296,1.033060020015897,4500.0,1,42
46,True,Accumulate + Select,22.63224945684848,4.762152190618604,9.107415305694017,0.09250775467836811,1.665730303650859,0.9641489283692894,0.388996542999749,1.021112605323482,4600.0,1,42
47,True,Accumulate + Select,22.71422703516339,4.673712814919945,9.249717512371785,0.09395317658828223,1.673008610669894,0.9623041200058023,0.38620101876677904,1.0125052438436464,4700.0,1,42
48,True,Accumulate + Select,22.789355957404975,4.58813253515828,9.479705087294814,0.09628925476698907,1.6797102738396839,0.9597282477795354,0.382412727642901,1.0048676993543872,4800.0,1,42
49,True,Accumulate + Select,22.854319921773715,4.505515659372801,8.99820484327761,0.0913984591948063,1.7321328891884944,0.9565445197465359,0.3778988513832183,0.998264764920531,4900.0,1,42
50,True,Accumulate + Select,22.923244298762867,4.426248497907981,8.75959123238396,0.08897476282887151,1.8076565147803685,0.953064851451169,0.37315638132784706,0.9939236513252848,5000.0,1,42
51,True,Accumulate + Select,22.98238917102479,4.348873912904912,8.644812542744042,0.08780890857636195,1.800985409507702,0.9488450038193753,0.3676428533891491,0.9898923190358248,5100.0,1,42
52,True,Accumulate + Select,23.038428391886665,4.274764911008681,8.521344217159314,0.08655479012558702,1.7620058455859218,0.9448440728717603,0.3626292861783299,0.9854096959520834,5200.0,1,42
53,True,Accumulate + Select,23.104933808790417,4.2039493046762955,8.335548144336693,0.08466758316862158,1.7594910270336914,0.9407395396927334,0.35767880638241506,0.9832590390072926,5300.0,1,42
54,True,Accumulate + Select,23.166486381322958,4.134595516685699,8.530832556763809,0.08665116708468856,1.761864241794635,0.9365010994799049,0.35275115451083805,0.9804063997546648,5400.0,1,42
55,True,Accumulate + Select,23.223156534319568,4.067663410175899,8.019671560472123,0.08145909507974357,1.8498312097982585,0.9321823136710939,0.347904117775382,0.9773573903404811,5500.0,1,42
56,True,Accumulate + Select,23.27756172885735,4.002884377024822,8.090689781580885,0.08218045629535828,1.6807246685925838,0.9277985405362624,0.343147172196672,0.9743167664586285,5600.0,1,42
57,True,Accumulate + Select,23.33093151881537,3.940619625291657,7.858415956353207,0.07982115573409648,1.8621747130901634,0.9233504837313106,0.3384735314309645,0.9720256768077781,5700.0,1,42
58,True,Accumulate + Select,23.375811251889047,3.879406827372843,7.790457987795311,0.07913087875947958,1.9518583662206268,0.9188957410834978,0.3339344128019419,0.9687765491353302,5800.0,1,42
59,True,Accumulate + Select,23.422366572023726,3.8201825537827734,7.34449038479857,0.07460100280370438,1.9645738498422887,0.9144550097235685,0.32953932389265594,0.9658317054023247,5900.0,1,42
60,True,Accumulate + Select,23.469347908687713,3.7629233429243185,7.411731513812707,0.07528399854490521,1.8442278985072043,0.9100607533752191,0.3253081641990562,0.963736875805587,6000.0,1,42
61,True,Accumulate + Select,23.520955361263905,3.707844409054293,7.366785982479317,0.07482746833881275,1.8909066535698928,0.9056694626279309,0.32118871751115563,0.9619851498225921,6100.0,1,42
62,True,Accumulate + Select,23.56692004161287,3.654559306745531,7.506785560391719,0.07624950150342515,1.8592021319792276,0.9013224816424035,0.31721080434988647,0.9594361121615925,6200.0,1,42
63,True,Accumulate + Select,23.6079675382575,3.602351575053834,6.8788628154002085,0.06987143250130934,1.8202617475002982,0.8970631568068439,0.31340343742994475,0.9562228288542619,6300.0,1,42
64,True,Accumulate + Select,23.649494364845413,3.551514227008781,6.998884203734587,0.07109053899590966,1.921329631549514,0.892862585673498,0.30973090107900664,0.9527163669246638,6400.0,1,42
65,True,Accumulate + Select,23.691431770454127,3.502311474366212,7.007060259808877,0.07117358655267189,1.7834498673912187,0.888749237709868,0.3062093504435854,0.9499381175809694,6500.0,1,42
66,True,Accumulate + Select,23.729460364314082,3.4547281173283055,7.223023362391288,0.0733672124105794,1.7332613680112257,0.8847619753697987,0.30286256066854267,0.9468406751872154,6600.0,1,42
67,True,Accumulate + Select,23.76437543847593,3.408361866058663,6.9881817771213495,0.0709818300568343,1.9020899680844598,0.8809254546651887,0.299701292310282,0.9431398097985164,6700.0,1,42
68,True,Accumulate + Select,23.806319923902848,3.3632663213424085,6.950222473544221,0.07059626183300692,1.8571843101515872,0.8772286509733175,0.29670733485761985,0.9402283440747977,6800.0,1,42
69,True,Accumulate + Select,23.848326155994137,3.3197641879430453,6.702700655327275,0.06808208114962015,1.8161649140799017,0.8736369780438458,0.2938454354873865,0.937573587860088,6900.0,1,42
70,True,Accumulate + Select,23.883155600030133,3.2766110893170244,6.750195431053699,0.06856450507714845,1.862987840228939,0.8701958591030224,0.29114510127593984,0.9334979563930411,7000.0,1,42
71,True,Accumulate + Select,23.920134878688742,3.2349235808272336,6.6904503347385,0.0679576496162246,1.9580033613609422,0.866979297494137,0.28865639880381205,0.9300735168728814,7100.0,1,42
72,True,Accumulate + Select,23.955903641105298,3.1944451711849724,6.586828828073587,0.06690512344977564,1.8568804789882303,0.8638927376589398,0.2862993238777012,0.9260882748629241,7200.0,1,42
73,True,Accumulate + Select,23.98936135256909,3.154674144078028,6.2833887164862965,0.06382295771338456,1.7963739729538633,0.8609467079116955,0.2840769995913323,0.9217539487639115,7300.0,1,42
74,True,Accumulate + Select,24.02245756482668,3.1159943974808733,6.089238106700926,0.06185089029602943,1.807319738559508,0.8581740761423011,0.28200920978124083,0.9171197047496402,7400.0,1,42
75,True,Accumulate + Select,24.05519953555259,3.0785003674539224,6.14003865574462,0.06236689231973448,1.9567841477294574,0.8555695904432588,0.28008719337556515,0.9125468654250357,7500.0,1,42
76,True,Accumulate + Select,24.084186972176745,3.0415661093314847,5.997166420948022,0.06091568040029443,1.94091468148193,0.8531416782211731,0.27831279567970885,0.907493828249983,7600.0,1,42
77,True,Accumulate + Select,24.120203234292028,3.006350953632016,6.167914674015979,0.06265004047682404,1.8709993778841334,0.8508213044380256,0.27663222942481824,0.9036685815092996,7700.0,1,42
78,True,Accumulate + Select,24.145260890204572,2.9711413529733703,6.2199256828428595,0.06317833763728442,1.8968293846744773,0.8486522196200023,0.2750744066364503,0.8983982015024883,7800.0,1,42
79,True,Accumulate + Select,24.173896686179617,2.936875821268202,5.737607722237213,0.05827923618214573,1.8532530409487071,0.8466325190638241,0.273635077278546,0.8933575786028514,7900.0,1,42
80,True,Accumulate + Select,24.203366367580102,2.9035589415560383,5.6473580172577185,0.057362532892814184,1.8252569858286045,0.8447380666623139,0.2722946417629318,0.8887071405025785,8000.0,1,42
81,True,Accumulate + Select,24.230707351278472,2.871071520620728,5.719167339096286,0.05809192964318626,1.7410639980781353,0.8429104543569521,0.2710101836441334,0.883849011671427,8100.0,1,42
82,True,Accumulate + Select,24.25561004203579,2.8390920000113584,5.422414639992432,0.0550776906997091,1.7157054058071743,0.841211133720671,0.2698234150064969,0.878363072290841,8200.0,1,42
83,True,Accumulate + Select,24.27989675049176,2.8079642111324,5.685687751477056,0.057751863732688445,1.8753722057250535,0.8395822264237962,0.2686925231510798,0.8728577519961518,8300.0,1,42
84,True,Accumulate + Select,24.304553456770204,2.777452039858792,5.779968492269941,0.05870951190699648,2.096001766301983,0.8380200366905207,0.26761402370932325,0.8676289717057639,8400.0,1,42
85,True,Accumulate + Select,24.329112015080995,2.747342364999739,5.600560464618508,0.056887190946302804,1.9306678790717289,0.8365821958671035,0.2666265550655381,0.8623575904477248,8500.0,1,42
86,True,Accumulate + Select,24.35419245580395,2.7179599676307356,5.53473279439917,0.056218552286123144,1.90580336484373,0.8352976046731315,0.2657484837436823,0.8569890044444328,8600.0,1,42
87,True,Accumulate + Select,24.37701288330139,2.6892457954867073,5.516837744352791,0.05603678491919384,1.8867043365450726,0.8341089327217373,0.26493942623742506,0.8513894061702831,8700.0,1,42
88,True,Accumulate + Select,24.39888798139114,2.6613009701299,5.277747037953332,0.05360824249842044,1.9036800000619118,0.832981837410494,0.26417531073408,0.84580417535575,8800.0,1,42
89,True,Accumulate + Select,24.419217701890716,2.6339108931085153,5.231298529296287,0.05313644593487342,1.830841937584668,0.8319277802201424,0.263463355243689,0.8398698671349384,8900.0,1,42
90,True,Accumulate + Select,24.441909654294633,2.6068953935651007,5.186870913800298,0.052685176412479044,1.8689472477210727,0.8310274988426514,0.26285727212984455,0.8340785489037665,9000.0,1,42
91,True,Accumulate + Select,24.462275224640134,2.580472955651439,5.235332210797964,0.05317741769319156,2.0137650093027393,0.8303031724474169,0.2623709758343364,0.8280202100229561,9100.0,1,42
92,True,Accumulate + Select,24.485946510380536,2.554824276304833,4.890972779817619,0.04967961763762632,1.891622973470773,0.829676221873608,0.2619510078229882,0.8222346999033833,9200.0,1,42
93,True,Accumulate + Select,24.507552836823027,2.5296084499807416,5.198746831080964,0.05280580497782991,1.892885511689618,0.8291375329336833,0.2615908647490564,0.8162766939879437,9300.0,1,42
94,True,Accumulate + Select,24.53062469642347,2.5050311085818286,5.0060237969755335,0.05084823803249148,1.8338285839438981,0.8286811406960949,0.26128624707837006,0.8103700556644038,9400.0,1,42
95,True,Accumulate + Select,24.5484269884268,2.480454590013312,4.963306878229952,0.050414344759011194,2.0409525902872927,0.8283517050329641,0.26106665332465806,0.8033993076485392,9500.0,1,42
96,True,Accumulate + Select,24.571336252685672,2.4569184291933768,4.924101925525168,0.050016123965816034,1.9205759760615881,0.8281483554621032,0.2609312253068678,0.7973926866816418,9600.0,1,42
97,True,Accumulate + Select,24.593765280371297,2.4335767913368516,4.9383912866287005,0.05016126687048293,1.933356917630363,0.8281286894130585,0.26091813283218823,0.7910789883151852,9700.0,1,42
98,True,Accumulate + Select,24.612035792381942,2.410738744795371,4.771180900838786,0.04846284236373426,2.0481417641585336,0.8281640812190606,0.2609416951859827,0.7841440945261081,9800.0,1,42
99,True,Accumulate + Select,24.630438505413025,2.388257625097135,4.848758588334396,0.04925083077125447,1.857968687536634,0.8282326556088049,0.2609873569588819,0.7772639574760994,9900.0,1,42
100,True,Accumulate + Select,24.64784915473837,2.366187058380162,4.713899525069901,0.04788101192343859,1.9162983701269198,0.8283409952844776,0.2610595184996723,0.7702988087898696,10000.0,1,42
101,True,Accumulate + Select,24.666029582027072,2.3445709193610704,4.715562480989665,0.04789790324914439,1.8581373704937114,0.8285322065532942,0.26118694145689025,0.7634312564970488,10100.0,1,42
102,True,Accumulate + Select,24.683273174415163,2.3231586123847694,4.855416556070818,0.04931845848178967,1.8686666340097275,0.828820010933472,0.2613788866459522,0.7564075588541951,10200.0,1,42
103,True,Accumulate + Select,24.700154637836157,2.302301028807405,4.69152550236692,0.047653749793196046,1.8993026883948128,0.8290880058187513,0.26155778562549864,0.7493656773407349,10300.0,1,42
104,True,Accumulate + Select,24.716376500912222,2.2819530216236616,4.771730308514463,0.04846842292295704,1.9188642990749774,0.8293166888791783,0.2617105684858567,0.742688248976683,10400.0,1,42
105,True,Accumulate + Select,24.736054749340706,2.261966169059818,4.334911293426724,0.044031472928888045,1.9383954954588605,0.8295418199369279,0.26186109213176023,0.7366447521676892,10500.0,1,42
106,True,Accumulate + Select,24.75355547158473,2.24216470304734,4.433044905918895,0.045028256302152264,1.8210314506446772,0.8298028313926246,0.26203574728418505,0.730348101423387,10600.0,1,42
107,True,Accumulate + Select,24.768730479774526,2.222652839815517,4.197333413263115,0.04263403794210447,1.9397586486828833,0.8300631201376768,0.262210070690221,0.7240475401898351,10700.0,1,42
108,True,Accumulate + Select,24.783910268032862,2.2034773932871343,4.504949841219874,0.045758624237699046,1.9296942800795969,0.8302608612138197,0.2623426055573023,0.717926363262217,10800.0,1,42
109,True,Accumulate + Select,24.798365117888544,2.184629351988677,4.357752291634112,0.04426347832096203,1.9204977440105249,0.8304407057172823,0.26246322163084373,0.7118643099502588,10900.0,1,42
110,True,Accumulate + Select,24.81288621296388,2.1661038113025635,4.18860400884612,0.042545369799147296,1.7892191194680076,0.8305949477574633,0.26256672490934047,0.7061853941008263,11000.0,1,42
111,True,Accumulate + Select,24.826992543709824,2.147960332979495,4.373357503818283,0.04442198686504199,1.9275493313808316,0.8307104225748418,0.2626442487397514,0.7006485975684652,11100.0,1,42
112,True,Accumulate + Select,24.843514855712776,2.1301811227886356,4.119143092575394,0.041839826767845145,1.8509305808198215,0.830787743574335,0.26269617487582314,0.6956655279453413,11200.0,1,42
113,True,Accumulate + Select,24.86018120435493,2.112635925686867,4.056614415762778,0.04120469733750852,2.0106916555050924,0.8308305250253449,0.26272491123118985,0.6908249913278197,11300.0,1,42
114,True,Accumulate + Select,24.87351074649454,2.0952216976220153,4.420185055808129,0.04489763352726864,1.9213722279379462,0.8308554142610033,0.26274163126381156,0.6856464288477361,11400.0,1,42
115,True,Accumulate + Select,24.889117901530238,2.0781407379324746,4.220933349191217,0.042873752176053714,1.9972990544048637,0.8308741310906071,0.26275420573341174,0.6808611098116076,11500.0,1,42
116,True,Accumulate + Select,24.902584088959127,2.061362345970262,4.023586973223842,0.04086922405013844,1.9366477355425502,0.830842949203571,0.2627332573417908,0.6759430847569452,11600.0,1,42
117,True,Accumulate + Select,24.915008407113696,2.04485192420242,4.075421028706554,0.04139572382286559,1.9455967509412524,0.8307233116001947,0.26265290363114696,0.6712087725145346,11700.0,1,42
118,True,Accumulate + Select,24.928606446239634,2.0286973030941247,4.190994080367873,0.0425696467364096,1.9922248582253907,0.8305618936001835,0.26254453958710205,0.6668712207412522,11800.0,1,42
119,True,Accumulate + Select,24.94279520655779,2.0127513705574183,3.9109769520043853,0.03972539785273396,2.030826715903895,0.8303540861753238,0.26240511953914397,0.6626780884391144,11900.0,1,42
120,True,Accumulate + Select,24.95473907033394,1.9969204241266973,3.8770692492292476,0.03938098340091157,1.866053229155311,0.8301424478874666,0.26226322913385275,0.6583003072913037,12000.0,1,42
121,True,Accumulate + Select,24.967872710559313,1.9814929285528464,3.705407113378865,0.03763734064192994,2.0275825098122997,0.8299038746424758,0.26210340104133595,0.6543514655388607,12100.0,1,42
122,True,Accumulate + Select,24.98137378930617,1.9663673178807266,3.814756415609201,0.03874804637845765,1.9607475222213133,0.8296780186584162,0.26195221015614345,0.6505151265753331,12200.0,1,42
123,True,Accumulate + Select,24.99480926214634,1.9514517560088924,4.082498623271425,0.041467613855300005,1.938527788036174,0.8294171977091105,0.26177775517160745,0.6467668231201714,12300.0,1,42
124,True,Accumulate + Select,25.009562380485413,1.9367578225847863,3.947425538236916,0.040095621100537784,1.9502048807793777,0.8291977951879257,0.2616311212277411,0.6430912730279218,12400.0,1,42
125,True,Accumulate + Select,25.020997436889107,1.9222460549257816,3.9846489454646097,0.04047371452315349,1.824242663675959,0.8290081042254002,0.2615044309138298,0.6388661921553813,12500.0,1,42
126,True,Accumulate + Select,25.033706169325242,1.9078970900035501,3.959428210659108,0.04021753716987776,1.879884622167704,0.8288555836749664,0.26140262391104513,0.6348929896873529,12600.0,1,42
127,True,Accumulate + Select,25.044583858725854,1.8937789720427483,3.722650597571797,0.03781248978710209,1.9985317429953005,0.8287318385903637,0.26132006240468936,0.6307269790221288,12700.0,1,42
128,True,Accumulate + Select,25.05699308259686,1.8799634184195482,3.5950807513297103,0.03651671050786554,2.006991971817166,0.8285788554907352,0.26121804053398934,0.6269894331979081,12800.0,1,42
129,True,Accumulate + Select,25.06610266908862,1.866138496789081,3.8264768693400844,0.03886709583673566,1.8434565431439478,0.8284370268586545,0.26112350371082843,0.6226271842677994,12900.0,1,42
130,True,Accumulate + Select,25.078184267064405,1.8526459419321026,3.743310748764025,0.03802234342108688,1.9706977343702603,0.828314672087999,0.261041983087107,0.6188595368497724,13000.0,1,42
131,True,Accumulate + Select,25.089158899042424,1.839375536708298,3.6544543392646083,0.03711979240571444,1.9604084705214606,0.8281859012027405,0.260956223377833,0.615092216800226,13100.0,1,42
132,True,Accumulate + Select,25.10007950487723,1.826281389406567,3.75629018696429,0.03815418090127102,1.9037437035592848,0.8280520750064841,0.26086713569984693,0.6113214382826154,13200.0,1,42
133,True,Accumulate + Select,25.111627897261524,1.813353711417261,3.537319478065218,0.03593000555177101,1.9612358360139084,0.8278818948237658,0.26075390434208506,0.607779930031402,13300.0,1,42
134,True,Accumulate + Select,25.12244214275709,1.8006082528611826,3.5583637862399113,0.03614376122587356,1.9344161000190867,0.8276770430716476,0.2606176884588323,0.6042168383384094,13400.0,1,42
135,True,Accumulate + Select,25.13229802889419,1.7879943224648462,3.303428359610948,0.0335542774795166,1.9341888636424853,0.8274302993195193,0.26045373905043795,0.6005929216570227,13500.0,1,42
136,True,Accumulate + Select,25.14160744221785,1.7755503238163195,3.507720502703025,0.03562935661245835,2.0417670842943965,0.8271322164306942,0.2602558554172982,0.5970080448830125,13600.0,1,42
137,True,Accumulate + Select,25.151199288842065,1.763349801404452,3.3021155470261743,0.03354094270335294,1.8270204591681851,0.8267557409880519,0.26000620845276096,0.5937553277750736,13700.0,1,42
138,True,Accumulate + Select,25.160298207922366,1.7512368901470772,3.512115952712209,0.03567400300196651,1.812491801240504,0.8262850754186852,0.2596945374502836,0.5905531005067178,13800.0,1,42
139,True,Accumulate + Select,25.170374403885095,1.739356096779708,3.520904506331703,0.035763271947646585,2.0220488706034527,0.8256956464591039,0.25930490124404226,0.5877010969684409,13900.0,1,42
140,True,Accumulate + Select,25.179910857224858,1.7276144279864278,3.384539918686098,0.03437816087086835,1.979089477385264,0.8249554739879645,0.2588166816591479,0.5849459044354836,14000.0,1,42
141,True,Accumulate + Select,25.190188184524818,1.716079376568317,3.5762894242842833,0.036325839287650895,2.011317560153101,0.8241201146580719,0.2582670913658987,0.5825697725529756,14100.0,1,42
142,True,Accumulate + Select,25.19994877950444,1.7046636873937908,3.3739134285614076,0.034270223249869294,1.9313359302002744,0.8232349090765094,0.25768633312912365,0.5802745955341371,14200.0,1,42
143,True,Accumulate + Select,25.207850519693054,1.6934112101456393,3.343837019134939,0.03396472481684073,1.9866804316928788,0.8222620190330341,0.2570499639927587,0.5779720466084759,14300.0,1,42
144,True,Accumulate + Select,25.215682017301692,1.6822684570002926,3.6549254919290237,0.03712457809667426,2.0156184941581996,0.8212044255983466,0.25636044903669,0.5757119520040873,14400.0,1,42
145,True,Accumulate + Select,25.22487673963321,1.671279779885617,3.3218621382540148,0.033741516933881006,1.9987333490785766,0.8200995730449494,0.2556426149987804,0.5737402838212841,14500.0,1,42
146,True,Accumulate + Select,25.234114668169134,1.6604778264881923,3.348847642559576,0.034015619775178925,2.0292529273871556,0.818905353219034,0.25486955688856566,0.5719633015466228,14600.0,1,42
147,True,Accumulate + Select,25.243229893444408,1.649791340371279,3.2002775058522173,0.03250653192777801,1.96759685454107,0.817635956844815,0.25405103779429883,0.5702409962590622,14700.0,1,42
148,True,Accumulate + Select,25.252013298300994,1.6392699595256732,3.387416900683238,0.034407383557643056,2.0248925743664374,0.8163379528831948,0.2532174524304235,0.5686338027091814,14800.0,1,42
149,True,Accumulate + Select,25.260559618680162,1.6288540052092566,3.266201588376898,0.03317614988730785,1.9867104721269193,0.8150067316682384,0.2523660493166216,0.5670928548326559,14900.0,1,42
150,True,Accumulate + Select,25.269071754795917,1.6185561596547215,3.156451852426446,0.032061376781158564,2.007119165414329,0.8136314734674545,0.25149018096278647,0.5656492317511446,15000.0,1,42
151,True,Accumulate + Select,25.278384619737242,1.6084184675962812,3.3938011176772256,0.034472230669548014,1.9607397395116326,0.8122120560594518,0.25059008999423765,0.5643746184135446,15100.0,1,42
152,True,Accumulate + Select,25.28684791099461,1.5984225291385186,3.147210385375197,0.03196750740788965,1.9804668473442826,0.8107279585523613,0.24965317602297776,0.5631471818246897,15200.0,1,42
153,True,Accumulate + Select,25.293553971242833,1.588486295006423,3.037759059567053,0.030855765376014633,1.9457364320430448,0.8092162961230122,0.24870321773820148,0.5617174769715271,15300.0,1,42
154,True,Accumulate + Select,25.301703034816107,1.5787069822816422,3.0781777205731675,0.031266314302497,2.0780041257876327,0.8076642008723962,0.24773237487490377,0.5605158834417098,15400.0,1,42
155,True,Accumulate + Select,25.31082323193596,1.5691133213343758,3.16441292673063,0.032142240679859574,2.0054926426986706,0.8060825645954822,0.24674771594006514,0.5595600288290207,15500.0,1,42
156,True,Accumulate + Select,25.318900355253568,1.559561666420728,3.2949358968239792,0.033468016049929564,1.8772686783580483,0.804501419740607,0.24576801285937222,0.55843184122342,15600.0,1,42
157,True,Accumulate + Select,25.32661922770634,1.5501361265620424,3.023689038206041,0.030712850395123167,1.9950544493091968,0.8029125865970417,0.24478817561847677,0.5573784109274232,15700.0,1,42
158,True,Accumulate + Select,25.333865422699706,1.5408634445199432,3.1043957811034724,0.03153262190243303,2.0537095462957318,0.8012782949903168,0.24378509049634833,0.5563056201493823,15800.0,1,42
159,True,Accumulate + Select,25.342009531429174,1.5317134950807274,3.3110808224058297,0.03363200668447244,2.045428919914202,0.79962987635412,0.2427781950554776,0.5554330627810217,15900.0,1,42
160,True,Accumulate + Select,25.34918288465374,1.5226586832825502,3.202771468615709,0.0325318641310166,2.1304555032558645,0.797978674573002,0.24177443680735689,0.5544631925392514,16000.0,1,42
161,True,Accumulate + Select,25.356602963658485,1.5136811048778567,2.881652124149836,0.029270123171234633,1.8643709838426599,0.7963317295656488,0.2407780334287517,0.5535390348410115,16100.0,1,42
162,True,Accumulate + Select,25.363736014141978,1.504809904708483,3.0745940982059796,0.03122991397949905,2.0474606487325673,0.7946628352536672,0.23977315182703643,0.5525889293301369,16200.0,1,42
163,True,Accumulate + Select,25.372705340803094,1.496104440965431,3.0677873359826173,0.031160774902299057,2.07754492641267,0.7929799020022065,0.23876465529936572,0.5519752958834694,16300.0,1,42
164,True,Accumulate + Select,25.379153832372463,1.4874531325377656,2.962793608494435,0.030094310525828626,1.9999397885861407,0.7912888005716087,0.2377561021481791,0.5511116668914519,16400.0,1,42
165,True,Accumulate + Select,25.38639965619083,1.4789136478527385,2.9882411369341684,0.03035279151511676,1.9534643976689168,0.7895861995149612,0.2367455344587336,0.5503326704702324,16500.0,1,42
166,True,Accumulate + Select,25.3934306750614,1.4704213831890245,2.850856331353274,0.02895731766610201,2.100655855056349,0.7879050528389755,0.2357524157543481,0.5494892263200056,16600.0,1,42
167,True,Accumulate + Select,25.400271722340023,1.4620783372343313,2.8256042663323724,0.028700822078971455,1.8228015466278427,0.7862207074531044,0.2347620533696292,0.5486929251494961,16700.0,1,42
168,True,Accumulate + Select,25.407991880426295,1.45384048873042,3.0433064399551957,0.030912112395100614,1.899489497448632,0.7845461555018375,0.2337820084615018,0.5480371880089178,16800.0,1,42
169,True,Accumulate + Select,25.41398558193339,1.4456401581759069,2.815846634615334,0.028601709809373155,2.1180455873648145,0.7828769611544001,0.23280957392760865,0.5471597751109987,16900.0,1,42
170,True,Accumulate + Select,25.420442402876706,1.4375284859681126,2.8771327759887133,0.02922421829735303,2.0870891533734146,0.7812053667079373,0.23184017020927153,0.5463356144761368,17000.0,1,42
171,True,Accumulate + Select,25.42743296892455,1.4295618838000648,2.8522424975284295,0.028971397524785357,1.926653699094341,0.779521974542264,0.23086835603392372,0.5456022156104126,17100.0,1,42
172,True,Accumulate + Select,25.434499071095704,1.4216794648607496,2.7764858307136526,0.02820190597161431,1.981135119403202,0.7778426551592516,0.2299032767897209,0.5449745610467743,17200.0,1,42
173,True,Accumulate + Select,25.440353003068015,1.413825332062505,2.837826630410542,0.028824969646616266,2.0164621250867407,0.7761837801895812,0.22895420023409277,0.5441233971232301,17300.0,1,42
174,True,Accumulate + Select,25.44656264114441,1.4060956710878834,2.958293122623911,0.030048597243973168,1.9819602488299688,0.7745370696538094,0.22801622107608233,0.5433740316131002,17400.0,1,42
175,True,Accumulate + Select,25.4526805354113,1.398433886622371,2.6991859347178315,0.027416739206355012,1.9719381598519092,0.7728958834367533,0.22708544873718403,0.5426057388677346,17500.0,1,42
176,True,Accumulate + Select,25.45826808319424,1.3908948510209063,2.620723208813393,0.026619761100522304,2.0842723377141223,0.7712486184409445,0.22615526365965943,0.5418359952738343,17600.0,1,42
177,True,Accumulate + Select,25.464089047386476,1.3834301822323913,2.8258450608826093,0.028703267928033294,2.0158535066567094,0.76961036760205,0.22523413777399637,0.5410709067821248,17700.0,1,42
178,True,Accumulate + Select,25.470485341939096,1.3760385652824436,2.770777782509891,0.028143926983591687,1.9635872837968984,0.7679846196600272,0.2243239160820362,0.5404352457326423,17800.0,1,42
179,True,Accumulate + Select,25.476395911479052,1.368738482162382,2.914476512812804,0.029603533957059103,2.0914668392343083,0.7663607844837393,0.2234185803625548,0.5397160068858934,17900.0,1,42
180,True,Accumulate + Select,25.482433929184598,1.361494380261798,2.9168351634887304,0.029627491739896147,1.9260353580168876,0.7647592840957024,0.22252939556395415,0.5390040423339463,18000.0,1,42
181,True,Accumulate + Select,25.488751165932413,1.354357660681417,2.7077406877083545,0.027503633343101644,1.9513780108481598,0.7631671527977417,0.22164901902993153,0.5383378770272218,18100.0,1,42
182,True,Accumulate + Select,25.49526014484937,1.3472816568273498,2.812646935815301,0.028569209155597863,1.892860525402935,0.7615791235436746,0.220774459216742,0.5377690360365632,18200.0,1,42
183,True,Accumulate + Select,25.501229219111167,1.3402542124482217,2.6789722979067805,0.027211421002176352,2.0490415017006627,0.7599989664542371,0.2199077199230918,0.5370814264120812,18300.0,1,42
184,True,Accumulate + Select,25.506808023248453,1.3333170780699335,2.693746078756104,0.027361484356993027,1.9115317162288223,0.7584272707488496,0.21904903901987313,0.5363978452280553,18400.0,1,42
185,True,Accumulate + Select,25.512317634819244,1.3264536431485392,2.6815792390736526,0.027237900773421128,2.1105820918359655,0.7568631779004126,0.21819786474387312,0.5357045082871443,18500.0,1,42
186,True,Accumulate + Select,25.51756702170969,1.3196748167849943,2.5206009681912467,0.025602778415266772,1.9663529893373526,0.7553049183129131,0.21735316138373056,0.5349868209726258,18600.0,1,42
187,True,Accumulate + Select,25.524300020330593,1.3129859423731245,2.663572563561712,0.02705499958083028,2.0355602053298116,0.7537757906611445,0.21652742052405044,0.5344866107812228,18700.0,1,42
188,True,Accumulate + Select,25.529497955070504,1.3063175267374116,2.68055742402909,0.02722752177869032,2.1223763758124976,0.7522612683311345,0.21571263588056366,0.5337156672096487,18800.0,1,42
189,True,Accumulate + Select,25.534806582075692,1.2997526795190573,2.66399341603505,0.027059274352107594,1.8778466725027898,0.7507492736592551,0.21490223216708,0.5330055808850823,18900.0,1,42
190,True,Accumulate + Select,25.540507761663005,1.2932513899803115,2.6007076413109593,0.026416454767593155,1.9954145581840277,0.7492362144089437,0.21409425433505347,0.5324037791744661,19000.0,1,42
191,True,Accumulate + Select,25.54559308954096,1.2868255083467564,2.553656173694409,0.025938533702457613,2.039590851952984,0.7477394471631009,0.2132979013528723,0.5317943380625675,19100.0,1,42
192,True,Accumulate + Select,25.550949795503815,1.280436175264714,2.558268714114009,0.025985385168351964,2.0316168589328836,0.7462489088000166,0.21250772968570275,0.5311496801211352,19200.0,1,42
193,True,Accumulate + Select,25.555897941982977,1.2741190617154152,2.605131241774357,0.026461387092816896,2.0565485956091987,0.7447603300599838,0.21172142939924155,0.5304595905056395,19300.0,1,42
194,True,Accumulate + Select,25.56152699243219,1.2678842648009667,2.6016583045677377,0.026426111044416813,2.0201950046632193,0.7432821041844547,0.2109433765247943,0.5298226538619402,19400.0,1,42
195,True,Accumulate + Select,25.567293504258163,1.2617148055751477,2.4897044817092224,0.025288950123049145,2.0081418747471482,0.7418306146456889,0.21018206931567118,0.5292049451212631,19500.0,1,42
196,True,Accumulate + Select,25.57162750756598,1.2555606079440418,2.4727671161549893,0.025116910350512448,2.0244000266204663,0.7403926324017509,0.20943043842038378,0.5284485599764326,19600.0,1,42
197,True,Accumulate + Select,25.57676707864133,1.249501541578942,2.5459084321315126,0.025859836711955412,2.000281545362029,0.7389601476751572,0.20868422638741504,0.527828099936082,19700.0,1,42
198,True,Accumulate + Select,25.582178334462156,1.2434660400873865,2.5437424897931296,0.025837836346784698,2.04219152531347,0.737545973652726,0.20795002605005894,0.5271739721726278,19800.0,1,42
199,True,Accumulate + Select,25.588005826895976,1.2375541320340941,2.475674545032983,0.0251464422987505,1.9996135450419719,0.7361269040593512,0.20721573586274833,0.5266545787074995,19900.0,1,42
200,True,Accumulate + Select,25.59297822348589,1.2316757187694036,2.3823285766248694,0.02419828899115799,2.0122892801699415,0.7347200758290044,0.20649018647870176,0.5260726799109788,20000.0,1,42
0,False,Replace,3.0814879110195774e-33,73.62890498672748,148.30107885880193,1.0098588818547882,0.07560666551593459,1.0,0.5,1.7999999999992153,,2,123
1,False,Replace,0.5063792145218515,73.95832823490494,146.8942930453746,1.000279348384843,0.22686455259012805,0.9975897584188022,0.47110604224508407,2.2091294914491506,,2,123
2,False,Replace,1.5128928436192608,73.81716858934578,147.9213017494211,1.0072727827516355,0.42425062363106764,0.9774418291550767,0.41181138168349185,3.19652963200573,,2,123
3,False,Replace,3.1857370198427652,78.39223952737504,156.4351383087066,1.0652479069666145,0.6848475450458369,0.9755002839499878,0.4081153962733004,4.345851252357991,,2,123
4,False,Replace,4.4385052038660975,90.10154179974204,179.88107511741174,1.224903438213424,0.6666315489658488,0.9705955324447463,0.399394899113803,5.725594280480397,,2,123
5,False,Replace,5.916628963018865,94.60842819431727,186.14508747791356,1.2675583438080336,0.6372406668029772,0.999604691320028,0.4882956830735564,5.577109186809114,,2,123
6,False,Replace,12.253654262999595,82.20932163134671,165.19360334526652,1.1248888332272107,1.0143491189020324,0.9952660305528184,0.4595169977454704,6.642230945185658,,2,123
7,False,Replace,11.391616926132855,81.46649281133196,163.27708544179066,1.1118382698600924,0.95786510121911,0.9988394410483825,0.4799472890221888,6.771837725077365,,2,123
8,False,Replace,11.311562500274357,76.91968190434429,150.7954091663346,1.026844069250085,0.9532344930475638,0.9988455700617669,0.480000295008982,6.171360395299123,,2,123
9,False,Replace,10.716015446184834,71.91345991408798,147.50271126977296,1.004422383300833,0.9995489554767617,0.9858151430635372,0.4300002603990145,5.726619635981469,,2,123
10,False,Replace,8.56359158885572,71.63629501503098,142.9383153148515,0.9733410463958727,0.9124942615880152,0.9858150371793813,0.430000000001135,5.475123462362322,,2,123
11,False,Replace,9.162898739867018,72.94085244598838,145.98746128179914,0.9941042610702953,0.9381380732003466,0.9997114613334876,0.4900003392678002,5.033604847785291,,2,123
12,False,Replace,10.435791927891527,72.65187515838295,142.27669663107454,0.9688357419884154,1.0765046870039088,0.9953784409722011,0.4600000093028015,5.449672501225368,,2,123
13,False,Replace,9.361544397580182,76.39053970900459,148.00036230756126,1.007811147053882,0.9475647172828958,0.9814538950333193,0.4199999999992818,5.8843573158173195,,2,123
14,False,Replace,10.268580013177088,85.35465361894802,171.63649368613886,1.1687618116681913,1.1210854739726348,0.9647995485050873,0.39000000000000007,6.202537997189219,,2,123
15,False,Replace,9.245674386651059,82.80263002482442,169.68416853599797,1.1554674182065265,1.126132359753361,0.9149263727797277,0.33,6.188738313924765,,2,123
16,False,Replace,12.79228208292955,76.32970024307352,156.5744161128537,1.0661963216959307,1.0964877177597847,0.9953784388202197,0.45999999999997354,6.434619236195894,,2,123
17,False,Replace,10.963852128323913,85.2428820709953,171.83944730542345,1.1701438280136978,1.153842970487556,0.9974015885677396,0.47,6.0459345831687195,,2,123
18,False,Replace,9.19229180532106,85.78339291318827,178.61439264979006,1.2162779410136673,1.0438271539024304,0.99971144175281,0.49,5.34612700267632,,2,123
19,False,Replace,8.634489978922208,90.37489187496139,177.14986691584593,1.2063052265094356,1.0586790003937856,0.9858150371789199,0.43,5.707851401368917,,2,123
20,False,Replace,10.680331201823158,107.54790007930495,226.35145564584246,1.541344335885439,1.304852870705171,0.9709505944546688,0.4,6.772776392360622,,2,123
21,False,Replace,10.42082177564393,94.25413530650519,193.55353955107807,1.3180063323489926,1.1416345970216526,0.9974015885677396,0.47,7.286704147988575,,2,123
22,False,Replace,11.950178914510245,106.92888249846189,201.16344566619898,1.369826125836488,1.1222209099684795,0.9895875212220555,0.44,8.24696358118932,,2,123
23,False,Replace,26.98221440556647,171.34604587816773,348.9973598342879,2.376503841270669,1.6495111026312388,0.9927744539878083,0.45,13.087037896410212,,2,123
24,False,Replace,47.78185305599114,166.51392994906593,337.24138873689395,2.2964513432114018,1.833636457203628,0.9895875212220555,0.44,17.015945207461968,,2,123
25,False,Replace,52.42518721394108,143.78717800029452,287.34346069084967,1.9566704986537884,2.0015431986053738,0.9927744539878083,0.45,16.758292411843527,,2,123
26,False,Replace,59.70578400946227,141.47208350338838,274.1557669802335,1.866868659534829,2.188673358431993,1.0,0.5,16.30900307002855,,2,123
27,False,Replace,86.12138146963949,146.70885098355032,299.91062143314434,2.0422468072886453,2.7661953010818783,0.9709505944546688,0.4,16.69812887923854,,2,123
28,False,Replace,110.92709497690147,171.12070339824822,343.6228892014536,2.339906286178012,2.7565826425658426,0.9043814577244939,0.32,16.752366096479896,,2,123
29,False,Replace,111.9642555947244,183.3837085701945,365.87807454502325,2.4914533737614173,2.750841448223416,0.8112781244591328,0.25000000000000006,15.627416790097717,,2,123
30,False,Replace,186.4175823555277,204.08774321085676,400.0744010480251,2.724313878294511,3.454258378742647,0.7014714598838974,0.19000000000000003,18.29254498673007,,2,123
31,False,Replace,159.97367005024878,208.27768106808617,427.3035869685477,2.909731512873526,3.45561604799012,0.6577047787442196,0.17000000000000004,16.272082108395455,,2,123
32,False,Replace,185.84374614224868,212.54217430708894,455.24977628050334,3.1000315950296633,4.242231907887801,0.7414827399312738,0.21000000000000005,17.903004944521175,,2,123
33,False,Replace,179.110570559646,198.68398061932083,398.7120220881874,2.7150367340981822,3.050399684736426,0.7780113035465377,0.23000000000000004,18.170226452994168,,2,123
34,False,Replace,193.7938782470167,205.31630315673016,398.88683963239157,2.716227157330954,3.220677945235676,0.7414827399312738,0.21000000000000005,18.41071848465215,,2,123
35,False,Replace,231.84502888506532,178.80556698141595,360.97376980985,2.458057421862425,4.074090058272537,0.6343095546405662,0.16000000000000003,19.092838216292325,,2,123
36,False,Replace,216.3548654565385,180.25905007296114,356.6287842141898,2.4284701637718333,4.063571590338839,0.7014714598838974,0.19000000000000003,19.32182796525222,,2,123
37,False,Replace,172.68847124925102,145.75515682711676,296.4098865286187,2.0184084895666263,3.7920610805881285,0.7601675029619656,0.22000000000000003,18.138219884252624,,2,123
38,False,Replace,163.56413205037126,145.75997867519072,285.1175362575103,1.9415130259189775,3.4087788600892397,0.7014714598838974,0.19000000000000003,16.9926050225921,,2,123
39,False,Replace,179.96385435716584,159.7889411134313,320.39122950472574,2.1817098788052407,3.896178757445478,0.7414827399312738,0.21000000000000005,18.255825611917682,,2,123
40,False,Replace,196.473651832853,167.48875016042632,334.7427444775468,2.279436779883109,4.005367998565551,0.7601675029619656,0.22000000000000003,19.21160174975656,,2,123
41,False,Replace,185.26758287233753,203.1302896665315,422.442584029908,2.876630425342118,3.51387089572746,0.8112781244591328,0.25000000000000006,19.29674490625251,,2,123
42,False,Replace,186.02553188736366,178.41901535550085,375.8618756513149,2.5594382481766575,3.135782262367405,0.7414827399312738,0.21000000000000005,18.442559776236653,,2,123
43,False,Replace,178.49782139107754,174.0375820448151,353.08251663847324,2.404321790500856,3.547553262705166,0.7950402793845223,0.24000000000000005,18.70930793217586,,2,123
44,False,Replace,186.05117834218737,197.63262186074417,400.661666164825,2.728312870741279,3.2778568693276946,0.8414646362081756,0.27,19.823509040792835,,2,123
45,False,Replace,150.13407865627633,182.31161867486492,374.03799960722336,2.5470185312285314,3.5998162728277947,0.8414646362081756,0.27,17.83319446848428,,2,123
46,False,Replace,135.95079441552755,171.87697744199295,344.8620480038326,2.3483443604809136,2.6654999915343724,0.8414646362081756,0.27,16.987859799596258,,2,123
47,False,Replace,140.0533259243061,223.0721438751485,442.31038067234397,3.011920546335448,3.401433757779924,0.92481870497303,0.34,18.78516591003556,,2,123
48,False,Replace,173.35933750154524,223.4048685598798,447.8227181045444,3.049456907894815,3.570555172608258,0.9340680553754911,0.35,21.055326245875634,,2,123
49,False,Replace,192.80353097539137,225.75803609025184,458.3123592962745,3.1208863095313615,3.7292662314904073,0.9426831892554923,0.36,22.536382851141827,,2,123
50,False,Replace,258.5792571787981,214.51975430831786,438.90091743950853,2.988703744714508,4.655310696817839,0.8267463724926178,0.26,22.584651881234524,,2,123
51,False,Replace,367.0423906681577,257.1975171126718,507.385932681953,3.45505369610219,5.64629871791893,0.7219280948873623,0.20000000000000004,24.801844861887012,,2,123
52,False,Replace,411.1500806776066,269.9492099015035,536.7671315085342,3.6551255015326434,5.151435807520358,0.7219280948873623,0.20000000000000004,26.211512470396784,,2,123
53,False,Replace,344.8050478017695,278.459973979399,554.9839292244459,3.7791731154402988,5.001825796550102,0.8414646362081756,0.27,26.382933161111026,,2,123
54,False,Replace,317.2872486939318,265.18018120304566,543.4578091215503,3.7006857918901015,4.916085143863645,0.9043814577244939,0.32,27.14274647557056,,2,123
55,False,Replace,309.5814145201291,261.75417636140355,521.6219568153214,3.5519941602175518,4.6448753648875645,0.8931734583778568,0.31000000000000005,26.54265464950682,,2,123
56,False,Replace,288.9411353266108,283.1331576425399,566.2448085452705,3.8558542770821296,4.558036643487892,0.9340680553754911,0.35,27.15892589181178,,2,123
57,False,Replace,342.56049113180467,279.7365372725154,563.8482417447273,3.839534812057932,4.959861777033252,0.8812908992306927,0.30000000000000004,27.446821814072702,,2,123
58,False,Replace,365.5562209546192,271.84294489015497,553.1739437470685,3.7668479865577367,4.979825465757551,0.8687212463394046,0.29000000000000004,27.987217900006694,,2,123
59,False,Replace,426.4793549432875,270.6513466464109,545.5784994348487,3.7151266709789637,6.132252744419935,0.8267463724926178,0.26,28.95020868746609,,2,123
60,False,Replace,287.61646479706553,293.0409826385354,580.2558466805915,3.9512626949698477,4.196259599926947,0.9709505944546688,0.4,29.46585615374795,,2,123
61,False,Replace,306.37129885212755,264.51518600807975,522.1726133221684,3.5557438656719547,4.781399272236653,0.92481870497303,0.34,27.686094900243983,,2,123
62,False,Replace,314.7111877018969,234.2691258769694,469.82940306810735,3.1993118276408374,4.615106219849242,0.92481870497303,0.34,28.013281350702258,,2,123
63,False,Replace,233.70918794650902,249.95009417167654,497.6513541595293,3.3887659073846033,4.363783288162175,0.9814538950336537,0.42,27.566676232645523,,2,123
64,False,Replace,224.17419738423797,251.2452643013728,492.9862503938133,3.356998798818468,4.3510637077628065,0.9858150371789199,0.43,27.497601139661604,,2,123
65,False,Replace,317.65693089834144,281.8199719694333,561.0769307013023,3.820663519326141,4.998910111666849,0.9580420222262997,0.38,29.90500224685996,,2,123
66,False,Replace,304.05247730538116,247.5791573257729,497.338738087617,3.3866371425822126,4.529987659068965,0.9426831892554923,0.36,28.406554899743483,,2,123
67,False,Replace,346.5735610172588,250.4300519764337,482.2375884843045,3.283805590913983,5.623614507808707,0.9149263727797277,0.33,28.91524127201641,,2,123
68,False,Replace,433.71384450799144,227.95377163274878,469.236914890163,3.1952772686646296,5.200202675151398,0.8267463724926178,0.26,29.211958504738668,,2,123
69,False,Replace,421.78519244366566,232.37906523600998,462.32026669616175,3.148178227544185,5.619257024205035,0.8267463724926178,0.26,28.8452647190562,,2,123
70,False,Replace,427.38918915162196,199.88001619994048,404.50988824305307,2.7545174086647575,6.124530328842431,0.8267463724926178,0.26,29.028688059391296,,2,123
71,False,Replace,394.5613030346504,178.18739664483275,356.7458620935378,2.4292674077112446,5.644368054913617,0.8267463724926178,0.26,27.9193215749084,,2,123
72,False,Replace,383.6664529903544,175.58784810012216,350.7521994515591,2.388453453420283,5.166529265958403,0.8112781244591328,0.25000000000000006,27.19112584164402,,2,123
73,False,Replace,419.6145124520148,157.43609198614047,315.7049438989131,2.1497985321154167,5.350189771452618,0.7601675029619656,0.22000000000000003,27.333182303901115,,2,123
74,False,Replace,388.5830036249066,176.12034980806578,354.9603647440506,2.41710903117897,5.168861621059272,0.8267463724926178,0.26,27.76757642400784,,2,123
75,False,Replace,372.9129987517543,159.95759216095496,321.8233523522731,2.1914619452678177,5.04856616394709,0.7950402793845223,0.24000000000000005,26.510840940285913,,2,123
76,False,Replace,418.09248589603175,164.57414754386494,338.6770885872444,2.3062277673393368,4.90208342401952,0.7601675029619656,0.22000000000000003,27.275673196615518,,2,123
77,False,Replace,477.879385092237,164.2342154970822,329.67670719509937,2.2449395072748772,5.221509781789026,0.7014714598838974,0.19000000000000003,28.012143685338142,,2,123
78,False,Replace,514.2280987307006,125.55756167841272,267.9244258726152,1.8244362294283252,6.4345942882671485,0.5293608652873645,0.12000000000000002,26.747884193692634,,2,123
79,False,Replace,557.6070590838742,120.74260305897086,242.39970942208413,1.6506252105689438,5.345151452782183,0.43646981706410304,0.09000000000000002,26.91490104298438,,2,123
80,False,Replace,552.9832120995844,135.80117676594352,273.09060823631035,1.8596154417806934,6.115701834339067,0.5293608652873645,0.12000000000000002,27.700563278470735,,2,123
81,False,Replace,635.6422147567216,104.06130757836502,205.2421804985358,1.3976003445330865,7.520543335243358,0.3659236509002232,0.07000000000000002,28.033578801007607,,2,123
82,False,Replace,642.3310260805822,106.23818502233738,211.8072717077757,1.4423054519999714,7.657607950506735,0.3659236509002232,0.07000000000000002,28.180279445284558,,2,123
83,False,Replace,629.6733556334864,98.40485664425347,193.51278800778138,1.3177288339770041,6.691684581059619,0.3274449191544763,0.06000000000000002,27.617787192797174,,2,123
84,False,Replace,614.1970644318477,89.19247179111575,180.39301858504422,1.2283895265262974,6.283545482754166,0.28639695711595625,0.05000000000000002,27.006658351273234,,2,123
85,False,Replace,645.030686869436,103.38168521503212,200.09265203255615,1.3625345371987727,6.530964020738329,0.28639695711595625,0.05000000000000002,27.645276245890223,,2,123
86,False,Replace,761.3223336987968,95.39376290326166,196.4676016637118,1.3378496910714301,6.483657340684981,0.2422921890824149,0.040000000000000015,29.634103248566696,,2,123
87,False,Replace,779.9552216011429,104.2432245746107,216.85828543835902,1.4767004214597454,7.350905988004759,0.28639695711595625,0.05000000000000002,30.29470770864366,,2,123
88,False,Replace,816.4276040615133,88.92459943425372,174.83713070320584,1.1905566073915297,7.919395559657726,0.19439185783157625,0.030000000000000023,30.342040764865608,,2,123
89,False,Replace,875.2026342442833,100.31138562656551,192.17251877061912,1.3086022463375864,8.411718993410972,0.2422921890824149,0.040000000000000015,31.704855562437317,,2,123
90,False,Replace,799.662577080852,103.39249707840852,200.3616298418971,1.364366146462003,6.023539174566071,0.28639695711595625,0.05000000000000002,30.666296149285206,,2,123
91,False,Replace,691.7658977155927,135.77953143526994,257.378659323295,1.7526246411529776,6.5513326784708585,0.4689955935892813,0.10000000000000002,30.16108570204938,,2,123
92,False,Replace,753.1952095899901,89.09169444137864,179.30602933888684,1.2209876535719018,6.989826786480979,0.28639695711595625,0.05000000000000002,29.785441526271818,,2,123
93,False,Replace,806.2170451648853,75.18019328999983,151.38274477551943,1.0308435417160247,7.360591375087758,0.14144054254182079,0.02000000000000002,29.850702826310865,,2,123
94,False,Replace,876.8573375832652,72.95381773907667,143.26186724031615,0.9755442790910493,7.616542089909498,0.0807931358959113,0.010000000000000023,30.77703944088874,,2,123
95,False,Replace,933.9712548258966,70.55751945933575,139.93237320650476,0.9528720291789079,7.588272401827396,0.0807931358959113,0.010000000000000023,31.73258961582081,,2,123
96,False,Replace,993.5068708980417,64.57452334322319,132.89359804966836,0.9049413622936199,9.540732774252987,3.9863137138648344e-11,2.2204460492503132e-17,32.39375066695102,,2,123
97,False,Replace,1015.3408574455777,82.5379205007381,170.70078689080526,1.162390099302031,9.056542262014773,3.9863137138648344e-11,2.2204460492503132e-17,32.73588497115911,,2,123
98,False,Replace,1053.05072119917,77.95586997707414,157.2247655563918,1.0706248880079234,9.23855822035619,3.9863137138648344e-11,2.2204460492503132e-17,33.31517829327488,,2,123
99,False,Replace,1118.50101506671,74.76110433332367,144.87802644678936,0.986549544472175,9.686958704144427,3.9863137138648344e-11,2.2204460492503132e-17,34.29976549064631,,2,123
100,False,Replace,1120.20969960272,82.24285072167777,167.08393353225347,1.137761070864703,8.431746031224982,3.9863137138648344e-11,2.2204460492503132e-17,34.32406914902096,,2,123
101,False,Replace,1115.320766006424,56.98113742460544,109.2107204399828,0.7436723783721223,10.103813053137532,3.9863137138648344e-11,2.2204460492503132e-17,34.25080633113953,,2,123
102,False,Replace,1160.3074464727588,57.489026019501566,112.36355131336326,0.7651416372943765,8.055485516969558,3.9863137138648344e-11,2.2204460492503132e-17,34.91215835098892,,2,123
103,False,Replace,1160.6471784475043,46.16026877320474,92.88278398683264,0.6324869994358475,9.166319621376411,3.9863137138648344e-11,2.2204460492503132e-17,34.91617482244825,,2,123
104,False,Replace,1158.3040069248732,51.90566913973932,103.87373892225861,0.707330106087643,7.861297232268904,3.9863137138648344e-11,2.2204460492503132e-17,34.88120983356869,,2,123
105,False,Replace,1181.7504032544143,43.80027968495597,87.442657056224,0.5954423565946232,9.434359596400526,3.9863137138648344e-11,2.2204460492503132e-17,35.22405174942544,,2,123
106,False,Replace,1098.7918524954061,39.72827512813244,76.33638975875007,0.5198140283254405,7.861282931700188,3.9863137138648344e-11,2.2204460492503132e-17,34.00407420644371,,2,123
107,False,Replace,1158.0598512648203,52.75676749773001,105.11731421075801,0.7157982545327527,8.621897902952243,3.9863137138648344e-11,2.2204460492503132e-17,34.87873192434819,,2,123
108,False,Replace,1219.782880742368,49.43468156343916,101.27553062521545,0.689637559641801,9.038056659907147,3.9863137138648344e-11,2.2204460492503132e-17,35.768162127307676,,2,123
109,False,Replace,1210.9660278682134,45.04763992750605,93.86505867773775,0.6391758167301314,7.561172523394159,3.9863137138648344e-11,2.2204460492503132e-17,35.64336864654432,,2,123
110,False,Replace,1268.1605542787142,48.359770693157714,97.30326415811788,0.6625883392061781,9.885740772714605,3.9863137138648344e-11,2.2204460492503132e-17,36.44973834219058,,2,123
111,False,Replace,1281.6138710720854,54.83871258933763,110.84496659952558,0.7548008071876853,8.982709865607578,3.9863137138648344e-11,2.2204460492503132e-17,36.63705086866119,,2,123
112,False,Replace,1259.3600239429168,57.68535112776808,118.11916505478571,0.8043345932865233,7.552664772324853,3.9863137138648344e-11,2.2204460492503132e-17,36.32615069375031,,2,123
113,False,Replace,1214.525654939628,69.66657383723019,144.3055533847924,0.9826512787904353,9.461370156120543,3.9863137138648344e-11,2.2204460492503132e-17,35.69234862214455,,2,123
114,False,Replace,1346.0756743578688,67.93163437892156,135.49315169386242,0.9226430699052469,10.165116534321783,3.9863137138648344e-11,2.2204460492503132e-17,37.52056152433681,,2,123
115,False,Replace,1412.9865795586754,63.382780351099655,128.81590060934076,0.877174207736693,9.04328136473601,3.9863137138648344e-11,2.2204460492503132e-17,38.41657933739014,,2,123
116,False,Replace,1376.0498913111394,55.157444312607474,113.20658690180323,0.7708823033991481,8.019150868188396,3.9863137138648344e-11,2.2204460492503132e-17,37.924627599422124,,2,123
117,False,Replace,1367.413353284056,46.869949143057816,90.95955551404677,0.6193907403255009,9.898235195755827,3.9863137138648344e-11,2.2204460492503132e-17,37.808721990702445,,2,123
118,False,Replace,1388.1405502946457,52.075781576270884,108.37544557371996,0.7379845590455434,11.388407349111972,3.9863137138648344e-11,2.2204460492503132e-17,38.08635226487236,,2,123
119,False,Replace,1397.002840388224,46.409242361372115,97.67149973173986,0.6650958460125925,11.101578489230796,3.9863137138648344e-11,2.2204460492503132e-17,38.20410565646937,,2,123
120,False,Replace,1364.9233281383295,35.98764136361196,71.64345932885958,0.4878574335857372,10.018286472591033,3.9863137138648344e-11,2.2204460492503132e-17,37.77509435220302,,2,123
121,False,Replace,1409.2112111227736,33.3759886656569,66.72251492535094,0.4543481735639119,10.860436274718573,3.9863137138648344e-11,2.2204460492503132e-17,38.365731555005055,,2,123
122,False,Replace,1404.1515549792582,26.59535349132066,51.29511555949646,0.3492950182300766,10.569346770058669,3.9863137138648344e-11,2.2204460492503132e-17,38.29904271261494,,2,123
123,False,Replace,1412.1851905962446,31.43093658886022,61.76577310893483,0.42059515041069057,9.958738957440112,3.9863137138648344e-11,2.2204460492503132e-17,38.40550204605219,,2,123
124,False,Replace,1342.6872139278855,34.485078807167824,67.56308493013643,0.46007205023214265,9.006672232083965,3.9863137138648344e-11,2.2204460492503132e-17,37.4745678063925,,2,123
125,False,Replace,1342.7049545169637,37.14058056740981,74.11882036280187,0.5047134493690337,10.549094942389733,3.9863137138648344e-11,2.2204460492503132e-17,37.47526459249145,,2,123
126,False,Replace,1292.744289431894,36.312608615682855,74.10877125409338,0.5046450197813188,9.54666378422516,3.9863137138648344e-11,2.2204460492503132e-17,36.791628995228635,,2,123
127,False,Replace,1297.0986107027143,36.27195042681994,72.06045568885298,0.4906969778498851,9.468310183703199,3.9863137138648344e-11,2.2204460492503132e-17,36.85216692400226,,2,123
128,False,Replace,1279.3861976558376,33.773427147223835,67.70071237616614,0.4610092268179746,9.501242769502104,3.9863137138648344e-11,2.2204460492503132e-17,36.606677770488965,,2,123
129,False,Replace,1272.8478085595052,33.07046789022727,64.59134432903176,0.4398359287980475,9.847692176233611,3.9863137138648344e-11,2.2204460492503132e-17,36.51632129416131,,2,123
130,False,Replace,1243.456069637237,31.200255636004364,61.01243927027228,0.4154653099953052,9.208704668728085,3.9863137138648344e-11,2.2204460492503132e-17,36.10491393100115,,2,123
131,False,Replace,1241.0467837599667,23.006667593766778,44.55642614082346,0.30340779061262285,8.572210176783868,3.9863137138648344e-11,2.2204460492503132e-17,36.07104077090329,,2,123
132,False,Replace,1226.1534718885764,22.147865549559036,45.96101241076046,0.3129723462513425,8.06875851308018,3.9863137138648344e-11,2.2204460492503132e-17,35.86048723005934,,2,123
133,False,Replace,1211.0956767924451,25.415394827328242,51.30446488039548,0.34935868260003156,10.574973431492182,3.9863137138648344e-11,2.2204460492503132e-17,35.646393950306766,,2,123
134,False,Replace,1231.629225408496,29.459779103571638,58.21852486040326,0.39644009923042167,8.218566251682867,3.9863137138648344e-11,2.2204460492503132e-17,35.93826458105135,,2,123
135,False,Replace,1208.5657017375447,29.314912763491318,57.44078446555086,0.3911440619287192,8.176906895790944,3.9863137138648344e-11,2.2204460492503132e-17,35.61009235948838,,2,123
136,False,Replace,1176.8618005806807,27.22957428144875,54.58764002016662,0.3717155231644853,7.766654276675746,3.9863137138648344e-11,2.2204460492503132e-17,35.15437693781664,,2,123
137,False,Replace,1138.557177541619,28.83083399043603,58.00645377822137,0.3949959973562213,7.591004740867902,3.9863137138648344e-11,2.2204460492503132e-17,34.5954692756319,,2,123
138,False,Replace,1117.5201348250746,23.67342526967522,46.82207019781022,0.3188357348438849,10.687442754627451,3.9863137138648344e-11,2.2204460492503132e-17,34.28481610237896,,2,123
139,False,Replace,1126.1810516131306,21.503658759792096,42.62690783041724,0.29026870073910693,8.644246288098746,3.9863137138648344e-11,2.2204460492503132e-17,34.413187663119956,,2,123
140,False,Replace,1128.7315712560444,21.031147557957247,43.798998074094484,0.29825007047708274,8.462190321735328,3.9863137138648344e-11,2.2204460492503132e-17,34.450697828736416,,2,123
141,False,Replace,1106.7169303873154,24.190749439416766,48.79897947332882,0.33229753435246673,8.026646253865273,3.9863137138648344e-11,2.2204460492503132e-17,34.123909848000075,,2,123
142,False,Replace,1114.2814959145446,23.5492848823836,47.03332732485182,0.32027429407581876,8.751087999171324,3.9863137138648344e-11,2.2204460492503132e-17,34.23628168900913,,2,123
143,False,Replace,1127.6429507702019,21.82315431951365,43.25128611185359,0.2945204159524943,8.378765440232375,3.9863137138648344e-11,2.2204460492503132e-17,34.43412600479004,,2,123
144,False,Replace,1078.359823253852,22.833748141951837,44.02238119073506,0.2997712018547626,8.203441300814838,3.9863137138648344e-11,2.2204460492503132e-17,33.69708224291295,,2,123
145,False,Replace,1056.1481986326644,23.659891203441553,48.51393951443163,0.33035654959098754,8.54971245698411,3.9863137138648344e-11,2.2204460492503132e-17,33.35973172480922,,2,123
146,False,Replace,1031.1762713279807,18.254664388268704,36.84225668675607,0.25087801403061993,8.0769419730503,3.9863137138648344e-11,2.2204460492503132e-17,32.976721985695896,,2,123
147,False,Replace,1056.3052794814116,20.36519953879594,41.51124640365911,0.2826715840517281,8.653475258526434,3.9863137138648344e-11,2.2204460492503132e-17,33.36313983286507,,2,123
148,False,Replace,1049.7342562373817,23.292540698494246,47.87959208700791,0.3260369492974826,9.061416075234444,3.9863137138648344e-11,2.2204460492503132e-17,33.262195582134915,,2,123
149,False,Replace,1014.5289332142843,25.14534830691456,50.60411998746978,0.34458967137014,7.920025182556762,3.9863137138648344e-11,2.2204460492503132e-17,32.71821031110716,,2,123
150,False,Replace,1057.7234272165006,25.75763176997661,51.23596910427166,0.3488922593722273,8.566383943277561,3.9863137138648344e-11,2.2204460492503132e-17,33.38459962229408,,2,123
151,False,Replace,1041.3024107618353,24.275354099725366,48.42988807594939,0.32978419979867907,8.330354165226405,3.9863137138648344e-11,2.2204460492503132e-17,33.132820215118066,,2,123
152,False,Replace,1013.9710252145746,24.1513290047783,46.34896233854541,0.3156140983094079,7.570991259153381,3.9863137138648344e-11,2.2204460492503132e-17,32.7100584193403,,2,123
153,False,Replace,1034.9045618434043,19.828707345979137,38.32000609889542,0.26094077541097005,8.541467368320419,3.9863137138648344e-11,2.2204460492503132e-17,33.03460214767226,,2,123
154,False,Replace,1018.7499317822546,20.25953523751006,38.702566512624784,0.26354582747548316,7.5209986954428505,3.9863137138648344e-11,2.2204460492503132e-17,32.784736439197324,,2,123
155,False,Replace,985.8025874472052,17.068318558296774,35.23059263845969,0.2399033585104956,8.316797195573585,3.9863137138648344e-11,2.2204460492503132e-17,32.26767816219553,,2,123
156,False,Replace,1001.8848366046167,18.816259251958524,36.72337347143315,0.2500684766231975,7.813589451918363,3.9863137138648344e-11,2.2204460492503132e-17,32.52053813783388,,2,123
157,False,Replace,1009.6721711328081,17.510836448532775,34.26227689240616,0.23330959490394068,7.185541980509299,3.9863137138648344e-11,2.2204460492503132e-17,32.64288616449453,,2,123
158,False,Replace,1009.6315821588587,19.10989715293494,37.109178560180965,0.25269562336100176,7.595476161649669,3.9863137138648344e-11,2.2204460492503132e-17,32.642621184922945,,2,123
159,False,Replace,1007.4677805433255,16.48350856357589,32.13636246550376,0.21883314211889604,8.790384487856917,3.9863137138648344e-11,2.2204460492503132e-17,32.609063189013874,,2,123
160,False,Replace,1030.7653966999935,15.135317816011614,30.407242509854505,0.20705866847081633,8.407889104865763,3.9863137138648344e-11,2.2204460492503132e-17,32.97167905069556,,2,123
161,False,Replace,1045.5775508152842,15.355998205022392,30.826400419430215,0.20991293184598525,8.851048218387342,3.9863137138648344e-11,2.2204460492503132e-17,33.199664841290584,,2,123
162,False,Replace,1104.0998727655833,14.715333833364841,29.32954651044961,0.1997200780484594,8.83690771561326,3.9863137138648344e-11,2.2204460492503132e-17,34.08611093986811,,2,123
163,False,Replace,1079.6588288891162,14.185755752940723,28.596853957980056,0.19473079484516784,9.26009365860421,3.9863137138648344e-11,2.2204460492503132e-17,33.71873290774637,,2,123
164,False,Replace,1043.7027747102638,13.085624841535328,25.48650899189925,0.1735508444779854,8.174802014435366,3.9863137138648344e-11,2.2204460492503132e-17,33.170145112103185,,2,123
165,False,Replace,1079.3299351834044,11.121682164634894,22.454209119568173,0.1529023435898954,8.317510360802578,3.9863137138648344e-11,2.2204460492503132e-17,33.713312291077536,,2,123
166,False,Replace,1068.4059624522815,7.992506816267998,16.490261112678812,0.11229073164463327,8.415780036669766,3.9863137138648344e-11,2.2204460492503132e-17,33.54781637071381,,2,123
167,False,Replace,1061.4650062397748,8.026788857161439,16.091583750723814,0.10957593092933963,8.368800004497574,3.9863137138648344e-11,2.2204460492503132e-17,33.44233739560779,,2,123
168,False,Replace,1063.3639937339851,8.662488987418026,17.68308241559565,0.12041326990588931,9.499996515285027,3.9863137138648344e-11,2.2204460492503132e-17,33.47094522778626,,2,123
169,False,Replace,1040.5945326530546,8.960321669448467,18.245204547871225,0.12424105074426148,8.512830106070265,3.9863137138648344e-11,2.2204460492503132e-17,33.121954732444685,,2,123
170,False,Replace,1028.4144213668599,8.213284976515762,16.316588941648153,0.11110810785122648,8.60070375489813,3.9863137138648344e-11,2.2204460492503132e-17,32.93372494590183,,2,123
171,False,Replace,1003.4644252244586,8.777073762243042,17.05075224059336,0.11610740612927557,8.019489309101337,3.9863137138648344e-11,2.2204460492503132e-17,32.54454309996536,,2,123
172,False,Replace,1007.3963958577572,8.380373958314248,17.115961532854833,0.11655144998570907,7.411007102191837,3.9863137138648344e-11,2.2204460492503132e-17,32.60669694167791,,2,123
173,False,Replace,1006.7809261737344,7.902750482962558,15.519176302577964,0.1056781120463072,8.486045331922721,3.9863137138648344e-11,2.2204460492503132e-17,32.597348335043186,,2,123
174,False,Replace,1017.1232657184208,5.708328535467349,11.962748686693793,0.08146055379783518,9.590902532002985,3.9863137138648344e-11,2.2204460492503132e-17,32.758659208372144,,2,123
175,False,Replace,1008.8644856325957,7.461576511033303,14.40175812547712,0.09806903273565928,8.295210533725585,3.9863137138648344e-11,2.2204460492503132e-17,32.62932109642645,,2,123
176,False,Replace,1024.8641196357112,8.29826241154999,17.098070860643634,0.11642962312933108,8.144127275889444,3.9863137138648344e-11,2.2204460492503132e-17,32.87861798666145,,2,123
177,False,Replace,1053.792604702625,8.357067628919092,16.599524051285876,0.11303475960355966,7.678677891957873,3.9863137138648344e-11,2.2204460492503132e-17,33.32435701434501,,2,123
178,False,Replace,1042.1189592451328,7.544851379411055,14.710785994775126,0.10017336360737453,9.276153221509357,3.9863137138648344e-11,2.2204460492503132e-17,33.14524684541902,,2,123
179,False,Replace,995.3438598881343,9.132836229043853,17.820399463492002,0.12134833283001166,9.202162342170542,3.9863137138648344e-11,2.2204460492503132e-17,32.41818688192096,,2,123
180,False,Replace,1028.614738249951,8.070622805503586,15.837948331909828,0.10784879595221564,9.247981443555492,3.9863137138648344e-11,2.2204460492503132e-17,32.93806487902087,,2,123
181,False,Replace,1037.896055579515,9.672067348909906,20.00785185615675,0.13624382950721534,8.837100882664465,3.9863137138648344e-11,2.2204460492503132e-17,33.081253501011936,,2,123
182,False,Replace,1016.9206135022656,8.231316182597624,16.283049978006474,0.11087972367100078,8.706120325246008,3.9863137138648344e-11,2.2204460492503132e-17,32.75631910345802,,2,123
183,False,Replace,1019.7117739366286,9.190651979195813,18.499440353431307,0.12597227406580455,8.590788334455851,3.9863137138648344e-11,2.2204460492503132e-17,32.80007558371808,,2,123
184,False,Replace,1014.7077275551202,10.33132287007282,21.406351171647014,0.14576693591941028,8.280027849798476,3.9863137138648344e-11,2.2204460492503132e-17,32.722184582235194,,2,123
185,False,Replace,1013.2563196507596,14.932068103725694,29.13224492841747,0.19837654935296783,8.373821933581137,3.9863137138648344e-11,2.2204460492503132e-17,32.70009964882024,,2,123
186,False,Replace,1014.5633196225251,13.437294449138829,26.302880755402082,0.17910994278403164,8.42480058506069,3.9863137138648344e-11,2.2204460492503132e-17,32.72012991411465,,2,123
187,False,Replace,1021.7363596324687,13.711506697741676,27.217268659894145,0.18533648377697393,9.140478425558836,3.9863137138648344e-11,2.2204460492503132e-17,32.83152734449358,,2,123
188,False,Replace,988.719025582805,15.970701502644268,32.49939191546842,0.22130519773199597,9.826760156753886,3.9863137138648344e-11,2.2204460492503132e-17,32.31454123215077,,2,123
189,False,Replace,979.7603448659045,18.30393720571039,36.086680950181446,0.24573290737080705,7.59189817885189,3.9863137138648344e-11,2.2204460492503132e-17,32.17293889190973,,2,123
190,False,Replace,964.614090400725,17.88161243526214,36.62123688734325,0.24937297570439637,8.112343885901318,3.9863137138648344e-11,2.2204460492503132e-17,31.932057461125893,,2,123
191,False,Replace,1005.6415153602447,14.929625316307515,29.801155219675756,0.20293150609360222,7.702702796713682,3.9863137138648344e-11,2.2204460492503132e-17,32.580988322707086,,2,123
192,False,Replace,1013.6155051115747,13.797982787171723,27.14084531176354,0.18481607760404076,8.474629034167908,3.9863137138648344e-11,2.2204460492503132e-17,32.70581636373131,,2,123
193,False,Replace,998.8879668124843,12.171827437914388,24.80020083099653,0.16887741662897485,7.918260827468117,3.9863137138648344e-11,2.2204460492503132e-17,32.4755504141957,,2,123
194,False,Replace,1035.07809256012,9.309607206481097,18.70991312894696,0.12740549224181982,8.929748651374954,3.9863137138648344e-11,2.2204460492503132e-17,33.038661268296124,,2,123
195,False,Replace,1032.673304499838,8.67221237447714,16.766284039892348,0.11417031476558642,8.71988108412991,3.9863137138648344e-11,2.2204460492503132e-17,33.001464860685005,,2,123
196,False,Replace,1038.3591203792475,7.90807672288012,16.212842384728233,0.11040164379328671,8.469641937341738,3.9863137138648344e-11,2.2204460492503132e-17,33.089165737190825,,2,123
197,False,Replace,1023.3371703533563,6.930763174647872,13.730061987166476,0.09349510571907706,8.469487101911515,3.9863137138648344e-11,2.2204460492503132e-17,32.856778643169946,,2,123
198,False,Replace,1040.8831826263463,6.184972446786154,12.611769925999347,0.08588007567905591,8.05059953784982,3.9863137138648344e-11,2.2204460492503132e-17,33.12802804987919,,2,123
199,False,Replace,1029.0884864694465,5.772921963781882,11.309202567612656,0.07701021966584823,7.752559626204613,3.9863137138648344e-11,2.2204460492503132e-17,32.945884405271734,,2,123
200,False,Replace,1049.9264582148526,5.442774179076769,10.977836226644738,0.07475377456680227,9.238291243763886,3.9863137138648344e-11,2.2204460492503132e-17,33.266657186328416,,2,123
0,True,Replace + Select,3.0814879110195774e-33,73.62890498672748,148.82051778144506,1.013396010604281,0.08060658956795896,1.0,0.5,1.7999999999992153,,2,123
1,True,Replace + Select,3.9656880037594835,56.3175382991598,112.7390887654709,0.767698866374558,0.6133834064895207,0.28639695711595625,0.05000000000000002,4.580995542277375,,2,123
2,True,Replace + Select,8.467249376424803,26.482912428362635,52.4498484139646,0.35715819251193365,1.1808913557947434,3.9863137138648344e-11,2.2204460492503132e-17,3.5143982370581046,,2,123
3,True,Replace + Select,11.966004151702569,12.369942780464902,24.222632206189843,0.1649444526200143,1.567787070705469,3.9863137138648344e-11,2.2204460492503132e-17,4.03583382803487,,2,123
4,True,Replace + Select,14.876164206400569,6.160573857206691,12.511336560005281,0.08519617285471943,1.8476728886472151,3.9863137138648344e-11,2.2204460492503132e-17,4.303998656924502,,2,123
5,True,Replace + Select,16.468170004980664,2.8785419935526972,5.767131552251666,0.039271386733547506,2.0154021047508994,3.9863137138648344e-11,2.2204460492503132e-17,4.540490531271061,,2,123
6,True,Replace + Select,17.540494728108587,1.4550756060812233,2.92172252459558,0.019895522436402847,2.1538629132493288,3.9863137138648344e-11,2.2204460492503132e-17,4.658225847867115,,2,123
7,True,Replace + Select,17.96594593761565,0.7582936737876543,1.5046306097036706,0.010245809381916403,2.1210362335053707,3.9863137138648344e-11,2.2204460492503132e-17,4.659318198397516,,2,123
8,True,Replace + Select,18.466039078962567,0.3522437935638947,0.6821434435857356,0.00464506813102783,2.3142141202256425,3.9863137138648344e-11,2.2204460492503132e-17,4.677802193931324,,2,123
9,True,Replace + Select,18.540403535345156,0.1890975279479337,0.3703932752823528,0.0025221997149413814,2.396579121162546,3.9863137138648344e-11,2.2204460492503132e-17,4.666218979498022,,2,123
10,True,Replace + Select,18.59068971240789,0.10830168210100678,0.22042324813891137,0.0015009760995218148,2.3733382270731003,3.9863137138648344e-11,2.2204460492503132e-17,4.673435394038353,,2,123
11,True,Replace + Select,18.555510503241905,0.057286380595261435,0.11698759482638184,0.0007966291453262689,2.2803168847677435,3.9863137138648344e-11,2.2204460492503132e-17,4.662354327166393,,2,123
12,True,Replace + Select,18.62854741962022,0.036379939189050525,0.07309878404540236,0.0004977674935953667,2.335645287894917,3.9863137138648344e-11,2.2204460492503132e-17,4.662716449201318,,2,123
13,True,Replace + Select,18.71206370448513,0.022733952593516855,0.04550599004335048,0.0003098738632011345,2.386066751715023,3.9863137138648344e-11,2.2204460492503132e-17,4.677334152585616,,2,123
14,True,Replace + Select,18.71575966121422,0.01698362407545434,0.03394389223448745,0.00023114154881068443,2.424990032690043,3.9863137138648344e-11,2.2204460492503132e-17,4.67742754420422,,2,123
15,True,Replace + Select,18.734401713246626,0.014202130448356469,0.028442235664483766,0.00019367791877584995,2.4149583499878355,3.9863137138648344e-11,2.2204460492503132e-17,4.679062862455838,,2,123
16,True,Replace + Select,18.770657345563087,0.012025560196628522,0.024192903712612707,0.0001647420159046913,2.4406373944112874,3.9863137138648344e-11,2.2204460492503132e-17,4.680546749257568,,2,123
17,True,Replace + Select,18.80680047483959,0.009747986954723523,0.0197682784124521,0.00013461244980422595,2.322346014485544,3.9863137138648344e-11,2.2204460492503132e-17,4.683439816901493,,2,123
18,True,Replace + Select,18.84337610453379,0.007979233865959202,0.016308666543117176,0.00011105416013497474,2.361633701330613,3.9863137138648344e-11,2.2204460492503132e-17,4.686665157006193,,2,123
19,True,Replace + Select,18.884907608657944,0.006489933954267128,0.012945198011317605,8.81505602635886e-05,2.422664302912562,3.9863137138648344e-11,2.2204460492503132e-17,4.690147064749403,,2,123
20,True,Replace + Select,18.880537726285727,0.005641185226982263,0.011385733052117382,7.753135538586097e-05,2.4148507414448006,3.9863137138648344e-11,2.2204460492503132e-17,4.687780355479626,,2,123
21,True,Replace + Select,18.88944774612786,0.004963980679342017,0.010080684009102184,6.864460029623831e-05,2.398935687955855,3.9863137138648344e-11,2.2204460492503132e-17,4.6896124005090805,,2,123
22,True,Replace + Select,18.90521534272965,0.0041124101408240975,0.008097850240096405,5.514245784197762e-05,2.3678735394471273,3.9863137138648344e-11,2.2204460492503132e-17,4.68906205728339,,2,123
23,True,Replace + Select,18.922848218353504,0.003230109031891555,0.006526297180592672,4.444093882634764e-05,2.357426234659821,3.9863137138648344e-11,2.2204460492503132e-17,4.692230070483704,,2,123
24,True,Replace + Select,18.933823250714866,0.0028672787127880864,0.0057505046738021166,3.9158165703673656e-05,2.3614975324826926,3.9863137138648344e-11,2.2204460492503132e-17,4.692424742177497,,2,123
25,True,Replace + Select,18.953777393626,0.0026030843195187616,0.005164883522902688,3.5170367872473244e-05,2.4054325264143914,3.9863137138648344e-11,2.2204460492503132e-17,4.694644282986567,,2,123
26,True,Replace + Select,18.965967041626733,0.002188766458280982,0.004404277488962921,2.9991007311666173e-05,2.4308641165873732,3.9863137138648344e-11,2.2204460492503132e-17,4.695930540706247,,2,123
27,True,Replace + Select,18.98510866770734,0.0021746731050417624,0.004336324080017902,2.9528277342986883e-05,2.482211517357189,3.9863137138648344e-11,2.2204460492503132e-17,4.697465817333318,,2,123
28,True,Replace + Select,19.00437761862695,0.0020671446581287307,0.004125937450035295,2.8095645776538758e-05,2.41884189164034,3.9863137138648344e-11,2.2204460492503132e-17,4.699688352427164,,2,123
29,True,Replace + Select,19.018995868522712,0.0020735167210534466,0.004161335543092351,2.8336689732182702e-05,2.300162277061836,3.9863137138648344e-11,2.2204460492503132e-17,4.701037360464648,,2,123
30,True,Replace + Select,19.012310747564324,0.0018516171947164043,0.0037244053043339626,2.53614053596314e-05,2.4142083539901464,3.9863137138648344e-11,2.2204460492503132e-17,4.6984926330066745,,2,123
31,True,Replace + Select,19.025385263850755,0.001702855872468936,0.0034137704503013973,2.3246131696267665e-05,2.3691919852975443,3.9863137138648344e-11,2.2204460492503132e-17,4.698150152703533,,2,123
32,True,Replace + Select,19.044549613896624,0.0017611231504354966,0.0035894875832653272,2.444268069498826e-05,2.4460781967317935,3.9863137138648344e-11,2.2204460492503132e-17,4.699300326236057,,2,123
33,True,Replace + Select,19.054019515682647,0.0016227572734027658,0.003256742684775168,2.2176848283532318e-05,2.27187950358563,3.9863137138648344e-11,2.2204460492503132e-17,4.699664018400682,,2,123
34,True,Replace + Select,19.0744510182476,0.0015202237364838084,0.0030727004162496036,2.0923609123457158e-05,2.3925254935853557,3.9863137138648344e-11,2.2204460492503132e-17,4.701723782544587,,2,123
35,True,Replace + Select,19.086747222588105,0.0012793506926897988,0.0025724348892659,1.7517041958890133e-05,2.380965348412825,3.9863137138648344e-11,2.2204460492503132e-17,4.702630098008869,,2,123
36,True,Replace + Select,19.106456721529714,0.0012534512354701753,0.0025004573247303604,1.702690942984969e-05,2.427052493348506,3.9863137138648344e-11,2.2204460492503132e-17,4.704103286933101,,2,123
37,True,Replace + Select,19.13013484726024,0.0011895770983400427,0.0023942246185615227,1.6303515893581404e-05,2.3740818114400466,3.9863137138648344e-11,2.2204460492503132e-17,4.706219274578156,,2,123
38,True,Replace + Select,19.150851172567744,0.0010557690274533588,0.00213394752042827,1.4531154280868461e-05,2.4673756780588567,3.9863137138648344e-11,2.2204460492503132e-17,4.708130490526997,,2,123
39,True,Replace + Select,19.15615549153924,0.0009935479966490372,0.0019730130235423643,1.3435267910198152e-05,2.3642452947625423,3.9863137138648344e-11,2.2204460492503132e-17,4.707583425852136,,2,123
40,True,Replace + Select,19.18147739344638,0.0008875259018862441,0.0017874207208130207,1.2171473764145071e-05,2.332643048943956,3.9863137138648344e-11,2.2204460492503132e-17,4.709456336258341,,2,123
41,True,Replace + Select,19.198560983627917,0.000803992215135389,0.0016180514817919678,1.1018150864173158e-05,2.455152390509551,3.9863137138648344e-11,2.2204460492503132e-17,4.7108243812383686,,2,123
42,True,Replace + Select,19.21177034346705,0.0007759926719336711,0.0015488481514130054,1.0546909532856445e-05,2.271641169202879,3.9863137138648344e-11,2.2204460492503132e-17,4.711769697062455,,2,123
43,True,Replace + Select,19.229666911184225,0.0007916893146706008,0.0015682144194984783,1.0678784486059694e-05,2.322574372635759,3.9863137138648344e-11,2.2204460492503132e-17,4.713331399763404,,2,123
44,True,Replace + Select,19.244309332978972,0.0008555196332250799,0.0016755389707492445,1.1409612961183986e-05,2.4349436088023046,3.9863137138648344e-11,2.2204460492503132e-17,4.714414418157428,,2,123
45,True,Replace + Select,19.252496831831408,0.0008675485476578149,0.0017530183027457237,1.19372098753731e-05,2.405608063318847,3.9863137138648344e-11,2.2204460492503132e-17,4.714145458455874,,2,123
46,True,Replace + Select,19.25911659981062,0.0008118936076868917,0.0016379442004461884,1.1153610692057011e-05,2.3054106391958493,3.9863137138648344e-11,2.2204460492503132e-17,4.7144915419667575,,2,123
47,True,Replace + Select,19.27322734739957,0.0008385860541022548,0.00165367670332859,1.1260741455311444e-05,2.339005063574567,3.9863137138648344e-11,2.2204460492503132e-17,4.7157314833256025,,2,123
48,True,Replace + Select,19.29095011719997,0.0007313394957030571,0.0014391753849051063,9.800090843418335e-06,2.4908387650221973,3.9863137138648344e-11,2.2204460492503132e-17,4.7173337516646185,,2,123
49,True,Replace + Select,19.30203629415322,0.000733156512391614,0.0015004872190514528,1.0217594888243569e-05,2.40130607103102,3.9863137138648344e-11,2.2204460492503132e-17,4.71793003579295,,2,123
50,True,Replace + Select,19.31720987641424,0.0008059355494082969,0.0016183832487741275,1.1020410037445654e-05,2.3849345726662543,3.9863137138648344e-11,2.2204460492503132e-17,4.719221810002542,,2,123
51,True,Replace + Select,19.32563142615458,0.0007971731770911288,0.001608196158939974,1.0951040864756981e-05,2.4400780111067792,3.9863137138648344e-11,2.2204460492503132e-17,4.719997439492514,,2,123
52,True,Replace + Select,19.33970856376183,0.0007111053757665109,0.0014144503543111833,9.63172529987986e-06,2.3533045655166926,3.9863137138648344e-11,2.2204460492503132e-17,4.720952920634631,,2,123
53,True,Replace + Select,19.359215097263483,0.0007010328843873522,0.0013797824067138483,9.395653282965014e-06,2.400137868709961,3.9863137138648344e-11,2.2204460492503132e-17,4.722672036348244,,2,123
54,True,Replace + Select,19.37627020589466,0.000622108324245183,0.0012371645791215103,8.424494603518836e-06,2.351695720288736,3.9863137138648344e-11,2.2204460492503132e-17,4.723903001288254,,2,123
55,True,Replace + Select,19.393026545293232,0.0005934632946860451,0.0011806582103847003,8.039713462414936e-06,2.4931140367144735,3.9863137138648344e-11,2.2204460492503132e-17,4.725345447991423,,2,123
56,True,Replace + Select,19.414934193104063,0.000579285103207414,0.0011474034014013208,7.813264238480265e-06,2.4514268286273033,3.9863137138648344e-11,2.2204460492503132e-17,4.727216257586568,,2,123
57,True,Replace + Select,19.43169535825003,0.000580139570762477,0.001146468008134507,7.806894661092237e-06,2.318444889305045,3.9863137138648344e-11,2.2204460492503132e-17,4.728857073254696,,2,123
58,True,Replace + Select,19.449064656150874,0.0005485028263514136,0.0010996187873439259,7.487874043795249e-06,2.3642679104143856,3.9863137138648344e-11,2.2204460492503132e-17,4.730363352634718,,2,123
59,True,Replace + Select,19.462836113192434,0.0005888173006598839,0.0012046271776295252,8.202930578887291e-06,2.3477792759963787,3.9863137138648344e-11,2.2204460492503132e-17,4.731136525404535,,2,123
60,True,Replace + Select,19.47408889207863,0.0005584446431803734,0.0011258320068317895,7.666373436554433e-06,2.387496742296391,3.9863137138648344e-11,2.2204460492503132e-17,4.7312523574751575,,2,123
61,True,Replace + Select,19.48882246131577,0.0005203808315989992,0.0010638328083810338,7.2441887720518574e-06,2.503357711577722,3.9863137138648344e-11,2.2204460492503132e-17,4.732656587135482,,2,123
62,True,Replace + Select,19.506668059149167,0.0005403320192070261,0.0010936395906243,7.447158595464491e-06,2.404294754079838,3.9863137138648344e-11,2.2204460492503132e-17,4.734595752471114,,2,123
63,True,Replace + Select,19.521022861542672,0.0005331562334232768,0.0010579075003696067,7.203840279855371e-06,2.448281846971507,3.9863137138648344e-11,2.2204460492503132e-17,4.73496487628418,,2,123
64,True,Replace + Select,19.53310393969328,0.0005353676043710877,0.0010672811794412347,7.2676705172277676e-06,2.2771169546247063,3.9863137138648344e-11,2.2204460492503132e-17,4.735464590780898,,2,123
65,True,Replace + Select,19.55117801727317,0.0005037997262357189,0.0010066123832651467,6.8545452511048365e-06,2.4043385758097253,3.9863137138648344e-11,2.2204460492503132e-17,4.73654974340573,,2,123
66,True,Replace + Select,19.566472920518517,0.00047947985696601496,0.0009722238519941091,6.6203759247234505e-06,2.4329273808326146,3.9863137138648344e-11,2.2204460492503132e-17,4.7384359579640725,,2,123
67,True,Replace + Select,19.583423489586906,0.00045415107837656074,0.0009011918808292885,6.136682430863276e-06,2.396690653565209,3.9863137138648344e-11,2.2204460492503132e-17,4.739204933142312,,2,123
68,True,Replace + Select,19.600165090421317,0.0004778638783989111,0.0009522136604531041,6.484116163089895e-06,2.4689237753151017,3.9863137138648344e-11,2.2204460492503132e-17,4.740198073297253,,2,123
69,True,Replace + Select,19.618093271069068,0.00047910010884461105,0.0009548858175178819,6.502312265008655e-06,2.404117378973233,3.9863137138648344e-11,2.2204460492503132e-17,4.7417819056602815,,2,123
70,True,Replace + Select,19.631664336218382,0.00047923569382543027,0.0009515097383963568,6.479322793098187e-06,2.4349268271812736,3.9863137138648344e-11,2.2204460492503132e-17,4.742599097304287,,2,123
71,True,Replace + Select,19.64913599807332,0.0005244442234681137,0.0010645111890581764,7.248808217556657e-06,2.440407304926049,3.9863137138648344e-11,2.2204460492503132e-17,4.7439381010081805,,2,123
72,True,Replace + Select,19.670063884863417,0.0004688171834367314,0.0009229375836479955,6.2847601879681596e-06,2.3643854514225513,3.9863137138648344e-11,2.2204460492503132e-17,4.745989562924907,,2,123
73,True,Replace + Select,19.69289760565017,0.00044376334440940753,0.0008818732234017226,6.005131683297156e-06,2.363979973177641,3.9863137138648344e-11,2.2204460492503132e-17,4.748414205012689,,2,123
74,True,Replace + Select,19.70992658670025,0.00043615799773404345,0.0008732528970361686,5.946431414818125e-06,2.4006136420572615,3.9863137138648344e-11,2.2204460492503132e-17,4.749040746519583,,2,123
75,True,Replace + Select,19.728820299658015,0.0005148373082673424,0.0010028638540198077,6.829019573332106e-06,2.474036043301194,3.9863137138648344e-11,2.2204460492503132e-17,4.7505990332198405,,2,123
76,True,Replace + Select,19.743448383269225,0.0005410676051266065,0.0010704894666620389,7.289517407151981e-06,2.2967797083545047,3.9863137138648344e-11,2.2204460492503132e-17,4.7515695120798425,,2,123
77,True,Replace + Select,19.760837663772623,0.0005599734590326564,0.0011228620335599787,7.646149349781167e-06,2.457583431802648,3.9863137138648344e-11,2.2204460492503132e-17,4.752538012194864,,2,123
78,True,Replace + Select,19.779541451558337,0.0005266148892197857,0.0010563851222689105,7.1934736186121774e-06,2.5184321626472133,3.9863137138648344e-11,2.2204460492503132e-17,4.754422470994046,,2,123
79,True,Replace + Select,19.79264451767335,0.0005193113152644155,0.0010441191302548477,7.109948123885636e-06,2.435756518929125,3.9863137138648344e-11,2.2204460492503132e-17,4.754840784156564,,2,123
80,True,Replace + Select,19.811602200176452,0.0005060968292533314,0.001011019183142592,6.8845534346665476e-06,2.3855190587249133,3.9863137138648344e-11,2.2204460492503132e-17,4.75637738901828,,2,123
81,True,Replace + Select,19.8247913349872,0.0004457948915205112,0.0008895475162859309,6.057389919654637e-06,2.3388787503451653,3.9863137138648344e-11,2.2204460492503132e-17,4.757636645297898,,2,123
82,True,Replace + Select,19.84020685406676,0.0004829411990436986,0.0009719648225694728,6.618612059166008e-06,2.51303776188948,3.9863137138648344e-11,2.2204460492503132e-17,4.758600351052748,,2,123
83,True,Replace + Select,19.85374397262866,0.00040723915516913855,0.0008310537843852419,5.6590757931000705e-06,2.346246737022646,3.9863137138648344e-11,2.2204460492503132e-17,4.759195558631036,,2,123
84,True,Replace + Select,19.872608688132736,0.00040781881126213316,0.0008307100286119967,5.656734981937591e-06,2.4809044838745953,3.9863137138648344e-11,2.2204460492503132e-17,4.7607226500000746,,2,123
85,True,Replace + Select,19.890232772555667,0.00039290720161517476,0.0007908178243730519,5.385088294823334e-06,2.398036420285941,3.9863137138648344e-11,2.2204460492503132e-17,4.761992966079184,,2,123
86,True,Replace + Select,19.91000608458484,0.00035172128955962664,0.0007183399483715444,4.891548885795979e-06,2.454694617116052,3.9863137138648344e-11,2.2204460492503132e-17,4.763606760529914,,2,123
87,True,Replace + Select,19.92548249303001,0.0003191168167264056,0.0006173294850300891,4.203716306622656e-06,2.356572569905045,3.9863137138648344e-11,2.2204460492503132e-17,4.764804174420971,,2,123
88,True,Replace + Select,19.946271516200387,0.00030811587191217904,0.0006176557451798141,4.2059379810199725e-06,2.463218339066268,3.9863137138648344e-11,2.2204460492503132e-17,4.766846782911691,,2,123
89,True,Replace + Select,19.966700258328327,0.00034094085630635435,0.0006744183886076816,4.592464229273129e-06,2.6000651858259403,3.9863137138648344e-11,2.2204460492503132e-17,4.768359653449362,,2,123
90,True,Replace + Select,19.989398294626096,0.0003104786289753902,0.0006187482691372263,4.213377542690878e-06,2.393086966505576,3.9863137138648344e-11,2.2204460492503132e-17,4.770302197999951,,2,123
91,True,Replace + Select,20.008803887974143,0.00031618371789181836,0.0006260199134334621,4.26289393619759e-06,2.427812741605283,3.9863137138648344e-11,2.2204460492503132e-17,4.7719468204352955,,2,123
92,True,Replace + Select,20.027257308752194,0.0003215160100482688,0.0006510879714080242,4.433595330895905e-06,2.4536894161835603,3.9863137138648344e-11,2.2204460492503132e-17,4.77318720803701,,2,123
93,True,Replace + Select,20.044069220704156,0.0002683100214041988,0.0005338156270799866,3.635027178682002e-06,2.4642392307775287,3.9863137138648344e-11,2.2204460492503132e-17,4.774255153878761,,2,123
94,True,Replace + Select,20.056152663289463,0.00030522401214562586,0.000614142478662874,4.182014329056301e-06,2.4257534690500853,3.9863137138648344e-11,2.2204460492503132e-17,4.775008895088217,,2,123
95,True,Replace + Select,20.073789284705935,0.0002954412426932041,0.0005940802949423003,4.045400525734523e-06,2.516321685369674,3.9863137138648344e-11,2.2204460492503132e-17,4.776412184465034,,2,123
96,True,Replace + Select,20.09173042360373,0.0002891241696582945,0.0005789779184172629,3.942560619320591e-06,2.3909282066202637,3.9863137138648344e-11,2.2204460492503132e-17,4.777728202738401,,2,123
97,True,Replace + Select,20.112609922145367,0.00030785607693691535,0.0006132193586949682,4.1757283269194265e-06,2.339723388821888,3.9863137138648344e-11,2.2204460492503132e-17,4.779195651935773,,2,123
98,True,Replace + Select,20.126983959736798,0.0003074519778407338,0.000621931409029209,4.235053191424125e-06,2.418726903189531,3.9863137138648344e-11,2.2204460492503132e-17,4.780419256750297,,2,123
99,True,Replace + Select,20.14597919149391,0.00031186288109408326,0.0006226378387541228,4.239863637427621e-06,2.3123437844348995,3.9863137138648344e-11,2.2204460492503132e-17,4.781913760806952,,2,123
100,True,Replace + Select,20.163152921346967,0.00029833093149599717,0.0005984506048578564,4.075160230240006e-06,2.428076552373263,3.9863137138648344e-11,2.2204460492503132e-17,4.783047907176115,,2,123
101,True,Replace + Select,20.177544372634046,0.0003245832241823478,0.000656884602607914,4.473067596014211e-06,2.458736134034753,3.9863137138648344e-11,2.2204460492503132e-17,4.784334940404365,,2,123
102,True,Replace + Select,20.19534568156838,0.0003007642547981289,0.0006060284470880765,4.126761684122672e-06,2.5057094023469553,3.9863137138648344e-11,2.2204460492503132e-17,4.785852070428698,,2,123
103,True,Replace + Select,20.21686494624595,0.0002806386028116665,0.0005712292842580212,3.889796154704634e-06,2.4253223473416847,3.9863137138648344e-11,2.2204460492503132e-17,4.787525324377734,,2,123
104,True,Replace + Select,20.236407958279894,0.00027402953117116485,0.0005560798616430194,3.7866358870892008e-06,2.423564171193091,3.9863137138648344e-11,2.2204460492503132e-17,4.789514016122405,,2,123
105,True,Replace + Select,20.252504230752393,0.00023821985043301244,0.0004704715912460203,3.2036848196667755e-06,2.3507388424930697,3.9863137138648344e-11,2.2204460492503132e-17,4.791023334576967,,2,123
106,True,Replace + Select,20.26628657517351,0.0002171483402413066,0.0004327490062830388,2.9468121942986306e-06,2.3351240606773755,3.9863137138648344e-11,2.2204460492503132e-17,4.791678907713541,,2,123
107,True,Replace + Select,20.28285349667883,0.0002001471143422338,0.00039847647162996125,2.713432748987655e-06,2.434752130218303,3.9863137138648344e-11,2.2204460492503132e-17,4.793069627952463,,2,123
108,True,Replace + Select,20.303440635928702,0.00018866189662152793,0.0003759447213894562,2.5600023877306624e-06,2.3971041565649482,3.9863137138648344e-11,2.2204460492503132e-17,4.794718693774889,,2,123
109,True,Replace + Select,20.31991029944553,0.00020214886072062734,0.0004046345186862107,2.7553660819241883e-06,2.522174622532052,3.9863137138648344e-11,2.2204460492503132e-17,4.79593719649202,,2,123
110,True,Replace + Select,20.340186097716064,0.00019380640164653415,0.000386078969866228,2.6290117362394168e-06,2.396176920085226,3.9863137138648344e-11,2.2204460492503132e-17,4.797575214619206,,2,123
111,True,Replace + Select,20.356708596269243,0.00019451755874430444,0.0003907617684649938,2.660899338091614e-06,2.3150052794314844,3.9863137138648344e-11,2.2204460492503132e-17,4.798931915868261,,2,123
112,True,Replace + Select,20.373308478593774,0.0001946978005451892,0.0003868818912984393,2.634479244270981e-06,2.3092233502117963,3.9863137138648344e-11,2.2204460492503132e-17,4.80094217660774,,2,123
113,True,Replace + Select,20.39205782259504,0.00017734021571493618,0.0003527893371153316,2.4023253792292665e-06,2.4997162654232588,3.9863137138648344e-11,2.2204460492503132e-17,4.802229668442075,,2,123
114,True,Replace + Select,20.41365906049275,0.00018593967652569645,0.00036951349998549666,2.516208869126885e-06,2.4104187256165313,3.9863137138648344e-11,2.2204460492503132e-17,4.804737821007001,,2,123
115,True,Replace + Select,20.432340228059815,0.00017216710183712433,0.00033638933183058144,2.2906492462792234e-06,2.427415006184378,3.9863137138648344e-11,2.2204460492503132e-17,4.8063143571377,,2,123
116,True,Replace + Select,20.450825637990082,0.00017844740018636444,0.0003610428195132136,2.4585276170677986e-06,2.3759589630836278,3.9863137138648344e-11,2.2204460492503132e-17,4.807788483507501,,2,123
117,True,Replace + Select,20.468701573583978,0.00018650156072230243,0.00037508980763771094,2.554180837057779e-06,2.412816912670168,3.9863137138648344e-11,2.2204460492503132e-17,4.8092192641044695,,2,123
118,True,Replace + Select,20.488616681011013,0.0001869038197688878,0.000370450881563598,2.5225919859566282e-06,2.4350326134978424,3.9863137138648344e-11,2.2204460492503132e-17,4.811360480631136,,2,123
119,True,Replace + Select,20.505492103699012,0.0001878377725527318,0.00038072639039708224,2.592563249422292e-06,2.4613069481364778,3.9863137138648344e-11,2.2204460492503132e-17,4.812294700480511,,2,123
120,True,Replace + Select,20.52551585093932,0.0001959929613425358,0.0003994230466381245,2.719878468645875e-06,2.4224613355347633,3.9863137138648344e-11,2.2204460492503132e-17,4.814288696120272,,2,123
121,True,Replace + Select,20.543097351783253,0.00017341816481320884,0.00034744556912914127,2.365936894364881e-06,2.475307323827171,3.9863137138648344e-11,2.2204460492503132e-17,4.815986293332966,,2,123
122,True,Replace + Select,20.56226433847256,0.00017353481254775053,0.0003442039889632918,2.343863295528529e-06,2.489586724824979,3.9863137138648344e-11,2.2204460492503132e-17,4.8175756260760725,,2,123
123,True,Replace + Select,20.578395449945504,0.0001904988777196092,0.0003823467970502936,2.6035974378688918e-06,2.430298624819863,3.9863137138648344e-11,2.2204460492503132e-17,4.818620074783942,,2,123
124,True,Replace + Select,20.60016081016587,0.0001980537840507501,0.0003932805743877685,2.6780511926320943e-06,2.3947756662355317,3.9863137138648344e-11,2.2204460492503132e-17,4.820463318081398,,2,123
125,True,Replace + Select,20.615530362667663,0.000193844324194685,0.0003837405191593463,2.6130880138073465e-06,2.3929566328298426,3.9863137138648344e-11,2.2204460492503132e-17,4.821646113375155,,2,123
126,True,Replace + Select,20.635020358490355,0.00019205351073625426,0.00038839045410179443,2.6447518299967695e-06,2.408775477149036,3.9863137138648344e-11,2.2204460492503132e-17,4.82336789640971,,2,123
127,True,Replace + Select,20.65531559624726,0.0001997363984198533,0.00039988666082730343,2.7230354578619956e-06,2.4527631982478004,3.9863137138648344e-11,2.2204460492503132e-17,4.824975365750318,,2,123
128,True,Replace + Select,20.67198717261049,0.0001956210975071627,0.0003855961923380358,2.6257242539192848e-06,2.441726745471234,3.9863137138648344e-11,2.2204460492503132e-17,4.8264521351721505,,2,123
129,True,Replace + Select,20.68923562076689,0.00021154825655385524,0.0004259079189738519,2.9002276863915495e-06,2.4913016311192586,3.9863137138648344e-11,2.2204460492503132e-17,4.827973165020632,,2,123
130,True,Replace + Select,20.71237557246478,0.0002095368661754698,0.0004207642953014386,2.865202087855947e-06,2.525079073740323,3.9863137138648344e-11,2.2204460492503132e-17,4.830749166356765,,2,123
131,True,Replace + Select,20.73008302815805,0.00020612910035513015,0.00040587150890030436,2.763789389185893e-06,2.3882923363021824,3.9863137138648344e-11,2.2204460492503132e-17,4.832237688929653,,2,123
132,True,Replace + Select,20.747059232319664,0.00019928248814988435,0.00040035695623945897,2.7262379429869556e-06,2.4812164949788453,3.9863137138648344e-11,2.2204460492503132e-17,4.8333132031606505,,2,123
133,True,Replace + Select,20.768995675479022,0.00020703791543222265,0.0004151594036372492,2.8270354765779227e-06,2.4709989934909293,3.9863137138648344e-11,2.2204460492503132e-17,4.835614411411958,,2,123
134,True,Replace + Select,20.78583446761281,0.0001971257292414327,0.00039246347386778996,2.672487131845631e-06,2.4466581501355376,3.9863137138648344e-11,2.2204460492503132e-17,4.837066623456756,,2,123
135,True,Replace + Select,20.80129800296754,0.00018944853318399377,0.0003822642075365165,2.603035043079335e-06,2.521296828695813,3.9863137138648344e-11,2.2204460492503132e-17,4.837765773453941,,2,123
136,True,Replace + Select,20.818940508344017,0.00019936155645363822,0.00040018871669439106,2.7250923127584134e-06,2.468112454720477,3.9863137138648344e-11,2.2204460492503132e-17,4.839212577369821,,2,123
137,True,Replace + Select,20.838703331882318,0.00020418130700729795,0.0004062642261102643,2.7664636041382525e-06,2.418941384248204,3.9863137138648344e-11,2.2204460492503132e-17,4.8411572418941,,2,123
138,True,Replace + Select,20.856697257493103,0.0002215738189783655,0.0004395481623961655,2.993111170966869e-06,2.5002960238623677,3.9863137138648344e-11,2.2204460492503132e-17,4.842631019720422,,2,123
139,True,Replace + Select,20.876212215863262,0.00021329214721284485,0.0004255118044759129,2.89753033754518e-06,2.404714865770952,3.9863137138648344e-11,2.2204460492503132e-17,4.844241751524797,,2,123
140,True,Replace + Select,20.89722809230954,0.00022921412038257974,0.00047195350154412345,3.2137759146754394e-06,2.4061227367780798,3.9863137138648344e-11,2.2204460492503132e-17,4.84590734685857,,2,123
141,True,Replace + Select,20.91382273094776,0.00021821222245402494,0.00043041030922386276,2.9308867943261512e-06,2.4325154978857246,3.9863137138648344e-11,2.2204460492503132e-17,4.846932969899467,,2,123
142,True,Replace + Select,20.93273194500105,0.00024551586893416477,0.000489672227260877,3.3344318982859754e-06,2.4780662196739716,3.9863137138648344e-11,2.2204460492503132e-17,4.848234878523116,,2,123
143,True,Replace + Select,20.95023094485376,0.00022533021305731735,0.0004527369625077747,3.0829205441434244e-06,2.477928002462628,3.9863137138648344e-11,2.2204460492503132e-17,4.849948389396783,,2,123
144,True,Replace + Select,20.967942924194144,0.0002281670558326175,0.0004552666721593719,3.1001466478227613e-06,2.5096747990900994,3.9863137138648344e-11,2.2204460492503132e-17,4.851324391297077,,2,123
145,True,Replace + Select,20.985416206313367,0.0002177024884652342,0.00043904108503676364,2.989658218506105e-06,2.4550755322058575,3.9863137138648344e-11,2.2204460492503132e-17,4.8527999004737215,,2,123
146,True,Replace + Select,21.00271915911238,0.00020618197070253837,0.0004137868526310873,2.8176890656479588e-06,2.338276238222863,3.9863137138648344e-11,2.2204460492503132e-17,4.854256757409323,,2,123
147,True,Replace + Select,21.01995800294412,0.00019213060990215156,0.0003807276295830857,2.592571687681821e-06,2.4717849533075174,3.9863137138648344e-11,2.2204460492503132e-17,4.855354767058887,,2,123
148,True,Replace + Select,21.039308824136736,0.00020593822489398296,0.00041425299190893605,2.8208632495010996e-06,2.422667410669581,3.9863137138648344e-11,2.2204460492503132e-17,4.857084059538113,,2,123
149,True,Replace + Select,21.06049121148276,0.00018138209187777566,0.00036023288632851746,2.4530123623807237e-06,2.3826180794840885,3.9863137138648344e-11,2.2204460492503132e-17,4.859103845365403,,2,123
150,True,Replace + Select,21.07868607872933,0.0001706690844617069,0.00034221236015307685,2.330301263081898e-06,2.3464864088371216,3.9863137138648344e-11,2.2204460492503132e-17,4.860538963378366,,2,123
151,True,Replace + Select,21.09993921012705,0.00016618576878522077,0.0003282563472220271,2.235267540319035e-06,2.466027976791307,3.9863137138648344e-11,2.2204460492503132e-17,4.862520783301528,,2,123
152,True,Replace + Select,21.1169769507631,0.00016855797991083095,0.0003345025707887002,2.2778013127999567e-06,2.5695017167126744,3.9863137138648344e-11,2.2204460492503132e-17,4.863858596604189,,2,123
153,True,Replace + Select,21.134297209472393,0.00016425508657317512,0.0003261640407138089,2.2210199412648268e-06,2.422558788759652,3.9863137138648344e-11,2.2204460492503132e-17,4.865493149532148,,2,123
154,True,Replace + Select,21.15266581830268,0.00017370285773775162,0.00034844138303506716,2.3727179071890103e-06,2.5089455870484065,3.9863137138648344e-11,2.2204460492503132e-17,4.867275732017515,,2,123
155,True,Replace + Select,21.17360464146378,0.00015867126315325007,0.00031218109972454587,2.12580285140196e-06,2.5089955001293927,3.9863137138648344e-11,2.2204460492503132e-17,4.869030058799761,,2,123
156,True,Replace + Select,21.192669093941657,0.0001594504861157465,0.000321952679738489,2.192342602446054e-06,2.4795759705042206,3.9863137138648344e-11,2.2204460492503132e-17,4.870469525572257,,2,123
157,True,Replace + Select,21.20949148566598,0.0001915128735007255,0.00038060498982676216,2.591736570040433e-06,2.3906024302008766,3.9863137138648344e-11,2.2204460492503132e-17,4.871611485378506,,2,123
158,True,Replace + Select,21.228559717341085,0.0001908860939262725,0.00038034727965693114,2.589981687972475e-06,2.388444422224409,3.9863137138648344e-11,2.2204460492503132e-17,4.873531509985001,,2,123
159,True,Replace + Select,21.246862391495476,0.00017447450846680863,0.0003500174732426701,2.3834503219967784e-06,2.5175066617077353,3.9863137138648344e-11,2.2204460492503132e-17,4.874898455117554,,2,123
160,True,Replace + Select,21.264681934743763,0.00018444518115563345,0.0003715878273311627,2.530334038748136e-06,2.427007656631857,3.9863137138648344e-11,2.2204460492503132e-17,4.876466518714074,,2,123
161,True,Replace + Select,21.286427197333616,0.00017005681224273976,0.00033840159071963087,2.3043517596212376e-06,2.306739290205232,3.9863137138648344e-11,2.2204460492503132e-17,4.878484769863411,,2,123
162,True,Replace + Select,21.30384895574119,0.00017944028510089862,0.00035930964243807066,2.4467255163910624e-06,2.4262901722423855,3.9863137138648344e-11,2.2204460492503132e-17,4.879784450464154,,2,123
163,True,Replace + Select,21.32580044579093,0.00016842204764080641,0.0003348318985835878,2.2800438763825558e-06,2.42179713301444,3.9863137138648344e-11,2.2204460492503132e-17,4.882072714473333,,2,123
164,True,Replace + Select,21.344772437467903,0.00016597813442828066,0.0003273664804165708,2.229207976193993e-06,2.4429472734624573,3.9863137138648344e-11,2.2204460492503132e-17,4.883696821993797,,2,123
165,True,Replace + Select,21.368386962147486,0.00019979849467057393,0.00039857023049897516,2.7140712017039467e-06,2.4466983140793364,3.9863137138648344e-11,2.2204460492503132e-17,4.885859084644263,,2,123
166,True,Replace + Select,21.386481721365637,0.00022114035021839027,0.00043513729921408053,2.9630753182586374e-06,2.5211793551957005,3.9863137138648344e-11,2.2204460492503132e-17,4.887305182342344,,2,123
167,True,Replace + Select,21.40741240223914,0.00020546416321656956,0.00040903188890027546,2.785310054022362e-06,2.3446103335125956,3.9863137138648344e-11,2.2204460492503132e-17,4.888862208106353,,2,123
168,True,Replace + Select,21.428047428638163,0.00019340970485563893,0.0003840323324401183,2.6150751216267807e-06,2.3915527762833007,3.9863137138648344e-11,2.2204460492503132e-17,4.89081978817462,,2,123
169,True,Replace + Select,21.44871552074922,0.0001836318018216994,0.0003677034293149553,2.5038831601199303e-06,2.4167283866178453,3.9863137138648344e-11,2.2204460492503132e-17,4.892551269625549,,2,123
170,True,Replace + Select,21.462546143254958,0.0001771090033794244,0.00035782604027143305,2.4366229005729777e-06,2.543130381236785,3.9863137138648344e-11,2.2204460492503132e-17,4.893558035565397,,2,123
171,True,Replace + Select,21.47924191757613,0.0001950865342490321,0.00038361060928025444,2.6122033901333242e-06,2.544063375964514,3.9863137138648344e-11,2.2204460492503132e-17,4.8950633892167525,,2,123
172,True,Replace + Select,21.501046286747542,0.00019036669447438598,0.0003798109251819083,2.586329372462754e-06,2.4708613447772234,3.9863137138648344e-11,2.2204460492503132e-17,4.897195717535707,,2,123
173,True,Replace + Select,21.52086339095361,0.0001831622351119317,0.00036792880724861,2.505417875240189e-06,2.4538142213488507,3.9863137138648344e-11,2.2204460492503132e-17,4.898882775056189,,2,123
174,True,Replace + Select,21.53957337666667,0.00016346073730194038,0.00032418753847789116,2.2075609134997776e-06,2.502112778107331,3.9863137138648344e-11,2.2204460492503132e-17,4.90003049799849,,2,123
175,True,Replace + Select,21.557467388433476,0.00015462192688892745,0.00030822483646905565,2.098862605125556e-06,2.5345301610528175,3.9863137138648344e-11,2.2204460492503132e-17,4.901688101445804,,2,123
176,True,Replace + Select,21.578153999365874,0.0001465645904590043,0.00029293722087136726,1.994761309892186e-06,2.400952760043821,3.9863137138648344e-11,2.2204460492503132e-17,4.903664537157162,,2,123
177,True,Replace + Select,21.596481736010887,0.00015324692892521014,0.00030563974897096215,2.081259404997747e-06,2.4898936517243797,3.9863137138648344e-11,2.2204460492503132e-17,4.904808328377817,,2,123
178,True,Replace + Select,21.61655664388107,0.00016112695711650233,0.00032381247262332035,2.2050068957715625e-06,2.3551008722013522,3.9863137138648344e-11,2.2204460492503132e-17,4.906555642676579,,2,123
179,True,Replace + Select,21.633410683719866,0.00015219342027948,0.00030045227131209555,2.0459351819473032e-06,2.50259317282896,3.9863137138648344e-11,2.2204460492503132e-17,4.907966711086571,,2,123
180,True,Replace + Select,21.652594095753553,0.0001581976828218108,0.00031354591388469105,2.1350965781388776e-06,2.459162625191765,3.9863137138648344e-11,2.2204460492503132e-17,4.909916489562381,,2,123
181,True,Replace + Select,21.6718589674378,0.00016228101415617231,0.00032960668796559804,2.244462710063713e-06,2.345104613786848,3.9863137138648344e-11,2.2204460492503132e-17,4.911297330680941,,2,123
182,True,Replace + Select,21.688660180724703,0.00015977694400528012,0.00031529005821420274,2.146973360532828e-06,2.5832942695348904,3.9863137138648344e-11,2.2204460492503132e-17,4.912586001383248,,2,123
183,True,Replace + Select,21.704163124497803,0.00017111629316131263,0.00034365693456176166,2.3401381186755073e-06,2.440716377197171,3.9863137138648344e-11,2.2204460492503132e-17,4.913629301218531,,2,123
184,True,Replace + Select,21.71596528855287,0.00017197464306876981,0.00034106321945473906,2.3224761686884707e-06,2.3462019246922683,3.9863137138648344e-11,2.2204460492503132e-17,4.91445662951628,,2,123
185,True,Replace + Select,21.73574272162022,0.00015993715839754893,0.00032172535181472083,2.190794608832808e-06,2.389971203382018,3.9863137138648344e-11,2.2204460492503132e-17,4.916266277702393,,2,123
186,True,Replace + Select,21.752906504041793,0.00015859433307990078,0.0003179183121985692,2.164870503630551e-06,2.4383268911520988,3.9863137138648344e-11,2.2204460492503132e-17,4.91770780435607,,2,123
187,True,Replace + Select,21.774742230306902,0.00018140072331554436,0.0003563688296732587,2.4266999986182292e-06,2.4232244697031833,3.9863137138648344e-11,2.2204460492503132e-17,4.919956252429732,,2,123
188,True,Replace + Select,21.791080564741442,0.00018699017559143272,0.00037188681472023223,2.5323699987879273e-06,2.56464409839007,3.9863137138648344e-11,2.2204460492503132e-17,4.92125148407334,,2,123
189,True,Replace + Select,21.810463795352902,0.00019274332706673805,0.0003870850518602699,2.6358626697955016e-06,2.5113312106660146,3.9863137138648344e-11,2.2204460492503132e-17,4.92315654101348,,2,123
190,True,Replace + Select,21.827576376683282,0.00019991239592413672,0.00040251758109822083,2.740950757086267e-06,2.5124493939733155,3.9863137138648344e-11,2.2204460492503132e-17,4.9246783117158675,,2,123
191,True,Replace + Select,21.84716438085132,0.0001834516578262086,0.0003719405545578701,2.532735941185418e-06,2.478717997834667,3.9863137138648344e-11,2.2204460492503132e-17,4.927184005481331,,2,123
192,True,Replace + Select,21.864537487072393,0.00016990930120530992,0.00033757836652292784,2.298745999547234e-06,2.5025660973276835,3.9863137138648344e-11,2.2204460492503132e-17,4.928414564634442,,2,123
193,True,Replace + Select,21.884745170291588,0.00016681466750581973,0.00033121328714202583,2.2554028762471357e-06,2.4486377971597255,3.9863137138648344e-11,2.2204460492503132e-17,4.930035978583207,,2,123
194,True,Replace + Select,21.90450390394992,0.00014788996979781658,0.0002980017662087897,2.029248423073755e-06,2.4624521787778066,3.9863137138648344e-11,2.2204460492503132e-17,4.9319910133300615,,2,123
195,True,Replace + Select,21.922476497584352,0.0001482525808358696,0.0002956100075500776,2.012961699178421e-06,2.465731677479482,3.9863137138648344e-11,2.2204460492503132e-17,4.933371329291694,,2,123
196,True,Replace + Select,21.9394442027943,0.0001681434549174832,0.00033210627203710555,2.261483673059929e-06,2.3695229286068384,3.9863137138648344e-11,2.2204460492503132e-17,4.934729770940021,,2,123
197,True,Replace + Select,21.958609605424183,0.00018729077825119505,0.00037264698815771524,2.537546413575329e-06,2.4765602594594007,3.9863137138648344e-11,2.2204460492503132e-17,4.936692216585133,,2,123
198,True,Replace + Select,21.976770832394287,0.00018290859869148714,0.0003636467627211969,2.4762592154935325e-06,2.304438701826039,3.9863137138648344e-11,2.2204460492503132e-17,4.93827725080046,,2,123
199,True,Replace + Select,21.996840170357288,0.00017069158061232644,0.00033882548553298487,2.3072382790284584e-06,2.542807259192751,3.9863137138648344e-11,2.2204460492503132e-17,4.94025028579023,,2,123
200,True,Replace + Select,22.01454133384435,0.0001792064005124494,0.00035752512761075007,2.4345738303612728e-06,2.3981757316716483,3.9863137138648344e-11,2.2204460492503132e-17,4.941867902251811,,2,123
0,False,Accumulate,3.0814879110195774e-33,73.62890498672748,147.35889989801166,1.003443097160756,0.07288584885968913,1.0,0.5,1.7999999999992153,,2,123
1,False,Accumulate,1.0092600243503953,75.97471885312794,152.18918839621202,1.0363350341538304,0.29676431664549896,0.9647577158146354,0.38993519652732533,3.7458291323758837,100.0,2,123
2,False,Accumulate,0.6038795338367444,78.54529485806626,158.20008328796882,1.0772663317616893,0.25779078089760676,0.972998808985898,0.40356674749100724,3.778350599433113,200.0,2,123
3,False,Accumulate,0.47562021130357646,77.49863311437355,155.22848736784437,1.0570311955353489,0.26555364657347663,0.9603461643545156,0.3833098539917357,3.876387226680089,300.0,2,123
4,False,Accumulate,0.555250159703444,75.44980932011164,149.26646013130926,1.0164326631105944,0.2805318152949754,0.9519444195321243,0.3716682596063159,3.926750277083737,400.0,2,123
5,False,Accumulate,0.5264747523036724,75.81499915678809,153.49823700945288,1.045249024389327,0.2769603990752622,0.9505994349239798,0.36990540823020623,4.079234765100461,500.0,2,123
6,False,Accumulate,0.5585496626761739,77.35141851388849,156.30889856815122,1.0643882751674132,0.25341740275687574,0.9479084981911197,0.3664515714746181,4.218617501184946,600.0,2,123
7,False,Accumulate,0.6477021700425133,76.67323029206071,152.11534637940028,1.0358322056032545,0.2975433797862957,0.943854686748862,0.3614189045462001,4.3467532321377105,700.0,2,123
8,False,Accumulate,0.7656419420132703,77.74305309819323,157.42253480967162,1.0719716013192446,0.3137014910751873,0.9301067307905863,0.34563230774015946,4.53854619748216,800.0,2,123
9,False,Accumulate,0.701399546328233,77.32569683771659,156.25089460579773,1.0639932961354588,0.315692180407684,0.9204376904265481,0.3354902754827129,4.461208010588576,900.0,2,123
10,False,Accumulate,0.7713761722547628,76.6578981704182,155.78801189719283,1.0608412879495526,0.3289285434511814,0.9131019972169552,0.3282244402537205,4.525943401869143,1000.0,2,123
11,False,Accumulate,0.7686818425042918,76.91936176322976,151.95122978751084,1.034714650699038,0.2813298289344328,0.9127800876237198,0.3279132105088233,4.554196732772303,1100.0,2,123
12,False,Accumulate,0.7126048845124829,77.234733314521,157.32213883045833,1.0712879530808688,0.31626151917058265,0.9139961495946578,0.3290921625502774,4.562618263788697,1200.0,2,123
13,False,Accumulate,0.7173626871536086,77.1372976204285,155.84184947763262,1.0612078959284228,0.30177402574744716,0.9087212981712587,0.324040450111827,4.578116288643836,1300.0,2,123
14,False,Accumulate,0.7904738368091542,77.27375809844538,155.68623955034573,1.0601482673108518,0.3110101434076801,0.907288967796159,0.32269578455877534,4.611395696331789,1400.0,2,123
15,False,Accumulate,0.7350466791929875,76.98489984552776,153.652966784573,1.046302659594781,0.2797821751941152,0.9056122677092604,0.3211357477069647,4.662694876717433,1500.0,2,123
16,False,Accumulate,0.7262057668158859,77.26143600367061,152.73373098342384,1.0400431067617688,0.2936202043192523,0.9043051327715058,0.31992982874788284,4.650769699915765,1600.0,2,123
17,False,Accumulate,0.6817226968188146,77.26003469552981,154.67931989405872,1.0532916296785406,0.29430226220502076,0.9033972836774177,0.31909746581016224,4.744333080872313,1700.0,2,123
18,False,Accumulate,0.6540335959377502,77.16955427680622,154.6059608529492,1.0527920899597547,0.2866764798203489,0.9028824391227702,0.3186272935125455,4.7606061237634965,1800.0,2,123
19,False,Accumulate,0.6618284726232482,77.09491648108516,155.64504183478422,1.059867730720747,0.3307316774713391,0.9007086096332332,0.3166566904112427,4.726936307289653,1900.0,2,123
20,False,Accumulate,0.6598255891503729,77.0406268611206,152.67085665026255,1.0396149628516083,0.28778034356057913,0.8993045951565675,0.31539623645638215,4.745145612513217,2000.0,2,123
21,False,Accumulate,0.6869511915923644,76.87040161619751,152.7762376977373,1.0403325570025777,0.308828854135051,0.9036475126012301,0.31932646827495464,4.73518818415932,2100.0,2,123
22,False,Accumulate,0.6315100438074506,76.69154333850646,152.7044767314732,1.0398438994033887,0.27928660163950736,0.9032851725131238,0.3189949680597268,4.7604304703531986,2200.0,2,123
23,False,Accumulate,0.644811913973027,76.64560797674835,150.41336442407314,1.0242425286597703,0.30367741025716793,0.9030533318320006,0.31878320950726935,4.741112580816264,2300.0,2,123
24,False,Accumulate,0.6527159947211686,76.911294414218,154.52264438145158,1.0522247449384363,0.29326536122316504,0.9031770463377616,0.31889617396116104,4.737355089693155,2400.0,2,123
25,False,Accumulate,0.6675413032379887,76.64209342573736,153.1201645576189,1.0426745331826064,0.3077035271932607,0.9028553244726613,0.31860256867741804,4.69929827649511,2500.0,2,123
26,False,Accumulate,0.6712969696729102,76.60157502955036,154.09740985612973,1.0493291027383116,0.3429829633555407,0.9040057445710756,0.3196548680173542,4.669562707038063,2600.0,2,123
27,False,Accumulate,0.7134603262103549,76.30603774456662,154.32822417111632,1.0509008369956891,0.27930050831801556,0.9029645275581061,0.3187021694802841,4.670774946700968,2700.0,2,123
28,False,Accumulate,0.753671974306255,76.23227725615237,152.81115273523838,1.0405703115826663,0.2853532575707476,0.8992859822381367,0.3153795904230897,4.662767575138067,2800.0,2,123
29,False,Accumulate,0.7727442950495497,76.27833540764368,150.9154923235017,1.0276617776832235,0.278471199223289,0.8966516607865181,0.3130401367888645,4.691819042201292,2900.0,2,123
30,False,Accumulate,0.7736076541568303,76.3618663366628,156.5973214457298,1.0663522959749094,0.28088867895298697,0.8985286189237263,0.31470365928963007,4.690549071997926,3000.0,2,123
31,False,Accumulate,0.7901920241982459,76.39339186163811,151.2091742895157,1.02966161034865,0.29305367503252744,0.8983000221342944,0.3145001754052965,4.6810598281460365,3100.0,2,123
32,False,Accumulate,0.7883262742003173,76.36712481668255,152.29961441076503,1.0370869820994713,0.2974048042062695,0.8987830669856128,0.3149304450283375,4.684480767673193,3200.0,2,123
33,False,Accumulate,0.756569557961026,76.7686257416126,155.0775113519427,1.056003121621264,0.31381318216630655,0.8989957130577042,0.31512020884068304,4.666117077479375,3300.0,2,123
34,False,Accumulate,0.751031962690839,76.80904857272856,151.22405276481646,1.0297629255956229,0.24931739370518657,0.8980340581970878,0.31426373920080763,4.641522519959384,3400.0,2,123
35,False,Accumulate,0.7519609891294299,76.82286306337392,153.0962500270842,1.0425116867538975,0.27280065144866933,0.8963502989412153,0.3127745657246183,4.648070737942646,3500.0,2,123
36,False,Accumulate,0.735933345064121,76.82867073930062,151.04046356507547,1.0285127716156404,0.30042649853589976,0.8976846588098181,0.31395363503129253,4.653821133779859,3600.0,2,123
37,False,Accumulate,0.7477103096600205,76.59945036809634,153.43159886979396,1.0447952507706677,0.3125040365570594,0.896629857502073,0.31302090893443113,4.6594892211383545,3700.0,2,123
38,False,Accumulate,0.7451545896843019,76.67789993086959,154.0997209423816,1.0493448401219916,0.31997352862525474,0.8948408475706717,0.31145060957625315,4.650694716650075,3800.0,2,123
39,False,Accumulate,0.7369618423471748,76.73366327227859,153.66378079165324,1.046376297771809,0.31063230085465965,0.8929445193560773,0.30980178382712126,4.67649794655092,3900.0,2,123
40,False,Accumulate,0.753566629594769,76.58681980807881,151.88953493832446,1.034294538506362,0.28607733024374143,0.8948504730425545,0.311459019565366,4.6706762909943444,4000.0,2,123
41,False,Accumulate,0.765165583752616,76.4864019613053,154.4088155869339,1.0514496257010102,0.3129760213325787,0.8944328917206318,0.311094550939265,4.656537198411621,4100.0,2,123
42,False,Accumulate,0.7389222733869855,76.33713093671972,152.02948397968123,1.035247524037612,0.2988450507030318,0.8959807375379257,0.3124494626434752,4.6521603263257765,4200.0,2,123
43,False,Accumulate,0.7555843200982553,76.27373882468675,151.29449969117027,1.0302426352162488,0.2839850435450449,0.8955361234452264,0.3120591605581457,4.673353194897886,4300.0,2,123
44,False,Accumulate,0.7576995208910825,76.49371018894279,154.23163823516643,1.050243133315906,0.2836394397659585,0.8982217930229942,0.3144305968737725,4.684780498136164,4400.0,2,123
45,False,Accumulate,0.7568529587148966,76.53970011013409,155.45654127041553,1.0585841327143992,0.3010540199835188,0.8969804645252379,0.31333036748088383,4.668763888070268,4500.0,2,123
46,False,Accumulate,0.7530094847498525,76.76721168273797,153.5783746168263,1.0457947228778302,0.32441826726191436,0.8969678135722174,0.3133191914215982,4.688992174289425,4600.0,2,123
47,False,Accumulate,0.7503451336740792,76.7035247866452,152.01806721192386,1.0351697813508387,0.33510535060438607,0.8974255533570475,0.3137240381919666,4.673867759212261,4700.0,2,123
48,False,Accumulate,0.7475633535546977,76.84120984087436,154.46725728077195,1.0518475854734348,0.25810799848798816,0.8968255336852675,0.3131935499550978,4.647085136465241,4800.0,2,123
49,False,Accumulate,0.7437299085792372,76.61711386546857,155.32314849111944,1.0576757921683693,0.3152684432290995,0.8965370914810031,0.3129391249861295,4.63170685579377,4900.0,2,123
50,False,Accumulate,0.7359419729205426,76.49907022657491,150.55870723123488,1.025232243136937,0.3015072516657805,0.8967241925550451,0.31310411676599403,4.629279223787557,5000.0,2,123
51,False,Accumulate,0.7510860259720452,76.45791593326506,152.8454929199533,1.0408041516922986,0.3058811734076906,0.8980550750108012,0.3142824105977464,4.6032811023570686,5100.0,2,123
52,False,Accumulate,0.7443880853807792,76.54737528454069,152.367246745789,1.0375475257094713,0.31387793048982815,0.8983628959197855,0.3145561175006811,4.604729389887146,5200.0,2,123
53,False,Accumulate,0.7585934550258249,76.65021379216469,152.49098319817708,1.0383901113225689,0.29321714201836047,0.8981936496905087,0.3144055726784258,4.605968637354953,5300.0,2,123
54,False,Accumulate,0.7700899444610163,76.56365569613526,153.20651552761893,1.0432625416764243,0.31142375929875565,0.8974023368868809,0.3137034810296651,4.6071868615736715,5400.0,2,123
55,False,Accumulate,0.7714902289094827,76.4433503808874,149.56168221616275,1.018442983243146,0.3385626426956727,0.896072610838387,0.31253022528757346,4.616105367763401,5500.0,2,123
56,False,Accumulate,0.7566941721085974,76.46066601814424,151.67352205189394,1.0328235948447542,0.293937906517258,0.895391113028737,0.3119320578967078,4.623952579448712,5600.0,2,123
57,False,Accumulate,0.7652593616972383,76.55993512410514,154.2294545644598,1.050228263570688,0.26265862983027166,0.8952139244293088,0.3117768798698965,4.628473845365619,5700.0,2,123
58,False,Accumulate,0.7716798861839531,76.45959524710496,152.99463201617002,1.0418197170685264,0.32518334467200116,0.8954523160992127,0.31198569121672276,4.615275057217254,5800.0,2,123
59,False,Accumulate,0.7673231801884965,76.32389309509523,152.93311559356835,1.04140081987491,0.3292110945733057,0.8935508741207578,0.3103272699124734,4.610316936019442,5900.0,2,123
60,False,Accumulate,0.7492094486623692,76.23700477784953,152.95069787214211,1.0415205467192297,0.29338449990793003,0.8938637028931689,0.3105990100258602,4.588079476055973,6000.0,2,123
61,False,Accumulate,0.7289371087269659,76.30651086557046,152.52575646022933,1.0386269004801716,0.28980360374631897,0.8945679445699296,0.3112123409108044,4.5947664813817095,6100.0,2,123
62,False,Accumulate,0.7285119193250376,76.39456406618226,150.60876959282254,1.0255731436946738,0.2810791262003397,0.8934745271649137,0.3102610163407331,4.603005614881719,6200.0,2,123
63,False,Accumulate,0.7259646964220419,76.47009102479953,154.21742268326977,1.050146332257857,0.30589009210726636,0.8921619079699934,0.3091259222495707,4.60082371254258,6300.0,2,123
64,False,Accumulate,0.7298003301693284,76.39546061074626,152.98338670176642,1.0417431418964702,0.3083029367561091,0.8910614685954323,0.3081800601158724,4.600314666706226,6400.0,2,123
65,False,Accumulate,0.7330911414295759,76.48376989030432,154.4123033587668,1.0514733757464612,0.29341127200044526,0.8921121677058989,0.30908305649255,4.587240632451209,6500.0,2,123
66,False,Accumulate,0.7295699731474248,76.47742640713258,152.1940717799048,1.0363682876435123,0.3049451071609603,0.8928782597181941,0.30974445879379403,4.589402631649536,6600.0,2,123
67,False,Accumulate,0.7494748778626488,76.43882081147953,149.1942835253807,1.015941175205584,0.3250262623041242,0.8917715363407911,0.3087897901397549,4.607354141015125,6700.0,2,123
68,False,Accumulate,0.7462914627101305,76.50235825185311,153.47727218518807,1.0451062640388746,0.28290748012394024,0.8915489233395779,0.3085984015012985,4.605889220510509,6800.0,2,123
69,False,Accumulate,0.7322112010796752,76.43322285130157,153.20380285175568,1.0432440696610135,0.2942504515181975,0.8921399771215475,0.3091070211033574,4.5931097782692945,6900.0,2,123
70,False,Accumulate,0.731500172590894,76.3448532367697,153.68462103915564,1.0465182098145418,0.289925967316503,0.8916082121118114,0.3086493534584328,4.574705919651129,7000.0,2,123
71,False,Accumulate,0.7337591855023857,76.27315772223065,152.7719326917807,1.0403032419865634,0.29137517513484673,0.8921630145772519,0.30912687603640826,4.5699578352173775,7100.0,2,123
72,False,Accumulate,0.7361509518708762,76.37623235583052,151.73729111805682,1.0332578314554903,0.34792403013566875,0.8919176126290518,0.30891549315292394,4.55550646968162,7200.0,2,123
73,False,Accumulate,0.729841941943769,76.37991090761666,152.4142166571553,1.037867368171429,0.2723520319988415,0.8921494271231498,0.3091151653513765,4.550600418140416,7300.0,2,123
74,False,Accumulate,0.7260365704245495,76.37954583510289,151.0244973234129,1.02840404920393,0.2951960125930282,0.8903447023800937,0.30756675737333417,4.548990249617265,7400.0,2,123
75,False,Accumulate,0.7225179346445022,76.47316568987428,154.42424044089634,1.0515546615233733,0.2890764886581433,0.8907951622755618,0.30795193996669185,4.541216269952717,7500.0,2,123
76,False,Accumulate,0.7220378011513006,76.48638147926121,153.96753222518032,1.048444698658599,0.32740924779186587,0.8890207988286017,0.30643964307233884,4.550677040692897,7600.0,2,123
77,False,Accumulate,0.7181242496217577,76.56779428754751,153.89462355450408,1.0479482257454331,0.2995830245567115,0.8888983170630793,0.3063357367603393,4.552582230612737,7700.0,2,123
78,False,Accumulate,0.7160712324965556,76.60785080163907,155.80563749379687,1.0609613097687838,0.2929114312664537,0.888888707866802,0.3063275875141128,4.5577623081986,7800.0,2,123
79,False,Accumulate,0.7155568453750324,76.65905856985742,156.58437727580346,1.0662641524154093,0.33221599364823123,0.8899170138197898,0.30720183903372184,4.550728090251644,7900.0,2,123
80,False,Accumulate,0.7116963541884361,76.53514320832637,154.05833528972525,1.0490630237708365,0.2968799778918814,0.8898592746337235,0.30715263292619654,4.552389806407826,8000.0,2,123
81,False,Accumulate,0.7131274776156492,76.5825425413662,149.54398664104284,1.0183224849039438,0.280112079587743,0.8903971319527311,0.3076115450981822,4.569944300530375,8100.0,2,123
82,False,Accumulate,0.7062665112370184,76.52982417914552,151.97263350476214,1.034860399699229,0.2919054288143711,0.8899743730261654,0.3072507351727673,4.561352475051416,8200.0,2,123
83,False,Accumulate,0.705478999927125,76.53667474519057,153.62518959687424,1.0461135103321701,0.2924818492189128,0.8897515324515194,0.3070608509768766,4.563179460321233,8300.0,2,123
84,False,Accumulate,0.7091240310410225,76.53134817866886,155.48536688944927,1.0587804212891703,0.30819848112180204,0.8914387091209018,0.30850372497424283,4.554957995105221,8400.0,2,123
85,False,Accumulate,0.7075301034521589,76.4981071116531,153.0680398717261,1.0423195891901704,0.32678823196779794,0.8915443342913505,0.30859445836512156,4.551121624439356,8500.0,2,123
86,False,Accumulate,0.6990407663725096,76.5247841745775,152.663460749649,1.039564600332459,0.3053141453253134,0.8918010171358883,0.3088151518448771,4.546423944687269,8600.0,2,123
87,False,Accumulate,0.7073306485099539,76.63097508794692,155.23267830705365,1.057059733811782,0.2839081499629612,0.8922786301496993,0.3092265545114172,4.540329912124472,8700.0,2,123
88,False,Accumulate,0.7068606990299862,76.58268292409088,149.56508102103342,1.0184661274664568,0.2700468834414176,0.8923597774605833,0.30929655060214123,4.535704763965002,8800.0,2,123
89,False,Accumulate,0.7067650390610714,76.55622991931021,155.8144584065775,1.0610213759340885,0.3140153863437998,0.8918114710777005,0.3088241460485154,4.530192447523368,8900.0,2,123
90,False,Accumulate,0.7049852783202365,76.51508212952471,150.55013072515243,1.0251738412634692,0.28538311624125373,0.8912615827920268,0.3083516783870902,4.532982046091018,9000.0,2,123
91,False,Accumulate,0.7118852239026581,76.39064405401021,150.25216182726984,1.0231448166578578,0.32325931863882784,0.8905258461053648,0.30772154784107164,4.515277201598828,9100.0,2,123
92,False,Accumulate,0.7175147267746237,76.3721750440358,151.9225767197809,1.0345195371154945,0.28905095689080007,0.8903161760181154,0.3075423937325734,4.503546080323743,9200.0,2,123
93,False,Accumulate,0.7102704252655183,76.43388219513908,155.52545510239096,1.0590534027010952,0.3338164293041575,0.8914127768996188,0.30848145616897604,4.481053580732907,9300.0,2,123
94,False,Accumulate,0.7230767871540912,76.4477223720771,152.473666516512,1.0382721930652083,0.3088261349826115,0.891303830277349,0.30838793176285817,4.4840890929409305,9400.0,2,123
95,False,Accumulate,0.7220391107912144,76.44301474326049,153.1368664785186,1.0427882652154035,0.3003009411399432,0.8917022782325663,0.30873022356131463,4.469976070965738,9500.0,2,123
96,False,Accumulate,0.7215586718561405,76.43434776552603,154.57677654191912,1.0525933588653396,0.3044882946966754,0.8920202992297839,0.30900391309347996,4.457543502932952,9600.0,2,123
97,False,Accumulate,0.7196461192883329,76.38122904486346,153.23296522545297,1.0434426513727637,0.2824531794437358,0.8917480556391529,0.30876959286358235,4.466208146286178,9700.0,2,123
98,False,Accumulate,0.7155436006039047,76.44962910253668,152.78334346483794,1.0403809438523175,0.2611625016222165,0.8929185287204215,0.3097792955429368,4.473528743321425,9800.0,2,123
99,False,Accumulate,0.7126681984754668,76.49666096488394,153.16761035935,1.0429976162286205,0.2925367658865984,0.8936533537518047,0.31041624170461185,4.477214185428402,9900.0,2,123
100,False,Accumulate,0.7027577111241494,76.51023351785877,152.81937209023033,1.0406262814293163,0.28945708732810027,0.8942271804388509,0.3109152906415913,4.479428112858927,10000.0,2,123
101,False,Accumulate,0.7069103959076295,76.59056118145116,154.55667270651145,1.0524564614341003,0.31192402207824116,0.8944690077563862,0.31112604253302095,4.489963820237516,10100.0,2,123
102,False,Accumulate,0.710522386727198,76.58210086544784,154.27117629293755,1.0505123684362347,0.36856727827435,0.8951409443223831,0.31171300662768303,4.491093035923627,10200.0,2,123
103,False,Accumulate,0.7125778771378705,76.56291155770452,154.71689393488765,1.0535474907899383,0.29199976234477454,0.8943926262152491,0.3110594480513167,4.499560509798952,10300.0,2,123
104,False,Accumulate,0.7142544371945747,76.5773405292285,152.37951650422772,1.0376310768517347,0.2965212171003618,0.8946454564245697,0.31127998177147403,4.501455762167495,10400.0,2,123
105,False,Accumulate,0.7156355837389642,76.58979169480273,153.80610772357178,1.047345475591897,0.3059498900845544,0.89497103798469,0.3115643950761196,4.497999983229989,10500.0,2,123
106,False,Accumulate,0.715557955493871,76.55315465274107,151.97585940395288,1.0348823665181814,0.2979348986847207,0.8947829375767351,0.3114000210970403,4.485983664815156,10600.0,2,123
107,False,Accumulate,0.7144009677190196,76.54198727920536,155.8366878256111,1.0611727475655175,0.31335762025319064,0.8954161644389746,0.3119540088370324,4.478063436879759,10700.0,2,123
108,False,Accumulate,0.7148796425756634,76.58103945589697,153.51779313259306,1.045382192163963,0.28165524106238476,0.8950035694420676,0.31159283923124803,4.478013855730815,10800.0,2,123
109,False,Accumulate,0.7129498101954196,76.61820883526207,153.69585272794973,1.0465946922027634,0.2855306666296674,0.8950933964722795,0.31167140497531565,4.479143750763516,10900.0,2,123
110,False,Accumulate,0.7096548362280876,76.69671896904458,154.84127495972265,1.0543944656307849,0.2871258724935587,0.8952204676943586,0.31178260780289146,4.489264265983529,11000.0,2,123
111,False,Accumulate,0.7164544915654996,76.6601954252551,152.1718523976671,1.0362169843578266,0.2829377386749251,0.8944800307674498,0.3111356552731465,4.486874585719633,11100.0,2,123
112,False,Accumulate,0.7164432478781102,76.59202745169495,156.01363874956985,1.0623776980863582,0.28320629197561764,0.894302508608287,0.31098091100947406,4.473671501520862,11200.0,2,123
113,False,Accumulate,0.723073460304382,76.63561442586132,153.08663561190176,1.0424462172196192,0.2992413561253079,0.8937617360411094,0.3105103885645216,4.475866905550107,11300.0,2,123
114,False,Accumulate,0.7229440936476151,76.60289519314277,152.55002162166437,1.0387921345363456,0.29498944996158316,0.8939150021528075,0.31064361265223606,4.483682827177998,11400.0,2,123
115,False,Accumulate,0.720824779820997,76.63887856897222,154.23979247060913,1.050298659729806,0.31907077681535057,0.8941715338960922,0.31086683167504314,4.487633081700206,11500.0,2,123
116,False,Accumulate,0.7211022573293537,76.6355831719356,152.56642104059597,1.0389038066765133,0.3063592901062384,0.8943592496453245,0.311030356318323,4.488028033202967,11600.0,2,123
117,False,Accumulate,0.7220974254443148,76.62492559367419,153.95166405918008,1.048336644094887,0.26735407808062833,0.8945813437827197,0.3112240318374175,4.501562325084324,11700.0,2,123
118,False,Accumulate,0.7276296626649734,76.6037366413529,149.84452036893546,1.0203689747659512,0.2784587579840125,0.8946135851222191,0.3112521659687677,4.508994176731146,11800.0,2,123
119,False,Accumulate,0.7298734712395724,76.57919066517098,151.00908276393275,1.0282990834820303,0.24414220979235082,0.8937005228138368,0.31045720898776513,4.517945121538548,11900.0,2,123
120,False,Accumulate,0.7288241124997074,76.60727472216885,152.22070117719127,1.0365496210065273,0.27622412533031715,0.8943936932899482,0.3110603782184044,4.527372225491339,12000.0,2,123
121,False,Accumulate,0.7274060403905134,76.66023644472872,150.46809319878906,1.0246152052422013,0.3221316596101769,0.8942452588230443,0.3109310368986699,4.527518479730417,12100.0,2,123
122,False,Accumulate,0.7308656984834065,76.74432333229872,152.2689447785341,1.0368781366834434,0.3354282596633008,0.8944581017454717,0.3111165323579592,4.532945174326952,12200.0,2,123
123,False,Accumulate,0.7344091722478239,76.75604242944492,153.6111407095376,1.0460178441794608,0.31947740694934934,0.8941718458342005,0.3108671032833423,4.523227044275923,12300.0,2,123
124,False,Accumulate,0.731751225263189,76.79299458290029,154.28325765811664,1.0505946367111854,0.2918665649480625,0.893873895750159,0.3106078713741163,4.522988972720712,12400.0,2,123
125,False,Accumulate,0.7330526351636871,76.78469509592438,154.4960493554165,1.05204364562708,0.3251168660782344,0.8937939501635557,0.31053838154283336,4.5209604716662195,12500.0,2,123
126,False,Accumulate,0.7366520368101985,76.88205330867441,154.02042858897536,1.0488048974056834,0.27494753149651985,0.8929204024021984,0.3097809166391812,4.5280400507656395,12600.0,2,123
127,False,Accumulate,0.7384259010392914,76.90798766102051,155.04165211130254,1.0557589374728027,0.2716707106939062,0.8921604620038803,0.3091246759766923,4.5359870301352725,12700.0,2,123
128,False,Accumulate,0.7470587580869477,76.95817797107343,154.29699256921043,1.050688164836984,0.2904288022205368,0.8919070090887605,0.3089063653953217,4.538621500877423,12800.0,2,123
129,False,Accumulate,0.7509784658979689,76.96331132350683,150.25711738920552,1.0231785616465918,0.2686200420657222,0.8916661101405594,0.30869912479363787,4.546006072252248,12900.0,2,123
130,False,Accumulate,0.750279358988326,76.9978140571587,156.45559886445506,1.0653872334914738,0.3111920765689884,0.8916557920618844,0.30869025392867394,4.540468654179311,13000.0,2,123
131,False,Accumulate,0.7538090752674838,76.99337549226425,153.49159368519992,1.0452037865525323,0.3273426794964166,0.8916464535573229,0.3086822256370383,4.532075042468151,13100.0,2,123
132,False,Accumulate,0.7562892606657023,76.97514450164806,150.74268351491014,1.0264850329719792,0.3310918373111777,0.8911706511917817,0.30827367410922507,4.5339731077383565,13200.0,2,123
133,False,Accumulate,0.7551232313281397,77.01080410853295,153.86167967928523,1.0477238938305984,0.32688490272133597,0.8913674458669488,0.3084425359162836,4.529890745619798,13300.0,2,123
134,False,Accumulate,0.7538775233297845,77.00723626454763,151.75626128913643,1.0333870091789599,0.3118536227604316,0.8916060085286898,0.3086474594593987,4.516800499607081,13400.0,2,123
135,False,Accumulate,0.7535581684716509,77.01448007737747,154.45737588453278,1.0517802979268167,0.31280293839962836,0.8921781472066795,0.3091399194091166,4.526063211990825,13500.0,2,123
136,False,Accumulate,0.7499118139356967,76.98066907323513,152.25456850235582,1.0367802411704887,0.29606228694896064,0.892240261038874,0.3091934679981154,4.529192511361152,13600.0,2,123
137,False,Accumulate,0.7538751357514848,77.02553793289479,157.28921485848696,1.071063756697558,0.32096430683556865,0.8922047589412518,0.3091628594499784,4.542656617712908,13700.0,2,123
138,False,Accumulate,0.7525059775640991,77.00432868402478,153.589340857422,1.0458693976917381,0.2867689566926648,0.8922263255964223,0.3091814527431377,4.538240078724499,13800.0,2,123
139,False,Accumulate,0.752295794555456,76.98953158471494,154.97938332192112,1.0553349170239763,0.3123941611204716,0.8920765107427414,0.30905233419147415,4.539565637001578,13900.0,2,123
140,False,Accumulate,0.7512071692257603,77.00306518467241,148.86924842323685,1.0137278427919536,0.27652839742987756,0.892139156824491,0.30910631416902784,4.540393610222384,14000.0,2,123
141,False,Accumulate,0.7551957472021037,76.944969041059,151.02782999638944,1.02842674310091,0.3014927269410767,0.8922748768031195,0.3092233176381947,4.533888789440098,14100.0,2,123
142,False,Accumulate,0.7506550543204952,76.94340149186709,152.83410112636923,1.0407265790676106,0.30958041844101497,0.8923482360326094,0.30928659344977005,4.534468748197382,14200.0,2,123
143,False,Accumulate,0.7484322160514649,76.97086803800111,151.7347041348922,1.0332402153467872,0.2966893580359324,0.8919975408003126,0.3089843126594874,4.535928611623034,14300.0,2,123
144,False,Accumulate,0.7521283707577361,76.95384330078983,156.24259605680263,1.0639367870158105,0.31840027429727874,0.892524766265117,0.3094389548252663,4.532187908669296,14400.0,2,123
145,False,Accumulate,0.7549906618979983,77.03326200713974,155.4401543698375,1.058472545818187,0.3101131258390315,0.892997643478241,0.30984775842962226,4.5329364463792485,14500.0,2,123
146,False,Accumulate,0.751985356159367,76.97155615341347,153.7238799753498,1.0467855442514382,0.26212925128670594,0.8926190287831391,0.3095203672604145,4.528984867586632,14600.0,2,123
147,False,Accumulate,0.7467089709353618,76.9199099834756,154.94376694413626,1.0550923866545256,0.30181814974461596,0.8931984479691955,0.3100216499719709,4.535518114742522,14700.0,2,123
148,False,Accumulate,0.7452174731455583,76.91451103918267,152.60019540115906,1.0391337937963376,0.30437825675927255,0.892905883929452,0.3097683557601629,4.534490578326321,14800.0,2,123
149,False,Accumulate,0.7406882769999146,76.93597680490811,153.91143939842954,1.048062733539137,0.2608016736996608,0.8933610675487792,0.310162603959932,4.5432390717759095,14900.0,2,123
150,False,Accumulate,0.7299495289647342,76.88456392841773,153.93012766546937,1.048189991631943,0.3051760237526404,0.8940993173394189,0.31080396348050543,4.535922623784843,15000.0,2,123
151,False,Accumulate,0.7327709120652206,76.84560051073491,153.91539223124127,1.0480896504257444,0.3289379369969494,0.8941182131002182,0.3108204109654715,4.531629002017087,15100.0,2,123
152,False,Accumulate,0.7357427935588727,76.802273146418,154.58335273827328,1.0526381395934918,0.2936418963478792,0.8945526448680213,0.31119899277266516,4.532512648738997,15200.0,2,123
153,False,Accumulate,0.7359328535055916,76.82740059410666,153.28811589518966,1.0438182008569779,0.29215671036942836,0.8943303767255601,0.31100519406867433,4.532091620400477,15300.0,2,123
154,False,Accumulate,0.7334005038617621,76.832635959401,151.88173467112335,1.0342414224456125,0.29004723015811157,0.894436574767651,0.3110977621276596,4.533783156944572,15400.0,2,123
155,False,Accumulate,0.7365929996079885,76.78041345676579,151.83348328281335,1.0339128537432023,0.31800727227413184,0.8944829994198903,0.3111382442124363,4.53668532976125,15500.0,2,123
156,False,Accumulate,0.7410602283912768,76.81320027981415,152.42696394476226,1.0379541710572104,0.2986837806867786,0.8946065957135344,0.311246066542731,4.536508300250828,15600.0,2,123
157,False,Accumulate,0.7410993729788072,76.79269759885457,153.27770618258836,1.0437473157305253,0.29520184149502054,0.8941774611170012,0.3108719926522509,4.53579445812207,15700.0,2,123
158,False,Accumulate,0.7418113104063906,76.76032815809825,151.8828697718876,1.0342491519348207,0.2581298389292692,0.8937958244435978,0.3105400103697921,4.532294618366949,15800.0,2,123
159,False,Accumulate,0.7391800538449507,76.71243760804447,150.0171018299965,1.02154417135007,0.2703991515666898,0.8939923801592345,0.3107109117476611,4.531580095190014,15900.0,2,123
160,False,Accumulate,0.7408790187551437,76.73268320485658,154.98833762649963,1.0553958915231438,0.28884180927371517,0.8939485962204434,0.31067282764822907,4.5352519150763655,16000.0,2,123
161,False,Accumulate,0.7403504535851123,76.73949485934772,153.44481348292211,1.0448852359180478,0.29318677535433285,0.8934243655023509,0.31021750023052097,4.541421603876266,16100.0,2,123
162,False,Accumulate,0.7377837762114433,76.69474791129385,152.8265002784914,1.0406748209563539,0.3181571147208924,0.8931350364991208,0.3099667181786311,4.548455944660912,16200.0,2,123
163,False,Accumulate,0.7403737373655109,76.71545654056689,154.2015115235845,1.0500379849278685,0.2888608467934002,0.8929881582338038,0.3098395488177121,4.554651649040259,16300.0,2,123
164,False,Accumulate,0.7381718687120953,76.68776052149262,151.08774302060155,1.0288347219241591,0.2906681351577438,0.8928655472077625,0.30973346266085805,4.561371394323462,16400.0,2,123
165,False,Accumulate,0.7363234332134523,76.68674174167444,155.22424022876524,1.0570022745648844,0.33296564925299554,0.8930851642927362,0.30992352749709656,4.560042333297087,16500.0,2,123
166,False,Accumulate,0.7341390240321353,76.66434223306274,152.91173247242608,1.0412552111242963,0.32002969659216507,0.8931484574577204,0.30997834295346194,4.555336050460082,16600.0,2,123
167,False,Accumulate,0.7286186868064576,76.64055099192495,152.12699081072725,1.0359114985692275,0.3067460260277205,0.8927854955403742,0.3096642353645788,4.559473911083951,16700.0,2,123
168,False,Accumulate,0.7332949970870265,76.67711385571354,153.04044840513012,1.0421317045987717,0.29028986580597876,0.8926264940283203,0.30952681647812624,4.565236209386937,16800.0,2,123
169,False,Accumulate,0.7349486292240853,76.70420522136533,153.8650104859223,1.0477465750187063,0.33711395816075734,0.8925837491967634,0.30948989254277665,4.571831613866268,16900.0,2,123
170,False,Accumulate,0.7343684338210512,76.7226808061643,153.1776632286895,1.0430660714244204,0.2804453285772254,0.8923140784333108,0.30925712800009186,4.574056011822509,17000.0,2,123
171,False,Accumulate,0.7361752311414667,76.71070624286381,154.92433167228384,1.054960041818922,0.2822816788225284,0.8921401694249068,0.3091071868313589,4.580890610338457,17100.0,2,123
172,False,Accumulate,0.7324536748595719,76.7523712574148,154.4541568095829,1.051758377577656,0.28183778487496736,0.8918657243961429,0.3088708312521424,4.583262151399604,17200.0,2,123
173,False,Accumulate,0.7327291367228319,76.78472968060294,154.30129214017447,1.0507174428433181,0.281281037613234,0.8917080993797561,0.3087352293410429,4.588428385046485,17300.0,2,123
174,False,Accumulate,0.7332997145509399,76.78747856481162,154.70839451320086,1.0534896138240584,0.2776722053675295,0.8918052199088986,0.30881876770632594,4.580344005386484,17400.0,2,123
175,False,Accumulate,0.7336477157159348,76.77889115506846,154.1272799196073,1.0495325034764351,0.292430289235627,0.8921837459911584,0.30914474545948906,4.578366531369246,17500.0,2,123
176,False,Accumulate,0.7389940043213513,76.83435201252959,153.9474885053148,1.0483082105852324,0.31901561393616534,0.8918641273074751,0.3088694567696777,4.583908126647569,17600.0,2,123
177,False,Accumulate,0.7444283967911252,76.81524690904087,155.31342374685804,1.0576095713462301,0.3107600369399588,0.8916811345863245,0.3087120427286103,4.5818362445650385,17700.0,2,123
178,False,Accumulate,0.744459270575718,76.82791045991263,155.27754373157512,1.0573652457324627,0.2627560752793918,0.8917004576724595,0.30872865803676774,4.581190305792455,17800.0,2,123
179,False,Accumulate,0.7430604348280522,76.83206165227269,155.96188143985248,1.062025255748641,0.3152750262889247,0.8915619304614648,0.3086095783517421,4.581425355487518,17900.0,2,123
180,False,Accumulate,0.7425318878600872,76.84257796024102,154.34716719990928,1.051029829893266,0.30157895911952637,0.8916339760295584,0.30867149931872717,4.584997844169201,18000.0,2,123
181,False,Accumulate,0.7414013589715319,76.80833191010814,152.47802383253517,1.0383018642875683,0.27093723676921816,0.892049656778382,0.30902920024502545,4.587519777309591,18100.0,2,123
182,False,Accumulate,0.7469323675759211,76.80566684545009,154.60552853380224,1.0527891460746952,0.27510622037856386,0.8916577303649926,0.30869192033049947,4.590007959220059,18200.0,2,123
183,False,Accumulate,0.7483389085332854,76.81903628723789,152.97715901841937,1.0417007343739506,0.3050807532032776,0.8911962649529467,0.30829564290910355,4.592179454958666,18300.0,2,123
184,False,Accumulate,0.74652110943564,76.83985317282723,156.21073282793787,1.0637198137818917,0.30915773321622775,0.8916373972700367,0.30867444032474073,4.592321498869727,18400.0,2,123
185,False,Accumulate,0.7470459118281592,76.84645542788058,152.85510273569272,1.040869589906586,0.3034923545552489,0.8914367553972194,0.3085020471506104,4.588941208971945,18500.0,2,123
186,False,Accumulate,0.7542367743411827,76.89254215639532,153.9101233461748,1.0480537718574778,0.30770959538592196,0.8909439564567476,0.30807936107195055,4.595880847612271,18600.0,2,123
187,False,Accumulate,0.7539983628378549,76.89132646133183,156.03103332422774,1.0624961467574638,0.29382481531664606,0.8906793856374867,0.3078528587510877,4.601098502666519,18700.0,2,123
188,False,Accumulate,0.7534400253861698,76.9075095340526,152.83934819981346,1.0407623091092406,0.2766448306887836,0.890312605117437,0.30753934415890366,4.5992931239037755,18800.0,2,123
189,False,Accumulate,0.7566308095037837,76.93778829045918,152.42860523446302,1.0379653474491475,0.29637196247651076,0.8901076341107764,0.30736438761250906,4.6041271087625555,18900.0,2,123
190,False,Accumulate,0.7616885254656941,76.98236523904524,156.8399839065169,1.0680047103956563,0.34401949598073783,0.8904785106119167,0.3076810854506376,4.615903996578966,19000.0,2,123
191,False,Accumulate,0.7582961898287746,76.98419476301146,151.11802865499527,1.029040952499961,0.3118532835132089,0.8908175774457652,0.3079711293602351,4.618004108786537,19100.0,2,123
192,False,Accumulate,0.7582570677752086,76.93236595962222,154.3823169445637,1.0512691827159655,0.3116826586209448,0.8904917060526647,0.3076923639635935,4.615781854010032,19200.0,2,123
193,False,Accumulate,0.756099124605816,76.96679471262831,152.12633875713132,1.0359070583984589,0.2933216827321332,0.8902134634245823,0.30745469794749297,4.61184960202695,19300.0,2,123
194,False,Accumulate,0.7463644582861833,76.9957750356193,156.28734178962978,1.0642414838937315,0.33716474685309916,0.8905242002014088,0.30772014076293314,4.612165766027851,19400.0,2,123
195,False,Accumulate,0.7458563344064243,76.9958309812763,153.67954390844076,1.0464836370010047,0.26938584015006656,0.8906097891662413,0.3077933257069134,4.609254156486493,19500.0,2,123
196,False,Accumulate,0.7469107702864006,77.0334084113379,155.99134671264125,1.0622259000572392,0.2785003847544597,0.8905843240291024,0.307771547875435,4.6128803694957075,19600.0,2,123
197,False,Accumulate,0.7509980393174748,77.01571772584077,154.96780875903036,1.0552560998283849,0.30958067817698076,0.8901605794791332,0.30740956309269946,4.614112440940371,19700.0,2,123
198,False,Accumulate,0.7475916066605991,77.0210495956812,155.29196274032387,1.05746343223363,0.29602027234848627,0.8903413489575335,0.307563893122211,4.616311220206486,19800.0,2,123
199,False,Accumulate,0.7537056198757579,77.02931258391354,152.20726219541817,1.0364581080167965,0.2928011588404988,0.8902971985155357,0.30752618743201626,4.618445845052496,19900.0,2,123
200,False,Accumulate,0.7514561085286212,77.02990565270662,150.38460230849597,1.024046672512937,0.30961250746290936,0.8901604879428084,0.3074094849794151,4.619929660135729,20000.0,2,123
0,True,Accumulate + Select,3.0814879110195774e-33,73.62890498672748,146.51534827562264,0.9976989171134644,0.08160175855862481,1.0,0.5,1.7999999999992153,,2,123
1,True,Accumulate + Select,4.872029568425056,50.35713014401837,100.59009939767208,0.68497010328638,0.653510296856382,0.5289020264013973,0.11984043491935294,1.9211567354840373,100.0,2,123
2,True,Accumulate + Select,6.715293616551702,38.920480662055525,78.33578711512152,0.5334289608277933,0.8986101748064252,0.3271677046129862,0.05993018179819139,1.7485731901950436,200.0,2,123
3,True,Accumulate + Select,8.584105651724487,32.72011678000999,66.41580088798888,0.45225959877266225,1.0268905459161937,0.24212937403978363,0.039964494506847345,1.8970174003383187,300.0,2,123
4,True,Accumulate + Select,10.344931455711187,28.867873920439955,56.647213450117796,0.3857402257295192,1.1619228329187785,0.19428065378646914,0.029977827924796925,1.9456668746834855,400.0,2,123
5,True,Accumulate + Select,12.057204931675038,25.997144966903733,52.481919230098526,0.3573765793151208,1.2461286716676248,0.16326622626307558,0.023985163957872674,2.0665797254701608,500.0,2,123
6,True,Accumulate + Select,13.51873963307459,23.98761644507705,48.00047416406254,0.3268600979900616,1.3947811933541887,0.141353916481855,0.019984573147786115,2.2203677917289064,600.0,2,123
7,True,Accumulate + Select,14.848784533048253,22.25211057826241,43.84916273750401,0.29859166766092793,1.511509705844533,0.12500232869356234,0.017129053654882324,2.380217028517459,700.0,2,123
8,True,Accumulate + Select,15.922127401050984,20.734502749351375,41.39981778420246,0.2819128088498414,1.4080519695698395,0.11228916477297339,0.014988150172158094,2.507482625355276,800.0,2,123
9,True,Accumulate + Select,16.778193336155308,19.479123181122002,38.80438660316098,0.2642391732256994,1.4747489196326167,0.10210144759048057,0.013324220733466532,2.5976652406080136,900.0,2,123
10,True,Accumulate + Select,17.49451024382362,18.39349610070188,36.894309175947136,0.2512324663983083,1.455760470346486,0.09373298939711763,0.011992941291577148,2.679120344719699,1000.0,2,123
11,True,Accumulate + Select,18.21104442756829,17.37541259243571,34.49888497251376,0.23492078190982052,1.6138280500663502,0.08672883307675076,0.010904092867692427,2.7535636764774867,1100.0,2,123
12,True,Accumulate + Select,18.822119277795192,16.548118731996382,33.089819817643644,0.22532572722304728,1.6636344917463255,0.08077034538218512,0.00999656231307841,2.8238212904084934,1200.0,2,123
13,True,Accumulate + Select,19.38291950078456,15.804235629506254,31.85230338720392,0.2168988366816059,1.6700796025059175,0.07563549144976067,0.009228710794638112,2.8780039648701976,1300.0,2,123
14,True,Accumulate + Select,19.819138996539184,15.148736052223063,30.342035168348048,0.20661463789808443,1.7118848539343876,0.07115657886595883,0.008570000326772104,2.9317496192034938,1400.0,2,123
15,True,Accumulate + Select,20.241164195105945,14.555726886859247,28.768944114689788,0.19590264588340991,1.810804956523709,0.0672154835146293,0.00799912841479379,2.984003718710511,1500.0,2,123
16,True,Accumulate + Select,20.60707404108272,14.003854900953236,28.683179453765455,0.19531862987185974,1.7556787713620656,0.06372035075815444,0.007499874135765403,3.0274235797807743,1600.0,2,123
17,True,Accumulate + Select,20.941975306787263,13.49961857905081,26.81395697316958,0.18259012554324577,1.6406945098114853,0.06060665642515549,0.007060797278869586,3.06069613325736,1700.0,2,123
18,True,Accumulate + Select,21.265557917065227,13.043553795036992,25.842311262881992,0.1759736864849416,1.720692486734918,0.05903367180420043,0.00684106296436899,3.036180834708205,1800.0,2,123
19,True,Accumulate + Select,21.589441025659493,12.624423459788224,25.188463769432666,0.17152130013873731,1.756563615785796,0.059037195620413034,0.006841553636668814,2.9921708369134326,1900.0,2,123
20,True,Accumulate + Select,21.84099971213049,12.241258199345863,24.471308113343397,0.1666378157126821,1.8473765071515462,0.05656917998855268,0.006499650732270797,3.0200317940359325,2000.0,2,123
21,True,Accumulate + Select,22.065437664009806,11.875612423183012,23.91672571311743,0.16286137681622764,1.7171061674794919,0.054313359549729205,0.006190258487226277,3.04227471586473,2100.0,2,123
22,True,Accumulate + Select,22.250800350643058,11.54355922881317,23.218555878108155,0.1581071766826029,1.8160836698738763,0.052242831873886404,0.0059089489998356195,3.0616080170671003,2200.0,2,123
23,True,Accumulate + Select,22.45808529877799,11.232324704064236,21.99443000567082,0.1497714693883487,1.898235840854368,0.05033525691084042,0.005652082938618443,3.0845734944470142,2300.0,2,123
24,True,Accumulate + Select,22.601408511475544,10.932269677492894,21.634346493392236,0.1473194741912658,1.8410570639116854,0.04857169016807764,0.005416610214756039,3.0990304610415387,2400.0,2,123
25,True,Accumulate + Select,22.775291588180078,10.673361917064314,20.96113757583729,0.1427352458770268,1.7585546527047269,0.046936029121763624,0.005199965197299773,3.1182715819341422,2500.0,2,123
26,True,Accumulate + Select,22.95257962292369,10.404056690326147,20.98581958212981,0.1429033184458058,1.6970542131418254,0.045414520733908816,0.00499997752936401,3.137935531303727,2600.0,2,123
27,True,Accumulate + Select,23.10635168579385,10.159931076106867,20.467323000841223,0.13937260658683037,1.8487228507942952,0.04399534951823173,0.004814799413147021,3.1552964458468216,2700.0,2,123
28,True,Accumulate + Select,23.248078061050016,9.940933517259907,20.103665292324614,0.13689627283574476,1.8422766717195311,0.04266829814957964,0.004642846866890256,3.1712064492865433,2800.0,2,123
29,True,Accumulate + Select,23.425162213929074,9.733126373653244,19.23069887743449,0.13095179222628764,1.8307766565120844,0.04142446722175685,0.004482752093338882,3.1919306056796493,2900.0,2,123
30,True,Accumulate + Select,23.5402936528044,9.530619300088695,19.084665822433163,0.1299573774939586,1.8674259263057942,0.04025608172129929,0.004333329614686676,3.204320579933573,3000.0,2,123
31,True,Accumulate + Select,23.645252004234443,9.336176458567486,18.856905088324133,0.12840643665085955,1.9837375877012993,0.039156318902512,0.00419354704064036,3.2142412003976992,3100.0,2,123
32,True,Accumulate + Select,23.759017664647697,9.149095770882234,18.417111473238755,0.12541165406536095,1.8654870941999588,0.038119165436080335,0.004062501086300754,3.226080334572414,3200.0,2,123
33,True,Accumulate + Select,23.857789084008076,8.97371591698694,17.64684924924059,0.1201665395035015,1.828702736416772,0.03713930438809289,0.003939398556079886,3.2369645031564076,3300.0,2,123
34,True,Accumulate + Select,23.96169740507,8.800853239455657,17.671726174083375,0.12033593937367802,1.8818205584444856,0.03621202646628434,0.0038235413000745466,3.2468214757725997,3400.0,2,123
35,True,Accumulate + Select,24.070336445263546,8.6428356423179,17.392826563388127,0.11843676742446653,1.8684852356995205,0.03533315950840918,0.0037143141670053434,3.2570472758671953,3500.0,2,123
36,True,Accumulate + Select,24.14323600748062,8.485515403233416,17.2785072213244,0.11765830779464302,1.7317975902263725,0.03449903064454194,0.003611177564902233,3.2642816338084715,3600.0,2,123
37,True,Accumulate + Select,24.229475645395798,8.33997957205816,16.832549280571666,0.11462154912189186,1.881106096439287,0.03370654407298269,0.0035136746039136713,3.2731751940830613,3700.0,2,123
38,True,Accumulate + Select,24.303227752807985,8.206594791487369,16.668527089454884,0.1135046370414459,1.8772037578710026,0.03295357489727412,0.0034214767960744834,3.281530065335266,3800.0,2,123
39,True,Accumulate + Select,24.358299658810672,8.072448029958741,16.0563650930821,0.10933610884240559,1.8941494622999775,0.032244903037549774,0.0033351023632693507,3.2848834048381477,3900.0,2,123
40,True,Accumulate + Select,24.442935433006475,7.945373885997428,15.478544800863899,0.10540143109964926,1.8974963894176038,0.03363184992029313,0.003504509244801644,3.2200580975420507,4000.0,2,123
41,True,Accumulate + Select,24.530099819671925,7.8168379432471955,15.678138277214176,0.10676056649100073,1.946235985570755,0.034882574219141,0.0036585365616089893,3.051830955259192,4100.0,2,123
42,True,Accumulate + Select,24.614290859295817,7.700593025211917,15.344182280041737,0.1044864870811378,1.9659863583931623,0.03417642396374159,0.0035714285563061975,3.0603334336558916,4200.0,2,123
43,True,Accumulate + Select,24.663000317428633,7.581318860601998,15.16762596645994,0.10328422366680436,1.963790185713941,0.033500253867281324,0.0034883720838303047,3.0653365969378528,4300.0,2,123
44,True,Accumulate + Select,24.725344619309322,7.471330667741097,14.8791730113977,0.10131999804613838,1.9958782855261434,0.03285214875270363,0.003409090903108138,3.0710343853566986,4400.0,2,123
45,True,Accumulate + Select,24.784932989743893,7.367135606947253,15.155363562184956,0.10320072260285203,1.9700605290835445,0.032230355182176255,0.003333333329734925,3.077515820067604,4500.0,2,123
46,True,Accumulate + Select,24.849537778613985,7.26843592241661,14.690240495757207,0.10003345865978383,1.8597147560746916,0.03163326458063959,0.003260869563136077,3.0839720594501823,4600.0,2,123
47,True,Accumulate + Select,24.906807475171743,7.174812911662436,14.720391321238228,0.10023877125185372,2.019566848727159,0.03105939848371483,0.0031914893607282537,3.0898279170969905,4700.0,2,123
48,True,Accumulate + Select,24.95814512212264,7.078946400645252,13.87429740799356,0.09447727942894585,1.9845228817518255,0.03050739553971665,0.00312499999990482,3.094879268772239,4800.0,2,123
49,True,Accumulate + Select,25.00531413092068,6.979789399650178,14.11691786719829,0.09612940783915695,1.992360689018125,0.029976000055013687,0.0030612244906113046,3.099229542288917,4900.0,2,123
50,True,Accumulate + Select,25.05485225296709,6.887930424993459,13.674568526612575,0.09311722199458594,1.9179144492605253,0.029464051861999612,0.003000000002038731,3.1038112630348085,5000.0,2,123
51,True,Accumulate + Select,25.10907932206778,6.7991739226516,13.816818547768584,0.09408587608944387,1.862709156610763,0.028970477336255233,0.002941176474342519,3.1098451667257905,5100.0,2,123
52,True,Accumulate + Select,25.152565343862044,6.7137353969756886,13.318995853890687,0.09069594344114451,1.9541773542401397,0.028494281421438106,0.0028846153914771186,3.1147272276371116,5200.0,2,123
53,True,Accumulate + Select,25.194483710393552,6.6349103132612735,13.176538603612979,0.08972587821582996,2.119818064173696,0.028034540514014748,0.002830188691613085,3.119274424578243,5300.0,2,123
54,True,Accumulate + Select,25.238192268005353,6.55848604708836,12.901506324111045,0.08785304092840714,2.026148258628857,0.027590396132827266,0.002777777801213363,3.1237673138864186,5400.0,2,123
55,True,Accumulate + Select,25.268692697839725,6.480251175084535,13.066318437163737,0.08897533199657921,2.058033830239906,0.027161049233075784,0.0027272727718630546,3.1265702476510344,5500.0,2,123
56,True,Accumulate + Select,25.317612166153193,6.400298169171803,12.966022857042036,0.08829236742763558,2.0104979735334676,0.02674575516174085,0.002678571515846602,3.1315893023596955,5600.0,2,123
57,True,Accumulate + Select,25.360245442292598,6.32717576182988,12.5697176333949,0.0855937198311029,1.9842251924527137,0.02634381917215924,0.0026315791275484507,3.1356167191907365,5700.0,2,123
58,True,Accumulate + Select,25.396974155304175,6.256351535331698,12.42880593004785,0.08463417903559871,1.9927771406454342,0.025954592448164275,0.002586207282077659,3.139432195116907,5800.0,2,123
59,True,Accumulate + Select,25.43223095858947,6.183397536859691,12.2567534522345,0.08346258457248383,1.9637964992875911,0.02557746874731607,0.0025423737213627487,3.14311048647275,5900.0,2,123
60,True,Accumulate + Select,25.459732800064888,6.117238513443539,12.148897631688309,0.08272813840947237,1.927218127128271,0.025211881502492064,0.002500001806610623,3.146591073355538,6000.0,2,123
61,True,Accumulate + Select,25.493668318563795,6.054225424355953,11.927432295086078,0.08122006618968992,2.0603129603800205,0.024857302674354393,0.002459020284375228,3.1499602927755843,6100.0,2,123
62,True,Accumulate + Select,25.51465549357292,5.988100269618931,12.20610288648891,0.08311767862788275,2.0094936547172253,0.024513241631390247,0.002419363063274189,3.1522843996625243,6200.0,2,123
63,True,Accumulate + Select,25.548584816946686,5.925250604162163,11.869928686957035,0.08082849432888707,2.0275871056082475,0.024179245227326906,0.002380969135119805,3.1554091024404807,6300.0,2,123
64,True,Accumulate + Select,25.58467751648058,5.864939014646624,11.877365508425306,0.08087913549933771,2.025398693998477,0.023854918082833427,0.0023437848138315033,3.1590863667589244,6400.0,2,123
65,True,Accumulate + Select,25.611491597806303,5.8066320863318674,11.707301170731814,0.07972107931236931,2.0294098806861935,0.023540070553018707,0.002307780525715967,3.1622935644204864,6500.0,2,123
66,True,Accumulate + Select,25.641359551750398,5.746462220478807,11.340947330473488,0.07722638620336822,2.083437858076167,0.023235421092972334,0.0022730305098124987,3.165486980545196,6600.0,2,123
67,True,Accumulate + Select,25.668708587265023,5.690323383112598,11.091745017786687,0.07552943854268986,2.1439877345966263,0.02322322623349743,0.0022716413088148387,3.183817049593397,6700.0,2,123
68,True,Accumulate + Select,25.70343819085638,5.636765315185925,11.495262553879634,0.07827719851141943,2.0200096413567135,0.5016147832975778,0.11056399042779162,1.4986974806468965,6800.0,2,123
69,True,Accumulate + Select,25.73165583956897,5.572044685437824,11.462295919890721,0.07805271162032772,1.9975428508765165,0.5020649283708276,0.11071369389161488,1.48303543790377,6900.0,2,123
70,True,Accumulate + Select,25.755621691832097,5.508743209107967,10.879177117454814,0.074081953576301,2.1093290309896155,0.5015769293266246,0.11055140642072707,1.4688360222975385,7000.0,2,123
71,True,Accumulate + Select,25.788530477529886,5.447326769235354,11.484712506602946,0.07820535777345355,1.9542702719118044,0.5008866234240968,0.11032205956672066,1.4575875389147903,7100.0,2,123
72,True,Accumulate + Select,25.814298440985112,5.387542634749719,10.722094258942834,0.07301229500688158,2.011447853071602,0.5001153339866289,0.1100661101016882,1.445913999970285,7200.0,2,123
73,True,Accumulate + Select,25.837732214247822,5.3288855215023725,10.6931907206408,0.07281547583944228,2.0766654237057365,0.49935836099441905,0.10981522224569877,1.4341428859108278,7300.0,2,123
74,True,Accumulate + Select,25.86094786219301,5.2714643314983824,10.621360478132045,0.07232634650241086,2.1586755455320703,0.4987123465123018,0.10960135306938631,1.4224806385928561,7400.0,2,123
75,True,Accumulate + Select,25.883290449086708,5.215953770971028,10.050051575540742,0.06843600818522405,2.070122659432687,0.49808454143995046,0.1093937264402627,1.4099915447257327,7500.0,2,123
76,True,Accumulate + Select,25.90903975707393,5.161681426928374,9.972417720060342,0.06790735904057314,2.069965250420224,0.4975046535803966,0.10920213419215966,1.3990160671879488,7600.0,2,123
77,True,Accumulate + Select,25.92801690052699,5.10795523923108,9.991617107428944,0.06803809761651307,2.077262096479979,0.4969912544546722,0.10903265942374257,1.3865934870150067,7700.0,2,123
78,True,Accumulate + Select,25.946398395085673,5.056034969208299,10.324299214458016,0.07030350244837774,2.1109428434719515,0.49657654022127345,0.1088958635555621,1.3743397842226648,7800.0,2,123
79,True,Accumulate + Select,25.97119968930993,5.00542551774136,9.849285019667738,0.06706888468762102,2.2333291098720838,0.49627546029951775,0.10879660806093078,1.363151540778647,7900.0,2,123
80,True,Accumulate + Select,25.99103876450556,4.955637342464895,9.849912850096256,0.06707315991029247,2.118697986681106,0.49610322466410944,0.10873984972577322,1.350650979482122,8000.0,2,123
81,True,Accumulate + Select,26.011895317146553,4.907374009670383,9.54396959441539,0.06498983377085789,2.1945685358255913,0.4960131000532889,0.10871015646004673,1.338081976389111,8100.0,2,123
82,True,Accumulate + Select,26.030994675953774,4.858984606670811,9.785933573160357,0.06663749186549099,2.198571179468698,0.49601108931562204,0.10870949403363014,1.3251104654167627,8200.0,2,123
83,True,Accumulate + Select,26.05427370422962,4.812089151794099,9.420790622039737,0.06415104432799931,2.152452998311755,0.49613674512946593,0.10875089478356001,1.3126264939520542,8300.0,2,123
84,True,Accumulate + Select,26.072321599727115,4.7661848513741285,9.79810312705886,0.06672036066312337,2.0473142248379546,0.4963554161081871,0.10882296197744586,1.2997279590392041,8400.0,2,123
85,True,Accumulate + Select,26.091066171731708,4.720627170479154,9.571605290447591,0.06517801954340327,2.136114808524689,0.49666890808984826,0.10892632368810684,1.286515182187785,8500.0,2,123
86,True,Accumulate + Select,26.109772197978447,4.677399017936252,9.453066849269655,0.0643708298817641,2.179385826362981,0.49707792782072113,0.10906126072076469,1.2730992496529554,8600.0,2,123
87,True,Accumulate + Select,26.125898555581358,4.634008741930712,9.07514591072434,0.061797370407526205,2.0794108418562214,0.4976781648272443,0.10925944265828189,1.2590503457984779,8700.0,2,123
88,True,Accumulate + Select,26.141637116406027,4.591701666121609,9.46621365057089,0.06446035326328091,2.071806314328031,0.4983820271996394,0.10949208413124478,1.2450742683531386,8800.0,2,123
89,True,Accumulate + Select,26.156858110350694,4.5500859568669165,9.486482190770307,0.06459837225478197,1.9992607386954786,0.4992265322134976,0.10977156091969809,1.2307029675575738,8900.0,2,123
90,True,Accumulate + Select,26.17485696331686,4.5091175286619976,9.014823334503514,0.06138660273245782,2.1365432291190016,0.5002110917294137,0.11009786955713541,1.216144729105518,9000.0,2,123
91,True,Accumulate + Select,26.195102761609515,4.46945218005531,9.127101381329588,0.06215116212539772,2.2066960543504175,0.5013423882373619,0.11047345383056502,1.2024421339698335,9100.0,2,123
92,True,Accumulate + Select,26.210909366289275,4.431175226010887,8.751700511705002,0.05959486310610775,2.1863014956467812,0.502576501798332,0.11088395914482727,1.1879067120363642,9200.0,2,123
93,True,Accumulate + Select,26.22812046268614,4.393069058922409,8.804876167759462,0.05995696369889022,2.168540220471412,0.5039176487466276,0.11133100008010594,1.1737284112470305,9300.0,2,123
94,True,Accumulate + Select,26.238666850648748,4.354804197241808,8.812167446251216,0.06000661379180684,2.057236120557998,0.5053859946774997,0.111821557593798,1.1580745067120601,9400.0,2,123
95,True,Accumulate + Select,26.252171043227175,4.3171468823588715,8.844193760399222,0.060224697557915034,2.2697164368525637,0.5070544435626047,0.11238038993792342,1.143064504785117,9500.0,2,123
96,True,Accumulate + Select,26.26357648487819,4.280882145828552,8.516859096539811,0.05799570623714314,2.1345590547728763,0.5087855235192908,0.11296180568788759,1.1275451124160971,9600.0,2,123
97,True,Accumulate + Select,26.27907222906486,4.245463133527938,8.42281048278481,0.057355280498790656,2.207083402749077,0.510561625801061,0.11356004934219098,1.1128193289833639,9700.0,2,123
98,True,Accumulate + Select,26.29695323111242,4.211332432603125,8.611175411368519,0.058637954890804436,2.1721599053114575,0.5123297488057748,0.11415732886821688,1.0993999459493962,9800.0,2,123
99,True,Accumulate + Select,26.309545810312958,4.176606415187602,8.061970663570875,0.05489813521593663,2.1945858855311053,0.5142047792847053,0.1147926088074344,1.0846213160013622,9900.0,2,123
100,True,Accumulate + Select,26.323525144846492,4.142991253656245,8.302761628687808,0.056537805653029266,2.19774156179085,0.5162642907634202,0.11549264072387681,1.070461967674848,10000.0,2,123
101,True,Accumulate + Select,26.33509875543362,4.109658614322728,8.095041341041723,0.055123330593002555,2.160614653118703,0.5184231471646832,0.11622897850401019,1.0557902492708593,10100.0,2,123
102,True,Accumulate + Select,26.3467111144461,4.077190109993685,7.799452423613776,0.05311051250739267,2.1706234304827117,0.5206468294482498,0.11699015704098706,1.0413870443247855,10200.0,2,123
103,True,Accumulate + Select,26.360014952528797,4.044759590300964,7.830896405995823,0.05332463087479598,2.1192402654687887,0.5229397115497606,0.11777793956930155,1.0268211760556436,10300.0,2,123
104,True,Accumulate + Select,26.37010368021827,4.013389741876761,7.798710828311588,0.053105462600753967,2.3298976152626523,0.5252698012964773,0.11858155609581299,1.0118372961234268,10400.0,2,123
105,True,Accumulate + Select,26.382136952024435,3.9818509686046903,8.088458798744549,0.05507850665203638,2.096633816008741,0.5277212484982217,0.11943036534519864,0.9971602885714406,10500.0,2,123
106,True,Accumulate + Select,26.394279099695783,3.9509873766669212,8.043949076416563,0.05477541689188297,2.1160581103526246,0.5303026294914788,0.12032788594265104,0.9829100573634034,10600.0,2,123
107,True,Accumulate + Select,26.407978288655254,3.9208881760446976,8.041957376978512,0.05476185437849481,2.143217457779287,0.5329434355755517,0.12125004388536217,0.9694243618280601,10700.0,2,123
108,True,Accumulate + Select,26.420358042659323,3.891009448107753,7.536112322286915,0.051317293318969434,2.3021279276787254,0.5356355840037293,0.12219429657398441,0.9556555544142351,10800.0,2,123
109,True,Accumulate + Select,26.432305552375073,3.862479048346296,7.653640747397735,0.05211760525791069,2.177775038186747,0.5383686805417104,0.12315724332509805,0.941689411194737,10900.0,2,123
110,True,Accumulate + Select,26.445551430979208,3.8336482228754,7.453854828876445,0.050757159428111064,2.219285532890444,0.5411217548903886,0.12413167171667192,0.9280568614905478,11000.0,2,123
111,True,Accumulate + Select,26.455393846165727,3.8056603762647168,7.774592417466558,0.05294122784537996,2.172803692219895,0.5439198095728404,0.12512662171096423,0.9139824131915516,11100.0,2,123
112,True,Accumulate + Select,26.464302255583515,3.777926029396709,7.137560115375132,0.04860334484920884,2.2200784938959846,0.546749371186959,0.12613752622118804,0.9003458567891857,11200.0,2,123
113,True,Accumulate + Select,26.474244575092424,3.750258860024632,7.52070099601012,0.0512123496136266,2.229145240863132,0.549711970167072,0.12720111846770651,0.8867889410579141,11300.0,2,123
114,True,Accumulate + Select,26.482667676326436,3.72297150789173,7.301568337182886,0.04972016180539203,2.2087937042828156,0.5528507489993012,0.12833376207437122,0.8727169721142788,11400.0,2,123
115,True,Accumulate + Select,26.493246859034105,3.6967946564238368,7.80509124058654,0.05314891013367374,2.102179684183361,0.5560178215125803,0.12948271540731116,0.8596319652782578,11500.0,2,123
116,True,Accumulate + Select,26.503095779486017,3.6704346618794976,7.136152171525409,0.04859375743006977,2.165723611213057,0.5592309723731079,0.13065470001010843,0.8461694604435998,11600.0,2,123
117,True,Accumulate + Select,26.511751320505677,3.6443627027508407,7.050069692688879,0.04800757723169162,2.180753429181735,0.5625641088748842,0.13187722927425663,0.8330887368609038,11700.0,2,123
118,True,Accumulate + Select,26.52005212622186,3.61945588557022,7.174145943794967,0.04885247671031258,2.188210100095827,0.5659017140603516,0.13310837869265688,0.8203403858219793,11800.0,2,123
119,True,Accumulate + Select,26.529145584182917,3.5947103047676445,7.179484440134338,0.04888882929780249,2.1823881746663405,0.5692541884571077,0.13435211077259662,0.807807526095002,11900.0,2,123
120,True,Accumulate + Select,26.538250088212678,3.569504911203126,7.012477150725193,0.047751590136481926,2.146669360040156,0.5727285873056313,0.13564865335289664,0.7949146983357147,12000.0,2,123
121,True,Accumulate + Select,26.54781758201883,3.5453875864913704,6.822039493276451,0.046454801459729717,2.0295370540682103,0.5762139368414972,0.13695710780893905,0.7826023999233441,12100.0,2,123
122,True,Accumulate + Select,26.55696751738294,3.521585268656511,7.0277367988969885,0.047855500987022265,2.1439170169199118,0.5796950094634118,0.1382718582542582,0.7704471268339302,12200.0,2,123
123,True,Accumulate + Select,26.56451650657263,3.497807651192075,6.841977745447139,0.04659057134891845,2.111592539839285,0.5831809676144547,0.13959644752744527,0.7587212576109132,12300.0,2,123
124,True,Accumulate + Select,26.57301611558639,3.4745492635163533,6.860253604494018,0.04671502114202878,2.177906579309089,0.5866676926524815,0.14092941219862196,0.7470080875427154,12400.0,2,123
125,True,Accumulate + Select,26.580037642356274,3.4509724152909698,6.814434337652869,0.04640301401480037,2.2866184100000737,0.5902783570371715,0.1423183691897281,0.7354901942850541,12500.0,2,123
126,True,Accumulate + Select,26.5890943951075,3.4281516554717166,7.188827114561938,0.04895244840848996,2.169403334659243,0.593972569320529,0.1437486314318922,0.7244784917791112,12600.0,2,123
127,True,Accumulate + Select,26.596566322105314,3.4057709581649,6.873152616348059,0.04680285719681808,2.2747550699277896,0.5976568454672693,0.1451843834555881,0.7136479907668024,12700.0,2,123
128,True,Accumulate + Select,26.606040289055635,3.3834165005931127,6.845705115099995,0.04661595294006302,2.1843515884577167,0.6013670151278397,0.1466397564965766,0.7031790276103435,12800.0,2,123
129,True,Accumulate + Select,26.61506512315636,3.3613519638453035,6.8007524802033466,0.04630984715875325,2.0940242802876035,0.605165962012534,0.1481399794406503,0.6929747386499885,12900.0,2,123
130,True,Accumulate + Select,26.6232239834421,3.339793096116061,6.789909084622053,0.046236008860195354,2.093678415547144,0.6090216666540469,0.149673113668322,0.6824342998249514,13000.0,2,123
131,True,Accumulate + Select,26.631774923638766,3.318573756573416,6.745376738868863,0.04593276504541836,2.0398260546658644,0.6128649776058396,0.1512119738263651,0.6720953591510632,13100.0,2,123
132,True,Accumulate + Select,26.641580767990867,3.297782113556045,6.641052652167327,0.04522236828797304,2.121497692663949,0.6166940455848946,0.15275584137418807,0.6625847276316078,13200.0,2,123
133,True,Accumulate + Select,26.65179054132747,3.2770271611936566,6.5220735734774555,0.04441217809721749,2.2089839036318457,0.6205914488013219,0.15433837957611776,0.653199094853234,13300.0,2,123
134,True,Accumulate + Select,26.65716461224181,3.2567552611068398,6.581320328832893,0.04481561995062256,2.090859109709065,0.6245424104696587,0.1559542630627677,0.643164957085802,13400.0,2,123
135,True,Accumulate + Select,26.665214629574873,3.236662941984583,6.3683752517342676,0.043365566592210754,2.256696766341268,0.6285793554676569,0.15761753563091271,0.6339508282666015,13500.0,2,123
136,True,Accumulate + Select,26.671821394317398,3.216691084079522,6.484762168883741,0.044158105412019324,2.213569002032803,0.6327881083163689,0.15936493403421473,0.6242068094470591,13600.0,2,123
137,True,Accumulate + Select,26.677514008647755,3.197122518894256,6.649074522329269,0.04527699335809701,2.089111134927806,0.6371302872728705,0.1611822089152816,0.6141761702879995,13700.0,2,123
138,True,Accumulate + Select,26.686233625077833,3.177506403677634,6.285578698048242,0.04280176196064494,2.145443939855202,0.6416370751416317,0.16308416874591547,0.6046050281333978,13800.0,2,123
139,True,Accumulate + Select,26.69355677395779,3.157975757008879,6.563187754111973,0.04469214585472437,2.213576905142031,0.6463264038092144,0.16508052026955947,0.594822594253943,13900.0,2,123
140,True,Accumulate + Select,26.700293846189997,3.138823813528127,6.370258889073902,0.04337839325478301,2.185760519195125,0.651166459073881,0.16715992055205942,0.5848981531604189,14000.0,2,123
141,True,Accumulate + Select,26.705937259977524,3.120310451949137,6.32097999058165,0.04304282770318104,2.248698760508179,0.6560930233365692,0.16929653819609833,0.5748813709021193,14100.0,2,123
142,True,Accumulate + Select,26.71379025770546,3.1014549504095497,6.203505192346475,0.04224288093742054,2.1261832198924027,0.6611845844484437,0.1715263699597247,0.5651065050270181,14200.0,2,123
143,True,Accumulate + Select,26.71981891950973,3.0832294233293824,5.954908768749698,0.04055005908947186,2.232509175407334,0.6664914797696626,0.1738743986705905,0.5550558787153087,14300.0,2,123
144,True,Accumulate + Select,26.72715558369842,3.065164629726997,6.188288321441001,0.042139261379449816,2.2142841721847324,0.6720249436752204,0.17634918742823993,0.5453818581487418,14400.0,2,123
145,True,Accumulate + Select,26.735202405651208,3.047323390268382,6.255479643933961,0.042596801906634306,2.1636158888279375,0.6777995496684786,0.17896133313038712,0.5354440355435637,14500.0,2,123
146,True,Accumulate + Select,26.740765014742603,3.0297035011577376,6.074228010857009,0.041362565629177984,2.188569894630265,0.6838482998447214,0.1817305757608814,0.5253983132233048,14600.0,2,123
147,True,Accumulate + Select,26.74812600032474,3.0121725790074807,5.8795119324456655,0.04003664296740931,2.202173153009972,0.6902652513951151,0.18470634566745534,0.515244688328636,14700.0,2,123
148,True,Accumulate + Select,26.75483835191207,2.995115398666579,5.945129660138405,0.040483468072307786,2.1422888724878346,0.6970484189956534,0.18789560791159832,0.5048007596010614,14800.0,2,123
149,True,Accumulate + Select,26.762064880398544,2.9779554715424665,5.843432232336239,0.03979095759620003,2.142999586989471,0.704308244302868,0.19136020361380185,0.49427687230617673,14900.0,2,123
150,True,Accumulate + Select,26.767719912926065,2.961005109598701,6.111271505311483,0.04161481397543179,2.2093023000174092,0.7121133353404053,0.1951460576862999,0.48326867239381566,15000.0,2,123
151,True,Accumulate + Select,26.774080183707877,2.9443372103145924,5.9167601002580135,0.04029028504059969,2.2932910830718183,0.7204894880958124,0.19928186020230101,0.4718652949843575,15100.0,2,123
152,True,Accumulate + Select,26.78010960238342,2.927828957735656,5.9852825224811195,0.04075688971549954,2.1809351437925812,0.7295608829404453,0.20384964175308232,0.4601046221313871,15200.0,2,123
153,True,Accumulate + Select,26.78667344506775,2.9114113119235605,5.798617281117103,0.039485789374385384,2.309945836268862,0.7394312658233395,0.2089293627612028,0.447767176037917,15300.0,2,123
154,True,Accumulate + Select,26.792357323109524,2.895323760091083,5.938249944896771,0.04043662052679525,2.2221493063606426,0.7502212414101611,0.21461992225219753,0.4347746801079563,15400.0,2,123
155,True,Accumulate + Select,26.799433916067855,2.8793981296503497,5.638845080029386,0.038397817677999144,2.179910658229993,0.7621496109657487,0.22108823236580763,0.42172264558924183,15500.0,2,123
156,True,Accumulate + Select,26.804157677736278,2.8633718924530958,5.789253310306718,0.03942202524559371,2.1420709824548494,0.7754976482709088,0.22856287556563915,0.407023150326723,15600.0,2,123
157,True,Accumulate + Select,26.810124128813154,2.847647852189212,5.840362566020214,0.039770054647836985,2.1919746810139906,0.8082079196390882,0.24807195512129407,0.3764945744334254,15700.0,2,123
158,True,Accumulate + Select,26.81529576558312,2.8319463258205917,5.512407575270373,0.03753683919987213,2.1573440709590255,0.9015468605381998,0.3174138029631437,0.3022411798869253,15800.0,2,123
159,True,Accumulate + Select,26.82095325770497,2.8162211036740183,5.485676748126643,0.03735481514840772,2.2590551420740663,0.9151993652848556,0.33026742401268494,0.2906978896397237,15900.0,2,123
160,True,Accumulate + Select,26.8267874307532,2.8006207522485287,5.442870805177781,0.03706332730478769,2.1382708976327836,0.921761311185478,0.3368386257385053,0.2845392418178097,16000.0,2,123
161,True,Accumulate + Select,26.832890273780528,2.785025442646746,5.4838968083885975,0.0373426946165312,2.1951940257663978,0.9271170407723291,0.342421451383859,0.27956574217974456,16100.0,2,123
162,True,Accumulate + Select,26.838414648064507,2.7697127239130817,5.521171586873905,0.03759651789558095,2.123161402934878,0.9310459749287924,0.3466558951381799,0.27533075748644054,16200.0,2,123
163,True,Accumulate + Select,26.84348127457806,2.754370988680062,5.72250481869885,0.03896750018333983,2.226445527778343,0.9336731313749448,0.3495584900750017,0.27197891344762615,16300.0,2,123
164,True,Accumulate + Select,26.849128465275456,2.7393468131559273,5.559486504890467,0.03785742402360314,2.1971307985481467,0.9352862409386477,0.35137068635762014,0.26955904769308836,16400.0,2,123
165,True,Accumulate + Select,26.85431437256385,2.7243941825718414,5.320715044209333,0.03623150543853431,2.2969203242230565,0.9361957056004833,0.35240283765693275,0.2674744484484175,16500.0,2,123
166,True,Accumulate + Select,26.860774173331844,2.709766946927307,5.475821537959135,0.037287705916318595,2.2123204501252354,0.9366196882318539,0.35288664709672973,0.26616813125683836,16600.0,2,123
167,True,Accumulate + Select,26.86579707322644,2.6951244268094956,5.118150622451481,0.0348521393406335,2.1244417868523824,0.9367317691553563,0.35301482619614255,0.2646448750071976,16700.0,2,123
168,True,Accumulate + Select,26.871386467620077,2.6807060229858637,5.257280623884584,0.03579954760469246,2.23294724353065,0.9366435723660872,0.35291395175809365,0.2634595440328285,16800.0,2,123
169,True,Accumulate + Select,26.8765906216577,2.66640664610808,5.189019104295758,0.03533471955100504,2.241683045213902,0.936400496399207,0.3526363150751492,0.2624343283379918,16900.0,2,123
170,True,Accumulate + Select,26.880413034614968,2.652187240995712,5.079540342233057,0.03458922193834945,2.4323663588051105,0.9360191156844634,0.3522018261583709,0.26118071758207057,17000.0,2,123
171,True,Accumulate + Select,26.88560586923031,2.63820513099904,5.219195534301714,0.03554020649755112,2.281037613775361,0.9355449212794634,0.35166348547316084,0.26043097674007126,17100.0,2,123
172,True,Accumulate + Select,26.889462847301346,2.624464183093821,5.296774760344649,0.036068483642058405,2.1484905790936533,0.9349732719350997,0.35101725640637316,0.25943416359691607,17200.0,2,123
173,True,Accumulate + Select,26.89467263855398,2.6108058078777,5.031285987228852,0.03426063303418129,2.2350229275042643,0.9343389123778826,0.3503036097373181,0.25879757185257,17300.0,2,123
174,True,Accumulate + Select,26.899979642171395,2.5972472371534154,4.967502953320251,0.03382630130982766,2.1979771185512402,0.9336594158033557,0.3495431813901787,0.258164745179938,17400.0,2,123
175,True,Accumulate + Select,26.904296721731942,2.583916947028767,5.14324483126601,0.035023018809950096,2.210904305632397,0.9329130547554123,0.3487126165770025,0.25737637835434685,17500.0,2,123
176,True,Accumulate + Select,26.908425162160512,2.570691885501959,5.10746663725767,0.0347793865499957,2.2708002176449806,0.9321146033802312,0.3478294344376891,0.256857023503686,17600.0,2,123
177,True,Accumulate + Select,26.91382725003424,2.5575264867026704,5.183376317970199,0.03529629489534424,2.2809175580861267,0.9312827939724236,0.3469151350179566,0.25634829329205755,17700.0,2,123
178,True,Accumulate + Select,26.91826473703093,2.5446279317882308,5.122332436757991,0.03488061548087599,2.192547686832134,0.9303954958198408,0.3459462297362379,0.2557967652550372,17800.0,2,123
179,True,Accumulate + Select,26.922490627032893,2.5317290805943324,4.995439420239035,0.03401653518717145,2.2732506989300525,0.9294762186663323,0.3449492276378591,0.25511235719367586,17900.0,2,123
180,True,Accumulate + Select,26.927398692979004,2.5190569714755817,5.043983837404277,0.03434709927487751,2.1909430451320464,0.9285194524555896,0.3439188000453601,0.25483255136305905,18000.0,2,123
181,True,Accumulate + Select,26.9322718783132,2.506332899615437,4.956803062128958,0.03375344020701199,2.1958281331369327,0.9275552354351262,0.3428876670453788,0.25437174010707525,18100.0,2,123
182,True,Accumulate + Select,26.936934425795545,2.4938349447891306,5.136827052794726,0.03497931683123979,2.250009458852633,0.926546835064422,0.34181698907063607,0.2539504747902272,18200.0,2,123
183,True,Accumulate + Select,26.940300784398598,2.481519020349979,4.869660712698625,0.0331600428006337,2.269763354200253,0.9255022531184892,0.34071603439398007,0.2534358176392826,18300.0,2,123
184,True,Accumulate + Select,26.944672323253922,2.469252260202374,4.813525519122322,0.03277778918350634,2.32617798793422,0.9244376982149156,0.33960237643591157,0.25303509928018253,18400.0,2,123
185,True,Accumulate + Select,26.948456335617383,2.45718982201108,4.906754559328396,0.03341263402093695,2.181317933314975,0.9233480681792442,0.3384710328353537,0.2526048460449624,18500.0,2,123
186,True,Accumulate + Select,26.95283050807524,2.4451936182062823,4.963384633651322,0.03379825753746951,2.2683997977666723,0.9222477177173708,0.3373371499376928,0.2524570225147358,18600.0,2,123
187,True,Accumulate + Select,26.957013261885862,2.433163635185432,4.85086605735078,0.03303206025471782,2.207506631847791,0.9211524338166035,0.336216885032607,0.2520955555502493,18700.0,2,123
188,True,Accumulate + Select,26.960322905440016,2.4213327296166933,4.869193440242051,0.0331568609003795,2.235596579691399,0.9200353831226569,0.33508280885772646,0.25174040263638875,18800.0,2,123
189,True,Accumulate + Select,26.9648974886728,2.4097297874872954,4.924887235763736,0.03353610880946132,2.176848204552563,0.91888476612083,0.3339233952587065,0.2514385316314457,18900.0,2,123
190,True,Accumulate + Select,26.968324421038457,2.398229574439811,4.658963381697049,0.03172529550997087,2.1699605313788304,0.9177146285733714,0.3327532205700075,0.25103547010989447,19000.0,2,123
191,True,Accumulate + Select,26.972146511578586,2.386769110613789,4.733312063113753,0.03223157420234867,2.2675887954546368,0.9165307631639394,0.33157826993185624,0.25071975542436825,19100.0,2,123
192,True,Accumulate + Select,26.97555824787217,2.3755313380490457,4.852824908671043,0.0330453990882531,2.1880988428081074,0.9153309663871038,0.3303965042377571,0.25034220734813284,19200.0,2,123
193,True,Accumulate + Select,26.978662457197032,2.3643548058039534,4.829795768215673,0.03288858173932148,2.09501880121574,0.9141097774356844,0.32920277492474637,0.24996142767711158,19300.0,2,123
194,True,Accumulate + Select,26.98202343481377,2.3532681169842773,4.797676140995878,0.03266986255616127,2.2396783858998046,0.912892604609149,0.3280219249134923,0.24967582521428439,19400.0,2,123
195,True,Accumulate + Select,26.987116941863626,2.342352229002874,4.6912816553676535,0.031945367379734864,2.2062846457896934,0.9116574563393562,0.3268325858264358,0.2496067221655526,19500.0,2,123
196,True,Accumulate + Select,26.99053553808907,2.3314672975990494,4.760080430491627,0.03241385388471723,2.332474139056461,0.9104091020597201,0.3256395042414432,0.2493280942515416,19600.0,2,123
197,True,Accumulate + Select,26.994249534655168,2.3207658714008175,4.66474707668582,0.03176467968572532,2.2096318385728217,0.9091464274194148,0.32444172676170946,0.2490910056002744,19700.0,2,123
198,True,Accumulate + Select,26.998677207694072,2.310081809550458,4.740532499587113,0.03228074189525826,2.3202680117119234,0.9078917802613385,0.32326033910885726,0.2490232282532397,19800.0,2,123
199,True,Accumulate + Select,27.002537734933103,2.2994629833804074,4.4306954992616365,0.03017090123116011,2.198088672344891,0.9066291833036426,0.32208011975434114,0.24891047365546462,19900.0,2,123
200,True,Accumulate + Select,27.005962075930096,2.2889212783396395,4.624254480646943,0.03148894461977782,2.1620987042999227,0.905350127620763,0.32089319216574924,0.2486872984252302,20000.0,2,123
0,False,Replace,3.8518598887744724e-33,57.34900974671953,115.48694624984084,1.001509536707951,0.06105092201059935,1.0,0.5,1.7999999999995675,,3,456
1,False,Replace,0.23498425667408399,58.43494577990514,118.23567665215761,1.0253466871492123,0.16549322147108364,0.9975811518945135,0.47105452954989824,2.5459280985201436,,3,456
2,False,Replace,0.22859172210415912,55.74123573561709,110.73823846108724,0.9603284656699537,0.20046007839581859,0.9987128942752492,0.47888260953771783,2.5408621909274114,,3,456
3,False,Replace,1.7106947859034598,50.17234192224934,101.09253617340737,0.8766803725905993,0.3796781931427158,0.9894212830535095,0.43952410460791846,2.538071238006531,,3,456
4,False,Replace,0.8658692114573056,47.42493600638648,92.65449196731176,0.8035051608633286,0.39347561630999656,0.9749661166156179,0.40712490871521223,2.821118333563578,,3,456
5,False,Replace,1.724713534948699,41.57623119934205,85.21378162008943,0.7389788865560716,0.4792806198687692,0.9783147912770431,0.4135257892407751,2.931564298888535,,3,456
6,False,Replace,4.329701328204599,44.662645079249145,88.11036891936742,0.7640982606354431,0.6701941939752367,0.9784540676150987,0.4138025335133817,5.07090828283153,,3,456
7,False,Replace,1.9053509435075577,42.145578960525164,84.66443732826087,0.7342149408023051,0.47211279065931483,0.9952637487601065,0.4595072531292854,3.7638807036254662,,3,456
8,False,Replace,1.8457751783078118,44.56757088914347,88.27203622046817,0.7655002489041082,0.4765164117713363,0.9997571566206666,0.4908262123710962,3.8055391773904836,,3,456
9,False,Replace,1.5381967398494534,51.94133055943847,101.4820925322318,0.8800586280654983,0.4993201169401943,0.9953656636906473,0.459944812472252,3.239626270053568,,3,456
10,False,Replace,1.3682578091120563,66.73789858910015,134.40997476304946,1.1656111441604124,0.4955113133547981,0.9340566065517433,0.3499871811693936,3.4703474742153047,,3,456
11,False,Replace,1.0066953167650738,62.83176961283971,125.503305160563,1.0883719856506748,0.4825270757598766,0.9506720906471657,0.36999999734328,3.5966444368603456,,3,456
12,False,Replace,2.0027737312732725,57.734789204480265,114.49995267609478,0.9929502708439312,0.5451698175848703,0.9647995467811448,0.38999999732860885,3.1943525772396195,,3,456
13,False,Replace,1.9745744449026426,55.48088443614709,112.94380363164683,0.9794552555269448,0.5664791923036092,0.9647995485050853,0.38999999999999685,4.31194436917673,,3,456
14,False,Replace,1.3021916087147873,63.67338271628404,131.643419425488,1.1416194148405983,0.5000513919733446,0.9709505959100005,0.400000002487906,4.5688106587297375,,3,456
15,False,Replace,0.8177160540633286,68.44368777916799,135.30634307609213,1.173384502475498,0.4623776691106232,0.9647995485050873,0.39,4.372089888355115,,3,456
16,False,Replace,2.151114536102152,59.004309245816465,119.74643627322908,1.0384480827381397,0.5465791296418157,0.9814538950336537,0.42,5.8811887611942675,,3,456
17,False,Replace,2.557517982446523,48.537479822338675,94.53692401271978,0.8198297214037229,0.5756646588862839,0.9580420222262997,0.38,5.653389190869501,,3,456
18,False,Replace,4.799369504244886,48.104143281107476,96.35150649054093,0.8355658865348841,0.7111723865745362,0.8931734583778568,0.31000000000000005,6.818752845147789,,3,456
19,False,Replace,2.288702495716497,44.51914841347721,88.75991073588304,0.7697311251699653,0.5661173091057473,0.9426831892554923,0.36,6.115371944841992,,3,456
20,False,Replace,2.179985950504048,46.95677553115452,97.75772181057039,0.8477606678448649,0.5985585169976382,0.8812908992306927,0.30000000000000004,6.653161407264353,,3,456
21,False,Replace,2.8540600397338625,49.89677155875131,99.15883760830157,0.8599112257999106,0.6816546334010279,0.8414646362081756,0.27,7.310373636435207,,3,456
22,False,Replace,4.23863120641685,48.876398298510516,98.61828316257579,0.8552235061044478,0.802564643611524,0.7601675029619656,0.22000000000000003,6.9918296039296814,,3,456
23,False,Replace,2.793760672589639,46.17333138257369,88.34458799428849,0.7661294221201783,0.7130007387928967,0.8267463724926178,0.26,7.113932187979436,,3,456
24,False,Replace,2.6611561049365453,37.820155958155965,74.5295944350087,0.6463249918493702,0.7040551829369318,0.8812908992306927,0.30000000000000004,6.863671655763686,,3,456
25,False,Replace,4.469786981367277,40.35979912780996,79.34178426032865,0.6880565828127388,0.7900642650222962,0.7780113035465377,0.23000000000000004,7.722888336355828,,3,456
26,False,Replace,4.716671870469319,41.45439477212339,83.19434307431895,0.7214661976500077,0.8527187907315179,0.7950402793845223,0.24000000000000005,8.22833373704097,,3,456
27,False,Replace,4.316769151130492,38.751566396729245,80.18627637597706,0.6953800677169708,0.7878608194640159,0.8554508105601307,0.28,7.3933455013372,,3,456
28,False,Replace,5.03622680056482,35.757055961517466,73.15726213453132,0.6344240460620678,0.8370263319860229,0.8414646362081756,0.27,7.459337772598416,,3,456
29,False,Replace,5.425314798269781,30.048356244193457,60.459071666021764,0.5243045973614849,0.9172551443853696,0.7950402793845223,0.24000000000000005,7.048662774208788,,3,456
30,False,Replace,5.385737602916763,30.802384912302607,61.78490859755562,0.5358023325962374,0.915362325538611,0.7780113035465377,0.23000000000000004,7.23194727306619,,3,456
31,False,Replace,8.41451375058439,30.992871146619756,61.8557917455077,0.5364170353914115,1.0282203722780623,0.584238811642856,0.14,8.136454839372746,,3,456
32,False,Replace,7.309440226622764,30.402469350149076,60.16868070197496,0.5217863099765409,1.0208178339861904,0.6098403047164005,0.15000000000000002,8.176523551016244,,3,456
33,False,Replace,5.1825729800700415,28.024400785653572,55.941579691259676,0.4851286433541973,0.962288653350498,0.6098403047164005,0.15000000000000002,7.943170873245344,,3,456
34,False,Replace,4.647033495367989,31.55927371802597,63.68463080711947,0.552276834449097,0.8842024393670453,0.7219280948873623,0.20000000000000004,7.976473709262215,,3,456
35,False,Replace,5.190876666845261,27.375309663075647,54.962139477654866,0.4766348806700719,0.9481406608226746,0.6343095546405662,0.16000000000000003,7.982701405701036,,3,456
36,False,Replace,5.673650333024998,25.0734780221039,49.80074261480142,0.4318749459004802,1.0164226880317138,0.7014714598838974,0.19000000000000003,8.335337935160112,,3,456
37,False,Replace,4.5084627461880205,24.104997305373885,48.1469153160802,0.4175328590627694,1.0263675394892262,0.7414827399312738,0.21000000000000005,8.208886946490738,,3,456
38,False,Replace,5.549523007757242,24.273166752564244,48.13229862563935,0.41740610227036146,1.0381859729835439,0.7014714598838974,0.19000000000000003,8.323149309089453,,3,456
39,False,Replace,5.920579539153038,24.82331715788304,49.78221526619085,0.4317142756522319,1.0862615846029662,0.7014714598838974,0.19000000000000003,8.527081313537304,,3,456
40,False,Replace,7.067982333304002,23.914687785810628,47.02620590236359,0.40781400163201365,1.1203625827584847,0.584238811642856,0.14,8.622694264700808,,3,456
41,False,Replace,8.2811761482924,22.358926332879562,44.70465807706197,0.3876814034253451,1.170388693715278,0.499915958164528,0.11000000000000001,8.822831728188676,,3,456
42,False,Replace,10.647045856293174,21.345797154098342,42.26869157903057,0.3665565598122698,1.2254183446609765,0.3659236509002232,0.07000000000000002,9.056325488624598,,3,456
43,False,Replace,10.786298447475115,20.46050621476827,42.11554326053636,0.36522844865786347,1.30200159114177,0.3659236509002232,0.07000000000000002,8.950873333834343,,3,456
44,False,Replace,10.681811553580637,18.780278057456883,38.11968766234685,0.33057615574644567,1.281653703134325,0.4021791902022729,0.08000000000000002,8.886628414463138,,3,456
45,False,Replace,10.767296715765173,19.231111972306767,38.595552215126226,0.33470288091552913,1.2076978741125624,0.4689955935892813,0.10000000000000002,9.063432730609465,,3,456
46,False,Replace,9.717727490847404,19.885605851477656,40.42595121888052,0.3505762078824995,1.2945173488458306,0.5293608652873645,0.12000000000000002,9.02826252324442,,3,456
47,False,Replace,8.755242213424001,19.71659297929701,40.170577123142564,0.34836158882281437,1.2618945690754233,0.584238811642856,0.14,8.999247276392216,,3,456
48,False,Replace,8.80686699328167,18.704171715693697,37.754602817199505,0.3274101186661023,1.2317981339992738,0.557438185027989,0.13,8.914502006709005,,3,456
49,False,Replace,11.359422118521158,17.163632779711584,34.37062374532598,0.29806405469477165,1.3738448576384958,0.499915958164528,0.11000000000000001,9.074551479395351,,3,456
50,False,Replace,12.163069467686245,16.690342448458956,34.02954433144387,0.2951061941151119,1.3915069101260826,0.5293608652873645,0.12000000000000002,9.235114806623333,,3,456
51,False,Replace,19.039756701901773,12.925929818541032,25.436346191499986,0.220585478420054,1.7044733050528782,0.3274449191544763,0.06000000000000002,9.481798522575279,,3,456
52,False,Replace,20.29403837197248,14.691121558382038,29.3794290076138,0.25478012268594363,1.6444361698075962,0.3659236509002232,0.07000000000000002,9.61433576749596,,3,456
53,False,Replace,23.10491279862185,13.526451918373402,27.17449407902845,0.2356587983241287,1.9001772631454128,0.28639695711595625,0.05000000000000002,9.614241785453254,,3,456
54,False,Replace,23.59544836746319,13.057751150266746,25.58436102161895,0.22186907166372374,1.6604177723538043,0.19439185783157625,0.030000000000000023,9.496724590176393,,3,456
55,False,Replace,23.57780643526553,12.85556200840537,25.450693474969867,0.22070989889948942,1.6330254366986559,0.19439185783157625,0.030000000000000023,9.344141454609591,,3,456
56,False,Replace,22.18501139808248,13.392806902695517,26.654694405873435,0.23115106522747028,1.6463347145831593,0.19439185783157625,0.030000000000000023,9.241994841499565,,3,456
57,False,Replace,24.494056710375464,14.274688431303465,27.61858271958358,0.23950996092823337,1.7100532724208328,0.28639695711595625,0.05000000000000002,9.493258654144105,,3,456
58,False,Replace,20.604877806085614,15.130878249157531,31.24884648356201,0.2709918201205636,1.527718847390048,0.3274449191544763,0.06000000000000002,9.298716293497412,,3,456
59,False,Replace,22.103633576465132,12.749068304547599,25.644475124912084,0.22239038467522615,1.5977586759345637,0.14144054254182079,0.02000000000000002,9.358302561645363,,3,456
60,False,Replace,21.895111055560257,9.995891637886798,19.667049334536294,0.17055379942969964,1.743888977956285,0.0807931358959113,0.010000000000000023,9.348382515605884,,3,456
61,False,Replace,17.707891443602236,11.606652101693179,23.590751146013087,0.20458037049246758,1.503417685525808,0.2422921890824149,0.040000000000000015,9.289599084179503,,3,456
62,False,Replace,23.180234058834404,9.781576715266336,19.98198832192801,0.17328496870550325,1.7842463821414816,3.9863137138648344e-11,2.2204460492503132e-17,5.733658171012734,,3,456
63,False,Replace,24.393371121333708,7.9399168806224285,16.42388981252643,0.1424289308118098,1.8049669926588867,3.9863137138648344e-11,2.2204460492503132e-17,5.763304574821273,,3,456
64,False,Replace,26.284523816060652,9.29376492168495,18.8395001403127,0.16337724452870753,1.924906171483789,3.9863137138648344e-11,2.2204460492503132e-17,5.969531556821349,,3,456
65,False,Replace,27.631445909618247,9.832273036546392,19.092198060049412,0.16556865563395115,1.7551754210087938,3.9863137138648344e-11,2.2204460492503132e-17,6.047916585149314,,3,456
66,False,Replace,24.242365761348598,7.620589091102313,15.301280529001774,0.1326935975992185,1.7532674859469033,3.9863137138648344e-11,2.2204460492503132e-17,5.837236393661282,,3,456
67,False,Replace,24.494275537570626,7.681583640434343,15.449409617972961,0.1339781817023219,1.9542709496025097,3.9863137138648344e-11,2.2204460492503132e-17,5.8897117378436405,,3,456
68,False,Replace,23.258266522867793,6.914302848686957,14.019156452971561,0.12157494279810155,1.846172666746011,3.9863137138648344e-11,2.2204460492503132e-17,5.8021054863362,,3,456
69,False,Replace,24.38560353540755,7.608171555255023,15.813194519194784,0.1371329455930895,1.8813538039998496,3.9863137138648344e-11,2.2204460492503132e-17,5.88416143573569,,3,456
70,False,Replace,24.955856583449936,6.869035721042333,13.683530095755138,0.11866437144404031,1.9199224732953994,3.9863137138648344e-11,2.2204460492503132e-17,5.944681743282903,,3,456
71,False,Replace,22.570677661923845,7.41645826884179,14.67162153877459,0.12723315809446112,1.862423557361213,3.9863137138648344e-11,2.2204460492503132e-17,5.794181707472793,,3,456
72,False,Replace,23.066229574437248,7.2616607085371605,14.599793636815646,0.12661026233741182,1.8015227273853438,3.9863137138648344e-11,2.2204460492503132e-17,5.8284226714046605,,3,456
73,False,Replace,19.20499001887928,7.168938706476299,14.168191993586804,0.12286738770275497,1.728849293482484,3.9863137138648344e-11,2.2204460492503132e-17,5.567036323149315,,3,456
74,False,Replace,20.235472190339113,5.641303851846402,10.909778519972058,0.09461023592645759,1.6787297917159085,3.9863137138648344e-11,2.2204460492503132e-17,5.6611815884921235,,3,456
75,False,Replace,20.499368836510257,6.819334423175021,13.834074118908266,0.11996989799728439,1.7860297925271915,3.9863137138648344e-11,2.2204460492503132e-17,5.714840025065629,,3,456
76,False,Replace,21.755276763122875,7.2312060134919784,14.210017189230877,0.12323009823994066,1.8784400818194067,3.9863137138648344e-11,2.2204460492503132e-17,5.801396747453466,,3,456
77,False,Replace,25.18208667015111,6.5061758297599654,13.21367920208847,0.11458979707768788,1.839072356590736,3.9863137138648344e-11,2.2204460492503132e-17,5.961444492028058,,3,456
78,False,Replace,27.04463623887996,6.769304180455919,13.472873149607922,0.11683754211491601,1.8526523875928926,3.9863137138648344e-11,2.2204460492503132e-17,6.0673735530353765,,3,456
79,False,Replace,30.04692819676516,6.611069616114117,13.296174167910452,0.11530519823499595,1.9180333822326316,3.9863137138648344e-11,2.2204460492503132e-17,6.229746753508976,,3,456
80,False,Replace,30.228950063144094,6.279095573248276,12.416165519075363,0.10767371188252836,2.01116684509217,3.9863137138648344e-11,2.2204460492503132e-17,6.275767136329584,,3,456
81,False,Replace,26.82658393705922,5.797340660018258,11.730341274694444,0.10172620401642646,1.9185508044581998,3.9863137138648344e-11,2.2204460492503132e-17,6.092913335477277,,3,456
82,False,Replace,30.0542166380614,5.9487863856845955,12.118723251612284,0.10509427518290464,1.854095903709243,3.9863137138648344e-11,2.2204460492503132e-17,6.2660467068904016,,3,456
83,False,Replace,30.098692629321032,5.453503948819486,10.866074022550297,0.09423122797459584,1.8513250057656643,3.9863137138648344e-11,2.2204460492503132e-17,6.244957455193915,,3,456
84,False,Replace,30.680638038499,5.693763516819903,11.69858053773871,0.10145077305226168,2.2030156593051755,3.9863137138648344e-11,2.2204460492503132e-17,6.299634064892104,,3,456
85,False,Replace,30.25741708320478,6.023146915409163,12.633779411953117,0.10956087225964772,1.9303880196108887,3.9863137138648344e-11,2.2204460492503132e-17,6.24681106298787,,3,456
86,False,Replace,33.073524018054506,6.00377842131504,12.207011888009449,0.1058599193895097,2.00534672577385,3.9863137138648344e-11,2.2204460492503132e-17,6.418048940155138,,3,456
87,False,Replace,34.43777544277509,5.920371496443064,11.711626344536706,0.10156390705005548,2.095279260504684,3.9863137138648344e-11,2.2204460492503132e-17,6.507401391396424,,3,456
88,False,Replace,33.814187875426946,5.156811623321114,10.26260385672947,0.08899789948324593,1.8630507317881821,3.9863137138648344e-11,2.2204460492503132e-17,6.499516263753965,,3,456
89,False,Replace,35.40222613642795,5.034020916425417,9.82002587379525,0.08515983739017885,2.042927551843092,3.9863137138648344e-11,2.2204460492503132e-17,6.6180155028850205,,3,456
90,False,Replace,34.72062918114773,5.803078339111279,11.588717026726483,0.10049803027406984,2.2186468380032407,3.9863137138648344e-11,2.2204460492503132e-17,6.576840697524895,,3,456
91,False,Replace,34.772659172052585,5.132944910476546,9.812352152343898,0.08509329042998005,2.088581363586183,3.9863137138648344e-11,2.2204460492503132e-17,6.60400911392036,,3,456
92,False,Replace,33.74716701682519,4.054753940130213,8.292136328709903,0.07190989010064736,2.011871070082143,3.9863137138648344e-11,2.2204460492503132e-17,6.551597334612278,,3,456
93,False,Replace,33.81503701009684,4.565319561434303,9.088877151487505,0.07881927300674708,2.076772326473071,3.9863137138648344e-11,2.2204460492503132e-17,6.531809775795981,,3,456
94,False,Replace,34.61307567210633,3.6227378791962983,6.9681956016038225,0.06042859886133878,2.2297117610479837,3.9863137138648344e-11,2.2204460492503132e-17,6.595259260158973,,3,456
95,False,Replace,32.20557396420673,3.916698936067336,7.996197258177985,0.06934348921252438,2.036582124662729,3.9863137138648344e-11,2.2204460492503132e-17,6.417030934686645,,3,456
96,False,Replace,31.84669052412836,4.7841637333853475,9.869704305556882,0.08559065164922362,2.0424839855862107,3.9863137138648344e-11,2.2204460492503132e-17,6.396300418342531,,3,456
97,False,Replace,33.03648098232352,5.179917061095642,10.26198312710286,0.0889925164797035,2.0318425549958112,3.9863137138648344e-11,2.2204460492503132e-17,6.478148822182132,,3,456
98,False,Replace,31.85213171195525,4.3253978982143675,8.815260573013303,0.07644645407229811,2.0054668781829452,3.9863137138648344e-11,2.2204460492503132e-17,6.3995254435762625,,3,456
99,False,Replace,31.10270990984471,3.7100070593217476,7.565343881622026,0.0656071035901172,2.0795529123954846,3.9863137138648344e-11,2.2204460492503132e-17,6.36404866621303,,3,456
100,False,Replace,31.195463778471453,3.4855289589152085,7.0583134096516895,0.06121010575123353,2.0161402452852006,3.9863137138648344e-11,2.2204460492503132e-17,6.3575771107284655,,3,456
101,False,Replace,32.21593309767454,3.8015455973722565,7.7460793579763605,0.06717445218723686,1.9652420273519215,3.9863137138648344e-11,2.2204460492503132e-17,6.42341138896604,,3,456
102,False,Replace,32.788927382968595,3.8325974451770817,7.680815268167379,0.06660847819215991,2.148927516861369,3.9863137138648344e-11,2.2204460492503132e-17,6.455324247756239,,3,456
103,False,Replace,31.96147744158768,3.7740226161312713,7.688163707079134,0.06667220428319462,1.8980111086821732,3.9863137138648344e-11,2.2204460492503132e-17,6.397148486874603,,3,456
104,False,Replace,31.67903554700536,2.5036413931647314,5.0288478606389795,0.043610462087963084,2.1435429191986777,3.9863137138648344e-11,2.2204460492503132e-17,6.391593246681869,,3,456
105,False,Replace,31.207379429444533,2.377518180107724,4.619665510732232,0.04006200887319343,2.165800829184585,3.9863137138648344e-11,2.2204460492503132e-17,6.361738589486416,,3,456
106,False,Replace,32.81831091174805,2.4006888616531064,4.831823434702502,0.04190185476958347,1.9538982922658201,3.9863137138648344e-11,2.2204460492503132e-17,6.465487236659331,,3,456
107,False,Replace,34.2172782802993,2.6396173329386645,5.057318913913553,0.04385736472328707,2.1008200407141118,3.9863137138648344e-11,2.2204460492503132e-17,6.566119398329263,,3,456
108,False,Replace,33.93630687204746,3.1065471222809116,6.26791044806203,0.05435568514717896,2.0588737779998607,3.9863137138648344e-11,2.2204460492503132e-17,6.5491057459965845,,3,456
109,False,Replace,33.34544062422841,3.378594608996284,6.798527433968361,0.05895722661122257,2.04334096485613,3.9863137138648344e-11,2.2204460492503132e-17,6.518314153171681,,3,456
110,False,Replace,32.737957608187564,2.8416395418212614,5.683103791267121,0.0492842076951444,2.244121427515066,3.9863137138648344e-11,2.2204460492503132e-17,6.490882809855205,,3,456
111,False,Replace,33.25540879333749,1.9435638958688652,3.9073212170072,0.03388451759169639,2.1879882401613875,3.9863137138648344e-11,2.2204460492503132e-17,6.516142202102184,,3,456
112,False,Replace,33.290860839790625,2.080053831314651,4.198467895842443,0.036409358579382864,2.216968470776366,3.9863137138648344e-11,2.2204460492503132e-17,6.504889960520728,,3,456
113,False,Replace,32.66850118901994,1.9570771099218438,3.911344248868741,0.033919405558749366,2.065495839900094,3.9863137138648344e-11,2.2204460492503132e-17,6.4740485461910104,,3,456
114,False,Replace,33.41069577069019,1.7634411831740697,3.532802196388822,0.030636666791170577,2.0967949063977107,3.9863137138648344e-11,2.2204460492503132e-17,6.526783179782824,,3,456
115,False,Replace,33.67488878248519,1.6236415171978409,3.304858032891817,0.02865992170445493,2.0918147730360963,3.9863137138648344e-11,2.2204460492503132e-17,6.548656189665298,,3,456
116,False,Replace,33.9105891591684,1.6771707325783167,3.316563232381767,0.028761429877446995,2.2322640907297004,3.9863137138648344e-11,2.2204460492503132e-17,6.579472226709388,,3,456
117,False,Replace,34.91967214153016,2.160653727050651,4.395415214334607,0.03811729721750606,1.947598812348084,3.9863137138648344e-11,2.2204460492503132e-17,6.651416454394162,,3,456
118,False,Replace,36.39672138538477,1.9613956351942141,3.8935958646418274,0.033765490535089836,2.2900877323758793,3.9863137138648344e-11,2.2204460492503132e-17,6.7289854518517584,,3,456
119,False,Replace,35.02662127090008,2.2551847514860963,4.4089269735611385,0.03823447198194912,2.0988261916222677,3.9863137138648344e-11,2.2204460492503132e-17,6.643545080133252,,3,456
120,False,Replace,35.99681125441167,2.8157350587422596,5.654628798333477,0.04903727089486707,2.176178642091999,3.9863137138648344e-11,2.2204460492503132e-17,6.707367865235508,,3,456
121,False,Replace,37.50565094308892,3.045712289784783,5.992047429822869,0.051963384956005276,2.3118291941737312,3.9863137138648344e-11,2.2204460492503132e-17,6.793296024194548,,3,456
122,False,Replace,38.1025674067348,2.9428116370771478,5.600638177754942,0.04856906108277969,2.1335757969641644,3.9863137138648344e-11,2.2204460492503132e-17,6.82616351857297,,3,456
123,False,Replace,37.91963188120843,3.0483154561562884,5.88706297335724,0.05105295362354139,2.118063273066736,3.9863137138648344e-11,2.2204460492503132e-17,6.812557165622532,,3,456
124,False,Replace,40.18695888006754,3.254197934456939,6.5077615030656455,0.05643568749182416,2.422480454401087,3.9863137138648344e-11,2.2204460492503132e-17,6.94048067918394,,3,456
125,False,Replace,42.177075561696434,2.872856501052257,5.869527304193717,0.05090088327732381,2.1426364394304755,3.9863137138648344e-11,2.2204460492503132e-17,7.056218017359369,,3,456
126,False,Replace,41.91191982176472,2.5841710438479195,5.209657553808381,0.045178454297633654,2.164660907976965,3.9863137138648344e-11,2.2204460492503132e-17,7.038342235457572,,3,456
127,False,Replace,41.690293933021835,2.427824423756704,4.78288887158488,0.04147749138282534,2.1324417753609364,3.9863137138648344e-11,2.2204460492503132e-17,7.025627340924476,,3,456
128,False,Replace,41.333654892607626,2.23920980470509,4.54741178211943,0.03943542032255428,2.118975197806079,3.9863137138648344e-11,2.2204460492503132e-17,7.006670043610675,,3,456
129,False,Replace,41.356395410538134,1.9184223427490374,3.829035989358303,0.03320562352946958,2.4212883109439756,3.9863137138648344e-11,2.2204460492503132e-17,7.011101901683956,,3,456
130,False,Replace,41.99377177051404,2.097464534528228,4.251724012361639,0.03687119872940829,2.1832653578492582,3.9863137138648344e-11,2.2204460492503132e-17,7.047574676975692,,3,456
131,False,Replace,41.508218054134495,2.320457017488499,4.647947986556472,0.04030727615386437,2.265426868391508,3.9863137138648344e-11,2.2204460492503132e-17,7.016818081239915,,3,456
132,False,Replace,42.94348055436409,2.8198136762665196,5.544446504475454,0.04808176361323505,2.2183561069717017,3.9863137138648344e-11,2.2204460492503132e-17,7.107068439658289,,3,456
133,False,Replace,42.769191198637444,2.9596018768233034,5.926457781695317,0.05139458770019288,2.164756507399115,3.9863137138648344e-11,2.2204460492503132e-17,7.095626133232636,,3,456
134,False,Replace,42.95620191363762,2.6134520272122543,5.265216861066334,0.04566026785214007,2.3366759400160997,3.9863137138648344e-11,2.2204460492503132e-17,7.1092259327119995,,3,456
135,False,Replace,39.45791072499056,2.436945732365167,4.829197064510766,0.041879078734028255,2.2393297203200544,3.9863137138648344e-11,2.2204460492503132e-17,6.895211035504767,,3,456
136,False,Replace,38.074880723995506,2.1844851752003938,4.361961162123341,0.037827181724637934,2.1507949376701636,3.9863137138648344e-11,2.2204460492503132e-17,6.8133802758355735,,3,456
137,False,Replace,39.21898685445963,2.1494366144685753,4.304222115540771,0.03732646534351751,2.1772707939352784,3.9863137138648344e-11,2.2204460492503132e-17,6.882232645595758,,3,456
138,False,Replace,39.04212492983012,2.3104146040927636,4.684892194344478,0.040627658479549585,2.322295647074968,3.9863137138648344e-11,2.2204460492503132e-17,6.869110448074173,,3,456
139,False,Replace,39.89156452520476,2.0353823473738446,3.9883184980848747,0.034586930739509775,2.2963725829505295,3.9863137138648344e-11,2.2204460492503132e-17,6.9176405263520175,,3,456
140,False,Replace,40.47044377302954,2.211702691243223,4.346006646734247,0.037688823236214794,2.1600797653621857,3.9863137138648344e-11,2.2204460492503132e-17,6.95023517383589,,3,456
141,False,Replace,41.08445453771479,2.5204141857671836,4.985679533965221,0.04323610384011433,2.0474973258508604,3.9863137138648344e-11,2.2204460492503132e-17,6.993083104327768,,3,456
142,False,Replace,42.54143140579645,2.3510212857504897,4.7111753671767165,0.040855587688011674,2.1484938654789554,3.9863137138648344e-11,2.2204460492503132e-17,7.0805161033840225,,3,456
143,False,Replace,42.0589672672304,2.1013375279173894,4.269994592689477,0.037029642268125926,2.1768095923432136,3.9863137138648344e-11,2.2204460492503132e-17,7.0502252396861,,3,456
144,False,Replace,41.50956334724868,2.005359539832542,3.9485625546277068,0.03424216487803276,2.2000847254669758,3.9863137138648344e-11,2.2204460492503132e-17,7.018230834445962,,3,456
145,False,Replace,42.72028486889846,2.333959644802722,4.777521466772232,0.04143094493509427,2.2068845254456244,3.9863137138648344e-11,2.2204460492503132e-17,7.090437570477126,,3,456
146,False,Replace,41.95429932154905,2.1893457387161037,4.372198467646765,0.03791596023549856,2.307657568301554,3.9863137138648344e-11,2.2204460492503132e-17,7.044620450374314,,3,456
147,False,Replace,40.230020322702366,1.9724294361899122,4.035204329612657,0.034993527406374375,2.266330482967125,3.9863137138648344e-11,2.2204460492503132e-17,6.939832234260235,,3,456
148,False,Replace,39.351007758774074,1.938989035706924,3.881255996418226,0.03365847847780572,2.0114669678944175,3.9863137138648344e-11,2.2204460492503132e-17,6.882005417867704,,3,456
149,False,Replace,38.72625843786478,2.2226079644180308,4.525849314605871,0.039248429346075725,2.314652312213155,3.9863137138648344e-11,2.2204460492503132e-17,6.85190212805855,,3,456
150,False,Replace,37.5108586215373,2.1049233495362203,4.23258047893038,0.03670518489043972,2.3562869199700964,3.9863137138648344e-11,2.2204460492503132e-17,6.780324271570483,,3,456
151,False,Replace,38.132350908314905,2.3907733496816705,4.688186640354635,0.040656228107585325,2.1667669834043664,3.9863137138648344e-11,2.2204460492503132e-17,6.824853406407618,,3,456
152,False,Replace,39.83208444582226,2.8537062789947183,5.689261537872835,0.04933760803302252,2.2580467405421105,3.9863137138648344e-11,2.2204460492503132e-17,6.9318277456053865,,3,456
153,False,Replace,41.3678216309137,2.610685748056405,5.362734037759789,0.04650594249869315,2.258824159272317,3.9863137138648344e-11,2.2204460492503132e-17,7.029049884893591,,3,456
154,False,Replace,41.99237811083509,2.306623410914843,4.5084025207301055,0.03909712973153958,2.3151330535791343,3.9863137138648344e-11,2.2204460492503132e-17,7.071939803543702,,3,456
155,False,Replace,41.43734566700933,2.154040343458467,4.318101906341654,0.03744683169924851,2.290024245147701,3.9863137138648344e-11,2.2204460492503132e-17,7.037490978503331,,3,456
156,False,Replace,43.54657563240174,1.9485014611857758,3.87173346470597,0.03357589852714362,2.358214592485877,3.9863137138648344e-11,2.2204460492503132e-17,7.160608893527429,,3,456
157,False,Replace,43.76055045763604,1.9273512943777729,3.70748923302025,0.03215156296607803,2.30275760778019,3.9863137138648344e-11,2.2204460492503132e-17,7.170757387389734,,3,456
158,False,Replace,45.81645238986057,1.6261685348278077,3.150119290276081,0.027318018299263194,2.215187277980804,3.9863137138648344e-11,2.2204460492503132e-17,7.286014680654379,,3,456
159,False,Replace,45.96848555424321,1.9349544469330129,3.8585913021507308,0.03346192892660051,2.197430511624743,3.9863137138648344e-11,2.2204460492503132e-17,7.293173702426585,,3,456
160,False,Replace,45.78125769148436,1.9695679932982793,3.8891966854788227,0.03372734059668983,2.3333395143894595,3.9863137138648344e-11,2.2204460492503132e-17,7.2830193213250745,,3,456
161,False,Replace,47.36358890574875,2.16391411668029,4.325858905698385,0.03751410085030215,2.432172681366073,3.9863137138648344e-11,2.2204460492503132e-17,7.37296678638169,,3,456
162,False,Replace,45.63859711803659,2.0779801279514696,4.121026094189602,0.03573777875660898,2.4874958025425817,3.9863137138648344e-11,2.2204460492503132e-17,7.270075276544849,,3,456
163,False,Replace,44.36446221866094,2.070254308653251,4.190105622071736,0.0363368404532926,2.3698219164047556,3.9863137138648344e-11,2.2204460492503132e-17,7.196905096829403,,3,456
164,False,Replace,40.94002646278043,2.107106207606699,4.09890382276232,0.03554593312792524,2.094018984192891,3.9863137138648344e-11,2.2204460492503132e-17,6.99249426100371,,3,456
165,False,Replace,41.16459562514316,1.5662576007154176,3.1595220104393107,0.02739955923718096,2.218042559516977,3.9863137138648344e-11,2.2204460492503132e-17,7.00627042665763,,3,456
166,False,Replace,41.675786806896284,1.7352251980489588,3.3637571248674867,0.029170698066914625,2.1652157416648663,3.9863137138648344e-11,2.2204460492503132e-17,7.036111515214496,,3,456
167,False,Replace,42.87874057007635,1.820091964519027,3.6884167955586866,0.03198616567550721,2.179794683150134,3.9863137138648344e-11,2.2204460492503132e-17,7.1082556353459925,,3,456
168,False,Replace,42.667061652214585,1.8833438172745425,3.8668353000097997,0.03353342135708348,2.264687581726884,3.9863137138648344e-11,2.2204460492503132e-17,7.095769960243509,,3,456
169,False,Replace,43.869941740442925,1.6160143816815764,3.2106893566090497,0.02784328544885314,2.315147121272531,3.9863137138648344e-11,2.2204460492503132e-17,7.16936867955165,,3,456
170,False,Replace,43.97802807122783,1.436585719474097,2.9520482590152897,0.025600334758440202,2.3151541752583205,3.9863137138648344e-11,2.2204460492503132e-17,7.173395051282948,,3,456
171,False,Replace,45.069521952899166,1.2925429609108117,2.5412937162174005,0.022038247395178855,2.3856045209068664,3.9863137138648344e-11,2.2204460492503132e-17,7.23770737305473,,3,456
172,False,Replace,44.8003575692165,1.1636999824563603,2.328088501205757,0.020189319329767096,2.42096804389635,3.9863137138648344e-11,2.2204460492503132e-17,7.22152359154206,,3,456
173,False,Replace,44.109268488297104,1.3705096786341437,2.769513518507213,0.02401738283758965,2.557002814590085,3.9863137138648344e-11,2.2204460492503132e-17,7.178925988479703,,3,456
174,False,Replace,41.06804344622351,1.0916741123936677,2.190821117381048,0.018998928567490046,2.3035116283728483,3.9863137138648344e-11,2.2204460492503132e-17,6.996787759754479,,3,456
175,False,Replace,42.36145630220685,1.0072773716672427,2.052839457226748,0.017802343559203734,2.108263455978358,3.9863137138648344e-11,2.2204460492503132e-17,7.0750799246916705,,3,456
176,False,Replace,41.52695169317205,0.9186230724421798,1.8579789075950108,0.016112501502404116,2.311114864750546,3.9863137138648344e-11,2.2204460492503132e-17,7.026045385046011,,3,456
177,False,Replace,42.10606074548597,1.0849721658221085,2.2781711636137407,0.019756433265420724,2.4252313447677345,3.9863137138648344e-11,2.2204460492503132e-17,7.061339348200549,,3,456
178,False,Replace,42.724166463118884,0.9884569474649182,1.9504088919807578,0.016914059720419775,2.208624131384906,3.9863137138648344e-11,2.2204460492503132e-17,7.097551237821471,,3,456
179,False,Replace,42.89758553685741,0.9370320288101648,1.9051797277852915,0.016521829769329942,2.528750569200267,3.9863137138648344e-11,2.2204460492503132e-17,7.106066706809741,,3,456
180,False,Replace,41.20851477895484,0.8128578038109858,1.6464939333606927,0.014278491465391844,2.3607515883989616,3.9863137138648344e-11,2.2204460492503132e-17,7.00590006205177,,3,456
181,False,Replace,40.88744668331107,0.638271510477789,1.279248079945552,0.011093713995252264,2.425123895200631,3.9863137138648344e-11,2.2204460492503132e-17,6.986768633092639,,3,456
182,False,Replace,40.81228479778531,0.7316969186035329,1.4428203202116792,0.012512222007515481,2.3788069212898373,3.9863137138648344e-11,2.2204460492503132e-17,6.982342971181638,,3,456
183,False,Replace,40.91109402668673,0.7030586746313449,1.4054297838718124,0.01218796909458461,2.398646231293327,3.9863137138648344e-11,2.2204460492503132e-17,6.986514438296594,,3,456
184,False,Replace,41.54695310654339,0.6852268903592482,1.3221775438620298,0.011466000811331893,2.297592479039136,3.9863137138648344e-11,2.2204460492503132e-17,7.024430002259981,,3,456
185,False,Replace,40.90523432451685,0.7555384616470702,1.4824817805295767,0.012856168505695513,2.2366961515501833,3.9863137138648344e-11,2.2204460492503132e-17,6.983890134192651,,3,456
186,False,Replace,41.24310892543986,0.8325796204323436,1.604226183197202,0.01391194306959007,2.1010347836638354,3.9863137138648344e-11,2.2204460492503132e-17,7.003996805502369,,3,456
187,False,Replace,41.85046281724755,0.7693567515412298,1.5039504205323935,0.013042345804525946,2.407510323265348,3.9863137138648344e-11,2.2204460492503132e-17,7.04113494723931,,3,456
188,False,Replace,43.160630635773565,0.8372287981089784,1.6604097853182747,0.01439917054557796,2.4263159625755106,3.9863137138648344e-11,2.2204460492503132e-17,7.118153175620582,,3,456
189,False,Replace,44.21237550146912,1.0177635389114013,1.9830760897242778,0.01719735156542953,2.349490326204447,3.9863137138648344e-11,2.2204460492503132e-17,7.180189014392114,,3,456
190,False,Replace,45.51010007423964,1.001862450882379,1.942766660927671,0.016847785846792238,2.4448308224897306,3.9863137138648344e-11,2.2204460492503132e-17,7.258207523291691,,3,456
191,False,Replace,44.96462856855012,0.9259302962902118,1.8544820089092813,0.016082176192952404,2.3594761185337343,3.9863137138648344e-11,2.2204460492503132e-17,7.226906505226207,,3,456
192,False,Replace,44.568287501554664,0.9677059255555633,1.8613054533558595,0.016141349501350922,2.2301400927937935,3.9863137138648344e-11,2.2204460492503132e-17,7.20262151517826,,3,456
193,False,Replace,43.202968491026745,0.9267263666141948,1.788242459524919,0.015507742955518284,2.3217447009282335,3.9863137138648344e-11,2.2204460492503132e-17,7.122755466251097,,3,456
194,False,Replace,42.80863046133148,0.8711886397949602,1.6950994301827986,0.014700001170033759,2.3934342477528947,3.9863137138648344e-11,2.2204460492503132e-17,7.09830079692177,,3,456
195,False,Replace,42.88239306161517,0.8698471932011377,1.7172489183026536,0.014892082823463612,2.2825295738610842,3.9863137138648344e-11,2.2204460492503132e-17,7.104353942867718,,3,456
196,False,Replace,42.19513717120129,0.9476186350830806,1.9304622868940933,0.01674108159719514,2.4344619881181266,3.9863137138648344e-11,2.2204460492503132e-17,7.063615518548508,,3,456
197,False,Replace,41.78514677222855,0.7370162675234492,1.461151093283271,0.012671187541219285,2.4311925436412443,3.9863137138648344e-11,2.2204460492503132e-17,7.03966709815208,,3,456
198,False,Replace,42.18834285333601,0.8005747976755377,1.5603487865362864,0.013531435725437437,2.3497287018608874,3.9863137138648344e-11,2.2204460492503132e-17,7.066162463405062,,3,456
199,False,Replace,42.74806302442085,0.7664958733516312,1.5791628977535068,0.013694592795743608,2.4591781267504,3.9863137138648344e-11,2.2204460492503132e-17,7.098172885706446,,3,456
200,False,Replace,42.88651321885232,0.7627853394670987,1.540566513375153,0.013359882698260012,2.2586962423494197,3.9863137138648344e-11,2.2204460492503132e-17,7.105969460336922,,3,456
0,True,Replace + Select,3.8518598887744724e-33,57.34900974671953,115.87841276915202,1.0049043572060516,0.05664839928160536,1.0,0.5,1.7999999999995675,,3,456
1,True,Replace + Select,1.0376399604835214,55.81352760430375,111.13467842363622,0.9637664161580202,0.3083483910076356,0.9642599626602467,0.38916712734429787,2.850111441186233,,3,456
2,True,Replace + Select,2.610221147739228,39.35243572229469,79.54776881172742,0.6898428928619637,0.5043238398259255,0.28639695711595625,0.05000000000000002,3.3706393027975188,,3,456
3,True,Replace + Select,3.644775133317691,24.076380478287202,48.0747994904164,0.4169074664145509,0.8343346245368426,3.9863137138648344e-11,2.2204460492503132e-17,5.378147071925329,,3,456
4,True,Replace + Select,4.986970233058614,12.803519690530932,25.581663423241487,0.22184567793318566,1.1546756190846006,3.9863137138648344e-11,2.2204460492503132e-17,5.829835565881394,,3,456
5,True,Replace + Select,4.647265364933019,7.033826347838188,13.981527427163229,0.12124862169058394,1.3205111501977609,3.9863137138648344e-11,2.2204460492503132e-17,5.795816490501512,,3,456
6,True,Replace + Select,4.907740043221118,3.818001035155842,7.603372480027087,0.06593688981450928,1.4928167945519628,3.9863137138648344e-11,2.2204460492503132e-17,5.900054750767087,,3,456
7,True,Replace + Select,4.656780705544091,2.154147973244071,4.235348557537626,0.03672918982964312,1.5959816543136986,3.9863137138648344e-11,2.2204460492503132e-17,5.832448732464676,,3,456
8,True,Replace + Select,4.787652070210767,1.2419509333518999,2.5082762997591352,0.021751918433039065,1.6453208302801312,3.9863137138648344e-11,2.2204460492503132e-17,5.8489223679923334,,3,456
9,True,Replace + Select,4.796772022787399,0.650988291955422,1.3206034864720226,0.01145235049379724,1.811114312080771,3.9863137138648344e-11,2.2204460492503132e-17,5.84716192596414,,3,456
10,True,Replace + Select,4.751875400675417,0.45361796756175937,0.9193901418210305,0.007973004957608415,1.7749714697245285,3.9863137138648344e-11,2.2204460492503132e-17,5.835371205220313,,3,456
11,True,Replace + Select,4.776436195352128,0.331369600236594,0.6729311689329524,0.005835698363487637,1.7820168439782713,3.9863137138648344e-11,2.2204460492503132e-17,5.84663090419646,,3,456
12,True,Replace + Select,4.741841070192821,0.26382110705738326,0.5260098991033626,0.004561588538458135,1.784690793855674,3.9863137138648344e-11,2.2204460492503132e-17,5.8291538682234005,,3,456
13,True,Replace + Select,4.8224926860897845,0.2122141669445389,0.4335285796062667,0.0037595851393613803,1.8874134151814317,3.9863137138648344e-11,2.2204460492503132e-17,5.857987334634737,,3,456
14,True,Replace + Select,4.747023934309022,0.18753095046542806,0.38041370070334257,0.003298969810185684,1.882646875533835,3.9863137138648344e-11,2.2204460492503132e-17,5.838066937768632,,3,456
15,True,Replace + Select,4.852126398863023,0.14851076319078244,0.29295498341888215,0.0025405227105529636,1.845979207116946,3.9863137138648344e-11,2.2204460492503132e-17,5.862952391776979,,3,456
16,True,Replace + Select,5.0354594938640185,0.1241694942571703,0.24494724137422033,0.002124196770220895,1.8690301264888745,3.9863137138648344e-11,2.2204460492503132e-17,5.90751104256412,,3,456
17,True,Replace + Select,5.015474662269235,0.10193372429671493,0.20706644225858187,0.0017956922698909945,1.9361430575254432,3.9863137138648344e-11,2.2204460492503132e-17,5.902967309296994,,3,456
18,True,Replace + Select,5.047083585010925,0.09214397063376312,0.18363937545376585,0.0015925313795566046,1.9645773546836025,3.9863137138648344e-11,2.2204460492503132e-17,5.908704018088817,,3,456
19,True,Replace + Select,5.13097844344609,0.08090993636819425,0.16092708759489965,0.0013955690939498704,1.8569298587586807,3.9863137138648344e-11,2.2204460492503132e-17,5.92537100749392,,3,456
20,True,Replace + Select,5.167028219465725,0.06969034645972372,0.13989097666820619,0.0012131427125062718,1.9122371169054548,3.9863137138648344e-11,2.2204460492503132e-17,5.934355234325142,,3,456
21,True,Replace + Select,5.185227156721244,0.061249319933396246,0.12252603257177269,0.0010625529040325498,1.9343053574183926,3.9863137138648344e-11,2.2204460492503132e-17,5.9322949800012506,,3,456
22,True,Replace + Select,5.271464472072155,0.06160612803895914,0.12360627968584473,0.0010719208700397545,1.88700022089911,3.9863137138648344e-11,2.2204460492503132e-17,5.945497595511338,,3,456
23,True,Replace + Select,5.331900758888803,0.05152385170867134,0.10122268806553805,0.0008778090573937066,1.9113727804631717,3.9863137138648344e-11,2.2204460492503132e-17,5.959054566871025,,3,456
24,True,Replace + Select,5.40135782257846,0.05043357440214351,0.10038313621408042,0.0008705284147488085,1.9146704547554112,3.9863137138648344e-11,2.2204460492503132e-17,5.975263628944216,,3,456
25,True,Replace + Select,5.389452684624436,0.04053859873940171,0.08012350043416647,0.0006948356710865229,1.9057560164188516,3.9863137138648344e-11,2.2204460492503132e-17,5.971150466514034,,3,456
26,True,Replace + Select,5.369851109637993,0.03786835568707837,0.07631484575471383,0.000661806795465834,1.977942243749669,3.9863137138648344e-11,2.2204460492503132e-17,5.964536032027433,,3,456
27,True,Replace + Select,5.386543155991248,0.03490526935951136,0.06995711880410421,0.0006066722163676403,1.985488517020455,3.9863137138648344e-11,2.2204460492503132e-17,5.963524007429605,,3,456
28,True,Replace + Select,5.404137772392886,0.0350239438369919,0.06941296955831355,0.0006019533223562529,1.8431152078423505,3.9863137138648344e-11,2.2204460492503132e-17,5.967863068211726,,3,456
29,True,Replace + Select,5.3956150441243595,0.03745134027564075,0.0748807052089843,0.0006493698449691049,1.8956821999480267,3.9863137138648344e-11,2.2204460492503132e-17,5.9671739286586005,,3,456
30,True,Replace + Select,5.414645496499723,0.03429474607468146,0.06865157085834532,0.0005953504284014197,1.9280962737195109,3.9863137138648344e-11,2.2204460492503132e-17,5.969177608681107,,3,456
31,True,Replace + Select,5.411196754768956,0.035735483099670916,0.07192305349015672,0.0006237209166802027,1.942192288420189,3.9863137138648344e-11,2.2204460492503132e-17,5.968244560657635,,3,456
32,True,Replace + Select,5.392247460448796,0.03249153701274342,0.0662480414518193,0.0005745068811386301,1.9972242159855234,3.9863137138648344e-11,2.2204460492503132e-17,5.964668156646877,,3,456
33,True,Replace + Select,5.36965765209716,0.03364402892379052,0.06587894297605174,0.000571306037619347,1.9056005175611395,3.9863137138648344e-11,2.2204460492503132e-17,5.958035584565525,,3,456
34,True,Replace + Select,5.394669133878416,0.033713206130918695,0.06714491160774329,0.0005822845914644658,1.9258661460109934,3.9863137138648344e-11,2.2204460492503132e-17,5.962872241112067,,3,456
35,True,Replace + Select,5.370787162094999,0.030870576264316843,0.061925064148397366,0.0005370177697114149,1.985089957641606,3.9863137138648344e-11,2.2204460492503132e-17,5.954918584235044,,3,456
36,True,Replace + Select,5.426358389390642,0.025751954203716922,0.05095627593499397,0.00044189579828022034,1.9137467869672937,3.9863137138648344e-11,2.2204460492503132e-17,5.965376492356791,,3,456
37,True,Replace + Select,5.488729942050397,0.0230461421485416,0.046702017137045485,0.0004050026177422945,1.9114967828570495,3.9863137138648344e-11,2.2204460492503132e-17,5.981393390235582,,3,456
38,True,Replace + Select,5.497772149290501,0.022106951654652995,0.04438161986198339,0.0003848799971744394,1.9705884483236284,3.9863137138648344e-11,2.2204460492503132e-17,5.980600900191581,,3,456
39,True,Replace + Select,5.479228971098719,0.019818494242716887,0.039009038706253454,0.0003382886598941156,1.9440638315328498,3.9863137138648344e-11,2.2204460492503132e-17,5.976538587214753,,3,456
40,True,Replace + Select,5.514038232058085,0.017241685715169392,0.034296110128543264,0.0002974178682620553,1.9472831490669062,3.9863137138648344e-11,2.2204460492503132e-17,5.984731556735491,,3,456
41,True,Replace + Select,5.544222487834081,0.0162125945963928,0.03263718724765408,0.00028303159223844947,1.8918213969216242,3.9863137138648344e-11,2.2204460492503132e-17,5.991600389071638,,3,456
42,True,Replace + Select,5.497786781467881,0.01463273495461338,0.029131760082276203,0.0002526323233135782,1.9585344686888775,3.9863137138648344e-11,2.2204460492503132e-17,5.979184224638463,,3,456
43,True,Replace + Select,5.498843620271297,0.012992364452314147,0.025498311429618965,0.00022112284458078248,1.9606382795966804,3.9863137138648344e-11,2.2204460492503132e-17,5.979341096536967,,3,456
44,True,Replace + Select,5.524726657292117,0.01232766832200335,0.024274483671518774,0.00021050973885042865,1.9346028736242082,3.9863137138648344e-11,2.2204460492503132e-17,5.983558747004581,,3,456
45,True,Replace + Select,5.5107180703459395,0.011562756271455286,0.022388463475193257,0.00019415406165590408,1.9594972005974816,3.9863137138648344e-11,2.2204460492503132e-17,5.980799637367303,,3,456
46,True,Replace + Select,5.49113378765714,0.010430735493243744,0.02091461514156752,0.00018137276290553268,1.8480148182569658,3.9863137138648344e-11,2.2204460492503132e-17,5.97594383476212,,3,456
47,True,Replace + Select,5.499698559623689,0.011156563760322806,0.02179489772880273,0.00018900662486779084,1.9133283015084344,3.9863137138648344e-11,2.2204460492503132e-17,5.978198980706877,,3,456
48,True,Replace + Select,5.507107531944121,0.010875742059060459,0.022218075123809064,0.0001926764439302951,1.9886773670004465,3.9863137138648344e-11,2.2204460492503132e-17,5.979462135620442,,3,456
49,True,Replace + Select,5.533584841977518,0.009946974584384637,0.020340300977314478,0.00017639227696107323,1.9475385351320607,3.9863137138648344e-11,2.2204460492503132e-17,5.985268089586572,,3,456
50,True,Replace + Select,5.528153202499766,0.009755765245921056,0.01942481778138758,0.00016845315326623463,1.9293741473834576,3.9863137138648344e-11,2.2204460492503132e-17,5.982682522317766,,3,456
51,True,Replace + Select,5.559174675625503,0.009583462496155956,0.01909287646298772,0.00016557453878381795,1.9931159909598044,3.9863137138648344e-11,2.2204460492503132e-17,5.989559659942468,,3,456
52,True,Replace + Select,5.572898706127237,0.009745937077125719,0.01922033020788428,0.00016667982509667014,2.003479283352166,3.9863137138648344e-11,2.2204460492503132e-17,5.992840370641661,,3,456
53,True,Replace + Select,5.61591004205283,0.008921403834854492,0.017761444715147585,0.00015402828497559183,1.8808274189957133,3.9863137138648344e-11,2.2204460492503132e-17,6.001718762638818,,3,456
54,True,Replace + Select,5.600458925464283,0.008596952350932094,0.017138577478047593,0.000148626743950262,1.8657209432488069,3.9863137138648344e-11,2.2204460492503132e-17,5.997416507381935,,3,456
55,True,Replace + Select,5.595324595262956,0.008615309052504646,0.017383723179210435,0.00015075266177535024,1.9395718450243744,3.9863137138648344e-11,2.2204460492503132e-17,5.996425051942613,,3,456
56,True,Replace + Select,5.595209726969851,0.006877268200758497,0.01356382935376085,0.00011762631962475547,1.9161913383646878,3.9863137138648344e-11,2.2204460492503132e-17,5.9974482321396705,,3,456
57,True,Replace + Select,5.607355310611214,0.006758820333924912,0.013322479408839514,0.0001155333188192814,1.9836577313676205,3.9863137138648344e-11,2.2204460492503132e-17,6.000402956790374,,3,456
58,True,Replace + Select,5.620497725402069,0.005733068511247219,0.011595072997050808,0.00010055314961960239,1.9487224175298163,3.9863137138648344e-11,2.2204460492503132e-17,6.003625025939828,,3,456
59,True,Replace + Select,5.639975370174878,0.005425119216617881,0.010773284359483071,9.342655060206662e-05,1.948060147263409,3.9863137138648344e-11,2.2204460492503132e-17,6.008270870556696,,3,456
60,True,Replace + Select,5.640390649136924,0.0044938096848872846,0.008882437835333136,7.702901921102554e-05,1.964495130865863,3.9863137138648344e-11,2.2204460492503132e-17,6.007740843313885,,3,456
61,True,Replace + Select,5.643937428666151,0.004562033612435951,0.009314664377786407,8.077731300822039e-05,1.9256746288484394,3.9863137138648344e-11,2.2204460492503132e-17,6.006854553610172,,3,456
62,True,Replace + Select,5.62787305213776,0.004819351796302527,0.009634115368628533,8.354761064122784e-05,1.8993766071360347,3.9863137138648344e-11,2.2204460492503132e-17,6.001722522228294,,3,456
63,True,Replace + Select,5.631205393630768,0.004935992098520641,0.009749726198307917,8.455019450226558e-05,1.9210487250705697,3.9863137138648344e-11,2.2204460492503132e-17,6.001778438216306,,3,456
64,True,Replace + Select,5.645745502562803,0.004294190158247536,0.00864992548574561,7.501265854797266e-05,1.932405548638111,3.9863137138648344e-11,2.2204460492503132e-17,6.003182659986651,,3,456
65,True,Replace + Select,5.632683051655962,0.004059186479109673,0.008115930011318278,7.038181863433526e-05,1.9485497758294072,3.9863137138648344e-11,2.2204460492503132e-17,6.000227825492848,,3,456
66,True,Replace + Select,5.633103659675418,0.004897316890441842,0.009723059586505028,8.431894008867578e-05,1.9639579668767215,3.9863137138648344e-11,2.2204460492503132e-17,5.99876464549667,,3,456
67,True,Replace + Select,5.6289736845901945,0.0046301014783983255,0.009150519528069617,7.935383929338845e-05,1.862380208720773,3.9863137138648344e-11,2.2204460492503132e-17,5.99730206670177,,3,456
68,True,Replace + Select,5.643055926746379,0.0037467881637184932,0.007510657726454342,6.513286206148728e-05,1.9072297935511608,3.9863137138648344e-11,2.2204460492503132e-17,6.000894472800558,,3,456
69,True,Replace + Select,5.63668152275989,0.0038021630448795136,0.007590056336945259,6.582141144468758e-05,1.9964400273052862,3.9863137138648344e-11,2.2204460492503132e-17,5.9995796371083525,,3,456
70,True,Replace + Select,5.6388395906799555,0.0034023226054293253,0.0067748643956470666,5.8752019362128006e-05,2.0398951249262023,3.9863137138648344e-11,2.2204460492503132e-17,5.999587717141301,,3,456
71,True,Replace + Select,5.633813800119008,0.0027232512543995872,0.005563799051295072,4.82495900285037e-05,2.0631312155746437,3.9863137138648344e-11,2.2204460492503132e-17,5.99769373360735,,3,456
72,True,Replace + Select,5.638365631449101,0.0026849097437956354,0.005456890760223888,4.732247509008193e-05,1.97675821309413,3.9863137138648344e-11,2.2204460492503132e-17,5.998272939098337,,3,456
73,True,Replace + Select,5.667727118384793,0.0025834498067641236,0.005261497370828731,4.562801221576197e-05,2.019548121791417,3.9863137138648344e-11,2.2204460492503132e-17,6.005313020964419,,3,456
74,True,Replace + Select,5.671721113022093,0.002637535757890486,0.005232497187654527,4.53765209350729e-05,1.947241108077335,3.9863137138648344e-11,2.2204460492503132e-17,6.005250777025754,,3,456
75,True,Replace + Select,5.673031824523629,0.0026712704881994044,0.005384259768334009,4.669261489029011e-05,1.8978045048726349,3.9863137138648344e-11,2.2204460492503132e-17,6.004690736602134,,3,456
76,True,Replace + Select,5.676883088382768,0.0027553388738912206,0.005530223713996857,4.7958422744284386e-05,1.998425589139156,3.9863137138648344e-11,2.2204460492503132e-17,6.006218526675215,,3,456
77,True,Replace + Select,5.704859536789316,0.0033612547355302523,0.006720350676115854,5.827927320539943e-05,2.027430889085261,3.9863137138648344e-11,2.2204460492503132e-17,6.0120182729900895,,3,456
78,True,Replace + Select,5.713096466109661,0.003714924536129813,0.007489980709185926,6.49535497612019e-05,1.9850480141868334,3.9863137138648344e-11,2.2204460492503132e-17,6.012394214987102,,3,456
79,True,Replace + Select,5.737056208766202,0.0038057130586235484,0.00755865571741603,6.554910343985882e-05,1.9947825202371028,3.9863137138648344e-11,2.2204460492503132e-17,6.017242843026758,,3,456
80,True,Replace + Select,5.753250171600397,0.004438916474804365,0.008775217567496774,7.609919879189183e-05,1.9159464323767663,3.9863137138648344e-11,2.2204460492503132e-17,6.021100041019919,,3,456
81,True,Replace + Select,5.741356183875059,0.004514393251066039,0.009080815747814193,7.874936404369763e-05,1.9465865032655107,3.9863137138648344e-11,2.2204460492503132e-17,6.01797903082172,,3,456
82,True,Replace + Select,5.75325082580638,0.004007497878115159,0.008043692863190243,6.97553738706275e-05,1.9935654273214143,3.9863137138648344e-11,2.2204460492503132e-17,6.0202949563146815,,3,456
83,True,Replace + Select,5.7555003199967345,0.003349334823656975,0.006713478850018714,5.82196803285041e-05,1.9155384363916657,3.9863137138648344e-11,2.2204460492503132e-17,6.020081433299571,,3,456
84,True,Replace + Select,5.735044027706251,0.003337135064304728,0.006807810542728301,5.903773027207151e-05,1.8928019794765856,3.9863137138648344e-11,2.2204460492503132e-17,6.0140140950439,,3,456
85,True,Replace + Select,5.74769304889831,0.0031003533700475288,0.0062172682868395545,5.391651337001474e-05,1.9450245458511026,3.9863137138648344e-11,2.2204460492503132e-17,6.01689795537395,,3,456
86,True,Replace + Select,5.74678804532518,0.0035535473404909334,0.007046728940910633,6.110964456234068e-05,1.9829828114050887,3.9863137138648344e-11,2.2204460492503132e-17,6.016817511985628,,3,456
87,True,Replace + Select,5.749754343825724,0.0035340733304105388,0.007185702447834602,6.231483092368926e-05,1.9242360574317994,3.9863137138648344e-11,2.2204460492503132e-17,6.017528175206517,,3,456
88,True,Replace + Select,5.770284911804237,0.0036265480295407126,0.007139654038589988,6.191549643172908e-05,1.9156373614603646,3.9863137138648344e-11,2.2204460492503132e-17,6.02253588336308,,3,456
89,True,Replace + Select,5.766803720711411,0.0028137801659902633,0.0055125456413975355,4.7805117467162124e-05,1.8986499398636063,3.9863137138648344e-11,2.2204460492503132e-17,6.02127638921473,,3,456
90,True,Replace + Select,5.767800604769274,0.003121605829173686,0.006293543208195463,5.457797393876449e-05,1.8688680662573711,3.9863137138648344e-11,2.2204460492503132e-17,6.020667796646647,,3,456
91,True,Replace + Select,5.771977973351923,0.0026733516266071056,0.005417307917957984,4.697921037223626e-05,1.8993448995759954,3.9863137138648344e-11,2.2204460492503132e-17,6.021230666248119,,3,456
92,True,Replace + Select,5.790991503130001,0.0030338654434565802,0.006308767260417278,5.47099978079774e-05,1.9942967467343755,3.9863137138648344e-11,2.2204460492503132e-17,6.024929650697897,,3,456
93,True,Replace + Select,5.81906660513656,0.003020696492335024,0.00623054297095465,5.4031632205257754e-05,1.9738815622951156,3.9863137138648344e-11,2.2204460492503132e-17,6.030675370673892,,3,456
94,True,Replace + Select,5.827198342928313,0.0026958522662334818,0.00525609528681731,4.558116502799556e-05,1.88788621159467,3.9863137138648344e-11,2.2204460492503132e-17,6.031955024253754,,3,456
95,True,Replace + Select,5.850863432761028,0.0025734672462730205,0.004985314540381425,4.3232938594457746e-05,1.9750339976357263,3.9863137138648344e-11,2.2204460492503132e-17,6.036925316110105,,3,456
96,True,Replace + Select,5.865022564747113,0.002663176641928167,0.005398467791905131,4.6815827699757486e-05,1.871916090989577,3.9863137138648344e-11,2.2204460492503132e-17,6.039433352052648,,3,456
97,True,Replace + Select,5.879871236274407,0.0024713129968410214,0.004925251561895166,4.2712068940263776e-05,1.9483450494247263,3.9863137138648344e-11,2.2204460492503132e-17,6.042486092369924,,3,456
98,True,Replace + Select,5.878703757227192,0.0023946231695805256,0.0049320227336903,4.277078893717878e-05,1.894945356449421,3.9863137138648344e-11,2.2204460492503132e-17,6.041138527674103,,3,456
99,True,Replace + Select,5.886097248293586,0.0029148189439325805,0.0060080401755438,5.210207498009689e-05,1.8490739034237476,3.9863137138648344e-11,2.2204460492503132e-17,6.042631645738002,,3,456
100,True,Replace + Select,5.883701377474125,0.003326005338840032,0.0066959805702272324,5.806793422510259e-05,1.986415416869568,3.9863137138648344e-11,2.2204460492503132e-17,6.041663023003657,,3,456
101,True,Replace + Select,5.895207553503857,0.0032925683376273905,0.006638066624774971,5.756570111077861e-05,1.9979824464011657,3.9863137138648344e-11,2.2204460492503132e-17,6.043499002811578,,3,456
102,True,Replace + Select,5.890156503059866,0.0033623892616864394,0.006807709599300102,5.9036854884771976e-05,1.922148508372627,3.9863137138648344e-11,2.2204460492503132e-17,6.0417040631209895,,3,456
103,True,Replace + Select,5.89054203298942,0.00376722514679397,0.007715274578106603,6.690731133870312e-05,1.939428075585631,3.9863137138648344e-11,2.2204460492503132e-17,6.041407111760943,,3,456
104,True,Replace + Select,5.901183830907302,0.0036878439388311366,0.007460607447401691,6.469882312103697e-05,2.0031557633137695,3.9863137138648344e-11,2.2204460492503132e-17,6.043329579303707,,3,456
105,True,Replace + Select,5.906590045790492,0.0031294901789290985,0.006212069583350617,5.387142991000685e-05,1.9414836974006349,3.9863137138648344e-11,2.2204460492503132e-17,6.0440606446876135,,3,456
106,True,Replace + Select,5.918606214536654,0.0027994826203525487,0.0055510564085636495,4.8139085087185284e-05,1.935066269072685,3.9863137138648344e-11,2.2204460492503132e-17,6.045972017349053,,3,456
107,True,Replace + Select,5.924017805262326,0.002385253776244296,0.004784994970650039,4.149575559681231e-05,2.014748238925058,3.9863137138648344e-11,2.2204460492503132e-17,6.046406313677195,,3,456
108,True,Replace + Select,5.922220844556329,0.0022933927945493256,0.004618301176861234,4.00501772902533e-05,1.9146002953720789,3.9863137138648344e-11,2.2204460492503132e-17,6.044709627113515,,3,456
109,True,Replace + Select,5.931735638754024,0.0020246114233355744,0.00406228434625116,3.522836689082137e-05,1.9957178167608813,3.9863137138648344e-11,2.2204460492503132e-17,6.046211708132367,,3,456
110,True,Replace + Select,5.944989033167843,0.0019305389543652395,0.003955145521730086,3.429925275287019e-05,1.9886666565852569,3.9863137138648344e-11,2.2204460492503132e-17,6.048841132008606,,3,456
111,True,Replace + Select,5.961240336071261,0.002394075903672095,0.004683371904638645,4.061447443850951e-05,2.0044483347050885,3.9863137138648344e-11,2.2204460492503132e-17,6.051774213759439,,3,456
112,True,Replace + Select,5.966863442700598,0.0020791840104297053,0.004273168796598916,3.7057169149647943e-05,2.015440640214363,3.9863137138648344e-11,2.2204460492503132e-17,6.051733329860116,,3,456
113,True,Replace + Select,5.9901655146936985,0.0021770119422824326,0.0043679581691065394,3.7879188119130205e-05,1.934943171094721,3.9863137138648344e-11,2.2204460492503132e-17,6.055987623351757,,3,456
114,True,Replace + Select,6.006835920374271,0.001852934463062816,0.003714804766765691,3.22150037015904e-05,1.9856994324462498,3.9863137138648344e-11,2.2204460492503132e-17,6.0584816406072886,,3,456
115,True,Replace + Select,6.009453290897714,0.001961324095156532,0.004024714198688319,3.4902556378884295e-05,1.8346749112645955,3.9863137138648344e-11,2.2204460492503132e-17,6.0589915875407385,,3,456
116,True,Replace + Select,5.988237814327143,0.002066103708005191,0.004146828949822104,3.596154262628775e-05,1.9866959241127602,3.9863137138648344e-11,2.2204460492503132e-17,6.053822571932863,,3,456
117,True,Replace + Select,5.9851582681824915,0.0021437665947177916,0.0043850244860895145,3.8027188215850695e-05,1.8984476713768108,3.9863137138648344e-11,2.2204460492503132e-17,6.052139152994242,,3,456
118,True,Replace + Select,5.986140392056681,0.0017670124908440769,0.003505921500672138,3.0403555829388253e-05,1.9552836598410925,3.9863137138648344e-11,2.2204460492503132e-17,6.052429068156185,,3,456
119,True,Replace + Select,5.993711381287237,0.001977052230852968,0.0039569025446178,3.4314489757877256e-05,1.996213647905644,3.9863137138648344e-11,2.2204460492503132e-17,6.053946802783616,,3,456
120,True,Replace + Select,6.020998875575533,0.001827761273230447,0.0036726997658843366,3.1849866677059966e-05,1.9231132669250175,3.9863137138648344e-11,2.2204460492503132e-17,6.0595959975133304,,3,456
121,True,Replace + Select,6.036934026590749,0.0017899503314339762,0.0035896075074897528,3.1129285763709414e-05,1.926247359229576,3.9863137138648344e-11,2.2204460492503132e-17,6.062794777062819,,3,456
122,True,Replace + Select,6.048837858147268,0.0020630218754653833,0.004009501916251209,3.4770634577931124e-05,1.9839590785191772,3.9863137138648344e-11,2.2204460492503132e-17,6.064928124049714,,3,456
123,True,Replace + Select,6.041766023385548,0.0021854158429435197,0.004319327850202595,3.745746315594618e-05,1.970619515448662,3.9863137138648344e-11,2.2204460492503132e-17,6.062748070295161,,3,456
124,True,Replace + Select,6.064894267009636,0.0022580223156201825,0.004495496536529307,3.898520828346753e-05,1.9364010576040451,3.9863137138648344e-11,2.2204460492503132e-17,6.068022841828953,,3,456
125,True,Replace + Select,6.050504124381682,0.0020391735615010813,0.004082033555429464,3.539963318521037e-05,1.9942072220839444,3.9863137138648344e-11,2.2204460492503132e-17,6.064022433309039,,3,456
126,True,Replace + Select,6.065341928613085,0.0018913810053923824,0.0037928254068985293,3.2891603245438886e-05,2.083303990272751,3.9863137138648344e-11,2.2204460492503132e-17,6.0664008082194165,,3,456
127,True,Replace + Select,6.0552443513391365,0.0018717703529965313,0.0037090329627476695,3.2164950280353056e-05,2.0075356502689554,3.9863137138648344e-11,2.2204460492503132e-17,6.063625210210352,,3,456
128,True,Replace + Select,6.060861936909361,0.001915546808775155,0.0037103851004476112,3.217667609738613e-05,1.912508902776611,3.9863137138648344e-11,2.2204460492503132e-17,6.064466040224794,,3,456
129,True,Replace + Select,6.0440836804594875,0.0018336296054133898,0.0035866896413722787,3.110398185847699e-05,2.002757327680537,3.9863137138648344e-11,2.2204460492503132e-17,6.059255911392102,,3,456
130,True,Replace + Select,6.067325480896126,0.0019971408534100316,0.004008211276665409,3.475944207613239e-05,1.9180695820762907,3.9863137138648344e-11,2.2204460492503132e-17,6.063925922813811,,3,456
131,True,Replace + Select,6.056669735554144,0.0018689571476956802,0.0036913869199610054,3.2011922767635146e-05,1.9051340264310794,3.9863137138648344e-11,2.2204460492503132e-17,6.060752754993791,,3,456
132,True,Replace + Select,6.080967238068242,0.001875366501146484,0.0037822143634335587,3.279958365734102e-05,2.0166940001140246,3.9863137138648344e-11,2.2204460492503132e-17,6.0652981294881965,,3,456
133,True,Replace + Select,6.074936934895056,0.002252492183644762,0.0044503712913304206,3.859387952397985e-05,1.9816436554098042,3.9863137138648344e-11,2.2204460492503132e-17,6.0628811052892475,,3,456
134,True,Replace + Select,6.079617874283636,0.001991993803597584,0.004068880626450031,3.528557021760841e-05,1.9596186524856742,3.9863137138648344e-11,2.2204460492503132e-17,6.063216378897392,,3,456
135,True,Replace + Select,6.079098716350693,0.0019184072646298814,0.003770598785455277,3.269885268732769e-05,2.083427642981412,3.9863137138648344e-11,2.2204460492503132e-17,6.062451400076389,,3,456
136,True,Replace + Select,6.0811705581755815,0.0018047482440931692,0.003664176474813942,3.177595219955122e-05,1.933144149426757,3.9863137138648344e-11,2.2204460492503132e-17,6.06195817036623,,3,456
137,True,Replace + Select,6.091649744407472,0.0017837053443116398,0.0035836313575272373,3.107746024251753e-05,2.0689561861853214,3.9863137138648344e-11,2.2204460492503132e-17,6.063334606032707,,3,456
138,True,Replace + Select,6.092527002052281,0.0018672964917759293,0.003767612755042573,3.2672957657349554e-05,1.9883101611237401,3.9863137138648344e-11,2.2204460492503132e-17,6.062732749794891,,3,456
139,True,Replace + Select,6.094675292816129,0.0017274251472137823,0.0034365166477635647,2.980167289509217e-05,1.9331459721368391,3.9863137138648344e-11,2.2204460492503132e-17,6.061961124019272,,3,456
140,True,Replace + Select,6.109743916900135,0.0017473829528663462,0.0035596362136931185,3.086937295503692e-05,1.9313975385739508,3.9863137138648344e-11,2.2204460492503132e-17,6.06506139083932,,3,456
141,True,Replace + Select,6.098004070392056,0.001567819314824353,0.0032000439022288715,2.7750967447290668e-05,1.9174023567970986,3.9863137138648344e-11,2.2204460492503132e-17,6.062354845225396,,3,456
142,True,Replace + Select,6.097406015957075,0.0017622972110595053,0.003488599661151446,3.0253339826310578e-05,2.0313419633483036,3.9863137138648344e-11,2.2204460492503132e-17,6.06189508014224,,3,456
143,True,Replace + Select,6.10636355521991,0.0018587054629320495,0.003619125618288542,3.138526854298071e-05,1.9370232967622714,3.9863137138648344e-11,2.2204460492503132e-17,6.063478630656523,,3,456
144,True,Replace + Select,6.110119972408689,0.0017123442997279937,0.0034595506428947076,3.0001425044936167e-05,1.9877278786253851,3.9863137138648344e-11,2.2204460492503132e-17,6.063511711201228,,3,456
145,True,Replace + Select,6.125212962924799,0.0017740675011289335,0.0035765724130392383,3.101624466401805e-05,2.07779857523627,3.9863137138648344e-11,2.2204460492503132e-17,6.065958222509702,,3,456
146,True,Replace + Select,6.130375650130609,0.0016933372322428292,0.003381338920774998,2.932316842694763e-05,2.0574853603607433,3.9863137138648344e-11,2.2204460492503132e-17,6.066188333503311,,3,456
147,True,Replace + Select,6.141738797752584,0.0016411324615633383,0.003317442745852755,2.8769057069588274e-05,2.0148318743250933,3.9863137138648344e-11,2.2204460492503132e-17,6.068480094906489,,3,456
148,True,Replace + Select,6.154324792965853,0.0016265916065078714,0.003221124537397261,2.793377994555631e-05,1.899381809913388,3.9863137138648344e-11,2.2204460492503132e-17,6.070938786152412,,3,456
149,True,Replace + Select,6.177622779458946,0.001577944942397721,0.003237224033069013,2.8073395711450458e-05,2.002705023674923,3.9863137138648344e-11,2.2204460492503132e-17,6.075605944739684,,3,456
150,True,Replace + Select,6.177514172178984,0.001317808610636369,0.0026765745134114585,2.3211410362274714e-05,1.9783846728478465,3.9863137138648344e-11,2.2204460492503132e-17,6.074911686761488,,3,456
151,True,Replace + Select,6.19485308426225,0.0015069924697814897,0.003034113957931113,2.6312013288089726e-05,2.0024309125721027,3.9863137138648344e-11,2.2204460492503132e-17,6.077995257005844,,3,456
152,True,Replace + Select,6.222188151059264,0.001413816357876185,0.0029381934750391343,2.548018526335242e-05,1.9330077153095087,3.9863137138648344e-11,2.2204460492503132e-17,6.082489724475924,,3,456
153,True,Replace + Select,6.223769279284917,0.0014812849395987543,0.002971332191167379,2.5767566143308282e-05,1.9208604998539394,3.9863137138648344e-11,2.2204460492503132e-17,6.082283473596403,,3,456
154,True,Replace + Select,6.2267183375411985,0.0015525084087681395,0.003049154038960001,2.6442441748382593e-05,1.9359464590509445,3.9863137138648344e-11,2.2204460492503132e-17,6.0827406676100715,,3,456
155,True,Replace + Select,6.219071269107284,0.0015665684439293889,0.00309477439833217,2.683806416687159e-05,2.162016470962864,3.9863137138648344e-11,2.2204460492503132e-17,6.080816444013731,,3,456
156,True,Replace + Select,6.21802240092997,0.0012402418452299054,0.0024228452833657734,2.1011055673853215e-05,2.0503272538092614,3.9863137138648344e-11,2.2204460492503132e-17,6.079543511813675,,3,456
157,True,Replace + Select,6.227753600021726,0.001100480521647675,0.0022135740312181616,1.9196243163950727e-05,1.9595322294753204,3.9863137138648344e-11,2.2204460492503132e-17,6.080702879100669,,3,456
158,True,Replace + Select,6.234157689524902,0.00123089128395011,0.0023893557911663916,2.0720632843340162e-05,1.9358000415134229,3.9863137138648344e-11,2.2204460492503132e-17,6.0807207927741915,,3,456
159,True,Replace + Select,6.2412572746540755,0.001079532114404742,0.0021910205584006123,1.900065813164938e-05,2.050681619052959,3.9863137138648344e-11,2.2204460492503132e-17,6.080813464740369,,3,456
160,True,Replace + Select,6.249315183337256,0.0009739794440878993,0.0019965659954766985,1.7314336815269913e-05,1.9739981219224263,3.9863137138648344e-11,2.2204460492503132e-17,6.081433934479246,,3,456
161,True,Replace + Select,6.251961192348473,0.0008875944588423394,0.001749330923058954,1.5170299840741347e-05,2.0249172353762237,3.9863137138648344e-11,2.2204460492503132e-17,6.0820449899110995,,3,456
162,True,Replace + Select,6.2568997203103995,0.0008963764883481682,0.001816995931341932,1.575709474092184e-05,1.9826422194108935,3.9863137138648344e-11,2.2204460492503132e-17,6.082449230983043,,3,456
163,True,Replace + Select,6.267905329645436,0.0008948704145151785,0.0017819602612727922,1.5453263365700544e-05,1.993067261310875,3.9863137138648344e-11,2.2204460492503132e-17,6.084223399019459,,3,456
164,True,Replace + Select,6.281644605767382,0.0009094579789643137,0.0018732303439951145,1.6244762848809053e-05,2.0320319412770385,3.9863137138648344e-11,2.2204460492503132e-17,6.0867568694514445,,3,456
165,True,Replace + Select,6.28392363366194,0.0009170476283942249,0.0017843973220791187,1.5474397699219007e-05,1.974523733526365,3.9863137138648344e-11,2.2204460492503132e-17,6.0877281074027785,,3,456
166,True,Replace + Select,6.284089218632233,0.0008977054898695423,0.0017988877360072318,1.560005941434009e-05,1.9380126309065364,3.9863137138648344e-11,2.2204460492503132e-17,6.087401196363798,,3,456
167,True,Replace + Select,6.299787713939834,0.0009021724281405823,0.0017713060999740384,1.536086985723212e-05,1.9648876497566572,3.9863137138648344e-11,2.2204460492503132e-17,6.089721528317469,,3,456
168,True,Replace + Select,6.31413056053213,0.0008423794018612692,0.0016526942029792945,1.4332260565319004e-05,1.9865490872012281,3.9863137138648344e-11,2.2204460492503132e-17,6.092213667989585,,3,456
169,True,Replace + Select,6.316017324583775,0.0007462036209271134,0.0014714495183652727,1.2760496084458312e-05,2.010619120918098,3.9863137138648344e-11,2.2204460492503132e-17,6.091925326129984,,3,456
170,True,Replace + Select,6.3268072226850185,0.0007745690709819476,0.0015148098370482454,1.3136519298213979e-05,2.0176728361807656,3.9863137138648344e-11,2.2204460492503132e-17,6.093737481933042,,3,456
171,True,Replace + Select,6.336461912583847,0.0008513496463959118,0.001726970291558698,1.4976387139596135e-05,1.9899286474019813,3.9863137138648344e-11,2.2204460492503132e-17,6.095788263928994,,3,456
172,True,Replace + Select,6.345984627556882,0.0007733213454951633,0.0015272896517357015,1.3244744979398726e-05,2.0219726059545726,3.9863137138648344e-11,2.2204460492503132e-17,6.097859541632973,,3,456
173,True,Replace + Select,6.34793224576484,0.0008479338965657233,0.001708437782336888,1.4815672138226044e-05,1.9682634212592607,3.9863137138648344e-11,2.2204460492503132e-17,6.097709323732587,,3,456
174,True,Replace + Select,6.347869027146364,0.0008757873557971535,0.0017686798719688396,1.5338095054726857e-05,1.9407072312571536,3.9863137138648344e-11,2.2204460492503132e-17,6.097095769043949,,3,456
175,True,Replace + Select,6.360504059014173,0.0009302275470744474,0.0018759281652853672,1.6268158512459876e-05,1.9586799951481457,3.9863137138648344e-11,2.2204460492503132e-17,6.099409601623085,,3,456
176,True,Replace + Select,6.365304360144284,0.0011486988750980657,0.0022480738868780655,1.9495427925349587e-05,1.9208205146414892,3.9863137138648344e-11,2.2204460492503132e-17,6.099585614822188,,3,456
177,True,Replace + Select,6.371962272934497,0.0010902971124018164,0.002197765368849824,1.9059149521434325e-05,1.9398943322767397,3.9863137138648344e-11,2.2204460492503132e-17,6.1001138465495925,,3,456
178,True,Replace + Select,6.376250622580644,0.000949781920814369,0.0019378382360837165,1.680504625896479e-05,1.9522065971342313,3.9863137138648344e-11,2.2204460492503132e-17,6.1004289725029555,,3,456
179,True,Replace + Select,6.385280100851296,0.0010742125677278408,0.002085627446827634,1.808668291824894e-05,1.9707964610880966,3.9863137138648344e-11,2.2204460492503132e-17,6.101477213787814,,3,456
180,True,Replace + Select,6.396728477441122,0.0010147285013276755,0.0020900934616932985,1.8125412459762373e-05,2.024068344496995,3.9863137138648344e-11,2.2204460492503132e-17,6.1032684226951925,,3,456
181,True,Replace + Select,6.398964633790524,0.0009052154671832489,0.0017841043711233195,1.5471857211436208e-05,1.9484703071444407,3.9863137138648344e-11,2.2204460492503132e-17,6.103045249995533,,3,456
182,True,Replace + Select,6.4134859487962785,0.0008452846118317746,0.0016573946687609706,1.4373023278856635e-05,1.9647091121858442,3.9863137138648344e-11,2.2204460492503132e-17,6.105677144655139,,3,456
183,True,Replace + Select,6.411504089487595,0.0008780289500144026,0.0017035216889760023,1.4773039489739328e-05,1.9488416023633852,3.9863137138648344e-11,2.2204460492503132e-17,6.10468858926293,,3,456
184,True,Replace + Select,6.419600153166629,0.0009523482746765291,0.0018588169306958092,1.6119768887634093e-05,1.94225729064665,3.9863137138648344e-11,2.2204460492503132e-17,6.1054145871922945,,3,456
185,True,Replace + Select,6.427156053303216,0.0009685435536156005,0.0019677298965449317,1.7064268482705806e-05,1.9543695505119447,3.9863137138648344e-11,2.2204460492503132e-17,6.1063050874186375,,3,456
186,True,Replace + Select,6.431581618028733,0.0009603960187267879,0.0019030702851076829,1.6503536559340708e-05,2.0127345576473914,3.9863137138648344e-11,2.2204460492503132e-17,6.106603155350866,,3,456
187,True,Replace + Select,6.447144499154539,0.0010018167178494964,0.002028790464751868,1.759378929316829e-05,2.0189763181594333,3.9863137138648344e-11,2.2204460492503132e-17,6.109623689494094,,3,456
188,True,Replace + Select,6.452783688247456,0.0010174242303938252,0.0019839901789576713,1.720527860059994e-05,1.9377075864587012,3.9863137138648344e-11,2.2204460492503132e-17,6.1096871129475065,,3,456
189,True,Replace + Select,6.454870825923295,0.0012767644360265193,0.0025199570107351256,2.1853214240209133e-05,1.9952799307026767,3.9863137138648344e-11,2.2204460492503132e-17,6.109631651052906,,3,456
190,True,Replace + Select,6.467505306603102,0.001131292274252436,0.0022758715841579833,1.973649117819663e-05,2.0519453238733223,3.9863137138648344e-11,2.2204460492503132e-17,6.111871862052282,,3,456
191,True,Replace + Select,6.478365683186713,0.00103312773081153,0.0020431042382188357,1.7717919171903094e-05,2.0989877090402094,3.9863137138648344e-11,2.2204460492503132e-17,6.113901391063716,,3,456
192,True,Replace + Select,6.489075713885475,0.0008748554722549401,0.0016945403534237122,1.4695152823756028e-05,1.9737678315441896,3.9863137138648344e-11,2.2204460492503132e-17,6.115755358869538,,3,456
193,True,Replace + Select,6.491022563092775,0.000852645713388697,0.001678772288654198,1.4558411245985555e-05,1.979676948657337,3.9863137138648344e-11,2.2204460492503132e-17,6.115628762839689,,3,456
194,True,Replace + Select,6.494344289651958,0.0008959977192786496,0.0018056133039266405,1.5658383931783756e-05,1.9526657184951044,3.9863137138648344e-11,2.2204460492503132e-17,6.115545093390242,,3,456
195,True,Replace + Select,6.503180950925991,0.0008983199846534729,0.0017826323188066802,1.5459091487849942e-05,1.9634315071171824,3.9863137138648344e-11,2.2204460492503132e-17,6.11621582614341,,3,456
196,True,Replace + Select,6.515871677922362,0.0008099705153874167,0.0016443448107116543,1.4259854148374986e-05,1.8635274541556073,3.9863137138648344e-11,2.2204460492503132e-17,6.118022783970381,,3,456
197,True,Replace + Select,6.520647686473377,0.0007779799668022463,0.001576860416961799,1.3674625547964856e-05,1.969368772648756,3.9863137138648344e-11,2.2204460492503132e-17,6.117977994266312,,3,456
198,True,Replace + Select,6.527359091648143,0.0006194347828577071,0.001200964419091783,1.0414833520364235e-05,1.961843248055861,3.9863137138648344e-11,2.2204460492503132e-17,6.118494087346118,,3,456
199,True,Replace + Select,6.535462125910816,0.0005904123761204739,0.0011476249729849934,9.952270731292796e-06,2.0098279440462212,3.9863137138648344e-11,2.2204460492503132e-17,6.119079328334457,,3,456
200,True,Replace + Select,6.544355649369289,0.0006383327370194283,0.0012594981460108266,1.092244141573329e-05,1.8876962380228672,3.9863137138648344e-11,2.2204460492503132e-17,6.119892502309771,,3,456
0,False,Accumulate,3.8518598887744724e-33,57.34900974671953,114.31319298723352,0.99133067992443,0.057755607006498996,1.0,0.5,1.7999999999995675,,3,456
1,False,Accumulate,1.2123560894482612,60.79814434159838,122.73010958485484,1.0643226717981853,0.28698646670192396,0.9987065363491471,0.4788305324778132,3.4307020331632123,100.0,3,456
2,False,Accumulate,0.7948192346540282,61.75782303564481,126.44647548049956,1.0965512137005087,0.2888399877460132,0.9989652172122939,0.48106477793073593,4.1374647458082325,200.0,3,456
3,False,Accumulate,1.0682061274995065,63.32947303701965,124.35407607796968,1.0784058039872564,0.3347769650260643,0.9957543231017199,0.46165947971581595,4.0247502403825735,300.0,3,456
4,False,Accumulate,1.2607946862944501,61.58906038492061,123.28751018557173,1.0691564823327284,0.3582982629430233,0.994971824020351,0.4582794110074186,3.932909888494197,400.0,3,456
5,False,Accumulate,1.3282419427396077,60.93061846780384,122.12970541706258,1.0591159318206445,0.38069292713466174,0.9974105304154613,0.47005163263697153,3.8873249020182326,500.0,3,456
6,False,Accumulate,1.3314992084924597,60.01030261318342,122.21994930687728,1.0598985320989782,0.3842057109637153,0.9982883618779588,0.47564894387352863,3.85768901047694,600.0,3,456
7,False,Accumulate,1.2342233253033348,59.74911814169019,117.48758557720922,1.01885919769507,0.3495235007969099,0.9994682403499451,0.48642534688631667,3.8744458346559028,700.0,3,456
8,False,Accumulate,1.3358602362076308,59.166841869326454,117.13204774218602,1.0157759528436052,0.2910852243576991,0.9992792423790743,0.4841963942377885,3.801485208150731,800.0,3,456
9,False,Accumulate,1.2870480457530256,58.66246213626596,117.00587719864936,1.0146817945278226,0.3371049511354549,0.9993538553218299,0.4850366030862401,3.7960832951618615,900.0,3,456
10,False,Accumulate,1.2071978045599074,58.51876377418858,115.44084037533057,1.0011097038738537,0.3573612264421496,0.9988181488902227,0.4797642266555965,3.8432832785873012,1000.0,3,456
11,False,Accumulate,1.1837107944772476,58.32603324520609,116.85880506497944,1.0134063764027668,0.3022562378414495,0.9977013728712062,0.4717826246275521,3.7949742940715336,1100.0,3,456
12,False,Accumulate,1.1945732920419534,57.684227998897526,116.96271601723394,1.0143074982440712,0.3106385742390496,0.9971897532348327,0.46880184698880395,3.7315011909679416,1200.0,3,456
13,False,Accumulate,1.1909540089914443,57.820884625219975,117.77932834077231,1.021389207964299,0.37823903395010156,0.995844120426887,0.462066709060632,3.7187756400502106,1300.0,3,456
14,False,Accumulate,1.2125067422328473,57.64977814679264,113.97245279868426,0.9883757611266509,0.3361604656350946,0.997262982573845,0.46921074964582843,3.7273598985309477,1400.0,3,456
15,False,Accumulate,1.2051334462705057,57.43312336546833,114.21034524200684,0.9904387782765104,0.3398010084026052,0.9966683606112519,0.46603282280377895,3.6655920289901984,1500.0,3,456
16,False,Accumulate,1.1949948080801476,57.82965872674746,117.62787882654658,1.0200758289396366,0.2894308357880091,0.9950262553855224,0.45850558233805594,3.6449623158569286,1600.0,3,456
17,False,Accumulate,1.253083443227861,58.0333457976934,114.85109737707509,0.9959954181806305,0.3604718438771895,0.99361522759219,0.4529943911661875,3.6719562267155057,1700.0,3,456
18,False,Accumulate,1.2272475766506874,58.04226708769097,116.4867869351285,1.0101802134729068,0.30887786235704584,0.9932053940681657,0.4515115289466244,3.682138668424613,1800.0,3,456
19,False,Accumulate,1.2823037338779883,57.93848520411974,112.55755344120456,0.9761056713371755,0.29045665864918935,0.99279607457264,0.45007473702803336,3.7055679926397067,1900.0,3,456
20,False,Accumulate,1.3185518438297967,57.79242053084296,114.57549551881195,0.9936053827840079,0.341442637177787,0.9931624464525254,0.4513587684338622,3.7304968535720304,2000.0,3,456
21,False,Accumulate,1.302131598559989,57.6743266225114,114.13164679565611,0.9897563007575894,0.34916669771236764,0.9929609604070697,0.45064845445217644,3.742918255643429,2100.0,3,456
22,False,Accumulate,1.3561974969465989,57.48047087328922,115.23814372654383,0.9993519067079343,0.33002245722898416,0.9928682755518558,0.4503251381994753,3.7563728009719908,2200.0,3,456
23,False,Accumulate,1.372093760185558,57.49186964743648,115.20802153022227,0.9990906852637602,0.3038575587885037,0.9922511321672033,0.44822412375164356,3.7313220143337773,2300.0,3,456
24,False,Accumulate,1.3549387525772267,57.55612325949578,113.89645346290663,0.9877166904521169,0.2954230967551751,0.9926207005755558,0.449471722014296,3.726424178906449,2400.0,3,456
25,False,Accumulate,1.3417796858639741,57.26485291590714,112.78892431724206,0.978112133074996,0.3327626067267994,0.9924806256411545,0.4489952368518001,3.7359738171396533,2500.0,3,456
26,False,Accumulate,1.3565823928310035,57.07145078936993,113.86855478684444,0.9874747515053777,0.3723076150673566,0.992972162078988,0.45068767421469064,3.737780375066809,2600.0,3,456
27,False,Accumulate,1.3771282896638548,57.10074057690105,114.76205377683173,0.9952232268834981,0.38245866333831674,0.993880624868481,0.45398029180897104,3.735904382881196,2700.0,3,456
28,False,Accumulate,1.333062654441574,56.913497291047314,115.02032490244292,0.9974629691552896,0.3385433044461411,0.9937069238479789,0.4533326566856884,3.709571002738491,2800.0,3,456
29,False,Accumulate,1.332553952083777,56.78602643539089,114.35980288613206,0.9917348836874327,0.36828081562246345,0.9938158277021053,0.45373763262698463,3.714286662248924,2900.0,3,456
30,False,Accumulate,1.3938878624544426,56.828428965500166,114.09921241525373,0.9894750279181472,0.36738953534056484,0.993147336144276,0.4513051372157028,3.720337654021723,3000.0,3,456
31,False,Accumulate,1.4066394893282579,56.902929632675935,114.77962802908289,0.9953756318245028,0.3620366760545328,0.992592677480242,0.4493760360484438,3.7250673933198475,3100.0,3,456
32,False,Accumulate,1.3915335920662992,56.789148816388135,114.40309383259392,0.992110305301239,0.28133508985334005,0.9921628233810541,0.4479304645682663,3.710314694799197,3200.0,3,456
33,False,Accumulate,1.4369569593351152,56.77087251924161,112.81652723661362,0.9783515072024561,0.33402076387875024,0.9922288886486208,0.44814999803341726,3.690393440618511,3300.0,3,456
34,False,Accumulate,1.385246103361577,56.7307681777166,114.18647668378743,0.990231788746867,0.3614041861410886,0.9912645017561267,0.44503294111601993,3.6705699644766265,3400.0,3,456
35,False,Accumulate,1.3984089537084472,56.6554173431325,116.21409743755983,1.007815434238167,0.3056656139138061,0.9913635458009544,0.44534481309310814,3.652544804498507,3500.0,3,456
36,False,Accumulate,1.3680945747055957,56.85719477656953,112.86782784333397,0.9787963890573992,0.33449204251777,0.9914914784707825,0.44575032517460467,3.645155966173764,3600.0,3,456
37,False,Accumulate,1.386450317507473,56.713641185321485,114.54695151783618,0.9933578475419625,0.3041338539007106,0.991952443630613,0.44723750677658536,3.6532612852284743,3700.0,3,456
38,False,Accumulate,1.3565656306348315,56.69943744961679,112.2036070364034,0.9730362274614583,0.363003277870259,0.9920015052541509,0.4473982857919453,3.6484267473860705,3800.0,3,456
39,False,Accumulate,1.3455007893723634,56.69778750629443,113.35912136165076,0.9830569151159254,0.30424614108849213,0.9922933141318541,0.448364987969498,3.659471685804327,3900.0,3,456
40,False,Accumulate,1.319900567535424,56.66781692887071,112.13487314634767,0.9724401631561738,0.3616463794851785,0.9917381322661343,0.44654090213233205,3.6530939971172107,4000.0,3,456
41,False,Accumulate,1.3490742244978784,56.535896095988335,112.41572435307715,0.9748757212090035,0.3517986240265536,0.9921670667672757,0.447944537223707,3.6434125270247084,4100.0,3,456
42,False,Accumulate,1.3463257522800396,56.49410618661757,113.89338387097473,0.9876900707717683,0.30975848724211097,0.9919813860986996,0.4473322938376659,3.6383323551774565,4200.0,3,456
43,False,Accumulate,1.3586084883090568,56.53775855081352,114.6748700160386,0.9944671642226022,0.29776986264561733,0.9912538597929366,0.4449995375433617,3.6440349755891743,4300.0,3,456
44,False,Accumulate,1.3511291992676489,56.435378530392256,112.78656420925492,0.9780916660808158,0.3623396162225603,0.9913135687838021,0.44518722082035767,3.641794349512392,4400.0,3,456
45,False,Accumulate,1.353734934909543,56.40123730475191,111.14411052836576,0.9638482119206115,0.30549855889655764,0.9921751697811105,0.4479714204987632,3.647309288991191,4500.0,3,456
46,False,Accumulate,1.3310303980884097,56.47898947000858,112.93542657734565,0.9793826092232317,0.3329356657624657,0.9919991867161415,0.44739067660615467,3.664711057101052,4600.0,3,456
47,False,Accumulate,1.3439131836500646,56.41267676771811,113.33612499823857,0.9828574893105441,0.3535092357653451,0.9920603728579644,0.44759185565058096,3.679118334791757,4700.0,3,456
48,False,Accumulate,1.3385342927754063,56.310533753132226,114.16240591097485,0.9900230456004722,0.3976464261297633,0.9921363559834441,0.44784277510684395,3.6720600508983106,4800.0,3,456
49,False,Accumulate,1.3610077553682134,56.27788518355196,115.57277967464155,1.0022538891763264,0.3604690661168175,0.9927381569127104,0.4498747822200345,3.6698265220322246,4900.0,3,456
50,False,Accumulate,1.367266644938473,56.31731823707533,113.18636671411483,0.9815587767320118,0.3522793785141456,0.9927187248398412,0.44980787463879945,3.6701263835325717,5000.0,3,456
51,False,Accumulate,1.3382863688822464,56.409065389265194,109.7950928384825,0.9521494517968225,0.3004120101743216,0.9923640127122785,0.44860195375674816,3.6633482630924394,5100.0,3,456
52,False,Accumulate,1.361867818858493,56.33350852836129,112.545566702231,0.9760017216373533,0.4608766730550189,0.9924865699546436,0.4490153661899359,3.6696388981335595,5200.0,3,456
53,False,Accumulate,1.3703946673159288,56.27399732319995,111.95767546131876,0.9709034944918633,0.34083930649352834,0.9928837153086919,0.45037885011529766,3.6664398714349926,5300.0,3,456
54,False,Accumulate,1.3569148082358329,56.32646552875552,112.0567196669843,0.9717624116227668,0.3350113195228558,0.992629044393504,0.44950024757939366,3.661511432338397,5400.0,3,456
55,False,Accumulate,1.3766773595285169,56.270868589867554,111.24804770391125,0.9647495611718258,0.37543675101991986,0.9921740084131374,0.44796756658278086,3.6700416125465263,5500.0,3,456
56,False,Accumulate,1.3921800059006386,56.33007670954551,112.14168693754073,0.9724992527509945,0.3164138594478495,0.992332786581983,0.44849715537864904,3.6691069499366966,5600.0,3,456
57,False,Accumulate,1.3975641494569266,56.3612751824828,111.8474530376859,0.9699476392024823,0.3328432681618794,0.9922565715305856,0.4482422665035761,3.6548575763961075,5700.0,3,456
58,False,Accumulate,1.3951476317773839,56.39174985253356,113.31402887951214,0.9826658704796081,0.2855108071200586,0.9923606074708082,0.44859051493429647,3.6583782987321958,5800.0,3,456
59,False,Accumulate,1.4082468368356373,56.4390409489964,112.43364915689004,0.9750311661536069,0.3479891465367012,0.9922640581706167,0.44826724833532267,3.6649515936699277,5900.0,3,456
60,False,Accumulate,1.4094943446835926,56.4306540955957,113.38950609006929,0.9833204132537635,0.35882779461999625,0.9922369689891247,0.4481769131240291,3.666054747380362,6000.0,3,456
61,False,Accumulate,1.406856809543389,56.624544918361956,113.09675376335983,0.9807816479940199,0.345757091016608,0.9918678171274116,0.4469613326287024,3.672191398227367,6100.0,3,456
62,False,Accumulate,1.4107893535328115,56.57709495010564,111.36307895650471,0.9657471189065551,0.34227415686288665,0.9918867543764076,0.44702300736415085,3.6777413452325374,6200.0,3,456
63,False,Accumulate,1.4151961550100587,56.49936919755058,113.98408725829042,0.9884766558392429,0.33870375072133874,0.9920661601176878,0.44761092435493305,3.6790153033789745,6300.0,3,456
64,False,Accumulate,1.4063613727720201,56.5635580310164,112.91702093792506,0.9792229944441808,0.312201497429067,0.9924670339120633,0.44894924096004046,3.6809222205772696,6400.0,3,456
65,False,Accumulate,1.4011168294255372,56.606362127955556,115.4129676991113,1.0008679903992694,0.32437642393211785,0.9923429085771128,0.4485311023834609,3.6790768493124513,6500.0,3,456
66,False,Accumulate,1.4185872794658287,56.63611995488516,114.33675217678164,0.9915349865909039,0.4141601232215812,0.9922186444338496,0.44811589543452524,3.682427044445236,6600.0,3,456
67,False,Accumulate,1.440660079314711,56.69054029486658,112.65075518455012,0.9769139222939239,0.34000821562028916,0.9918708418947284,0.4469711788253846,3.6852598764201887,6700.0,3,456
68,False,Accumulate,1.4369022601420425,56.65277665378132,113.70036816591147,0.9860162273147158,0.3635229779270147,0.9920048619485842,0.4474093040578095,3.688727029046713,6800.0,3,456
69,False,Accumulate,1.418600659593854,56.772397315483275,112.87590674953319,0.9788664498033746,0.3547745431496002,0.991673916801998,0.44633394803420245,3.689020885102015,6900.0,3,456
70,False,Accumulate,1.41456846974275,56.68154811109916,110.97921144143524,0.9624181974166514,0.3630352351134227,0.9917107896283351,0.44645268353099854,3.6897675326392814,7000.0,3,456
71,False,Accumulate,1.3961264572228314,56.741203321696815,115.1517058717375,0.9986023125872807,0.3420132915600319,0.9915913242005459,0.44606894455608465,3.69731828961452,7100.0,3,456
72,False,Accumulate,1.407902331858376,56.74290881584518,114.12269849940323,0.9896787006103385,0.32744200786666855,0.9913267636118389,0.44522878359423185,3.6935563748703135,7200.0,3,456
73,False,Accumulate,1.4002818169546527,56.79469039179698,114.53551947235133,0.9932587081764416,0.29891691546456933,0.9914439023091249,0.44559916570737185,3.693951187315148,7300.0,3,456
74,False,Accumulate,1.3946906932347578,56.777633518724386,110.65386586113651,0.9595967815599185,0.33605488704966235,0.9914031277275297,0.4454699523863649,3.697474606151039,7400.0,3,456
75,False,Accumulate,1.3996795371425805,56.806825634804326,115.16713120226667,0.9987360819537199,0.4195029031919664,0.9915418981164095,0.4459109837150567,3.7007982062213327,7500.0,3,456
76,False,Accumulate,1.3886489108618552,56.748914545957405,114.75369104616254,0.9951507047951574,0.38534245524132493,0.9914830744498643,0.44572359297633346,3.7097073943214958,7600.0,3,456
77,False,Accumulate,1.3946721948602014,56.758906637552826,112.42490825340703,0.9749553645285579,0.33123679091688535,0.991189052255681,0.44479655601822665,3.7104303295158565,7700.0,3,456
78,False,Accumulate,1.3841724829553377,56.741378798048366,112.54742585690752,0.9760178443351925,0.31308761008018615,0.9912280769006698,0.44491869347549634,3.7210264263349915,7800.0,3,456
79,False,Accumulate,1.374243279526257,56.74270802620531,111.6568558508295,0.9682947692764438,0.3699670816164922,0.9914995437497081,0.4457759923656624,3.7173793063464293,7900.0,3,456
80,False,Accumulate,1.3640026874293991,56.76670713531696,111.77471395491948,0.9693168416323019,0.3605577478701574,0.9912312187583829,0.4449285385891867,3.720432249946574,8000.0,3,456
81,False,Accumulate,1.368583049887097,56.74829475670044,111.77090530925409,0.9692838128348517,0.34758535971973475,0.9914244877931462,0.4455376032000169,3.727470880969422,8100.0,3,456
82,False,Accumulate,1.368672981779687,56.718097270333075,114.21151969721859,0.9904489632206379,0.35135464280641204,0.9916314239270418,0.4461974427196547,3.728266965922935,8200.0,3,456
83,False,Accumulate,1.3833111112778216,56.57861147508612,111.63020162270895,0.9680636222548699,0.3158464660511119,0.992056127797096,0.4475778728497138,3.7256120695728825,8300.0,3,456
84,False,Accumulate,1.3891607017046212,56.561974634024864,113.66406714161674,0.985701422713815,0.3016938962656086,0.9920896965289654,0.44768854769152405,3.7308264044231634,8400.0,3,456
85,False,Accumulate,1.3987560539949937,56.46970920458473,113.85134940028198,0.987325545389149,0.3510172090724458,0.992437266405072,0.44884864997202706,3.7343994136714387,8500.0,3,456
86,False,Accumulate,1.4056477801637746,56.458648019717145,113.52239691182402,0.9844728502143909,0.3561786301034306,0.992073617306588,0.44763550569884974,3.7437374423188956,8600.0,3,456
87,False,Accumulate,1.417896292497627,56.60755741012059,112.88741956368443,0.9789662895994834,0.3707469219029975,0.9915725258595246,0.4460088120440962,3.7416322574548566,8700.0,3,456
88,False,Accumulate,1.3995372519369464,56.588332811149826,114.18883636957806,0.9902522520797343,0.3281047322458715,0.9917321425244764,0.4465215642170347,3.7355082905094434,8800.0,3,456
89,False,Accumulate,1.3954442277830792,56.590815084021095,112.99678767902753,0.9799147362775256,0.33731114372887605,0.9918867343859638,0.44702294222123246,3.730609480184748,8900.0,3,456
90,False,Accumulate,1.4086978562629182,56.66346453695719,111.29635360423666,0.9651684727581663,0.37197548149788384,0.9918064502811864,0.446761968019001,3.7354176589209254,9000.0,3,456
91,False,Accumulate,1.3898051676019647,56.597592732754336,112.4105263157713,0.9748306435261742,0.4200955227911615,0.9917066405340274,0.44643930964061507,3.734304118538496,9100.0,3,456
92,False,Accumulate,1.3963599427672129,56.606229655849006,113.38396412740391,0.9832723530301478,0.317187365664379,0.9915390557752555,0.4459019140106847,3.7355870502130046,9200.0,3,456
93,False,Accumulate,1.3839632687873595,56.567683100093944,112.29488177316131,0.9738277673046349,0.3738417240674422,0.9916630176263933,0.44629890187030336,3.7431115119002167,9300.0,3,456
94,False,Accumulate,1.382941682945516,56.55164733182697,112.87031772674273,0.9788179814716081,0.3388239319007711,0.991743144438798,0.44655708937939353,3.738969675048731,9400.0,3,456
95,False,Accumulate,1.3996861514034518,56.51934038831369,112.41503592774387,0.9748697511443426,0.32566589323364004,0.9918789597075989,0.4469976129705952,3.741060488989621,9500.0,3,456
96,False,Accumulate,1.397503456719312,56.575308083549935,110.81865209419135,0.9610258173884836,0.3092060602858102,0.9918910294359382,0.4470369403679097,3.7422252398768694,9600.0,3,456
97,False,Accumulate,1.4026653911373628,56.57842220189336,114.63491917929444,0.9941207082351681,0.35784748441201614,0.9920611840905659,0.4475945281964186,3.7444556471890627,9700.0,3,456
98,False,Accumulate,1.4054258644469557,56.557572853593214,112.18608219454461,0.9728842510102592,0.33170874533902495,0.9923193927740005,0.4484522700224001,3.7453669219886985,9800.0,3,456
99,False,Accumulate,1.4184779817129065,56.50346796877012,111.88383045523828,0.9702631062901712,0.33379808732944954,0.9922532462783292,0.4482311745133979,3.7502010789257327,9900.0,3,456
100,False,Accumulate,1.4241131496815824,56.48525640385323,114.38213734909371,0.9919285694534842,0.33597729072693594,0.9923274166268179,0.44847915484439427,3.746015714577063,10000.0,3,456
101,False,Accumulate,1.4318229288242208,56.45686452823385,113.45013682536478,0.9838462065281365,0.3593326088723947,0.9923114568456614,0.44842569368489227,3.745954450968386,10100.0,3,456
102,False,Accumulate,1.4250266668766411,56.42292356509654,113.21048247185473,0.9817679099903214,0.3325018792544554,0.9923736226134687,0.4486342489901876,3.7447593170521056,10200.0,3,456
103,False,Accumulate,1.424296855187915,56.35743085611315,112.59709848885754,0.9764486082979326,0.3564185578399663,0.9923256333887666,0.4484731786835909,3.7411788859834973,10300.0,3,456
104,False,Accumulate,1.4278981763322403,56.360728289253615,112.95534918066602,0.9795553792017385,0.3150036286910315,0.9922570982675718,0.44824402375129746,3.7433359234081545,10400.0,3,456
105,False,Accumulate,1.4295043770835487,56.362958342857674,111.64112755599757,0.9681583725858927,0.3223625756489251,0.9920396577431095,0.44752365768997204,3.7379529413011676,10500.0,3,456
106,False,Accumulate,1.4267336567523663,56.362558313969004,111.95056148763099,0.9708418016969325,0.3149841483030269,0.9919743344471726,0.4473091837334677,3.7339750144957033,10600.0,3,456
107,False,Accumulate,1.4247288345820521,56.370685002029575,115.0285157708954,0.9975340008444585,0.35330504713251515,0.9917548498935556,0.44659491241878857,3.729286202484098,10700.0,3,456
108,False,Accumulate,1.4243379786729098,56.333399003619206,112.65842661361754,0.9769804493744354,0.33361761861446027,0.9917595596595311,0.4466101383827009,3.728749188710453,10800.0,3,456
109,False,Accumulate,1.4091207694759862,56.27420554009344,115.05728488049598,0.9977834882416337,0.3062072677601577,0.991727525346205,0.4465066624385718,3.7235962408352488,10900.0,3,456
110,False,Accumulate,1.4110379405593996,56.29480872790168,112.4927460308054,0.9755436576925884,0.326080685634482,0.9915192034955391,0.44583860950989895,3.7232407125085363,11000.0,3,456
111,False,Accumulate,1.4110789471147571,56.32237122270676,109.87911867083463,0.9528781287180083,0.3714855589055779,0.9914812619171479,0.4457178292632916,3.7227723872555845,11100.0,3,456
112,False,Accumulate,1.4105627988915335,56.29198540091763,113.43431730655053,0.9837090187378876,0.3520213711714453,0.9915898465017104,0.44606421521638084,3.725466619580379,11200.0,3,456
113,False,Accumulate,1.4083199927497467,56.277270320214846,114.07624593398867,0.9892758612524895,0.3462194252877959,0.9917624739021852,0.4466195618819423,3.7252589154109237,11300.0,3,456
114,False,Accumulate,1.4271517259037283,56.236466286405516,113.73323299953123,0.9863012330695766,0.3295344625672371,0.9921301313459394,0.44782217374490935,3.724189456363222,11400.0,3,456
115,False,Accumulate,1.4258946869843343,56.225823392248955,112.6173131858217,0.9766239113295624,0.3306061549326365,0.992260760361313,0.44825624252706076,3.7315181560014157,11500.0,3,456
116,False,Accumulate,1.439618073480732,56.225720218621525,114.94996400634828,0.9968527953586975,0.2976633097122534,0.9922615553058145,0.44825889528671764,3.733418436245271,11600.0,3,456
117,False,Accumulate,1.448239518706387,56.23330021336615,111.90566372802365,0.9704524457057688,0.37448284495866335,0.9923105846206379,0.4484227735639383,3.7424608637082755,11700.0,3,456
118,False,Accumulate,1.4524021874172768,56.23982443255113,114.62393684016445,0.9940254687493975,0.3381456553632901,0.9921056859628696,0.4477413472714519,3.73695960210709,11800.0,3,456
119,False,Accumulate,1.4581649688793663,56.244225571152924,113.54001179131834,0.9846256074772192,0.34844780964130906,0.9920866132599845,0.44767837243414926,3.7350666969815816,11900.0,3,456
120,False,Accumulate,1.4544452991097214,56.24438908406441,109.67522930449141,0.9511099882358423,0.3350977586336228,0.9921832388480378,0.4479982050598314,3.7375355501698313,12000.0,3,456
121,False,Accumulate,1.445047382483814,56.277090023341216,113.33258107941539,0.9828267562397166,0.3511212053880331,0.9921836705745384,0.4479996385298011,3.7420849530324816,12100.0,3,456
122,False,Accumulate,1.4500836534604047,56.31442299120577,110.97082817520679,0.9623454972427425,0.3397287397883173,0.9920826175390909,0.4476651889112973,3.7411282561277903,12200.0,3,456
123,False,Accumulate,1.4573716753862542,56.25209914254009,111.38598355415492,0.965945748913894,0.3937923126629018,0.9921533890374525,0.4478991904765105,3.7383174786394178,12300.0,3,456
124,False,Accumulate,1.4532866150572976,56.21335943594096,114.16181005993779,0.99001787834551,0.3485890689468223,0.992212877714824,0.44809670817582875,3.7383073864522953,12400.0,3,456
125,False,Accumulate,1.4474200774620471,56.142731682823865,110.55749145298971,0.9587610170688842,0.34585764570760646,0.9921464179321768,0.4478760939651669,3.736002777026927,12500.0,3,456
126,False,Accumulate,1.444228336324942,56.171677765641704,112.87194162272246,0.978832063992301,0.3669450308914774,0.9921501476170104,0.44788844979159786,3.734619652469428,12600.0,3,456
127,False,Accumulate,1.4524935157089123,56.17346258604489,110.27571568419685,0.9563174411598914,0.35323772902765793,0.9921287330948443,0.4478175471522219,3.7334682921702003,12700.0,3,456
128,False,Accumulate,1.4426489173031234,56.147525444074304,113.41698240665401,0.9835586894744688,0.3597882753088233,0.9922551599654871,0.4482375576762769,3.733160189088217,12800.0,3,456
129,False,Accumulate,1.4289928459287338,56.13982002614229,113.00166042906139,0.979956993050151,0.3337277521028903,0.9920318535653438,0.44749798804786634,3.7299944501821503,12900.0,3,456
130,False,Accumulate,1.4219548644608393,56.15592448887247,111.81461169566573,0.9696628371681439,0.34661436511924476,0.991948460073061,0.44722447398782783,3.732445809872091,13000.0,3,456
131,False,Accumulate,1.4300061875084387,56.22013578471554,111.69140243610968,0.9685943592798365,0.3758028460445463,0.9919470587590873,0.4472198901559351,3.7314478307757892,13100.0,3,456
132,False,Accumulate,1.4272485745842782,56.19980832898346,109.44339234239257,0.949099484572501,0.3304619020800697,0.9920159199138566,0.4474456180147524,3.7298961484505617,13200.0,3,456
133,False,Accumulate,1.4289829745326503,56.20417419252356,112.25354112783374,0.9734692588160683,0.32086571724656243,0.9918411422084807,0.446874580268098,3.7244025770623694,13300.0,3,456
134,False,Accumulate,1.4228759420410209,56.198992408860924,111.77157940060235,0.969289658594358,0.36367201454928055,0.9919200082131114,0.44713148370328337,3.722480533516539,13400.0,3,456
135,False,Accumulate,1.4227672370078517,56.22994175136613,114.4878214032751,0.9928450677381617,0.336342461932164,0.9919842078818206,0.4473415444206272,3.72486807006647,13500.0,3,456
136,False,Accumulate,1.4167077174064455,56.23843804011305,110.77669453853873,0.9606619590175804,0.35015804186359906,0.991974702187274,0.44731038866145734,3.72478952019226,13600.0,3,456
137,False,Accumulate,1.4224089661756012,56.177924760489724,110.57793568897064,0.9589383106762613,0.28921449471325145,0.9920776346959543,0.44764875315296593,3.7213298004540403,13700.0,3,456
138,False,Accumulate,1.415143680800916,56.195956675071784,111.39050929014638,0.9659849963604951,0.38439597783989465,0.9919793074000717,0.44732548033746167,3.718411991554134,13800.0,3,456
139,False,Accumulate,1.4216164936178084,56.2124613893383,109.90287347054739,0.953084131727244,0.3186307973343279,0.9918633091341252,0.44694666166437963,3.721303485255729,13900.0,3,456
140,False,Accumulate,1.4159440626641877,56.23922814014533,111.52180307208485,0.9671235836986464,0.3201405091611388,0.9918226552197935,0.4468145404001389,3.719486995051352,14000.0,3,456
141,False,Accumulate,1.406952820926896,56.26455307905415,113.02015488451033,0.9801173780469824,0.3430922020654139,0.9917533698308028,0.4465901285021022,3.7255691163773887,14100.0,3,456
142,False,Accumulate,1.405367259217051,56.31526241775441,114.85916932999179,0.9960654186273341,0.3803878657717943,0.991628590913374,0.4461883542748693,3.7241245420431546,14200.0,3,456
143,False,Accumulate,1.3943058882485246,56.305530929749764,114.42802769864632,0.9923265332425723,0.36118689972056195,0.9916775357483266,0.446345589812843,3.720174528389002,14300.0,3,456
144,False,Accumulate,1.4021511581893078,56.2834359707408,111.8017791711515,0.9695515527667602,0.39396919222118026,0.991626351406006,0.44618117092161275,3.7195134235139626,14400.0,3,456
145,False,Accumulate,1.4063130419189407,56.27715237133525,113.46406059599246,0.9839669542794919,0.3401764836789925,0.9917426209058767,0.4465553983532686,3.7173243047072644,14500.0,3,456
146,False,Accumulate,1.4025342264143579,56.260395885448986,112.85182062318876,0.9786575735102555,0.3351914886060062,0.9916763824750242,0.4463418795747477,3.71024311212886,14600.0,3,456
147,False,Accumulate,1.3988088345902894,56.29347712267495,113.04483820609114,0.9803314332520385,0.32496766515884035,0.9915096040286727,0.4458080256804817,3.7100277281636664,14700.0,3,456
148,False,Accumulate,1.3950423918833206,56.32772025972492,112.68175493591588,0.9771827539466478,0.38248071934411876,0.9916250035315368,0.4461768479997301,3.7100413151924863,14800.0,3,456
149,False,Accumulate,1.3943140213237046,56.293719573428994,112.58346574909942,0.9763303843832601,0.3616505042266088,0.9915818974217449,0.44603878154430565,3.708057554975898,14900.0,3,456
150,False,Accumulate,1.3880213993362578,56.281304687288795,111.45666123290566,0.9665586698681645,0.35352496408893463,0.9914874950857907,0.4457376528425067,3.708133884307553,15000.0,3,456
151,False,Accumulate,1.3869052541584521,56.25972208191549,114.31660750470094,0.9913602908191494,0.3050624631183911,0.9915383371115145,0.4458996210495603,3.709795697316559,15100.0,3,456
152,False,Accumulate,1.3946614486969255,56.24563055025298,112.09974505187449,0.9721355302711275,0.30506684178974364,0.9915574775784,0.44596072389917163,3.7132645502275605,15200.0,3,456
153,False,Accumulate,1.3976334152740255,56.23664382194156,114.10161862319205,0.9894958946937941,0.34754129055475225,0.9916580519116629,0.44628294231683063,3.7109811078309667,15300.0,3,456
154,False,Accumulate,1.4061249009102355,56.20786781651037,109.99146365800419,0.9538523910022342,0.3290993609669301,0.9916900283592534,0.44638579683448576,3.7056051739164513,15400.0,3,456
155,False,Accumulate,1.407611843719776,56.158689780146986,110.89961518891396,0.961727934070231,0.38145700883147254,0.9915411537164355,0.4459086082406114,3.708010115725164,15500.0,3,456
156,False,Accumulate,1.403540763279137,56.13275884646995,112.58225582028601,0.9763198918099891,0.34306025954212016,0.9915386347400597,0.44590057064824595,3.7074322942357814,15600.0,3,456
157,False,Accumulate,1.403882268830232,56.1142083802259,112.43712547849276,0.9750613130173941,0.38047000054902713,0.9916499865637151,0.4462570308792031,3.7101799095807753,15700.0,3,456
158,False,Accumulate,1.4058355036352475,56.09804900093955,111.1910599731043,0.9642553602449518,0.37563247485833207,0.9916314874693039,0.44619764658404376,3.7107790969171526,15800.0,3,456
159,False,Accumulate,1.4000951951742189,56.14420346608281,110.53959060002586,0.9586057798274411,0.37734703154501414,0.9915449446588749,0.44592070671324463,3.708799084523016,15900.0,3,456
160,False,Accumulate,1.3940340487143574,56.12404378542868,112.5952766769755,0.9764328094389861,0.35658322596195247,0.991528810756589,0.44586923560921493,3.7071270964075214,16000.0,3,456
161,False,Accumulate,1.3838736419936968,56.127397429506715,111.30411706571414,0.9652357979491082,0.3760879598573196,0.9913916533811444,0.4454336461651604,3.703355632078267,16100.0,3,456
162,False,Accumulate,1.3922187220221582,56.121315467918095,113.22026194119663,0.9818527181191004,0.3266630954943348,0.9914434916646756,0.4455978628464086,3.705850840755018,16200.0,3,456
163,False,Accumulate,1.3919436730091508,56.130625548776855,112.17771333096539,0.9728116757369649,0.3239197277889122,0.9914140554614005,0.445504551726827,3.7041519363073263,16300.0,3,456
164,False,Accumulate,1.3920299595074306,56.124793017818796,112.53751643063697,0.975931909212345,0.3360215134056316,0.9914804248428971,0.44571516764050045,3.7000594737480688,16400.0,3,456
165,False,Accumulate,1.4070548423996523,56.12610672152172,111.54813102314549,0.967351901226518,0.31807731581550547,0.991582229441532,0.44603984362450566,3.703567040741224,16500.0,3,456
166,False,Accumulate,1.400863647945206,56.13154436800501,112.64900021581369,0.9768987031026366,0.33702506106406094,0.9915920728405915,0.4460713407201334,3.7034030045710757,16600.0,3,456
167,False,Accumulate,1.4025560214350068,56.15972421913515,111.58523965791744,0.9676737094726026,0.3381105703215719,0.9915669665144108,0.44599104162710485,3.703295413123682,16700.0,3,456
168,False,Accumulate,1.3920842869338312,56.17478608092742,114.38157920129447,0.9919237291632005,0.3800492440750463,0.99151487222358,0.44582480795537976,3.7056141671705256,16800.0,3,456
169,False,Accumulate,1.3927245489474935,56.19453063251483,112.37591102378244,0.9745304576941947,0.3925857055997356,0.9915313909660013,0.4458774637957711,3.7055179607844804,16900.0,3,456
170,False,Accumulate,1.3960129973034443,56.201627143844505,111.12470631408335,0.9636799374420908,0.322200048419927,0.9916295790587225,0.44619152411721597,3.70674025136726,17000.0,3,456
171,False,Accumulate,1.39651842623726,56.20301020216476,113.55324105575325,0.9847403324303454,0.3651053307741839,0.9916053895027618,0.4461139811596658,3.7097047126832843,17100.0,3,456
172,False,Accumulate,1.392677559033194,56.23457720004133,113.25706896108066,0.9821719107432773,0.355259122057359,0.9916236799398966,0.4461726032985648,3.7123101904526905,17200.0,3,456
173,False,Accumulate,1.3899562902188674,56.1946556460868,113.62252309679215,0.9853411503329415,0.3721473823650061,0.991558900739084,0.44596526989131335,3.71497210147935,17300.0,3,456
174,False,Accumulate,1.3882199002767803,56.169663119861134,111.04756527010774,0.9630109658074434,0.36109753915037934,0.9915839019208933,0.44604519394897973,3.713057236123079,17400.0,3,456
175,False,Accumulate,1.3771695822302188,56.14285271107163,111.39001387063618,0.9659807000535942,0.3630752872935329,0.9916332548425066,0.44620331720813866,3.711607956002383,17500.0,3,456
176,False,Accumulate,1.3871726627806762,56.12832533950635,110.4503134803644,0.9578315634362887,0.3639513038206047,0.9915687800568083,0.44599683795800754,3.7079800661796942,17600.0,3,456
177,False,Accumulate,1.3903394185852422,56.11693362705693,111.68573622397159,0.9685452215575433,0.29352023642916225,0.9916461764879657,0.4462447946763583,3.707032298123155,17700.0,3,456
178,False,Accumulate,1.3868469233649587,56.104582121816634,112.77705690646198,0.9780092181962305,0.3416484450522088,0.9917476336221182,0.4465715917823369,3.706345876864418,17800.0,3,456
179,False,Accumulate,1.3845751882923878,56.10709298567632,112.0661316923205,0.9718440332556875,0.35823708338049287,0.9917704516587548,0.4466453673469255,3.709557219692963,17900.0,3,456
180,False,Accumulate,1.3738276297744776,56.07380531205662,112.26100372428408,0.9735339748879388,0.3730145762068383,0.9918010908731212,0.4467445924292008,3.7034005246422916,18000.0,3,456
181,False,Accumulate,1.3702135940468116,56.07018302520236,111.22700486669166,0.9645670764595776,0.3586269702579311,0.9916595534687942,0.44628776774069195,3.7072545986535563,18100.0,3,456
182,False,Accumulate,1.369736504738103,56.104100087792666,110.85329790420532,0.9613262678745575,0.35730637564697154,0.9916932257078003,0.44639609227114063,3.7064842769933377,18200.0,3,456
183,False,Accumulate,1.3727699922852719,56.089024958280426,110.46087982269555,0.9579231953735456,0.3430811160271559,0.9918230628188225,0.4468158634160536,3.7083983902908875,18300.0,3,456
184,False,Accumulate,1.3677695193078112,56.08934961774211,113.1009491815414,0.9808180309052992,0.3429666281214383,0.9918320009780801,0.4468448839144241,3.708016162581244,18400.0,3,456
185,False,Accumulate,1.3716023410859717,56.1028188703546,115.06895064113874,0.9978846543986416,0.3711590882323264,0.991884508101172,0.44701568792534596,3.7068077857755237,18500.0,3,456
186,False,Accumulate,1.368963298210015,56.10581067319873,111.33164952292132,0.9654745610245674,0.3772763813365074,0.9918404814824727,0.4468724332617941,3.7078004519389522,18600.0,3,456
187,False,Accumulate,1.369773975245036,56.046487602932594,110.08478409033434,0.9546616712367826,0.3228770021307995,0.9918327013277369,0.4468471584906758,3.707352701994452,18700.0,3,456
188,False,Accumulate,1.374092520860413,56.04436634113298,111.9484949931614,0.9708238809363092,0.29905290390756567,0.9917317913363752,0.4465204306229159,3.708282914766235,18800.0,3,456
189,False,Accumulate,1.372746871673122,56.0696360743095,111.14371241089995,0.9638447594227174,0.31019823920376505,0.991657269656364,0.4462804286239136,3.713253462527104,18900.0,3,456
190,False,Accumulate,1.3760085700002544,56.06714736099602,111.58873613937405,0.9677040311638191,0.36517316258408544,0.9914917731875295,0.4457512628747524,3.713858488857083,19000.0,3,456
191,False,Accumulate,1.3791559674251859,56.12927233339854,112.99562475923523,0.9799046513692286,0.32404110612801085,0.9913931257872096,0.44543830367424814,3.7198730926182715,19100.0,3,456
192,False,Accumulate,1.375096505102685,56.125751155925634,111.45434934781316,0.9665386210657405,0.35985977833943983,0.99138602433368,0.4454158440775517,3.7209235587690888,19200.0,3,456
193,False,Accumulate,1.3787596353096436,56.16281829802556,111.41494989507578,0.9661969467125873,0.3614102443920557,0.99121832770724,0.44488815534689097,3.7210466054202507,19300.0,3,456
194,False,Accumulate,1.3797010865787533,56.161182142268494,114.35609136756051,0.9917026971818078,0.39669214779342027,0.9913640819203354,0.44534650611896776,3.720543245581742,19400.0,3,456
195,False,Accumulate,1.385506710095164,56.17507813931298,112.87030234687892,0.9788178480965317,0.3228007524567642,0.991430549816504,0.44555681805370995,3.721191626756616,19500.0,3,456
196,False,Accumulate,1.3816068270261705,56.169275964754746,111.23386475540933,0.9646265658148215,0.35285518972367674,0.9913363968128803,0.44525914758614915,3.7189384224599484,19600.0,3,456
197,False,Accumulate,1.38255760247703,56.17238111414784,111.93725670975972,0.9707264218868799,0.33450723543136285,0.9912635674665677,0.4450300076977339,3.7178786877826555,19700.0,3,456
198,False,Accumulate,1.385161376937592,56.206957765360826,111.87673357505744,0.9702015617311298,0.33707944482639085,0.9912522422386413,0.4449944620664442,3.717401602115602,19800.0,3,456
199,False,Accumulate,1.3828879965605338,56.235328347807595,113.57765031301572,0.9849520109336408,0.35868841084938474,0.99129958042677,0.44514319315262996,3.716745070355764,19900.0,3,456
200,False,Accumulate,1.3777689953381587,56.20882486103497,112.15557231356,0.9726196675420652,0.3509244408082529,0.9912677867101931,0.4450432562427219,3.714721604855949,20000.0,3,456
0,True,Accumulate + Select,3.8518598887744724e-33,57.34900974671953,114.91299623408656,0.9965322086805213,0.048417818885329075,1.0,0.5,1.7999999999995675,,3,456
1,True,Accumulate + Select,1.4367972767742425,54.64981056521972,109.18054055098457,0.946820018499631,0.35197629154268767,0.825114560188414,0.2589215156693486,2.9486135835143266,100.0,3,456
2,True,Accumulate + Select,2.007753226342994,44.43523026342448,88.78349824106341,0.7699356773912543,0.47977375767615893,0.6146797800239059,0.15194235526857458,3.633123102459083,200.0,3,456
3,True,Accumulate + Select,2.646596849974192,40.66599380385628,82.61796683323013,0.7164678292549033,0.521656080324624,0.47309770153185476,0.10129831669707036,3.7795942399272846,300.0,3,456
4,True,Accumulate + Select,3.5056963909581356,37.902238243052686,76.51845752337242,0.6635725286046806,0.6042507621308475,0.3930571621434959,0.07742969329319722,3.789051865315469,400.0,3,456
5,True,Accumulate + Select,4.601621683766228,36.72983583920187,74.50680474517945,0.6461273583293597,0.6998618826911271,0.3377178287354268,0.06260952692737161,3.858820903697484,500.0,3,456
6,True,Accumulate + Select,5.67252474563716,35.60189389709364,71.89613339611552,0.6234874640538511,0.79147631167232,0.29495809599347694,0.0520299141935248,3.9544850409430383,600.0,3,456
7,True,Accumulate + Select,6.943253911831014,34.82646050661067,69.64402820746577,0.6039570764443053,0.8532681724676603,0.26308229913988096,0.04461876637845705,4.056135897185159,700.0,3,456
8,True,Accumulate + Select,8.580216837560107,34.78233236492215,69.39595540977842,0.6018057746673563,0.9658551705268283,0.2382616132443784,0.03912407979447245,4.1795899737238615,800.0,3,456
9,True,Accumulate + Select,10.294153774339836,34.787105447719114,69.6831108499383,0.6042960034003555,1.0597454437878628,0.21775291814522935,0.03476518197909651,4.330410065890777,900.0,3,456
10,True,Accumulate + Select,12.102454191116781,35.07824783890268,71.29747191200894,0.6182958367309208,0.9863007268081447,0.2011929691240646,0.03136524793969866,4.480742333728358,1000.0,3,456
11,True,Accumulate + Select,14.098910307795958,35.29265359059732,69.79549806011376,0.6052706318449523,1.1093787189803033,0.18782062308514466,0.02869816818711147,4.632838399947516,1100.0,3,456
12,True,Accumulate + Select,16.3426658547858,35.772256237185005,71.2162236312195,0.6175912468989608,1.1031560632576438,0.1763216824118645,0.026461150279252006,4.814344735691626,1200.0,3,456
13,True,Accumulate + Select,18.908845725261212,36.58044838994502,72.07751884827458,0.6250604492790764,1.3974140877171304,0.1659868094330858,0.0244954897348799,5.0068632957264985,1300.0,3,456
14,True,Accumulate + Select,21.50267346753215,37.11262678044024,74.323973537803,0.6445418354305275,1.1295743263879334,0.15673319721331969,0.022771907292702624,5.2168831128285875,1400.0,3,456
15,True,Accumulate + Select,24.40224454963424,38.01132195156611,77.06316566533346,0.6682962693962698,1.293065892622585,0.14892510996423655,0.021344627876559445,5.4244220480793715,1500.0,3,456
16,True,Accumulate + Select,27.37318336936644,38.645881645190855,76.36900231274308,0.6622764442971766,1.3338703910772183,0.142117189690158,0.02012060845060483,5.637526245399582,1600.0,3,456
17,True,Accumulate + Select,30.349747311312036,39.14663633856597,77.60612125111122,0.6730048119183736,1.713296826663551,0.13623476009198646,0.01907848347989837,5.848127166222937,1700.0,3,456
18,True,Accumulate + Select,33.0192230249217,39.40437692374658,79.78556211943072,0.691905050301948,1.5923415484592174,0.13079504757257374,0.01812771397786863,6.020963529838074,1800.0,3,456
19,True,Accumulate + Select,35.504711521402626,39.547125117964605,78.66679720911526,0.6822030557181515,1.484648999708161,0.12593842711306336,0.017289464442162235,6.1798462529867,1900.0,3,456
20,True,Accumulate + Select,37.862528603050265,39.63234200621916,79.465554869026,0.6891299287535552,1.7860353443012145,0.12144271459993129,0.01652251967155574,6.329472509664743,2000.0,3,456
21,True,Accumulate + Select,40.02484244712957,39.44542082470981,78.2398723185402,0.6785007381554035,1.6501608048129888,0.11720878392935867,0.01580824009275514,6.458303408121774,2100.0,3,456
22,True,Accumulate + Select,41.934422373033165,39.23603928801508,78.85802155264365,0.683861364383445,1.9283632255881367,0.11331468447125219,0.015158220678098642,6.563815679059216,2200.0,3,456
23,True,Accumulate + Select,43.865381926471436,39.093888040944705,77.49294574656531,0.672023347338998,1.7035915356075648,0.10968640361603069,0.01455861154745973,6.672800813742097,2300.0,3,456
24,True,Accumulate + Select,45.45794243840158,38.807965541226125,77.16792478058602,0.6692047465565851,1.6838968250693496,0.1062642005757757,0.013998453527793924,6.75763306887223,2400.0,3,456
25,True,Accumulate + Select,46.971769793780204,38.457016258570206,76.80189149143969,0.6660304845145395,1.8529731712713593,0.10306855945471388,0.013480157985795571,6.843519710860902,2500.0,3,456
26,True,Accumulate + Select,48.39165751419422,38.22271618479744,74.73903422428972,0.648141265923128,1.709422495478043,0.10011247032419329,0.013004866145876329,6.91757577609624,2600.0,3,456
27,True,Accumulate + Select,49.675427818900474,37.915402469712085,76.02232841011137,0.6592700679846338,1.792560203389034,0.09736144761744986,0.012566166157674847,6.982129413339999,2700.0,3,456
28,True,Accumulate + Select,50.726485363006134,37.61026749104293,76.00561676083586,0.6591251435869679,1.7233594354376973,0.09471602082123537,0.012147630351567807,7.0289668676662735,2800.0,3,456
29,True,Accumulate + Select,51.57534149201303,37.216064355152,73.68154764434544,0.638970680595989,1.7397336671189247,0.09225660418656999,0.011761476551025288,7.070086622992455,2900.0,3,456
30,True,Accumulate + Select,52.45075521866565,36.805684333994094,71.80016692268629,0.6226552371964912,2.0487744661616683,0.08993650566854214,0.011399830986440113,7.1109317981830245,3000.0,3,456
31,True,Accumulate + Select,53.176902205754516,36.370096921493456,73.10373336673301,0.6339598414642403,1.997421218581949,0.08779212756657805,0.011067871441934886,7.145643619924835,3100.0,3,456
32,True,Accumulate + Select,53.96528373993969,36.06513523416767,71.98356168561718,0.624245647281976,2.0685689430085277,0.0857231069465315,0.010749687514051516,7.178429682155604,3200.0,3,456
33,True,Accumulate + Select,54.49919592671122,35.88231449441615,72.54780437012147,0.629138792766369,1.9616258974961438,0.08383364410381096,0.01046094355909706,7.1961612350594395,3300.0,3,456
34,True,Accumulate + Select,55.114591930336424,35.60348547773844,71.9519521633753,0.6239715276606332,1.8805889935127993,0.08205425590993189,0.010190629561310402,7.226044205982973,3400.0,3,456
35,True,Accumulate + Select,55.761067943415156,35.29320983014967,70.5573280141409,0.6118772656601487,2.0049167047426306,0.08037126035731526,0.009936407063542565,7.255861637289148,3500.0,3,456
36,True,Accumulate + Select,56.3079059335023,35.094827474253016,69.5807299360449,0.6034081501409985,1.7469849748593496,0.07875471975550832,0.009693559466437173,7.2750009473342185,3600.0,3,456
37,True,Accumulate + Select,56.7482534008252,34.80052915255184,69.97814861489923,0.6068545881139743,2.04770776206053,0.07719611935410807,0.00946066647169854,7.287503574351244,3700.0,3,456
38,True,Accumulate + Select,57.11688927891007,34.53605002737494,69.49422838367396,0.6026580036313477,1.6726990262122146,0.07573900319430334,0.009244057078418773,7.3000569821909655,3800.0,3,456
39,True,Accumulate + Select,57.47497908910423,34.210237000294896,68.89593327962261,0.597469553577635,2.056798397094215,0.07435988413197268,0.00904004678170293,7.313810873842028,3900.0,3,456
40,True,Accumulate + Select,57.79413676545422,33.90324982009453,67.94057823624867,0.589184658895156,2.040493698849521,0.07302024749662235,0.0088428195037545,7.321107101169847,4000.0,3,456
41,True,Accumulate + Select,58.059674425874654,33.66245225136578,67.83615941356534,0.5882791327718577,2.2075340109069357,0.07175954973481387,0.008658068724178253,7.323619640593322,4100.0,3,456
42,True,Accumulate + Select,58.29812756987063,33.48517161983745,66.37844718428065,0.5756377672598968,2.143807187998453,0.07054180368899951,0.008480405219332948,7.324982529142668,4200.0,3,456
43,True,Accumulate + Select,58.517930264193865,33.261470631201746,66.06286959931415,0.5729010600286617,1.7848678140549064,0.06940462110118921,0.008315204183544587,7.32504668442376,4300.0,3,456
44,True,Accumulate + Select,58.79782184914528,33.040241849585136,66.6108521313705,0.5776531965222228,1.863387401171264,0.06833605873324693,0.008160599863182516,7.328103311221627,4400.0,3,456
45,True,Accumulate + Select,58.88778536304304,32.8348118859534,64.79735645181364,0.5619264561690258,2.291974873894018,0.067321127227434,0.008014322446375401,7.3211462568402625,4500.0,3,456
46,True,Accumulate + Select,59.01039151274487,32.677211476235506,65.4758163352734,0.5678100998674983,2.27637081822448,0.06632545524799043,0.007871361508853696,7.317792145731435,4600.0,3,456
47,True,Accumulate + Select,59.252194628773644,32.47275826452024,66.08719788693413,0.5731120363584927,2.3273178423889487,0.06534979575480501,0.00773179691537981,7.322305641659682,4700.0,3,456
48,True,Accumulate + Select,59.39332452711073,32.28369152439548,65.23568441184278,0.5657276618154651,2.0101986424137235,0.06492504088690237,0.007671199843502354,7.328589068663157,4800.0,3,456
49,True,Accumulate + Select,59.49268495148322,32.11878482659407,64.74222798852205,0.561448378918536,2.1031977377755195,0.06829339052054836,0.008154439132792549,7.418385732374948,4900.0,3,456
50,True,Accumulate + Select,59.73492745645494,31.972365060418774,63.96247456313456,0.5546863117138424,2.1254837903535377,0.06813625374056498,0.008131759071368124,7.400933327379046,5000.0,3,456
51,True,Accumulate + Select,59.8166003255242,31.804695709347794,63.76228030862389,0.5529502154571034,2.395734006091828,0.06761403793173636,0.008056481360526117,7.3901556972856834,5100.0,3,456
52,True,Accumulate + Select,59.89498583873565,31.650832212733963,63.34488421096763,0.549330532142566,2.238354316354445,0.06702999491375261,0.007972465423079871,7.383456616533542,5200.0,3,456
53,True,Accumulate + Select,59.978950537561055,31.462981572532968,63.10773567713767,0.5472739662192346,2.2816592430832623,0.06674988652506227,0.007932236644285324,7.376483223420139,5300.0,3,456
54,True,Accumulate + Select,60.04800030206972,31.288717060755026,63.83319307727041,0.553565175124668,2.000192873944407,0.06701868666784017,0.007970840525368403,7.369567116578984,5400.0,3,456
55,True,Accumulate + Select,60.089549015508055,31.19154573984571,62.2473025553935,0.5398122399799598,2.2130638509310554,0.06850804268111313,0.008185441993067182,7.346279399814826,5500.0,3,456
56,True,Accumulate + Select,60.09203900004433,31.090584051046008,61.939049147548005,0.5371390484400941,2.465818297299033,0.8345421591489657,0.26523391571275845,4.658629370902047,5600.0,3,456
57,True,Accumulate + Select,60.03082144148858,30.99636731869203,60.806610944387025,0.527318478262885,2.189644475633865,0.8375795787769084,0.26731100483737275,4.568128877855492,5700.0,3,456
58,True,Accumulate + Select,59.97494294861105,30.922764463324448,60.83872469370665,0.5275969705708682,2.433158398645147,0.8361877301406132,0.2663565069737247,4.521549036720011,5800.0,3,456
59,True,Accumulate + Select,59.94501850120779,30.793484769399406,61.25972282726567,0.5312478909509383,2.163687964295825,0.8333661524029373,0.2644355278984048,4.490164225877087,5900.0,3,456
60,True,Accumulate + Select,59.8292762075023,30.720687269648717,61.84047390916521,0.5362841982208316,1.868173765530233,0.8297870195838407,0.26202516251692226,4.466738322917205,6000.0,3,456
61,True,Accumulate + Select,59.72800919452163,30.605215271378057,62.02585158307615,0.537891804226041,2.2655974589167025,0.8259097088745481,0.2594463179850133,4.447580038333776,6100.0,3,456
62,True,Accumulate + Select,59.59505732424458,30.57089025651372,60.84252614056956,0.5276299369398832,1.921575717625457,0.821747429707836,0.25671417649663036,4.432175221215636,6200.0,3,456
63,True,Accumulate + Select,59.49031937890142,30.546662250022543,61.33481082820779,0.5318990584766012,2.0673819509576794,0.8174956683410735,0.25396077960126656,4.423186314398726,6300.0,3,456
64,True,Accumulate + Select,59.3912169533614,30.459703144948413,60.73623220262973,0.526708149707665,2.0709011367545354,0.8128109272699937,0.25096936982319584,4.414382133436806,6400.0,3,456
65,True,Accumulate + Select,59.34251952352096,30.339928079176648,59.72622810786275,0.5179493352626549,2.3694139223040924,0.8097627974509207,0.24904614543604084,4.399674867866275,6500.0,3,456
66,True,Accumulate + Select,59.16872717858242,30.281019600728953,60.876466944303644,0.5279242735703599,2.2194320463629595,0.8065829912774742,0.24705875448766013,4.383444551937334,6600.0,3,456
67,True,Accumulate + Select,59.116289180101425,30.186414177854946,61.134267614823116,0.5301599360281445,2.014636410194273,0.8025608150251123,0.24457185944291848,4.379584871517319,6700.0,3,456
68,True,Accumulate + Select,58.95666830938324,30.14345436868833,61.015839005890456,0.5291329162210009,2.288195507071955,0.799099663038783,0.2424553557277784,4.368851140689894,6800.0,3,456
69,True,Accumulate + Select,58.83336583720943,30.061023731205797,60.82187810130162,0.5274508759385089,2.0324102359755147,0.7959812589647626,0.24056660756032466,4.358184691040583,6900.0,3,456
70,True,Accumulate + Select,58.71979256879189,30.017866052994897,59.730622427246004,0.5179874430567613,2.157257195250079,0.7931161881963288,0.23884614522995534,4.352910790699788,7000.0,3,456
71,True,Accumulate + Select,58.56922862236101,29.986916366459276,60.51805945048027,0.5248161428703312,2.3189621594629477,0.790370321895616,0.23721034494865512,4.3465225008517265,7100.0,3,456
72,True,Accumulate + Select,58.43423577217312,29.950933608443734,59.80201365361487,0.5186065519376127,2.274991630388409,0.7877771752806916,0.23567706375601577,4.340765006555034,7200.0,3,456
73,True,Accumulate + Select,58.31354050022018,29.897233798387347,57.88959778627727,0.5020219699438461,2.1183701734395965,0.7853971237364714,0.23427947944925917,4.336004930938122,7300.0,3,456
74,True,Accumulate + Select,58.199513819561304,29.86702248013894,61.13979029110631,0.5302078289991284,1.8974993418158559,0.783159051852846,0.2329736018928846,4.333222390407921,7400.0,3,456
75,True,Accumulate + Select,58.09032575830945,29.810161611756673,59.113591091318135,0.5126365113069293,2.1857594182628457,0.7811391226198662,0.23180184407409438,4.329224227013328,7500.0,3,456
76,True,Accumulate + Select,57.96153921642966,29.774842056391762,59.938974953661585,0.5197942883235066,1.97402757629938,0.7792751428647104,0.2307262322698688,4.328459746334554,7600.0,3,456
77,True,Accumulate + Select,57.83456028348315,29.691963077611902,59.871586162331255,0.5192098887928571,2.055500782008689,0.7775139010827207,0.2297148553330668,4.323657421157226,7700.0,3,456
78,True,Accumulate + Select,57.700904968429384,29.654679533232212,59.12948036256095,0.5127743039943088,2.230092638620778,0.7758520630284239,0.2287649213328316,4.3230905662876795,7800.0,3,456
79,True,Accumulate + Select,57.535582857896884,29.66524493724152,58.519059117877454,0.5074806953414565,1.824980681839401,0.7743175525983199,0.2278914915982612,4.327238765749838,7900.0,3,456
80,True,Accumulate + Select,57.40240843065416,29.645944284266875,58.3548491793851,0.5060566571729648,1.9456048839630586,0.7728945424244765,0.22708468984980018,4.32952773213286,8000.0,3,456
81,True,Accumulate + Select,57.25012414114403,29.5980775462446,58.493535281055365,0.5072593511391827,2.3396580714331234,0.7715881941873802,0.22634668807042616,4.330098898707272,8100.0,3,456
82,True,Accumulate + Select,57.120376808743934,29.558695813280863,59.91836827324134,0.5196155859884729,2.210142040675583,0.7703743416849004,0.22566320121536818,4.334125227891697,8200.0,3,456
83,True,Accumulate + Select,56.97248310989406,29.520730036567286,59.48623742659161,0.5158681220708703,1.9626013514714535,0.7693452234974275,0.2250854268462215,4.339179024851587,8300.0,3,456
84,True,Accumulate + Select,56.81839351909635,29.505917413788445,59.96180774890886,0.5199922956562174,2.2059915704844064,0.7685222725427393,0.22462451170479553,4.344591201355765,8400.0,3,456
85,True,Accumulate + Select,56.662923460493865,29.491994418872284,59.18329298516164,0.513240970197546,2.238838245868467,0.7678540733034531,0.22425099221338385,4.353455287480875,8500.0,3,456
86,True,Accumulate + Select,56.53561565293942,29.49182034113064,59.10646544066107,0.5125747172486393,2.121747569359259,0.7673209169679184,0.2239534237571011,4.3637999996137875,8600.0,3,456
87,True,Accumulate + Select,56.4052290643383,29.446248678942368,58.29592666116769,0.5055456776567697,2.129173955108903,0.7668923528171219,0.22371452778875595,4.371404210643612,8700.0,3,456
88,True,Accumulate + Select,56.279026953445545,29.42769488166623,57.52983972720274,0.49890212706315185,2.009474264023548,0.7665928382890321,0.22354772506283038,4.383102368271554,8800.0,3,456
89,True,Accumulate + Select,56.168654084581135,29.449030748501123,58.5723592426326,0.507942917133472,2.389850412031004,0.7664121682071668,0.2234471702502654,4.400576984854737,8900.0,3,456
90,True,Accumulate + Select,56.061343021710265,29.398890246421956,58.7206559375773,0.5092289547253577,2.0492738476939083,0.7663971876200993,0.22343883466575576,4.413002047226246,9000.0,3,456
91,True,Accumulate + Select,55.972125494359204,29.347063196910746,58.22085692878315,0.5048946685571042,2.0844639737919533,0.7665439571086854,0.22352051484637775,4.425142812982672,9100.0,3,456
92,True,Accumulate + Select,55.85936444291049,29.29816487938208,58.69139458437188,0.5089751985629183,2.017212314995777,0.7668165823854388,0.22367231828697215,4.438861130688943,9200.0,3,456
93,True,Accumulate + Select,55.73918639697331,29.245656208689827,59.142548416356604,0.5128876309193645,1.9576164703713665,0.7673200524339052,0.22395294157093265,4.450889834403541,9300.0,3,456
94,True,Accumulate + Select,55.66288302668869,29.185380362463214,57.55912774184386,0.49915611443511737,2.1376086753283654,0.7680374639901645,0.2243534422030097,4.463979705378662,9400.0,3,456
95,True,Accumulate + Select,55.553739525375924,29.15452696095724,58.57004560056805,0.5079228530944838,2.2656480546876736,0.7689621738332413,0.22487076736542666,4.480548999619214,9500.0,3,456
96,True,Accumulate + Select,55.45134012717802,29.084382395849698,57.704366393024095,0.5004156324930364,2.026759325042836,0.7700760965501975,0.22549559899786545,4.492892634384552,9600.0,3,456
97,True,Accumulate + Select,55.33113873522986,29.054431792298374,59.514693545790635,0.5161148951970197,2.139432289361575,0.771403618948873,0.22624261886813596,4.507238058403911,9700.0,3,456
98,True,Accumulate + Select,55.232039042199666,29.00801685018476,58.135776697877915,0.5041568478301403,2.0663521772987394,0.7729927138482025,0.22714025276517813,4.523042952008223,9800.0,3,456
99,True,Accumulate + Select,55.140995712982274,28.967865939125154,56.97006390277676,0.49404771845000567,2.1477992463240185,0.7748495974907664,0.22819392436507768,4.538039879455288,9900.0,3,456
100,True,Accumulate + Select,55.056150045012714,28.913442938168334,58.300881815635215,0.5055886490454525,1.9498566631270915,0.777160045607427,0.2295122324437824,4.554179140117355,10000.0,3,456
101,True,Accumulate + Select,54.955092323301855,28.842626907067704,56.399754684160285,0.48910196362780084,2.0130120242800684,0.7799601283498457,0.23112087466954126,4.566823069361415,10100.0,3,456
102,True,Accumulate + Select,54.84823766911078,28.813883237363356,56.6697650511538,0.4914435092858617,2.248764605884386,0.7831067291345579,0.23294316812930427,4.583295612173464,10200.0,3,456
103,True,Accumulate + Select,54.73377854693677,28.76825033733966,57.159878996228294,0.49569380601640095,1.8791805904463543,0.7865995626537348,0.23498441017302546,4.597560688222944,10300.0,3,456
104,True,Accumulate + Select,54.625693200067765,28.737287194763695,58.15225470916495,0.5042997461055371,2.095835141340014,0.790340418308218,0.23719260000387893,4.61255947033927,10400.0,3,456
105,True,Accumulate + Select,54.54612266863845,28.692562247978252,56.67082031190916,0.4914526605687082,1.8529289291623208,0.7942722622001083,0.2395386703040501,4.627958706691971,10500.0,3,456
106,True,Accumulate + Select,54.44908064082569,28.650757324985573,55.993535433662316,0.4855792065840053,1.9891404797898569,0.7984121254185812,0.24203746416614838,4.643091224003914,10600.0,3,456
107,True,Accumulate + Select,54.36195411125873,28.59864027282619,57.00490243283963,0.4943498402155892,2.0416535314561752,0.8028089316176797,0.24472441133757222,4.657789082288974,10700.0,3,456
108,True,Accumulate + Select,54.284347070763594,28.54349205481995,56.8160484499495,0.4927120874560646,2.023205109506307,0.8074830007436784,0.2476193297729367,4.67525807153327,10800.0,3,456
109,True,Accumulate + Select,54.213997218563605,28.48830648412408,57.42788040205484,0.498017929845996,1.8694963754910925,0.812350925708859,0.25067797727509283,4.692643177528474,10900.0,3,456
110,True,Accumulate + Select,54.16018572109385,28.43315995930336,56.29279059766143,0.48817436482817456,2.1066044172203107,0.8173044731209258,0.25383783348182914,4.711432168005142,11000.0,3,456
111,True,Accumulate + Select,54.074004546897044,28.372537497086476,55.36402762788708,0.48012007815963703,1.6309883145857254,0.8225232802772071,0.2572206591906679,4.728057986008922,11100.0,3,456
112,True,Accumulate + Select,53.99668508399944,28.300895724218137,55.81663067589969,0.4840450782020408,2.0197160415113284,0.8281071276334105,0.260903779274947,4.74429244410191,11200.0,3,456
113,True,Accumulate + Select,53.92765185750528,28.2517068017631,54.776018598990454,0.47502082954987335,2.083223637608283,0.8339623116495773,0.2648398580475361,4.762266814434897,11300.0,3,456
114,True,Accumulate + Select,53.84566931741337,28.206651596525067,57.12544082613851,0.4953951561958656,2.26760646306264,0.8401232602906062,0.26906742204543643,4.781186945785219,11400.0,3,456
115,True,Accumulate + Select,53.77483906287231,28.14683255218486,55.90328834173272,0.48479657853674424,2.0447809420751217,0.846743244003456,0.2737137084386123,4.797337836525685,11500.0,3,456
116,True,Accumulate + Select,53.72160423985337,28.075625619644278,55.29183972038843,0.47949406041354053,1.892059813348647,0.8538121348401949,0.2788011416336936,4.812985791978584,11600.0,3,456
117,True,Accumulate + Select,53.667188955638565,28.02157466124502,56.976999738122856,0.49410786641884297,2.238915161331362,0.8612751489565562,0.2843234569786044,4.830419009287662,11700.0,3,456
118,True,Accumulate + Select,53.60771999550019,27.975380397365676,55.93669266614818,0.48508626278726547,2.0111019556542358,0.8691226396892661,0.29031099446701775,4.850708375643318,11800.0,3,456
119,True,Accumulate + Select,53.55078818470921,27.9060463858157,56.62667305656823,0.4910698129943358,2.022198254850781,0.8773641756692167,0.2968162155523236,4.868721927155443,11900.0,3,456
120,True,Accumulate + Select,53.48945151533909,27.846957695757045,56.85140833669559,0.49301873045722694,2.245231952144679,0.8858276938551416,0.3037508468984039,4.892301665586598,12000.0,3,456
121,True,Accumulate + Select,53.43324627808073,27.777886387517267,55.873833957402766,0.4845411483971292,1.9887354750914201,0.8996368004698644,0.31569361556365905,4.91898101916135,12100.0,3,456
122,True,Accumulate + Select,53.38334598582837,27.71167762074217,56.617195691796155,0.4909876247340145,2.2038703209005455,0.9068038544250263,0.3222428834896917,4.946309498139113,12200.0,3,456
123,True,Accumulate + Select,53.31482351596329,27.65395255302549,54.98874507858602,0.476865605993822,2.078169549771174,0.9137638935722509,0.3288663118555594,4.977536478640406,12300.0,3,456
124,True,Accumulate + Select,53.28396678311205,27.57459615573816,55.36099104006858,0.48009374469288574,1.9085587822506924,0.9204207449532446,0.33547309071090736,5.006000178101486,12400.0,3,456
125,True,Accumulate + Select,53.24563700672708,27.506025544175575,55.51982630023087,0.4814711733372788,2.2226576980023194,0.9265679132046116,0.3418392894221048,5.036920064283781,12500.0,3,456
126,True,Accumulate + Select,53.19519549697249,27.444533057748103,54.601393088929065,0.4735064669369714,2.005741027765577,0.9320325890582524,0.34773902633934684,5.068243220477437,12600.0,3,456
127,True,Accumulate + Select,53.147034640342554,27.37666059866983,55.129982272817855,0.47809042318359374,1.7918450701806683,0.9367948506086814,0.35308702028557853,5.099756138765525,12700.0,3,456
128,True,Accumulate + Select,53.09212816084676,27.3083730100997,54.8971425736881,0.47607122372620936,2.156141230102063,0.9408468030868544,0.35780586088323474,5.12964980725872,12800.0,3,456
129,True,Accumulate + Select,53.06206248731569,27.235448760409344,55.23544468864819,0.479004999407558,2.122989565357285,0.9441760675794634,0.3618108452650035,5.157232627393799,12900.0,3,456
130,True,Accumulate + Select,52.992507455061855,27.170104741351167,54.25613303247752,0.470512351581003,2.193581600953532,0.946833147104592,0.3650972972372861,5.183064863648734,13000.0,3,456
131,True,Accumulate + Select,52.93082883747387,27.089841395892307,53.59096489026351,0.46474397463820577,2.302484177341409,0.9488943164179239,0.3677058937060943,5.2050797838754574,13100.0,3,456
132,True,Accumulate + Select,52.87809223443844,27.02705024327121,52.99692724408406,0.45959244550758704,1.973820052816726,0.950461855204459,0.3697264929649201,5.228147488454097,13200.0,3,456
133,True,Accumulate + Select,52.833966224191755,26.96651538890425,53.68924513482298,0.4655962666538191,1.7543069819566735,0.9515909946555374,0.3712025832806879,5.249790723980871,13300.0,3,456
134,True,Accumulate + Select,52.783165303421356,26.910995290476425,53.062037224581864,0.4601570830577249,1.9032708531443165,0.9523134843588726,0.3721564384506078,5.270165695852657,13400.0,3,456
135,True,Accumulate + Select,52.74802029866093,26.84091919932034,53.320903878208924,0.46240198978322017,2.0100390395296657,0.9526784135223909,0.3726410721153888,5.287137229161329,13500.0,3,456
136,True,Accumulate + Select,52.714633645387586,26.76813284805989,52.40873216674809,0.45449158347490115,2.1973352015012457,0.9528073311796287,0.3728127392206594,5.302993313413921,13600.0,3,456
137,True,Accumulate + Select,52.66908419044763,26.701549143839518,51.71846285622428,0.4485055277358321,2.1318197394556444,0.9527641037977731,0.372755150530331,5.319046396727018,13700.0,3,456
138,True,Accumulate + Select,52.640615368906765,26.62727284540739,52.477373696850606,0.45508684682928213,2.1058285437727746,0.9525514063166535,0.37247218528885934,5.332406803043269,13800.0,3,456
139,True,Accumulate + Select,52.604934920576945,26.556674514142795,53.38305705429951,0.4629409857530049,1.8535719109507807,0.9522130949888853,0.37202345592920877,5.345564765882732,13900.0,3,456
140,True,Accumulate + Select,52.580613162005406,26.48521986512577,53.97676431649326,0.4680896497744213,2.087378261595465,0.9517685429944581,0.37143630213594026,5.358583166103255,14000.0,3,456
141,True,Accumulate + Select,52.5681524186673,26.408373642180315,53.15755088007933,0.460985383051558,2.090850654978024,0.9512570353939079,0.3707641690484476,5.37009727101435,14100.0,3,456
142,True,Accumulate + Select,52.54438824863421,26.33382195110855,51.62334380174285,0.4476806497450356,2.023746053203854,0.9507154293276318,0.370056453508086,5.381548161576915,14200.0,3,456
143,True,Accumulate + Select,52.51934696424781,26.26810167464355,50.915988726067106,0.44154642525359,2.3162392976305726,0.9501023654382457,0.3692602064521796,5.393505501135127,14300.0,3,456
144,True,Accumulate + Select,52.49587994019272,26.19262914728517,52.79511721061292,0.45784233712141975,2.013080208754999,0.9494201164143021,0.36838003739543956,5.40368781196318,14400.0,3,456
145,True,Accumulate + Select,52.47717338498391,26.11067005480959,52.16105263614453,0.4523436921330504,2.1899928628731304,0.9487062494380804,0.3674656412331131,5.41133250065556,14500.0,3,456
146,True,Accumulate + Select,52.45646703837519,26.033319349719036,52.097566001430614,0.4517931323322749,2.0506289946271004,0.9479630643320404,0.36652067598506105,5.420715537621799,14600.0,3,456
147,True,Accumulate + Select,52.43036984931914,25.952659657434104,51.09222866849787,0.44307478831820357,2.156956899414271,0.9472165629497928,0.3655785176167456,5.428474148165487,14700.0,3,456
148,True,Accumulate + Select,52.40248374524069,25.877944214762834,52.821525823125086,0.4580713541501057,2.0638057495680435,0.9464653114743234,0.36463732227013723,5.436007565008576,14800.0,3,456
149,True,Accumulate + Select,52.38016388051179,25.805161875129592,50.64694728110541,0.43921328214392713,1.794533377002426,0.9456839007338559,0.36366559340366406,5.443977170283446,14900.0,3,456
150,True,Accumulate + Select,52.360102172875884,25.731091728505927,52.32570105230688,0.4537715328054821,2.2383529752512468,0.9448776133921494,0.36267051563772496,5.45124478701832,15000.0,3,456
151,True,Accumulate + Select,52.33708816513646,25.652839083636035,51.297075750718406,0.4448512341683418,1.9037325192307022,0.9440528831033861,0.36166047693451314,5.456970961718272,15100.0,3,456
152,True,Accumulate + Select,52.3153684972924,25.58516139614936,50.826132138888184,0.44076718368631335,2.0697207453869106,0.9432167780561042,0.3606443857414338,5.464815116194629,15200.0,3,456
153,True,Accumulate + Select,52.301909533515236,25.510185600505324,53.28837145795646,0.46211986673647726,2.067552056899371,0.9423804302326948,0.3596357635178918,5.470495877007556,15300.0,3,456
154,True,Accumulate + Select,52.280936011124226,25.433566308367162,50.663692102862264,0.43935849421528694,1.7982149450726017,0.9415387786524692,0.3586284161825401,5.4757874597428255,15400.0,3,456
155,True,Accumulate + Select,52.27707490325867,25.354691940360883,51.000669159525685,0.4422807789137678,2.099264358847252,0.94068214819473,0.3576108748731979,5.480926935624937,15500.0,3,456
156,True,Accumulate + Select,52.2684067146854,25.283100928098,50.634892364220015,0.43910874120127524,1.984242580083458,0.9398097196562911,0.3565824164861451,5.4875249221976645,15600.0,3,456
157,True,Accumulate + Select,52.24793787748715,25.21726450849645,51.95008902806296,0.45051420341373727,2.0394265785632815,0.9389355574834769,0.35555968962904355,5.494339582216472,15700.0,3,456
158,True,Accumulate + Select,52.22758124831816,25.14944157376644,50.00188576946658,0.4336192710747287,2.0723871381746894,0.9380674367850196,0.35455157154882505,5.501012717102146,15800.0,3,456
159,True,Accumulate + Select,52.205105992805315,25.079812919931378,51.03847528862333,0.4426086358713446,2.13363005535055,0.9372026714287642,0.35355466646149275,5.507352602471617,15900.0,3,456
160,True,Accumulate + Select,52.199707980811425,25.00144520102648,51.07171778561265,0.44289691674498344,1.8850085489850295,0.9363399343397375,0.35256722870349483,5.509803397277563,16000.0,3,456
161,True,Accumulate + Select,52.19543079013462,24.936932057818474,49.601251475484624,0.43014494709973017,2.257320967903178,0.9354561485950558,0.35156293483244877,5.515160632863609,16100.0,3,456
162,True,Accumulate + Select,52.185171452222335,24.86088292838045,49.317551048472225,0.4276846804423509,1.9858001735248396,0.9345850019759154,0.3505800267483865,5.518946683677325,16200.0,3,456
163,True,Accumulate + Select,52.179123463198366,24.785547913627347,49.50613421056109,0.4293200846280842,2.0409093572674886,0.933748172182547,0.3496422765441689,5.522707114674497,16300.0,3,456
164,True,Accumulate + Select,52.165202453076425,24.715006666820585,48.77594388308435,0.4229878315005506,2.0712096465572514,0.9329189208966434,0.348719125579592,5.52646543512236,16400.0,3,456
165,True,Accumulate + Select,52.149700687080006,24.642054716132265,48.560134438701496,0.42111631940607114,1.783268052829122,0.9320782187360488,0.3477893189254127,5.529505039649516,16500.0,3,456
166,True,Accumulate + Select,52.15703550061696,24.568676738791453,49.201561800266575,0.42667881491377213,2.18851177552674,0.9312484003716639,0.34687745610446186,5.532389497827487,16600.0,3,456
167,True,Accumulate + Select,52.14422739126957,24.498829577246738,49.95456299936457,0.4332088852510524,1.9641808411971902,0.930417280435222,0.34596993995731384,5.535160781254884,16700.0,3,456
168,True,Accumulate + Select,52.13345005818199,24.426926069332524,48.13456132437862,0.4174257245258602,2.0063190020865127,0.9295911770367769,0.34507353035252125,5.53827940866287,16800.0,3,456
169,True,Accumulate + Select,52.13373683123992,24.348875196594783,49.406233061247626,0.4284537360318621,2.1754257691101846,0.9287885770048573,0.3442079070111768,5.539587668603434,16900.0,3,456
170,True,Accumulate + Select,52.129535880103816,24.275358717100385,48.54582515819694,0.42099222849056855,2.1008691739480057,0.9280199278946392,0.3433837007387813,5.540890912096287,17000.0,3,456
171,True,Accumulate + Select,52.12811203707616,24.203581342319573,47.223277719078304,0.40952301992598744,2.043702322732029,0.9272847319332942,0.34259969090303916,5.542444640550034,17100.0,3,456
172,True,Accumulate + Select,52.12167252721547,24.126523651302897,48.49672186721712,0.4205664018859439,1.8161561736007306,0.9265897651806398,0.34186241204283746,5.542221019858923,17200.0,3,456
173,True,Accumulate + Select,52.11342809471896,24.05889496285853,48.751764925681385,0.4227781501710751,2.233005362563171,0.9259036544773646,0.3411381289587479,5.543919624842732,17300.0,3,456
174,True,Accumulate + Select,52.11238715922716,23.9858130757604,46.96049767055849,0.40724417601163,2.0890324960060846,0.9252231476740739,0.34042324714961497,5.543785863476906,17400.0,3,456
175,True,Accumulate + Select,52.10756945559773,23.91498025637043,47.99706069554347,0.4162333110492423,2.098296900586904,0.9245538037986267,0.33972343336536925,5.54409328720636,17500.0,3,456
176,True,Accumulate + Select,52.109260234082676,23.844330766045893,47.087185713742265,0.40834282211454914,2.0233674615295043,0.9239043401846972,0.3390475311591167,5.544254688317679,17600.0,3,456
177,True,Accumulate + Select,52.10519381360676,23.772062512757387,48.68986589426226,0.422241358158711,1.9384688088504765,0.9232875644344928,0.3384084626181133,5.5432287969411655,17700.0,3,456
178,True,Accumulate + Select,52.09909075834175,23.70301510662967,46.19915643760282,0.400641780414083,1.7672830722952355,0.9227108355383592,0.33781334034591076,5.542645681527962,17800.0,3,456
179,True,Accumulate + Select,52.09638682536454,23.633386860523277,46.742410535578976,0.4053529116513898,2.1096512074648963,0.9221633716878145,0.3372505846499358,5.542059883320362,17900.0,3,456
180,True,Accumulate + Select,52.099247617480685,23.563353954936982,47.1377216222681,0.40878107246212814,2.163424448781875,0.921643928998185,0.3367185650115694,5.5405668558133,18000.0,3,456
181,True,Accumulate + Select,52.09644674465144,23.493846886457476,47.10513328109338,0.4084984644658844,1.9750630316678297,0.921168952989719,0.3362337195955448,5.539486659828808,18100.0,3,456
182,True,Accumulate + Select,52.09806337934028,23.42495115468926,47.94856186560444,0.41581272636603467,2.0059518206240794,0.9207318958014844,0.3357889450383307,5.537934234743907,18200.0,3,456
183,True,Accumulate + Select,52.10553810457662,23.351096723493274,45.353809669251824,0.39331088391174407,2.418788713685427,0.9203176422303971,0.3353685737460618,5.534707383652809,18300.0,3,456
184,True,Accumulate + Select,52.10946725136244,23.280830589482502,45.30429986779377,0.39288153202453174,1.6290306935207481,0.919924869523433,0.3349710682120188,5.5322454889560255,18400.0,3,456
185,True,Accumulate + Select,52.10999363646792,23.21351524195629,46.63482515153195,0.4044199249231722,2.1993167811147214,0.9195490120491571,0.3345916477756567,5.529723895119538,18500.0,3,456
186,True,Accumulate + Select,52.11371763054037,23.1429909119317,46.274595493485386,0.401295992308674,2.0108239766003115,0.9192232247566539,0.3342635314487982,5.5262490250339,18600.0,3,456
187,True,Accumulate + Select,52.11353574576516,23.074827260713214,46.76393979891964,0.4055396146793435,2.0484952099384373,0.9189376387655319,0.33397648030868365,5.523000337750834,18700.0,3,456
188,True,Accumulate + Select,52.11673217710879,23.007504610123917,45.985484278891306,0.39878880298565916,2.0261797176725436,0.9186616839145838,0.33369961862160413,5.519144296002517,18800.0,3,456
189,True,Accumulate + Select,52.122054208096316,22.93941687155201,46.17005215800196,0.40038938640310784,2.097748838820908,0.9184279293490027,0.33346548531383446,5.51468273154058,18900.0,3,456
190,True,Accumulate + Select,52.122194297619224,22.870347839704152,46.08973306140494,0.39969285451068376,2.054791632427982,0.9182394956459115,0.33327700522433806,5.5093278657201115,19000.0,3,456
191,True,Accumulate + Select,52.123399886672885,22.798869812930878,46.02622112013579,0.3991420752499846,2.2604947656729926,0.9180929146820612,0.3331305474594421,5.502999798655697,19100.0,3,456
192,True,Accumulate + Select,52.12605397839249,22.73308757131838,45.1705916959468,0.39172200695621073,2.0482163711460637,0.9179914474555358,0.33302924693881697,5.4981690646852845,19200.0,3,456
193,True,Accumulate + Select,52.12968599833705,22.66417343366045,45.36972897224547,0.39344893703621914,2.021961889208635,0.917941411483392,0.3329793176540751,5.492019436866992,19300.0,3,456
194,True,Accumulate + Select,52.13691759953363,22.597955287601835,45.802827976907594,0.3972047968765986,1.9669809979677588,0.9179249815627346,0.3329629262885649,5.485919561788485,19400.0,3,456
195,True,Accumulate + Select,52.14098275224138,22.529625651282906,44.540349509854906,0.3862565099428843,2.017322361568521,0.9179479788400403,0.3329858700866078,5.479117681477995,19500.0,3,456
196,True,Accumulate + Select,52.14686539774365,22.46110849962862,44.93651534236059,0.38969208315921944,2.2833613207108336,0.9180003989605692,0.33303818106158095,5.470991522115704,19600.0,3,456
197,True,Accumulate + Select,52.14986127872324,22.394283727286552,44.41620596088315,0.38517992984224664,2.010151944706125,0.918088008672855,0.3331256479793861,5.463065751464591,19700.0,3,456
198,True,Accumulate + Select,52.150519131824716,22.328626185700884,45.0655773606803,0.39081131651304224,1.7988024350549008,0.918214191791296,0.3332517126960675,5.454940225750031,19800.0,3,456
199,True,Accumulate + Select,52.15077382419462,22.263631952805223,45.103423833792064,0.39113952333626356,1.9274783600996943,0.918395305408579,0.33343283682492325,5.446797087816656,19900.0,3,456
200,True,Accumulate + Select,52.149553670303085,22.20122762819434,44.25711752923831,0.3838003056799839,2.1991477253727485,0.9186299846922314,0.33366784714325304,5.438409788215407,20000.0,3,456
0,False,Replace,5.24334427359425e-32,91.921906814238,183.55265472144475,0.9931615822578732,0.06861269601011932,1.0,0.5,1.7999999999994363,,4,789
1,False,Replace,0.5533442885587929,86.29163231270768,172.75788860085348,0.9347535629530042,0.24717768731019527,0.936743489114071,0.3530282363502674,3.6280213963669827,,4,789
2,False,Replace,0.4917107877437135,90.9949001344471,182.06671208074764,0.9851214852817832,0.37661395727960145,0.9402907097112632,0.3571484599218553,5.619450688869034,,4,789
3,False,Replace,2.014366120861773,98.9316631654693,202.32412787421632,1.0947297453880123,0.44223084698061654,0.9201127194029284,0.33516105247496464,7.097886221781223,,4,789
4,False,Replace,3.4865612133559734,93.3099894803462,191.7517184910236,1.0375248477131496,0.5992298548984091,0.9504278326424537,0.36968228809587755,6.488909772025972,,4,789
5,False,Replace,4.971616197754278,91.30671737832813,183.89351407153944,0.995005894517923,0.6882531130500659,0.9650113095834373,0.39032864869900974,6.100553101996989,,4,789
6,False,Replace,3.4409988423083866,93.40324359813235,187.97433846984757,1.0170863052997274,0.6860508446716264,0.9857945584260511,0.4299496556277935,7.870467314994049,,4,789
7,False,Replace,4.096140777938339,93.0730888956605,185.23494013687753,1.0022640452406948,0.7317234797256276,0.9705466010503242,0.3993118026791052,8.193781267426761,,4,789
8,False,Replace,5.791953329927522,105.36015046522294,209.62224049773664,1.134218169522609,0.8294781565263076,0.9813475282161835,0.4197719109653831,8.964997662499865,,4,789
9,False,Replace,8.955315343014686,101.50271019423532,209.1175402053875,1.1314873512640764,0.8721237887853959,0.99537843680856,0.45999999130374664,7.961433632655457,,4,789
10,False,Replace,7.953701841304968,95.45279367464086,192.26129188319288,1.0402820332042086,0.9111430215176524,0.9647995485050841,0.389999999999995,8.015621820110631,,4,789
11,False,Replace,6.000611928123671,91.28785808881948,184.72899551212893,0.9995264941831372,0.8182899700633312,0.9709505944546688,0.4,9.110075923151381,,4,789
12,False,Replace,6.336070928375874,93.59296932052547,184.1318228181057,0.9962953288340041,0.7227615875437585,0.92481870497303,0.34,9.194695080802147,,4,789
13,False,Replace,5.454218036900137,86.53518868085807,172.0106087660701,0.9307102020752813,0.7821422047460853,0.8687212463394046,0.29000000000000004,8.910466315319631,,4,789
14,False,Replace,6.223130080449847,85.34599574951046,169.1463361368157,0.9152122756584433,0.8331943740986127,0.8414646362081756,0.27,8.642140607838055,,4,789
15,False,Replace,8.316916136113246,87.13525708318005,175.60267278263083,0.9501460418220449,0.8181940850812808,0.8812908992306927,0.30000000000000004,8.396572335993891,,4,789
16,False,Replace,5.473246179167057,79.7308818581872,161.71126571651303,0.8749828040987285,0.7342052715830546,0.8112781244591328,0.25000000000000006,9.658894954034523,,4,789
17,False,Replace,6.535976222601978,76.12975483838409,149.7678975316156,0.8103599607952519,0.993787976130166,0.7950402793845223,0.24000000000000005,11.360750636222967,,4,789
18,False,Replace,8.403363088334725,76.32285649023828,152.64509996880048,0.8259278474560429,1.011324665443858,0.8812908992306927,0.30000000000000004,10.711975643075,,4,789
19,False,Replace,8.332485819064932,72.41634279964366,142.98780793795905,0.7736744412155704,1.0285646794347554,0.7950402793845223,0.24000000000000005,11.792008331540488,,4,789
20,False,Replace,7.84622957287827,61.89959761871522,125.58189653192672,0.679495021479639,0.9265620643843788,0.68007704572828,0.18000000000000005,11.671251546701633,,4,789
21,False,Replace,12.247306535239332,61.57247092888553,121.6518836244637,0.6582306173042096,1.1113453405059397,0.7414827399312738,0.21000000000000005,12.503247555669581,,4,789
22,False,Replace,16.55481512501286,65.42686190614987,130.5007047867487,0.7061095719289132,1.3137359530912667,0.7601675029619656,0.22000000000000003,13.121825882670455,,4,789
23,False,Replace,12.151925917897884,63.471926739370545,130.54613583800935,0.7063553889933524,1.1217014461570445,0.6577047787442196,0.17000000000000004,12.55852559134842,,4,789
24,False,Replace,12.839595867057632,60.896090881758894,121.21079287285538,0.6558439757737373,1.1162092358553055,0.5293608652873645,0.12000000000000002,11.551894365449671,,4,789
25,False,Replace,11.59948421960854,57.81814095681657,113.03875035451259,0.6116269161506399,1.0613345679526967,0.499915958164528,0.11000000000000001,11.884983852319326,,4,789
26,False,Replace,10.28956291304992,52.487799799272196,105.10289302258761,0.5686878007436289,1.0638585201161939,0.499915958164528,0.11000000000000001,11.26195410464519,,4,789
27,False,Replace,10.703102778400533,47.49442740697676,96.55396145360774,0.5224314803621707,1.1101789803569926,0.4021791902022729,0.08000000000000002,10.284438639345014,,4,789
28,False,Replace,11.10269916661553,51.184061793625965,101.96910929257575,0.5517316111833319,1.0567148987624981,0.3659236509002232,0.07000000000000002,11.351546312189733,,4,789
29,False,Replace,10.271435642385095,46.171096884832245,92.63042439640496,0.5012021155366253,1.1035931110570263,0.43646981706410304,0.09000000000000002,10.167082166766859,,4,789
30,False,Replace,12.23513801232535,46.76463633676402,93.1185854722301,0.5038434438639053,1.040502682990327,0.3274449191544763,0.06000000000000002,10.9345580663782,,4,789
31,False,Replace,11.137563224825483,45.47362071006548,92.7582641746484,0.501893827441465,1.1850855370735442,0.19439185783157625,0.030000000000000023,10.791091517822418,,4,789
32,False,Replace,11.255477888944945,41.93896671022814,81.79911873632093,0.4425963891110793,1.1909032934450245,0.0807931358959113,0.010000000000000023,11.026200936935565,,4,789
33,False,Replace,10.692436626322607,42.85095319504092,84.66099292155667,0.45808133809394797,1.0386964500018878,3.9863137138648344e-11,2.2204460492503132e-17,3.454710920463525,,4,789
34,False,Replace,8.87911257569824,39.83525213922413,80.31342235425352,0.43455762458431113,1.2173350698154977,3.9863137138648344e-11,2.2204460492503132e-17,3.4523582734860967,,4,789
35,False,Replace,9.544888358445144,34.62243224950809,69.90545098552495,0.37824246352958274,1.3324827787268823,3.9863137138648344e-11,2.2204460492503132e-17,3.6263006380039435,,4,789
36,False,Replace,9.279649011010836,34.34608174114457,68.23530389062432,0.3692056782327853,1.3241516286229928,3.9863137138648344e-11,2.2204460492503132e-17,3.6442540119628357,,4,789
37,False,Replace,10.363254548184772,32.88491671339397,65.67491970076237,0.35535202290401685,1.3483380655568697,3.9863137138648344e-11,2.2204460492503132e-17,4.031942700927919,,4,789
38,False,Replace,9.161495386489158,28.877898407074802,57.87788989744065,0.3131640716148869,1.320566779676234,3.9863137138648344e-11,2.2204460492503132e-17,3.848411445027336,,4,789
39,False,Replace,10.364270813215645,23.579099653781743,46.86873685798616,0.2535960535517503,1.5156570895044532,3.9863137138648344e-11,2.2204460492503132e-17,3.9890185992536487,,4,789
40,False,Replace,8.915105560752014,21.719822380422226,43.10938651057155,0.23325506559401102,1.5563416717974115,3.9863137138648344e-11,2.2204460492503132e-17,3.890855423677093,,4,789
41,False,Replace,8.699451446509046,19.196095140516732,38.18432730203306,0.20660669265879614,1.5063131619074261,3.9863137138648344e-11,2.2204460492503132e-17,4.003190589337763,,4,789
42,False,Replace,8.47006401299228,18.172184984008815,36.696457312861256,0.19855616723936056,1.6030141548656631,3.9863137138648344e-11,2.2204460492503132e-17,3.9562456704473745,,4,789
43,False,Replace,8.059919362385049,16.70987637470083,33.991324776481825,0.18391931159635708,1.5797672240579377,3.9863137138648344e-11,2.2204460492503132e-17,3.822620037585991,,4,789
44,False,Replace,9.951790983476386,18.2598813403052,36.14174887264865,0.19555476628981064,1.589315905310869,3.9863137138648344e-11,2.2204460492503132e-17,4.135146104143442,,4,789
45,False,Replace,9.082420339945658,17.260503166861668,34.74155985358667,0.18797866261676896,1.5429126837548206,3.9863137138648344e-11,2.2204460492503132e-17,3.8969702305427614,,4,789
46,False,Replace,9.385631387618357,17.213056137657873,34.143315799420094,0.18474170038206789,1.6793027259099595,3.9863137138648344e-11,2.2204460492503132e-17,3.9893119811309066,,4,789
47,False,Replace,8.80804081464881,14.814410714362403,29.574395317147125,0.16002031292912747,1.611550694513945,3.9863137138648344e-11,2.2204460492503132e-17,3.8754055812620583,,4,789
48,False,Replace,8.357472465973833,13.467886330401795,26.57100039158353,0.14376962747353045,1.7301463350254764,3.9863137138648344e-11,2.2204460492503132e-17,3.7194580250856744,,4,789
49,False,Replace,9.402427532457393,12.068793194606402,24.11542670462969,0.13048307788923313,1.8422142434335869,3.9863137138648344e-11,2.2204460492503132e-17,3.8358718625798502,,4,789
50,False,Replace,8.707134551793372,10.8526047015208,22.12452154749978,0.11971074381985565,1.8300546633773562,3.9863137138648344e-11,2.2204460492503132e-17,3.7726445736668075,,4,789
51,False,Replace,8.029849724151896,10.18299426044239,20.373855845702252,0.11023829069167604,1.8692607366850842,3.9863137138648344e-11,2.2204460492503132e-17,3.6066247829602003,,4,789
52,False,Replace,9.040324288944728,10.348470540863936,20.735702331243566,0.11219615955856896,1.7250129522054833,3.9863137138648344e-11,2.2204460492503132e-17,3.8196779625725057,,4,789
53,False,Replace,8.735061670484283,10.184237865648493,20.21968771772026,0.10940412208674524,1.8268923972946374,3.9863137138648344e-11,2.2204460492503132e-17,3.741764486205888,,4,789
54,False,Replace,7.4294112740708975,11.447259433825414,23.461665618110075,0.12694572564504034,1.6929302183049888,3.9863137138648344e-11,2.2204460492503132e-17,3.6038061546590914,,4,789
55,False,Replace,6.991523601763621,10.429300193234058,20.386320840887045,0.11030573593979491,1.6518179446729757,3.9863137138648344e-11,2.2204460492503132e-17,3.5840957873226054,,4,789
56,False,Replace,6.414696247215951,9.629669557018394,19.058714552053605,0.10312236087810327,1.7514407583875886,3.9863137138648344e-11,2.2204460492503132e-17,3.4446384833248382,,4,789
57,False,Replace,5.878034366012365,9.402935259811969,18.670022013776183,0.10101923413818621,1.720393159499653,3.9863137138648344e-11,2.2204460492503132e-17,3.3625813516653253,,4,789
58,False,Replace,5.725479038392909,9.933732516202177,19.581660438174588,0.10595190188628616,1.8296291190426814,3.9863137138648344e-11,2.2204460492503132e-17,3.3527292267583233,,4,789
59,False,Replace,5.875109395343692,11.278625596375822,22.84873651034185,0.12362930593208767,1.5228844349959423,3.9863137138648344e-11,2.2204460492503132e-17,3.4216217057495273,,4,789
60,False,Replace,5.92907633232378,11.178055948180546,21.46168668824328,0.11612429545933543,1.7687232265435706,3.9863137138648344e-11,2.2204460492503132e-17,3.4396919353364392,,4,789
61,False,Replace,5.983853776390242,11.017892509797928,21.7878261800518,0.11788896192091772,1.7655783951219672,3.9863137138648344e-11,2.2204460492503132e-17,3.449801023360933,,4,789
62,False,Replace,5.885749329330611,11.183645009415178,22.244545786891454,0.12036016762516337,1.7391112933286514,3.9863137138648344e-11,2.2204460492503132e-17,3.3240296599367993,,4,789
63,False,Replace,5.7039424589975996,11.820712251013342,23.976009409178353,0.12972872267734753,1.679865472378286,3.9863137138648344e-11,2.2204460492503132e-17,3.2961601010046446,,4,789
64,False,Replace,5.475473589181546,13.615535061499365,27.37543108085299,0.1481222185999518,1.5114467371300266,3.9863137138648344e-11,2.2204460492503132e-17,3.229048812999761,,4,789
65,False,Replace,5.515125267626512,12.16874783262069,24.472550887265044,0.13241539545133507,1.672723627813459,3.9863137138648344e-11,2.2204460492503132e-17,3.2060874703449005,,4,789
66,False,Replace,5.586693148338729,9.691982609077373,19.560298722428435,0.10583631851081066,1.7423946429839772,3.9863137138648344e-11,2.2204460492503132e-17,3.239361934373644,,4,789
67,False,Replace,5.490230938938192,10.518804451697008,20.987271440678686,0.11355734267603981,1.7568306682226185,3.9863137138648344e-11,2.2204460492503132e-17,3.316359139513544,,4,789
68,False,Replace,5.601510756113512,8.266809194034035,16.70442591644954,0.09038384162336058,1.8781071911133846,3.9863137138648344e-11,2.2204460492503132e-17,3.3365182206586743,,4,789
69,False,Replace,5.588665947022491,8.348955554513728,16.59943942933772,0.0898157836684707,1.8413320550041996,3.9863137138648344e-11,2.2204460492503132e-17,3.3257697087317752,,4,789
70,False,Replace,5.9975040027407065,7.639974059685547,15.582876283317601,0.08431539216447123,1.7421871796653448,3.9863137138648344e-11,2.2204460492503132e-17,3.36847709921056,,4,789
71,False,Replace,6.415862520007666,7.331301609063829,14.53602972250595,0.07865114400475531,1.8981378884388134,3.9863137138648344e-11,2.2204460492503132e-17,3.38703795125329,,4,789
72,False,Replace,6.913660690738916,6.443847125482115,12.987537325306867,0.07027260455159179,1.847762108185931,3.9863137138648344e-11,2.2204460492503132e-17,3.4864298134240896,,4,789
73,False,Replace,6.710688511045482,6.269370942470276,12.444909298503212,0.06733656796581954,1.955399636646546,3.9863137138648344e-11,2.2204460492503132e-17,3.4788293336861393,,4,789
74,False,Replace,6.593583168987918,7.264827392140127,14.528116547417328,0.07860832761779744,1.829315958102129,3.9863137138648344e-11,2.2204460492503132e-17,3.4845016478965296,,4,789
75,False,Replace,6.724634198404328,6.980713997332627,14.01266541644382,0.0758193390216306,1.9240303587097185,3.9863137138648344e-11,2.2204460492503132e-17,3.475776300150649,,4,789
76,False,Replace,6.4587856017411855,6.807420118751305,13.875359307661812,0.0750764069596642,1.8095702352846417,3.9863137138648344e-11,2.2204460492503132e-17,3.479168731009753,,4,789
77,False,Replace,6.3257841744572785,6.667268150894168,13.570997370692327,0.07342957388411746,1.7980215737531546,3.9863137138648344e-11,2.2204460492503132e-17,3.4202621845727124,,4,789
78,False,Replace,6.172854014175652,6.8170295781416055,13.644301361899455,0.0738262050742442,1.7996724397478139,3.9863137138648344e-11,2.2204460492503132e-17,3.404151848114098,,4,789
79,False,Replace,6.322281976184676,7.235083247379001,14.62073379394414,0.079109458430885,1.906713988217583,3.9863137138648344e-11,2.2204460492503132e-17,3.4918068788658103,,4,789
80,False,Replace,5.918429018773539,8.190054587728515,16.73589106736937,0.09055409238394448,1.8217099978637759,3.9863137138648344e-11,2.2204460492503132e-17,3.4758860942366323,,4,789
81,False,Replace,6.497653958002906,9.23579923209632,17.895048970964307,0.09682603162322242,1.79163506740311,3.9863137138648344e-11,2.2204460492503132e-17,3.5134105596946714,,4,789
82,False,Replace,6.362474568594571,10.838560831653735,21.531245148395456,0.11650066043454647,1.6649308447993008,3.9863137138648344e-11,2.2204460492503132e-17,3.5474950391265323,,4,789
83,False,Replace,6.384856970711063,10.452879632461105,20.350180316276088,0.1101101877977061,1.8193620421298262,3.9863137138648344e-11,2.2204460492503132e-17,3.559119625273458,,4,789
84,False,Replace,6.241742722191768,11.369429651303935,23.01844380216019,0.12454755341109461,1.7913338742557268,3.9863137138648344e-11,2.2204460492503132e-17,3.5800957322914244,,4,789
85,False,Replace,6.351486245872997,10.640748916263306,21.16630561816592,0.11452605580776379,1.692608958401312,3.9863137138648344e-11,2.2204460492503132e-17,3.53585459060998,,4,789
86,False,Replace,6.2294626770987085,8.949998145419128,18.6674766544874,0.10100546177917294,1.7454057148406363,3.9863137138648344e-11,2.2204460492503132e-17,3.522892188366014,,4,789
87,False,Replace,6.236836094397836,7.841790116215455,15.439268407368997,0.08353836267656622,1.8328019584467579,3.9863137138648344e-11,2.2204460492503132e-17,3.549988668722514,,4,789
88,False,Replace,5.886570793995712,8.796985177884801,17.40974244980521,0.09420014864067508,1.8325312541856564,3.9863137138648344e-11,2.2204460492503132e-17,3.438294675259831,,4,789
89,False,Replace,6.140860413133118,7.801443941280412,15.849815836411532,0.08575974124958965,1.8497463923621686,3.9863137138648344e-11,2.2204460492503132e-17,3.5521113987710478,,4,789
90,False,Replace,5.534778325986612,7.645600344440159,15.138946166199212,0.08191338747432761,1.7360293745315873,3.9863137138648344e-11,2.2204460492503132e-17,3.3649320177040627,,4,789
91,False,Replace,5.815494766677476,6.418945627764481,12.795042032873063,0.06923105639473796,1.9275195552060338,3.9863137138648344e-11,2.2204460492503132e-17,3.394835737791411,,4,789
92,False,Replace,5.954584024332188,6.018553439817866,12.161107021631578,0.06580097852542725,1.8396750142693805,3.9863137138648344e-11,2.2204460492503132e-17,3.3613291414059874,,4,789
93,False,Replace,5.970243055263113,5.342503380093529,10.562956443872558,0.057153749974566945,1.8949086924215544,3.9863137138648344e-11,2.2204460492503132e-17,3.320003137257007,,4,789
94,False,Replace,6.081816143594601,5.815753632005702,12.154342218372275,0.06576437571671893,1.9463899502038913,3.9863137138648344e-11,2.2204460492503132e-17,3.285150784720812,,4,789
95,False,Replace,6.107631362401092,5.619869290040276,11.307250286193973,0.06118095432759865,1.9826130305954615,3.9863137138648344e-11,2.2204460492503132e-17,3.280875238518819,,4,789
96,False,Replace,6.2496489929506875,5.511005718528998,10.942681595647668,0.05920835622982596,1.878669432390632,3.9863137138648344e-11,2.2204460492503132e-17,3.3089864413725594,,4,789
97,False,Replace,6.452556938892239,5.530594804575663,10.998638014996144,0.05951112366221181,1.8747595717140577,3.9863137138648344e-11,2.2204460492503132e-17,3.3457667498369257,,4,789
98,False,Replace,6.562853609872162,5.927143892980754,11.702947327945113,0.06332198083945552,1.9907012137793854,3.9863137138648344e-11,2.2204460492503132e-17,3.479768177457092,,4,789
99,False,Replace,6.917700526583238,6.324895485552584,12.674702820266125,0.0685799283411462,1.86688941414147,3.9863137138648344e-11,2.2204460492503132e-17,3.536215017090554,,4,789
100,False,Replace,6.794261128993329,7.301420202869962,14.129168436221878,0.07644971031011014,1.999107669383016,3.9863137138648344e-11,2.2204460492503132e-17,3.56224710682164,,4,789
101,False,Replace,6.651738791764072,6.772942322555123,13.733901042995111,0.07431100852849991,1.9532042029684764,3.9863137138648344e-11,2.2204460492503132e-17,3.549466083601725,,4,789
102,False,Replace,6.905511464407676,7.047245102247349,13.876837155768493,0.0750844032589615,1.825809414687646,3.9863137138648344e-11,2.2204460492503132e-17,3.5877330139269903,,4,789
103,False,Replace,7.986381170758506,7.062506575959624,14.132087313247462,0.07646550368847094,1.9433021065855551,3.9863137138648344e-11,2.2204460492503132e-17,3.6998279232566036,,4,789
104,False,Replace,7.286300748866824,5.649038495153267,11.33958049951524,0.061355885743685286,1.9491020815047198,3.9863137138648344e-11,2.2204460492503132e-17,3.606007456994609,,4,789
105,False,Replace,7.215807435343747,7.056997885086795,13.51675502445193,0.07313608091067479,1.928819206470695,3.9863137138648344e-11,2.2204460492503132e-17,3.563007606340195,,4,789
106,False,Replace,6.6155000182074435,6.533576525107766,12.888362195498628,0.06973599052663826,2.0198021768893244,3.9863137138648344e-11,2.2204460492503132e-17,3.4476035720853058,,4,789
107,False,Replace,7.147725861806143,7.63950657450393,15.658545544468232,0.08472482129120706,1.8403964335881993,3.9863137138648344e-11,2.2204460492503132e-17,3.5149331844548373,,4,789
108,False,Replace,6.954425306271927,7.822647267541901,15.526933243451019,0.08401269712541266,1.8914636522516393,3.9863137138648344e-11,2.2204460492503132e-17,3.4635195362800957,,4,789
109,False,Replace,6.802675387075327,6.881663830109586,14.16157100577666,0.07662503322928603,1.9114255065489139,3.9863137138648344e-11,2.2204460492503132e-17,3.4478186070252574,,4,789
110,False,Replace,6.729146461805146,5.718045983045249,11.441174830691917,0.06190558951589704,1.8736027867132545,3.9863137138648344e-11,2.2204460492503132e-17,3.425360941600181,,4,789
111,False,Replace,6.744269930686692,5.631709746076214,11.438076689558303,0.061888826180302746,1.9939778460598783,3.9863137138648344e-11,2.2204460492503132e-17,3.4726730266363797,,4,789
112,False,Replace,6.717432294509249,5.897206915661926,11.804689013441855,0.06387248191231046,1.9431433310628825,3.9863137138648344e-11,2.2204460492503132e-17,3.475393818454419,,4,789
113,False,Replace,6.610701966962005,5.210974312024875,10.28989116299272,0.055676255972478696,1.999305808869881,3.9863137138648344e-11,2.2204460492503132e-17,3.4451877595348575,,4,789
114,False,Replace,6.706185373689421,5.300432604724747,10.648377360665696,0.057615943087540096,1.939076943901031,3.9863137138648344e-11,2.2204460492503132e-17,3.465551572927249,,4,789
115,False,Replace,6.753685603157881,5.692476328145558,11.38068885550088,0.06157831368915236,1.9381693978657282,3.9863137138648344e-11,2.2204460492503132e-17,3.4689514234326464,,4,789
116,False,Replace,6.83810626997946,5.841858745341147,11.757632731657726,0.06361787109590564,1.8997220790845764,3.9863137138648344e-11,2.2204460492503132e-17,3.534273446092144,,4,789
117,False,Replace,6.830910166961155,6.042915024810786,12.147682242339657,0.06572834010424364,1.9707250029205672,3.9863137138648344e-11,2.2204460492503132e-17,3.507422399862899,,4,789
118,False,Replace,7.063519182741322,6.446948892276902,13.098370309905603,0.07087229657194143,1.7863814265048625,3.9863137138648344e-11,2.2204460492503132e-17,3.5558153361560256,,4,789
119,False,Replace,7.093803881757114,7.363237511515444,14.836759256995293,0.08027832297832217,1.9470077649711262,3.9863137138648344e-11,2.2204460492503132e-17,3.540802746642438,,4,789
120,False,Replace,6.884775381934797,7.6517007805275865,15.443330227731035,0.08356034026083888,1.8069257851883385,3.9863137138648344e-11,2.2204460492503132e-17,3.4547585350341814,,4,789
121,False,Replace,6.834022834625998,7.737113748342915,15.348649079558324,0.08304804214631743,1.833923307062585,3.9863137138648344e-11,2.2204460492503132e-17,3.474054591573658,,4,789
122,False,Replace,6.745726408548886,7.250172744039156,14.856878845057295,0.08038718548398496,1.8831095024054472,3.9863137138648344e-11,2.2204460492503132e-17,3.4427098849327247,,4,789
123,False,Replace,6.8800070786817535,6.550813373691123,13.320041540480275,0.07207170908075365,1.8543801739378278,3.9863137138648344e-11,2.2204460492503132e-17,3.4731047112065676,,4,789
124,False,Replace,6.848112369122977,6.370938090007471,12.674205505113813,0.06857723748219731,1.8586259545619574,3.9863137138648344e-11,2.2204460492503132e-17,3.4462960957452973,,4,789
125,False,Replace,6.790220321973241,5.610543548285579,10.891936615367051,0.05893378670652691,2.0152740999912764,3.9863137138648344e-11,2.2204460492503132e-17,3.4187940634393086,,4,789
126,False,Replace,7.084434721166338,5.91878877995644,12.056756511787988,0.06523636169859381,1.9719896416595786,3.9863137138648344e-11,2.2204460492503132e-17,3.442965891234791,,4,789
127,False,Replace,6.8293309434677,6.361175788240447,12.856194287441676,0.06956193730734676,1.9325320143914246,3.9863137138648344e-11,2.2204460492503132e-17,3.437502703711607,,4,789
128,False,Replace,6.853678301082632,5.761734319471235,11.546915165772699,0.06247772637034177,1.908879586541702,3.9863137138648344e-11,2.2204460492503132e-17,3.399846464811744,,4,789
129,False,Replace,6.865242019758878,6.034273920312062,12.152461877704877,0.06575420162190537,2.076724078478537,3.9863137138648344e-11,2.2204460492503132e-17,3.378925153909534,,4,789
130,False,Replace,6.804555906363716,5.087685815538664,10.103137887139184,0.0546657765587104,2.052374891198341,3.9863137138648344e-11,2.2204460492503132e-17,3.344625422540946,,4,789
131,False,Replace,6.77681440724813,4.383010065702597,8.61591225724567,0.04661873762047739,2.1153865737041677,3.9863137138648344e-11,2.2204460492503132e-17,3.338214325312256,,4,789
132,False,Replace,6.775383098869953,5.583031911015221,11.063342729013963,0.059861226123279467,1.9925393857911442,3.9863137138648344e-11,2.2204460492503132e-17,3.364150964751019,,4,789
133,False,Replace,6.8260510687602505,4.99151223012741,9.744992499500869,0.05272793348907447,1.9118187029621962,3.9863137138648344e-11,2.2204460492503132e-17,3.4034641286441873,,4,789
134,False,Replace,6.787337195743776,6.335948193832475,12.782328466950267,0.06916226618700609,1.9854020090751159,3.9863137138648344e-11,2.2204460492503132e-17,3.3720694420681587,,4,789
135,False,Replace,6.910933028068444,7.986362752915038,15.948050850850585,0.08629126852453686,1.9896591368025782,3.9863137138648344e-11,2.2204460492503132e-17,3.3589158632146723,,4,789
136,False,Replace,7.154050708806367,7.13963651467119,14.324894800988728,0.07750874106298279,1.8982953377215575,3.9863137138648344e-11,2.2204460492503132e-17,3.3706977280695662,,4,789
137,False,Replace,7.773360935498497,6.9348695895687245,13.34289252082331,0.07219535052755306,1.9922975139516539,3.9863137138648344e-11,2.2204460492503132e-17,3.433824249337789,,4,789
138,False,Replace,7.796468127679563,6.260558320166451,12.403455985309774,0.0671122735355183,1.9398100367772244,3.9863137138648344e-11,2.2204460492503132e-17,3.429611861930086,,4,789
139,False,Replace,7.4917301158546765,5.419981524710242,11.157051976755207,0.06036826550606653,1.9494695389129708,3.9863137138648344e-11,2.2204460492503132e-17,3.3821776412401183,,4,789
140,False,Replace,7.825852941996729,4.425608550982352,8.958114039088839,0.048470313472772156,1.9586435808129417,3.9863137138648344e-11,2.2204460492503132e-17,3.4178880856592704,,4,789
141,False,Replace,7.791544629537565,4.601500651214072,9.499717994454826,0.051400809041385484,2.025615848249301,3.9863137138648344e-11,2.2204460492503132e-17,3.405040954568272,,4,789
142,False,Replace,7.402842592627244,4.295150718560945,8.513273487704849,0.046063382630309256,2.037521729806956,3.9863137138648344e-11,2.2204460492503132e-17,3.3368730683951213,,4,789
143,False,Replace,7.142071672583058,4.453802873824903,8.483908040508437,0.04590449288804125,2.0263687273371582,3.9863137138648344e-11,2.2204460492503132e-17,3.303168104612398,,4,789
144,False,Replace,7.317210891863402,3.680363953371555,7.357462902369409,0.03980955496726521,2.0248070803164784,3.9863137138648344e-11,2.2204460492503132e-17,3.304275656017907,,4,789
145,False,Replace,7.074696314065071,3.6249191145813984,7.461333748101996,0.04037157644091152,1.970183306305834,3.9863137138648344e-11,2.2204460492503132e-17,3.3051703857402344,,4,789
146,False,Replace,7.455674219784333,4.622147258721663,9.226394188943743,0.04992191622143644,2.0360182212381517,3.9863137138648344e-11,2.2204460492503132e-17,3.3734421630300635,,4,789
147,False,Replace,7.24920377357306,6.14412422620895,12.308103032388123,0.06659634043860753,2.030550532957112,3.9863137138648344e-11,2.2204460492503132e-17,3.345611007822245,,4,789
148,False,Replace,7.0202035800259885,6.989548915754769,14.146423838867587,0.07654307536124555,2.0181707914326803,3.9863137138648344e-11,2.2204460492503132e-17,3.309937194369379,,4,789
149,False,Replace,6.931892308637943,7.353544378539208,14.425729874050475,0.07805433666257285,1.8535600936587453,3.9863137138648344e-11,2.2204460492503132e-17,3.2639425767308863,,4,789
150,False,Replace,7.026075399834541,5.161772926830267,10.42641251105105,0.05641494187301962,1.9097436676554598,3.9863137138648344e-11,2.2204460492503132e-17,3.2846078871945643,,4,789
151,False,Replace,7.043544654105405,5.217004396569572,10.262519054893925,0.055528151733777335,1.9784434041770256,3.9863137138648344e-11,2.2204460492503132e-17,3.3000326586954185,,4,789
152,False,Replace,7.560250776680901,4.79895900571548,9.73546851837222,0.052676401397743634,1.9476581868905356,3.9863137138648344e-11,2.2204460492503132e-17,3.3776695721326115,,4,789
153,False,Replace,7.273423823221059,4.256951630957662,8.479698888662726,0.04588171812668793,2.081124277233667,3.9863137138648344e-11,2.2204460492503132e-17,3.3366992186242004,,4,789
154,False,Replace,7.834018314784684,4.216324308461749,8.723641581075052,0.0472016364397417,2.0188850416492627,3.9863137138648344e-11,2.2204460492503132e-17,3.4112516451827997,,4,789
155,False,Replace,7.780990962420695,4.02801724429615,8.055492666464948,0.043586434936799215,1.976541289467957,3.9863137138648344e-11,2.2204460492503132e-17,3.409899016758098,,4,789
156,False,Replace,8.029730356559893,3.0513186770778233,6.213318032109049,0.03361884782982575,2.1369083418936285,3.9863137138648344e-11,2.2204460492503132e-17,3.4435273219563753,,4,789
157,False,Replace,8.194417573782262,2.9021625534969573,5.680765433334758,0.030737327088886976,2.237690946816477,3.9863137138648344e-11,2.2204460492503132e-17,3.4799029633672145,,4,789
158,False,Replace,8.116875646515378,2.1851438953927667,4.364160736502834,0.02361347913420538,2.151177956458204,3.9863137138648344e-11,2.2204460492503132e-17,3.4632946435505687,,4,789
159,False,Replace,8.360284843682168,1.822782801947102,3.7527311029225485,0.020305172734347017,2.2440179090404495,3.9863137138648344e-11,2.2204460492503132e-17,3.4993725882030327,,4,789
160,False,Replace,8.324087204773862,1.6392670018699658,3.183844256159831,0.01722705565827433,2.244265170298573,3.9863137138648344e-11,2.2204460492503132e-17,3.4880337918208624,,4,789
161,False,Replace,8.183337464893075,1.8105885931960173,3.6041774600842675,0.019501382828963527,2.144936769773137,3.9863137138648344e-11,2.2204460492503132e-17,3.465230345876316,,4,789
162,False,Replace,8.239651757389344,1.8932348526833098,3.819771651829812,0.020667913865654638,2.2692879398493453,3.9863137138648344e-11,2.2204460492503132e-17,3.4636751477947434,,4,789
163,False,Replace,8.124375108613162,2.067065646065373,4.076686638466212,0.0220580223063132,2.1996542337840292,3.9863137138648344e-11,2.2204460492503132e-17,3.43245997875091,,4,789
164,False,Replace,8.367398311907426,1.8543692832469727,3.6929795347552057,0.019981870616633028,2.1024279428769392,3.9863137138648344e-11,2.2204460492503132e-17,3.4504018443039954,,4,789
165,False,Replace,8.168575630906787,1.9343638924457907,3.8588073793343396,0.020879127290771363,2.113878688542579,3.9863137138648344e-11,2.2204460492503132e-17,3.4175492458459242,,4,789
166,False,Replace,7.720979822421003,1.8784690243247228,3.7930502969293634,0.020523330704200076,2.1252072326090987,3.9863137138648344e-11,2.2204460492503132e-17,3.348448764196849,,4,789
167,False,Replace,8.462280459770781,1.7968852599302583,3.60915108984371,0.019528294006080246,2.1330677275952405,3.9863137138648344e-11,2.2204460492503132e-17,3.4439052019097085,,4,789
168,False,Replace,8.210510288666192,1.8066291145770907,3.681902804825664,0.019921936955418693,2.1651228540355745,3.9863137138648344e-11,2.2204460492503132e-17,3.415546620600526,,4,789
169,False,Replace,8.495714973191518,1.6553838125440432,3.3280319144654724,0.018007222216378366,2.1779300864383604,3.9863137138648344e-11,2.2204460492503132e-17,3.4661469430066743,,4,789
170,False,Replace,8.437866588670277,2.0595956176483496,4.1595331460248675,0.022506285877637512,2.0951816022961602,3.9863137138648344e-11,2.2204460492503132e-17,3.449422844207244,,4,789
171,False,Replace,8.418859925738204,2.2553209031664383,4.416925703123603,0.02389897834322741,2.113805224669626,3.9863137138648344e-11,2.2204460492503132e-17,3.450738226093647,,4,789
172,False,Replace,8.432609254569854,2.0257304483733884,3.9754547719067848,0.021510279747538146,2.1194118991290116,3.9863137138648344e-11,2.2204460492503132e-17,3.4432181842475975,,4,789
173,False,Replace,8.014339818534001,2.0063644380896717,3.9751406746077937,0.021508580238637432,2.1337623569624293,3.9863137138648344e-11,2.2204460492503132e-17,3.3846123281767153,,4,789
174,False,Replace,8.185985038964184,2.1746638589680423,4.433271614578395,0.02398742234480573,2.2075855916214175,3.9863137138648344e-11,2.2204460492503132e-17,3.389043206534872,,4,789
175,False,Replace,8.362625143502889,1.901123314383581,3.954387645592366,0.021396290328339566,2.19486408205586,3.9863137138648344e-11,2.2204460492503132e-17,3.4194081308531303,,4,789
176,False,Replace,8.418046553307517,2.372287437730357,4.793142180209276,0.02593459995938395,2.1023907856218793,3.9863137138648344e-11,2.2204460492503132e-17,3.4260141776231077,,4,789
177,False,Replace,7.974092740207888,2.2858113291492765,4.442314487190622,0.02403635126760091,2.2020762903636744,3.9863137138648344e-11,2.2204460492503132e-17,3.3855448566657143,,4,789
178,False,Replace,7.774085262873593,1.9822295340178426,4.005881758977226,0.02167491324013502,2.308757845031174,3.9863137138648344e-11,2.2204460492503132e-17,3.3628307689197947,,4,789
179,False,Replace,7.897720418029504,1.933109382655066,4.0911364530758,0.022136206959990752,2.2397385165573525,3.9863137138648344e-11,2.2204460492503132e-17,3.365612565548724,,4,789
180,False,Replace,8.181101088107834,1.8939047220401262,3.730402430871643,0.02018435737868001,2.0497285598551214,3.9863137138648344e-11,2.2204460492503132e-17,3.414193468940544,,4,789
181,False,Replace,7.951387375536181,1.5487806513162168,3.156835528426683,0.01708091758791554,2.284087295804384,3.9863137138648344e-11,2.2204460492503132e-17,3.396385260084652,,4,789
182,False,Replace,8.058276319793741,1.4602366608356694,2.9013244336403012,0.01569840528610443,2.26086659835674,3.9863137138648344e-11,2.2204460492503132e-17,3.410621476446416,,4,789
183,False,Replace,7.874215386445556,1.4846986879600306,2.9976530928679184,0.016219617707469113,2.218061689305549,3.9863137138648344e-11,2.2204460492503132e-17,3.3733445151524255,,4,789
184,False,Replace,8.428550591263534,1.2502693758396415,2.5262117893585008,0.013668756257681403,2.2442616567501292,3.9863137138648344e-11,2.2204460492503132e-17,3.4697467191513107,,4,789
185,False,Replace,8.074070833886154,1.2703349254985592,2.511130086210349,0.0135871525991318,2.1512646413989693,3.9863137138648344e-11,2.2204460492503132e-17,3.4164380490998383,,4,789
186,False,Replace,8.28356927635552,1.2904103577043484,2.491202531820372,0.013479329143903032,2.27594853518685,3.9863137138648344e-11,2.2204460492503132e-17,3.451531614163204,,4,789
187,False,Replace,8.358334988573475,1.252831388839162,2.4248926686379746,0.013120541586526238,2.154470277172969,3.9863137138648344e-11,2.2204460492503132e-17,3.464173631838868,,4,789
188,False,Replace,8.204280373663236,1.0711156802455055,2.1139146868700878,0.01143791060040043,2.191607054061968,3.9863137138648344e-11,2.2204460492503132e-17,3.4474599381463467,,4,789
189,False,Replace,8.167163082542663,1.1282246567353804,2.312975136722505,0.012514981327818753,2.254986070997036,3.9863137138648344e-11,2.2204460492503132e-17,3.4376018667278787,,4,789
190,False,Replace,8.25420393925264,1.2572533792300018,2.524669598767106,0.013660411815863237,2.1601362600801455,3.9863137138648344e-11,2.2204460492503132e-17,3.452667725033807,,4,789
191,False,Replace,7.858007083536065,1.2935194303252218,2.6706540150033025,0.014450300221640644,2.180780884257013,3.9863137138648344e-11,2.2204460492503132e-17,3.4037238662035403,,4,789
192,False,Replace,7.973794873579449,1.1244486142935233,2.197482346432164,0.011890076160861606,2.2624548345708093,3.9863137138648344e-11,2.2204460492503132e-17,3.4160819807128737,,4,789
193,False,Replace,8.052948924703907,1.2946043870186668,2.587800253453532,0.014001997400623625,2.247456673939153,3.9863137138648344e-11,2.2204460492503132e-17,3.4329125468686543,,4,789
194,False,Replace,8.041904308987231,1.555394334603644,3.0236555741654434,0.01636031120769264,2.1805124190081644,3.9863137138648344e-11,2.2204460492503132e-17,3.434141294771323,,4,789
195,False,Replace,7.5815755262825375,1.4288533171733715,2.9033084501883275,0.015709140347479892,2.2180632530664637,3.9863137138648344e-11,2.2204460492503132e-17,3.3680874266212295,,4,789
196,False,Replace,7.451674096586943,1.2784766123144038,2.6193288678500917,0.014172591547616516,2.292024214875086,3.9863137138648344e-11,2.2204460492503132e-17,3.349678876924052,,4,789
197,False,Replace,7.3917855208656,1.1593895485470347,2.3228662159587703,0.012568499703346664,2.1977433174510628,3.9863137138648344e-11,2.2204460492503132e-17,3.3472790254719382,,4,789
198,False,Replace,7.408943295091868,1.138757512345388,2.2380484682534103,0.012109570200842646,2.28503716205251,3.9863137138648344e-11,2.2204460492503132e-17,3.345712947822429,,4,789
199,False,Replace,7.897814503758876,1.0418980026726703,2.111705529169294,0.011425957351557981,2.3135501543281056,3.9863137138648344e-11,2.2204460492503132e-17,3.4295080816359946,,4,789
200,False,Replace,8.177718336280577,1.1378317439161818,2.2580941554775094,0.012218032845913869,2.2711092994535185,3.9863137138648344e-11,2.2204460492503132e-17,3.470615604036644,,4,789
0,True,Replace + Select,5.24334427359425e-32,91.921906814238,185.68792719829116,1.0047150549923034,0.0713468480102771,1.0,0.5,1.7999999999994363,,4,789
1,True,Replace + Select,5.741683208577455,56.751993930587716,111.77770654743885,0.604803695507874,0.833155769887673,0.7376629885443012,0.20801068416085314,3.6810088996351573,,4,789
2,True,Replace + Select,11.394238345746247,33.41908460304536,68.43338157613539,0.37027743144632874,1.2328412988823012,0.6784142749812218,0.17924120803761587,6.738425459162691,,4,789
3,True,Replace + Select,13.813982180767514,15.320892807299133,31.428913827527712,0.17005468993604805,1.6302835408826528,3.9863137138648344e-11,2.2204460492503132e-17,6.053097848607033,,4,789
4,True,Replace + Select,16.003116888336212,7.823722379645359,15.681485073094697,0.08484894185258758,2.0366644267152996,3.9863137138648344e-11,2.2204460492503132e-17,6.504101865877942,,4,789
5,True,Replace + Select,18.28204650569957,3.737260191494364,7.4690190670104455,0.040413159950007896,2.2488313840204217,3.9863137138648344e-11,2.2204460492503132e-17,6.802417528761477,,4,789
6,True,Replace + Select,19.521165155587525,1.7214467258313053,3.514583772734673,0.019016611805501755,2.272768201085241,3.9863137138648344e-11,2.2204460492503132e-17,6.916636648697265,,4,789
7,True,Replace + Select,19.7985658999647,0.8904883813044622,1.7829069402278455,0.009646903121409091,2.453104025760388,3.9863137138648344e-11,2.2204460492503132e-17,6.950176343918055,,4,789
8,True,Replace + Select,20.0177737759129,0.4860020707497576,0.9773189200601917,0.005288049941258273,2.499949489432651,3.9863137138648344e-11,2.2204460492503132e-17,6.95014418791152,,4,789
9,True,Replace + Select,20.07381483484946,0.21911301614380616,0.4346761697566649,0.0023519336899837525,2.532273002590593,3.9863137138648344e-11,2.2204460492503132e-17,6.953534965824039,,4,789
10,True,Replace + Select,20.088707529464635,0.12590051841532732,0.251054322987174,0.0013583977253230671,2.611300714500455,3.9863137138648344e-11,2.2204460492503132e-17,6.950525501515054,,4,789
11,True,Replace + Select,20.01336222562768,0.07729109033333886,0.15461817035382913,0.0008366036816382017,2.618975196546547,3.9863137138648344e-11,2.2204460492503132e-17,6.939963705260621,,4,789
12,True,Replace + Select,20.006338001622936,0.05065709769463747,0.10229368672020624,0.0005534878256716481,2.630536490428422,3.9863137138648344e-11,2.2204460492503132e-17,6.939917027862195,,4,789
13,True,Replace + Select,20.023982343033865,0.0365005403697871,0.0731774051250947,0.0003959462616863666,2.4465711243810047,3.9863137138648344e-11,2.2204460492503132e-17,6.94032298309873,,4,789
14,True,Replace + Select,20.048224509272963,0.028743480170665584,0.058113350176657405,0.0003144380935233179,2.564551985744199,3.9863137138648344e-11,2.2204460492503132e-17,6.9387652737433525,,4,789
15,True,Replace + Select,20.021589972557123,0.024005850978172268,0.04827471105578277,0.000261203459508458,2.7537564454529897,3.9863137138648344e-11,2.2204460492503132e-17,6.936697996868568,,4,789
16,True,Replace + Select,20.025683402426537,0.021209567333321615,0.043039373101814334,0.00023287623899558287,2.7268887868453824,3.9863137138648344e-11,2.2204460492503132e-17,6.937085602897847,,4,789
17,True,Replace + Select,20.017321439226556,0.01704998277182169,0.03389118724538728,0.00018337749023737874,2.719159133464858,3.9863137138648344e-11,2.2204460492503132e-17,6.936908119307868,,4,789
18,True,Replace + Select,20.035778101443434,0.013598221661572462,0.027078093795577674,0.00014651339431377388,2.732730695927242,3.9863137138648344e-11,2.2204460492503132e-17,6.9387723929936485,,4,789
19,True,Replace + Select,20.059027870939477,0.013108810963391027,0.02599561398693415,0.00014065634277101021,2.4797101179385956,3.9863137138648344e-11,2.2204460492503132e-17,6.940397351715516,,4,789
20,True,Replace + Select,20.085207699733857,0.011318909918129802,0.022626801508797586,0.00012242846621867353,2.643163169614267,3.9863137138648344e-11,2.2204460492503132e-17,6.943232396287161,,4,789
21,True,Replace + Select,20.099057747338666,0.011528343475033573,0.023356745837406274,0.00012637802862332158,2.6046921198313453,3.9863137138648344e-11,2.2204460492503132e-17,6.9439254815845635,,4,789
22,True,Replace + Select,20.150905852136937,0.009118138820201939,0.018349631384265194,9.928567346030541e-05,2.56460366269129,3.9863137138648344e-11,2.2204460492503132e-17,6.949064753842488,,4,789
23,True,Replace + Select,20.188643862745195,0.00849600659698028,0.017096661109927545,9.250613686318162e-05,2.5191450898484566,3.9863137138648344e-11,2.2204460492503132e-17,6.952916631678911,,4,789
24,True,Replace + Select,20.16827563801564,0.007703907026236258,0.015242702558746723,8.247478966787385e-05,2.6884165115659853,3.9863137138648344e-11,2.2204460492503132e-17,6.949795658064544,,4,789
25,True,Replace + Select,20.14261419644971,0.006577322748824544,0.012938678230917959,7.000823912705126e-05,2.5680557975013887,3.9863137138648344e-11,2.2204460492503132e-17,6.947515086714515,,4,789
26,True,Replace + Select,20.18379297163791,0.00606659001826425,0.012123541708595852,6.559772117788743e-05,2.602055131932933,3.9863137138648344e-11,2.2204460492503132e-17,6.950503773239214,,4,789
27,True,Replace + Select,20.20286127280375,0.004618906974143362,0.009164563419621331,4.958736402013126e-05,2.5752349634793226,3.9863137138648344e-11,2.2204460492503132e-17,6.952130004282561,,4,789
28,True,Replace + Select,20.22135428633341,0.0041637761270207855,0.008376144605761127,4.532140950237406e-05,2.8053573615197074,3.9863137138648344e-11,2.2204460492503132e-17,6.952371449345812,,4,789
29,True,Replace + Select,20.217182885111654,0.004101215201722563,0.0083723752283725,4.530101426038152e-05,2.629429516938462,3.9863137138648344e-11,2.2204460492503132e-17,6.950966289716547,,4,789
30,True,Replace + Select,20.20371416115591,0.003569704492933633,0.007133279608477569,3.859655025635383e-05,2.6526778030687383,3.9863137138648344e-11,2.2204460492503132e-17,6.949903447878593,,4,789
31,True,Replace + Select,20.210242295896407,0.0032646030925408288,0.006415941371016821,3.471519653792485e-05,2.720827985943298,3.9863137138648344e-11,2.2204460492503132e-17,6.951168419811956,,4,789
32,True,Replace + Select,20.222908593815024,0.003249420937030813,0.006505189013167484,3.51980951896804e-05,2.5364247196635503,3.9863137138648344e-11,2.2204460492503132e-17,6.95224985505424,,4,789
33,True,Replace + Select,20.23113836939676,0.0030910242034935097,0.0061556059521396525,3.330658091794271e-05,2.6722367369752162,3.9863137138648344e-11,2.2204460492503132e-17,6.9530797275369105,,4,789
34,True,Replace + Select,20.259129490434397,0.0025473476638652637,0.005136375524632121,2.7791757361699785e-05,2.682434566501821,3.9863137138648344e-11,2.2204460492503132e-17,6.956542298200382,,4,789
35,True,Replace + Select,20.257493217995496,0.0025992989865889927,0.005243754713511878,2.8372761680548937e-05,2.8233513394080934,3.9863137138648344e-11,2.2204460492503132e-17,6.957149090465753,,4,789
36,True,Replace + Select,20.267947481110493,0.002498420641160418,0.005066099622902244,2.7411510473619832e-05,2.5568292853299317,3.9863137138648344e-11,2.2204460492503132e-17,6.959147233555042,,4,789
37,True,Replace + Select,20.271040080205502,0.002207190872730111,0.004415631344361629,2.3891974862956303e-05,2.6184665530258475,3.9863137138648344e-11,2.2204460492503132e-17,6.959295087664596,,4,789
38,True,Replace + Select,20.292617075942577,0.0020146347081643357,0.003972007822694509,2.1491629090925082e-05,2.7655900058223892,3.9863137138648344e-11,2.2204460492503132e-17,6.961057640281074,,4,789
39,True,Replace + Select,20.316542548446673,0.0018690899476316437,0.0037370956079729877,2.022057263457152e-05,2.6778908574789133,3.9863137138648344e-11,2.2204460492503132e-17,6.9637487241600535,,4,789
40,True,Replace + Select,20.31660753876978,0.0019688108852455683,0.0039014882349740127,2.111006367348697e-05,2.5276150182875936,3.9863137138648344e-11,2.2204460492503132e-17,6.96331242175497,,4,789
41,True,Replace + Select,20.32621219597854,0.0019336080182320932,0.0038869350211503595,2.1031319550227237e-05,2.653283309682899,3.9863137138648344e-11,2.2204460492503132e-17,6.963653080756123,,4,789
42,True,Replace + Select,20.328096870995832,0.0019066173616984726,0.003787927932256208,2.0495614756362586e-05,2.5734676628711846,3.9863137138648344e-11,2.2204460492503132e-17,6.963543368792431,,4,789
43,True,Replace + Select,20.343629353380656,0.001750065839365799,0.0034366495876998076,1.859492769181423e-05,2.6710221096212603,3.9863137138648344e-11,2.2204460492503132e-17,6.9652717776475175,,4,789
44,True,Replace + Select,20.33621873920096,0.001637297237253425,0.0032835824667392043,1.776671638495194e-05,2.778263868374025,3.9863137138648344e-11,2.2204460492503132e-17,6.965460832579837,,4,789
45,True,Replace + Select,20.34499867112522,0.0016376285214050599,0.0033115753076454137,1.791817926740654e-05,2.751819223985697,3.9863137138648344e-11,2.2204460492503132e-17,6.966697088431192,,4,789
46,True,Replace + Select,20.354208660299296,0.001709955661707062,0.0034191322760771838,1.8500145510894908e-05,2.4515625817091777,3.9863137138648344e-11,2.2204460492503132e-17,6.967515989354937,,4,789
47,True,Replace + Select,20.38549228813239,0.0015569341785274331,0.0030898774299903107,1.671862257731509e-05,2.571170785790248,3.9863137138648344e-11,2.2204460492503132e-17,6.970525851407637,,4,789
48,True,Replace + Select,20.418441357651655,0.0014358807363657243,0.0029290280358621216,1.5848303163956543e-05,2.7908215679109922,3.9863137138648344e-11,2.2204460492503132e-17,6.973723150654359,,4,789
49,True,Replace + Select,20.425654963885517,0.001488602744755451,0.0030438602354916676,1.646963402539958e-05,2.6521296841934237,3.9863137138648344e-11,2.2204460492503132e-17,6.974352272704225,,4,789
50,True,Replace + Select,20.42668675182624,0.001668247154033717,0.0033198071036528096,1.7962719639540824e-05,2.5671103494845435,3.9863137138648344e-11,2.2204460492503132e-17,6.974714847018805,,4,789
51,True,Replace + Select,20.425273212610314,0.0017606262049404279,0.0034613311820277217,1.8728474173681017e-05,2.782708757557115,3.9863137138648344e-11,2.2204460492503132e-17,6.973754123460411,,4,789
52,True,Replace + Select,20.416193192167317,0.0014652881573561458,0.0029792847024361874,1.6120230533078238e-05,2.5629569887764534,3.9863137138648344e-11,2.2204460492503132e-17,6.972686393446345,,4,789
53,True,Replace + Select,20.431083041319265,0.0012958872692505241,0.0026042391822635744,1.409094469791215e-05,2.511702792665328,3.9863137138648344e-11,2.2204460492503132e-17,6.974993822072929,,4,789
54,True,Replace + Select,20.460684911611974,0.0011835348083151787,0.0023711063167999036,1.282951589487147e-05,2.5358501992334297,3.9863137138648344e-11,2.2204460492503132e-17,6.976964416671594,,4,789
55,True,Replace + Select,20.481287592975455,0.0011171704138763072,0.0021599345625909184,1.1686913659798138e-05,2.7618250603109713,3.9863137138648344e-11,2.2204460492503132e-17,6.978526772354189,,4,789
56,True,Replace + Select,20.491032388937228,0.001029869817789833,0.0020324545311545487,1.099714826294367e-05,2.534352496161975,3.9863137138648344e-11,2.2204460492503132e-17,6.979362328163695,,4,789
57,True,Replace + Select,20.484369641687213,0.0010340700507660628,0.002092025684783906,1.1319474198709868e-05,2.653732068748604,3.9863137138648344e-11,2.2204460492503132e-17,6.978851955811997,,4,789
58,True,Replace + Select,20.508597827048497,0.0009101455605558877,0.001817510227376971,9.834133621934965e-06,2.588519462442693,3.9863137138648344e-11,2.2204460492503132e-17,6.981399463627768,,4,789
59,True,Replace + Select,20.526355319748557,0.0009627676984027883,0.0019400102889824391,1.0496953536990978e-05,2.624491781337678,3.9863137138648344e-11,2.2204460492503132e-17,6.983750354907505,,4,789
60,True,Replace + Select,20.52939417532206,0.0008993026928685642,0.0018102976287463597,9.795107894526992e-06,2.6337595095530637,3.9863137138648344e-11,2.2204460492503132e-17,6.984006905778558,,4,789
61,True,Replace + Select,20.534928458715303,0.0008712578315035617,0.001699215442889831,9.194067502965474e-06,2.619686784747791,3.9863137138648344e-11,2.2204460492503132e-17,6.983209050718001,,4,789
62,True,Replace + Select,20.549159852630666,0.0007866119105550309,0.0015563723283103072,8.421175964536158e-06,2.664014572601949,3.9863137138648344e-11,2.2204460492503132e-17,6.983642944060203,,4,789
63,True,Replace + Select,20.564184755586346,0.0008572297423725121,0.0016961411751134337,9.177433340666243e-06,2.6075802197815574,3.9863137138648344e-11,2.2204460492503132e-17,6.985457701098585,,4,789
64,True,Replace + Select,20.57652639683324,0.0007392230274519915,0.0015156873108002468,8.201038607079784e-06,2.651041340114705,3.9863137138648344e-11,2.2204460492503132e-17,6.986715489604843,,4,789
65,True,Replace + Select,20.57985443179481,0.0007840054467957371,0.0015724093217309144,8.507948481035254e-06,2.520424580596819,3.9863137138648344e-11,2.2204460492503132e-17,6.987272304309735,,4,789
66,True,Replace + Select,20.58113466090778,0.0007616717969797076,0.0015079054029423795,8.158932477191152e-06,2.6175551667205283,3.9863137138648344e-11,2.2204460492503132e-17,6.988092780942965,,4,789
67,True,Replace + Select,20.602509663776615,0.0007738496356975451,0.0015298250666794591,8.2775347820868e-06,2.6357069156929764,3.9863137138648344e-11,2.2204460492503132e-17,6.990518629421416,,4,789
68,True,Replace + Select,20.611382388995402,0.0006604892706617072,0.0013237944474484438,7.1627500566924794e-06,2.5389438565566746,3.9863137138648344e-11,2.2204460492503132e-17,6.991777486680138,,4,789
69,True,Replace + Select,20.626375328378753,0.0007397955428517199,0.001509276134212852,8.166349191700123e-06,2.5930867126684847,3.9863137138648344e-11,2.2204460492503132e-17,6.993299602331897,,4,789
70,True,Replace + Select,20.627360432323915,0.0007985697447435979,0.001584278099755773,8.57216773398218e-06,2.6358142572937773,3.9863137138648344e-11,2.2204460492503132e-17,6.993014971607513,,4,789
71,True,Replace + Select,20.63220957859022,0.0008039288650643216,0.0016064043693605368,8.6918879361415e-06,2.580571602495345,3.9863137138648344e-11,2.2204460492503132e-17,6.993051291048507,,4,789
72,True,Replace + Select,20.6259714128348,0.0007800588083449555,0.0015712300273107303,8.50156758769391e-06,2.650625806077548,3.9863137138648344e-11,2.2204460492503132e-17,6.991294129018653,,4,789
73,True,Replace + Select,20.639682011339673,0.0008296600648260078,0.0016488689048632403,8.921653859896257e-06,2.6950016638674663,3.9863137138648344e-11,2.2204460492503132e-17,6.992310118785464,,4,789
74,True,Replace + Select,20.647257384715697,0.0008287009917324206,0.0016754254619361477,9.065345337864125e-06,2.636913897555141,3.9863137138648344e-11,2.2204460492503132e-17,6.993087756160015,,4,789
75,True,Replace + Select,20.653798324659746,0.0007989934415686431,0.0016012774739882392,8.664147473723514e-06,2.672639072984662,3.9863137138648344e-11,2.2204460492503132e-17,6.992719421363533,,4,789
76,True,Replace + Select,20.661226773596372,0.0009108239848322642,0.0018153087323415776,9.822221834028643e-06,2.643858436024182,3.9863137138648344e-11,2.2204460492503132e-17,6.993039886859496,,4,789
77,True,Replace + Select,20.67130500648831,0.000882809144118654,0.001767093308373005,9.561339163437297e-06,2.6204317572114557,3.9863137138648344e-11,2.2204460492503132e-17,6.994433020658364,,4,789
78,True,Replace + Select,20.678751724841465,0.0009106055654026111,0.0017801287983394496,9.631871228801472e-06,2.6438370911679976,3.9863137138648344e-11,2.2204460492503132e-17,6.995668941769907,,4,789
79,True,Replace + Select,20.68850089552035,0.0008204821530503223,0.001616785188717097,8.748056183846446e-06,2.640712753307879,3.9863137138648344e-11,2.2204460492503132e-17,6.996614872374012,,4,789
80,True,Replace + Select,20.706078151791626,0.0006420486747070086,0.0012734518002260505,6.890357465878042e-06,2.5353863862220836,3.9863137138648344e-11,2.2204460492503132e-17,6.99796576585681,,4,789
81,True,Replace + Select,20.71302469411755,0.0006773669008812033,0.0013781125360397366,7.456652854733836e-06,2.707199889309129,3.9863137138648344e-11,2.2204460492503132e-17,6.998548825388103,,4,789
82,True,Replace + Select,20.73087550602272,0.0006991028634991349,0.0013887022193604052,7.513951217747576e-06,2.5621229087856126,3.9863137138648344e-11,2.2204460492503132e-17,7.0002689971869465,,4,789
83,True,Replace + Select,20.748478373049643,0.0006755697650468597,0.0013512908956729514,7.311527071476419e-06,2.7453394960243678,3.9863137138648344e-11,2.2204460492503132e-17,7.0022016774800395,,4,789
84,True,Replace + Select,20.761243832558918,0.0006215067770560426,0.0012272146228317915,6.6401786366494e-06,2.7882819378513717,3.9863137138648344e-11,2.2204460492503132e-17,7.0034859672554575,,4,789
85,True,Replace + Select,20.780516669624298,0.0005525935092949561,0.0011191567158357143,6.05550192875562e-06,2.704732552251624,3.9863137138648344e-11,2.2204460492503132e-17,7.005649446931376,,4,789
86,True,Replace + Select,20.80693860491037,0.0005706245641601965,0.001149876138485161,6.221717723623164e-06,2.6097138724341615,3.9863137138648344e-11,2.2204460492503132e-17,7.008504754445357,,4,789
87,True,Replace + Select,20.816768775522227,0.00046841664284118,0.0009239495975044657,4.999280700007505e-06,2.615196211391457,3.9863137138648344e-11,2.2204460492503132e-17,7.009769943959548,,4,789
88,True,Replace + Select,20.818104136182985,0.0004956176914692848,0.0010139655143576382,5.4863363110852196e-06,2.568145161634605,3.9863137138648344e-11,2.2204460492503132e-17,7.009709299448371,,4,789
89,True,Replace + Select,20.843129934738815,0.00048810679654385483,0.0009769218426120933,5.285901445682271e-06,2.6404223732852348,3.9863137138648344e-11,2.2204460492503132e-17,7.012403124176266,,4,789
90,True,Replace + Select,20.85603813106737,0.0005283101078800425,0.0010599917898430741,5.735373998150673e-06,2.756978345743164,3.9863137138648344e-11,2.2204460492503132e-17,7.01386829071683,,4,789
91,True,Replace + Select,20.85791487057341,0.0004976256284919446,0.0010019086155126239,5.421099179253976e-06,2.6790068518561245,3.9863137138648344e-11,2.2204460492503132e-17,7.014073494992385,,4,789
92,True,Replace + Select,20.87784608268296,0.0004615922420183132,0.0009145672873529821,4.948515158046685e-06,2.592068314432056,3.9863137138648344e-11,2.2204460492503132e-17,7.015691354861503,,4,789
93,True,Replace + Select,20.888188671732472,0.0004142890868743614,0.0008304641305642895,4.493452144134409e-06,2.6120432479516147,3.9863137138648344e-11,2.2204460492503132e-17,7.016535171975989,,4,789
94,True,Replace + Select,20.90171308971328,0.00041407838292459374,0.0008147695178987221,4.4085321718707864e-06,2.664060092918586,3.9863137138648344e-11,2.2204460492503132e-17,7.018074089370086,,4,789
95,True,Replace + Select,20.90716277985865,0.0004212695378005652,0.000846502296739761,4.580231006142799e-06,2.7748535716590768,3.9863137138648344e-11,2.2204460492503132e-17,7.018356947000164,,4,789
96,True,Replace + Select,20.926728246960895,0.0003904024439352871,0.0007833215900256776,4.23837460126783e-06,2.7028103211497365,3.9863137138648344e-11,2.2204460492503132e-17,7.020417483544082,,4,789
97,True,Replace + Select,20.937529464632163,0.000412627157413179,0.000800809174462905,4.332995935161923e-06,2.663116591510312,3.9863137138648344e-11,2.2204460492503132e-17,7.02121978471697,,4,789
98,True,Replace + Select,20.956329035137742,0.00043206041954771645,0.0008579565210401685,4.642207203365297e-06,2.5427951153393726,3.9863137138648344e-11,2.2204460492503132e-17,7.022768419223857,,4,789
99,True,Replace + Select,20.9789240668479,0.0004068659480754545,0.0008191115059327436,4.43202567956512e-06,2.5374292892022163,3.9863137138648344e-11,2.2204460492503132e-17,7.024994833747962,,4,789
100,True,Replace + Select,20.988814534426,0.0003846414532838616,0.0007659640649779492,4.144456989089222e-06,2.6646620122716653,3.9863137138648344e-11,2.2204460492503132e-17,7.0257250860705955,,4,789
101,True,Replace + Select,20.98930596024553,0.0003590271047630775,0.0007059792285988514,3.819892710244258e-06,2.702395515738308,3.9863137138648344e-11,2.2204460492503132e-17,7.025729184160019,,4,789
102,True,Replace + Select,21.004862670055562,0.0004152911478337628,0.0008438964893963848,4.5661315764824975e-06,2.515846326192627,3.9863137138648344e-11,2.2204460492503132e-17,7.026902768360351,,4,789
103,True,Replace + Select,21.015884258890168,0.00038283787726008415,0.0007715370531901568,4.174611158197482e-06,2.786736496991908,3.9863137138648344e-11,2.2204460492503132e-17,7.027981638476523,,4,789
104,True,Replace + Select,21.027573325686323,0.0004485399413066066,0.0008985482338951368,4.861839710597499e-06,2.672877347908062,3.9863137138648344e-11,2.2204460492503132e-17,7.029081403266305,,4,789
105,True,Replace + Select,21.04323419520928,0.0004811864014224527,0.0009618947134822028,5.204593074707827e-06,2.5396307104655444,3.9863137138648344e-11,2.2204460492503132e-17,7.030396144830408,,4,789
106,True,Replace + Select,21.053170091140167,0.0004668154892113091,0.0009046467529241569,4.894837407184797e-06,2.610993196669612,3.9863137138648344e-11,2.2204460492503132e-17,7.031091240258707,,4,789
107,True,Replace + Select,21.073206133037736,0.00043287112676665017,0.0008673762044938257,4.693174963746643e-06,2.7010881934058806,3.9863137138648344e-11,2.2204460492503132e-17,7.033295198933912,,4,789
108,True,Replace + Select,21.07469341706037,0.0004855560190402535,0.0009664022576764377,5.228982369054113e-06,2.576138494280805,3.9863137138648344e-11,2.2204460492503132e-17,7.033837717570158,,4,789
109,True,Replace + Select,21.09441576365525,0.00048706593177542414,0.0009699841363074835,5.248363098001149e-06,2.6675165372887464,3.9863137138648344e-11,2.2204460492503132e-17,7.0358432584795265,,4,789
110,True,Replace + Select,21.11086622401447,0.0004837242989813572,0.0009725120992727567,5.262041329472604e-06,2.655511191866789,3.9863137138648344e-11,2.2204460492503132e-17,7.038374430366253,,4,789
111,True,Replace + Select,21.11779899431803,0.00041948600752733564,0.0008539657715008781,4.620614167117189e-06,2.557017635980447,3.9863137138648344e-11,2.2204460492503132e-17,7.03958193808995,,4,789
112,True,Replace + Select,21.132342812020195,0.00047266237664405204,0.0009655296199387707,5.224260725133492e-06,2.602084864239667,3.9863137138648344e-11,2.2204460492503132e-17,7.041476393901943,,4,789
113,True,Replace + Select,21.142277100775708,0.0004455344232772654,0.0009062759517703852,4.9036526308403105e-06,2.574838643305694,3.9863137138648344e-11,2.2204460492503132e-17,7.0428302632881365,,4,789
114,True,Replace + Select,21.154911061271058,0.00040756606549835863,0.000817924706278444,4.425604177112453e-06,2.5908840619016784,3.9863137138648344e-11,2.2204460492503132e-17,7.044545106688658,,4,789
115,True,Replace + Select,21.17549032199022,0.000462695168497078,0.000923976812073014,4.999427951835603e-06,2.5420309572109563,3.9863137138648344e-11,2.2204460492503132e-17,7.04671235256397,,4,789
116,True,Replace + Select,21.194139259402203,0.0004302377517074342,0.0008438587884149138,4.565927585063974e-06,2.5721989008611494,3.9863137138648344e-11,2.2204460492503132e-17,7.048233438193865,,4,789
117,True,Replace + Select,21.202249880030262,0.0004501216463993898,0.0008898425642173024,4.814735316030318e-06,2.6423560353211606,3.9863137138648344e-11,2.2204460492503132e-17,7.0487997651944125,,4,789
118,True,Replace + Select,21.21424077537275,0.0004517512019028296,0.000868308527351228,4.698219550247656e-06,2.6079012838015734,3.9863137138648344e-11,2.2204460492503132e-17,7.0497340640665405,,4,789
119,True,Replace + Select,21.220956858676093,0.0004570574252262672,0.0008923842815226013,4.828487969100979e-06,2.6199432074818056,3.9863137138648344e-11,2.2204460492503132e-17,7.050107537136896,,4,789
120,True,Replace + Select,21.22568846128674,0.00043393989640195586,0.0008632584742637358,4.670894863920065e-06,2.5785541440102038,3.9863137138648344e-11,2.2204460492503132e-17,7.050136532046397,,4,789
121,True,Replace + Select,21.230845770599082,0.00043019859992835696,0.0008802458773163735,4.762809830335633e-06,2.624955972663762,3.9863137138648344e-11,2.2204460492503132e-17,7.050102415182278,,4,789
122,True,Replace + Select,21.2310172052974,0.00039097103539356237,0.0007896879326355922,4.272821430213202e-06,2.605108700670951,3.9863137138648344e-11,2.2204460492503132e-17,7.049945634342919,,4,789
123,True,Replace + Select,21.245919964393707,0.00032165144301947435,0.0006449156006032794,3.4894913358238033e-06,2.5969135256874694,3.9863137138648344e-11,2.2204460492503132e-17,7.0515372416636275,,4,789
124,True,Replace + Select,21.26559126072718,0.0003346815935353184,0.0006716862731413202,3.6343413437756728e-06,2.7246777650248237,3.9863137138648344e-11,2.2204460492503132e-17,7.052971155010122,,4,789
125,True,Replace + Select,21.274837190413184,0.00035297751830559254,0.0007097832720932712,3.840475522634682e-06,2.689378644756946,3.9863137138648344e-11,2.2204460492503132e-17,7.053919807954851,,4,789
126,True,Replace + Select,21.29266543769054,0.00039784511878665523,0.0008149540930809067,4.409530866116109e-06,2.636781257852311,3.9863137138648344e-11,2.2204460492503132e-17,7.055336043600762,,4,789
127,True,Replace + Select,21.309263857129956,0.00036107334782083014,0.0007184298931115628,3.88726041836252e-06,2.6303343932332126,3.9863137138648344e-11,2.2204460492503132e-17,7.056499751743932,,4,789
128,True,Replace + Select,21.326579472429557,0.0003484619941417999,0.0006946959117831419,3.7588412544709095e-06,2.6448096818582236,3.9863137138648344e-11,2.2204460492503132e-17,7.057995048002307,,4,789
129,True,Replace + Select,21.340218635829533,0.0003344328761578939,0.0006720542150087554,3.63633219336483e-06,2.685311110697343,3.9863137138648344e-11,2.2204460492503132e-17,7.05932199401101,,4,789
130,True,Replace + Select,21.350732032909793,0.0003104894680482957,0.0006255717122465357,3.3848259644808593e-06,2.4798446069282996,3.9863137138648344e-11,2.2204460492503132e-17,7.059834150972844,,4,789
131,True,Replace + Select,21.365632015005144,0.00033035992193973355,0.0006709359065096818,3.6302812809436613e-06,2.6071956999900268,3.9863137138648344e-11,2.2204460492503132e-17,7.061133471006198,,4,789
132,True,Replace + Select,21.377588121767204,0.00035690366925170076,0.0007145383470109064,3.86620414931197e-06,2.668906542366445,3.9863137138648344e-11,2.2204460492503132e-17,7.062276786512761,,4,789
133,True,Replace + Select,21.39835438230663,0.00037351326231795437,0.0007520928306334435,4.069402901365099e-06,2.722517003148993,3.9863137138648344e-11,2.2204460492503132e-17,7.064551351904055,,4,789
134,True,Replace + Select,21.414490112421408,0.00039193866661277414,0.0007898308687579114,4.273594824995314e-06,2.7510274541978452,3.9863137138648344e-11,2.2204460492503132e-17,7.066114118959543,,4,789
135,True,Replace + Select,21.422073902677877,0.000400682699270482,0.0007941081311127403,4.296738116790796e-06,2.750559951791393,3.9863137138648344e-11,2.2204460492503132e-17,7.066657038062527,,4,789
136,True,Replace + Select,21.43252652746018,0.00035320939716762816,0.0007086656137864164,3.8344281282554275e-06,2.664822186864646,3.9863137138648344e-11,2.2204460492503132e-17,7.067947313423718,,4,789
137,True,Replace + Select,21.441602188272586,0.0003610067942879589,0.0007197111053001575,3.894192765521235e-06,2.5906377901678503,3.9863137138648344e-11,2.2204460492503132e-17,7.068603475122458,,4,789
138,True,Replace + Select,21.457235632827597,0.00034019582510811633,0.0006803169219353126,3.6810398174379668e-06,2.620072310482809,3.9863137138648344e-11,2.2204460492503132e-17,7.070222592242033,,4,789
139,True,Replace + Select,21.46904759035329,0.00034136357465228845,0.0006718707670923615,3.635339598497792e-06,2.767042552292759,3.9863137138648344e-11,2.2204460492503132e-17,7.071226628126886,,4,789
140,True,Replace + Select,21.47291417582615,0.0003059907540175319,0.0006029111751808351,3.2622149628522623e-06,2.615369668885047,3.9863137138648344e-11,2.2204460492503132e-17,7.07126076378573,,4,789
141,True,Replace + Select,21.486559831618273,0.0002841251732914631,0.0005765979817205298,3.1198402699285692e-06,2.78892924394997,3.9863137138648344e-11,2.2204460492503132e-17,7.07242033416486,,4,789
142,True,Replace + Select,21.494933395241542,0.00023818676661579156,0.000470225312055978,2.544281997162833e-06,2.5666136101896093,3.9863137138648344e-11,2.2204460492503132e-17,7.073488197160477,,4,789
143,True,Replace + Select,21.508560115261222,0.0002764538941110442,0.0005580861161749562,3.0196767843952875e-06,2.6804596502899667,3.9863137138648344e-11,2.2204460492503132e-17,7.07485839548202,,4,789
144,True,Replace + Select,21.518324835629556,0.00028950713481292096,0.0005760573175010783,3.1169148590568194e-06,2.681245955233244,3.9863137138648344e-11,2.2204460492503132e-17,7.075884416455154,,4,789
145,True,Replace + Select,21.529782780556904,0.00029556840501611983,0.0005755524865233518,3.114183333689493e-06,2.6856163696974096,3.9863137138648344e-11,2.2204460492503132e-17,7.077037469345787,,4,789
146,True,Replace + Select,21.536244028024992,0.0003266892456769984,0.0006662274710978377,3.604805010002865e-06,2.6489385259798075,3.9863137138648344e-11,2.2204460492503132e-17,7.077992781524171,,4,789
147,True,Replace + Select,21.542440089003442,0.0003268418621955888,0.0006599973954947802,3.5710954907757593e-06,2.7029073470250617,3.9863137138648344e-11,2.2204460492503132e-17,7.079000690533677,,4,789
148,True,Replace + Select,21.55032127307532,0.00032716334119423205,0.0006413953616326997,3.4704441250316063e-06,2.6886623861228047,3.9863137138648344e-11,2.2204460492503132e-17,7.079381996085739,,4,789
149,True,Replace + Select,21.55900430346829,0.00031258667290265233,0.0006277388964083899,3.396552104070056e-06,2.73870564880885,3.9863137138648344e-11,2.2204460492503132e-17,7.080540095445458,,4,789
150,True,Replace + Select,21.57522963748396,0.00030905520812179386,0.0006271323590464435,3.393270268637039e-06,2.5984701437401574,3.9863137138648344e-11,2.2204460492503132e-17,7.082355475020509,,4,789
151,True,Replace + Select,21.597458386423195,0.00032528094463457515,0.0006505672497841451,3.5200711215062993e-06,2.5563018847919463,3.9863137138648344e-11,2.2204460492503132e-17,7.084505255308068,,4,789
152,True,Replace + Select,21.602785470888474,0.0003177088688484381,0.0006340759242402442,3.430840317432308e-06,2.5935823547105388,3.9863137138648344e-11,2.2204460492503132e-17,7.08512941233265,,4,789
153,True,Replace + Select,21.6112761054082,0.00028788185540644227,0.0005718161430251486,3.093966830549477e-06,2.74228506199246,3.9863137138648344e-11,2.2204460492503132e-17,7.085786928218633,,4,789
154,True,Replace + Select,21.62466071277754,0.00030154306160809404,0.0005960822722042005,3.2252653251820665e-06,2.5672449136461437,3.9863137138648344e-11,2.2204460492503132e-17,7.087017981910081,,4,789
155,True,Replace + Select,21.632485993098058,0.000293290033917692,0.0005804619361489327,3.140747246728816e-06,2.653109854193642,3.9863137138648344e-11,2.2204460492503132e-17,7.087625216588296,,4,789
156,True,Replace + Select,21.643131955674033,0.0002767933991886586,0.0005523689344255512,2.988742416919579e-06,2.76038573507154,3.9863137138648344e-11,2.2204460492503132e-17,7.088267838997668,,4,789
157,True,Replace + Select,21.65613971488817,0.0002794387406246233,0.000561644562735435,3.0389307277487547e-06,2.6733062911049537,3.9863137138648344e-11,2.2204460492503132e-17,7.089509910464331,,4,789
158,True,Replace + Select,21.668161481855954,0.0002659182331236865,0.000531065549168092,2.8734746544246395e-06,2.7103275283761246,3.9863137138648344e-11,2.2204460492503132e-17,7.090353626900202,,4,789
159,True,Replace + Select,21.684525882681925,0.00029099005534109415,0.0005729499184963476,3.100101431231826e-06,2.6875277831628583,3.9863137138648344e-11,2.2204460492503132e-17,7.091774729666548,,4,789
160,True,Replace + Select,21.692796422981313,0.0003017862863767281,0.0005986780085497698,3.2393102629684587e-06,2.560136066016196,3.9863137138648344e-11,2.2204460492503132e-17,7.092604851623095,,4,789
161,True,Replace + Select,21.711025286373285,0.0003007508298704996,0.0005921232512643312,3.2038439651543424e-06,2.7527863574037292,3.9863137138648344e-11,2.2204460492503132e-17,7.094120951243795,,4,789
162,True,Replace + Select,21.723887994186853,0.00027537277130451057,0.0005470655125536869,2.9600468098435875e-06,2.689284805641851,3.9863137138648344e-11,2.2204460492503132e-17,7.095381093732907,,4,789
163,True,Replace + Select,21.7293084610027,0.00028029691993989566,0.0005539180847835835,2.9971245164488593e-06,2.743284034258097,3.9863137138648344e-11,2.2204460492503132e-17,7.096173034431906,,4,789
164,True,Replace + Select,21.744225533418188,0.00026585180807956436,0.0005236775672189016,2.833499967850448e-06,2.6083241895773814,3.9863137138648344e-11,2.2204460492503132e-17,7.097386154465219,,4,789
165,True,Replace + Select,21.76346672435106,0.0002683161096274186,0.0005430231885969134,2.9381747161765105e-06,2.57032135567119,3.9863137138648344e-11,2.2204460492503132e-17,7.098869075787515,,4,789
166,True,Replace + Select,21.76913802627884,0.00027887431051747705,0.0005624140014319612,3.043093985177268e-06,2.720025965795605,3.9863137138648344e-11,2.2204460492503132e-17,7.098877713264237,,4,789
167,True,Replace + Select,21.782260885520987,0.00027470474226720887,0.0005435245263165632,2.9408873403205125e-06,2.7941727778566783,3.9863137138648344e-11,2.2204460492503132e-17,7.0999761414995435,,4,789
168,True,Replace + Select,21.797670383394742,0.00029332007647857544,0.0005797877218412513,3.1370992267662937e-06,2.6703861300492546,3.9863137138648344e-11,2.2204460492503132e-17,7.101233766034411,,4,789
169,True,Replace + Select,21.80599404634852,0.0002901307955451229,0.0005723287948387145,3.0967406726771275e-06,2.6192821200840624,3.9863137138648344e-11,2.2204460492503132e-17,7.10196381325722,,4,789
170,True,Replace + Select,21.82828416642477,0.0003086819483546538,0.0006222694755279982,3.366958314190811e-06,2.6266044559399058,3.9863137138648344e-11,2.2204460492503132e-17,7.1038866358794115,,4,789
171,True,Replace + Select,21.848122122689343,0.0003039129656891185,0.000612999799728352,3.316802211037929e-06,2.656940325370865,3.9863137138648344e-11,2.2204460492503132e-17,7.1052873171883,,4,789
172,True,Replace + Select,21.868277692776235,0.0003000485604316939,0.0006069833297178399,3.284248462990453e-06,2.670504100509796,3.9863137138648344e-11,2.2204460492503132e-17,7.1069099362553,,4,789
173,True,Replace + Select,21.877093165395713,0.0002907581398939171,0.0005915910734127512,3.2009644720850648e-06,2.676640596581943,3.9863137138648344e-11,2.2204460492503132e-17,7.107707427184229,,4,789
174,True,Replace + Select,21.892974548927448,0.00029274201777683374,0.0005932235250000997,3.2097972955814667e-06,2.7285074601389394,3.9863137138648344e-11,2.2204460492503132e-17,7.109374037017073,,4,789
175,True,Replace + Select,21.91008626768752,0.0002847994566166354,0.0005705992824618194,3.087382675369062e-06,2.590936911317419,3.9863137138648344e-11,2.2204460492503132e-17,7.110907301378389,,4,789
176,True,Replace + Select,21.92889576220071,0.0002544333495847681,0.0005111551403582638,2.765743970022504e-06,2.7092900624962004,3.9863137138648344e-11,2.2204460492503132e-17,7.112575374729637,,4,789
177,True,Replace + Select,21.93279037048559,0.00025216106823868867,0.0004975199968747169,2.6919673161409055e-06,2.6860975238323714,3.9863137138648344e-11,2.2204460492503132e-17,7.112653039971429,,4,789
178,True,Replace + Select,21.949953784580785,0.0002501418019652915,0.0005013482334140157,2.7126810315834712e-06,2.6865058347482718,3.9863137138648344e-11,2.2204460492503132e-17,7.114365197849223,,4,789
179,True,Replace + Select,21.97162998837534,0.00024228625644426521,0.0004899075667545924,2.6507781916664937e-06,2.521432359850439,3.9863137138648344e-11,2.2204460492503132e-17,7.116378392526594,,4,789
180,True,Replace + Select,21.984307757905714,0.0002439976440352873,0.00048177621071329637,2.6067812772980734e-06,2.6302595808233638,3.9863137138648344e-11,2.2204460492503132e-17,7.117064477973995,,4,789
181,True,Replace + Select,21.9947981016066,0.00024206521056624336,0.0004843600616393797,2.6207619057883655e-06,2.667060825991212,3.9863137138648344e-11,2.2204460492503132e-17,7.117696919471387,,4,789
182,True,Replace + Select,22.020450186102714,0.00024095656634332414,0.0004768434139776555,2.580091038367123e-06,2.581850671456287,3.9863137138648344e-11,2.2204460492503132e-17,7.1203194123335765,,4,789
183,True,Replace + Select,22.03282412477349,0.0002468073029756766,0.000496613014136167,2.687059839247881e-06,2.6055407273425484,3.9863137138648344e-11,2.2204460492503132e-17,7.121270577524486,,4,789
184,True,Replace + Select,22.053041106927267,0.0002446779045332296,0.0004852946790276671,2.625818907473064e-06,2.654395085618418,3.9863137138648344e-11,2.2204460492503132e-17,7.123560766342581,,4,789
185,True,Replace + Select,22.071158569052052,0.00024625124896510153,0.0004818402064866532,2.607127543842795e-06,2.6375801129223624,3.9863137138648344e-11,2.2204460492503132e-17,7.125578271520787,,4,789
186,True,Replace + Select,22.09115951662499,0.00023689510222171396,0.00047003678430145046,2.5432619164493707e-06,2.560164220606021,3.9863137138648344e-11,2.2204460492503132e-17,7.127366669532209,,4,789
187,True,Replace + Select,22.114389906564057,0.0002163376410183786,0.0004377657230631418,2.368650558802606e-06,2.7530190448598963,3.9863137138648344e-11,2.2204460492503132e-17,7.129510034092153,,4,789
188,True,Replace + Select,22.132593007501942,0.00020877369564237686,0.00041863681500308293,2.2651483968500885e-06,2.5477482284494,3.9863137138648344e-11,2.2204460492503132e-17,7.1310513941802425,,4,789
189,True,Replace + Select,22.14161617227853,0.00023363519517931148,0.00046352813464709897,2.5080450965189386e-06,2.694847434332448,3.9863137138648344e-11,2.2204460492503132e-17,7.1321741578826625,,4,789
190,True,Replace + Select,22.15392865294434,0.0002578804700314437,0.0005025556001675256,2.7192138179226342e-06,2.6448329962693995,3.9863137138648344e-11,2.2204460492503132e-17,7.1334559219589195,,4,789
191,True,Replace + Select,22.169881132624003,0.0002988835782368306,0.0005962880358993661,3.226378665642176e-06,2.530600001494618,3.9863137138648344e-11,2.2204460492503132e-17,7.135087179564444,,4,789
192,True,Replace + Select,22.181003977856534,0.00028924732945665756,0.0005718744204846547,3.0942821566011806e-06,2.7242974284922132,3.9863137138648344e-11,2.2204460492503132e-17,7.13636916179571,,4,789
193,True,Replace + Select,22.199178253425824,0.0002728580517887424,0.0005452334228845184,2.9501337901848365e-06,2.7084561385135393,3.9863137138648344e-11,2.2204460492503132e-17,7.138447366485002,,4,789
194,True,Replace + Select,22.211313698768013,0.00026938023313651834,0.0005346955810349949,2.8931159295565684e-06,2.5871651751597446,3.9863137138648344e-11,2.2204460492503132e-17,7.1395694505417735,,4,789
195,True,Replace + Select,22.21845247203458,0.00025468136629845135,0.0005118243335572836,2.7693648219103905e-06,2.592125037114273,3.9863137138648344e-11,2.2204460492503132e-17,7.140349469783128,,4,789
196,True,Replace + Select,22.23146261684579,0.0002596293388611654,0.0005245579800737786,2.838263681158309e-06,2.673519289450083,3.9863137138648344e-11,2.2204460492503132e-17,7.1416435331194945,,4,789
197,True,Replace + Select,22.244954400219953,0.00024850859904319036,0.000493275515038962,2.6690013922633114e-06,2.676694456067471,3.9863137138648344e-11,2.2204460492503132e-17,7.143210530538246,,4,789
198,True,Replace + Select,22.260238558647412,0.0002994718295139528,0.00059654734795347,3.2277817440685988e-06,2.63282498661401,3.9863137138648344e-11,2.2204460492503132e-17,7.144591066829993,,4,789
199,True,Replace + Select,22.258967805456056,0.0002486604957715973,0.000492452368500435,2.66454753394198e-06,2.7807792936748843,3.9863137138648344e-11,2.2204460492503132e-17,7.145153907150187,,4,789
200,True,Replace + Select,22.276185882135323,0.00025408822574099894,0.0005082508293252761,2.75002940492799e-06,2.5793105826665403,3.9863137138648344e-11,2.2204460492503132e-17,7.146474438133049,,4,789
0,False,Accumulate,5.24334427359425e-32,91.921906814238,182.56079979066112,0.9877948812754098,0.08302880840628786,1.0,0.5,1.7999999999994363,,4,789
1,False,Accumulate,0.292009111005386,89.14756037691963,181.48256568117017,0.9819608022431476,0.20865450077409198,0.987857097722143,0.43521891647488653,3.8847785454479995,100.0,4,789
2,False,Accumulate,0.3589861904554219,83.81400237398465,166.66530579727086,0.9017879859286568,0.22234605296351506,0.9842306147088009,0.42620765209501077,3.8103729643676294,200.0,4,789
3,False,Accumulate,0.10624166121661494,83.0148838770334,166.5688709918554,0.9012661991744608,0.18775156750763194,0.981727263114134,0.4205892583554679,4.038321537804371,300.0,4,789
4,False,Accumulate,0.1634693393156236,83.23207420061935,166.16729622711858,0.8990933696430868,0.2362643159799277,0.9889824321157079,0.4382855932054186,3.9829486667085554,400.0,4,789
5,False,Accumulate,0.27761504362511813,81.39068077524081,162.5397373542477,0.8794654753182596,0.2404027203801502,0.9889203362404816,0.4381123699617807,3.909735102053567,500.0,4,789
6,False,Accumulate,0.27863522676709246,80.75066062314313,160.7609317383139,0.8698407635278961,0.26180983969041094,0.9933647192055332,0.45208251426306567,3.859884379667233,600.0,4,789
7,False,Accumulate,0.2091073020110748,79.83423219042639,161.09936905725476,0.8716719707293638,0.24599393453647778,0.9964026768041684,0.46470551552204437,3.7931755051913063,700.0,4,789
8,False,Accumulate,0.25988279948827075,79.58869060047063,158.51817348578464,0.857705709757717,0.24198117774889147,0.9972320072416703,0.46903712691303495,3.8556122302619302,800.0,4,789
9,False,Accumulate,0.22267254433471168,79.44401093896217,158.47287280350506,0.8574605980901225,0.2530927021107057,0.9966507139720517,0.4659430544406624,3.9483979937999805,900.0,4,789
10,False,Accumulate,0.24981296659920582,78.96319783459282,157.6018173312462,0.8527475154470202,0.2716012766677909,0.9951881185434264,0.45918558928781594,3.9602982436079763,1000.0,4,789
11,False,Accumulate,0.30332497424245225,78.70648964369741,159.5447065007752,0.8632600459505394,0.29409001320691985,0.9942729735174746,0.4554780014679155,3.961662806666995,1100.0,4,789
12,False,Accumulate,0.3270637477919863,78.83811564463441,157.91005319306188,0.8544153094470256,0.2830104977709101,0.9949790761614282,0.45830947367692204,4.007153182240149,1200.0,4,789
13,False,Accumulate,0.3029350932885044,78.3890519163841,154.67457957753842,0.8369088990917879,0.25275301464024835,0.9956528863801521,0.4612046272475575,4.1138236475814525,1300.0,4,789
14,False,Accumulate,0.28025590896576413,77.96515048745088,158.60467752223533,0.8581737633843095,0.22692406457667108,0.9959378954952557,0.46249671555520977,4.047116990117658,1400.0,4,789
15,False,Accumulate,0.28375251988317507,77.82564066964869,153.2934215278951,0.8294357676570308,0.26142903012290886,0.9959615469722093,0.46260595345279476,4.043239009077581,1500.0,4,789
16,False,Accumulate,0.27330392490973493,77.51902499099582,153.83461362914636,0.8323640347768926,0.2877468423731827,0.9955080614831294,0.4605643452859537,4.04318459118219,1600.0,4,789
17,False,Accumulate,0.28260106857571976,78.15944611579896,158.4803226870124,0.8575009077119202,0.2647987749551842,0.9957088311405068,0.4614548227193995,4.1063018043482975,1700.0,4,789
18,False,Accumulate,0.2678376950633858,78.64835930699466,160.99008832772387,0.8710806776074206,0.2572127258178948,0.9956425704658474,0.4611586692336067,4.140727929465436,1800.0,4,789
19,False,Accumulate,0.27637203463228815,78.86139463874143,157.6194857791407,0.8528431153918621,0.25692120900768517,0.9944372001196071,0.45612016027948854,4.134446707107308,1900.0,4,789
20,False,Accumulate,0.25875245735584274,79.00076919698131,157.5407239600995,0.8524169531391877,0.29102099048591645,0.9939131514242592,0.45410258704620904,4.142147902214717,2000.0,4,789
21,False,Accumulate,0.24660865866336196,79.50954939982532,161.2054311812697,0.872245848710394,0.25692682599273386,0.9946810829628907,0.45709161327213793,4.171679493933244,2100.0,4,789
22,False,Accumulate,0.26965049297605553,79.6564993661957,158.75466515528146,0.8589853122838951,0.27105421379447514,0.9935374184264951,0.45270926364090275,4.173921426109265,2200.0,4,789
23,False,Accumulate,0.28667125490063056,79.88660887515817,163.79203905227422,0.8862413944013352,0.24506498077984795,0.9930653241691226,0.4510150817509399,4.154955665965481,2300.0,4,789
24,False,Accumulate,0.2882883649566428,79.99177922966823,161.6069481238203,0.8744183653790965,0.24787822965819153,0.9932571111013481,0.45169612663134967,4.139198424213027,2400.0,4,789
25,False,Accumulate,0.2760275329595383,80.14374142589553,160.3354261492223,0.8675384497598762,0.2678554615762753,0.9926006971663497,0.4494034009731443,4.130229604866261,2500.0,4,789
26,False,Accumulate,0.24093873112146597,80.11854825883526,160.54534764992644,0.868674287158173,0.2654008463054328,0.9929460420254258,0.4505962702512718,4.121127250395488,2600.0,4,789
27,False,Accumulate,0.24618265422638905,79.96081518233346,160.1369121152306,0.8664643355641496,0.24123823201867053,0.9927811393063855,0.4500230974805455,4.093323665325529,2700.0,4,789
28,False,Accumulate,0.21959572726704032,80.05674503051603,162.1180274540899,0.8771836991580066,0.2619671823497162,0.9935323056309684,0.4526905886028349,4.053622152891244,2800.0,4,789
29,False,Accumulate,0.21744441924581687,80.06812067086915,159.44766185604033,0.8627349594947712,0.2711945619243946,0.9937914435991367,0.4536466473429481,4.081334265872365,2900.0,4,789
30,False,Accumulate,0.2268885237128433,80.05607900312525,160.70923073028686,0.869561021156344,0.2110157892219956,0.9934989717743158,0.4525690144161818,4.066439997769466,3000.0,4,789
31,False,Accumulate,0.22432835532700685,79.64732883223991,156.90689786467377,0.8489874645885336,0.2487083649093389,0.9921250086623634,0.44780522560733266,4.061417441038878,3100.0,4,789
32,False,Accumulate,0.2411314974102688,79.82271589321991,160.20753588161693,0.8668464646686059,0.28136754556463195,0.9916672533867122,0.4463125191661367,4.057085325083677,3200.0,4,789
33,False,Accumulate,0.25093981531788845,79.55860743025033,158.29122437714892,0.8564777398535675,0.24237130187091818,0.991456945179144,0.4456405634934374,4.077560095377209,3300.0,4,789
34,False,Accumulate,0.24483210461331711,79.53906804590125,159.7166118747328,0.8641901867510495,0.25079438815364985,0.9917109072739684,0.44645306279049546,4.083702890676709,3400.0,4,789
35,False,Accumulate,0.24568421767522192,79.34612994434288,158.19039489154352,0.8559321744864303,0.2705189429676764,0.9917550602354002,0.4465955923289675,4.067463588312608,3500.0,4,789
36,False,Accumulate,0.257706680605198,79.14946443970501,158.09318069359784,0.8554061706168803,0.2752118723774044,0.991422027449255,0.4455298065735667,4.0656879124404535,3600.0,4,789
37,False,Accumulate,0.25293563639591005,79.35417505602621,160.61496745857772,0.8690509840761311,0.22662830606794496,0.9911807730071981,0.44477067903931033,4.04977892730481,3700.0,4,789
38,False,Accumulate,0.2516607964846217,79.44421356726464,160.35986117146138,0.8676706620963651,0.23953860747192163,0.991670582841046,0.44632322527610224,4.034199958679289,3800.0,4,789
39,False,Accumulate,0.2496219703287192,79.34089256652435,159.40921254168353,0.8625269190175507,0.22586162651774094,0.992772991865887,0.44999494986469174,4.045072856623996,3900.0,4,789
40,False,Accumulate,0.2482873403552675,79.49274493765185,158.5205224815843,0.8577184196386426,0.25987106598075227,0.9936070737984365,0.4529644304680606,4.0347139222294,4000.0,4,789
41,False,Accumulate,0.24396588370509983,79.23558453886633,158.88804186873546,0.8597069832832678,0.26145864990941836,0.9927334854060484,0.4498586893055225,4.0057453660882665,4100.0,4,789
42,False,Accumulate,0.24759805203215027,79.15744919873526,161.2000045259145,0.8722164863150252,0.22979258334971034,0.9922981129803881,0.4483810379741053,3.9960047467407565,4200.0,4,789
43,False,Accumulate,0.2507471454005905,79.24178121711023,157.77210447451327,0.8536689003700657,0.29031261146408094,0.992371991619097,0.44862876639598886,4.0264628400010585,4300.0,4,789
44,False,Accumulate,0.26292343765311693,79.15995852503127,159.41799858806127,0.8625744583121229,0.3013250967148451,0.9918327797539098,0.44684741320713806,4.015467268250332,4400.0,4,789
45,False,Accumulate,0.2664055274894335,79.11590898863574,156.30964648166633,0.8457558734712406,0.28977582537415136,0.9914730023426304,0.44569157226517453,4.031937720839552,4500.0,4,789
46,False,Accumulate,0.2605292660011355,79.39796158860007,156.87336123029806,0.84880600550307,0.30054997662399935,0.9911811363544506,0.4447718144329227,4.055472042065239,4600.0,4,789
47,False,Accumulate,0.2638680076550919,79.43955392816582,155.64966809230725,0.8421848808183335,0.2695550688318329,0.991582511606894,0.44604074624463413,4.047298674676935,4700.0,4,789
48,False,Accumulate,0.2593224547801265,79.65276771553707,158.19370770152452,0.8559500993462339,0.26136101185439864,0.9915560384571946,0.4459561273163589,4.0459084445594184,4800.0,4,789
49,False,Accumulate,0.2564906744270765,79.5223705061517,159.74043637092245,0.8643190956702266,0.24248640475315836,0.9910443043182094,0.4443458909333314,4.0394515608079375,4900.0,4,789
50,False,Accumulate,0.24920654812497667,79.51344725391608,159.9697993384316,0.8655601264146113,0.2610496256672225,0.9918044911069072,0.44675561557127635,4.0424788739788955,5000.0,4,789
51,False,Accumulate,0.24337867548284914,79.54484980014976,154.8553258494824,0.8378868759764235,0.26884508412680214,0.9919768839010139,0.44731753778093947,4.049841959228024,5100.0,4,789
52,False,Accumulate,0.26030767921336134,79.7038614297744,161.57048099804734,0.8742210500725539,0.23734356943850424,0.9921747432051561,0.44797000490376726,4.047541795710703,5200.0,4,789
53,False,Accumulate,0.2655150529008086,79.52988823210359,158.136596343224,0.855641082802394,0.2809215769240368,0.9916175236862158,0.44615286489095857,4.01750539268216,5300.0,4,789
54,False,Accumulate,0.2709814402829519,79.50897146977437,157.69847606497916,0.8532705138263079,0.2784629965339107,0.9911534533818612,0.44468537751517273,4.0140302598243816,5400.0,4,789
55,False,Accumulate,0.2649102653131778,79.57682040999043,161.408871491406,0.8733466178636194,0.22055719214313402,0.9904114436146136,0.4424172622463962,4.019247743601851,5500.0,4,789
56,False,Accumulate,0.25875874894505063,79.5456314054049,160.09030070206248,0.8662121318304387,0.24398294817189897,0.9908110271726124,0.4436272389629515,4.049372203996447,5600.0,4,789
57,False,Accumulate,0.25654405794814616,79.53491081778792,159.98388045008062,0.8656363161005982,0.2632030463164784,0.991036790924901,0.4443225987896803,4.053776902070195,5700.0,4,789
58,False,Accumulate,0.2676047240946266,79.63456589783029,162.71313002206028,0.8804036635268583,0.2572582776578307,0.9909647995557319,0.4440999156844294,4.046685524618662,5800.0,4,789
59,False,Accumulate,0.2702846979589681,79.505782882341,160.47589620746538,0.8682985012312988,0.25836611518890984,0.9909878009528782,0.4441709660475674,4.021336362149023,5900.0,4,789
60,False,Accumulate,0.2751819365045585,79.33498529268417,159.30789589625948,0.8619787177396606,0.24844962384938468,0.9901800606202132,0.4417281986448814,4.015327641566353,6000.0,4,789
61,False,Accumulate,0.27136487320038744,79.25928255744573,157.50681446967747,0.8522334766146328,0.2773690469315524,0.9903498132215721,0.44223291523995567,4.002210999105794,6100.0,4,789
62,False,Accumulate,0.2699816184283058,79.17634524041334,157.12614458337825,0.850173758616173,0.2653108740532705,0.9902574616995361,0.441957781956671,4.007648287231468,6200.0,4,789
63,False,Accumulate,0.26624788345174183,79.15148219818434,158.50223284637326,0.8576194585908022,0.24876693562834026,0.990368601736864,0.4422890519347342,4.01671372693022,6300.0,4,789
64,False,Accumulate,0.26568007986564596,79.01850210249879,159.04497565563287,0.8605561162382843,0.2493016830978897,0.9904078273406828,0.44240642891296267,4.020260214959355,6400.0,4,789
65,False,Accumulate,0.25930686681489046,78.908192275105,158.6565341046653,0.8584543475334997,0.2623309594713711,0.9906401178570778,0.4431065323534643,4.015502371306051,6500.0,4,789
66,False,Accumulate,0.258776407200734,78.91683873333785,156.220723303552,0.8452747304204389,0.2924315965419807,0.9906407863743343,0.44310855974932145,4.007628055788247,6600.0,4,789
67,False,Accumulate,0.2630540130355025,78.822857663542,157.98417123910875,0.8548163453023636,0.27819572967884143,0.990470651087407,0.44259492443327625,4.012709336683985,6700.0,4,789
68,False,Accumulate,0.25843585193482416,78.80594728939927,161.4021008031564,0.8733099832125699,0.2675302412948172,0.9908502831092398,0.4437475259544794,4.010637879971561,6800.0,4,789
69,False,Accumulate,0.2578904724770344,78.70459142102783,157.09670272829874,0.8500144554482632,0.2828398662921585,0.9910421480671064,0.444339205370149,4.0020769579377,6900.0,4,789
70,False,Accumulate,0.25410013783539687,78.59379853974563,153.18586051513327,0.8288537795305941,0.2707507699788787,0.9914163267978962,0.4455117460018501,3.980979915034375,7000.0,4,789
71,False,Accumulate,0.2511521540180346,78.57094320748651,155.11165810156356,0.8392738313732114,0.2818487570336281,0.9911981814492136,0.4448251037043732,3.9987526047294866,7100.0,4,789
72,False,Accumulate,0.24959941988893658,78.51873998102896,155.162998978244,0.8395516251561226,0.2597286725022383,0.9911665897697038,0.4447263773935465,3.987697090283887,7200.0,4,789
73,False,Accumulate,0.2490544671518772,78.61925675673069,155.29197302112422,0.8402494743084081,0.24741744386336562,0.9913551639061856,0.44531835055251684,3.9897350541045773,7300.0,4,789
74,False,Accumulate,0.2488729845862455,78.48257635750791,156.17030181361025,0.8450019112296386,0.2535426807525579,0.9913698685339681,0.44536478318828937,3.9800908824910053,7400.0,4,789
75,False,Accumulate,0.251953694609695,78.69919142709713,156.0052041532611,0.8441086054159567,0.2926787022258995,0.9915539713223579,0.4459495255344403,3.970163989996576,7500.0,4,789
76,False,Accumulate,0.2525140399505162,78.78206920362135,158.65513629974842,0.8584467843296603,0.25278223586769716,0.9915354845752651,0.44589052074261937,3.9785297462772484,7600.0,4,789
77,False,Accumulate,0.25221144883442675,78.73405971666608,156.95061163255107,0.8492239898239619,0.24376013785291573,0.9911833737861577,0.4447788065158997,3.981298976656381,7700.0,4,789
78,False,Accumulate,0.2512844425285802,78.70857497340292,160.0909922836496,0.8662158738207921,0.25531004810623714,0.9912160859489815,0.4448811357317494,3.981023952844029,7800.0,4,789
79,False,Accumulate,0.24877221810368358,78.75918001303855,158.07237935408423,0.855293619309487,0.26023450428198247,0.9911410686106031,0.44464675154243954,3.9927920134532484,7900.0,4,789
80,False,Accumulate,0.2519279640741355,78.80224450504693,156.61774420976909,0.8474229200612066,0.26660755540682324,0.9910587913926533,0.44439082983928757,3.987245554889975,8000.0,4,789
81,False,Accumulate,0.25247509481857217,78.82914820484744,160.5935275079375,0.8689349773894738,0.2959739776743757,0.9908648075978242,0.44379209730345515,3.980487128061004,8100.0,4,789
82,False,Accumulate,0.2464191108692183,78.75647605983585,158.338438476529,0.8567332045850168,0.22588198087326333,0.9909695223375408,0.44411449673036274,3.9855158030187394,8200.0,4,789
83,False,Accumulate,0.24517853102087947,78.77021760735073,158.451778597272,0.8573464621476559,0.2802226593405175,0.9905740719447096,0.4429065945312233,3.9895171562798604,8300.0,4,789
84,False,Accumulate,0.24582037569581766,78.7519366970976,156.25837216717642,0.8454784398411725,0.2869224130999478,0.9905723863539156,0.44290150106014575,3.9861346430325755,8400.0,4,789
85,False,Accumulate,0.24346266894056814,78.80207976138527,158.86085505451925,0.8595598816275358,0.24822707800345561,0.9904500072256982,0.4425329160586789,3.9889083059586796,8500.0,4,789
86,False,Accumulate,0.24093831292786702,78.83916388323205,159.9266045945442,0.8653264094997045,0.2784013510499162,0.990439070174635,0.4425000915624018,3.9915086372938395,8600.0,4,789
87,False,Accumulate,0.24584135706943505,78.72065055922315,157.94537880132955,0.8546064482625039,0.28005247686524015,0.9901391341277438,0.44160717263210836,3.989086959519928,8700.0,4,789
88,False,Accumulate,0.24827470524822032,78.72374294295895,160.21280793524193,0.866874990549247,0.24038645792289492,0.9899752782940549,0.44112514020921745,3.997909596598837,8800.0,4,789
89,False,Accumulate,0.2479431828467807,78.74962228944297,155.9013216844064,0.8435465210522456,0.26987234145491334,0.989858412153604,0.4407837619453124,4.000654432149948,8900.0,4,789
90,False,Accumulate,0.2566936937271749,78.85929521598484,159.42956575370198,0.862637045609198,0.27732664870004253,0.9897640585280351,0.4405095877913348,3.997406454120624,9000.0,4,789
91,False,Accumulate,0.25458571110938116,78.90481078022123,155.5007109598227,0.8413789077224311,0.2772054469321796,0.9899337492829718,0.4410036012230985,4.006748156938982,9100.0,4,789
92,False,Accumulate,0.2573284235384687,78.87269518626165,158.56435978626016,0.8579556133035333,0.27955018292562206,0.9899326913817327,0.4410005084655228,4.003019226286469,9200.0,4,789
93,False,Accumulate,0.2588822475704187,78.80172400770962,156.4592799880087,0.8465655062719392,0.2507575741113215,0.9901336279934843,0.44159090944972534,4.005387215831707,9300.0,4,789
94,False,Accumulate,0.2565003769086544,78.80585846378821,161.61959728756813,0.8744868071213371,0.28795632261989484,0.9900269126868894,0.44127660774730165,3.988900891135082,9400.0,4,789
95,False,Accumulate,0.2540219244146051,78.7513238257451,158.58644779311513,0.8580751264746738,0.2688855307774215,0.9899900156263456,0.4411683314771832,3.986857715136301,9500.0,4,789
96,False,Accumulate,0.25675565450875887,78.66558468175926,158.79310506267075,0.8591933018621583,0.24935870468113117,0.9905779605118601,0.4429183466434986,3.994294416580832,9600.0,4,789
97,False,Accumulate,0.2599330833250186,78.61109570523499,158.84094811519074,0.8594521697157064,0.25009369148117794,0.9908701734250992,0.44380857245574284,3.992620163292465,9700.0,4,789
98,False,Accumulate,0.2591492788635108,78.50042929544185,158.869251763188,0.8596053143044964,0.23483272693856744,0.9908231446320668,0.44366434132016874,3.995199442603514,9800.0,4,789
99,False,Accumulate,0.26238085171832076,78.46296578800707,157.4279973008457,0.8518070148768561,0.2981493767237206,0.9905801839622501,0.4429250675006184,3.984468418962837,9900.0,4,789
100,False,Accumulate,0.2620720694157488,78.44642163898415,156.8240987816035,0.8485394576203078,0.2493084497563332,0.9904258793743612,0.44246052820189646,3.989378669948176,10000.0,4,789
101,False,Accumulate,0.26120924393231293,78.33259982381976,156.9153880905015,0.8490334032655285,0.28729059378499305,0.990640562384911,0.44310788045398286,3.982667751281422,10100.0,4,789
102,False,Accumulate,0.2606019024773998,78.32508954177031,157.14419117694544,0.8502714046210686,0.2667464817207913,0.9907536264776116,0.44345181782738596,3.9798533024046208,10200.0,4,789
103,False,Accumulate,0.2600670825145942,78.31478471734066,160.25439550241668,0.8671000113972441,0.27764927975684095,0.9906841898220136,0.44324034464878476,3.9829573355692145,10300.0,4,789
104,False,Accumulate,0.2628006775386448,78.33785895861917,156.70016260801893,0.8478688672306288,0.30174163187269404,0.9905910748447493,0.44295799907512673,3.984573475710955,10400.0,4,789
105,False,Accumulate,0.26436394204205677,78.39904160566738,156.934474311599,0.8491366744580551,0.2670859317141039,0.9904935996122359,0.44266393477967103,3.9761134258961865,10500.0,4,789
106,False,Accumulate,0.2653496012048183,78.36145123328707,158.01953760558143,0.8550077046512001,0.24904981492152048,0.9907172163947211,0.44334082962442906,3.985422440230223,10600.0,4,789
107,False,Accumulate,0.26211698266154093,78.37962262978064,157.8020776431378,0.8538310783544789,0.23403651408467022,0.9908872830379588,0.4438611381068145,3.9823885534645753,10700.0,4,789
108,False,Accumulate,0.26494846652069076,78.38180891388512,157.53870608796763,0.8524060348929638,0.27042480208374464,0.9911378038733867,0.4446365739135457,3.9721937368639764,10800.0,4,789
109,False,Accumulate,0.26389273232190236,78.42261493984888,154.52658937305102,0.836108157822911,0.2568092275751544,0.9910489797500902,0.44436039012353207,3.9703421160192196,10900.0,4,789
110,False,Accumulate,0.26367123470388815,78.3630696210252,157.75852760644568,0.8535954390311786,0.24668310804323815,0.9911919154965453,0.44480550798900664,3.9709513239053735,11000.0,4,789
111,False,Accumulate,0.2670659623924088,78.37012733941748,158.0735289408132,0.8552998394612816,0.2844824208131965,0.991137751375504,0.44463641026985323,3.9671818005527717,11100.0,4,789
112,False,Accumulate,0.2635612815207939,78.41080164627287,155.43575370683902,0.841027438830574,0.2613848818573147,0.9912120213954527,0.44486841069779487,3.9586235530455003,11200.0,4,789
113,False,Accumulate,0.2653571134725217,78.46035841015615,157.81372188142876,0.8538940826740993,0.25008226361328567,0.9912102959415781,0.44486300965677017,3.954643210638545,11300.0,4,789
114,False,Accumulate,0.26543415001621956,78.4767631992789,157.55858822570227,0.8525136126090213,0.22853765816766977,0.9911281016514374,0.4446063389266866,3.953127308651591,11400.0,4,789
115,False,Accumulate,0.26580133943071443,78.44813962721896,158.11586928422247,0.8555289334099228,0.2652141089798139,0.9910714153479157,0.4444300192281867,3.9553007453138376,11500.0,4,789
116,False,Accumulate,0.26401740094359044,78.59513051108925,157.34462614288094,0.8513559125417544,0.2568562055315834,0.99112822987437,0.4446067383986868,3.966814139314267,11600.0,4,789
117,False,Accumulate,0.2671900556077872,78.55248685473356,158.12718729872037,0.8555901726069467,0.23436468945103878,0.9907582566254047,0.44346594757500196,3.9630149556293897,11700.0,4,789
118,False,Accumulate,0.2700398191975941,78.45343728086954,157.28317295359912,0.8510234033399967,0.2798573289052384,0.9905730389241976,0.44290347292437915,3.9645840798286165,11800.0,4,789
119,False,Accumulate,0.2719971931022265,78.48311534761166,156.57300378976672,0.8471808398451081,0.2446509477712328,0.9905341471502047,0.44278607380272367,3.9602601258090746,11900.0,4,789
120,False,Accumulate,0.27078373171968756,78.4627720199438,156.28729909104263,0.8456349568336422,0.2640158952324781,0.9904625750562945,0.4425706582555373,3.95860649834406,12000.0,4,789
121,False,Accumulate,0.2739276595481098,78.44705950143883,155.00850544277807,0.838715695845458,0.26689515015220533,0.9904593448654329,0.4425609553459808,3.9525044075105287,12100.0,4,789
122,False,Accumulate,0.2766705960885504,78.3595612077886,158.52719471627375,0.8577545215799163,0.2670348166183649,0.9904110518268479,0.4424160884617872,3.9473176994840555,12200.0,4,789
123,False,Accumulate,0.27390539929638696,78.42035835951509,157.39714838214775,0.8516400984083827,0.26849085586620886,0.9905359596695321,0.44279153969337337,3.94897478271376,12300.0,4,789
124,False,Accumulate,0.2707643164902647,78.48146577699701,155.10844239102767,0.839256431896376,0.2897563636072685,0.9905872926435042,0.4429465603775594,3.9533947372780287,12400.0,4,789
125,False,Accumulate,0.2694070979021914,78.51868532860523,155.19002193906607,0.8396978402384817,0.2620553712659922,0.9906561643942204,0.44315521642903605,3.9446413556520623,12500.0,4,789
126,False,Accumulate,0.27051410466728826,78.46261649502738,156.65947911747392,0.8476487381352324,0.27842166212432473,0.9909568311540073,0.4440753228509817,3.945873337933038,12600.0,4,789
127,False,Accumulate,0.2708579383047194,78.48941618817031,157.32047357951626,0.8512252285258612,0.2676839502009051,0.9912332387073944,0.44493486910255836,3.9521024875018376,12700.0,4,789
128,False,Accumulate,0.2699144117004019,78.52556879564405,156.01980697942463,0.8441876179802805,0.24448249213459766,0.9913181542726213,0.4452016611824432,3.950845925415073,12800.0,4,789
129,False,Accumulate,0.26711097181509125,78.49038362214257,157.87988212860594,0.85425206069337,0.276094251353561,0.9915658744107876,0.445987551416173,3.955771505589071,12900.0,4,789
130,False,Accumulate,0.2635102567959466,78.50978517158279,157.70161916231683,0.8532875204096767,0.26609957926640737,0.9918377074998194,0.4468634202549906,3.9521442281929597,13000.0,4,789
131,False,Accumulate,0.26591153706355475,78.50065318859002,156.49731684072083,0.8467713150132021,0.2753994021042063,0.9917141563100704,0.4464635379235783,3.9528923223177594,13100.0,4,789
132,False,Accumulate,0.2628856413886724,78.48314700302244,157.01633728504672,0.8495796163504568,0.27367050200924664,0.9918320366446431,0.44684499974893155,3.959761674306,13200.0,4,789
133,False,Accumulate,0.2596829935759814,78.41318403854523,157.155049800653,0.8503301581592231,0.2680883266998406,0.9918581983585825,0.4469300339279098,3.9492957191144273,13300.0,4,789
134,False,Accumulate,0.26174547100943074,78.38196184220192,155.40971871441195,0.8408865694200378,0.2961927860914611,0.991834050264754,0.4468515398074224,3.9586653443903552,13400.0,4,789
135,False,Accumulate,0.26613029051268017,78.39587484545613,157.3703104691411,0.8514948845775796,0.27271909297292823,0.9915716186186403,0.446005911650973,3.9598966972939174,13500.0,4,789
136,False,Accumulate,0.26355522838898804,78.30524507982065,156.8160611016556,0.8484959675659315,0.2482221932748082,0.9916391254431858,0.4462221573794394,3.957830654954328,13600.0,4,789
137,False,Accumulate,0.2653310082173799,78.28953441140818,156.56971039020803,0.8471630200106759,0.27355415605417266,0.9915040009304638,0.4457901822896109,3.961485606274174,13700.0,4,789
138,False,Accumulate,0.26775071492133257,78.25663142645294,155.78310916571837,0.8429069000547663,0.2936626210081804,0.9914753164610958,0.4456989275042912,3.9546331741475047,13800.0,4,789
139,False,Accumulate,0.26650983984312987,78.25198547995224,157.9198845008146,0.8544685044126782,0.2728342471699393,0.9914327728499535,0.44556386613744103,3.9548177093623633,13900.0,4,789
140,False,Accumulate,0.26565062108258364,78.22879850734861,155.14801939878384,0.8394705740655743,0.2763680149413039,0.9913851202908774,0.4454129855514739,3.9571449172635123,14000.0,4,789
141,False,Accumulate,0.266620496234052,78.33570593193706,157.03186989828876,0.8496636597807601,0.248927853789011,0.9914661888051357,0.44566992181316556,3.960284189259148,14100.0,4,789
142,False,Accumulate,0.267235621958542,78.34537408549292,156.52025013806775,0.8468954018585492,0.24908502540597818,0.9914735174919822,0.4456932095390057,3.961411821027103,14200.0,4,789
143,False,Accumulate,0.2670323030724472,78.32766313011372,156.87187947700406,0.848797988073694,0.2569873967644603,0.991410618436934,0.4454936670493169,3.96688876158269,14300.0,4,789
144,False,Accumulate,0.26782863151554775,78.31636143939296,156.17045989620928,0.8450027665785542,0.28055055931852674,0.9915017544008545,0.44578302974824763,3.9638461065284423,14400.0,4,789
145,False,Accumulate,0.26887938980527215,78.34019107514683,155.41709897696305,0.8409265023387082,0.27177952891511536,0.9913505818064734,0.44530388982843655,3.962572731624638,14500.0,4,789
146,False,Accumulate,0.26906628939658905,78.32117234368636,153.74459678967347,0.8318769741737297,0.2956016381698416,0.9913097737223355,0.4451752725272126,3.9574274381965617,14600.0,4,789
147,False,Accumulate,0.2716424246701278,78.2809539455401,154.93428619307159,0.8383141124001826,0.29643629200887245,0.9911186278671724,0.44457683186675756,3.959939603800558,14700.0,4,789
148,False,Accumulate,0.26938384584685243,78.23298530163156,157.86812667977586,0.8541884546388677,0.25551544893050515,0.9910053811920989,0.4442253322173184,3.9562993736757988,14800.0,4,789
149,False,Accumulate,0.2727082221037519,78.20087562490725,156.78265623213946,0.8483152214300932,0.2697761416326445,0.9908676492303212,0.4438008216007724,3.9544472987700447,14900.0,4,789
150,False,Accumulate,0.27422886295707893,78.19720908550485,155.65642002045558,0.8422214139627507,0.2632427510443097,0.9907982379063066,0.44358810630132195,3.954502448838594,15000.0,4,789
151,False,Accumulate,0.2799222713251866,78.19519828827832,156.9461395682723,0.8491997925033521,0.26786083071587125,0.9906589255862979,0.44316359793528737,3.9533896144665137,15100.0,4,789
152,False,Accumulate,0.2804741407803837,78.20322573043755,157.54326813933534,0.8524307191132033,0.2625465456564476,0.990476314324631,0.44261194702614376,3.958728490603255,15200.0,4,789
153,False,Accumulate,0.2829708059742946,78.16194523867186,157.47538086782203,0.8520633965588461,0.27261279472755584,0.9904704953056719,0.4425944562555599,3.9554802474694832,15300.0,4,789
154,False,Accumulate,0.2817511331540059,78.14592286569234,157.6401678263183,0.8529550212356125,0.30081002666087286,0.9904875717165118,0.44264579969950013,3.9480444637399295,15400.0,4,789
155,False,Accumulate,0.2837860344185757,78.15381714688299,157.59265429749905,0.8526979363597093,0.2447005359880584,0.9905213321756245,0.44274744357863594,3.9443841566201403,15500.0,4,789
156,False,Accumulate,0.28557222612188227,78.19345953925946,154.83534315431643,0.8377787541670227,0.27963781074337707,0.9905658665414966,0.44288180398724164,3.9446196465819514,15600.0,4,789
157,False,Accumulate,0.28578147994449105,78.18865892437232,155.47396814065806,0.8412342084227348,0.30285060316266144,0.9905621462938302,0.4428705677783196,3.9459689571565493,15700.0,4,789
158,False,Accumulate,0.28673945138930346,78.19388941012866,158.1358885056041,0.855637252854352,0.28693124229411715,0.9907618891371675,0.4434770353466744,3.94587646464366,15800.0,4,789
159,False,Accumulate,0.28471806983262476,78.2162819231694,160.5335199783961,0.8686102903230996,0.2433005127996048,0.990715980191013,0.4433370651756651,3.9442377214094706,15900.0,4,789
160,False,Accumulate,0.2852670570366768,78.2350414612198,158.66157666472802,0.8584816316767779,0.307639823221488,0.990688309692335,0.4432528697594274,3.94597117975173,16000.0,4,789
161,False,Accumulate,0.28854172787330057,78.2638316136742,157.7459599656894,0.8535274383912658,0.28466401603104385,0.990456707380493,0.44255303404407376,3.951559491965494,16100.0,4,789
162,False,Accumulate,0.288763488392534,78.32168250129497,156.99618622708815,0.8494705835683558,0.29781318289257985,0.9905124164007223,0.44272058283876087,3.952749552795097,16200.0,4,789
163,False,Accumulate,0.2893974716238505,78.326267484515,157.78912037868727,0.8537609695495534,0.2661758852847719,0.9904293822808405,0.4424710318436422,3.9574718851293045,16300.0,4,789
164,False,Accumulate,0.28884817355649367,78.29129776937263,158.3667341452267,0.8568863059996353,0.2802995585557684,0.9903650689368926,0.4422784923604878,3.9531047552345058,16400.0,4,789
165,False,Accumulate,0.2897346623021838,78.30022113831996,158.61027656066588,0.8582040585052122,0.2614432544804655,0.9904017669823865,0.44238827840276307,3.9521947212013098,16500.0,4,789
166,False,Accumulate,0.28630674618208296,78.3320444867683,158.20227963163632,0.855996480106489,0.2687722707457599,0.9904255824826329,0.4424596380460035,3.956840637589683,16600.0,4,789
167,False,Accumulate,0.2886679613618987,78.30770788883345,154.58498919031717,0.8364241459245685,0.2772329813885049,0.9906847212089805,0.4432419599994707,3.9521783120769287,16700.0,4,789
168,False,Accumulate,0.29068112765944404,78.22391288254106,155.7661018898713,0.8428148775611891,0.24486189339453907,0.9906726203059742,0.44320518623883187,3.943431982025325,16800.0,4,789
169,False,Accumulate,0.2939367495002445,78.20747952778848,158.00604228339236,0.8549346845384771,0.26392013541812775,0.9906611384230084,0.4431703158272111,3.945795270753972,16900.0,4,789
170,False,Accumulate,0.29252679514647295,78.16189020119866,155.11815236921575,0.8393089703754059,0.3229488642260946,0.9906709755696325,0.4432001898590765,3.945338104483402,17000.0,4,789
171,False,Accumulate,0.29064340126967064,78.1511283639858,158.49165452104688,0.8575622216833071,0.2763998039508102,0.9906757784532694,0.4432147813013255,3.9465415464882594,17100.0,4,789
172,False,Accumulate,0.2883879407059286,78.15307518714839,156.70960836965583,0.8479199760941164,0.28475386057181973,0.9906085849951242,0.44301098606784267,3.945821194457435,17200.0,4,789
173,False,Accumulate,0.29044008393378956,78.17458743260184,157.561683992795,0.8525303630992214,0.29426841596980385,0.9905008198570571,0.44268566469296144,3.944896406020057,17300.0,4,789
174,False,Accumulate,0.28805001410002284,78.21555319739298,158.01229462712436,0.854968514545475,0.2792686210395855,0.990543347446986,0.4428138239610468,3.945768891845122,17400.0,4,789
175,False,Accumulate,0.2877957795850048,78.16629102529966,156.57302188029078,0.8471809377288109,0.3067613806743234,0.9905455607834195,0.4428205019075072,3.9400301231194423,17500.0,4,789
176,False,Accumulate,0.2892557687534818,78.16921077771948,155.24155360020362,0.8399766663126097,0.25710013734065823,0.990512622452245,0.44272120347100585,3.9413373899754514,17600.0,4,789
177,False,Accumulate,0.28860549621358306,78.20982034852179,154.9017519327197,0.8381380769321164,0.30665373712775557,0.990469381761296,0.4425911097837268,3.9388163953755417,17700.0,4,789
178,False,Accumulate,0.28884724182897364,78.15611369758267,156.8663744231795,0.8487682014820749,0.2742486466699947,0.9905481502998239,0.44282831584058013,3.9308506753042782,17800.0,4,789
179,False,Accumulate,0.2900350652384939,78.14837180156292,160.07657934874848,0.866137888714812,0.287448383855082,0.9905236269109584,0.4427543590327911,3.9298296212112804,17900.0,4,789
180,False,Accumulate,0.28955976354647117,78.16688929426142,156.72662816715203,0.8480120663394832,0.2500067220518392,0.9905809988789185,0.4429275309614919,3.9290209557706506,18000.0,4,789
181,False,Accumulate,0.2906459751737692,78.17553989451383,157.45721517502753,0.8519651061351746,0.29299780179171825,0.9906940303079648,0.4432702660353057,3.928668606480508,18100.0,4,789
182,False,Accumulate,0.291482135727985,78.14954886586696,155.2629993469959,0.8400927043609249,0.27578302149832445,0.9907374830917102,0.44340258114425674,3.926385521435423,18200.0,4,789
183,False,Accumulate,0.29374527648596155,78.18152870832569,157.76928326249464,0.8536536354347992,0.25626326231518437,0.9909372789959667,0.44401502529596726,3.927150281268077,18300.0,4,789
184,False,Accumulate,0.29140508768609374,78.18962511081776,155.04430173601355,0.8389093814300259,0.26064028553574425,0.991004916138289,0.4442238933693696,3.9233175040519095,18400.0,4,789
185,False,Accumulate,0.292647315472385,78.18543822941437,156.95231582328583,0.8492332108116353,0.25555492568973065,0.9909500977266937,0.4440545500104215,3.92208978487382,18500.0,4,789
186,False,Accumulate,0.29291896799209616,78.14321441142138,154.92387405627665,0.838257774700956,0.26892520123499325,0.9910360079202506,0.4443201719755014,3.9181762104836344,18600.0,4,789
187,False,Accumulate,0.2928229146827503,78.16181776535868,157.86611140756554,0.8541775504602269,0.2614652601024529,0.9910355787820143,0.4443188419663769,3.9221833071966055,18700.0,4,789
188,False,Accumulate,0.29656471811934965,78.18574314894038,156.32847047719895,0.845857725820998,0.24806222952331064,0.9911601329270385,0.4447062211615548,3.922944225186004,18800.0,4,789
189,False,Accumulate,0.29717827276075653,78.1809414950707,161.59597759139007,0.874359006328348,0.24930826513994817,0.9911603576135899,0.44470692243788934,3.92473021946717,18900.0,4,789
190,False,Accumulate,0.2977635382498868,78.19040903343122,154.45023719803993,0.8356950336049151,0.2866540257411877,0.9912438125030932,0.4449680193229615,3.926826916968731,19000.0,4,789
191,False,Accumulate,0.29662537104438697,78.16490746994373,157.68367585698422,0.8531904332738784,0.2717878443548438,0.9914313816907941,0.44555945538705616,3.9282676930988334,19100.0,4,789
192,False,Accumulate,0.298980955491009,78.17268289402905,156.43960109054862,0.8464590282426881,0.29553037427648854,0.9914463987256596,0.44560708682164585,3.9248670127964127,19200.0,4,789
193,False,Accumulate,0.30055784020348597,78.12990769268995,157.07429569212763,0.8498932160822013,0.2400365110394606,0.9914296687293119,0.4455540248386226,3.926067664564545,19300.0,4,789
194,False,Accumulate,0.30334013266936755,78.15317233963252,158.03035084422567,0.8550662126211205,0.26902218809302436,0.9912121982295404,0.44486896425658695,3.925758774314877,19400.0,4,789
195,False,Accumulate,0.3040094155085328,78.20160656704016,155.0637309893795,0.8390145086919787,0.2878520438732558,0.9911989739348521,0.4448275825700633,3.923124345694342,19500.0,4,789
196,False,Accumulate,0.29951323724725165,78.16708854838566,156.5311296210879,0.8469542682616902,0.26443359074919237,0.9912773211968321,0.4450732066676138,3.9224511943958493,19600.0,4,789
197,False,Accumulate,0.3000447852900629,78.12632407604409,157.71194800137144,0.8533434074038143,0.24729319399773853,0.9914189617775581,0.4455200932871325,3.922107710623891,19700.0,4,789
198,False,Accumulate,0.298521294308805,78.10688130183829,157.46794021242042,0.8520231368682254,0.26807108315800565,0.9915078429799105,0.4458024168806316,3.918106708535431,19800.0,4,789
199,False,Accumulate,0.2995322120155002,78.05127825655465,156.03043941069257,0.8442451476426945,0.3068159832770109,0.991467295403526,0.44567343750892974,3.9182696971869144,19900.0,4,789
200,False,Accumulate,0.2981162128266775,78.06320163989645,154.2639491140519,0.834687071238312,0.28648556199115505,0.9914914718243163,0.44575030402773513,3.9183742388929392,20000.0,4,789
0,True,Accumulate + Select,5.24334427359425e-32,91.921906814238,186.02080061782956,1.0065161572021408,0.0820646741628135,1.0,0.5,1.7999999999994363,,4,789
1,True,Accumulate + Select,5.415389732121182,53.88899080352018,106.6701155905101,0.5771676848818903,0.8523863174857355,0.7064114880306906,0.19237406595967554,3.2241588323114097,100.0,4,789
2,True,Accumulate + Select,7.890443560296666,41.815925742197855,84.20304176835334,0.45560346877300323,1.1078980588531357,0.508145980749331,0.11274681235352872,3.2072890163756065,200.0,4,789
3,True,Accumulate + Select,10.665918680525891,35.9548633174702,71.50901850594329,0.3869190019226281,1.3272581460889097,0.3833610527356725,0.07473795584719364,2.974027175769949,300.0,4,789
4,True,Accumulate + Select,13.678790573822903,32.713237740926715,64.7767529811314,0.35049224748015395,1.3923660753328833,0.318077849283871,0.05765820308190674,2.9740306340866005,400.0,4,789
5,True,Accumulate + Select,16.754924508394097,30.825432344316216,62.96770776892461,0.34070391612609147,1.4642006465687907,0.32167191135144785,0.05855250713183447,2.4980513161258044,500.0,4,789
6,True,Accumulate + Select,19.685446335038826,28.548110342081404,57.07738115716465,0.3088327012606401,1.5643287309919707,0.3014501887544478,0.053588698697057104,2.4636842400165224,600.0,4,789
7,True,Accumulate + Select,22.164453376684524,26.985998620671836,53.540732253773136,0.2896967000618924,1.5405429812241191,0.2737763070209551,0.04706046837463178,2.6653475329546463,700.0,4,789
8,True,Accumulate + Select,24.31841987157611,25.376386681238465,50.18060086300982,0.27151579489487515,1.8525790035684637,0.2532096675021868,0.042404393134407824,2.862033698268307,800.0,4,789
9,True,Accumulate + Select,26.134776529096943,24.078539685974135,47.95522386374785,0.2594747871248629,1.7309669638881025,0.8202523384193874,0.2557417173146864,3.151552073560225,900.0,4,789
10,True,Accumulate + Select,27.72908192074343,22.646808515058073,46.43535325179039,0.25125111362861374,1.7361129720111517,0.8652153007872473,0.28730565327814994,3.0856109413659594,1000.0,4,789
11,True,Accumulate + Select,29.185050751913433,21.443332882491354,43.84737424320147,0.23724814902469163,1.913172460219469,0.9117520616492966,0.32692336777444186,2.960799630534651,1100.0,4,789
12,True,Accumulate + Select,30.461741671732618,20.27459184009582,40.691906895081665,0.2201746343486024,1.9647764612736127,0.9386696398505866,0.3552500977888276,2.843836946151755,1200.0,4,789
13,True,Accumulate + Select,31.53081263171149,19.214785051471992,38.095407515512484,0.20612556795913528,2.0794393412537797,0.9471167788440347,0.365453105619598,2.754747974577777,1300.0,4,789
14,True,Accumulate + Select,32.522293420657036,18.23577881243413,36.621381010482146,0.19814994647739956,2.0770554196344797,0.9490688498609875,0.36792926778090806,2.6629322724749644,1400.0,4,789
15,True,Accumulate + Select,33.336873605904024,17.341235357210223,35.13269632360193,0.19009501291433686,2.0311014408486283,0.9523705299937011,0.3722320694656033,2.5390620342833463,1500.0,4,789
16,True,Accumulate + Select,34.05392566142127,16.505573218734053,32.54549496650757,0.17609625600542167,2.1428783244285974,0.9613280999686902,0.38475040097627594,2.3844310064361633,1600.0,4,789
17,True,Accumulate + Select,34.671294501550584,15.740590866323124,31.104801545456677,0.16830099224434547,2.2605720177776814,0.976257447553381,0.40953839296102934,2.1938452222489477,1700.0,4,789
18,True,Accumulate + Select,35.21048051582061,15.045653791270514,29.996573295596093,0.16230462175433685,2.163208275392388,0.9903169060644377,0.4421347269916248,1.9928906609962247,1800.0,4,789
19,True,Accumulate + Select,35.75687871164211,14.400509937176327,29.416406429489484,0.15916547106435933,2.2142612759504843,0.990415174954082,0.4424284424395923,1.9240584084561356,1900.0,4,789
20,True,Accumulate + Select,36.23251570861601,13.783098472503061,28.206636030798897,0.15261967914892424,2.248278074880402,0.9874136758666376,0.43405011368240815,1.8783241250562421,2000.0,4,789
21,True,Accumulate + Select,36.6688196684406,13.236509420837944,26.91584776116645,0.14563551799814414,2.156511779744883,0.9828913710686374,0.42314999600171527,1.848456720615387,2100.0,4,789
22,True,Accumulate + Select,37.105308282901305,12.73729401414242,25.59516501902531,0.13848960466969845,2.3165216221172686,0.978685276020462,0.41426396081589195,1.8191834074752473,2200.0,4,789
23,True,Accumulate + Select,37.48326024980632,12.264400310373459,24.593007687288047,0.13306715974363648,2.266093031531103,0.9745509334223661,0.4063624551860956,1.783906322686069,2300.0,4,789
24,True,Accumulate + Select,37.8303356150499,11.828485390198992,22.86354767631331,0.12370944577563077,2.3018033091904635,0.9701535810598804,0.39864690735128866,1.7469731666674837,2400.0,4,789
25,True,Accumulate + Select,38.14731873991473,11.414409072291456,22.772329285745773,0.12321588385333357,2.445785211866198,0.9656617112872502,0.39134448211217293,1.711965992247485,2500.0,4,789
26,True,Accumulate + Select,38.4511805728256,11.038262709878873,23.080961779654327,0.12488582393919931,2.488187814238551,0.9609058259745538,0.38412862718895907,1.6812546990275632,2600.0,4,789
27,True,Accumulate + Select,38.70605607836116,10.68283602508356,21.14032735100583,0.1143854933247194,2.3229792468401844,0.9558624146625994,0.37695417111125623,1.6495267128519835,2700.0,4,789
28,True,Accumulate + Select,38.97503118265541,10.349140402815793,20.300765381284368,0.10984281484634223,2.2992474676331414,0.9508064608138839,0.370175121611333,1.623658112436804,2800.0,4,789
29,True,Accumulate + Select,39.222535305003575,10.035632370265752,20.50853171709752,0.1109669911385852,2.290008085210303,0.9457312488805294,0.36372426594989643,1.5960234886564546,2900.0,4,789
30,True,Accumulate + Select,39.449261997608595,9.739169800012707,19.332840612133015,0.10460559451468426,2.4160618314321685,0.9409337222754238,0.3579089056496894,1.570236150111041,3000.0,4,789
31,True,Accumulate + Select,39.66366663293821,9.457664056904974,19.381298333175284,0.10486778819952083,2.2566953260847082,0.9363896251020185,0.3526239110721015,1.544388811804294,3100.0,4,789
32,True,Accumulate + Select,39.863952716834135,9.195581153186378,18.495263685128382,0.10007365665004807,2.426645561764234,0.932033369155041,0.3477398860054655,1.519980706137582,3200.0,4,789
33,True,Accumulate + Select,40.058076337533436,8.946457944526664,18.31378227322113,0.09909170209061265,2.518890994162361,0.9281193393051423,0.34349003574693276,1.4950989135529693,3300.0,4,789
34,True,Accumulate + Select,40.239663745553216,8.709714936601916,17.329953897687417,0.09376843096932007,2.4606998932513546,0.9246798875433899,0.33985500542508734,1.4691201376019782,3400.0,4,789
35,True,Accumulate + Select,40.40293497166335,8.486647690530665,16.554274830040647,0.08957140831488077,2.4960585182211075,0.9217298187233224,0.33680640530217987,1.4418169098227724,3500.0,4,789
36,True,Accumulate + Select,40.5548706883867,8.273410580449314,16.372795438930098,0.08858946468951574,2.447747737720218,0.9193340447747016,0.3343750648663858,1.413515721354479,3600.0,4,789
37,True,Accumulate + Select,40.71155401676828,8.070000981333843,15.972788268892582,0.0864251170557981,2.2956354591392083,0.9173624150746696,0.33240272684788424,1.385431481313636,3700.0,4,789
38,True,Accumulate + Select,40.855598205449404,7.876490907271081,15.729812527872514,0.08511043069635545,2.436423699702507,0.9158542861091253,0.33091085774920853,1.3555761256640975,3800.0,4,789
39,True,Accumulate + Select,40.976076878156164,7.694129937258263,15.163884923578484,0.08204832540685673,2.427492016269838,0.9141911961384096,0.32928208082488286,1.3262038180961697,3900.0,4,789
40,True,Accumulate + Select,41.09809353983242,7.517841981441971,15.274060478493585,0.08264446022501927,2.612554564160819,0.9124445865240349,0.32758949063425424,1.2996697125470404,4000.0,4,789
41,True,Accumulate + Select,41.221689426576255,7.350172464180127,14.401007453012152,0.07792056927668062,2.540634091428055,0.910571428393462,0.32579413957272435,1.2769313258217143,4100.0,4,789
42,True,Accumulate + Select,41.32833206825667,7.189574209112804,14.709223070260734,0.07958825373794723,2.4986981969256528,0.9083479997019213,0.3236889187785235,1.2550529418401186,4200.0,4,789
43,True,Accumulate + Select,41.43160261216825,7.035464401264875,14.156574563185227,0.07659799861713455,2.6315578139557947,0.9060718751477681,0.32156189011864134,1.2356600990028328,4300.0,4,789
44,True,Accumulate + Select,41.53447783063831,6.887999861617772,14.123150196236118,0.07641714698512998,2.566448428489661,0.9038451588492046,0.31950757414355785,1.2179126013068537,4400.0,4,789
45,True,Accumulate + Select,41.63687564092912,6.746701008448652,14.066190599329724,0.07610895158760672,2.3753801888627333,0.9014447648522356,0.3173214048322685,1.2009862295708096,4500.0,4,789
46,True,Accumulate + Select,41.73075573989711,6.611098694697272,13.143398304737705,0.07111593278990415,2.6209550164354134,0.8990998363906373,0.31521320618535026,1.1843864825902548,4600.0,4,789
47,True,Accumulate + Select,41.825678667889264,6.481129647346529,12.807671663451892,0.06929939244745284,2.392735971836548,0.8969192794664355,0.313276322459309,1.1686412416633911,4700.0,4,789
48,True,Accumulate + Select,41.91818862486867,6.356448209154225,12.814361884438284,0.06933559170848007,2.5905180285484373,0.8946173853971261,0.3112554824348199,1.1539305981830699,4800.0,4,789
49,True,Accumulate + Select,42.00482834756737,6.2367161302671095,12.345307206670432,0.06679764374665768,2.476599221658772,0.8920869977490261,0.3090613693027338,1.1402649758288297,4900.0,4,789
50,True,Accumulate + Select,42.08516399079729,6.120849969949837,12.363790422829073,0.0668976522168876,2.7572448285141133,0.8894790919092902,0.30682898476415266,1.1269788575839934,5000.0,4,789
51,True,Accumulate + Select,42.162654291404586,6.009908154420309,12.126987371370726,0.06561636487388091,2.498608056807523,0.8866353509980777,0.3044270445888038,1.1141204386154955,5100.0,4,789
52,True,Accumulate + Select,42.23903276349912,5.902568813922329,11.541717198683891,0.0624496013550633,2.5374208044630624,0.8836801330319419,0.30196539661912036,1.102986780816666,5200.0,4,789
53,True,Accumulate + Select,42.30671730264334,5.798528023192839,11.67525103012774,0.06317212248407116,2.6394464565592424,0.8794545756977689,0.2985040571224985,1.0947878190310265,5300.0,4,789
54,True,Accumulate + Select,42.37351664358771,5.698634426922453,10.785047012143462,0.05835543142408461,2.437468005602425,0.8770615458805581,0.2965731729950932,1.0823381668924985,5400.0,4,789
55,True,Accumulate + Select,42.44246897566268,5.602222304857198,10.915800436015703,0.05906290840138935,2.620581198833834,0.8727206465043895,0.2931224578484048,1.0762660188842674,5500.0,4,789
56,True,Accumulate + Select,42.508325256966316,5.50859674995188,10.850447540246153,0.05870929877658648,2.3236618990918574,0.8689501810108303,0.2901773113553173,1.0690408794979473,5600.0,4,789
57,True,Accumulate + Select,42.568605339267855,5.418330631942311,11.008815166809047,0.05956618991125473,2.5982092604413345,0.8651272468792223,0.2872384844308859,1.0613534937362994,5700.0,4,789
58,True,Accumulate + Select,42.631888715001146,5.3310788355135745,10.603322564999123,0.057372161856370084,2.4348890965188454,0.861182620440307,0.28425399221191616,1.0546746408909204,5800.0,4,789
59,True,Accumulate + Select,42.68451291735517,5.246872096131732,10.733313290402188,0.05807551204608038,2.5652501283954914,0.8571718938829126,0.281267329259556,1.0481491354225307,5900.0,4,789
60,True,Accumulate + Select,42.740962130668926,5.164978678215963,9.929142478456813,0.05372432705663245,2.521647313864829,0.853088412900043,0.278274051786226,1.0423346283803376,6000.0,4,789
61,True,Accumulate + Select,42.79270436392433,5.085412426046343,10.42960996958984,0.05643224259245846,2.5282842318043857,0.848994516329352,0.2753194074306274,1.0362982904281406,6100.0,4,789
62,True,Accumulate + Select,42.84515586040591,5.0082458427496555,9.948953513395226,0.0538315200516641,2.4536375526872227,0.8449424008719959,0.2724387764907634,1.0307468007766756,6200.0,4,789
63,True,Accumulate + Select,42.89751196113179,4.933789967246775,9.68705226648666,0.05241443209306301,2.6337396811822464,0.8408837680630374,0.2695956132910609,1.0255206471165468,6300.0,4,789
64,True,Accumulate + Select,42.94783153202417,4.861261170230737,9.516542980308982,0.051491845205355644,2.5754386102718136,0.8368630245469934,0.26681903299052884,1.0202288900062473,6400.0,4,789
65,True,Accumulate + Select,42.99332810888775,4.791037890765391,9.550455569455385,0.05167533849640184,2.5865212464384473,0.8328531437742764,0.26408824907343803,1.0150226194540326,6500.0,4,789
66,True,Accumulate + Select,43.03646131212426,4.722763997111415,9.218593559741372,0.04987970879461937,2.468954374702916,0.8288788873293059,0.26141817568429976,1.0099240385678896,6600.0,4,789
67,True,Accumulate + Select,43.082719048782856,4.656719269404231,9.560303098636949,0.051728621232509,2.52968455616388,0.8249881245794899,0.25883819317886997,1.0052407737838036,6700.0,4,789
68,True,Accumulate + Select,43.12792810587506,4.592233752135589,9.403719506862295,0.05088138310349072,2.5422524148798082,0.8211254167650331,0.256309031894534,1.0003595869884694,6800.0,4,789
69,True,Accumulate + Select,43.16920225073694,4.529333424150948,8.765001211880385,0.047425423975991525,2.697739712328035,0.8173264817075641,0.25385198210763993,0.9953314121260622,6900.0,4,789
70,True,Accumulate + Select,43.20815766106438,4.468059486789595,9.130900780447314,0.049405223151420985,2.705760274810296,0.813591844940829,0.2514649978591092,0.9902986361054863,7000.0,4,789
71,True,Accumulate + Select,43.248593013383655,4.408537562104935,9.074765380875768,0.04910148729783846,2.5341805181359796,0.8098861945967908,0.24912365561018887,0.985545632653354,7100.0,4,789
72,True,Accumulate + Select,43.28778417378448,4.350798354002646,8.173654052794468,0.044225779268739836,2.4989524684730062,0.8062087871032203,0.24682612513710173,0.9811095083893898,7200.0,4,789
73,True,Accumulate + Select,43.33263940142387,4.294586576408218,8.724013459164912,0.047203648587333315,2.4662426318436395,0.8025623235994771,0.24457278663667364,0.9773186373389636,7300.0,4,789
74,True,Accumulate + Select,43.37409221520879,4.240047423514881,8.305017827679308,0.044936558716272126,2.6977236728865686,0.7989306276979578,0.2423525371554626,0.973561700214432,7400.0,4,789
75,True,Accumulate + Select,43.41195910744116,4.186631368550707,8.47813711352934,0.04587326771737645,2.5510479966116995,0.795396436979819,0.24021427939905854,0.9692183635011218,7500.0,4,789
76,True,Accumulate + Select,43.445792287536285,4.134405127696888,8.539100311925798,0.04620312569012444,2.511966244461595,0.7919288134550296,0.2381372314682598,0.9646153260123895,7600.0,4,789
77,True,Accumulate + Select,43.480044855256565,4.083813111919535,7.883267520397859,0.04265456392228209,2.5773118518235645,0.7884782266928705,0.23609048875519195,0.9601091055297377,7700.0,4,789
78,True,Accumulate + Select,43.51277546755446,4.0344475674292255,8.045920899490712,0.043534644287148504,2.8084486661653445,0.7851183064509252,0.2341163562263695,0.9558856913453976,7800.0,4,789
79,True,Accumulate + Select,43.54745014622454,3.9863225702390186,7.91638316166191,0.042833745109964724,2.734731607383194,0.7819485627172251,0.2322706258885934,0.9516548379333416,7900.0,4,789
80,True,Accumulate + Select,43.5776974192706,3.9392268866801454,8.109071921482155,0.043876340074754536,2.729500474304338,0.7788651349740249,0.23049036156592592,0.9468692879245794,8000.0,4,789
81,True,Accumulate + Select,43.60923366140879,3.893101082796813,8.134051373654469,0.04401149819753429,2.834994709923623,0.7759501784164415,0.22882088889345856,0.9418151799057409,8100.0,4,789
82,True,Accumulate + Select,43.63729731530881,3.8481071567642706,7.769847269434532,0.04204087279328279,2.71725074745497,0.7732165026583709,0.22726696613267905,0.9364113439537862,8200.0,4,789
83,True,Accumulate + Select,43.66646420368884,3.804228109020313,7.445213297407388,0.040284352356123085,2.7592702372777413,0.7706701927695164,0.22582958698574296,0.931083932691079,8300.0,4,789
84,True,Accumulate + Select,43.695646825862305,3.7613921479572574,7.66274460774165,0.04146136470002008,2.605366344101947,0.7682443086662687,0.22446905298653722,0.9254125787787905,8400.0,4,789
85,True,Accumulate + Select,43.722996205033944,3.7195743522265587,7.577576053270475,0.041000537062056606,2.7394397796820886,0.7659509667988896,0.22319069316427906,0.9198588794692651,8500.0,4,789
86,True,Accumulate + Select,43.751636985296905,3.678671313511805,7.214656547194173,0.03903686232559487,2.577894080855292,0.763853226882123,0.2220279482192861,0.9140858964995413,8600.0,4,789
87,True,Accumulate + Select,43.781434179668885,3.6386468619154546,7.514006574394654,0.04065657709961732,2.542731197789633,0.7618416150300573,0.22091877549387343,0.9083919507770281,8700.0,4,789
88,True,Accumulate + Select,43.80745546074576,3.599400946724181,7.771185657837567,0.04204811450790713,2.5559359952757785,0.7599899645296948,0.21990279213359654,0.9019947349279314,8800.0,4,789
89,True,Accumulate + Select,43.83196175115036,3.5609258868300278,7.268910900627184,0.03933042026722028,2.726795362917545,0.75831740924318,0.21898914387775378,0.8954140736331473,8900.0,4,789
90,True,Accumulate + Select,43.85735531059548,3.5234911860068854,6.94738893341016,0.037590738178848844,2.828461013263823,0.7567429813377309,0.21813259169962423,0.8891866162003792,9000.0,4,789
91,True,Accumulate + Select,43.881987560909,3.4867063681597323,6.945236215187874,0.0375790903111618,2.7281394485500816,0.7552847395567798,0.21734224430948834,0.8825321764469783,9100.0,4,789
92,True,Accumulate + Select,43.90647144489048,3.4508755917246523,6.913050656182089,0.0374049415866089,2.559285778268883,0.7538437559408793,0.2165640559877762,0.8762194073825287,9200.0,4,789
93,True,Accumulate + Select,43.93101947652304,3.415861546281793,6.701016743395577,0.036257674407962216,2.703281636303319,0.752379084532162,0.21577590982291792,0.8700180129680305,9300.0,4,789
94,True,Accumulate + Select,43.95265212075281,3.3814716670147025,6.878524831448168,0.037218130217557675,2.6584505028656142,0.75090157134564,0.21498372518073525,0.863824372268848,9400.0,4,789
95,True,Accumulate + Select,43.97439324334164,3.3475663801889834,6.652885150619255,0.03599724532884665,2.6925308612427985,0.7494501935185027,0.21420833873071585,0.8577235941063944,9500.0,4,789
96,True,Accumulate + Select,43.994954630482574,3.314183176351538,6.325475582235537,0.034225706772371876,2.7924092848311135,0.7480607292929757,0.2134685950814398,0.8514868141597521,9600.0,4,789
97,True,Accumulate + Select,44.017598435646256,3.281601859159683,6.532112430269551,0.03534377166365707,2.714144651187223,0.7466805915971028,0.2127362825628304,0.8456008224952386,9700.0,4,789
98,True,Accumulate + Select,44.038957563716856,3.2497999944670815,6.337333280957749,0.0342898660777372,2.6827922898940932,0.7452392522101778,0.21197409923251287,0.8402027900449532,9800.0,4,789
99,True,Accumulate + Select,44.060543224981195,3.218585543921756,6.936150857187729,0.0375299315096152,2.773818155383293,0.7437548145938346,0.21119188420645998,0.8350552704331161,9900.0,4,789
100,True,Accumulate + Select,44.07918493358039,3.187877061829427,6.486625869155455,0.03509765424805171,2.653738071583283,0.7422394135442401,0.21039621785465648,0.8295145715942484,10000.0,4,789
101,True,Accumulate + Select,44.10119529508455,3.158008532654053,6.368280767804178,0.034457315875997804,2.697935246114683,0.7406937007485146,0.20958759380894432,0.8245243658993554,10100.0,4,789
102,True,Accumulate + Select,44.12010097856405,3.128551413678863,6.310259402755898,0.03414337549304033,2.6140856605531555,0.7391124144911733,0.2087634253483544,0.8196776693624616,10200.0,4,789
103,True,Accumulate + Select,44.1381611894359,3.0995223226853854,6.078136846920312,0.032887413245143306,2.6681964075914872,0.7375113400274207,0.2079320758949893,0.8148027179612682,10300.0,4,789
104,True,Accumulate + Select,44.15830670254773,3.0712863559311674,6.351702229296428,0.03436761318245263,2.6010276798593175,0.7358904421042433,0.2070936173060784,0.8103976082895138,10400.0,4,789
105,True,Accumulate + Select,44.175516118175516,3.043330863585486,5.724980053665413,0.030976562322793912,2.689938453872341,0.73429524330286,0.2062715542400415,0.8056764312358713,10500.0,4,789
106,True,Accumulate + Select,44.1933928616917,3.0159121842534953,6.066904945148458,0.03282663998445455,2.709518903781316,0.7327568730232581,0.20548166778501445,0.8010658509858704,10600.0,4,789
107,True,Accumulate + Select,44.20980042018124,2.9890951856435173,6.244135115374311,0.033785592044028194,2.67336566733498,0.7311989258610495,0.2046845991481009,0.7965119419243464,10700.0,4,789
108,True,Accumulate + Select,44.22799763971317,2.9627592962508618,6.077433352016273,0.03288360679454706,2.621279315467909,0.7296264209015463,0.20388298783270364,0.7923994301163982,10800.0,4,789
109,True,Accumulate + Select,44.2455997620076,2.936747618347513,5.932052218036672,0.03209698261156947,2.5210511538449767,0.7280978199070249,0.2031065331096822,0.7880114354951281,10900.0,4,789
110,True,Accumulate + Select,44.26255508181138,2.911370560905599,5.644691862930146,0.030542141220749542,2.7229568508449846,0.726561632310327,0.2023289603062761,0.7839529534876877,11000.0,4,789
111,True,Accumulate + Select,44.279846381069675,2.88642999686688,5.75473819804898,0.031137576860044234,2.6868200311562864,0.725034831852921,0.20155883551513645,0.780009134806629,11100.0,4,789
112,True,Accumulate + Select,44.2962814073909,2.861878426737063,5.385097296087155,0.029137534182280975,2.7132969229710846,0.7235297386096574,0.20080227130796544,0.776008336385579,11200.0,4,789
113,True,Accumulate + Select,44.313269897940174,2.83774877916504,5.190889472112014,0.028086719907550274,2.610521710944453,0.7220415808339574,0.20005675023266958,0.7721488394822349,11300.0,4,789
114,True,Accumulate + Select,44.328628188793985,2.8139097088781737,5.674024854783218,0.030700855354551446,2.578517362949597,0.7206180520495983,0.19934594369904696,0.7680824185587126,11400.0,4,789
115,True,Accumulate + Select,44.343658023793395,2.7905414292912094,5.381353812880086,0.029117279047803455,2.716343518590532,0.7192086307069457,0.19864441730294813,0.7642085279451183,11500.0,4,789
116,True,Accumulate + Select,44.35767148894788,2.7675450925266585,5.406445790125272,0.029253046018107565,2.7221471695316697,0.7177639756078257,0.19792764662396045,0.7604281945554772,11600.0,4,789
117,True,Accumulate + Select,44.371288282214174,2.744867751407544,5.66836927239664,0.030670254287189235,2.737429600582291,0.7163356700330685,0.19722125421743925,0.7565269104807074,11700.0,4,789
118,True,Accumulate + Select,44.38656206689253,2.7226617657842755,5.734799429178512,0.03102969272581736,2.9075031821512782,0.7149349306445935,0.19653066892457638,0.7529238593595158,11800.0,4,789
119,True,Accumulate + Select,44.40022666359071,2.700790049767755,5.500696436766744,0.02976301478695663,2.6036810852240446,0.7135235625258597,0.19583700607778867,0.7493215229822455,11900.0,4,789
120,True,Accumulate + Select,44.415908519115895,2.6793715850789233,5.2834377704172875,0.028587477657524677,2.6647253318436377,0.7120645645469343,0.19512220051423818,0.7460467238557292,12000.0,4,789
121,True,Accumulate + Select,44.43153490575778,2.6581920394396135,5.287650868254219,0.028610273769737186,2.608528008939495,0.7106077684755304,0.19441075709644023,0.7428539930358142,12100.0,4,789
122,True,Accumulate + Select,44.44677892847179,2.6373958828732027,5.083081855312467,0.027503397462867705,2.5805680436979292,0.7091620653424561,0.19370697139484114,0.7397482638260618,12200.0,4,789
123,True,Accumulate + Select,44.46095450416214,2.616904884970132,5.1051894931148105,0.027623016852590398,2.8630332006159516,0.7076819987337183,0.1929887534658452,0.7366758233681096,12300.0,4,789
124,True,Accumulate + Select,44.47543312179735,2.5967496818987135,5.363265358586788,0.02901940654405899,2.6153783605560017,0.7062010206133087,0.19227240291089018,0.7337194830464795,12400.0,4,789
125,True,Accumulate + Select,44.48952809167036,2.5770313670444596,5.3683769124783005,0.02904706399722084,2.6843231759464583,0.7046889015058989,0.19154335692859925,0.7308626102469047,12500.0,4,789
126,True,Accumulate + Select,44.50420973224566,2.557487268909968,5.2019544423436335,0.028146589939719236,2.7916181249785876,0.7031969130005199,0.19082634522266764,0.7279961607794745,12600.0,4,789
127,True,Accumulate + Select,44.516976989237364,2.5382368217325038,5.236753975493622,0.028334882282630473,2.718403141971124,0.7017139204293965,0.19011593332654683,0.7249971978923492,12700.0,4,789
128,True,Accumulate + Select,44.528389168981434,2.5192549216593263,4.886601089431495,0.026440284817497793,2.814612228911164,0.7002251427539463,0.18940501784805513,0.7220297432572934,12800.0,4,789
129,True,Accumulate + Select,44.54009312198353,2.5005190095235714,4.7560102453940605,0.025733687522626544,2.835359827486071,0.698764465464579,0.18870971435385148,0.719149942290247,12900.0,4,789
130,True,Accumulate + Select,44.55277728767715,2.482078304392976,4.991036052853725,0.027005358603397922,2.654181185081824,0.6973016387011767,0.18801555091658687,0.7164085847560419,13000.0,4,789
131,True,Accumulate + Select,44.56578160694669,2.463970623281014,5.303682376419,0.02869701660676712,2.626279517807584,0.6958493964680519,0.18732853778058886,0.7137793110972375,13100.0,4,789
132,True,Accumulate + Select,44.5772114505011,2.4460371436065715,4.971882901281327,0.026901725265325336,2.573477995395996,0.694412570476584,0.1866508905000203,0.7110011038990227,13200.0,4,789
133,True,Accumulate + Select,44.58894531448331,2.42848284730259,4.799135289437949,0.025967027307564915,2.7106451967158094,0.6929791604472435,0.18597689580317214,0.7083609048763594,13300.0,4,789
134,True,Accumulate + Select,44.602030482701444,2.411144513289398,4.773469145250082,0.02582815365078907,2.756873052532899,0.6915674874133974,0.18531510248298802,0.7057924291873917,13400.0,4,789
135,True,Accumulate + Select,44.61324935936282,2.3940161525213903,4.585957490194441,0.024813570819996075,2.658785112423123,0.6901908749181616,0.18467162685115138,0.7030788471159928,13500.0,4,789
136,True,Accumulate + Select,44.623489398367965,2.37707072248553,4.55098133723728,0.024624322827560642,2.8781142939273407,0.688833463475421,0.18403893456404116,0.7003803149157182,13600.0,4,789
137,True,Accumulate + Select,44.63472910085726,2.3604371569879854,4.815920927221637,0.026057850568093364,2.6744634489520394,0.6874752090852645,0.18340763596802034,0.6977466464414482,13700.0,4,789
138,True,Accumulate + Select,44.64453720821729,2.3440331717945417,4.42634330568193,0.02394993484435837,2.9560591637905174,0.6861315555263287,0.18278487193547138,0.6951059784388594,13800.0,4,789
139,True,Accumulate + Select,44.65557070033819,2.3278335436514275,4.593491677721543,0.024854336591631467,2.6590246824691937,0.6847987369341196,0.18216883782481577,0.6925256566080481,13900.0,4,789
140,True,Accumulate + Select,44.66670359369595,2.3119462811572835,4.733710952360608,0.02561303113012737,2.7865184359014754,0.6834839047758554,0.18156277463602574,0.6900102292122359,14000.0,4,789
141,True,Accumulate + Select,44.677475099199256,2.296296815311679,4.302580765709392,0.023280283946582395,2.8293120562388894,0.6821431481439084,0.18094644754065273,0.687552025191819,14100.0,4,789
142,True,Accumulate + Select,44.686712146888375,2.280808169361715,4.624148497967538,0.02502021365916129,2.6793096555772378,0.680822230783212,0.18034089573442486,0.685038256498272,14200.0,4,789
143,True,Accumulate + Select,44.69780954791806,2.265494476694946,4.712952660301663,0.025500712742700507,2.615783602322799,0.6795376728872778,0.17975357957723326,0.6826006676710057,14300.0,4,789
144,True,Accumulate + Select,44.707216953186304,2.25038851618222,4.2925117969664495,0.02322580305147564,2.761792596098123,0.6782617485458545,0.1791717324665128,0.6799757364499859,14400.0,4,789
145,True,Accumulate + Select,44.717433790198925,2.2354763540243145,4.660889005869065,0.025219008174096603,2.5717125506331184,0.6770099417351979,0.17860234954205528,0.6774476927897306,14500.0,4,789
146,True,Accumulate + Select,44.7263888209966,2.2207784401643296,4.4648699670122705,0.02415839382842494,2.754854327103523,0.6757748318938221,0.1780419770975458,0.6748801260787082,14600.0,4,789
147,True,Accumulate + Select,44.73625967922595,2.2063299855646146,4.5370390508663325,0.024548884293514504,2.7684883028436698,0.6745265013232433,0.17747702815678118,0.6725255796296629,14700.0,4,789
148,True,Accumulate + Select,44.74678826490501,2.1920738785689524,4.5099809606108865,0.02440247913379749,2.7179699591202846,0.6732937788739638,0.17692053848567682,0.6702657986997347,14800.0,4,789
149,True,Accumulate + Select,44.75567902126117,2.177958854613042,4.434732413442571,0.023995326394537442,2.5942628743061604,0.6720899892724699,0.176378441749376,0.6678464430431953,14900.0,4,789
150,True,Accumulate + Select,44.76447426210192,2.164018267990573,4.166534517603825,0.022544168703608543,2.865366122312003,0.6709061856708839,0.1758466223149245,0.6653984288429069,15000.0,4,789
151,True,Accumulate + Select,44.77312032919538,2.1502421450150035,4.025563172124751,0.021781404881197525,2.7374044100239208,0.6697460110531501,0.17532664104342055,0.662991491996172,15100.0,4,789
152,True,Accumulate + Select,44.78220218241972,2.136645311010412,4.200044396057493,0.02272548301887584,2.6251241147496702,0.6685871192032672,0.17480843766416954,0.6605098111927856,15200.0,4,789
153,True,Accumulate + Select,44.79092219314555,2.123266544416628,4.313619819447548,0.023340013750511708,2.68923013746645,0.6674320849044326,0.17429315000776452,0.6581189065781856,15300.0,4,789
154,True,Accumulate + Select,44.79862677653935,2.110016838697332,4.1219749755782455,0.022303067177019506,2.804774672482538,0.6663071933442459,0.17379244723410028,0.6557307029378766,15400.0,4,789
155,True,Accumulate + Select,44.80650666371048,2.0970016862089325,4.223735765070812,0.022853671617241965,2.765870174447689,0.6651891386875433,0.17329589494217787,0.6533228101186298,15500.0,4,789
156,True,Accumulate + Select,44.81514490560904,2.084092825586423,4.479995393598718,0.0242402340645344,2.7270170015930755,0.6641071959480893,0.17281642717772663,0.6509977865276907,15600.0,4,789
157,True,Accumulate + Select,44.823639756989465,2.0713065706914335,3.901116204182919,0.02110805069966378,2.713047934375207,0.6630688089570531,0.17235722520329097,0.6487106402333391,15700.0,4,789
158,True,Accumulate + Select,44.8321599370075,2.0586938397184897,3.885012640459991,0.021020917986430486,2.8213265466796864,0.6620033190961485,0.1718870149218921,0.6463377110414035,15800.0,4,789
159,True,Accumulate + Select,44.84091058933765,2.046257994903094,4.152671479843711,0.022469158965734527,2.807919362912596,0.6609421456527282,0.1714196893667316,0.6440766149046904,15900.0,4,789
160,True,Accumulate + Select,44.848935384293355,2.0339366626054822,4.077170226274503,0.022060638889732122,2.647039543913471,0.6599012063586511,0.17096222083956342,0.6417230287800599,16000.0,4,789
161,True,Accumulate + Select,44.85707848882212,2.021855732125314,4.0866437743079755,0.02211189809907888,2.8073196574136974,0.6588471431600481,0.17049993568568597,0.6395485556524483,16100.0,4,789
162,True,Accumulate + Select,44.86486998647803,2.0099074829363572,4.002197041627624,0.02165497607431926,2.7011030548137667,0.6578207472273409,0.1700507006515432,0.6373892902528282,16200.0,4,789
163,True,Accumulate + Select,44.87321900053928,1.9980696484690255,3.9236079424900887,0.021229748369679932,2.576956016003053,0.6568156183566342,0.16961164627585965,0.6351912525945697,16300.0,4,789
164,True,Accumulate + Select,44.879674943908796,1.9863640856909512,4.254078450173397,0.02301784897110355,2.645367957962235,0.655809759805874,0.16917313409196236,0.6328707526290213,16400.0,4,789
165,True,Accumulate + Select,44.88682894014221,1.974800974370857,4.081194069316525,0.022082410987381357,2.805969931185885,0.6547971614749815,0.16873255023715092,0.630592922292178,16500.0,4,789
166,True,Accumulate + Select,44.89435832715134,1.9633497066270138,3.783552029317879,0.0204719377428504,2.943402856976857,0.653815859632015,0.16830641001282565,0.6283973500541857,16600.0,4,789
167,True,Accumulate + Select,44.90210593658354,1.9520113356469952,4.082792087597839,0.022091057500106304,2.8411585239381667,0.6528680406032605,0.16789557951112669,0.6261297003667763,16700.0,4,789
168,True,Accumulate + Select,44.90931928138319,1.9408391174279374,3.8927636084897324,0.02106285670796045,2.7556161421144285,0.6519347179419859,0.1674917686496247,0.6238777246714897,16800.0,4,789
169,True,Accumulate + Select,44.916451770086134,1.9298145368301651,4.22074974958142,0.022837514967954643,2.708359805282708,0.6509844423920356,0.16708137087935968,0.6216728703803455,16900.0,4,789
170,True,Accumulate + Select,44.92305040311491,1.9189446535007217,3.837255412764928,0.020762514511450197,2.7133640076294454,0.6500444564423667,0.16667615673735678,0.6194601071988103,17000.0,4,789
171,True,Accumulate + Select,44.93016585812344,1.908118359296189,3.9602605364252423,0.021428067202179168,2.645739966340514,0.6491653259620973,0.16629784010581114,0.6172421576305048,17100.0,4,789
172,True,Accumulate + Select,44.93700111263377,1.897463804992155,3.8677822732481193,0.02092768839632188,3.0034579124202665,0.6482902836405805,0.165921917560273,0.6149599438547111,17200.0,4,789
173,True,Accumulate + Select,44.943244212160536,1.886897557752749,3.9239754767270716,0.02123173701367361,2.85067114366894,0.6474395718809598,0.16555705277688149,0.6127170465580987,17300.0,4,789
174,True,Accumulate + Select,44.94949729560272,1.8764401880841444,3.8600861306386283,0.020886046322645943,2.90478688755228,0.6466001408355462,0.16519760926166013,0.6103922545647762,17400.0,4,789
175,True,Accumulate + Select,44.95583160336723,1.8661102089621249,3.6693979967638093,0.019854276288895564,3.0213856951366775,0.6457791574235183,0.1648466234839551,0.6081216348765457,17500.0,4,789
176,True,Accumulate + Select,44.962689397356414,1.8559280169465326,3.7233462319265316,0.020146177894326114,2.6086301825363063,0.6449766121832453,0.16450405257632789,0.6058907171862394,17600.0,4,789
177,True,Accumulate + Select,44.969648424918375,1.8458154372330418,3.7164149694089774,0.020108674412508184,2.761638208456978,0.6442003494502687,0.1641731996406635,0.6036136615465725,17700.0,4,789
178,True,Accumulate + Select,44.97663364127122,1.835819854412831,3.7611374992692386,0.020350657829125054,2.84133893846623,0.6434522968771774,0.16385483331632414,0.6013609469890653,17800.0,4,789
179,True,Accumulate + Select,44.98245270594148,1.8259827722971356,3.427367611108618,0.018544705031881707,2.697556781517915,0.6426957066326687,0.16353329446666473,0.5990990953597457,17900.0,4,789
180,True,Accumulate + Select,44.98940204636973,1.8162458346265717,3.532828019326093,0.019115327265865623,2.8271980253823505,0.6419599177282836,0.16322103937695934,0.5969555629961959,18000.0,4,789
181,True,Accumulate + Select,44.9962163065967,1.8065631656500099,3.5997205819030405,0.019477267676866625,2.623868353447345,0.6412598143296159,0.16292433351645888,0.5947242600968978,18100.0,4,789
182,True,Accumulate + Select,45.00225233774719,1.7969870038696,3.520169405232875,0.01904683438995984,2.7890748332898245,0.6405867982994488,0.16263947869858192,0.5924398885064607,18200.0,4,789
183,True,Accumulate + Select,45.00851273384383,1.7875517906197946,3.47094256883335,0.01878047919720986,2.8403802892051173,0.6399184856099306,0.16235697389974735,0.5902182810545911,18300.0,4,789
184,True,Accumulate + Select,45.01555523697834,1.7782025561484283,3.6953727722877474,0.01999481987949248,2.695774857166305,0.6392524992932412,0.1620758078336872,0.5881322301556635,18400.0,4,789
185,True,Accumulate + Select,45.02106263244228,1.7689086830815681,3.4414101499512215,0.018620686009204006,2.6776605429554117,0.6386163480175182,0.16180756798949225,0.5858096504074363,18500.0,4,789
186,True,Accumulate + Select,45.0277715718781,1.7597525808680647,3.4731409199136536,0.018792373973891708,2.622612484684927,0.637964571662907,0.16153307377749476,0.5836577447391668,18600.0,4,789
187,True,Accumulate + Select,45.03407274408455,1.750669236054899,3.6411102244854066,0.019701217600002156,2.744601521443763,0.6373260163144612,0.16126447475870023,0.5814957407588945,18700.0,4,789
188,True,Accumulate + Select,45.039296725563126,1.7416970313694502,3.504387226771254,0.018961440619130396,2.6708411215869936,0.6367216717812838,0.16101056363521854,0.5793030952899964,18800.0,4,789
189,True,Accumulate + Select,45.04470864635208,1.7328125460490316,3.8101896176488053,0.02061606766248803,2.734964319343778,0.6361460557225931,0.16076899111284382,0.5770377062164546,18900.0,4,789
190,True,Accumulate + Select,45.05061505351091,1.7240278671076528,3.324086553087305,0.01798587476512594,2.677042273950144,0.6355556718839174,0.16052149249730963,0.5748689800651172,19000.0,4,789
191,True,Accumulate + Select,45.055753419893506,1.7153038090028916,3.5812185283240194,0.01937715728164817,2.868418138982513,0.6349534308903501,0.16026930595609543,0.5726748872689404,19100.0,4,789
192,True,Accumulate + Select,45.06141278573332,1.706708258764932,3.3577896973851122,0.01816823479782976,2.6659565512492724,0.634339195988026,0.16001239056789088,0.5706139912520238,19200.0,4,789
193,True,Accumulate + Select,45.06705774496077,1.69820078052933,3.3025165754681636,0.017869164532119484,2.8789320551821933,0.6337239957928604,0.15975536794902942,0.5686189168156915,19300.0,4,789
194,True,Accumulate + Select,45.07175998379985,1.68975586287638,3.149828139734541,0.017043002204716395,2.7299298678273645,0.6331463310687534,0.15951429673769346,0.5664651270328416,19400.0,4,789
195,True,Accumulate + Select,45.07767538073261,1.681385272637898,3.4165794939729843,0.01848633298871911,2.653772308082341,0.6325932019608566,0.15928370893425814,0.5644121647127756,19500.0,4,789
196,True,Accumulate + Select,45.08327048922755,1.6731095052561222,3.0878552653560987,0.016707681105339392,2.6908886542058044,0.6320147166332607,0.15904280572892446,0.562419882430266,19600.0,4,789
197,True,Accumulate + Select,45.08872925321893,1.6649152358532118,3.1996060291496353,0.01731233901974627,2.7209224024040024,0.6314194046942688,0.1587951670118823,0.5604680500333838,19700.0,4,789
198,True,Accumulate + Select,45.09419917338478,1.6568082839998226,3.2964681983744213,0.017836438142116412,2.7175999326219307,0.6308272853938929,0.15854912922245362,0.5584549047386077,19800.0,4,789
199,True,Accumulate + Select,45.099274831010256,1.6487895370571901,3.2815466320414983,0.01775570094737814,2.741741023283432,0.6302269060306555,0.158299936468107,0.556528479761929,19900.0,4,789
200,True,Accumulate + Select,45.10453738664472,1.6408400120576843,3.3268652352511885,0.01800090958104109,2.6355979899232644,0.6296248756917703,0.1580503382160018,0.5546359788066855,20000.0,4,789
0,False,Replace,1.232595164407831e-32,68.7451084716512,138.23816841135385,1.0186349626128683,0.08752193975410025,1.0,0.5,1.7999999999992888,,5,2024
1,False,Replace,0.5640751743430964,75.40543363261607,153.20427812564816,1.1289156671713654,0.30893006411951196,0.9676636245920792,0.39453460352485614,3.374575935843551,,5,2024
2,False,Replace,0.9643646629793934,78.50476940694674,157.5605528514591,1.1610157289231482,0.31835270208457367,0.9942042099373415,0.4552118710430242,3.512516339101499,,5,2024
3,False,Replace,0.641632108554188,72.8793297323641,147.08915988537387,1.0838552232169918,0.3283109042833451,0.999779920214655,0.49126673240932894,3.924926728375771,,5,2024
4,False,Replace,2.1031524719279475,66.16561888082006,133.51401796169796,0.9838241366885605,0.4691086394097599,0.9983728234066739,0.47625711925939745,4.504009334680712,,5,2024
5,False,Replace,2.8658485596560324,64.87105604875376,128.5423299861115,0.9471892821231812,0.5451260454866249,0.9764938375973883,0.4099873723138221,5.280051084777064,,5,2024
6,False,Replace,3.7059938860841872,71.2320904583015,141.56002732990302,1.0431127293120952,0.5403408831460427,0.9343872996516863,0.3503579171908873,4.937535618396876,,5,2024
7,False,Replace,5.888320107244985,71.0955274758006,143.87236614208183,1.0601516497966537,0.6240629829721827,0.8595909966290408,0.28306309648499306,7.078811541922156,,5,2024
8,False,Replace,5.595499864376216,67.40456154650975,134.13268452830735,0.9883829022031088,0.805648308432982,0.9045457685616326,0.32015116524058834,7.862331636616167,,5,2024
9,False,Replace,4.9268727024345065,61.395381767061934,123.88655339215742,0.912882282318294,0.7157706575300412,0.8414654914867256,0.2700005960399769,8.115858886603474,,5,2024
10,False,Replace,4.06246351732004,63.94007298327828,128.476450486885,0.9467038361569713,0.6213872980967139,0.8112531145731083,0.24998422112311533,8.597769892304294,,5,2024
11,False,Replace,3.061815084858065,64.14828454224755,124.43733144932767,0.9169407980822191,0.5573973424704018,0.8414646362080083,0.26999999999988333,7.379693881459012,,5,2024
12,False,Replace,5.306026167216551,53.09721765366792,105.46154397819271,0.777113999280234,0.7489081424674815,0.9043814577437906,0.32000000001774465,5.433366663433089,,5,2024
13,False,Replace,5.489402886408515,52.52481386492474,102.53545210739085,0.7555525194250707,0.7537565728151399,0.9149263727797277,0.33,5.0756599530023,,5,2024
14,False,Replace,6.091744698688375,52.16178192896872,103.01341055678833,0.7590744496765173,0.7193568222183973,0.8267463724926034,0.2599999999999904,4.871942369110967,,5,2024
15,False,Replace,3.8750055880239502,44.10887034295603,87.86505482233274,0.6474508296984458,0.7772339967383998,0.950672092687066,0.36999999999999994,4.202546028144256,,5,2024
16,False,Replace,3.8803566210742044,39.82998878765096,79.81417745394592,0.5881263662641203,0.7970368267619565,0.9426831892554923,0.36,5.2855771463201044,,5,2024
17,False,Replace,3.1004593844461406,37.861266748954236,74.1505728036316,0.5463929884457757,0.7636000261901028,0.970950594454663,0.3999999999999904,4.530089699888313,,5,2024
18,False,Replace,2.752052575667387,40.72666843552441,78.84173531339214,0.580960736287466,0.7592725298755456,0.9814538950336537,0.42,5.563135927760907,,5,2024
19,False,Replace,4.217205170304254,41.50583402748558,81.60234439444743,0.6013028238627419,0.7830286244664488,0.9953784388202258,0.46,6.41227032602319,,5,2024
20,False,Replace,3.258155829902234,38.07499227430703,77.1345377014904,0.568380917012101,0.7807607170118543,0.99971144175281,0.49,5.328575202460687,,5,2024
21,False,Replace,5.335200989871131,36.82646056814384,73.60586138646232,0.5423791759044235,0.8507876253181861,0.9814538950336537,0.42,5.579439348497845,,5,2024
22,False,Replace,5.870670114108351,37.56605909194753,73.34559069417658,0.5404613204383645,0.8884278426276023,0.9927744539878083,0.45,6.027694442808842,,5,2024
23,False,Replace,7.536669554039403,38.58159851714992,77.42596116669748,0.5705283277742458,0.9052997884639198,0.9580420222262997,0.38,6.435993547540669,,5,2024
24,False,Replace,7.71812979033018,44.077702788473005,87.99295316110687,0.6483932736054554,0.8464753212213023,0.9149263727797277,0.33,6.9219537670133535,,5,2024
25,False,Replace,5.417405071054706,33.37743146457293,65.95640152141061,0.4860126358005429,0.8783591963613149,0.92481870497303,0.34,6.088603165960057,,5,2024
26,False,Replace,3.2149608944533714,34.786993060490445,70.66137497256533,0.5206821522632472,0.7935008079888517,0.9043814577244939,0.32,5.737768744109514,,5,2024
27,False,Replace,3.169025458540036,28.799497063189655,57.108316415496716,0.4208137913378596,0.8648354260547626,0.8812908992306927,0.30000000000000004,5.713916367112833,,5,2024
28,False,Replace,3.360397631108617,29.688203438091456,58.93181177217759,0.43425057327604394,0.9296843243196256,0.8554508105601307,0.28,5.891946064209982,,5,2024
29,False,Replace,5.1370378232715,24.756567921859542,49.76664536684885,0.3667152532850278,1.0805923687667751,0.7414827399312738,0.21000000000000005,5.800819361575138,,5,2024
30,False,Replace,5.3096590669478605,23.532126666664283,46.917331493950115,0.34571952711368664,1.176606217648438,0.7014714598838974,0.19000000000000003,5.706317038734388,,5,2024
31,False,Replace,4.253379806446914,21.837262250538934,43.227528484086214,0.3185304924628712,1.0982181576563215,0.7219280948873623,0.20000000000000004,5.733966329530347,,5,2024
32,False,Replace,3.895128624496204,19.887918038234066,39.74401261994833,0.292861524964196,1.1659191789083025,0.7414827399312738,0.21000000000000005,5.752045941955118,,5,2024
33,False,Replace,3.9589798560608735,19.893482280131742,39.67555959568955,0.2923571154757898,1.0670148352227402,0.7780113035465377,0.23000000000000004,5.526286884438489,,5,2024
34,False,Replace,3.042837936564848,21.93729392419386,44.18521123344128,0.32558736498075214,0.9834085930891738,0.9043814577244939,0.32,5.498404943804397,,5,2024
35,False,Replace,3.129477160667354,22.47362660746167,45.493403702165885,0.33522703687299255,0.97409745583502,0.92481870497303,0.34,5.696792251015651,,5,2024
36,False,Replace,3.273564638550543,19.531586707691194,39.72699645037503,0.2927361379928819,1.0462007044741741,0.9043814577244939,0.32,5.555759132461514,,5,2024
37,False,Replace,4.6432818965529385,18.483446655689797,37.540113954580455,0.2766216668960594,1.1786780526145555,0.7780113035465377,0.23000000000000004,5.661832982235378,,5,2024
38,False,Replace,5.093883797547652,17.38754614102227,34.66511767176312,0.25543669486760157,1.2574474820337271,0.7414827399312738,0.21000000000000005,5.890591281050172,,5,2024
39,False,Replace,4.529657368584262,17.40479901071564,35.052172621366175,0.25828878491370816,1.1372709966917418,0.7601675029619656,0.22000000000000003,5.920111361156249,,5,2024
40,False,Replace,3.3108276520037605,17.928033585600836,35.92200352782053,0.26469830395651744,1.1184087962396434,0.8687212463394046,0.29000000000000004,5.830050344376509,,5,2024
41,False,Replace,4.810479667021725,17.76762028155122,36.544525849758095,0.2692854813578094,1.1437373853791897,0.7219280948873623,0.20000000000000004,5.719799557050332,,5,2024
42,False,Replace,4.2377364478334405,18.427484579915976,36.968292260164674,0.2724080869781081,1.2375900947914609,0.8112781244591328,0.25000000000000006,5.617349300779001,,5,2024
43,False,Replace,5.106626045925751,19.434443920468407,38.57979334752601,0.28428274770849493,1.149353351992325,0.7950402793845223,0.24000000000000005,5.754128903701068,,5,2024
44,False,Replace,5.403966834200102,18.801356242234615,37.95899139299121,0.2797082471706564,1.177654848243062,0.8112781244591328,0.25000000000000006,5.848540820321137,,5,2024
45,False,Replace,6.5181302913468055,18.170196913774205,36.47657017025892,0.2687847366514704,1.2300516005842137,0.7601675029619656,0.22000000000000003,6.162402205892821,,5,2024
46,False,Replace,8.963884799987667,15.749385209694001,31.29761685088438,0.23062260689034156,1.3358765477780024,0.557438185027989,0.13,6.068780822024414,,5,2024
47,False,Replace,8.942705302330545,14.718582263312918,29.9202321983025,0.22047307886772455,1.4229320772341885,0.584238811642856,0.14,6.16730304684956,,5,2024
48,False,Replace,8.530845546620183,14.53375339762697,28.46921140861617,0.20978094857665777,1.4464050591121982,0.584238811642856,0.14,6.252316488844702,,5,2024
49,False,Replace,8.08601080880764,15.006839429907401,30.19767827018393,0.22251749447526536,1.410391338996239,0.6098403047164005,0.15000000000000002,6.2340348229249525,,5,2024
50,False,Replace,8.2406566210708,13.808716172941407,27.27154929400954,0.20095574120191237,1.3897622191536032,0.557438185027989,0.13,6.248618508475484,,5,2024
51,False,Replace,8.652980833080406,14.658051152109817,28.479554481746,0.20985716353257033,1.4440349628470206,0.499915958164528,0.11000000000000001,6.14107376373142,,5,2024
52,False,Replace,8.46673788267451,15.184494389860797,31.000339603965703,0.2284320613935322,1.3777038614243566,0.499915958164528,0.11000000000000001,6.095609327095573,,5,2024
53,False,Replace,8.07438114726403,14.555869953917075,28.182659976086367,0.2076694383395351,1.4811409466042358,0.4689955935892813,0.10000000000000002,5.853034483424391,,5,2024
54,False,Replace,6.645093092216895,14.19766326785685,28.89397997164498,0.2129109387544243,1.3902621585612391,0.557438185027989,0.13,5.66260827311174,,5,2024
55,False,Replace,7.242833452657496,13.780877134060775,28.059717944572668,0.2067635159512852,1.4146362983996013,0.5293608652873645,0.12000000000000002,5.75915953977728,,5,2024
56,False,Replace,7.353193864592669,14.378534524833633,28.52050464062429,0.21015891278198062,1.41289945351038,0.499915958164528,0.11000000000000001,5.716374042181384,,5,2024
57,False,Replace,8.97951191587204,14.78177057218658,30.042698598498404,0.22137549647364707,1.3697555927768887,0.3274449191544763,0.06000000000000002,6.125263035965217,,5,2024
58,False,Replace,10.655810279412812,13.823754619578558,27.65313670259718,0.2037675426034151,1.3627109113291624,0.2422921890824149,0.040000000000000015,6.095786822448101,,5,2024
59,False,Replace,11.823139098793034,11.361974734032566,22.957770544336313,0.16916881935614617,1.499384159380932,0.2422921890824149,0.040000000000000015,6.25524652109191,,5,2024
60,False,Replace,10.662900353371075,12.721756317546436,25.209533987205013,0.18576137839247664,1.5372815386210452,0.4021791902022729,0.08000000000000002,6.3830367140446365,,5,2024
61,False,Replace,10.079892238381914,13.85756650890782,27.62668045011323,0.20357259453610801,1.4739702768144225,0.43646981706410304,0.09000000000000002,6.38644891205163,,5,2024
62,False,Replace,12.829337685314027,13.41463079415463,26.5192470865945,0.19541225534897874,1.5757425213678242,0.3659236509002232,0.07000000000000002,6.955061689309374,,5,2024
63,False,Replace,11.60834153841035,11.490943656233181,21.94711471242475,0.16172160432584953,1.5193757056858312,0.4021791902022729,0.08000000000000002,6.879277976436106,,5,2024
64,False,Replace,11.224550951269832,11.725310537947841,23.25133459373421,0.17133200343127855,1.5235898466394227,0.43646981706410304,0.09000000000000002,6.927880571245251,,5,2024
65,False,Replace,11.554068109040836,11.27901232109448,22.104568074091112,0.16288183019557476,1.6432265583609147,0.3274449191544763,0.06000000000000002,6.6949953129908115,,5,2024
66,False,Replace,10.500457880820102,11.482097254861149,23.908667769822287,0.17617569141516595,1.4525729139249401,0.4021791902022729,0.08000000000000002,6.422077051794046,,5,2024
67,False,Replace,10.005522487402498,11.587609468300904,22.903555307883956,0.16876932378996967,1.4070171888349652,0.3659236509002232,0.07000000000000002,6.2312248160125865,,5,2024
68,False,Replace,9.384427332851297,12.271775230617298,24.25610353821405,0.17873583978094137,1.4343643338048584,0.43646981706410304,0.09000000000000002,5.997898185527576,,5,2024
69,False,Replace,9.127614859687114,13.421504721141892,27.021702096385283,0.19911469329354028,1.411082386245616,0.4021791902022729,0.08000000000000002,5.893368847264512,,5,2024
70,False,Replace,7.693174589956704,13.40298800265922,26.78309647539175,0.19735648113973975,1.564902386840743,0.4689955935892813,0.10000000000000002,5.6287783626795065,,5,2024
71,False,Replace,7.262132995777843,12.992156083968661,26.705473954066655,0.19678450442002063,1.5040518641385292,0.584238811642856,0.14,5.775127575413333,,5,2024
72,False,Replace,7.312750582111838,12.064635360935025,24.620327572352977,0.1814196957641442,1.3984699247377808,0.6098403047164005,0.15000000000000002,5.883721159814659,,5,2024
73,False,Replace,7.140034072738791,11.631132709771553,22.842888235970644,0.1683222866131868,1.459444701848501,0.584238811642856,0.14,5.692250315879764,,5,2024
74,False,Replace,7.440185896769557,11.126799607113082,21.776889755914645,0.16046726846330778,1.4595499294313155,0.584238811642856,0.14,5.798622894259899,,5,2024
75,False,Replace,7.938410957429102,10.611012618754147,20.9145306538852,0.1541128068717689,1.4507685790242673,0.6098403047164005,0.15000000000000002,5.859713781010777,,5,2024
76,False,Replace,8.59736779459986,10.337068289554672,20.675228125692993,0.1523494594210643,1.5916337206198614,0.499915958164528,0.11000000000000001,5.842260999028462,,5,2024
77,False,Replace,8.539633136491641,11.276181436027995,22.903667526729773,0.16877015069646828,1.4868369281144946,0.499915958164528,0.11000000000000001,5.73054461431918,,5,2024
78,False,Replace,7.1302250549543205,13.465055293216125,26.60579693572021,0.19605001482844445,1.4369332721426393,0.6343095546405662,0.16000000000000003,5.554128304827885,,5,2024
79,False,Replace,6.188854940257414,14.094406201985997,28.55494008654562,0.21041265709566578,1.3755608551235319,0.68007704572828,0.18000000000000005,5.500412941377934,,5,2024
80,False,Replace,6.680288422783774,15.100807679515256,29.73585277449006,0.21911444304637248,1.3318582932201033,0.7414827399312738,0.21000000000000005,5.6151367970214405,,5,2024
81,False,Replace,6.1109962575330234,13.052203090907462,26.528070904182314,0.19547727537349122,1.3612367447221199,0.7219280948873623,0.20000000000000004,5.368125809067314,,5,2024
82,False,Replace,5.245171316865824,14.415944268235648,29.151590484027388,0.21480919216493305,1.3440646674033796,0.8267463724926178,0.26,5.435167600365118,,5,2024
83,False,Replace,4.87967684716996,16.026752382116328,31.757981589123936,0.23401489444242704,1.2949697380245642,0.9149263727797277,0.33,5.566468661609243,,5,2024
84,False,Replace,5.130874606525717,15.310521902130008,31.38879964148566,0.23129450510457922,1.352237147737449,0.8931734583778568,0.31000000000000005,5.608771449558774,,5,2024
85,False,Replace,6.800517124887722,18.145765778361035,36.49143746125597,0.2688942891909968,1.2079074327690813,0.7014714598838974,0.19000000000000003,5.544595877707322,,5,2024
86,False,Replace,7.405134792391829,16.85669997060419,33.75504359419284,0.24873063615288984,1.3422539634575266,0.6098403047164005,0.15000000000000002,5.541388084132,,5,2024
87,False,Replace,7.170462482257137,21.186231352420144,41.937002686833615,0.3090210008923262,1.2668570280258857,0.6343095546405662,0.16000000000000003,5.5043817425097155,,5,2024
88,False,Replace,6.677244316078388,20.17731797175697,40.552606769360956,0.2988198089940086,1.3189846121844246,0.6577047787442196,0.17000000000000004,5.455305209179094,,5,2024
89,False,Replace,6.608479570750325,17.760805539395086,34.989117014089835,0.25782414734726317,1.3526180280129954,0.6098403047164005,0.15000000000000002,5.352288665154001,,5,2024
90,False,Replace,7.005895801381176,21.262945391202553,43.30531993873671,0.31910371400081655,1.333869490031773,0.557438185027989,0.13,5.334674214315896,,5,2024
91,False,Replace,6.001200360828511,20.17506660251045,39.7905967685084,0.29320478936774075,1.1952030802519265,0.6577047787442196,0.17000000000000004,5.300475474974508,,5,2024
92,False,Replace,6.109514255904903,19.2844630946498,38.12342571973047,0.28091991364595215,1.2466173960236469,0.7014714598838974,0.19000000000000003,5.448081394829733,,5,2024
93,False,Replace,6.429610981715323,19.938991144585355,40.699432872924895,0.29990172583530667,1.2380318456440902,0.584238811642856,0.14,5.303631409559825,,5,2024
94,False,Replace,5.794011306789111,18.84052952689703,39.35867848453416,0.29002211507377357,1.2542752065004275,0.6343095546405662,0.16000000000000003,5.205439449567331,,5,2024
95,False,Replace,5.836663357784432,15.064180976141866,29.9955548929387,0.22102810886498503,1.3018110640160674,0.6577047787442196,0.17000000000000004,5.289811761363511,,5,2024
96,False,Replace,4.909344137912133,12.512680239411466,25.16653443320856,0.18544452777458353,1.5278191516882935,0.7780113035465377,0.23000000000000004,5.235402047827427,,5,2024
97,False,Replace,4.5654623223630395,16.17250886033976,32.59794537606612,0.24020433177757725,1.3559230348818665,0.8414646362081756,0.27,5.303083989044095,,5,2024
98,False,Replace,5.091115341107425,14.865315627602149,29.822386170014624,0.21975208128426227,1.3145259560217535,0.7950402793845223,0.24000000000000005,5.333516937803996,,5,2024
99,False,Replace,6.423741533563264,16.278064898494346,31.93967920265216,0.2353537688205396,1.316866498301462,0.68007704572828,0.18000000000000005,5.3341922328735585,,5,2024
100,False,Replace,5.650059348912425,17.171556612300236,33.84248524263951,0.24937496702995438,1.3077509570748644,0.7219280948873623,0.20000000000000004,5.32698514409028,,5,2024
101,False,Replace,6.677458917011844,14.411458885948019,28.620356945955653,0.21089469400996502,1.3601353900037239,0.6098403047164005,0.15000000000000002,5.361100785447938,,5,2024
102,False,Replace,5.997601188835346,14.857114152086512,29.388760481553142,0.2165568256466184,1.2636246740915413,0.7014714598838974,0.19000000000000003,5.434653345566897,,5,2024
103,False,Replace,7.250681307375605,12.727236455082014,25.139934398253835,0.18524852021803825,1.4830008156465757,0.584238811642856,0.14,5.522222928217218,,5,2024
104,False,Replace,7.153796075708313,12.557674155700822,24.772280037990306,0.18253938720632842,1.4864248663010704,0.6098403047164005,0.15000000000000002,5.514905985979511,,5,2024
105,False,Replace,8.696248935940616,10.783502054522156,21.186227585013775,0.15611485881200177,1.4793668182952864,0.499915958164528,0.11000000000000001,5.636111277230182,,5,2024
106,False,Replace,8.864327341220932,10.749987901550526,21.54063525339606,0.15872638098551642,1.5805135243143948,0.5293608652873645,0.12000000000000002,5.712764815158391,,5,2024
107,False,Replace,9.44623604713038,10.084152424724106,20.084444012122727,0.1479961512113651,1.5270173693083713,0.4689955935892813,0.10000000000000002,5.7368186777228285,,5,2024
108,False,Replace,9.465956852065906,8.487692131392818,17.10768460828742,0.12606131773606688,1.600967411195676,0.3659236509002232,0.07000000000000002,5.57449841718994,,5,2024
109,False,Replace,8.68895636149681,9.504240571326578,18.799834136849036,0.1385302522681897,1.5815653282052167,0.4689955935892813,0.10000000000000002,5.575713987616796,,5,2024
110,False,Replace,9.656426983260864,10.07330033445512,20.743831719982698,0.1528549784141723,1.5387661258059868,0.3274449191544763,0.06000000000000002,5.572480895764861,,5,2024
111,False,Replace,9.984951738905774,9.600922170874128,19.693564619770388,0.1451158800113724,1.5305732488064225,0.3274449191544763,0.06000000000000002,5.62447006877016,,5,2024
112,False,Replace,9.415321170473197,10.017692017138987,20.33912620046325,0.1498728266938298,1.6184632569924715,0.3659236509002232,0.07000000000000002,5.584655007333887,,5,2024
113,False,Replace,10.255263533738523,9.721220483352866,19.56028357519001,0.1441337725845788,1.5500053389232973,0.2422921890824149,0.040000000000000015,5.58979946782056,,5,2024
114,False,Replace,10.631224211018889,9.8032602509931,19.740483746012554,0.1454616127634391,1.5190669715153498,0.19439185783157625,0.030000000000000023,5.602802742075171,,5,2024
115,False,Replace,10.384465197570174,9.543784939586308,19.128418072285537,0.1409514872182403,1.6774059362107123,0.14144054254182079,0.02000000000000002,5.509468405364114,,5,2024
116,False,Replace,10.179401336263789,11.607603738166478,23.53889547551474,0.1734509519925022,1.554911210612631,0.0807931358959113,0.010000000000000023,5.404945906661202,,5,2024
117,False,Replace,10.171758976607396,13.3590265665341,26.867597906357123,0.1979791464496273,1.4193430936683409,0.0807931358959113,0.010000000000000023,5.389251909296429,,5,2024
118,False,Replace,10.159382588299922,12.70052412728255,25.32020898371283,0.1865769087356916,1.5809391254524119,0.0807931358959113,0.010000000000000023,5.330724356924042,,5,2024
119,False,Replace,10.365126557257325,12.899762199105533,25.63508189246088,0.1888971113057658,1.5105727159666928,0.0807931358959113,0.010000000000000023,5.4477565480687895,,5,2024
120,False,Replace,10.995112268997671,14.295655079802652,27.907146320816004,0.2056392621214841,1.4911672510339147,0.0807931358959113,0.010000000000000023,5.563031830993899,,5,2024
121,False,Replace,10.623020970528126,12.652882759499747,25.758023043011192,0.1898030272024648,1.6567084528359204,3.9863137138648344e-11,2.2204460492503132e-17,5.462701331656297,,5,2024
122,False,Replace,10.685554184669671,10.92561245670888,21.88466020989825,0.16126139611723975,1.5324125311364316,3.9863137138648344e-11,2.2204460492503132e-17,5.4627383486274015,,5,2024
123,False,Replace,10.648063138119051,10.684588354535794,21.506823326928675,0.15847723119679463,1.4768774690200879,3.9863137138648344e-11,2.2204460492503132e-17,5.459839757047739,,5,2024
124,False,Replace,10.81705002084961,8.889626701778774,18.954941392865692,0.13967319039988832,1.6690161150973415,3.9863137138648344e-11,2.2204460492503132e-17,5.469115482373264,,5,2024
125,False,Replace,10.926797473469922,7.421270136785758,15.133452407575527,0.11151380190109789,1.8060030929635666,3.9863137138648344e-11,2.2204460492503132e-17,5.48131596518889,,5,2024
126,False,Replace,12.080264995558569,6.733191118781451,13.480593169574247,0.09933438555426291,1.7226430981789722,3.9863137138648344e-11,2.2204460492503132e-17,5.582258189845036,,5,2024
127,False,Replace,12.279839995417873,5.495374773543642,10.988896583768842,0.08097383225922926,1.8566648875779181,3.9863137138648344e-11,2.2204460492503132e-17,5.594095079056401,,5,2024
128,False,Replace,12.27938586731294,5.347573746014244,11.158291807416436,0.08222205407300218,1.732710636181341,3.9863137138648344e-11,2.2204460492503132e-17,5.589960815588443,,5,2024
129,False,Replace,11.949483493561454,6.6080871259585985,13.322888538924785,0.09817230815992514,1.7030072606782287,3.9863137138648344e-11,2.2204460492503132e-17,5.556403000617871,,5,2024
130,False,Replace,12.22169134030548,6.059700290455528,12.303886647471067,0.09066359355865337,1.798131855113367,3.9863137138648344e-11,2.2204460492503132e-17,5.580188111453118,,5,2024
131,False,Replace,11.540062958941032,5.288034178958781,10.676988554860849,0.07867547698574277,1.7383577480922803,3.9863137138648344e-11,2.2204460492503132e-17,5.519759245021037,,5,2024
132,False,Replace,11.43881411221284,5.622905953514719,11.05520780973689,0.08146245948831535,1.8025595094181146,3.9863137138648344e-11,2.2204460492503132e-17,5.511735350664556,,5,2024
133,False,Replace,11.667138152805965,5.514229085197385,11.084667135935192,0.0816795362912379,1.8179696521029316,3.9863137138648344e-11,2.2204460492503132e-17,5.531639365996777,,5,2024
134,False,Replace,12.180259881634207,7.115278451387616,14.535713214650947,0.10710924382980498,1.6402467785546364,3.9863137138648344e-11,2.2204460492503132e-17,5.579927933973647,,5,2024
135,False,Replace,11.444675345061968,5.3156636472748735,10.48112352549796,0.07723220723502863,1.8435287183800475,3.9863137138648344e-11,2.2204460492503132e-17,5.516053388695169,,5,2024
136,False,Replace,11.219785933156873,4.661899530384339,9.49369690871024,0.06995616121652612,1.8288371429662198,3.9863137138648344e-11,2.2204460492503132e-17,5.500644527434949,,5,2024
137,False,Replace,11.658231141914523,4.919180407493063,9.931183496440608,0.07317986664504621,1.7287279961207167,3.9863137138648344e-11,2.2204460492503132e-17,5.533956604768446,,5,2024
138,False,Replace,11.497622087884954,4.973000737106873,10.002754211946757,0.07370724945076193,1.732753167506667,3.9863137138648344e-11,2.2204460492503132e-17,5.520504299043427,,5,2024
139,False,Replace,11.394872042608082,3.8042403887689242,7.8236754792759955,0.05765028190776409,1.8694422168419922,3.9863137138648344e-11,2.2204460492503132e-17,5.5136493443865335,,5,2024
140,False,Replace,11.556993789731855,4.525445803342407,9.08895180897057,0.06697371784159496,1.9190163870674493,3.9863137138648344e-11,2.2204460492503132e-17,5.52681917354904,,5,2024
141,False,Replace,11.640000183369157,3.4280845138167555,6.957219471539674,0.051265631465783175,1.8699884447716868,3.9863137138648344e-11,2.2204460492503132e-17,5.530800629272899,,5,2024
142,False,Replace,12.021660045848716,3.2912336327777587,6.709178374141249,0.04943789215992771,1.7733577183771687,3.9863137138648344e-11,2.2204460492503132e-17,5.562931638046913,,5,2024
143,False,Replace,11.41613660344226,3.4638559135794753,6.713303421062655,0.04946828837440921,1.9204345712813418,3.9863137138648344e-11,2.2204460492503132e-17,5.5125302370161275,,5,2024
144,False,Replace,12.07759496362534,3.0551887147398764,6.080912222638821,0.04480839022785462,1.8449868250203445,3.9863137138648344e-11,2.2204460492503132e-17,5.564492978212664,,5,2024
145,False,Replace,11.622922126143377,2.877754187090956,5.870313845198533,0.043256554922196745,1.9935841048307916,3.9863137138648344e-11,2.2204460492503132e-17,5.526061607273015,,5,2024
146,False,Replace,11.650215294143399,2.8735262387568343,5.7277076014851955,0.04220573294298014,1.7816864151643068,3.9863137138648344e-11,2.2204460492503132e-17,5.531482517005466,,5,2024
147,False,Replace,11.602508388167646,2.9512147455241218,6.077110509088371,0.044780376558512566,1.949379639041119,3.9863137138648344e-11,2.2204460492503132e-17,5.529046674501373,,5,2024
148,False,Replace,11.649181295161046,2.9275223177381995,5.990162302771565,0.044139681706225294,1.7968454095783803,3.9863137138648344e-11,2.2204460492503132e-17,5.530704886623742,,5,2024
149,False,Replace,11.521701817990964,3.357586507025322,6.605993221533212,0.048677552195379545,1.87066956330783,3.9863137138648344e-11,2.2204460492503132e-17,5.51973306172096,,5,2024
150,False,Replace,11.761938380158943,3.2188868841547866,6.4122239833323125,0.047249725691465266,1.9126247681800104,3.9863137138648344e-11,2.2204460492503132e-17,5.537656597151676,,5,2024
151,False,Replace,11.613478041257162,3.344327085983276,6.619300843850076,0.048775612011398434,1.8776526765656547,3.9863137138648344e-11,2.2204460492503132e-17,5.525581746002515,,5,2024
152,False,Replace,11.731818383478135,3.215056409854852,6.302308338169132,0.0464397907770486,1.9413827521931628,3.9863137138648344e-11,2.2204460492503132e-17,5.5380076045485405,,5,2024
153,False,Replace,12.013011816766866,3.014631216504841,6.054700863409773,0.04461524670436071,1.8953584104217698,3.9863137138648344e-11,2.2204460492503132e-17,5.563532247647785,,5,2024
154,False,Replace,12.820328128192283,3.0620296952501116,6.003520550005673,0.04423811456184154,1.9147557774831492,3.9863137138648344e-11,2.2204460492503132e-17,5.632314258563116,,5,2024
155,False,Replace,13.079494624184797,3.3587367728106816,6.6131186304310186,0.04873005716350543,1.9285324534621822,3.9863137138648344e-11,2.2204460492503132e-17,5.654617211213035,,5,2024
156,False,Replace,13.711407958046042,3.561716514677407,7.4394591379878925,0.054819108701832674,1.8186254870854466,3.9863137138648344e-11,2.2204460492503132e-17,5.706985981883255,,5,2024
157,False,Replace,13.793584160660037,3.5133891985484103,7.006939211130006,0.05163200108468619,1.8182871231602404,3.9863137138648344e-11,2.2204460492503132e-17,5.7124172031354306,,5,2024
158,False,Replace,13.85932824073174,3.687492880806927,7.381587144258421,0.05439266760494593,1.850987723778561,3.9863137138648344e-11,2.2204460492503132e-17,5.720696479874729,,5,2024
159,False,Replace,13.00937127952524,4.234060488577381,8.108964617898545,0.059752490685515594,1.8728665674501759,3.9863137138648344e-11,2.2204460492503132e-17,5.649271533664803,,5,2024
160,False,Replace,12.934460127193178,3.964540286483344,8.103823654971034,0.05971460849538214,1.8504204053257403,3.9863137138648344e-11,2.2204460492503132e-17,5.644401428374514,,5,2024
161,False,Replace,12.936333062784655,4.0363230630821905,8.24664086429625,0.06076698501594313,1.8141495824939788,3.9863137138648344e-11,2.2204460492503132e-17,5.645985282584334,,5,2024
162,False,Replace,12.026147687275953,3.7117922856785697,7.358280980431482,0.054220931581593405,1.8159935848889397,3.9863137138648344e-11,2.2204460492503132e-17,5.568323167057903,,5,2024
163,False,Replace,12.237291170715402,2.4433213960626694,4.924114027560886,0.036284296631016545,2.02471949650819,3.9863137138648344e-11,2.2204460492503132e-17,5.586925978968711,,5,2024
164,False,Replace,11.850329349855285,2.969341121117432,5.844170496834725,0.04306391255005609,1.907085086978532,3.9863137138648344e-11,2.2204460492503132e-17,5.557074991175825,,5,2024
165,False,Replace,11.589684459174753,3.58842354224982,7.285226482492212,0.05368261523501369,1.8798753055693989,3.9863137138648344e-11,2.2204460492503132e-17,5.536361982845124,,5,2024
166,False,Replace,11.556640776327628,3.7669495954608165,7.667984398154672,0.05650304174667302,1.8888137773781466,3.9863137138648344e-11,2.2204460492503132e-17,5.530297305633806,,5,2024
167,False,Replace,11.950665026227313,4.375717978199221,8.749043481470347,0.06446903689526846,1.7901427663473777,3.9863137138648344e-11,2.2204460492503132e-17,5.56374853528431,,5,2024
168,False,Replace,12.490332194212884,5.186140446997929,10.534937079229381,0.07762874292356695,1.9049019988113933,3.9863137138648344e-11,2.2204460492503132e-17,5.609893113971249,,5,2024
169,False,Replace,13.751054727345016,6.093277123250488,12.35025709977319,0.09100528329955444,1.7237326711325212,3.9863137138648344e-11,2.2204460492503132e-17,5.7200496996478,,5,2024
170,False,Replace,13.00758596619,5.322083778270095,10.568336102091699,0.0778748501513727,1.7682438320522484,3.9863137138648344e-11,2.2204460492503132e-17,5.656330768449315,,5,2024
171,False,Replace,13.678777328044777,4.2002436061134425,8.610880991908399,0.06345095958704888,1.8306817114747185,3.9863137138648344e-11,2.2204460492503132e-17,5.712202744063439,,5,2024
172,False,Replace,13.176751900531443,3.197244965031682,6.330440337388538,0.046647086911700886,1.925926550381671,3.9863137138648344e-11,2.2204460492503132e-17,5.670487555483026,,5,2024
173,False,Replace,13.618221963039353,3.288747856933064,6.7060770773813205,0.049415039648603186,1.960426219186113,3.9863137138648344e-11,2.2204460492503132e-17,5.70962805494998,,5,2024
174,False,Replace,13.180544500176962,3.2501996606026915,6.690986831710902,0.04930384422398959,1.951560302282198,3.9863137138648344e-11,2.2204460492503132e-17,5.672329949920695,,5,2024
175,False,Replace,13.499530559647436,3.6464154207613984,7.264220578847617,0.05352782912840101,1.9608991457960552,3.9863137138648344e-11,2.2204460492503132e-17,5.701835039077349,,5,2024
176,False,Replace,13.702465582312204,2.993575663774064,5.9469431490453095,0.043821212924802344,2.1740346014289162,3.9863137138648344e-11,2.2204460492503132e-17,5.713603366055479,,5,2024
177,False,Replace,14.609952374641745,2.6414300912404522,5.229474982856129,0.038534408512960805,1.8881158197099164,3.9863137138648344e-11,2.2204460492503132e-17,5.790867457749839,,5,2024
178,False,Replace,12.775630759000576,2.708298269827586,5.281750122808501,0.03891960809888496,1.9793249357400482,3.9863137138648344e-11,2.2204460492503132e-17,5.634389360647951,,5,2024
179,False,Replace,13.070098447942605,2.2163873081337178,4.271578131709297,0.03147595834418095,1.9156403438498044,3.9863137138648344e-11,2.2204460492503132e-17,5.662846889430266,,5,2024
180,False,Replace,13.613389590829938,2.080666358276872,4.076882996048996,0.030041309183870255,1.8540231976946127,3.9863137138648344e-11,2.2204460492503132e-17,5.7094650224140855,,5,2024
181,False,Replace,13.777648699244091,1.6189794082126752,3.244522488141944,0.02390789809635262,2.0047417199274236,3.9863137138648344e-11,2.2204460492503132e-17,5.720361147294144,,5,2024
182,False,Replace,13.816497561092525,1.2117478090296288,2.310164058442039,0.01702289538659298,2.008613128801712,3.9863137138648344e-11,2.2204460492503132e-17,5.726400272102591,,5,2024
183,False,Replace,14.124770778917318,1.2303511981399884,2.5633398070545583,0.018888470373487967,2.0308336024503952,3.9863137138648344e-11,2.2204460492503132e-17,5.753033774222847,,5,2024
184,False,Replace,13.87174470023033,1.151820129647367,2.2483876716231146,0.016567684006112297,2.0100868549976676,3.9863137138648344e-11,2.2204460492503132e-17,5.733567449208677,,5,2024
185,False,Replace,14.050657923112285,1.0410099959431673,2.0472135084170744,0.015085292865003768,2.1211068959877037,3.9863137138648344e-11,2.2204460492503132e-17,5.748837932170063,,5,2024
186,False,Replace,14.73204997138926,1.0734517384932882,2.21597240033557,0.016328825744059673,1.9489776259999887,3.9863137138648344e-11,2.2204460492503132e-17,5.806538460883446,,5,2024
187,False,Replace,14.462928582407056,1.228246678656479,2.4389856664938874,0.01797214258372849,1.9853706579184234,3.9863137138648344e-11,2.2204460492503132e-17,5.786458083454911,,5,2024
188,False,Replace,14.449441351586593,1.3665747181774748,2.6282286908571777,0.019366616796331074,2.054909032389896,3.9863137138648344e-11,2.2204460492503132e-17,5.787994721407607,,5,2024
189,False,Replace,14.48533487070587,1.15773269000243,2.3306399906377413,0.017173776295001483,1.9900150889636408,3.9863137138648344e-11,2.2204460492503132e-17,5.789934979914006,,5,2024
190,False,Replace,14.474867567164015,1.442122892888827,2.946721985376242,0.02171349688656403,2.129409937973578,3.9863137138648344e-11,2.2204460492503132e-17,5.789582949404104,,5,2024
191,False,Replace,14.476067239115746,1.654589745216961,3.331765050639102,0.024550761969686787,2.158043363970955,3.9863137138648344e-11,2.2204460492503132e-17,5.788850249588483,,5,2024
192,False,Replace,15.003505047503705,2.118168750085758,4.323579313448926,0.03185913921546934,1.921217803660229,3.9863137138648344e-11,2.2204460492503132e-17,5.833259119050891,,5,2024
193,False,Replace,15.65677460527522,1.6205950072559836,3.2449280035028663,0.023910886215547624,2.0770658578003283,3.9863137138648344e-11,2.2204460492503132e-17,5.887615634121298,,5,2024
194,False,Replace,15.981407848268935,1.4383365123147551,2.9995349173827472,0.022102659298350612,1.9721359659557498,3.9863137138648344e-11,2.2204460492503132e-17,5.915504250722576,,5,2024
195,False,Replace,14.583442996616728,1.7386444046588807,3.41474432637445,0.02516221098125642,1.9123942593600625,3.9863137138648344e-11,2.2204460492503132e-17,5.797314015256942,,5,2024
196,False,Replace,14.140359717236123,1.5752762454615494,3.1187616126283757,0.02298120450514613,2.0225677464807736,3.9863137138648344e-11,2.2204460492503132e-17,5.761100114046666,,5,2024
197,False,Replace,13.475616945981686,1.4496166185071173,2.9097509991352206,0.02144106894846144,2.000105046794007,3.9863137138648344e-11,2.2204460492503132e-17,5.701945212933149,,5,2024
198,False,Replace,13.548729373953442,1.7860082187948458,3.6562457140754647,0.026941761158019138,2.0117112429835284,3.9863137138648344e-11,2.2204460492503132e-17,5.711570140328466,,5,2024
199,False,Replace,13.305027684229838,1.9789131812812406,3.7963889277075538,0.02797443381868241,1.9079727993624198,3.9863137138648344e-11,2.2204460492503132e-17,5.691007985190304,,5,2024
200,False,Replace,13.202665559748057,1.9645664762406883,3.850422538068407,0.0283725910375048,2.0316503532833137,3.9863137138648344e-11,2.2204460492503132e-17,5.67633655009093,,5,2024
0,True,Replace + Select,1.232595164407831e-32,68.7451084716512,137.26369129137493,1.0114543374925828,0.06780760444613192,1.0,0.5,1.7999999999992888,,5,2024
1,True,Replace + Select,1.1639071052812404,25.46037571607675,50.52724192157064,0.37231985765722286,0.8186388785632912,0.673262018568027,0.17690621914844004,1.4977286036833224,,5,2024
2,True,Replace + Select,1.4215524666759625,7.0897928298188795,14.09670970431327,0.10387436066057015,1.4531894269000698,0.5292935104286788,0.11997656920095207,1.3437573165525702,,5,2024
3,True,Replace + Select,1.6240739746068822,2.4842290975875514,4.8987810173049855,0.036097625393604726,1.6030589542615838,0.0807931358959113,0.010000000000000023,1.6916671492697637,,5,2024
4,True,Replace + Select,1.489677155060185,0.7386268790612249,1.4813567135569938,0.010915666475269323,1.835293450228662,3.9863137138648344e-11,2.2204460492503132e-17,4.020031628350538,,5,2024
5,True,Replace + Select,1.5056890037086763,0.20128989502800299,0.40011746307733886,0.002948343729712392,1.8953512221015887,3.9863137138648344e-11,2.2204460492503132e-17,4.025691283201417,,5,2024
6,True,Replace + Select,1.5238765524499964,0.06642989160368422,0.13421619691244355,0.0009889982795281262,1.8811219490090938,3.9863137138648344e-11,2.2204460492503132e-17,4.013372816054067,,5,2024
7,True,Replace + Select,1.5274571464645015,0.022334149468219027,0.04503700871129692,0.0003318640011802951,2.0109753145444844,3.9863137138648344e-11,2.2204460492503132e-17,4.015222912108965,,5,2024
8,True,Replace + Select,1.530658502022619,0.005723379265904947,0.01155573879084362,8.515071985146668e-05,2.0663337663343233,3.9863137138648344e-11,2.2204460492503132e-17,4.017314419307763,,5,2024
9,True,Replace + Select,1.5372433224298212,0.002039490081040562,0.004124516218082995,3.0392303890349225e-05,2.1007632488734655,3.9863137138648344e-11,2.2204460492503132e-17,4.019508608100681,,5,2024
10,True,Replace + Select,1.5350752320753118,0.0006401072065494186,0.0012812169376254573,9.440897418964146e-06,2.114800423866528,3.9863137138648344e-11,2.2204460492503132e-17,4.019274452519829,,5,2024
11,True,Replace + Select,1.5338334428642535,0.0002291828983113821,0.0004623228738549141,3.4067164570851978e-06,2.095921236186108,3.9863137138648344e-11,2.2204460492503132e-17,4.018976471667395,,5,2024
12,True,Replace + Select,1.5346303731446034,9.629391624306483e-05,0.00019157416581490897,1.4116516840108361e-06,2.0676379085312955,3.9863137138648344e-11,2.2204460492503132e-17,4.019380425884131,,5,2024
13,True,Replace + Select,1.535249692288518,5.147482352155118e-05,0.00010186572542821603,7.506175074913765e-07,2.0218679108355726,3.9863137138648344e-11,2.2204460492503132e-17,4.019416939166189,,5,2024
14,True,Replace + Select,1.5356688406954908,3.5004979643819007e-05,7.055746966541072e-05,5.199165056991684e-07,2.086486596757361,3.9863137138648344e-11,2.2204460492503132e-17,4.019369992877465,,5,2024
15,True,Replace + Select,1.5359834374400831,2.8757737360623964e-05,5.6170330102562255e-05,4.1390205586141574e-07,2.014320812339257,3.9863137138648344e-11,2.2204460492503132e-17,4.019378438861726,,5,2024
16,True,Replace + Select,1.536388324123782,2.481623627334887e-05,4.8719312903109245e-05,3.5899777932465223e-07,2.0119215866319813,3.9863137138648344e-11,2.2204460492503132e-17,4.019279150919208,,5,2024
17,True,Replace + Select,1.5366852190335916,2.3179015195549378e-05,4.6197237587282576e-05,3.404133744199289e-07,2.0636783824184715,3.9863137138648344e-11,2.2204460492503132e-17,4.019377291973959,,5,2024
18,True,Replace + Select,1.536338731852981,2.211737640211472e-05,4.3979097744287755e-05,3.240685774510075e-07,1.9700022767585845,3.9863137138648344e-11,2.2204460492503132e-17,4.019194169752606,,5,2024
19,True,Replace + Select,1.5365340588884489,2.2380616240346772e-05,4.4430510986524855e-05,3.2739490415522744e-07,1.9574498153290403,3.9863137138648344e-11,2.2204460492503132e-17,4.019392081029244,,5,2024
20,True,Replace + Select,1.5364350961164193,2.18111295526378e-05,4.465837799651105e-05,3.2907398675495705e-07,1.979189095675876,3.9863137138648344e-11,2.2204460492503132e-17,4.019393003748772,,5,2024
21,True,Replace + Select,1.5361007491406464,2.0877038008668692e-05,4.170459045440527e-05,3.0730842593266715e-07,2.1041844375604004,3.9863137138648344e-11,2.2204460492503132e-17,4.019296522479334,,5,2024
22,True,Replace + Select,1.5357856403592527,2.1364669694002995e-05,4.238638098258535e-05,3.123323326956381e-07,1.9970380083785382,3.9863137138648344e-11,2.2204460492503132e-17,4.0192086997499885,,5,2024
23,True,Replace + Select,1.5360343612489398,2.136639579095407e-05,4.2807963805890666e-05,3.154388481275987e-07,1.961009247285888,3.9863137138648344e-11,2.2204460492503132e-17,4.019239307545892,,5,2024
24,True,Replace + Select,1.53629073268316,2.1872809991200706e-05,4.321597922879205e-05,3.184453895179322e-07,2.0415287472880985,3.9863137138648344e-11,2.2204460492503132e-17,4.0192756416422455,,5,2024
25,True,Replace + Select,1.536383021073951,2.233804342590449e-05,4.494244518312568e-05,3.3116719134050745e-07,2.076752716099062,3.9863137138648344e-11,2.2204460492503132e-17,4.019279169322668,,5,2024
26,True,Replace + Select,1.5363886791724644,2.1943220681858197e-05,4.44157965010728e-05,3.2728647759322524e-07,2.0962193066483454,3.9863137138648344e-11,2.2204460492503132e-17,4.01924754453952,,5,2024
27,True,Replace + Select,1.5363376956860206,2.37383528806474e-05,4.73093053997995e-05,3.486078634503052e-07,1.9649337151220654,3.9863137138648344e-11,2.2204460492503132e-17,4.019358276264166,,5,2024
28,True,Replace + Select,1.536854399648106,2.349757191816011e-05,4.686624112592969e-05,3.453430577513069e-07,2.036260604802104,3.9863137138648344e-11,2.2204460492503132e-17,4.0194883070047815,,5,2024
29,True,Replace + Select,1.5369794918665327,2.1696633676742586e-05,4.370365906111705e-05,3.2203895367952615e-07,1.9769883842465337,3.9863137138648344e-11,2.2204460492503132e-17,4.019600805401759,,5,2024
30,True,Replace + Select,1.5363735275996038,2.2124076920158723e-05,4.453596828168517e-05,3.2817198684626274e-07,2.0770556648810263,3.9863137138648344e-11,2.2204460492503132e-17,4.019420639174642,,5,2024
31,True,Replace + Select,1.5363527012311986,2.190626120485776e-05,4.400797788797016e-05,3.2428138643436034e-07,2.018798424411172,3.9863137138648344e-11,2.2204460492503132e-17,4.019279003066283,,5,2024
32,True,Replace + Select,1.5364957586457892,2.135687073263838e-05,4.312239929034364e-05,3.1775582745126e-07,2.0092404584665697,3.9863137138648344e-11,2.2204460492503132e-17,4.0193503897504055,,5,2024
33,True,Replace + Select,1.5361286804005978,2.297991576714125e-05,4.592758609241531e-05,3.3842639467656835e-07,1.9071345955211003,3.9863137138648344e-11,2.2204460492503132e-17,4.0192641102121325,,5,2024
34,True,Replace + Select,1.5358065511126007,2.324191024928874e-05,4.644085273732726e-05,3.422085002676561e-07,2.132595650705908,3.9863137138648344e-11,2.2204460492503132e-17,4.01925238097646,,5,2024
35,True,Replace + Select,1.5362058372998817,2.322272328525074e-05,4.663041135673336e-05,3.4360530000401477e-07,2.137974216217661,3.9863137138648344e-11,2.2204460492503132e-17,4.0193243724029,,5,2024
36,True,Replace + Select,1.5360467119332861,2.298363599550916e-05,4.5741145420476274e-05,3.3705257014552415e-07,2.0573260880967217,3.9863137138648344e-11,2.2204460492503132e-17,4.019322706037569,,5,2024
37,True,Replace + Select,1.5360845605236724,2.244985849120758e-05,4.4906253416617145e-05,3.309005052353023e-07,2.069285622341841,3.9863137138648344e-11,2.2204460492503132e-17,4.019382502745704,,5,2024
38,True,Replace + Select,1.536209721472178,2.2776722110214103e-05,4.474542750269698e-05,3.2971542805512904e-07,2.0013998937014823,3.9863137138648344e-11,2.2204460492503132e-17,4.01936801280868,,5,2024
39,True,Replace + Select,1.535805283369837,2.247703116603345e-05,4.452871913056648e-05,3.281185700593968e-07,2.083228032533669,3.9863137138648344e-11,2.2204460492503132e-17,4.019216626190146,,5,2024
40,True,Replace + Select,1.535455163388997,2.1993809590093286e-05,4.3488048575412546e-05,3.204501856745059e-07,2.0357326024684363,3.9863137138648344e-11,2.2204460492503132e-17,4.019240530133997,,5,2024
41,True,Replace + Select,1.5356434596733468,2.2003694768853942e-05,4.4157106941949346e-05,3.253802730159052e-07,1.9755536330354888,3.9863137138648344e-11,2.2204460492503132e-17,4.0192435987081625,,5,2024
42,True,Replace + Select,1.535433929140756,2.109364860331893e-05,4.1815628820861726e-05,3.0812663383836934e-07,2.0619063785773903,3.9863137138648344e-11,2.2204460492503132e-17,4.019297564571532,,5,2024
43,True,Replace + Select,1.5357485961092805,2.098252692579451e-05,4.1535695541987905e-05,3.060638907599801e-07,2.0446076524877075,3.9863137138648344e-11,2.2204460492503132e-17,4.01925016024247,,5,2024
44,True,Replace + Select,1.535505605911632,2.1705775844279114e-05,4.3469361817880466e-05,3.2031248864930085e-07,2.044933058344657,3.9863137138648344e-11,2.2204460492503132e-17,4.019076755891731,,5,2024
45,True,Replace + Select,1.5362434329604306,2.2559946635486712e-05,4.468928303688252e-05,3.2930171658532967e-07,2.0098192945014848,3.9863137138648344e-11,2.2204460492503132e-17,4.019263368313854,,5,2024
46,True,Replace + Select,1.5361769435432948,2.2394799753482453e-05,4.421072593994686e-05,3.257753750824923e-07,2.009791999150827,3.9863137138648344e-11,2.2204460492503132e-17,4.019299721065125,,5,2024
47,True,Replace + Select,1.5363007424262798,2.3783059918488156e-05,4.769860957524603e-05,3.5147652735665103e-07,1.9864655375932063,3.9863137138648344e-11,2.2204460492503132e-17,4.019342038335824,,5,2024
48,True,Replace + Select,1.5362497406545073,2.372126331089547e-05,4.739880938036168e-05,3.4926739102464603e-07,2.0397267655276714,3.9863137138648344e-11,2.2204460492503132e-17,4.019414294307376,,5,2024
49,True,Replace + Select,1.536415758659098,2.390878845372435e-05,4.7305671497519104e-05,3.4858108633110527e-07,2.0569432591030337,3.9863137138648344e-11,2.2204460492503132e-17,4.019360696647628,,5,2024
50,True,Replace + Select,1.5363692983687705,2.338468279056017e-05,4.688627902429668e-05,3.454907109218348e-07,2.0879782665796878,3.9863137138648344e-11,2.2204460492503132e-17,4.019308696448262,,5,2024
51,True,Replace + Select,1.5363769292576113,2.3332740459650954e-05,4.684592218102901e-05,3.45193333634465e-07,2.074738845434964,3.9863137138648344e-11,2.2204460492503132e-17,4.019324603809318,,5,2024
52,True,Replace + Select,1.5366871881152668,2.2615686112192725e-05,4.514592857264599e-05,3.3266659846705134e-07,2.0843501952134833,3.9863137138648344e-11,2.2204460492503132e-17,4.019361875179889,,5,2024
53,True,Replace + Select,1.536550257963288,2.2057681585605564e-05,4.438519352291691e-05,3.2706097356732626e-07,2.07660622087488,3.9863137138648344e-11,2.2204460492503132e-17,4.0194546091883785,,5,2024
54,True,Replace + Select,1.5360296260240152,2.2589695152112804e-05,4.524692265838747e-05,3.334107931271489e-07,2.043092384113411,3.9863137138648344e-11,2.2204460492503132e-17,4.019388287106825,,5,2024
55,True,Replace + Select,1.5361299686714724,2.2913238720465246e-05,4.607484976820886e-05,3.395115358543639e-07,1.986440841573175,3.9863137138648344e-11,2.2204460492503132e-17,4.019396031199014,,5,2024
56,True,Replace + Select,1.5360419046492084,2.3649284638264337e-05,4.779028443008543e-05,3.521520514424013e-07,2.1516475378506805,3.9863137138648344e-11,2.2204460492503132e-17,4.019394471456846,,5,2024
57,True,Replace + Select,1.5356578907035725,2.368126642545147e-05,4.756375408631521e-05,3.5048281832893577e-07,2.076548475372022,3.9863137138648344e-11,2.2204460492503132e-17,4.019327730661026,,5,2024
58,True,Replace + Select,1.5361410554475385,2.3333863759428547e-05,4.664245409968882e-05,3.4369403930923825e-07,2.1312909333599785,3.9863137138648344e-11,2.2204460492503132e-17,4.019373638327204,,5,2024
59,True,Replace + Select,1.5358790205850137,2.2735318273905717e-05,4.585869403130892e-05,3.379187500593407e-07,2.1057961390721225,3.9863137138648344e-11,2.2204460492503132e-17,4.019175424919626,,5,2024
60,True,Replace + Select,1.5357810401045568,2.2620486384395118e-05,4.520305373143272e-05,3.330875363646935e-07,1.9716539067771262,3.9863137138648344e-11,2.2204460492503132e-17,4.019241323325569,,5,2024
61,True,Replace + Select,1.5360026914105893,2.2592562680055385e-05,4.554414096637597e-05,3.3560090432093164e-07,2.0707365647889384,3.9863137138648344e-11,2.2204460492503132e-17,4.0194069657943,,5,2024
62,True,Replace + Select,1.5361055672171957,2.2841419492229765e-05,4.571174294458562e-05,3.368359122552049e-07,2.0337584660606645,3.9863137138648344e-11,2.2204460492503132e-17,4.019444509292128,,5,2024
63,True,Replace + Select,1.5363665834837579,2.159400269961862e-05,4.308626513137461e-05,3.1748956583846916e-07,1.9974117353856657,3.9863137138648344e-11,2.2204460492503132e-17,4.019470149739518,,5,2024
64,True,Replace + Select,1.5360034631542125,2.246148905714805e-05,4.4818311537244085e-05,3.3025248830888645e-07,2.002857486142644,3.9863137138648344e-11,2.2204460492503132e-17,4.019385083301196,,5,2024
65,True,Replace + Select,1.535759962779012,2.1652428383866342e-05,4.341805341093892e-05,3.1993441262451506e-07,2.0237424603103484,3.9863137138648344e-11,2.2204460492503132e-17,4.01935929995341,,5,2024
66,True,Replace + Select,1.5359165600313716,2.134420100449399e-05,4.2979969620654915e-05,3.167063065922552e-07,2.0666232593355836,3.9863137138648344e-11,2.2204460492503132e-17,4.019399689263805,,5,2024
67,True,Replace + Select,1.535845437834779,2.2340230352836882e-05,4.435044815168539e-05,3.26804945508418e-07,2.0961010007686904,3.9863137138648344e-11,2.2204460492503132e-17,4.019334223975857,,5,2024
68,True,Replace + Select,1.536091249751589,2.124748506877032e-05,4.267158815406906e-05,3.144339374825066e-07,2.0394654103059215,3.9863137138648344e-11,2.2204460492503132e-17,4.0193649745475275,,5,2024
69,True,Replace + Select,1.5355022339899618,2.199983216009533e-05,4.445175560405588e-05,3.2755144927176894e-07,2.0194486330666033,3.9863137138648344e-11,2.2204460492503132e-17,4.019341932185533,,5,2024
70,True,Replace + Select,1.5360546139730777,2.1771934488339763e-05,4.317637789502421e-05,3.181535793499763e-07,2.1025678618724344,3.9863137138648344e-11,2.2204460492503132e-17,4.019448095309624,,5,2024
71,True,Replace + Select,1.5361878529704156,2.2546958393449963e-05,4.530512343767144e-05,3.3383965694465514e-07,1.96438963800223,3.9863137138648344e-11,2.2204460492503132e-17,4.019390246332488,,5,2024
72,True,Replace + Select,1.5362255543095138,2.15234591109074e-05,4.2654945423684586e-05,3.1431130227084405e-07,2.0672410836971817,3.9863137138648344e-11,2.2204460492503132e-17,4.019450701213135,,5,2024
73,True,Replace + Select,1.5361111280225472,2.1673076113393302e-05,4.345581890556528e-05,3.2021269505294185e-07,2.042697875323465,3.9863137138648344e-11,2.2204460492503132e-17,4.019350004518188,,5,2024
74,True,Replace + Select,1.535974812134226,2.1691003271350943e-05,4.387654277872645e-05,3.233128811428833e-07,2.0214715279737216,3.9863137138648344e-11,2.2204460492503132e-17,4.019185388268287,,5,2024
75,True,Replace + Select,1.5355347137291953,2.1777550065431916e-05,4.359559734101268e-05,3.2124267977425525e-07,1.9847961663229459,3.9863137138648344e-11,2.2204460492503132e-17,4.019119506616861,,5,2024
76,True,Replace + Select,1.5355682751346544,2.191903961969875e-05,4.3942251713001415e-05,3.2379707026791095e-07,2.0478329774912734,3.9863137138648344e-11,2.2204460492503132e-17,4.019135872482261,,5,2024
77,True,Replace + Select,1.5356771043710111,2.1962413887130766e-05,4.355094964921488e-05,3.2091368453084413e-07,1.9638181829963188,3.9863137138648344e-11,2.2204460492503132e-17,4.019167609164832,,5,2024
78,True,Replace + Select,1.5358652556409813,2.092245264923843e-05,4.116717722835855e-05,3.0334839153903436e-07,1.9823027445555659,3.9863137138648344e-11,2.2204460492503132e-17,4.019208216646065,,5,2024
79,True,Replace + Select,1.5362066711246658,2.1229262255160096e-05,4.249877195578903e-05,3.131605075485245e-07,2.046399268361019,3.9863137138648344e-11,2.2204460492503132e-17,4.019383798043159,,5,2024
80,True,Replace + Select,1.536057639341956,2.0800094660028613e-05,4.1326293138809515e-05,3.0452086822442435e-07,2.070352421946663,3.9863137138648344e-11,2.2204460492503132e-17,4.019322077470702,,5,2024
81,True,Replace + Select,1.5359899771420618,2.2025651730045857e-05,4.413555945959012e-05,3.2522149618068216e-07,2.0426421927979916,3.9863137138648344e-11,2.2204460492503132e-17,4.019392130817121,,5,2024
82,True,Replace + Select,1.535838277817804,2.2102836634713984e-05,4.4800182148819714e-05,3.301188983668894e-07,1.9865649503888956,3.9863137138648344e-11,2.2204460492503132e-17,4.019324142838533,,5,2024
83,True,Replace + Select,1.535842366695043,2.1401349048057297e-05,4.327024890938705e-05,3.1884528626641486e-07,2.121658996438036,3.9863137138648344e-11,2.2204460492503132e-17,4.019285194292622,,5,2024
84,True,Replace + Select,1.5356023588202383,2.163053205815973e-05,4.31170563906724e-05,3.177164572507618e-07,1.9827370551720047,3.9863137138648344e-11,2.2204460492503132e-17,4.01920259784846,,5,2024
85,True,Replace + Select,1.5354229786350972,2.2268071832681155e-05,4.483216912398737e-05,3.303546006452721e-07,2.039420253856709,3.9863137138648344e-11,2.2204460492503132e-17,4.019132636759562,,5,2024
86,True,Replace + Select,1.5358954061576204,2.2621606682396082e-05,4.467897754151962e-05,3.292257785285373e-07,2.0436809112060703,3.9863137138648344e-11,2.2204460492503132e-17,4.019377788924247,,5,2024
87,True,Replace + Select,1.5365433513252444,2.2404629121030134e-05,4.458290985558953e-05,3.285178850083157e-07,2.047221628977284,3.9863137138648344e-11,2.2204460492503132e-17,4.01943991013105,,5,2024
88,True,Replace + Select,1.5365091689327521,2.2815671401117788e-05,4.56804620890378e-05,3.366054131572522e-07,2.0949168820722486,3.9863137138648344e-11,2.2204460492503132e-17,4.019485776522812,,5,2024
89,True,Replace + Select,1.5356275149731204,2.1725227168299948e-05,4.3140959703865535e-05,3.178925934859321e-07,2.0615946827603837,3.9863137138648344e-11,2.2204460492503132e-17,4.01932925667378,,5,2024
90,True,Replace + Select,1.5357132261335318,2.145873819463451e-05,4.324151557602799e-05,3.186335590836237e-07,1.9955854173668879,3.9863137138648344e-11,2.2204460492503132e-17,4.01927916747415,,5,2024
91,True,Replace + Select,1.5357547518465606,2.066059788793628e-05,4.1250051137574555e-05,3.039590641368123e-07,1.9741961419724618,3.9863137138648344e-11,2.2204460492503132e-17,4.019287723644608,,5,2024
92,True,Replace + Select,1.5355818201865086,2.0411928076327904e-05,4.040429138902714e-05,2.9772691812575226e-07,2.039396808790534,3.9863137138648344e-11,2.2204460492503132e-17,4.01932728940469,,5,2024
93,True,Replace + Select,1.5362185547788207,2.1757633804601733e-05,4.372953736403618e-05,3.2222964301250445e-07,2.0093627406281254,3.9863137138648344e-11,2.2204460492503132e-17,4.019459640824567,,5,2024
94,True,Replace + Select,1.5359903211225894,2.1185523057068894e-05,4.261166557994292e-05,3.1399238628318074e-07,2.030066674426352,3.9863137138648344e-11,2.2204460492503132e-17,4.019342191047936,,5,2024
95,True,Replace + Select,1.5358869835162279,2.128966457440298e-05,4.209963394956486e-05,3.1021938113806966e-07,2.0477988533310256,3.9863137138648344e-11,2.2204460492503132e-17,4.019338072082263,,5,2024
96,True,Replace + Select,1.5359446936791803,2.1578783227137995e-05,4.321323143459108e-05,3.184251418593055e-07,1.9858134718677676,3.9863137138648344e-11,2.2204460492503132e-17,4.019427128499555,,5,2024
97,True,Replace + Select,1.5361986271217547,2.138299107508269e-05,4.245124209412866e-05,3.1281027447316043e-07,2.039326352658445,3.9863137138648344e-11,2.2204460492503132e-17,4.0193935451470715,,5,2024
98,True,Replace + Select,1.5357656400783197,2.2190385815763685e-05,4.480881915603277e-05,3.301825418426433e-07,2.066250090570899,3.9863137138648344e-11,2.2204460492503132e-17,4.019305512457837,,5,2024
99,True,Replace + Select,1.535935892267753,2.337830903443863e-05,4.7327638815146685e-05,3.487429568045601e-07,2.032902458015219,3.9863137138648344e-11,2.2204460492503132e-17,4.019351049023445,,5,2024
100,True,Replace + Select,1.536174738627511,2.3625274483754348e-05,4.7470485055181484e-05,3.4979554724357874e-07,2.12713725902784,3.9863137138648344e-11,2.2204460492503132e-17,4.019417876064719,,5,2024
101,True,Replace + Select,1.5360660409346667,2.3943223175631124e-05,4.797070860213773e-05,3.5348154221810415e-07,2.109728422695704,3.9863137138648344e-11,2.2204460492503132e-17,4.019356557094705,,5,2024
102,True,Replace + Select,1.5361090853958588,2.2816072213492242e-05,4.5062823633937294e-05,3.3205422348330173e-07,2.103649533348712,3.9863137138648344e-11,2.2204460492503132e-17,4.019323160341216,,5,2024
103,True,Replace + Select,1.5358100309261624,2.0527659630695296e-05,4.105042991373385e-05,3.0248811613293954e-07,2.0228951772975954,3.9863137138648344e-11,2.2204460492503132e-17,4.019319501309267,,5,2024
104,True,Replace + Select,1.5362735423541931,2.178774144569917e-05,4.3636833822481235e-05,3.215465388476337e-07,2.0385326412011784,3.9863137138648344e-11,2.2204460492503132e-17,4.019446052140203,,5,2024
105,True,Replace + Select,1.5365878209879633,2.3371149562332358e-05,4.707022467857529e-05,3.468461504275965e-07,2.151063838894931,3.9863137138648344e-11,2.2204460492503132e-17,4.019500908445976,,5,2024
106,True,Replace + Select,1.535345717827535,2.2180607310469425e-05,4.406256077995188e-05,3.246835911421633e-07,2.0354887099137553,3.9863137138648344e-11,2.2204460492503132e-17,4.019253454894422,,5,2024
107,True,Replace + Select,1.5357321541277251,2.108306158113752e-05,4.2576097773681025e-05,3.137302979510061e-07,2.073471106413739,3.9863137138648344e-11,2.2204460492503132e-17,4.019303957088111,,5,2024
108,True,Replace + Select,1.5357015288033387,2.262703910663729e-05,4.5054974945095676e-05,3.319963888855447e-07,2.0625809192663263,3.9863137138648344e-11,2.2204460492503132e-17,4.019233370853067,,5,2024
109,True,Replace + Select,1.5360823165369708,2.2365567507542584e-05,4.457965069435219e-05,3.284938692417347e-07,1.9908347442798942,3.9863137138648344e-11,2.2204460492503132e-17,4.019270197995005,,5,2024
110,True,Replace + Select,1.5359057702508034,2.161337385987143e-05,4.319864856825186e-05,3.183176851584612e-07,2.078462044344357,3.9863137138648344e-11,2.2204460492503132e-17,4.019253185410092,,5,2024
111,True,Replace + Select,1.5360230875675553,2.1837024571837896e-05,4.392282335844821e-05,3.236539086401104e-07,2.0560369481185212,3.9863137138648344e-11,2.2204460492503132e-17,4.0192748166247405,,5,2024
112,True,Replace + Select,1.5360238137539228,2.127790593097435e-05,4.221249367896609e-05,3.110510101126162e-07,2.1349187054733125,3.9863137138648344e-11,2.2204460492503132e-17,4.019319322846236,,5,2024
113,True,Replace + Select,1.5354961254423118,2.1362569376638153e-05,4.262866577407598e-05,3.14117655536341e-07,2.0060071599918157,3.9863137138648344e-11,2.2204460492503132e-17,4.019214582888595,,5,2024
114,True,Replace + Select,1.5353415245900897,2.2483203719648357e-05,4.510445938200656e-05,3.323610246306643e-07,2.1532567820187665,3.9863137138648344e-11,2.2204460492503132e-17,4.019078708434027,,5,2024
115,True,Replace + Select,1.5357809080271434,2.120674545267333e-05,4.227572082624754e-05,3.1151691170511633e-07,1.9634038389867747,3.9863137138648344e-11,2.2204460492503132e-17,4.0191678338343175,,5,2024
116,True,Replace + Select,1.5357546637595985,2.155512498366884e-05,4.2538473468350855e-05,3.1345305590350374e-07,2.1126630790498258,3.9863137138648344e-11,2.2204460492503132e-17,4.019246795726379,,5,2024
117,True,Replace + Select,1.536224774622714,2.131727979756555e-05,4.26369105110307e-05,3.141784084920271e-07,2.015325022253619,3.9863137138648344e-11,2.2204460492503132e-17,4.01923022907677,,5,2024
118,True,Replace + Select,1.5360219184365769,2.3474345857301463e-05,4.729991689567736e-05,3.4853868242269645e-07,1.993782334670545,3.9863137138648344e-11,2.2204460492503132e-17,4.019264026562723,,5,2024
119,True,Replace + Select,1.535804418301463,2.1442053219677697e-05,4.34149922421514e-05,3.199118558039983e-07,2.0770480241944633,3.9863137138648344e-11,2.2204460492503132e-17,4.019292315437852,,5,2024
120,True,Replace + Select,1.53615376382762,2.16820623206585e-05,4.383559612850688e-05,3.230111577477106e-07,2.08484065895159,3.9863137138648344e-11,2.2204460492503132e-17,4.019260619411211,,5,2024
121,True,Replace + Select,1.5361868425390712,2.169683352037204e-05,4.336097666456557e-05,3.1951383146320315e-07,2.1040608740056754,3.9863137138648344e-11,2.2204460492503132e-17,4.019309454704107,,5,2024
122,True,Replace + Select,1.5366716839208927,2.2360239521381803e-05,4.4843241907148546e-05,3.3043619261217257e-07,1.9900402917887003,3.9863137138648344e-11,2.2204460492503132e-17,4.019367401806385,,5,2024
123,True,Replace + Select,1.536273362356186,2.33163325302167e-05,4.554057192447167e-05,3.3557460513808994e-07,2.091718960273785,3.9863137138648344e-11,2.2204460492503132e-17,4.01935230705009,,5,2024
124,True,Replace + Select,1.5365096588739713,2.2385986184354933e-05,4.4572527350159464e-05,3.284413794877918e-07,2.0657117063197923,3.9863137138648344e-11,2.2204460492503132e-17,4.019337474714897,,5,2024
125,True,Replace + Select,1.5362958020889195,2.3516253713782276e-05,4.712858314327746e-05,3.472761761809264e-07,2.0276895959863044,3.9863137138648344e-11,2.2204460492503132e-17,4.019328202372778,,5,2024
126,True,Replace + Select,1.53605893073031,2.1895762102436523e-05,4.401165100759187e-05,3.243084525342048e-07,1.9956418073582842,3.9863137138648344e-11,2.2204460492503132e-17,4.019288636796539,,5,2024
127,True,Replace + Select,1.5361265473676138,2.187612928999631e-05,4.3858851660809054e-05,3.2318252068277695e-07,2.0614277130790413,3.9863137138648344e-11,2.2204460492503132e-17,4.019351178152915,,5,2024
128,True,Replace + Select,1.5364811198540058,2.2489499377310175e-05,4.498167394724438e-05,3.314562561561848e-07,2.004183901535721,3.9863137138648344e-11,2.2204460492503132e-17,4.019494882611665,,5,2024
129,True,Replace + Select,1.5366734927204808,2.2838495414133024e-05,4.529443233945305e-05,3.3376087749785595e-07,2.1471385375256764,3.9863137138648344e-11,2.2204460492503132e-17,4.019532186844745,,5,2024
130,True,Replace + Select,1.5362245660735754,2.2844720336613966e-05,4.5799545638579004e-05,3.374829035669468e-07,1.9696711982175534,3.9863137138648344e-11,2.2204460492503132e-17,4.019410307179125,,5,2024
131,True,Replace + Select,1.5362261150538201,2.2819010496804793e-05,4.5238857354405796e-05,3.3335136235839485e-07,1.9795235772584423,3.9863137138648344e-11,2.2204460492503132e-17,4.019469094734128,,5,2024
132,True,Replace + Select,1.5360885981438654,2.389630305444472e-05,4.800461596119591e-05,3.5373139522052356e-07,2.086221792149498,3.9863137138648344e-11,2.2204460492503132e-17,4.019393899938516,,5,2024
133,True,Replace + Select,1.536282755378876,2.2672692296170666e-05,4.5308773400227426e-05,3.3386655240713475e-07,2.050992142902596,3.9863137138648344e-11,2.2204460492503132e-17,4.019376269707873,,5,2024
134,True,Replace + Select,1.5359264550307097,2.2940983100619643e-05,4.628132288618745e-05,3.410329733793956e-07,2.07084777663736,3.9863137138648344e-11,2.2204460492503132e-17,4.019240641983627,,5,2024
135,True,Replace + Select,1.5357581201080197,2.2540089111825098e-05,4.531990469617222e-05,3.339485755369177e-07,2.079898932143029,3.9863137138648344e-11,2.2204460492503132e-17,4.019237135861905,,5,2024
136,True,Replace + Select,1.5356346779213508,2.269909861388933e-05,4.531242617831077e-05,3.3389346861637795e-07,2.0745871168445307,3.9863137138648344e-11,2.2204460492503132e-17,4.019091435777987,,5,2024
137,True,Replace + Select,1.5356412869087996,2.210637305303499e-05,4.4450983311177e-05,3.2754575848074616e-07,1.9896619820686365,3.9863137138648344e-11,2.2204460492503132e-17,4.01917899974737,,5,2024
138,True,Replace + Select,1.5357623532757283,2.1710469213241537e-05,4.305492935187547e-05,3.172586620226462e-07,2.062264116599597,3.9863137138648344e-11,2.2204460492503132e-17,4.0192755466538115,,5,2024
139,True,Replace + Select,1.5354766508502793,2.2205429613618482e-05,4.449901077825528e-05,3.2789965825888916e-07,1.9917059312052294,3.9863137138648344e-11,2.2204460492503132e-17,4.019154051127019,,5,2024
140,True,Replace + Select,1.5357339319146797,2.266272060270996e-05,4.4769483157107745e-05,3.2989268684633653e-07,2.09518524168196,3.9863137138648344e-11,2.2204460492503132e-17,4.019304778856748,,5,2024
141,True,Replace + Select,1.5354970366417395,2.209801453068035e-05,4.4026494121612816e-05,3.244178269209573e-07,1.9943368425681598,3.9863137138648344e-11,2.2204460492503132e-17,4.0192760274029995,,5,2024
142,True,Replace + Select,1.5360860122976485,2.1955032089008702e-05,4.439931220517457e-05,3.2716500983704064e-07,1.9991368732493928,3.9863137138648344e-11,2.2204460492503132e-17,4.01944089559715,,5,2024
143,True,Replace + Select,1.535882402811095,2.2411607198756816e-05,4.445852722236779e-05,3.276013472648142e-07,1.9630315471653565,3.9863137138648344e-11,2.2204460492503132e-17,4.019267656881402,,5,2024
144,True,Replace + Select,1.5361575101565494,2.335411300191961e-05,4.622198572934175e-05,3.4059573594172054e-07,1.9910513482295897,3.9863137138648344e-11,2.2204460492503132e-17,4.019399105238636,,5,2024
145,True,Replace + Select,1.5362367441856577,2.2118845603883204e-05,4.41600418065244e-05,3.254018991391463e-07,2.047264457383751,3.9863137138648344e-11,2.2204460492503132e-17,4.019388564133719,,5,2024
146,True,Replace + Select,1.5366426874217989,2.2639107810627624e-05,4.502944142726636e-05,3.3180824016888897e-07,1.9812363322988076,3.9863137138648344e-11,2.2204460492503132e-17,4.019457274481095,,5,2024
147,True,Replace + Select,1.5363908084540945,2.3075047718016663e-05,4.5586510635285026e-05,3.359131135074471e-07,2.0713261903522877,3.9863137138648344e-11,2.2204460492503132e-17,4.019455985663762,,5,2024
148,True,Replace + Select,1.5358491437388475,2.273576322896286e-05,4.5777437391704086e-05,3.3731999462878833e-07,2.0764312514556376,3.9863137138648344e-11,2.2204460492503132e-17,4.019254684038694,,5,2024
149,True,Replace + Select,1.53549934683174,2.2323376318329698e-05,4.465044144830396e-05,3.290155047482934e-07,2.0984854631776924,3.9863137138648344e-11,2.2204460492503132e-17,4.019190012465238,,5,2024
150,True,Replace + Select,1.5354621038267948,2.3582468302413123e-05,4.7442665401255794e-05,3.495905526862711e-07,2.1316803370525115,3.9863137138648344e-11,2.2204460492503132e-17,4.019216424824511,,5,2024
151,True,Replace + Select,1.5353940808697173,2.338764599779862e-05,4.666297364876804e-05,3.438452416171779e-07,2.049304868523822,3.9863137138648344e-11,2.2204460492503132e-17,4.019259463565333,,5,2024
152,True,Replace + Select,1.5354092010642644,2.4540532468415685e-05,4.931065349339937e-05,3.6335518804182517e-07,2.021685741666301,3.9863137138648344e-11,2.2204460492503132e-17,4.019248178197483,,5,2024
153,True,Replace + Select,1.5358255886010876,2.46814307259341e-05,5.0134879302525294e-05,3.694286570114458e-07,2.054602687999844,3.9863137138648344e-11,2.2204460492503132e-17,4.0193054301022375,,5,2024
154,True,Replace + Select,1.534923091971051,2.5439576962620365e-05,5.1278970772506495e-05,3.77859118620877e-07,2.0362237330908206,3.9863137138648344e-11,2.2204460492503132e-17,4.0192391922294215,,5,2024
155,True,Replace + Select,1.5354389737665717,2.386513289415139e-05,4.77245786942522e-05,3.5166788588571676e-07,2.028266718399678,3.9863137138648344e-11,2.2204460492503132e-17,4.0192353635000835,,5,2024
156,True,Replace + Select,1.5357037674880947,2.336638103408011e-05,4.69124414986313e-05,3.4568349422742954e-07,2.107201987329292,3.9863137138648344e-11,2.2204460492503132e-17,4.019326201428802,,5,2024
157,True,Replace + Select,1.535961167891139,2.3653351381644625e-05,4.7496872450261884e-05,3.4998998792164954e-07,2.037128721209349,3.9863137138648344e-11,2.2204460492503132e-17,4.019318551578837,,5,2024
158,True,Replace + Select,1.5360118835323142,2.4107225345723935e-05,4.8269148719009e-05,3.5568065654944234e-07,2.0066544929658736,3.9863137138648344e-11,2.2204460492503132e-17,4.019253042347601,,5,2024
159,True,Replace + Select,1.5358005409361457,2.2696418829784925e-05,4.5735000205982755e-05,3.370072879314454e-07,2.0924302631511407,3.9863137138648344e-11,2.2204460492503132e-17,4.01923943486914,,5,2024
160,True,Replace + Select,1.5355706818654555,2.204931785834475e-05,4.4436073576562865e-05,3.274358931871317e-07,2.1218325102714957,3.9863137138648344e-11,2.2204460492503132e-17,4.019114959576413,,5,2024
161,True,Replace + Select,1.5357173366608567,2.2179886583013244e-05,4.446219777928644e-05,3.2762839448088027e-07,1.9587883790196912,3.9863137138648344e-11,2.2204460492503132e-17,4.019102466959558,,5,2024
162,True,Replace + Select,1.5356764825953522,2.2716506299239035e-05,4.578091603855293e-05,3.3734562771799617e-07,1.9729078306498549,3.9863137138648344e-11,2.2204460492503132e-17,4.019105011683068,,5,2024
163,True,Replace + Select,1.535823083231712,2.3058742673248324e-05,4.631372890003469e-05,3.4127176342619e-07,2.055587490993015,3.9863137138648344e-11,2.2204460492503132e-17,4.019201033897853,,5,2024
164,True,Replace + Select,1.5356912669010727,2.2710793851892562e-05,4.5548756023118964e-05,3.35634911268556e-07,1.9695993218576102,3.9863137138648344e-11,2.2204460492503132e-17,4.019217966530332,,5,2024
165,True,Replace + Select,1.5362532290492854,2.263056628513127e-05,4.540812071731526e-05,3.3459861253054664e-07,1.9835950734401795,3.9863137138648344e-11,2.2204460492503132e-17,4.019245288249256,,5,2024
166,True,Replace + Select,1.536055451810627,2.2529094693042823e-05,4.525943311944173e-05,3.3350297890459897e-07,2.10020608449339,3.9863137138648344e-11,2.2204460492503132e-17,4.0192595248716,,5,2024
167,True,Replace + Select,1.5357155437989833,2.2650677260919453e-05,4.567674574657864e-05,3.365780285614821e-07,1.9629543250598798,3.9863137138648344e-11,2.2204460492503132e-17,4.019034657818272,,5,2024
168,True,Replace + Select,1.5359857422084393,2.1145737160405632e-05,4.2908682171771494e-05,3.1618101109201354e-07,1.9925908107654244,3.9863137138648344e-11,2.2204460492503132e-17,4.019148171547707,,5,2024
169,True,Replace + Select,1.5361458501756549,2.220468179565798e-05,4.409669591591984e-05,3.249351225632614e-07,1.9926367494738955,3.9863137138648344e-11,2.2204460492503132e-17,4.019285057757013,,5,2024
170,True,Replace + Select,1.5358400841060678,2.2166742062602356e-05,4.393958339968542e-05,3.2377740827971974e-07,2.1006758013653886,3.9863137138648344e-11,2.2204460492503132e-17,4.019188679395233,,5,2024
171,True,Replace + Select,1.5359260952143965,2.167771238095234e-05,4.34430042161879e-05,3.201182675096314e-07,1.9966280203160642,3.9863137138648344e-11,2.2204460492503132e-17,4.019157873079479,,5,2024
172,True,Replace + Select,1.535963198539684,2.0685834612708622e-05,4.126813684572739e-05,3.0409233221219124e-07,1.9896863812029477,3.9863137138648344e-11,2.2204460492503132e-17,4.01913534162357,,5,2024
173,True,Replace + Select,1.5360483641604255,2.0844363427904574e-05,4.156791916041701e-05,3.0630133679048673e-07,2.1249327973066823,3.9863137138648344e-11,2.2204460492503132e-17,4.019257789859652,,5,2024
174,True,Replace + Select,1.5359392385721797,2.1480288769488252e-05,4.254708781861417e-05,3.135165324270952e-07,2.011868852201277,3.9863137138648344e-11,2.2204460492503132e-17,4.019323197116021,,5,2024
175,True,Replace + Select,1.5359555402837097,2.1141520159911366e-05,4.237281922928576e-05,3.122324002658031e-07,2.010469543262567,3.9863137138648344e-11,2.2204460492503132e-17,4.019299700252755,,5,2024
176,True,Replace + Select,1.5361360043938879,2.028020029245585e-05,4.0114083972659625e-05,2.9558846805715875e-07,1.9591373938367727,3.9863137138648344e-11,2.2204460492503132e-17,4.019525309847288,,5,2024
177,True,Replace + Select,1.5362862461176647,2.1659477508600373e-05,4.383192689414456e-05,3.2298412027715936e-07,2.0070672932640283,3.9863137138648344e-11,2.2204460492503132e-17,4.01939125031958,,5,2024
178,True,Replace + Select,1.5363057514536456,2.2602128963846324e-05,4.5557992301406244e-05,3.3570297059034797e-07,2.081283727241495,3.9863137138648344e-11,2.2204460492503132e-17,4.019393205481492,,5,2024
179,True,Replace + Select,1.53610713340237,2.2577991724641333e-05,4.4881476360928316e-05,3.3071793065777936e-07,2.0582136563638502,3.9863137138648344e-11,2.2204460492503132e-17,4.01939034246077,,5,2024
180,True,Replace + Select,1.5361042936358769,2.3162210835860685e-05,4.594056126941924e-05,3.385220048043224e-07,2.0179485428111854,3.9863137138648344e-11,2.2204460492503132e-17,4.019359079350086,,5,2024
181,True,Replace + Select,1.5361483870600199,2.349522643161698e-05,4.698143974356614e-05,3.4619192128095076e-07,2.0919242843015406,3.9863137138648344e-11,2.2204460492503132e-17,4.019388146865314,,5,2024
182,True,Replace + Select,1.535899902404093,2.399318319262114e-05,4.822019595390064e-05,3.55319938531915e-07,2.0651829105738164,3.9863137138648344e-11,2.2204460492503132e-17,4.019225295660817,,5,2024
183,True,Replace + Select,1.536167996929875,2.394877775752056e-05,4.782114000150205e-05,3.523794167511114e-07,2.0836610823712305,3.9863137138648344e-11,2.2204460492503132e-17,4.019378382772858,,5,2024
184,True,Replace + Select,1.5362451770066474,2.381362456361356e-05,4.766372219629285e-05,3.512194528860903e-07,2.108525264568385,3.9863137138648344e-11,2.2204460492503132e-17,4.019450448820072,,5,2024
185,True,Replace + Select,1.5362506509021978,2.461127765855201e-05,4.906482976452104e-05,3.615437878492951e-07,2.005302643965574,3.9863137138648344e-11,2.2204460492503132e-17,4.019322185643835,,5,2024
186,True,Replace + Select,1.536122582007222,2.5046407986689348e-05,5.043819872286817e-05,3.716637254440752e-07,2.1511652905782706,3.9863137138648344e-11,2.2204460492503132e-17,4.01940256232609,,5,2024
187,True,Replace + Select,1.5360158550235217,2.460936005650355e-05,4.900627676658789e-05,3.611123286398311e-07,2.160321527724633,3.9863137138648344e-11,2.2204460492503132e-17,4.019376152783891,,5,2024
188,True,Replace + Select,1.536181156705837,2.4935688494940494e-05,4.961510180131311e-05,3.6559857490316175e-07,2.0117909004490775,3.9863137138648344e-11,2.2204460492503132e-17,4.0194262059977435,,5,2024
189,True,Replace + Select,1.5366902729160001,2.461478618557208e-05,4.894097492473079e-05,3.606311392548509e-07,1.9901949053274326,3.9863137138648344e-11,2.2204460492503132e-17,4.0194799626228095,,5,2024
190,True,Replace + Select,1.5366639125811898,2.3641771416358915e-05,4.7692584009375856e-05,3.514321267968388e-07,1.9551183955449027,3.9863137138648344e-11,2.2204460492503132e-17,4.019508208346572,,5,2024
191,True,Replace + Select,1.536333099464678,2.3016140031850035e-05,4.6118769678449394e-05,3.398351682971253e-07,2.1402557610991066,3.9863137138648344e-11,2.2204460492503132e-17,4.019355335797218,,5,2024
192,True,Replace + Select,1.5361713481983743,2.2922328946779858e-05,4.6241600586933356e-05,3.407402718536116e-07,2.138900191595053,3.9863137138648344e-11,2.2204460492503132e-17,4.019327066336448,,5,2024
193,True,Replace + Select,1.5362454924953233,2.296219387438609e-05,4.643035132517491e-05,3.4213111855970877e-07,1.9896333263113433,3.9863137138648344e-11,2.2204460492503132e-17,4.019203495279109,,5,2024
194,True,Replace + Select,1.5366407013769445,2.4176351753157635e-05,4.847491588726762e-05,3.5719689214598443e-07,2.09392727689618,3.9863137138648344e-11,2.2204460492503132e-17,4.01914255092823,,5,2024
195,True,Replace + Select,1.53652608308805,2.399704935671577e-05,4.8007793177858215e-05,3.5375480716248725e-07,2.1395160524211496,3.9863137138648344e-11,2.2204460492503132e-17,4.019228420077419,,5,2024
196,True,Replace + Select,1.5362109539889524,2.345997460192284e-05,4.7193782199084875e-05,3.4775660816681e-07,1.968042800487647,3.9863137138648344e-11,2.2204460492503132e-17,4.019317167862658,,5,2024
197,True,Replace + Select,1.5362702025241706,2.452377159692002e-05,4.9675802356352685e-05,3.660458588069048e-07,2.143423850620463,3.9863137138648344e-11,2.2204460492503132e-17,4.019369814497806,,5,2024
198,True,Replace + Select,1.5362291290422518,2.2138762313869144e-05,4.4606818502671754e-05,3.2869406054729025e-07,2.017778682818038,3.9863137138648344e-11,2.2204460492503132e-17,4.019442328280111,,5,2024
199,True,Replace + Select,1.5365341145136453,2.229566685898325e-05,4.478861468744602e-05,3.3003366126689504e-07,2.0692217726157724,3.9863137138648344e-11,2.2204460492503132e-17,4.0194233794963345,,5,2024
200,True,Replace + Select,1.536436041696763,2.2096327362364223e-05,4.4655939189057876e-05,3.2905601592557297e-07,2.0262853072309435,3.9863137138648344e-11,2.2204460492503132e-17,4.019264139705232,,5,2024
0,False,Accumulate,1.232595164407831e-32,68.7451084716512,140.5190469283611,1.035442061763535,0.08040909678019492,1.0,0.5,1.7999999999992888,,5,2024
1,False,Accumulate,0.7803930844919766,62.871251057122265,125.18398789064193,0.9224426820041731,0.34408561924854875,0.995832269462788,0.46201271411081235,2.0555207609975024,100.0,5,2024
2,False,Accumulate,0.8381074477693419,63.562340966161926,127.50875119299519,0.9395731547729507,0.3054777266488292,0.9913076159013299,0.4451684800585882,2.356801638065882,200.0,5,2024
3,False,Accumulate,1.0066449483841402,62.39752299799561,125.32658503517455,0.9234934369342981,0.34461713871637545,0.9901016391506239,0.4414965159201683,2.422670256571151,300.0,5,2024
4,False,Accumulate,1.1597529154332133,62.23220737826366,122.03386061924046,0.899230353511934,0.33753579975945036,0.9840288007872388,0.42573870518756246,2.445212924411981,400.0,5,2024
5,False,Accumulate,1.3257352349559313,61.5059717377945,122.55011151732322,0.9030344491557837,0.3573865477019054,0.9827294237454222,0.4227885832456463,2.1427648918052538,500.0,5,2024
6,False,Accumulate,1.1509246768825248,61.593018018969424,123.65820534843677,0.9111996551274739,0.33089977345209076,0.9865830761556263,0.43191535566321454,2.1132283090762805,600.0,5,2024
7,False,Accumulate,1.2340758827482403,61.45600766285655,123.03872780440065,0.9066349137672511,0.32492700874102565,0.9843710028557584,0.4265356581069523,1.9882304904146952,700.0,5,2024
8,False,Accumulate,1.4097668772461005,61.178732892492384,124.31280044417962,0.9160231670311793,0.3674520587971106,0.9790844597568032,0.4150666393230667,1.8793042783537606,800.0,5,2024
9,False,Accumulate,1.3308402563977166,60.87121884229782,121.48942479470175,0.895218571728745,0.34153035180623903,0.9774089550974969,0.4117474847213632,1.7754862597403707,900.0,5,2024
10,False,Accumulate,1.3777935637175822,61.20426186093451,125.11127883753278,0.9219069111353414,0.40038533186465786,0.973525310952462,0.4045056884776922,1.806133498553078,1000.0,5,2024
11,False,Accumulate,1.4050437349394187,60.64807893176737,121.69429744005922,0.8967282158584552,0.3630985146487577,0.9709609693165598,0.4000177375601055,1.7419264942725934,1100.0,5,2024
12,False,Accumulate,1.4513902903331035,60.97874349583459,122.46779062864368,0.9024278515979167,0.3812813773589845,0.9714401207675211,0.40084047952044016,1.7572949388595491,1200.0,5,2024
13,False,Accumulate,1.4303503540429716,60.908584917511305,122.94499666058772,0.9059442375142974,0.3349059107782446,0.9692258128262495,0.3970948664365342,1.7240596717422036,1300.0,5,2024
14,False,Accumulate,1.3670481157398442,61.143833495002255,121.43959022095643,0.8948513559319266,0.35033739998309554,0.9671377335331041,0.39368701118368016,1.7464004190217797,1400.0,5,2024
15,False,Accumulate,1.3115564759968603,61.30240566319151,122.79883965996198,0.9048672510887757,0.3668564627080181,0.965696929496221,0.3913997680401705,1.7255454689188856,1500.0,5,2024
16,False,Accumulate,1.234440330437891,61.42205226940774,123.26601995527925,0.9083097604052901,0.37143383372276007,0.9669122154517986,0.39332566522498663,1.7646276893741664,1600.0,5,2024
17,False,Accumulate,1.2956258216557899,61.401846203493385,120.8262077979673,0.890331527662431,0.33573125722004604,0.9673446769919054,0.39401971327865876,1.7941130035087154,1700.0,5,2024
18,False,Accumulate,1.3170528223201876,61.21700859565444,118.09658754779446,0.8702177873442847,0.36213161265047955,0.9669067825122097,0.3933169756390577,1.815931201817229,1800.0,5,2024
19,False,Accumulate,1.380113364200845,61.43211566493294,123.06382084153117,0.9068198167157858,0.3546615534344677,0.9671165733184133,0.3936530524880683,1.7898447144878824,1900.0,5,2024
20,False,Accumulate,1.4470802852689648,61.46443079042837,123.44109366025245,0.909599825218571,0.36037058086333196,0.9673895598937836,0.3940920135578521,1.841565634990463,2000.0,5,2024
21,False,Accumulate,1.4801480519190622,61.31499055146499,123.59772747540913,0.9107540120996591,0.4040077067058031,0.9658416210577958,0.391627212106501,1.8230249047346168,2100.0,5,2024
22,False,Accumulate,1.4888465669164004,61.275576268528596,124.70461889303151,0.9189103578525276,0.3777902126336469,0.96581871003181,0.39159116488843626,1.8141242717191395,2200.0,5,2024
23,False,Accumulate,1.4795900855400543,61.27113303432003,119.5900985125573,0.8812230147951149,0.36463896189139955,0.9637714438566859,0.3884186227352535,1.7908822330645724,2300.0,5,2024
24,False,Accumulate,1.4986659801719344,61.238269715610556,123.83008510020811,0.9124661846723281,0.3767091601571798,0.9633818109248039,0.38782533395607605,1.8002682546872877,2400.0,5,2024
25,False,Accumulate,1.519875626334851,61.12165271666029,123.33538473330734,0.9088208883295479,0.37979266601310274,0.9628178946063624,0.38697237379581517,1.8196669282544788,2500.0,5,2024
26,False,Accumulate,1.5108554227550808,60.895171670472045,120.35466995431466,0.8868569088993238,0.3419095081173741,0.9616882894813751,0.3852835216849615,1.8128485565324537,2600.0,5,2024
27,False,Accumulate,1.499459199425116,60.89916191032518,120.92552278463384,0.8910633495528146,0.3565522982826813,0.9619132265775387,0.38561776068814907,1.8095061189423873,2700.0,5,2024
28,False,Accumulate,1.5163201322394393,60.81937234516436,120.66869490928939,0.8891708631562866,0.411682866650122,0.9615690572054723,0.385106760573117,1.8073569193340524,2800.0,5,2024
29,False,Accumulate,1.5030103212716304,60.81355046775633,123.72568402716693,0.9116968849604166,0.39259512986494177,0.9616490592495858,0.3852253319529094,1.847216808363454,2900.0,5,2024
30,False,Accumulate,1.4954012864568096,60.43316844813539,121.94890497567323,0.8986043412477137,0.427505013614953,0.9603425175555658,0.3833045383529112,1.8387774438558828,3000.0,5,2024
31,False,Accumulate,1.504125049425302,60.368759065854434,122.57033042782759,0.9031834361496247,0.353138061286534,0.9610620245411859,0.38435821630818556,1.8471507046811695,3100.0,5,2024
32,False,Accumulate,1.4482453414287235,60.25696917339845,120.31550513677232,0.8865683152864927,0.41696077012161803,0.9629116258580394,0.38711368603064805,1.8468632227786637,3200.0,5,2024
33,False,Accumulate,1.4166879227192766,60.131397008902994,119.80165446228128,0.8827819061593027,0.3721236061833013,0.963834404585917,0.38851479883683826,1.8230375345952836,3300.0,5,2024
34,False,Accumulate,1.4035196456288606,59.94538179433195,119.06610089509428,0.8773618359354141,0.3954143831923528,0.9626096530227126,0.3866590751029974,1.8235734771047336,3400.0,5,2024
35,False,Accumulate,1.4020024266674407,60.29220346387197,122.68680985604091,0.9040417375823389,0.35962807529164564,0.9633391169796985,0.3877605217621366,1.8438106105884784,3500.0,5,2024
36,False,Accumulate,1.411456359311058,60.3608499775882,123.95534176446205,0.9133891628843198,0.3502726801303908,0.9628864465738265,0.38707570694595855,1.8487253522974658,3600.0,5,2024
37,False,Accumulate,1.3972902142406636,60.379671862044056,121.28489160801726,0.8937114289666137,0.31762393771544317,0.9628050792900374,0.3869530672303542,1.8516483106179058,3700.0,5,2024
38,False,Accumulate,1.3970587879952765,60.646095269684245,121.59636100033016,0.8960065520606177,0.32328772978887255,0.9622373709171895,0.3861012022743952,1.8462097214635185,3800.0,5,2024
39,False,Accumulate,1.3861235041411057,60.91489980233723,120.48238979426493,0.8877980375028621,0.33044949908553567,0.9619316439203598,0.38564517227998546,1.830919562033844,3900.0,5,2024
40,False,Accumulate,1.374990396642888,60.90887631280251,121.95897960611669,0.8986785781312246,0.3411614662748701,0.9620169679961428,0.38577225398100135,1.8202539360833976,4000.0,5,2024
41,False,Accumulate,1.384968178552384,60.91181734636304,121.11349168611389,0.8924484351419245,0.38361375691827626,0.9606786140216121,0.3837954989184612,1.8163486030056797,4100.0,5,2024
42,False,Accumulate,1.3834104323228755,61.00620497122068,121.11902972027164,0.8924892432290257,0.3574106830965693,0.9611484813127281,0.3844854986967162,1.7941419174255309,4200.0,5,2024
43,False,Accumulate,1.3742298035329477,60.91732463049954,122.61798909314166,0.9035346183398858,0.34919908896520724,0.9604707606142363,0.38349161895595546,1.79244362972977,4300.0,5,2024
44,False,Accumulate,1.3786394047167112,60.9261144680304,122.70355162410425,0.904165102572495,0.32592186743627755,0.9605720552498974,0.3836396079837708,1.7899240602732134,4400.0,5,2024
45,False,Accumulate,1.4042415806753716,61.023899206410704,122.6018643167298,0.9034157997733047,0.34743866044688254,0.9610063688794864,0.3842763564079387,1.8115644207208244,4500.0,5,2024
46,False,Accumulate,1.4239543822808916,61.04955714373395,120.6205621405893,0.8888161874425621,0.33732111645699214,0.9604708240994592,0.38349171164523754,1.8078752051820137,4600.0,5,2024
47,False,Accumulate,1.4505473255066346,61.20308408499109,120.02874673447297,0.884455279952171,0.3547991498309896,0.9600773875359502,0.3829187513563641,1.820691950014159,4700.0,5,2024
48,False,Accumulate,1.4485436465129253,61.12569753080194,125.47332371645928,0.9245747095874451,0.3472324350047422,0.9591953965833796,0.3816447741196406,1.8264215701663449,4800.0,5,2024
49,False,Accumulate,1.468304144266633,61.2060326333121,124.47062549913583,0.9171861317955583,0.32756928880865865,0.9592268505561904,0.38168996223979096,1.841134141697733,4900.0,5,2024
50,False,Accumulate,1.4984696612995696,61.154739580299776,121.83001175808495,0.8977282533362146,0.3656528748899166,0.9583433627305782,0.3804274574587733,1.8251722440341334,5000.0,5,2024
51,False,Accumulate,1.4748414079569105,61.19747332568135,122.68989041032025,0.904064437248641,0.40006672492711437,0.9566236993262554,0.37800900491927447,1.8325901395915676,5100.0,5,2024
52,False,Accumulate,1.5094918327485323,61.381682273310695,122.16939665067353,0.9002290772500893,0.3734326164233597,0.9558117149553294,0.37688425628532995,1.8273792568947722,5200.0,5,2024
53,False,Accumulate,1.5015102886528646,61.35282431575632,125.40548436633671,0.9240748220768544,0.3650047569402344,0.9555904727683204,0.37657964688740514,1.837928992564218,5300.0,5,2024
54,False,Accumulate,1.4918923852590775,61.263906734725666,121.7474438502144,0.8971198355691586,0.37159808158101526,0.9561460225927155,0.3773460323813185,1.8344869348895998,5400.0,5,2024
55,False,Accumulate,1.4929216828212615,61.297600200886926,122.67107055038683,0.9039257594323767,0.33537546429396325,0.9550266625997575,0.3758069074421207,1.841225542688258,5500.0,5,2024
56,False,Accumulate,1.5029503140342009,61.12573980528448,121.08157430786751,0.8922132457020591,0.40197571877173144,0.9550073944993811,0.37578058783980656,1.8442955645559258,5600.0,5,2024
57,False,Accumulate,1.5188643146749308,61.11725262018946,122.05617361470725,0.8993947711801099,0.4275021552456758,0.9542545350733451,0.3747567244836111,1.8413449959945063,5700.0,5,2024
58,False,Accumulate,1.5015059904941852,61.00932812469483,122.95431826225507,0.906012925558092,0.4391450036441468,0.9549318970938335,0.3756775168468546,1.8438292783092705,5800.0,5,2024
59,False,Accumulate,1.4919518081546461,61.018566547140274,123.557065406416,0.9104543856968748,0.30361670336872315,0.9549643810467972,0.37572185383849177,1.8447686272513517,5900.0,5,2024
60,False,Accumulate,1.5042934051396182,61.025209710321704,121.32341542544847,0.8939952992448423,0.3703352211176927,0.9553262813631895,0.376216928393496,1.845212105502424,6000.0,5,2024
61,False,Accumulate,1.521705026621783,60.90580897688888,121.17388883257911,0.8928934833202862,0.4007954869240161,0.9548875741272821,0.37561704751897795,1.8477154314607789,6100.0,5,2024
62,False,Accumulate,1.5087722325959805,60.95153009170235,121.1354841392094,0.8926104908309875,0.41419506097563574,0.9542217982743354,0.37471240169550457,1.8538299670104537,6200.0,5,2024
63,False,Accumulate,1.5196270421882176,60.82490055166097,121.35925405163925,0.8942593831665948,0.37845027608407017,0.9543578124477504,0.37489666056434184,1.8606220541173268,6300.0,5,2024
64,False,Accumulate,1.5286685227319283,60.81479009625447,122.19969744258388,0.9004523545575757,0.3604548587719001,0.9537102283853679,0.37402189590127444,1.8732934397254901,6400.0,5,2024
65,False,Accumulate,1.5103083116899276,60.81212584450119,122.89945878776717,0.9056086827980341,0.3250978873498908,0.9533130265047665,0.37348847640871446,1.8814980582727652,6500.0,5,2024
66,False,Accumulate,1.5384448732173586,60.80096763032014,121.50720818072337,0.8953496120844111,0.3946984838592714,0.9521250123594104,0.37190689471477256,1.8851301316380928,6600.0,5,2024
67,False,Accumulate,1.536958898676723,60.76869225222512,122.96836297819627,0.9061164167925468,0.3518468503406509,0.9524385069610873,0.3723222544267483,1.874041117376636,6700.0,5,2024
68,False,Accumulate,1.5530791734166172,60.79583001033238,122.12480064954464,0.8999004628994749,0.38142550026804967,0.9533830831010722,0.3735823875885425,1.879721718010762,6800.0,5,2024
69,False,Accumulate,1.5748422922064804,60.78224169699874,122.0855777580706,0.8996114413575276,0.4591348271874689,0.9533232771920266,0.37350221294973734,1.8693814994233928,6900.0,5,2024
70,False,Accumulate,1.5791982900088624,60.901333383043706,122.31495485883589,0.9013016513563105,0.34256244474578135,0.9538674179804176,0.37423364551106125,1.8596548566169921,7000.0,5,2024
71,False,Accumulate,1.5767962548843557,60.80033720564631,123.40308835779008,0.9093197757192341,0.3390035050050969,0.9542689077348453,0.37477618899650167,1.8545436105140418,7100.0,5,2024
72,False,Accumulate,1.588881172542003,60.86399640650124,119.77176485531706,0.882561658748458,0.2918120068024583,0.9542529342353498,0.374754556706835,1.8552434710764119,7200.0,5,2024
73,False,Accumulate,1.5960411304932305,60.93725476962416,122.9920260450057,0.9062907827252826,0.3894493914727535,0.954424588917178,0.374987226668789,1.8569988589610045,7300.0,5,2024
74,False,Accumulate,1.593587934046124,60.90018007926646,121.16575236784855,0.8928335281896457,0.3895098854439245,0.9546657065874391,0.3753148161372495,1.8616424339435265,7400.0,5,2024
75,False,Accumulate,1.5886391550852805,60.89938610727755,122.396642051208,0.9019035793990802,0.4149263579762164,0.9548002238024446,0.37549796616814957,1.8672674505407396,7500.0,5,2024
76,False,Accumulate,1.5964124243043145,60.887593648022225,121.92101412904076,0.8983988220930316,0.37090930483469353,0.9547669247557218,0.37545260213638626,1.8652520672509612,7600.0,5,2024
77,False,Accumulate,1.606312907844825,60.93173246166262,123.29955171478007,0.9085568457289601,0.37708148018936405,0.9554386848381763,0.376371115763397,1.8775492428322875,7700.0,5,2024
78,False,Accumulate,1.6025145923735193,60.89845048159363,120.28092670478367,0.8863135173520239,0.37630324066505483,0.9557762438662577,0.3768353663054285,1.8777237951060128,7800.0,5,2024
79,False,Accumulate,1.6058034212577301,60.97703148176463,120.35154846489863,0.8868339075944661,0.3809426693439457,0.9567612296662873,0.3782005819400818,1.8776269789674178,7900.0,5,2024
80,False,Accumulate,1.608675107129175,60.93073750102096,122.2137859278655,0.9005561683149702,0.3898677850718085,0.9567890345947793,0.37823935181166146,1.8737654026591688,8000.0,5,2024
81,False,Accumulate,1.609100139484005,60.9299501192574,121.41146626878307,0.8946441190935058,0.41594056782793903,0.9570060249585622,0.37854235573639156,1.872767138559184,8100.0,5,2024
82,False,Accumulate,1.6047631661893094,60.967252822960454,122.23639026221089,0.9007227327706152,0.3643850843675126,0.957417232458871,0.379118733251001,1.8773365134796602,8200.0,5,2024
83,False,Accumulate,1.592613844338041,60.924331432659116,123.64513394854868,0.9111033359625912,0.3905987015335658,0.9572978689496996,0.3789511305520765,1.8769622999511404,8300.0,5,2024
84,False,Accumulate,1.5815133123308727,60.91718724045967,121.8365143264514,0.8977761687821509,0.4080373447521322,0.9572585703867383,0.37889600283443103,1.8849222307303308,8400.0,5,2024
85,False,Accumulate,1.5941837457517154,60.90392783313551,122.76860039404278,0.9046444271475803,0.39667562861823047,0.9568905749886708,0.37838104427043856,1.8775708581346335,8500.0,5,2024
86,False,Accumulate,1.601812379764198,60.985084376179714,121.73179643375266,0.8970045345226701,0.3906153594058456,0.9561731697292178,0.37738361006146326,1.8779190876391259,8600.0,5,2024
87,False,Accumulate,1.6018394723768334,61.05313586992007,118.82095573746271,0.8755554359277425,0.35497853662705,0.9556907537384719,0.376717617909761,1.8688248060986004,8700.0,5,2024
88,False,Accumulate,1.5988551102163957,61.03003414804908,122.14058534330415,0.900016775500563,0.34761349207633274,0.9556937047220185,0.3767216804433301,1.8583698382415632,8800.0,5,2024
89,False,Accumulate,1.6172936943050988,60.95847622322695,121.38917836569486,0.8944798863234259,0.3781666237847401,0.9570165193077319,0.3785570299392652,1.8569017116174886,8900.0,5,2024
90,False,Accumulate,1.6041447144903074,60.87915256485966,121.06721558917894,0.8921074406769882,0.40343733682070376,0.956631856444922,0.37802035887848645,1.859494618583423,9000.0,5,2024
91,False,Accumulate,1.5970119786582109,60.85674537641841,119.91697810569329,0.8836316909658101,0.3541274381539534,0.9569751981891282,0.37849926147267265,1.8611076632311025,9100.0,5,2024
92,False,Accumulate,1.6109777426424488,60.77584729649945,122.75963301559409,0.9045783492668056,0.3767079488002699,0.9574811204768282,0.3792085402454181,1.8555629809153764,9200.0,5,2024
93,False,Accumulate,1.6236200896710704,60.75044054953348,122.02575940264674,0.899170658114079,0.36223445040916913,0.957908462457426,0.37981104864030973,1.8499032345436157,9300.0,5,2024
94,False,Accumulate,1.613811918362783,60.77207075082241,120.6440073828938,0.8889889482928595,0.37291458334690336,0.9578809058912059,0.37977210191940947,1.8509810406019052,9400.0,5,2024
95,False,Accumulate,1.6075136092134772,60.83233686818386,121.66137119736166,0.8964855924036985,0.43872410901204156,0.958567123733609,0.3807458980551563,1.857040249297394,9500.0,5,2024
96,False,Accumulate,1.5998032346864435,60.79007009031223,123.08692794505325,0.9069900859243756,0.3352207146615792,0.9584846175045829,0.380628378291313,1.8516593815885034,9600.0,5,2024
97,False,Accumulate,1.6000373436319135,60.79797276423588,120.539226088801,0.8882168468478147,0.317694656787876,0.9581242893262047,0.38011654016440416,1.8527771576977257,9700.0,5,2024
98,False,Accumulate,1.6171778191172652,60.82832602096751,120.75947506932692,0.8898397945085211,0.45907240282323725,0.9584646136668278,0.3805999034537182,1.849329769882262,9800.0,5,2024
99,False,Accumulate,1.620817709911061,60.772998454372996,121.34946317387882,0.8941872371701883,0.3558782260088208,0.9589537271936962,0.38129817792012977,1.8483529713806346,9900.0,5,2024
100,False,Accumulate,1.5963947311834015,60.733284781651165,121.33006395335302,0.8940442902221629,0.4033581751371342,0.9586811148006016,0.3809084624312881,1.848617544548943,10000.0,5,2024
101,False,Accumulate,1.587075744219354,60.73929031520845,121.63592166987738,0.8962980625863161,0.40756506521509156,0.9581385136838789,0.3801367024451774,1.851373873832099,10100.0,5,2024
102,False,Accumulate,1.5927407823970825,60.80774729517164,122.39505546215088,0.9018918883075137,0.36226057181994187,0.9580679193375097,0.3800366733304877,1.8487155165409077,10200.0,5,2024
103,False,Accumulate,1.5957506148887126,60.75487034645542,120.03822379944299,0.8845251135576965,0.37471164218153374,0.9582539990359508,0.3803005276599565,1.8461762129745842,10300.0,5,2024
104,False,Accumulate,1.601092517738581,60.67202909099243,121.13805528069234,0.8926294367895347,0.3738792515027979,0.9578532773775522,0.37973306668801554,1.8349254802966568,10400.0,5,2024
105,False,Accumulate,1.5969348439678817,60.70302381259951,120.65778657061365,0.8890904829307178,0.3733124078133093,0.9572922860635004,0.37894329732995224,1.8373049889894832,10500.0,5,2024
106,False,Accumulate,1.614556197914892,60.74587828113089,121.44654818376196,0.8949026270407942,0.3941678173396022,0.9568601703631379,0.3783385987305625,1.8315659359735932,10600.0,5,2024
107,False,Accumulate,1.6196329150941242,60.770709310198356,120.81001798587148,0.8902122298677014,0.3981592357614335,0.9568018361852042,0.3782572060651648,1.8300465475428116,10700.0,5,2024
108,False,Accumulate,1.6176719172905396,60.693004594507286,122.80863508380861,0.9049394305839069,0.4127504413832934,0.9565270255802133,0.377874527703361,1.8240776269473842,10800.0,5,2024
109,False,Accumulate,1.6160999633515676,60.67203356133153,121.90556126151132,0.8982849546183753,0.37262854014801206,0.9567356202734488,0.3781648847886407,1.8202275869628675,10900.0,5,2024
110,False,Accumulate,1.60957712351536,60.70424057097473,122.22255813074159,0.9006208080063912,0.3855701172837047,0.9564011657966498,0.3776996823415821,1.8202870693426447,11000.0,5,2024
111,False,Accumulate,1.613060654728104,60.70729604272107,121.68675816896241,0.8966726612658266,0.3907892040130534,0.9558695387223622,0.3769639984989918,1.8155920336710183,11100.0,5,2024
112,False,Accumulate,1.603777197702994,60.72280209840921,123.18383102467024,0.907704135206257,0.33542860196414137,0.955320533460784,0.3762090491994697,1.8169892882582033,11200.0,5,2024
113,False,Accumulate,1.60020045304097,60.66471631516791,120.25422986137778,0.886116796443485,0.3907572987080473,0.9545766163922569,0.3751936710508146,1.8102859175711443,11300.0,5,2024
114,False,Accumulate,1.609019179660632,60.708817923359064,120.09184614144351,0.8849202402652233,0.40827314366985834,0.9541427374520148,0.37460542765989785,1.8094255293544588,11400.0,5,2024
115,False,Accumulate,1.6190945797609295,60.688875198539414,120.64326106068562,0.8889834488717996,0.40770505170017063,0.9537991088539444,0.37414158077481363,1.8066191340652185,11500.0,5,2024
116,False,Accumulate,1.6187907184559343,60.68463327579353,121.378221750956,0.8943991503662504,0.4094465078024436,0.9537897860779968,0.3741290213074399,1.8073981037402642,11600.0,5,2024
117,False,Accumulate,1.6185066542792244,60.744678939267615,120.75050153573311,0.8897736712723564,0.4245610495368711,0.9538184031762935,0.37416757788071225,1.8044806116890992,11700.0,5,2024
118,False,Accumulate,1.6238816853672926,60.79604618658254,121.37664542687199,0.8943875349141445,0.3946159979307739,0.9537059792355999,0.3740161770462841,1.8088338947859546,11800.0,5,2024
119,False,Accumulate,1.6187455344420403,60.85442974563112,121.88980161886876,0.8981688266113388,0.4083990753160446,0.9541651533539619,0.37463574803767946,1.8112216743417162,11900.0,5,2024
120,False,Accumulate,1.6207513364191555,60.86865315012996,120.72681598649085,0.8895991396734201,0.3626729324381145,0.9545763156107032,0.3751932622551614,1.8144869188775823,12000.0,5,2024
121,False,Accumulate,1.627463760828018,60.8928092288895,124.55773985872072,0.9178280509806761,0.3781867202053827,0.9542161773403188,0.37470479308506627,1.813855054913117,12100.0,5,2024
122,False,Accumulate,1.6311407367868427,60.89425346627917,121.90916730962911,0.898311526488734,0.37921666125350084,0.9543149446063864,0.3748385567837583,1.810249773341707,12200.0,5,2024
123,False,Accumulate,1.626996668918849,60.86666124170341,122.5394186335896,0.9029556565520667,0.35845340989280644,0.954343758556546,0.37487760858377916,1.809719756484554,12300.0,5,2024
124,False,Accumulate,1.6291250408759077,60.8398347698062,122.13554960798723,0.8999796687006449,0.3647574323997469,0.95427642630439,0.37478637245384055,1.8081851983199366,12400.0,5,2024
125,False,Accumulate,1.6432881320029054,60.87076685212486,123.64877037867208,0.9111301317086964,0.36957377586139295,0.9539952473419053,0.3744061190219517,1.8102253180136068,12500.0,5,2024
126,False,Accumulate,1.6411735355756543,60.890053547315496,121.92444597945729,0.8984241103535816,0.34995100547401314,0.9544804906185166,0.3750630964955236,1.8135418638847993,12600.0,5,2024
127,False,Accumulate,1.6432641530405034,60.89059967092696,121.76268552404522,0.8972321468217689,0.36454014301028403,0.9540258673549941,0.3744474697553905,1.8109626518324884,12700.0,5,2024
128,False,Accumulate,1.6675637760291588,60.94433128086611,121.08686555063153,0.89225223525854,0.394032173877932,0.9539143073375764,0.3742968821759687,1.811561174300754,12800.0,5,2024
129,False,Accumulate,1.67384187160421,60.97017289612611,120.52774726043569,0.8881322628574659,0.3522710646830111,0.9535721264443004,0.37383616560480387,1.8194099622907776,12900.0,5,2024
130,False,Accumulate,1.6714402445121193,60.92996290553391,119.90719960650084,0.8835596361833011,0.4542019433723881,0.9533929767109183,0.37359565589294613,1.8242040259534704,13000.0,5,2024
131,False,Accumulate,1.658315790744025,60.91361150225916,123.45747110548658,0.909720505624753,0.3764450720323202,0.9538676760289645,0.37423399343367236,1.8250797041705287,13100.0,5,2024
132,False,Accumulate,1.65638846634432,60.89132228822049,122.07014606898261,0.8994977299403565,0.4032173508937835,0.953942752837994,0.37433526099551323,1.8195348254647739,13200.0,5,2024
133,False,Accumulate,1.6478811828568,60.85432407852838,122.6336316214842,0.9036498833673127,0.419471757877372,0.9540471700363283,0.37447624630998383,1.8170799444142995,13300.0,5,2024
134,False,Accumulate,1.6565505239236842,60.918944552342836,123.54696600137959,0.9103799662569335,0.3864156574174042,0.9542007235028112,0.37468387694317845,1.8136977400552305,13400.0,5,2024
135,False,Accumulate,1.6559061167450966,60.91179603966637,122.2448319579557,0.9007849370556417,0.4277796510723204,0.9543014751052001,0.3748203058135551,1.8060378368431886,13500.0,5,2024
136,False,Accumulate,1.6619122091941436,60.930150843684224,122.9407692707847,0.9059130871662898,0.4097457077271629,0.9542244402627831,0.3747159781114277,1.8112380175157712,13600.0,5,2024
137,False,Accumulate,1.668104256852845,60.88264948298716,122.2770434951754,0.9010222940633956,0.3996960773558427,0.9536100448328503,0.37388713275760277,1.8120575597581718,13700.0,5,2024
138,False,Accumulate,1.662777636915554,60.87634189852286,121.62827751349269,0.8962417351259437,0.3647760131982361,0.9538901109318175,0.374264245888784,1.803873244341896,13800.0,5,2024
139,False,Accumulate,1.6643053184574605,60.84943098834361,118.8959821534924,0.8761082827381833,0.3708700408296634,0.9542154116725912,0.3747037566990182,1.8028917432721896,13900.0,5,2024
140,False,Accumulate,1.6663282773742032,60.92810043724451,121.86582356619269,0.8979921396436806,0.39617826240275034,0.9544516193525088,0.37502390638945643,1.8068532219876712,14000.0,5,2024
141,False,Accumulate,1.6745291367438833,60.93187191269706,121.85833558343197,0.8979369629791807,0.3566527115767206,0.9539843180047369,0.3743913629643939,1.8017832982156101,14100.0,5,2024
142,False,Accumulate,1.673965900057969,60.953299068231324,121.46247436956641,0.89501998225367,0.4040912775106354,0.9535876217517296,0.3738569906753267,1.8034750053253712,14200.0,5,2024
143,False,Accumulate,1.6733916084930829,60.96177430761275,121.558806170644,0.8957298219579773,0.3764920993960029,0.9531838699042923,0.37331553213186774,1.8015549493516436,14300.0,5,2024
144,False,Accumulate,1.6813135169333284,60.97896982529369,122.3125014141381,0.9012835726695286,0.35812595005197695,0.9534048301530086,0.3736115544421321,1.7976619144674881,14400.0,5,2024
145,False,Accumulate,1.6883622540417165,60.98542942240276,120.67214362886028,0.8891962757204975,0.40713139238799045,0.9528570476503043,0.3728790065837274,1.794431407087081,14500.0,5,2024
146,False,Accumulate,1.67580921423032,60.98898164057174,123.59600246418196,0.9107413010172779,0.311302212989922,0.9526988668844577,0.37266829171457455,1.795218083992011,14600.0,5,2024
147,False,Accumulate,1.671593941357589,60.98302940509042,120.71769610908902,0.8895319380743031,0.3370749526866733,0.9524894254894427,0.3723898516541577,1.7960452355511116,14700.0,5,2024
148,False,Accumulate,1.6694188715002691,60.964321336981094,122.94347647091791,0.9059330356995942,0.37805333317248363,0.9523636091004871,0.37222289125973296,1.7933977723803345,14800.0,5,2024
149,False,Accumulate,1.6698640627565327,60.95319918123253,121.3559709188732,0.8942351907611192,0.3887651607167494,0.9521458008593124,0.3719343944758625,1.7971658806341346,14900.0,5,2024
150,False,Accumulate,1.6923603507447058,60.9428220428083,121.44122327391328,0.8948633894018195,0.38761066487754503,0.9517018676802049,0.37134848080418387,1.7980452762248649,15000.0,5,2024
151,False,Accumulate,1.6840394531410128,60.92050789253531,121.45182190606837,0.8949414874943589,0.38256557344839703,0.9515507796353542,0.37114970718203316,1.8010747473905364,15100.0,5,2024
152,False,Accumulate,1.6803916521945759,60.90301355283286,122.52280311353019,0.9028332218450026,0.3865135946779801,0.9512842579246304,0.3707998478617317,1.8015460053759598,15200.0,5,2024
153,False,Accumulate,1.6800351897666752,60.94693813927364,119.52564245804815,0.8807480577595173,0.31840695762564064,0.9514304828164953,0.37099167221927837,1.8002486287649595,15300.0,5,2024
154,False,Accumulate,1.6792856853468854,60.905530493261196,120.74737918409852,0.8897506636140727,0.4021923659551594,0.9514940332305529,0.37107513367042544,1.8005288428753683,15400.0,5,2024
155,False,Accumulate,1.6739233097077795,60.91892272570678,121.53955409068503,0.8955879592439773,0.36799644294800365,0.9512646918925782,0.37077420288413904,1.8034863464200162,15500.0,5,2024
156,False,Accumulate,1.6766207418254193,60.86155824155044,121.12156873899066,0.8925079524847084,0.3494557840995578,0.9508330207581092,0.3702097664199151,1.8052406265174181,15600.0,5,2024
157,False,Accumulate,1.6777932304567835,60.87203459736094,122.09386753300276,0.8996725261843532,0.34805001795382695,0.9509180533129983,0.37032074816162547,1.8025074098206326,15700.0,5,2024
158,False,Accumulate,1.671607376701796,60.80065226873691,121.26621849274348,0.8935738324670552,0.3844534877450395,0.9507164725311552,0.37005781277880234,1.8006399014712346,15800.0,5,2024
159,False,Accumulate,1.6665939661317721,60.87083935707327,121.10473701527654,0.8923839246387576,0.37647015808271356,0.9509500710954738,0.37036256253284067,1.8014994295486242,15900.0,5,2024
160,False,Accumulate,1.665474150935597,60.857425584866206,119.87436955925911,0.8833177215635621,0.3316603747531777,0.9510365066055705,0.3704755156270564,1.8014138580146937,16000.0,5,2024
161,False,Accumulate,1.6663660655526698,60.88747844873815,122.42553453226785,0.90211647929281,0.37981961388742813,0.951508419924413,0.37109403572666566,1.8067655612620586,16100.0,5,2024
162,False,Accumulate,1.670289129516452,60.90535502738407,124.3908435455891,0.9165982428774526,0.378997010527355,0.9510965148440611,0.37055399453936955,1.8109426562827144,16200.0,5,2024
163,False,Accumulate,1.670062411659911,60.91589554625308,122.83259140821241,0.905115957442544,0.34078617447852233,0.9512370850889318,0.37073802802072653,1.809621225695326,16300.0,5,2024
164,False,Accumulate,1.6755332969759789,60.90314041655159,122.52625276975681,0.9028586413111443,0.35792197653565944,0.9514986794643585,0.37108123783928226,1.8093609885605684,16400.0,5,2024
165,False,Accumulate,1.6791219130207387,60.905040261500424,120.62716388893087,0.8888648337155297,0.4173444243119152,0.9513853949704478,0.37093249212946416,1.8096063030688272,16500.0,5,2024
166,False,Accumulate,1.6816338561439514,60.9038695621029,120.77646213113299,0.8899649669935632,0.37243758507611835,0.951367355153628,0.3709088219100811,1.8122543306288246,16600.0,5,2024
167,False,Accumulate,1.6885448024882252,60.91438590681571,122.49832862094328,0.9026528767628321,0.39669127659977227,0.9513189990207895,0.37084539576541226,1.8119953817155243,16700.0,5,2024
168,False,Accumulate,1.6818828235371865,60.90817027618632,121.39283942271445,0.8945068635376289,0.37916996039086204,0.9511333140514967,0.3706021452890205,1.8128011660388266,16800.0,5,2024
169,False,Accumulate,1.6809608114450412,60.89725323715358,124.77979628518362,0.9194643171600347,0.38941340820120574,0.9512254418509194,0.3707227743606462,1.8121856962843264,16900.0,5,2024
170,False,Accumulate,1.6789001907120826,60.8799573490537,122.10803445600556,0.8997769179254268,0.3566429543251677,0.9513949750481311,0.3709450640908849,1.8143018416762005,17000.0,5,2024
171,False,Accumulate,1.6832840151638622,60.86240795038357,121.51887779276461,0.8954356019015647,0.34257510237423505,0.9510599138366105,0.37050612173120523,1.8117469546203413,17100.0,5,2024
172,False,Accumulate,1.6889822679899733,60.85307596917624,121.52346333025048,0.8954693913307734,0.4279649257629128,0.9509049357206696,0.370303621013736,1.81019680932922,17200.0,5,2024
173,False,Accumulate,1.6904457010356513,60.85495370308132,123.7681827542475,0.9120100451372932,0.3719287106979842,0.9506963080444667,0.3700315415451865,1.8093731318089663,17300.0,5,2024
174,False,Accumulate,1.696444487743118,60.83561663966779,119.89495690553447,0.8834694234483925,0.39965113972441396,0.950546461013282,0.36983648790207857,1.8092002272532957,17400.0,5,2024
175,False,Accumulate,1.6993477510943442,60.87745216361843,120.03316056390459,0.8844878041170215,0.4212680744303823,0.9506897476492809,0.37002299555599166,1.8082699032298009,17500.0,5,2024
176,False,Accumulate,1.7000501980133864,60.87055115156709,121.31061963771654,0.8939010109820007,0.4080036577723145,0.9502589425864869,0.36946308470649336,1.8096866795216442,17600.0,5,2024
177,False,Accumulate,1.6977332619848902,60.86705619290861,122.49644265251465,0.9026389796358529,0.3890000651651373,0.9502263761371603,0.3694208608812522,1.8094343332380391,17700.0,5,2024
178,False,Accumulate,1.693085184189371,60.85023013075201,120.57524806930891,0.8884822818516895,0.41562752118897844,0.9501153595053042,0.3692770304077198,1.8071762922418495,17800.0,5,2024
179,False,Accumulate,1.6956019460843164,60.78585835789395,120.34642942065682,0.8867961869164523,0.35819420467498797,0.9500243148734008,0.36915919888886817,1.806763812095809,17900.0,5,2024
180,False,Accumulate,1.6998281782963607,60.748552672761335,121.11962782120119,0.892493650452624,0.41332774172330533,0.9496475184552611,0.3686727212159253,1.8073715864496303,18000.0,5,2024
181,False,Accumulate,1.7101620257900763,60.774694577590985,123.14434691227189,0.9074131888068732,0.39655924101484197,0.949704018999816,0.36874554792752723,1.8089676768228196,18100.0,5,2024
182,False,Accumulate,1.7028514806061663,60.76950954983084,122.28631207317082,0.9010905913919,0.37139179116613613,0.9496784280608951,0.36871255708548667,1.8073336197491219,18200.0,5,2024
183,False,Accumulate,1.7015872651479957,60.78205183229536,119.73100898717873,0.8822613411683393,0.3690609008942395,0.9499683904430208,0.3690868756661271,1.8097875159116623,18300.0,5,2024
184,False,Accumulate,1.704170348209795,60.753356997250606,122.6296034280402,0.9036202008366094,0.39855532490384693,0.950409369689312,0.3696583061085152,1.8102984566148541,18400.0,5,2024
185,False,Accumulate,1.7008645171843721,60.77779254978792,120.72676412641589,0.8895987575323216,0.42203420386651447,0.9502438757364589,0.36944354809729363,1.810049482898447,18500.0,5,2024
186,False,Accumulate,1.6901368334681743,60.808016892334365,120.7303705299627,0.8896253320217286,0.40286183297991884,0.9498613366657596,0.36894854711009767,1.812926371512981,18600.0,5,2024
187,False,Accumulate,1.696274903586613,60.819366026323934,120.9976929958326,0.8915951498597129,0.42282505489051136,0.9500077962713437,0.369137832154426,1.8099476539924555,18700.0,5,2024
188,False,Accumulate,1.6954798404019207,60.808295250071154,121.03135978931681,0.8918432302076819,0.3978156819364781,0.9501417530319384,0.36931121018769125,1.8085776877674518,18800.0,5,2024
189,False,Accumulate,1.6947978224330977,60.82287885736221,121.59134392300007,0.8959695827457222,0.3562442462654126,0.9501840698717282,0.3693660303240165,1.810072355680564,18900.0,5,2024
190,False,Accumulate,1.7025862653390258,60.83970903430745,121.95640896874427,0.8986596358873145,0.40197193915862633,0.9503612610697901,0.3695958383463542,1.8111162018265228,19000.0,5,2024
191,False,Accumulate,1.7055621995749763,60.82235590332213,122.42513474032657,0.9021135333477514,0.38123736495918403,0.9502121909933575,0.3694024736965753,1.8083647417087225,19100.0,5,2024
192,False,Accumulate,1.700808709220523,60.86768022646882,125.27218632808827,0.9230925894288963,0.3412319573484657,0.9501247104122686,0.36928913881812975,1.8043958233339317,19200.0,5,2024
193,False,Accumulate,1.7024652161993565,60.84325479436331,121.97682544024633,0.8988100786479802,0.3870489234672372,0.9500831983145369,0.36923539412784095,1.8055417666166589,19300.0,5,2024
194,False,Accumulate,1.7036528521960472,60.85051997004638,121.36644217981906,0.8943123502940086,0.4698388837527205,0.9499816650943734,0.36910403906792566,1.8054582933092809,19400.0,5,2024
195,False,Accumulate,1.7031326091838566,60.851905561680326,122.09792697164602,0.899702438951414,0.37421792680164356,0.9497212445163348,0.3687677592911208,1.8020155815656909,19500.0,5,2024
196,False,Accumulate,1.7064879188640563,60.84759162883554,120.36027377412196,0.8868982017408414,0.4339903630407097,0.9493885708396953,0.3683394897378001,1.8017151553032438,19600.0,5,2024
197,False,Accumulate,1.7081658509978914,60.8319597005271,120.04914162636736,0.8846055636992799,0.36287682428898776,0.9496524262798217,0.3686790455054114,1.800249668816644,19700.0,5,2024
198,False,Accumulate,1.7054174302671494,60.80388027840059,123.02831469959813,0.9065581827692707,0.37662180742007534,0.9494780094584501,0.36845448535043585,1.8006195561167753,19800.0,5,2024
199,False,Accumulate,1.7037665674921147,60.776034883618294,123.58408461770912,0.9106534820361977,0.33039109901072816,0.9492752586688972,0.3681939498850278,1.8033713374795457,19900.0,5,2024
200,False,Accumulate,1.6975587154621188,60.8031385746945,121.09792032392235,0.8923336945161907,0.3881136447603142,0.9494348702950324,0.36839900605361786,1.8062701044931444,20000.0,5,2024
0,True,Accumulate + Select,1.232595164407831e-32,68.7451084716512,137.5272931478867,1.013396739293318,0.06757404539699463,1.0,0.5,1.7999999999992888,,5,2024
1,True,Accumulate + Select,0.8045770568473184,23.32308298815415,46.90933904223347,0.3456606331710865,0.8550811270138682,0.7125433689712767,0.1953565276846782,1.3821073670648585,100.0,5,2024
2,True,Accumulate + Select,1.183258344809345,15.750254061684481,31.573510474460843,0.23265558297912092,1.0894489177483546,0.6991563918662062,0.18889606452057942,1.2699186594745513,200.0,5,2024
3,True,Accumulate + Select,1.2644815985336948,12.22038914454346,24.190335227435636,0.17825121312854297,1.1852026395334698,0.7481440743376648,0.21351289714840993,1.0689209043421461,300.0,5,2024
4,True,Accumulate + Select,1.4610640453981834,10.11102169488184,20.59590197398043,0.15176492916786027,1.29224296975424,0.8430866516710278,0.271133648860422,0.7520385601923121,400.0,5,2024
5,True,Accumulate + Select,1.4650732281260783,8.522327854575765,17.400349834420524,0.12821787865629747,1.329124889428386,0.7811427815281947,0.2318039607900178,0.7096390573920114,500.0,5,2024
6,True,Accumulate + Select,1.5114669325705616,7.3394827254876205,14.904601926449597,0.10982747240205555,1.4982438145821613,0.8172363274466388,0.25379403099345554,0.6322920927065283,600.0,5,2024
7,True,Accumulate + Select,1.538378313005387,6.475659770821744,13.327547261284224,0.09820663686617877,1.4924765689604298,0.8537947866432072,0.27878848985375193,0.5554402969163319,700.0,5,2024
8,True,Accumulate + Select,1.5348599482065157,5.785017739989399,11.81182469364489,0.08703773887829162,1.4628304182755854,0.9093187249069281,0.32460464277739903,0.4518502313518617,800.0,5,2024
9,True,Accumulate + Select,1.5290035463528364,5.220813885666504,10.20379637913335,0.07518866795340251,1.670945383673481,0.9656828927598362,0.39137772953523287,0.33350363445187486,900.0,5,2024
10,True,Accumulate + Select,1.534637371032128,4.753291834167247,9.549852080957976,0.07036995157877164,1.5588682546005683,0.9512728523157459,0.37078489801081616,0.3289089287353986,1000.0,5,2024
11,True,Accumulate + Select,1.5260655066419977,4.362538155721742,8.923907595260673,0.06575755729495361,1.655685840743414,0.9307989832014804,0.34638601734017277,0.32944924102973194,1100.0,5,2024
12,True,Accumulate + Select,1.5196195544729494,4.032444106675504,8.311767508298187,0.06124688342128519,1.6401950534950176,0.9083292147376254,0.32367124940939856,0.33045111816394884,1200.0,5,2024
13,True,Accumulate + Select,1.51412498682849,3.7521909004150618,7.507536850683216,0.05532075263362883,1.667953035525505,0.8875201212287589,0.30517081602237045,0.32987338092184815,1300.0,5,2024
14,True,Accumulate + Select,1.511957597897006,3.505649116395568,6.950916692108123,0.05121918820366247,1.6587048902379307,0.8703290406915885,0.291248874610903,0.32523160044692817,1400.0,5,2024
15,True,Accumulate + Select,1.5137238376410111,3.292487794336563,6.471532402068808,0.047686751366765784,1.6852150678470672,0.8588843218480919,0.282536746205959,0.31675609626054785,1500.0,5,2024
16,True,Accumulate + Select,1.5126981166648605,3.1041167483596386,6.12102110868761,0.045103940393993805,1.7600144402698572,0.8493701939722822,0.27558865912065933,0.3098984049162185,1600.0,5,2024
17,True,Accumulate + Select,1.512876270784009,2.935730499628208,6.123921507545441,0.04512531254986119,1.6983347280925591,0.8426024730477901,0.2707945616475843,0.30787134814049394,1700.0,5,2024
18,True,Accumulate + Select,1.5140638212573068,2.7854306156823436,5.601793627224506,0.04127791121373231,1.6244808282956416,0.8415478302730939,0.2700579860765645,0.3010987320633175,1800.0,5,2024
19,True,Accumulate + Select,1.515636084891875,2.6500531808423062,5.231885445559896,0.03855217047851886,1.7757934259159551,0.8501528262155247,0.27615078898262063,0.2938158658099021,1900.0,5,2024
20,True,Accumulate + Select,1.5166195991298772,2.5266145751246762,4.999562870577503,0.036840256177273836,1.686528420870302,0.8582676457315782,0.28207862467047135,0.2837774632563177,2000.0,5,2024
21,True,Accumulate + Select,1.5170980744652949,2.4137895941247676,4.814253052909557,0.03547476456695182,1.7652211976320218,0.8594322722589874,0.28294474643047135,0.2798739526408917,2100.0,5,2024
22,True,Accumulate + Select,1.5157595254545368,2.3110790112819863,4.762482049029607,0.03509327980621079,1.849960165729395,0.8562200012509971,0.28056535358131224,0.27942376815754916,2200.0,5,2024
23,True,Accumulate + Select,1.5156896545237015,2.2169865073110264,4.565141472763368,0.03363913719974341,1.7994088060349238,0.8482788692758602,0.2748075327347635,0.27993517549679403,2300.0,5,2024
24,True,Accumulate + Select,1.5173051719038926,2.130005194151752,4.196609962853531,0.03092354073942574,1.8277897548797521,0.841474231114877,0.27000668675346784,0.2789402045154012,2400.0,5,2024
25,True,Accumulate + Select,1.5170155951957602,2.0499922276455425,4.163437322901886,0.030679101658343855,1.7572303026067657,0.835964320660066,0.2662037258625917,0.2790104651236196,2500.0,5,2024
26,True,Accumulate + Select,1.5183949360324518,1.9752940036495281,4.039302231633066,0.029764387976104603,1.7458720139537272,0.8317852801311537,0.263367299343688,0.27625431924831995,2600.0,5,2024
27,True,Accumulate + Select,1.5177747298045379,1.9062071905002274,3.7136947271418874,0.027365085439218565,1.77454410991378,0.8276477272147265,0.2605982024726881,0.27412496574019973,2700.0,5,2024
28,True,Accumulate + Select,1.5190565536960872,1.8421416787282228,3.744505454496972,0.027592120305696466,1.792911868353449,0.8226189217358721,0.25728318257023136,0.27244752497102204,2800.0,5,2024
29,True,Accumulate + Select,1.519084026386365,1.7821368460854707,3.631286303673455,0.02675784286415087,1.786280533340689,0.8173972106151272,0.2538974581285869,0.271707150565714,2900.0,5,2024
30,True,Accumulate + Select,1.5193822766767136,1.7257692335160693,3.6262003321643697,0.026720365889032167,1.872254877817102,0.8125517167423191,0.2508051195628027,0.2697566751408244,3000.0,5,2024
31,True,Accumulate + Select,1.5207377357194545,1.6729949482523683,3.6245408944191384,0.026708137997669038,1.8484144277308205,0.8082341407842711,0.24808834566672863,0.2662774801614603,3100.0,5,2024
32,True,Accumulate + Select,1.5194082016779602,1.623334142422211,3.205909792477475,0.02362337290149097,1.8945211580785766,0.8042253816811527,0.24559744790738347,0.2632232894601613,3200.0,5,2024
33,True,Accumulate + Select,1.5192986311751073,1.5764724701505954,3.0783675808863125,0.022683553187234282,1.7336934536098116,0.8001395497107889,0.24308899842017795,0.2591574710439694,3300.0,5,2024
34,True,Accumulate + Select,1.5189514166839384,1.5323796031226151,3.052219085092447,0.022490872885249178,1.7714444648866878,0.7953540049317288,0.2401887390279027,0.25510911574149747,3400.0,5,2024
35,True,Accumulate + Select,1.5202067419537557,1.4908240454082882,2.9677106793040915,0.021868156180015228,1.7737083400105242,0.7896602650902323,0.2367893952322471,0.25090731335221267,3500.0,5,2024
36,True,Accumulate + Select,1.518898456776202,1.4515872700732764,2.7746035459566727,0.020445208525122324,1.9592129811285792,0.7833589509194857,0.23308991422992073,0.24925330762874787,3600.0,5,2024
37,True,Accumulate + Select,1.5192523598278078,1.4142149925420342,2.8828614047592436,0.0212429277167262,1.8209454956120004,0.7768132714260594,0.22931385022573356,0.2466226975444942,3700.0,5,2024
38,True,Accumulate + Select,1.5192069387907712,1.3787690344267902,2.757949220975467,0.020322487876407624,1.8836051136607794,0.7700285467192536,0.22546888987835664,0.24514223164543114,3800.0,5,2024
39,True,Accumulate + Select,1.520125860594419,1.3449859329521732,2.7268235013655726,0.020093131927934865,1.8539754706989053,0.7631455748438017,0.2216371119394445,0.24303220674878018,3900.0,5,2024
40,True,Accumulate + Select,1.5207967687865431,1.3129245446648807,2.4981173221261352,0.018407865745546977,1.8534924426214439,0.7564382988227835,0.2179672207129224,0.24161492654364958,4000.0,5,2024
41,True,Accumulate + Select,1.5202948738477229,1.2824242922868618,2.5778839124759756,0.018995641456933585,1.9253223545848575,0.7498768129378804,0.21443597143763785,0.2403980537449007,4100.0,5,2024
42,True,Accumulate + Select,1.519621434003065,1.2533020970261624,2.6279695234909375,0.01936470707093863,1.8028564092571924,0.7435847358308233,0.2111024400274251,0.23958311634050317,4200.0,5,2024
43,True,Accumulate + Select,1.5194922748904043,1.2255562640963988,2.4777296661499006,0.018257635317715223,1.9075201827327906,0.7374147562661961,0.20788202552085275,0.2386948855539939,4300.0,5,2024
44,True,Accumulate + Select,1.519954671495363,1.1989397591761994,2.2826791302618354,0.016820367321363206,1.8929565723680486,0.7313885807388922,0.20478147575368671,0.237843076279071,4400.0,5,2024
45,True,Accumulate + Select,1.5200452375513138,1.1734313215758703,2.237293341719551,0.0164859332678292,1.9576437244263465,0.7255328977289093,0.20180976792703306,0.23702178969272894,4500.0,5,2024
46,True,Accumulate + Select,1.5201408102980443,1.1490626329904803,2.333680629021166,0.017196181833223044,1.8834930339637437,0.7190108952565794,0.19854617340424818,0.23637561754189668,4600.0,5,2024
47,True,Accumulate + Select,1.5200800110786314,1.1256235018086471,2.229630677271137,0.016429469427171977,1.804737998866882,0.713900333670081,0.19602197095351137,0.2356292268431462,4700.0,5,2024
48,True,Accumulate + Select,1.5208634296346826,1.1032143151502822,2.2320923125548164,0.016447608467886808,1.9037880311685345,0.7075769195493018,0.192937850598863,0.23503769873226435,4800.0,5,2024
49,True,Accumulate + Select,1.5210134109099673,1.0817272270059086,2.209832285312734,0.01628358110642737,1.9135584222225448,0.7018165038758373,0.19016500208561465,0.2347630840794577,4900.0,5,2024
50,True,Accumulate + Select,1.5214112084589144,1.0609980200968534,2.112614316225396,0.015567211499938527,1.8851563899325634,0.6962836190909399,0.1875337343997056,0.23402723873192563,5000.0,5,2024
51,True,Accumulate + Select,1.521100175515801,1.0411129892653483,2.0772087774171872,0.015306318867211588,1.8441551830426293,0.6909238970067912,0.185014035837946,0.23377571696874444,5100.0,5,2024
52,True,Accumulate + Select,1.521755893955355,1.0219331483053755,1.946623974339325,0.014344079222910125,1.803420693432813,0.6857335526636197,0.18260073570141802,0.2328228233246734,5200.0,5,2024
53,True,Accumulate + Select,1.5219176393763965,1.0034994783516074,2.028824860693155,0.014949792520185707,1.988099041095344,0.6807659512934586,0.180315131729158,0.23231231712773484,5300.0,5,2024
54,True,Accumulate + Select,1.5226402095321383,0.9856980095880459,1.9739175270685243,0.014545197100724808,1.8578085937959612,0.6760763755040006,0.17817865881488493,0.23147909274220105,5400.0,5,2024
55,True,Accumulate + Select,1.522341542881022,0.9685443174521498,1.9553094739674106,0.01440808002450207,1.9213476045837656,0.6716549708760329,0.1761828644697351,0.23088496566553823,5500.0,5,2024
56,True,Accumulate + Select,1.5224894974501313,0.9520367340996162,2.0299691341240447,0.014958224322609657,1.8450974409827208,0.6674183998221166,0.17428705187856092,0.22988563552292451,5600.0,5,2024
57,True,Accumulate + Select,1.5226374058417746,0.9360287489385469,1.7917812730929108,0.013203090514743315,1.7882789987282166,0.6634786755675005,0.1725383664484184,0.2288328540182713,5700.0,5,2024
58,True,Accumulate + Select,1.5228535016801648,0.9206226641804129,1.7576565251044212,0.012951635639502261,1.8888722330013699,0.6599064614482927,0.1709645279816931,0.22801671008638774,5800.0,5,2024
59,True,Accumulate + Select,1.5227246841468898,0.9056687973490349,1.7485784233837474,0.012884741872656933,1.9166277330095238,0.6567715378752664,0.16959241101257394,0.22682608400963875,5900.0,5,2024
60,True,Accumulate + Select,1.5229034910842603,0.8911998988816265,1.7872803945696991,0.013169924911647547,1.9094205378413978,0.6541105906144447,0.16843431462541816,0.2253844572902998,6000.0,5,2024
61,True,Accumulate + Select,1.5229255667922115,0.8772707225983212,1.8380441947580706,0.013543987895129046,1.8947255807831014,0.6518243848408756,0.16744408015695417,0.22374582682332156,6100.0,5,2024
62,True,Accumulate + Select,1.5232985134400892,0.8636714197865247,1.751751661032445,0.012908124494481206,1.8449092632985542,0.6500367070069815,0.16667281912041934,0.221921915236401,6200.0,5,2024
63,True,Accumulate + Select,1.523671796629096,0.8505792312528384,1.7596782264094082,0.012966532940709926,1.9383101901550337,0.6486064458986214,0.16605766949540246,0.21996273911779607,6300.0,5,2024
64,True,Accumulate + Select,1.5235303488140468,0.8378715795985763,1.775949559727294,0.013086431440497665,1.901691046525127,0.6474141706972472,0.16554616752771775,0.21815033800840994,6400.0,5,2024
65,True,Accumulate + Select,1.5237791932325084,0.8254684111565269,1.5802330660382176,0.01164425620392733,1.8430433085453428,0.6464326287066254,0.1651259498992815,0.21609179536665923,6500.0,5,2024
66,True,Accumulate + Select,1.5240332282525793,0.8134914585215549,1.6255041827209262,0.011977845275451416,1.984337440197137,0.6455131312474508,0.16473301050672529,0.21406094083378344,6600.0,5,2024
67,True,Accumulate + Select,1.5243203225755224,0.801845027243947,1.6219284504837927,0.011951496793584617,1.84300639421558,0.6445041779000996,0.16430263677705986,0.21209161536225862,6700.0,5,2024
68,True,Accumulate + Select,1.5247630662955578,0.7905750457365527,1.5868446680866124,0.011692975085859685,1.8459245402726574,0.643383838559388,0.16382572055734532,0.21005575649678557,6800.0,5,2024
69,True,Accumulate + Select,1.5247506239793054,0.779589600222959,1.4782737661171623,0.010892949174496317,1.812883776674584,0.6422737782133338,0.16335418250171868,0.20801879689294245,6900.0,5,2024
70,True,Accumulate + Select,1.5249388056718867,0.768898983872095,1.5466143431833972,0.011396530073786418,1.9379992868979585,0.6411646538155512,0.16288403464339388,0.20622512938174323,7000.0,5,2024
71,True,Accumulate + Select,1.5247955909921929,0.7584771213247952,1.5236238469991419,0.011227120109156297,1.9127556799577277,0.6401995671842372,0.1624757473033447,0.20445282463008957,7100.0,5,2024
72,True,Accumulate + Select,1.5248652509237168,0.748361052525931,1.4479206369081894,0.010669286209395673,1.8618466551076496,0.6393466308190402,0.1621155267824616,0.20271724523352636,7200.0,5,2024
73,True,Accumulate + Select,1.5250474715571996,0.7384904069406435,1.5434633534208944,0.011373311389859924,1.9338121548340084,0.6386514591738044,0.16182236456980045,0.20083870936497433,7300.0,5,2024
74,True,Accumulate + Select,1.5252365583384613,0.7289213318339909,1.4281624310031202,0.010523694007439426,1.9114058581789557,0.6380884103454528,0.16158520218677797,0.19915196672156513,7400.0,5,2024
75,True,Accumulate + Select,1.5252435027264932,0.7195787883649968,1.454399516851808,0.010717027102558426,1.9562678285120865,0.6376626721072446,0.16140604380613416,0.19710401547133408,7500.0,5,2024
76,True,Accumulate + Select,1.5253542313832944,0.7105007547010793,1.4931605690966254,0.011002645491878696,1.9046009975160418,0.6373968040377681,0.16129423464779433,0.19509876406856044,7600.0,5,2024
77,True,Accumulate + Select,1.5254710922547368,0.7016022651767794,1.4202578081523038,0.010465447249003288,1.9541924269192874,0.6373165146217629,0.16126048045135127,0.19319970607526576,7700.0,5,2024
78,True,Accumulate + Select,1.5252834681845804,0.6929418616041919,1.3700259429193113,0.010095303932207278,1.8944822022900252,0.6372818032747174,0.16124588915526228,0.19152114884175453,7800.0,5,2024
79,True,Accumulate + Select,1.5255512842679197,0.6844990248042601,1.3868909175841795,0.01021957679428756,1.9843391446569703,0.6372339422460531,0.16122577181154513,0.18979913427540185,7900.0,5,2024
80,True,Accumulate + Select,1.5255463543343357,0.6763126674466565,1.360070759344505,0.010021947216293974,1.952144295791406,0.637130256775691,0.16118219609953688,0.18829433068295887,8000.0,5,2024
81,True,Accumulate + Select,1.5255666515981394,0.6682687711266755,1.275027784221575,0.00939529143243654,1.952606144142949,0.6369748712539198,0.1611169084342988,0.18683427580342296,8100.0,5,2024
82,True,Accumulate + Select,1.5253912032887964,0.6604458978378636,1.314033933410605,0.00968271586649448,1.9098794270540893,0.6367227504051249,0.1610110165540339,0.1853402021325524,8200.0,5,2024
83,True,Accumulate + Select,1.525384874517379,0.6527991405097441,1.2924405661462912,0.009523600919380036,1.8858761661478909,0.6363879627764066,0.16087048193296097,0.18400920491966433,8300.0,5,2024
84,True,Accumulate + Select,1.5254977853360483,0.645306424557962,1.3095850180592348,0.009649933164186638,1.8577138542913365,0.636134792446159,0.16076426679038164,0.18252212597270503,8400.0,5,2024
85,True,Accumulate + Select,1.5256590392486855,0.6379913206808167,1.2449090078321792,0.009173355341891249,1.8795611898245534,0.6359232310383153,0.1606755470572962,0.18113747773323144,8500.0,5,2024
86,True,Accumulate + Select,1.525688892581088,0.6308542129490278,1.2839379086972942,0.00946094742612124,1.880000060143058,0.6357595964228033,0.16060694996012417,0.17976910247580738,8600.0,5,2024
87,True,Accumulate + Select,1.525754710645373,0.6238709825092028,1.2206351177941335,0.008994488438809923,1.9985451046170613,0.6356143524886813,0.16054608007809423,0.1782677046882624,8700.0,5,2024
88,True,Accumulate + Select,1.5256871812784134,0.6170708466461552,1.2692997984355205,0.00935308364963619,1.9248376985193958,0.6354366168953526,0.16047161596132778,0.17699194037427934,8800.0,5,2024
89,True,Accumulate + Select,1.525673433832675,0.610385186361053,1.2075746251487507,0.008898249646076885,1.852923547439005,0.635323802041329,0.1604243639433609,0.1756966044867607,8900.0,5,2024
90,True,Accumulate + Select,1.5255415598739293,0.6038404563207939,1.2034571368902345,0.008867909129080219,1.9575432914341901,0.6352405742859212,0.1603895107738809,0.17426562205487192,9000.0,5,2024
91,True,Accumulate + Select,1.5256602249838527,0.5974354754478562,1.1232692893305574,0.008277029301608133,1.9485814529675678,0.6350649949345452,0.16031600152666128,0.17291947826801043,9100.0,5,2024
92,True,Accumulate + Select,1.5257621058374322,0.591166394716554,1.2590278493315654,0.009277392785009476,1.9324362813237235,0.6348306438715396,0.16021792427064857,0.17164036559929838,9200.0,5,2024
93,True,Accumulate + Select,1.5259187478846485,0.5850333048196628,1.2492984167982195,0.009205699559768254,1.9430593136640932,0.634643479738091,0.1601396259981755,0.1702819586258099,9300.0,5,2024
94,True,Accumulate + Select,1.5260347886275307,0.5790135954352879,1.154921666075108,0.008510266026112837,1.936657673327911,0.634492575577738,0.16007651675114143,0.16893057506412115,9400.0,5,2024
95,True,Accumulate + Select,1.525891727288622,0.5731241235656261,1.091463664767683,0.008042663340601797,1.8352239843106783,0.6343169041619655,0.1600030721558875,0.16778354404503773,9500.0,5,2024
96,True,Accumulate + Select,1.5258792441156934,0.5673834336791844,1.1181593890148243,0.008239376002400756,1.888542821783113,0.6340725529600504,0.15990095418896208,0.16661712387467922,9600.0,5,2024
97,True,Accumulate + Select,1.5259051583516656,0.561714845016962,1.1284550073766546,0.008315241278580285,1.9305276116781396,0.6338706641673795,0.15981661717662116,0.16533531060100393,9700.0,5,2024
98,True,Accumulate + Select,1.5259880214170922,0.5561624651216508,1.0400073265956444,0.00766349725563098,1.9451684024772453,0.633741688006375,0.15976275538660686,0.1640736739165134,9800.0,5,2024
99,True,Accumulate + Select,1.5260300931456459,0.5507301875867401,1.1167457574600084,0.008228959381994565,1.9820989909748863,0.6335513983645007,0.15968331221372076,0.16283601563248642,9900.0,5,2024
100,True,Accumulate + Select,1.5260607944490674,0.5454166391762367,1.088313899401279,0.008019453678877268,1.9769420714365995,0.6332639842730694,0.15956337466054796,0.16163625574068263,10000.0,5,2024
101,True,Accumulate + Select,1.5260100588581305,0.5401968912227415,1.0818987494316747,0.007972182392484073,1.9744922244571268,0.6328972145781535,0.15941041581219154,0.16045178586352787,10100.0,5,2024
102,True,Accumulate + Select,1.5262850782557504,0.5350802845404952,1.148057104443343,0.008459683162049423,1.9748735773121364,0.6324243897942762,0.1592133822287341,0.1592532647872468,10200.0,5,2024
103,True,Accumulate + Select,1.5262510328015566,0.5300603884054291,1.0119662249645667,0.007456870917624244,1.9074608414428222,0.6318373649450868,0.1589690019190468,0.1582330096684857,10300.0,5,2024
104,True,Accumulate + Select,1.5263417857805675,0.5251245285943943,1.032183189090321,0.007605843569193982,2.0014347994530017,0.6311767999203736,0.15869432684782173,0.1571648916032476,10400.0,5,2024
105,True,Accumulate + Select,1.5262218975835697,0.5202844977039887,1.0185657042578318,0.007505500470666031,1.9693496826179997,0.6304500516650251,0.15839252247084912,0.15628960604382158,10500.0,5,2024
106,True,Accumulate + Select,1.5262344961509031,0.5155534756107331,1.0668208207636174,0.007861077728109738,2.0045177700892696,0.6296215041400257,0.15804894117812363,0.15534569521827196,10600.0,5,2024
107,True,Accumulate + Select,1.5261894863938967,0.5108935718064354,0.9838295992050532,0.007249540691406922,1.9523228153570151,0.628691435947291,0.15766389210666137,0.15450981194479965,10700.0,5,2024
108,True,Accumulate + Select,1.5262546700343396,0.506329304151258,1.0639264405722784,0.007839749921962751,1.8953629381509507,0.6277161455784817,0.1572608353334048,0.15361560950656253,10800.0,5,2024
109,True,Accumulate + Select,1.5264719030418152,0.5018361636599394,0.984042515968866,0.007251109610195695,1.970471711286029,0.6266882818639631,0.1568368404632141,0.1528401096389695,10900.0,5,2024
110,True,Accumulate + Select,1.5264585631006746,0.49742022591913765,0.9598859906921587,0.0070731075322972535,1.902667205760976,0.625634271429417,0.15640289777685065,0.1521408330176459,11000.0,5,2024
111,True,Accumulate + Select,1.5265105895346696,0.4930783371773608,0.9855218557196098,0.007262010414286259,2.0172936005052646,0.6245415705857976,0.1559539183111732,0.15140933343187057,11100.0,5,2024
112,True,Accumulate + Select,1.526682202125031,0.4888151534250103,1.0727555534219897,0.007904808965647474,1.8750158636943108,0.6234167811723057,0.15549269926422438,0.15073828630510286,11200.0,5,2024
113,True,Accumulate + Select,1.5267610846209472,0.48462374115846013,0.945119179019692,0.0069642953943128,2.0075726023031972,0.6222578139213956,0.15501846491372306,0.15004061832055232,11300.0,5,2024
114,True,Accumulate + Select,1.526781034772403,0.4805041894226529,0.9554407429134899,0.007040351855215689,1.963652466843762,0.6210908782036075,0.15454199073272953,0.14945281865880045,11400.0,5,2024
115,True,Accumulate + Select,1.5268247056220237,0.4764581529596967,0.9729294403170712,0.007169220740202895,1.9574510039827864,0.6198885387428156,0.15405212788670128,0.14884545232021523,11500.0,5,2024
116,True,Accumulate + Select,1.52696645984091,0.47247381647753295,0.8994897508341674,0.00662806603444817,1.9704170980895919,0.6186589151015727,0.15355226451081552,0.14826944511873436,11600.0,5,2024
117,True,Accumulate + Select,1.5270890718818813,0.4685542890687529,0.9642422537065631,0.007105207507751249,1.8561289154680245,0.6174039080527038,0.1530432409968777,0.14769591116144273,11700.0,5,2024
118,True,Accumulate + Select,1.5272241311882575,0.46470240093779136,0.9304077585837625,0.006855891417480997,1.9706901793792289,0.616161388082343,0.15254043050835756,0.14711532500615943,11800.0,5,2024
119,True,Accumulate + Select,1.5273689897692289,0.4609151160452478,0.978855479469058,0.007212887917939683,1.8607535722876747,0.6149441803048628,0.15204896649949057,0.14661252181163323,11900.0,5,2024
120,True,Accumulate + Select,1.5274735496050798,0.4572049890897429,0.9345039057673735,0.006886074678596107,1.9503800498059285,0.6137110074924201,0.15155216551165065,0.14625948752680995,12000.0,5,2024
121,True,Accumulate + Select,1.5276042834099832,0.45354306212883444,0.9949673026343177,0.007331611035991508,1.9429829050098304,0.6124240893989494,0.15103489801911738,0.14573719792711548,12100.0,5,2024
122,True,Accumulate + Select,1.5279061370906644,0.4499540432226544,0.9317147781939931,0.006865522446936189,1.9041741030345625,0.6111060801464973,0.15050638348387374,0.14513900077533415,12200.0,5,2024
123,True,Accumulate + Select,1.528018004092375,0.4464109572302951,0.9270829064131365,0.006831391594418811,1.922713602969051,0.6098205080392742,0.14999208938246353,0.14473120556221097,12300.0,5,2024
124,True,Accumulate + Select,1.5281733980962866,0.44292065613025267,0.9458804987125512,0.006969905327269698,1.9822212982498646,0.6085278874261009,0.1494761785292102,0.144261805950599,12400.0,5,2024
125,True,Accumulate + Select,1.5281722487413236,0.4394869876070199,0.8746761352180022,0.0064452220579550145,1.9773622562680222,0.6072225735182923,0.1489564205602858,0.14381373992752136,12500.0,5,2024
126,True,Accumulate + Select,1.5280934443021974,0.4361001926002484,0.8603884144839263,0.0063399401951884995,1.9345557037924932,0.6058919569258577,0.148427842969338,0.14343850893880425,12600.0,5,2024
127,True,Accumulate + Select,1.5283114568849725,0.4327734389726964,0.8497131889784393,0.006261277709576656,1.9566513945856758,0.6045435967853009,0.14789350449535957,0.1430636978591933,12700.0,5,2024
128,True,Accumulate + Select,1.528373387213454,0.42951343548432935,0.839932560922193,0.006189207240118768,1.9175806150952308,0.603175814383318,0.14735278783571396,0.1426850141137416,12800.0,5,2024
129,True,Accumulate + Select,1.528445301629872,0.4262968773232112,0.8075784136972876,0.005950799382668409,1.956764589237272,0.6017921630566163,0.14680714323766372,0.14233901397457172,12900.0,5,2024
130,True,Accumulate + Select,1.5285360445744034,0.4231080933132065,0.8655281621877414,0.006377813430708634,2.001029942577239,0.6004190597601521,0.14626699024112358,0.14196692666666183,13000.0,5,2024
131,True,Accumulate + Select,1.5285826512033498,0.41997674721309736,0.7984599494569619,0.005883608196708164,1.9572433069433102,0.5990179306040047,0.1457171742511325,0.1416215042215059,13100.0,5,2024
132,True,Accumulate + Select,1.528721780205022,0.4168915990951588,0.7197598737922238,0.005303691307229208,1.9002929095112022,0.5975477693097533,0.145141741848928,0.1411485526491565,13200.0,5,2024
133,True,Accumulate + Select,1.528739275901722,0.41385937662799877,0.8458734469402986,0.0062329838198903744,1.9486841381131366,0.5960517971261229,0.14455774767032115,0.14083378610675693,13300.0,5,2024
134,True,Accumulate + Select,1.5288144132772246,0.4108605450334065,0.8092373783524358,0.005963023787974796,1.890243356902825,0.5945491972213044,0.1439727235565524,0.14042661203687176,13400.0,5,2024
135,True,Accumulate + Select,1.5289105848862643,0.4079171490342561,0.8191605983335244,0.0060361449739005,1.9299439025852405,0.5930205346158537,0.143379146419419,0.1400438776066865,13500.0,5,2024
136,True,Accumulate + Select,1.5289100097816937,0.4050109095670755,0.8421026047688094,0.006205197632338004,1.8471914181604554,0.5914846714169465,0.14278438513791572,0.13969946267746633,13600.0,5,2024
137,True,Accumulate + Select,1.5289861355348504,0.40214539375621794,0.7292121389248908,0.005373342170306112,1.9167529402206331,0.5899385959977209,0.1421872933530353,0.13931458581997888,13700.0,5,2024
138,True,Accumulate + Select,1.5290196831842575,0.3993180425603046,0.7668953134966018,0.00565101800732072,1.9366040112915792,0.5884000226652786,0.14159470905437016,0.13899288332396856,13800.0,5,2024
139,True,Accumulate + Select,1.529159205483507,0.3965258662735376,0.8229093706620785,0.006063768535501648,1.9737171978544437,0.5868433162887943,0.14099676797675673,0.13863044772521865,13900.0,5,2024
140,True,Accumulate + Select,1.5292167793092586,0.39378207638695856,0.7360668740403205,0.005423852625763313,1.8687102736778651,0.5852842282989041,0.1403995449954608,0.13831241513121045,14000.0,5,2024
141,True,Accumulate + Select,1.5292257408677803,0.3910712618484048,0.7286508123804499,0.00536920592595203,1.9370806124522306,0.5837235949205126,0.13980335903243263,0.1380194623611512,14100.0,5,2024
142,True,Accumulate + Select,1.5291737879857548,0.3884081957311718,0.8352540346627737,0.006154732604957474,1.909545577080386,0.5821548963488801,0.1392057269163819,0.13772308162967964,14200.0,5,2024
143,True,Accumulate + Select,1.5291436435098362,0.38577830319293627,0.7371600306621313,0.0054319077639887765,1.9593059898869944,0.5805932453735303,0.13861240032539057,0.13748439968660395,14300.0,5,2024
144,True,Accumulate + Select,1.5291668970400532,0.38318777578347846,0.726217128224147,0.005351272848582324,1.9324663087913398,0.5790226983379014,0.1380173171112248,0.13717018621799895,14400.0,5,2024
145,True,Accumulate + Select,1.529320788989661,0.38062107246713506,0.8566726853407125,0.006312560118756828,2.033686112537933,0.5774683329711303,0.137429960725515,0.13674144984468747,14500.0,5,2024
146,True,Accumulate + Select,1.5294547299168428,0.37809678902140686,0.7723557388162474,0.005691254218529597,1.9810530196148348,0.5759151236751409,0.13684461957119193,0.1364541229797904,14600.0,5,2024
147,True,Accumulate + Select,1.529518500684545,0.37559790405680443,0.7820275261299462,0.005762522673703082,1.940920916865069,0.574389262533061,0.13627111435887776,0.1361745464879473,14700.0,5,2024
148,True,Accumulate + Select,1.5294935685652644,0.3731499407956619,0.709328755955072,0.005226827576682379,1.9304365521862041,0.5728624430003224,0.1356987596439052,0.1359735912337996,14800.0,5,2024
149,True,Accumulate + Select,1.5295533004634276,0.37071785998842766,0.7157128215628034,0.005273869811879669,1.92539458001335,0.5713632801988779,0.1351382365568238,0.13571807707214878,14900.0,5,2024
150,True,Accumulate + Select,1.529516946607136,0.36831986159711383,0.7637671428225314,0.005627967470307336,1.9157254063389377,0.5698927437382478,0.1345898199658485,0.13541628118051177,15000.0,5,2024
151,True,Accumulate + Select,1.5296026199458634,0.36595305478627493,0.7634276061774388,0.005625465528175475,1.9479988219698434,0.568439487244993,0.13404920747127907,0.13510919731413829,15100.0,5,2024
152,True,Accumulate + Select,1.5297018560525621,0.36362059437904104,0.7152842201241266,0.0052707115784085545,1.9872643302127886,0.5669896361517653,0.13351120326228916,0.1347827106685126,15200.0,5,2024
153,True,Accumulate + Select,1.5297816785469305,0.3613118970374935,0.7371717617455289,0.005431994206769634,1.9016813463079179,0.565560441132092,0.13298217013098212,0.13445504422156943,15300.0,5,2024
154,True,Accumulate + Select,1.5298482148799033,0.3590329208872266,0.6812653774892596,0.005020037087464889,1.8908648381067374,0.5641557337034819,0.1324634599596645,0.13418644272055222,15400.0,5,2024
155,True,Accumulate + Select,1.5299205587780307,0.3567898829369962,0.7301416471243304,0.00538019143314622,1.9873944694994212,0.5627683841057328,0.1319523793600278,0.13390536185620658,15500.0,5,2024
156,True,Accumulate + Select,1.5299664401063364,0.35456394186157536,0.6377724678398455,0.004699551082016505,1.9320505848959115,0.5613890855509318,0.13144546185952227,0.13358606847831936,15600.0,5,2024
157,True,Accumulate + Select,1.529948098312281,0.352371357260851,0.7341229349803856,0.00540952833085696,1.8967497885237554,0.5600359818965575,0.13094932703171525,0.13326498025009148,15700.0,5,2024
158,True,Accumulate + Select,1.5299786940190805,0.35020961738523515,0.7255800501077269,0.005346578413964455,1.8817659282708292,0.558691507988387,0.13045748578562225,0.13292794704460326,15800.0,5,2024
159,True,Accumulate + Select,1.5300221055882746,0.3480707029030085,0.6716810943196486,0.004949413423679816,1.8783257935634192,0.5573629770062057,0.1299725786245711,0.13261583878212008,15900.0,5,2024
160,True,Accumulate + Select,1.5300929260771876,0.34595717588565766,0.698790672904521,0.005149175652054248,1.8826954681184542,0.5560678872864361,0.12950092778667327,0.1323072376023014,16000.0,5,2024
161,True,Accumulate + Select,1.5301256859623957,0.3438727313201225,0.6214288359145369,0.004579119835809196,1.9399655889316278,0.5547841642173097,0.12903443634093836,0.1320166641354723,16100.0,5,2024
162,True,Accumulate + Select,1.530206578129319,0.34180933527074475,0.662923250695065,0.004884879541210027,2.003271871946593,0.5535293593297247,0.12857943139256997,0.131633299123625,16200.0,5,2024
163,True,Accumulate + Select,1.5302163854349236,0.339772759339136,0.6991628252124436,0.005151917929072407,1.9818243130303084,0.5522984736224306,0.12813403595835934,0.131329432754567,16300.0,5,2024
164,True,Accumulate + Select,1.5302043558497578,0.33776148614459656,0.7018058213209893,0.005171393362472272,1.8943484917649818,0.5510832258667545,0.12769520570305193,0.1309915657078116,16400.0,5,2024
165,True,Accumulate + Select,1.5303264536400465,0.33577375704904,0.6738081234896206,0.004965086853846971,1.9306292808854715,0.5499046552174025,0.12727047735694338,0.13062755251295907,16500.0,5,2024
166,True,Accumulate + Select,1.530302769411738,0.333808000358226,0.7324044863870439,0.0053968656065258485,1.9342293946993416,0.5487622096417362,0.12685957121175495,0.1302870634911508,16600.0,5,2024
167,True,Accumulate + Select,1.530313836788528,0.3318705843538095,0.6321368410963859,0.004658023864873106,1.860291466972962,0.5476236644734779,0.12645085259695918,0.1299866976330368,16700.0,5,2024
168,True,Accumulate + Select,1.5302600735735905,0.32995634590973827,0.6845979735423395,0.005044593972838481,1.954116092468724,0.546499490718407,0.12604805934782537,0.12963116570091324,16800.0,5,2024
169,True,Accumulate + Select,1.5302523862424426,0.3280676989802452,0.6383499649815128,0.004703806482576796,1.992488646040734,0.5454146042914724,0.1256600626656305,0.12929892831802972,16900.0,5,2024
170,True,Accumulate + Select,1.5302926635584744,0.32619377044728015,0.6117579774773768,0.004507858225244036,1.9951511108467463,0.5443590389337779,0.12528322904322564,0.12896404964520855,17000.0,5,2024
171,True,Accumulate + Select,1.5302318299748132,0.3243410645233941,0.6275435312865638,0.004624177163776239,2.0489336966412197,0.5433269734595969,0.1249154283778176,0.12863990943912296,17100.0,5,2024
172,True,Accumulate + Select,1.530232907793904,0.32251169024138227,0.6172531352673621,0.004548350369449079,2.009137673390096,0.542319819151392,0.12455711722999684,0.1283050198098984,17200.0,5,2024
173,True,Accumulate + Select,1.5301663955259082,0.320704285381965,0.6342925448523486,0.004673908589331588,1.8958307640404848,0.5413052159330666,0.12419676550443523,0.12797111513450526,17300.0,5,2024
174,True,Accumulate + Select,1.5302034449568072,0.3189193583429092,0.6445626991305636,0.004749586228434036,1.9116321648312193,0.540303425826999,0.12384156319826485,0.12762828586911587,17400.0,5,2024
175,True,Accumulate + Select,1.5302416845926325,0.31714647135599916,0.6081991941158134,0.004481634634479535,1.9578262968648907,0.5393610143575623,0.1235079562681226,0.12724244480648655,17500.0,5,2024
176,True,Accumulate + Select,1.5302068094360155,0.315401764236025,0.6346957270079432,0.004676879515847107,2.0051155751371583,0.5384402986116406,0.12318253533762384,0.12691875927417812,17600.0,5,2024
177,True,Accumulate + Select,1.5302608989809887,0.3136722244280916,0.6234682754723084,0.004594147844799448,1.9287878283354882,0.537516792811765,0.1228566293509152,0.1265827732080473,17700.0,5,2024
178,True,Accumulate + Select,1.5302796776836118,0.3119618073491136,0.6018135211330498,0.004434580555025158,2.0354501380748475,0.5366266437925525,0.12254296887321445,0.12623987232977357,17800.0,5,2024
179,True,Accumulate + Select,1.5303307201273126,0.3102666097213916,0.5911483074560924,0.004355991843528649,2.0397565988290385,0.535769097673319,0.1222412355573121,0.12583201680280065,17900.0,5,2024
180,True,Accumulate + Select,1.5303901419871497,0.30859024231081145,0.5807857528204455,0.004279633334332798,1.9930706464825116,0.5349212221655252,0.12194332746991858,0.1254150460431025,18000.0,5,2024
181,True,Accumulate + Select,1.5304379296173656,0.30693988580327547,0.6360777868262228,0.00468706349374193,1.9713529683586901,0.5340378768100252,0.12163340268818656,0.12505655682368386,18100.0,5,2024
182,True,Accumulate + Select,1.5305158012328166,0.30529883826405224,0.552765922973987,0.004073163741628603,1.8943118025159917,0.5331926150647429,0.1213372648204363,0.12468443305245505,18200.0,5,2024
183,True,Accumulate + Select,1.5305034104982134,0.30368056235640495,0.6285519557600558,0.004631607936605902,1.9861250486387119,0.532365209277947,0.1210477846406888,0.1243121466840458,18300.0,5,2024
184,True,Accumulate + Select,1.5305228047840538,0.30208496217015063,0.6231290722381517,0.004591648359471233,2.0302308057224723,0.5315157265848129,0.1207509932719422,0.1239940290469256,18400.0,5,2024
185,True,Accumulate + Select,1.5305748426188017,0.30050150954936095,0.6014282982617087,0.004431741965005805,1.98913742585732,0.5306791555568031,0.12045912081149883,0.12363758677972397,18500.0,5,2024
186,True,Accumulate + Select,1.5306345602832698,0.29893544358747776,0.5882536804432799,0.004334662218629392,1.9064739335404908,0.5298756466471262,0.12017916370474262,0.12328043243353501,18600.0,5,2024
187,True,Accumulate + Select,1.530673947383366,0.2973892945331297,0.6106478007421334,0.004499677670986161,2.0003438545529546,0.5290752411140887,0.11990065757137153,0.12297834570718122,18700.0,5,2024
188,True,Accumulate + Select,1.5306470251949633,0.2958535050214531,0.5814030498153104,0.004284182007890264,1.942251322226804,0.5282840152262502,0.11962570750413248,0.12265375165107267,18800.0,5,2024
189,True,Accumulate + Select,1.53062697199809,0.2943302351930088,0.6026022161733975,0.004440392208580541,1.921849912406528,0.5275189973853727,0.11936020622522943,0.12232297904355058,18900.0,5,2024
190,True,Accumulate + Select,1.530701387802313,0.29282791640910755,0.5815682522598347,0.004285399334391587,1.9326052514898135,0.5267506697131322,0.11909389357543076,0.1219801566073508,19000.0,5,2024
191,True,Accumulate + Select,1.5307449793507226,0.2913418290728155,0.6087829939726812,0.0044859364778286484,2.0604726592849256,0.5259789974053236,0.1188267612460999,0.12170126983839154,19100.0,5,2024
192,True,Accumulate + Select,1.5308320109297167,0.2898663539093087,0.6001777034729202,0.00442252671287565,1.911092207651894,0.5252417272116167,0.11857185535457695,0.12138370796246643,19200.0,5,2024
193,True,Accumulate + Select,1.5308990496912724,0.2884115049242489,0.5776685763406484,0.004256663810188733,1.9365577604498716,0.5245158076006843,0.11832117628441903,0.12107479246423389,19300.0,5,2024
194,True,Accumulate + Select,1.530954256354156,0.28697071891157044,0.544103383273162,0.004009332124748198,1.9754007099040185,0.523782219960481,0.11806815356729619,0.12074771985646035,19400.0,5,2024
195,True,Accumulate + Select,1.531009399568245,0.2855439711839918,0.5756539090231769,0.004241818340292871,1.9236138115189365,0.5230396354337812,0.11781233874463798,0.12042582052456142,19500.0,5,2024
196,True,Accumulate + Select,1.531099804937081,0.2841291378297286,0.5429951678491679,0.004001166022795602,1.956526181300652,0.522329464977823,0.11756798254228197,0.12010481900152252,19600.0,5,2024
197,True,Accumulate + Select,1.531208755797124,0.2827303769087296,0.576991346603529,0.0042516735105061,1.9859921211627332,0.5216282427860686,0.11732698510337976,0.1197741042287864,19700.0,5,2024
198,True,Accumulate + Select,1.531159889107648,0.2813462063423105,0.5362729393230935,0.003951631968040501,1.9994704375328767,0.5209361317489064,0.11708939121184893,0.11950952568153142,19800.0,5,2024
199,True,Accumulate + Select,1.5311669135850925,0.27997511832141647,0.5486750559879531,0.004043019388681355,1.941987273483724,0.5202379486654616,0.11684998639626072,0.11923343615894036,19900.0,5,2024
200,True,Accumulate + Select,1.5312144518809438,0.27861418467378707,0.5363913293111299,0.0039525043478066905,1.949862523367314,0.5195486153721735,0.11661388523518533,0.1189496360426222,20000.0,5,2024
